scene,mode,t,feature,q,x,width,true_measure
translation,Full,0,0,22.099999999999998,22.100045381322097,4.68,78
translation,Full,0,1,38.199999999999996,38.200083256491766,4.859999999999999,81
translation,Full,0,2,59.199999999999996,59.20004326850997,5.46,91
translation,Full,1,0,23.099999999999998,23.10002991637283,4.68,78
translation,Full,1,1,39.199999999999996,39.20005953651629,4.859999999999999,81
translation,Full,1,2,60.19999999999999,60.20001991738617,5.46,91
translation,Full,2,0,24.099999999999998,24.100023565358608,4.68,78
translation,Full,2,1,40.199999999999996,40.20005226832991,4.859999999999999,81
translation,Full,2,2,61.19999999999999,61.20001268957925,5.46,91
translation,Full,3,0,25.099999999999998,25.100021315343163,4.68,78
translation,Full,3,1,41.199999999999996,41.20004991642517,4.859999999999999,81
translation,Full,3,2,62.19999999999999,62.2000103419634,5.46,91
translation,Full,4,0,26.099999999999998,26.10002055052002,4.68,78
translation,Full,4,1,42.199999999999996,42.200049140287355,4.859999999999999,81
translation,Full,4,2,63.199999999999996,63.20000956623662,5.46,91
translation,Full,5,0,27.1,27.100020293919574,4.68,78
translation,Full,5,1,43.199999999999996,43.20004888243185,4.859999999999999,81
translation,Full,5,2,64.2,64.200009308405,5.46,91
translation,Full,6,0,28.1,28.100020208197392,4.68,78
translation,Full,6,1,44.199999999999996,44.20004879657093,4.859999999999999,81
translation,Full,6,2,65.2,65.20000922253948,5.46,91
translation,Full,7,0,29.1,29.10002017960093,4.68,78
translation,Full,7,1,45.199999999999996,45.200048767959295,4.859999999999999,81
translation,Full,7,2,66.2,66.20000919392491,5.46,91
translation,Full,8,0,30.1,30.100020170065807,4.68,78
translation,Full,8,1,46.199999999999996,46.20004875842256,4.859999999999999,81
translation,Full,8,2,67.2,67.20000918438704,5.46,91
translation,Full,9,0,31.1,31.100020166886942,4.68,78
translation,Full,9,1,47.199999999999996,47.20004875524354,4.859999999999999,81
translation,Full,9,2,68.2,68.20000918120763,5.46,91
translation,Full,10,0,32.1,32.10002016582721,4.68,78
translation,Full,10,1,48.199999999999996,48.20004875418381,4.859999999999999,81
translation,Full,10,2,69.2,69.20000918014776,5.46,91
translation,Full,11,0,33.099999999999994,33.100020165473936,4.68,78
translation,Full,11,1,49.199999999999996,49.20004875383054,4.859999999999999,81
translation,Full,11,2,70.2,70.20000917979445,5.46,91
translation,Full,12,0,34.1,34.10002016535617,4.68,78
translation,Full,12,1,50.199999999999996,50.20004875371277,4.859999999999999,81
translation,Full,12,2,71.2,71.20000917967666,5.46,91
translation,RelativeWidth,0,0,22.099999999999998,22.100045381322097,4.68,78
translation,RelativeWidth,0,1,38.199999999999996,38.200083256491766,4.859999999999999,81
translation,RelativeWidth,0,2,59.199999999999996,59.20004326850997,5.46,91
translation,RelativeWidth,1,0,23.099999999999998,23.10002991637283,4.68,78
translation,RelativeWidth,1,1,39.199999999999996,39.20005953651629,4.859999999999999,81
translation,RelativeWidth,1,2,60.19999999999999,60.20001991738617,5.46,91
translation,RelativeWidth,2,0,24.099999999999998,24.100023565358608,4.68,78
translation,RelativeWidth,2,1,40.199999999999996,40.20005226832991,4.859999999999999,81
translation,RelativeWidth,2,2,61.19999999999999,61.20001268957925,5.46,91
translation,RelativeWidth,3,0,25.099999999999998,25.100021315343163,4.68,78
translation,RelativeWidth,3,1,41.199999999999996,41.20004991642517,4.859999999999999,81
translation,RelativeWidth,3,2,62.19999999999999,62.2000103419634,5.46,91
translation,RelativeWidth,4,0,26.099999999999998,26.10002055052002,4.68,78
translation,RelativeWidth,4,1,42.199999999999996,42.200049140287355,4.859999999999999,81
translation,RelativeWidth,4,2,63.199999999999996,63.20000956623662,5.46,91
translation,RelativeWidth,5,0,27.1,27.100020293919574,4.68,78
translation,RelativeWidth,5,1,43.199999999999996,43.20004888243185,4.859999999999999,81
translation,RelativeWidth,5,2,64.2,64.200009308405,5.46,91
translation,RelativeWidth,6,0,28.1,28.100020208197392,4.68,78
translation,RelativeWidth,6,1,44.199999999999996,44.20004879657093,4.859999999999999,81
translation,RelativeWidth,6,2,65.2,65.20000922253948,5.46,91
translation,RelativeWidth,7,0,29.1,29.10002017960093,4.68,78
translation,RelativeWidth,7,1,45.199999999999996,45.200048767959295,4.859999999999999,81
translation,RelativeWidth,7,2,66.2,66.20000919392491,5.46,91
translation,RelativeWidth,8,0,30.1,30.100020170065807,4.68,78
translation,RelativeWidth,8,1,46.199999999999996,46.20004875842256,4.859999999999999,81
translation,RelativeWidth,8,2,67.2,67.20000918438704,5.46,91
translation,RelativeWidth,9,0,31.1,31.100020166886942,4.68,78
translation,RelativeWidth,9,1,47.199999999999996,47.20004875524354,4.859999999999999,81
translation,RelativeWidth,9,2,68.2,68.20000918120763,5.46,91
translation,RelativeWidth,10,0,32.1,32.10002016582721,4.68,78
translation,RelativeWidth,10,1,48.199999999999996,48.20004875418381,4.859999999999999,81
translation,RelativeWidth,10,2,69.2,69.20000918014776,5.46,91
translation,RelativeWidth,11,0,33.099999999999994,33.100020165473936,4.68,78
translation,RelativeWidth,11,1,49.199999999999996,49.20004875383054,4.859999999999999,81
translation,RelativeWidth,11,2,70.2,70.20000917979445,5.46,91
translation,RelativeWidth,12,0,34.1,34.10002016535617,4.68,78
translation,RelativeWidth,12,1,50.199999999999996,50.20004875371277,4.859999999999999,81
translation,RelativeWidth,12,2,71.2,71.20000917967666,5.46,91
translation,OldTime,0,0,22.099999999999998,22.100045381322097,4.68,78
translation,OldTime,0,1,38.199999999999996,38.200083256491766,4.859999999999999,81
translation,OldTime,0,2,59.199999999999996,59.20004326850997,5.46,91
translation,OldTime,1,0,23.099999999999998,22.766688788330367,4.68,78
translation,OldTime,1,1,39.199999999999996,38.86671629973569,4.859999999999999,81
translation,OldTime,1,2,60.19999999999999,59.866670859841655,5.46,91
translation,OldTime,2,0,24.099999999999998,23.655567112234376,4.68,78
translation,OldTime,2,1,40.199999999999996,39.75559260816505,4.859999999999999,81
translation,OldTime,2,2,61.19999999999999,60.755547169655195,5.46,91
translation,OldTime,3,0,25.099999999999998,24.618526018421665,4.68,78
translation,OldTime,3,1,41.199999999999996,40.71855095415007,4.859999999999999,81
translation,OldTime,3,2,62.19999999999999,61.718505885090096,5.46,91
translation,OldTime,4,0,26.099999999999998,25.606178856766586,4.68,78
translation,OldTime,4,1,42.199999999999996,41.70620360925561,4.859999999999999,81
translation,OldTime,4,2,63.199999999999996,62.70615872754393,5.46,91
translation,OldTime,5,0,27.1,26.602063098424043,4.68,78
translation,OldTime,5,1,43.199999999999996,42.70208778906323,4.859999999999999,81
translation,OldTime,5,2,64.2,63.70204297977274,5.46,91
translation,OldTime,6,0,28.1,27.600691167046094,4.68,78
translation,OldTime,6,1,44.199999999999996,43.700715836847436,4.859999999999999,81
translation,OldTime,6,2,65.2,64.7006710531319,5.46,91
translation,OldTime,7,0,29.1,28.60023385268802,4.68,78
translation,OldTime,7,1,45.199999999999996,44.70025851550348,4.859999999999999,81
translation,OldTime,7,2,66.2,65.70021374050904,5.46,91
translation,OldTime,8,0,30.1,29.600081413278183,4.68,78
translation,OldTime,8,1,46.199999999999996,45.70010607375884,4.859999999999999,81
translation,OldTime,8,2,67.2,66.70006130169735,5.46,91
translation,OldTime,9,0,31.1,30.600030599712483,4.68,78
translation,OldTime,9,1,47.199999999999996,46.700055259413986,4.859999999999999,81
translation,OldTime,9,2,68.2,67.70001048833349,5.46,91
translation,OldTime,10,0,32.1,31.60001366171432,4.68,78
translation,OldTime,10,1,48.199999999999996,47.700038321156015,4.859999999999999,81
translation,OldTime,10,2,69.2,68.69999355040291,5.46,91
translation,OldTime,11,0,33.099999999999994,32.600008015667306,4.68,78
translation,OldTime,11,1,49.199999999999996,48.70003267502237,4.859999999999999,81
translation,OldTime,11,2,70.2,69.69998790437843,5.46,91
translation,OldTime,12,0,34.1,33.600006133635766,4.68,78
translation,OldTime,12,1,50.199999999999996,49.70003079296195,4.859999999999999,81
translation,OldTime,12,2,71.2,70.69998602235445,5.46,91
translation,NoTime,0,0,22.099999999999998,22.100045381322097,4.68,78
translation,NoTime,0,1,38.199999999999996,38.200083256491766,4.859999999999999,81
translation,NoTime,0,2,59.199999999999996,59.20004326850997,5.46,91
translation,NoTime,1,0,23.099999999999998,23.100045381322097,4.68,78
translation,NoTime,1,1,39.199999999999996,39.200083256491766,4.859999999999999,81
translation,NoTime,1,2,60.19999999999999,60.200043268509965,5.46,91
translation,NoTime,2,0,24.099999999999998,24.100045381322097,4.68,78
translation,NoTime,2,1,40.199999999999996,40.200083256491766,4.859999999999999,81
translation,NoTime,2,2,61.19999999999999,61.200043268509965,5.46,91
translation,NoTime,3,0,25.099999999999998,25.100045381322097,4.68,78
translation,NoTime,3,1,41.199999999999996,41.200083256491766,4.859999999999999,81
translation,NoTime,3,2,62.19999999999999,62.200043268509965,5.46,91
translation,NoTime,4,0,26.099999999999998,26.100045381322097,4.68,78
translation,NoTime,4,1,42.199999999999996,42.200083256491766,4.859999999999999,81
translation,NoTime,4,2,63.199999999999996,63.20004326850997,5.46,91
translation,NoTime,5,0,27.1,27.1000453813221,4.68,78
translation,NoTime,5,1,43.199999999999996,43.200083256491766,4.859999999999999,81
translation,NoTime,5,2,64.2,64.20004326850997,5.46,91
translation,NoTime,6,0,28.1,28.1000453813221,4.68,78
translation,NoTime,6,1,44.199999999999996,44.200083256491766,4.859999999999999,81
translation,NoTime,6,2,65.2,65.20004326850997,5.46,91
translation,NoTime,7,0,29.1,29.1000453813221,4.68,78
translation,NoTime,7,1,45.199999999999996,45.200083256491766,4.859999999999999,81
translation,NoTime,7,2,66.2,66.20004326850997,5.46,91
translation,NoTime,8,0,30.1,30.1000453813221,4.68,78
translation,NoTime,8,1,46.199999999999996,46.200083256491766,4.859999999999999,81
translation,NoTime,8,2,67.2,67.20004326850997,5.46,91
translation,NoTime,9,0,31.1,31.1000453813221,4.68,78
translation,NoTime,9,1,47.199999999999996,47.200083256491766,4.859999999999999,81
translation,NoTime,9,2,68.2,68.20004326850997,5.46,91
translation,NoTime,10,0,32.1,32.1000453813221,4.68,78
translation,NoTime,10,1,48.199999999999996,48.200083256491766,4.859999999999999,81
translation,NoTime,10,2,69.2,69.20004326850997,5.46,91
translation,NoTime,11,0,33.099999999999994,33.10004538132209,4.68,78
translation,NoTime,11,1,49.199999999999996,49.200083256491766,4.859999999999999,81
translation,NoTime,11,2,70.2,70.20004326850997,5.46,91
translation,NoTime,12,0,34.1,34.1000453813221,4.68,78
translation,NoTime,12,1,50.199999999999996,50.200083256491766,4.859999999999999,81
translation,NoTime,12,2,71.2,71.20004326850997,5.46,91
translation,NoReferencePenalty,0,0,22.099999999999998,22.100000591217764,4.68,78
translation,NoReferencePenalty,0,1,38.199999999999996,38.19999005479701,4.859999999999999,81
translation,NoReferencePenalty,0,2,59.199999999999996,59.20000935398521,5.46,91
translation,NoReferencePenalty,1,0,23.099999999999998,23.099845024968836,4.68,78
translation,NoReferencePenalty,1,1,39.199999999999996,39.199906429240144,4.859999999999999,81
translation,NoReferencePenalty,1,2,60.19999999999999,60.19973852709612,5.46,91
translation,NoReferencePenalty,2,0,24.099999999999998,24.099676912003524,4.68,78
translation,NoReferencePenalty,2,1,40.199999999999996,40.1997485575612,4.859999999999999,81
translation,NoReferencePenalty,2,2,61.19999999999999,61.19955393474795,5.46,91
translation,NoReferencePenalty,3,0,25.099999999999998,25.099506892679777,4.68,78
translation,NoReferencePenalty,3,1,41.199999999999996,41.19957996184329,4.859999999999999,81
translation,NoReferencePenalty,3,2,62.19999999999999,62.19938156454862,5.46,91
translation,NoReferencePenalty,4,0,26.099999999999998,26.099336490696693,4.68,78
translation,NoReferencePenalty,4,1,42.199999999999996,42.19940972321172,4.859999999999999,81
translation,NoReferencePenalty,4,2,63.199999999999996,63.19921083249648,5.46,91
translation,NoReferencePenalty,5,0,27.1,27.099165924062376,4.68,78
translation,NoReferencePenalty,5,1,43.199999999999996,43.199239139719,4.859999999999999,81
translation,NoReferencePenalty,5,2,64.2,64.19904022486247,5.46,91
translation,NoReferencePenalty,6,0,28.1,28.098995223783472,4.68,78
translation,NoReferencePenalty,6,1,44.199999999999996,44.19906839672217,4.859999999999999,81
translation,NoReferencePenalty,6,2,65.2,65.19886952496712,5.46,91
translation,NoReferencePenalty,7,0,29.1,29.09882439408384,4.68,78
translation,NoReferencePenalty,7,1,45.199999999999996,45.198897520503095,4.859999999999999,81
translation,NoReferencePenalty,7,2,66.2,66.19869870160863,5.46,91
translation,NoReferencePenalty,8,0,30.1,30.09865343535094,4.68,78
translation,NoReferencePenalty,8,1,46.199999999999996,46.198726514601134,4.859999999999999,81
translation,NoReferencePenalty,8,2,67.2,67.19852775010784,5.46,91
translation,NoReferencePenalty,9,0,31.1,31.098482347422205,4.68,78
translation,NoReferencePenalty,9,1,47.199999999999996,47.198555379303734,4.859999999999999,81
translation,NoReferencePenalty,9,2,68.2,68.19835666957778,5.46,91
translation,NoReferencePenalty,10,0,32.1,32.0983111300557,4.68,78
translation,NoReferencePenalty,10,1,48.199999999999996,48.19838411443285,4.859999999999999,81
translation,NoReferencePenalty,10,2,69.2,69.19818545967311,5.46,91
translation,NoReferencePenalty,11,0,33.099999999999994,33.098139782997535,4.68,78
translation,NoReferencePenalty,11,1,49.199999999999996,49.19821271974329,4.859999999999999,81
translation,NoReferencePenalty,11,2,70.2,70.19801412012548,5.46,91
translation,NoReferencePenalty,12,0,34.1,34.09796830599156,4.68,78
translation,NoReferencePenalty,12,1,50.199999999999996,50.198041194979695,4.859999999999999,81
translation,NoReferencePenalty,12,2,71.2,71.19784265067683,5.46,91
translation,ReferenceOnly,0,0,22.099999999999998,22.099999999999998,4.68,78
translation,ReferenceOnly,0,1,38.199999999999996,38.19999999999993,4.859999999999999,81
translation,ReferenceOnly,0,2,59.199999999999996,59.20000000000005,5.46,91
translation,ReferenceOnly,1,0,23.099999999999998,23.099999999999998,4.68,78
translation,ReferenceOnly,1,1,39.199999999999996,39.19999999999986,4.859999999999999,81
translation,ReferenceOnly,1,2,60.19999999999999,60.20000000000012,5.46,91
translation,ReferenceOnly,2,0,24.099999999999998,24.099999999999998,4.68,78
translation,ReferenceOnly,2,1,40.199999999999996,40.200000000000244,4.859999999999999,81
translation,ReferenceOnly,2,2,61.19999999999999,61.19999999999974,5.46,91
translation,ReferenceOnly,3,0,25.099999999999998,25.099999999999998,4.68,78
translation,ReferenceOnly,3,1,41.199999999999996,41.199999999999875,4.859999999999999,81
translation,ReferenceOnly,3,2,62.19999999999999,62.2000000000001,5.46,91
translation,ReferenceOnly,4,0,26.099999999999998,26.099999999999998,4.68,78
translation,ReferenceOnly,4,1,42.199999999999996,42.19999999999933,4.859999999999999,81
translation,ReferenceOnly,4,2,63.199999999999996,63.20000000000066,5.46,91
translation,ReferenceOnly,5,0,27.1,27.1,4.68,78
translation,ReferenceOnly,5,1,43.199999999999996,43.1999999999995,4.859999999999999,81
translation,ReferenceOnly,5,2,64.2,64.2000000000005,5.46,91
translation,ReferenceOnly,6,0,28.1,28.1,4.68,78
translation,ReferenceOnly,6,1,44.199999999999996,44.200000000000045,4.859999999999999,81
translation,ReferenceOnly,6,2,65.2,65.19999999999995,5.46,91
translation,ReferenceOnly,7,0,29.1,29.1,4.68,78
translation,ReferenceOnly,7,1,45.199999999999996,45.200000000000436,4.859999999999999,81
translation,ReferenceOnly,7,2,66.2,66.19999999999956,5.46,91
translation,ReferenceOnly,8,0,30.1,30.1,4.68,78
translation,ReferenceOnly,8,1,46.199999999999996,46.1999999999992,4.859999999999999,81
translation,ReferenceOnly,8,2,67.2,67.2000000000008,5.46,91
translation,ReferenceOnly,9,0,31.1,31.1,4.68,78
translation,ReferenceOnly,9,1,47.199999999999996,47.20000000000016,4.859999999999999,81
translation,ReferenceOnly,9,2,68.2,68.19999999999985,5.46,91
translation,ReferenceOnly,10,0,32.1,32.1,4.68,78
translation,ReferenceOnly,10,1,48.199999999999996,48.19999999999944,4.859999999999999,81
translation,ReferenceOnly,10,2,69.2,69.20000000000056,5.46,91
translation,ReferenceOnly,11,0,33.099999999999994,33.099999999999994,4.68,78
translation,ReferenceOnly,11,1,49.199999999999996,49.199999999999264,4.859999999999999,81
translation,ReferenceOnly,11,2,70.2,70.20000000000073,5.46,91
translation,ReferenceOnly,12,0,34.1,34.1,4.68,78
translation,ReferenceOnly,12,1,50.199999999999996,50.199999999999,4.859999999999999,81
translation,ReferenceOnly,12,2,71.2,71.20000000000098,5.46,91
translation,LegacyObjective,0,0,22.099999999999998,22.100002486210563,4.68,78
translation,LegacyObjective,0,1,38.199999999999996,38.1999883734349,4.859999999999999,81
translation,LegacyObjective,0,2,59.199999999999996,59.20000914035453,5.46,91
translation,LegacyObjective,1,0,23.099999999999998,23.100000355172934,4.68,78
translation,LegacyObjective,1,1,39.199999999999996,39.19999833906213,4.859999999999999,81
translation,LegacyObjective,1,2,60.19999999999999,60.20000130576492,5.46,91
translation,LegacyObjective,2,0,24.099999999999998,24.100000050738984,4.68,78
translation,LegacyObjective,2,1,40.199999999999996,40.19999976272316,4.859999999999999,81
translation,LegacyObjective,2,2,61.19999999999999,61.200000186537835,5.46,91
translation,LegacyObjective,3,0,25.099999999999998,25.100000007248422,4.68,78
translation,LegacyObjective,3,1,41.199999999999996,41.199999966103306,4.859999999999999,81
translation,LegacyObjective,3,2,62.19999999999999,62.200000026648254,5.46,91
translation,LegacyObjective,4,0,26.099999999999998,26.100000001035493,4.68,78
translation,LegacyObjective,4,1,42.199999999999996,42.19999999515762,4.859999999999999,81
translation,LegacyObjective,4,2,63.199999999999996,63.20000000380689,5.46,91
translation,LegacyObjective,5,0,27.1,27.100000000147936,4.68,78
translation,LegacyObjective,5,1,43.199999999999996,43.19999999930823,4.859999999999999,81
translation,LegacyObjective,5,2,64.2,64.20000000054385,5.46,91
translation,LegacyObjective,6,0,28.1,28.10000000002114,4.68,78
translation,LegacyObjective,6,1,44.199999999999996,44.19999999990118,4.859999999999999,81
translation,LegacyObjective,6,2,65.2,65.2000000000777,5.46,91
translation,LegacyObjective,7,0,29.1,29.10000000000302,4.68,78
translation,LegacyObjective,7,1,45.199999999999996,45.199999999985884,4.859999999999999,81
translation,LegacyObjective,7,2,66.2,66.2000000000111,5.46,91
translation,LegacyObjective,8,0,30.1,30.10000000000044,4.68,78
translation,LegacyObjective,8,1,46.199999999999996,46.199999999997985,4.859999999999999,81
translation,LegacyObjective,8,2,67.2,67.2000000000016,5.46,91
translation,LegacyObjective,9,0,31.1,31.100000000000072,4.68,78
translation,LegacyObjective,9,1,47.199999999999996,47.19999999999972,4.859999999999999,81
translation,LegacyObjective,9,2,68.2,68.20000000000024,5.46,91
translation,LegacyObjective,10,0,32.1,32.10000000000003,4.68,78
translation,LegacyObjective,10,1,48.199999999999996,48.199999999999974,4.859999999999999,81
translation,LegacyObjective,10,2,69.2,69.20000000000005,5.46,91
translation,LegacyObjective,11,0,33.099999999999994,33.10000000000001,4.68,78
translation,LegacyObjective,11,1,49.199999999999996,49.2,4.859999999999999,81
translation,LegacyObjective,11,2,70.2,70.20000000000002,5.46,91
translation,LegacyObjective,12,0,34.1,34.10000000000002,4.68,78
translation,LegacyObjective,12,1,50.199999999999996,50.20000000000002,4.859999999999999,81
translation,LegacyObjective,12,2,71.2,71.20000000000003,5.46,91
translation,TightBudget,0,0,22.099999999999998,22.099999999999998,4.68,78
translation,TightBudget,0,1,38.199999999999996,38.199999999999996,4.859999999999999,81
translation,TightBudget,0,2,59.199999999999996,59.199999999999996,5.46,91
translation,TightBudget,1,0,23.099999999999998,23.099999999999998,4.68,78
translation,TightBudget,1,1,39.199999999999996,39.199999999999996,4.859999999999999,81
translation,TightBudget,1,2,60.19999999999999,60.19999999999999,5.46,91
translation,TightBudget,2,0,24.099999999999998,24.099999999999998,4.68,78
translation,TightBudget,2,1,40.199999999999996,40.199999999999996,4.859999999999999,81
translation,TightBudget,2,2,61.19999999999999,61.19999999999999,5.46,91
translation,TightBudget,3,0,25.099999999999998,25.099999999999998,4.68,78
translation,TightBudget,3,1,41.199999999999996,41.199999999999996,4.859999999999999,81
translation,TightBudget,3,2,62.19999999999999,62.19999999999999,5.46,91
translation,TightBudget,4,0,26.099999999999998,26.099999999999998,4.68,78
translation,TightBudget,4,1,42.199999999999996,42.199999999999996,4.859999999999999,81
translation,TightBudget,4,2,63.199999999999996,63.199999999999996,5.46,91
translation,TightBudget,5,0,27.1,27.1,4.68,78
translation,TightBudget,5,1,43.199999999999996,43.199999999999996,4.859999999999999,81
translation,TightBudget,5,2,64.2,64.2,5.46,91
translation,TightBudget,6,0,28.1,28.1,4.68,78
translation,TightBudget,6,1,44.199999999999996,44.199999999999996,4.859999999999999,81
translation,TightBudget,6,2,65.2,65.2,5.46,91
translation,TightBudget,7,0,29.1,29.1,4.68,78
translation,TightBudget,7,1,45.199999999999996,45.199999999999996,4.859999999999999,81
translation,TightBudget,7,2,66.2,66.2,5.46,91
translation,TightBudget,8,0,30.1,30.1,4.68,78
translation,TightBudget,8,1,46.199999999999996,46.199999999999996,4.859999999999999,81
translation,TightBudget,8,2,67.2,67.2,5.46,91
translation,TightBudget,9,0,31.1,31.1,4.68,78
translation,TightBudget,9,1,47.199999999999996,47.199999999999996,4.859999999999999,81
translation,TightBudget,9,2,68.2,68.2,5.46,91
translation,TightBudget,10,0,32.1,32.1,4.68,78
translation,TightBudget,10,1,48.199999999999996,48.199999999999996,4.859999999999999,81
translation,TightBudget,10,2,69.2,69.2,5.46,91
translation,TightBudget,11,0,33.099999999999994,33.099999999999994,4.68,78
translation,TightBudget,11,1,49.199999999999996,49.199999999999996,4.859999999999999,81
translation,TightBudget,11,2,70.2,70.2,5.46,91
translation,TightBudget,12,0,34.1,34.1,4.68,78
translation,TightBudget,12,1,50.199999999999996,50.199999999999996,4.859999999999999,81
translation,TightBudget,12,2,71.2,71.2,5.46,91
translation,LooseBudget,0,0,22.099999999999998,22.099999177876487,4.68,78
translation,LooseBudget,0,1,38.199999999999996,38.19999880622563,4.859999999999999,81
translation,LooseBudget,0,2,59.199999999999996,59.19999896113612,5.46,91
translation,LooseBudget,1,0,23.099999999999998,23.10000010868344,4.68,78
translation,LooseBudget,1,1,39.199999999999996,39.20000027642182,4.859999999999999,81
translation,LooseBudget,1,2,60.19999999999999,60.2000002077975,5.46,91
translation,LooseBudget,2,0,24.099999999999998,24.100000055994656,4.68,78
translation,LooseBudget,2,1,40.199999999999996,40.20000007463226,4.859999999999999,81
translation,LooseBudget,2,2,61.19999999999999,61.20000006700732,5.46,91
translation,LooseBudget,3,0,25.099999999999998,25.100000020861188,4.68,78
translation,LooseBudget,3,1,41.199999999999996,41.20000002293204,4.859999999999999,81
translation,LooseBudget,3,2,62.19999999999999,62.20000002208482,5.46,91
translation,LooseBudget,4,0,26.099999999999998,26.10000000719779,4.68,78
translation,LooseBudget,4,1,42.199999999999996,42.20000000742785,4.859999999999999,81
translation,LooseBudget,4,2,63.199999999999996,63.20000000733372,5.46,91
translation,LooseBudget,5,0,27.1,27.09999984700331,4.68,78
translation,LooseBudget,5,1,43.199999999999996,43.19999972305449,4.859999999999999,81
translation,LooseBudget,5,2,64.2,64.19999976817468,5.46,91
translation,LooseBudget,6,0,28.1,28.099999690337743,4.68,78
translation,LooseBudget,6,1,44.199999999999996,44.20000021379647,4.859999999999999,81
translation,LooseBudget,6,2,65.2,65.20000000408214,5.46,91
translation,LooseBudget,7,0,29.1,29.099999958796964,4.68,78
translation,LooseBudget,7,1,45.199999999999996,45.20000001695344,4.859999999999999,81
translation,LooseBudget,7,2,66.2,66.19999999365412,5.46,91
translation,LooseBudget,8,0,30.1,30.099999993155667,4.68,78
translation,LooseBudget,8,1,46.199999999999996,46.19999999961728,4.859999999999999,81
translation,LooseBudget,8,2,67.2,67.19999999702854,5.46,91
translation,LooseBudget,9,0,31.1,31.099999998484105,4.68,78
translation,LooseBudget,9,1,47.199999999999996,47.199999999202,4.859999999999999,81
translation,LooseBudget,9,2,68.2,68.1999999989144,5.46,91
translation,LooseBudget,10,0,32.1,32.099999999579765,4.68,78
translation,LooseBudget,10,1,48.199999999999996,48.199999999659504,4.859999999999999,81
translation,LooseBudget,10,2,69.2,69.19999999962755,5.46,91
translation,LooseBudget,11,0,33.099999999999994,33.099999999869375,4.68,78
translation,LooseBudget,11,1,49.199999999999996,49.1999999998782,4.859999999999999,81
translation,LooseBudget,11,2,70.2,70.19999999987466,5.46,91
translation,LooseBudget,12,0,34.1,34.099999999957525,4.68,78
translation,LooseBudget,12,1,50.199999999999996,50.19999999995846,4.859999999999999,81
translation,LooseBudget,12,2,71.2,71.19999999995811,5.46,91
growth,Full,0,0,35.7,35.70000015537647,11.52,192
growth,Full,0,1,72.20000000000002,72.200000087517,10.26,171
growth,Full,1,0,35.7,35.700000043566774,11.52,192
growth,Full,1,1,73.0,73.00000003739773,10.74,179
growth,Full,2,0,35.7,35.700000013774506,11.52,192
growth,Full,2,1,73.9,73.90000001321368,11.28,188
growth,Full,3,0,35.7,35.70000000452353,11.52,192
growth,Full,3,1,74.70000000000002,74.70000000447256,11.76,196
growth,Full,4,0,35.7,35.700000001501664,11.52,192
growth,Full,4,1,75.49999999999999,75.500000001497,12.24,204
growth,Full,5,0,35.7,35.7000000005,11.52,192
growth,Full,5,1,76.4,76.40000000049957,12.78,213
growth,Full,6,0,35.7,35.70000000016661,11.52,192
growth,Full,6,1,77.20000000000002,77.2000000001666,13.26,221
growth,Full,7,0,35.7,35.70000000005554,11.52,192
growth,Full,7,1,78.1,78.10000000005552,13.799999999999999,230
growth,Full,8,0,35.7,35.70000000001851,11.52,192
growth,Full,8,1,78.9,78.90000000001852,14.28,238
growth,Full,9,0,35.7,35.70000000000616,11.52,192
growth,Full,9,1,79.80000000000001,79.80000000000618,14.82,247
growth,Full,10,0,35.7,35.700000000002056,11.52,192
growth,Full,10,1,80.60000000000001,80.60000000000207,15.299999999999999,255
growth,RelativeWidth,0,0,35.7,35.70000015537647,11.52,192
growth,RelativeWidth,0,1,72.20000000000002,72.200000087517,10.26,171
growth,RelativeWidth,1,0,35.7,35.70000004356677,11.271590296495955,192
growth,RelativeWidth,1,1,73.0,73.00000003739771,10.508409703504041,179
growth,RelativeWidth,2,0,35.7,35.70000001377449,11.004631578947368,192
growth,RelativeWidth,2,1,73.9,73.90000001321367,10.775368421052631,188
growth,RelativeWidth,3,0,35.7,35.70000000452352,10.777731958762885,192
growth,RelativeWidth,3,1,74.70000000000002,74.70000000447256,11.002268041237114,196
growth,RelativeWidth,4,0,35.7,35.700000001501664,10.559999999999999,192
growth,RelativeWidth,4,1,75.49999999999999,75.50000000149701,11.219999999999999,204
growth,RelativeWidth,5,0,35.7,35.70000000049999,10.325333333333331,192
growth,RelativeWidth,5,1,76.4,76.40000000049956,11.454666666666665,213
growth,RelativeWidth,6,0,35.7,35.70000000016661,10.125326876513316,192
growth,RelativeWidth,6,1,77.20000000000002,77.20000000016657,11.654673123486681,221
growth,RelativeWidth,7,0,35.7,35.700000000055525,9.909383886255924,192
growth,RelativeWidth,7,1,78.1,78.1000000000555,11.870616113744077,230
growth,RelativeWidth,8,0,35.7,35.70000000001851,9.725023255813952,192
growth,RelativeWidth,8,1,78.9,78.90000000001851,12.054976744186046,238
growth,RelativeWidth,9,0,35.7,35.70000000000617,9.525649202733485,192
growth,RelativeWidth,9,1,79.80000000000001,79.8000000000062,12.254350797266515,247
growth,RelativeWidth,10,0,35.7,35.70000000000207,9.355167785234901,192
growth,RelativeWidth,10,1,80.60000000000001,80.60000000000205,12.4248322147651,255
growth,OldTime,0,0,35.7,35.70000015537647,11.52,192
growth,OldTime,0,1,72.20000000000002,72.200000087517,10.26,171
growth,OldTime,1,0,35.7,35.603030832821055,11.52,192
growth,OldTime,1,1,73.0,72.83030321291461,10.74,179
growth,OldTime,2,0,35.7,35.54977092894571,11.52,192
growth,OldTime,2,1,73.9,73.6613409847953,11.28,188
growth,OldTime,3,0,35.7,35.542237209080525,11.52,192
growth,OldTime,3,1,74.70000000000002,74.46146903674045,11.76,196
growth,OldTime,4,0,35.7,35.540652767188305,11.52,192
growth,OldTime,4,1,75.49999999999999,75.26058284917043,12.24,204
growth,OldTime,5,0,35.7,35.52808859058945,11.52,192
growth,OldTime,5,1,76.4,76.1389908312402,12.78,213
growth,OldTime,6,0,35.7,35.53492695618507,11.52,192
growth,OldTime,6,1,77.20000000000002,76.95409977330043,13.26,221
growth,OldTime,7,0,35.7,35.52608802797547,11.52,192
growth,OldTime,7,1,78.1,77.83692149987026,13.799999999999999,230
growth,OldTime,8,0,35.7,35.534251728686755,11.52,192
growth,OldTime,8,1,78.9,78.65341831908711,14.28,238
growth,OldTime,9,0,35.7,35.525861734131134,11.52,192
growth,OldTime,9,1,79.80000000000001,79.53669503095851,14.82,247
growth,OldTime,10,0,35.7,35.534177261366,11.52,192
growth,OldTime,10,1,80.60000000000001,80.35334282841222,15.299999999999999,255
growth,NoTime,0,0,35.7,35.70000015537647,11.52,192
growth,NoTime,0,1,72.20000000000002,72.200000087517,10.26,171
growth,NoTime,1,0,35.7,35.700000212822616,11.52,192
growth,NoTime,1,1,73.0,73.0000001141319,10.74,179
growth,NoTime,2,0,35.7,35.700000277553386,11.52,192
growth,NoTime,2,1,73.9,73.90000014120766,11.28,188
growth,NoTime,3,0,35.7,35.70000031417125,11.52,192
growth,NoTime,3,1,74.70000000000002,74.70000015368205,11.76,196
growth,NoTime,4,0,35.7,35.700000339311245,11.52,192
growth,NoTime,4,1,75.49999999999999,75.5000001588807,12.24,204
growth,NoTime,5,0,35.7,35.70000043735521,11.52,192
growth,NoTime,5,1,76.4,76.4000001807532,12.78,213
growth,NoTime,6,0,35.7,35.7000006072577,11.52,192
growth,NoTime,6,1,77.20000000000002,77.2000002009759,13.26,221
growth,NoTime,7,0,35.7,35.70000075773749,11.52,192
growth,NoTime,7,1,78.1,78.1000002172512,13.799999999999999,230
growth,NoTime,8,0,35.7,35.70000078701817,11.52,192
growth,NoTime,8,1,78.9,78.900000255754,14.28,238
growth,NoTime,9,0,35.7,35.70000060689336,11.52,192
growth,NoTime,9,1,79.80000000000001,79.80000025082525,14.82,247
growth,NoTime,10,0,35.7,35.7000001956147,11.52,192
growth,NoTime,10,1,80.60000000000001,80.60000010815293,15.299999999999999,255
growth,NoReferencePenalty,0,0,35.7,35.700000000000244,11.52,192
growth,NoReferencePenalty,0,1,72.20000000000002,72.19999999999978,10.26,171
growth,NoReferencePenalty,1,0,35.7,35.69999962655694,11.52,192
growth,NoReferencePenalty,1,1,73.0,73.00000006687617,10.74,179
growth,NoReferencePenalty,2,0,35.7,35.69999958712339,11.52,192
growth,NoReferencePenalty,2,1,73.9,73.90000004329846,11.28,188
growth,NoReferencePenalty,3,0,35.7,35.69999947661215,11.52,192
growth,NoReferencePenalty,3,1,74.70000000000002,74.69999991200132,11.76,196
growth,NoReferencePenalty,4,0,35.7,35.699999178953796,11.52,192
growth,NoReferencePenalty,4,1,75.49999999999999,75.49999971944055,12.24,204
growth,NoReferencePenalty,5,0,35.7,35.699998530982576,11.52,192
growth,NoReferencePenalty,5,1,76.4,76.39999921170654,12.78,213
growth,NoReferencePenalty,6,0,35.7,35.699997569144784,11.52,192
growth,NoReferencePenalty,6,1,77.20000000000002,77.19999841919272,13.26,221
growth,NoReferencePenalty,7,0,35.7,35.69999694888972,11.52,192
growth,NoReferencePenalty,7,1,78.1,78.09999567742781,13.799999999999999,230
growth,NoReferencePenalty,8,0,35.7,35.69999421590235,11.52,192
growth,NoReferencePenalty,8,1,78.9,78.89999397170112,14.28,238
growth,NoReferencePenalty,9,0,35.7,35.69999411460494,11.52,192
growth,NoReferencePenalty,9,1,79.80000000000001,79.79999408685225,14.82,247
growth,NoReferencePenalty,10,0,35.7,35.699994117033235,11.52,192
growth,NoReferencePenalty,10,1,80.60000000000001,80.599994107682,15.299999999999999,255
growth,ReferenceOnly,0,0,35.7,35.699999999999996,11.52,192
growth,ReferenceOnly,0,1,72.20000000000002,72.20000000000002,10.26,171
growth,ReferenceOnly,1,0,35.7,35.70000000000001,11.52,192
growth,ReferenceOnly,1,1,73.0,73.00000000000001,10.74,179
growth,ReferenceOnly,2,0,35.7,35.699999999999996,11.52,192
growth,ReferenceOnly,2,1,73.9,73.90000000000002,11.28,188
growth,ReferenceOnly,3,0,35.7,35.699999999999996,11.52,192
growth,ReferenceOnly,3,1,74.70000000000002,74.70000000000003,11.76,196
growth,ReferenceOnly,4,0,35.7,35.70000000000001,11.52,192
growth,ReferenceOnly,4,1,75.49999999999999,75.49999999999999,12.24,204
growth,ReferenceOnly,5,0,35.7,35.7,11.52,192
growth,ReferenceOnly,5,1,76.4,76.4,12.78,213
growth,ReferenceOnly,6,0,35.7,35.70000000000001,11.52,192
growth,ReferenceOnly,6,1,77.20000000000002,77.20000000000002,13.26,221
growth,ReferenceOnly,7,0,35.7,35.70000000000001,11.52,192
growth,ReferenceOnly,7,1,78.1,78.1,13.799999999999999,230
growth,ReferenceOnly,8,0,35.7,35.7,11.52,192
growth,ReferenceOnly,8,1,78.9,78.89999999999999,14.28,238
growth,ReferenceOnly,9,0,35.7,35.7,11.52,192
growth,ReferenceOnly,9,1,79.80000000000001,79.8,14.82,247
growth,ReferenceOnly,10,0,35.7,35.7,11.52,192
growth,ReferenceOnly,10,1,80.60000000000001,80.6,15.299999999999999,255
growth,LegacyObjective,0,0,35.7,35.70000000006734,11.52,192
growth,LegacyObjective,0,1,72.20000000000002,72.19999999993269,10.26,171
growth,LegacyObjective,1,0,35.7,35.69999966526537,11.52,192
growth,LegacyObjective,1,1,73.0,73.00000007612097,10.74,179
growth,LegacyObjective,2,0,35.7,35.69999973835534,11.52,192
growth,LegacyObjective,2,1,73.9,73.89999998584621,11.28,188
growth,LegacyObjective,3,0,35.7,35.69999981265306,11.52,192
growth,LegacyObjective,3,1,74.70000000000002,74.69999993750619,11.76,196
growth,LegacyObjective,4,0,35.7,35.69999985775825,11.52,192
growth,LegacyObjective,4,1,75.49999999999999,75.49999992407892,12.24,204
growth,LegacyObjective,5,0,35.7,35.699999886348955,11.52,192
growth,LegacyObjective,5,1,76.4,76.39999992505692,12.78,213
growth,LegacyObjective,6,0,35.7,35.699999904462985,11.52,192
growth,LegacyObjective,6,1,77.20000000000002,77.19999993100257,13.26,221
growth,LegacyObjective,7,0,35.7,35.69999991511384,11.52,192
growth,LegacyObjective,7,1,78.1,78.09999993251924,13.799999999999999,230
growth,LegacyObjective,8,0,35.7,35.69999991939426,11.52,192
growth,LegacyObjective,8,1,78.9,78.89999992773396,14.28,238
growth,LegacyObjective,9,0,35.7,35.69999991528489,11.52,192
growth,LegacyObjective,9,1,79.80000000000001,79.79999991289841,14.82,247
growth,LegacyObjective,10,0,35.7,35.69999990137828,11.52,192
growth,LegacyObjective,10,1,80.60000000000001,80.59999988828658,15.299999999999999,255
growth,TightBudget,0,0,35.7,35.7,11.52,192
growth,TightBudget,0,1,72.20000000000002,72.20000000000002,10.26,171
growth,TightBudget,1,0,35.7,35.7,11.52,192
growth,TightBudget,1,1,73.0,73.0,10.74,179
growth,TightBudget,2,0,35.7,35.7,11.52,192
growth,TightBudget,2,1,73.9,73.9,11.28,188
growth,TightBudget,3,0,35.7,35.7,11.52,192
growth,TightBudget,3,1,74.70000000000002,74.70000000000002,11.76,196
growth,TightBudget,4,0,35.7,35.7,11.52,192
growth,TightBudget,4,1,75.49999999999999,75.49999999999999,12.24,204
growth,TightBudget,5,0,35.7,35.7,11.52,192
growth,TightBudget,5,1,76.4,76.4,12.78,213
growth,TightBudget,6,0,35.7,35.7,11.52,192
growth,TightBudget,6,1,77.20000000000002,77.20000000000002,13.26,221
growth,TightBudget,7,0,35.7,35.7,11.52,192
growth,TightBudget,7,1,78.1,78.1,13.799999999999999,230
growth,TightBudget,8,0,35.7,35.7,11.52,192
growth,TightBudget,8,1,78.9,78.9,14.28,238
growth,TightBudget,9,0,35.7,35.7,11.52,192
growth,TightBudget,9,1,79.80000000000001,79.80000000000001,14.82,247
growth,TightBudget,10,0,35.7,35.7,11.52,192
growth,TightBudget,10,1,80.60000000000001,80.60000000000001,15.299999999999999,255
growth,LooseBudget,0,0,35.7,35.699996076270025,11.52,192
growth,LooseBudget,0,1,72.20000000000002,72.19999615365573,10.26,171
growth,LooseBudget,1,0,35.7,35.699998819458514,11.52,192
growth,LooseBudget,1,1,73.0,72.99999882019426,10.74,179
growth,LooseBudget,2,0,35.7,35.69999861727976,11.52,192
growth,LooseBudget,2,1,73.9,73.89999864973436,11.28,188
growth,LooseBudget,3,0,35.7,35.69999966517648,11.52,192
growth,LooseBudget,3,1,74.70000000000002,74.69999966432394,11.76,196
growth,LooseBudget,4,0,35.7,35.70000030632131,11.52,192
growth,LooseBudget,4,1,75.49999999999999,75.50000029386473,12.24,204
growth,LooseBudget,5,0,35.7,35.70000010059787,11.52,192
growth,LooseBudget,5,1,76.4,76.40000009946544,12.78,213
growth,LooseBudget,6,0,35.7,35.70000003342961,11.52,192
growth,LooseBudget,6,1,77.20000000000002,77.2000000333258,13.26,221
growth,LooseBudget,7,0,35.7,35.70000002875185,11.52,192
growth,LooseBudget,7,1,78.1,78.10000002830806,13.799999999999999,230
growth,LooseBudget,8,0,35.7,35.70000000386859,11.52,192
growth,LooseBudget,8,1,78.9,78.90000000395364,14.28,238
growth,LooseBudget,9,0,35.7,35.69999954185059,11.52,192
growth,LooseBudget,9,1,79.80000000000001,79.79999955108481,14.82,247
growth,LooseBudget,10,0,35.7,35.69999984839427,11.52,192
growth,LooseBudget,10,1,80.60000000000001,80.59999984923391,15.299999999999999,255
collective_growth,Full,0,0,22.099999999999998,22.100045381322097,4.68,78
collective_growth,Full,0,1,38.199999999999996,38.200083256491766,4.859999999999999,81
collective_growth,Full,0,2,59.199999999999996,59.20004326850997,5.46,91
collective_growth,Full,1,0,21.599999999999998,21.600028613901042,4.859999999999999,81
collective_growth,Full,1,1,38.199999999999996,38.200058257294785,4.9799999999999995,83
collective_growth,Full,1,2,59.800000000000004,59.80001690888376,5.58,93
collective_growth,Full,2,0,21.0,21.000021551516515,4.9799999999999995,83
collective_growth,Full,2,1,38.1,38.10005278120113,5.16,86
collective_growth,Full,2,2,60.4,60.400006088688144,5.819999999999999,97
collective_growth,Full,3,0,20.6,20.600018088687676,5.1,85
collective_growth,Full,3,1,38.1,38.100049319370314,5.279999999999999,88
collective_growth,Full,3,2,60.99999999999999,61.000001161787964,5.9399999999999995,99
collective_growth,Full,4,0,19.900000000000002,19.900015651104038,5.279999999999999,88
collective_growth,Full,4,1,38.0,38.00004657013641,5.46,91
collective_growth,Full,4,2,61.5,61.49999735881426,6.12,102
collective_growth,Full,5,0,19.5,19.50001406343281,5.3999999999999995,90
collective_growth,Full,5,1,38.0,38.000044732831874,5.58,93
collective_growth,Full,5,2,62.09999999999999,62.099994995430514,6.24,104
collective_growth,Full,6,0,18.9,18.900013777041487,5.52,92
collective_growth,Full,6,1,37.9,37.900046789094816,5.76,96
collective_growth,Full,6,2,62.7,62.699992668137604,6.4799999999999995,108
collective_growth,Full,7,0,18.4,18.400012097658237,5.7,95
collective_growth,Full,7,1,37.9,37.900042486298155,5.88,98
collective_growth,Full,7,2,63.2,63.19999157055328,6.54,109
collective_growth,Full,8,0,17.8,17.800011789653876,5.819999999999999,97
collective_growth,Full,8,1,37.800000000000004,37.80004425513964,6.06,101
collective_growth,Full,8,2,63.800000000000004,63.799989482507826,6.779999999999999,113
collective_growth,Full,9,0,17.3,17.300011310818515,6.0,100
collective_growth,Full,9,1,37.800000000000004,37.80004376079527,6.18,103
collective_growth,Full,9,2,64.4,64.39998853638471,6.8999999999999995,115
collective_growth,Full,10,0,16.7,16.7000115392124,6.12,102
collective_growth,Full,10,1,37.699999999999996,37.700046349490194,6.359999999999999,106
collective_growth,Full,10,2,65.0,64.99998690139351,7.14,119
collective_growth,RelativeWidth,0,0,22.099999999999998,22.100045381322097,4.68,78
collective_growth,RelativeWidth,0,1,38.199999999999996,38.200083256491766,4.859999999999999,81
collective_growth,RelativeWidth,0,2,59.199999999999996,59.20004326850997,5.46,91
collective_growth,RelativeWidth,1,0,21.599999999999998,21.60002966491655,4.727626459143969,81
collective_growth,RelativeWidth,1,1,38.199999999999996,38.20005851943011,4.844357976653696,83
collective_growth,RelativeWidth,1,2,59.800000000000004,59.80002010219019,5.428015564202334,93
collective_growth,RelativeWidth,2,0,21.0,21.00002413738966,4.680451127819549,83
collective_growth,RelativeWidth,2,1,38.1,38.10005356428942,4.849624060150376,86
collective_growth,RelativeWidth,2,2,60.4,60.40001337779179,5.469924812030075,97
collective_growth,RelativeWidth,3,0,20.6,20.600021834592848,4.6875,85
collective_growth,RelativeWidth,3,1,38.1,38.10005076335486,4.852941176470588,88
collective_growth,RelativeWidth,3,2,60.99999999999999,61.000010969298714,5.459558823529411,99
collective_growth,RelativeWidth,4,0,19.900000000000002,19.900020437451392,4.697508896797152,88
collective_growth,RelativeWidth,4,1,38.0,38.00004850860142,4.857651245551601,91
collective_growth,RelativeWidth,4,2,61.5,61.50000960785866,5.444839857651246,102
collective_growth,RelativeWidth,5,0,19.5,19.50001954335142,4.70383275261324,90
collective_growth,RelativeWidth,5,1,38.0,38.00004700956259,4.860627177700348,93
collective_growth,RelativeWidth,5,2,62.09999999999999,62.100008753088716,5.43554006968641,104
collective_growth,RelativeWidth,6,0,18.9,18.900020050002777,4.662162162162162,92
collective_growth,RelativeWidth,6,1,37.9,37.90004888078926,4.864864864864865,96
collective_growth,RelativeWidth,6,2,62.7,62.70000892804134,5.472972972972974,108
collective_growth,RelativeWidth,7,0,18.4,18.40001860083563,4.718543046357616,95
collective_growth,RelativeWidth,7,1,37.9,37.900044957835675,4.8675496688741715,98
collective_growth,RelativeWidth,7,2,63.2,63.2000078774861,5.413907284768213,109
collective_growth,RelativeWidth,8,0,17.8,17.8000187875107,4.678456591639871,97
collective_growth,RelativeWidth,8,1,37.800000000000004,37.8000462708786,4.871382636655948,101
collective_growth,RelativeWidth,8,2,63.800000000000004,63.80000777251911,5.45016077170418,113
collective_growth,RelativeWidth,9,0,17.3,17.300018722709392,4.716981132075472,100
collective_growth,RelativeWidth,9,1,37.800000000000004,37.800045737016305,4.8584905660377355,103
collective_growth,RelativeWidth,9,2,64.4,64.40000802207766,5.4245283018867925,115
collective_growth,RelativeWidth,10,0,16.7,16.700019460410648,4.678899082568807,102
collective_growth,RelativeWidth,10,1,37.699999999999996,37.70004772850966,4.862385321100917,106
collective_growth,RelativeWidth,10,2,65.0,65.00000848621265,5.458715596330275,119
collective_growth,OldTime,0,0,22.099999999999998,22.100045381322097,4.68,78
collective_growth,OldTime,0,1,38.199999999999996,38.200083256491766,4.859999999999999,81
collective_growth,OldTime,0,2,59.199999999999996,59.20004326850997,5.46,91
collective_growth,OldTime,1,0,21.599999999999998,21.648183044025355,4.859999999999999,81
collective_growth,OldTime,1,1,38.199999999999996,38.192666957168946,4.9799999999999995,83
collective_growth,OldTime,1,2,59.800000000000004,59.72594727095135,5.58,93
collective_growth,OldTime,2,0,21.0,21.076987623335487,4.9799999999999995,83
collective_growth,OldTime,2,1,38.1,38.115303416453,5.16,86
collective_growth,OldTime,2,2,60.4,60.33005746397989,5.819999999999999,97
collective_growth,OldTime,3,0,20.6,20.639855385831183,5.1,85
collective_growth,OldTime,3,1,38.1,38.088596085179894,5.279999999999999,88
collective_growth,OldTime,3,2,60.99999999999999,60.91240042694978,5.9399999999999995,99
collective_growth,OldTime,4,0,19.900000000000002,20.00006308807317,5.279999999999999,88
collective_growth,OldTime,4,1,38.0,38.02773978077499,5.46,91
collective_growth,OldTime,4,2,61.5,61.45254982453794,6.12,102
collective_growth,OldTime,5,0,19.5,19.546713599018013,5.3999999999999995,90
collective_growth,OldTime,5,1,38.0,37.99427171853351,5.58,93
collective_growth,OldTime,5,2,62.09999999999999,62.01919132894558,6.24,104
collective_growth,OldTime,6,0,18.9,18.97632991895154,5.52,92
collective_growth,OldTime,6,1,37.9,37.9149896289015,5.76,96
collective_growth,OldTime,6,2,62.7,62.62880493154545,6.4799999999999995,108
collective_growth,OldTime,7,0,18.4,18.465538425911493,5.7,95
collective_growth,OldTime,7,1,37.9,37.903203802769454,5.88,98
collective_growth,OldTime,7,2,63.2,63.13801441268164,6.54,109
collective_growth,OldTime,8,0,17.8,17.881870024710544,5.819999999999999,97
collective_growth,OldTime,8,1,37.800000000000004,37.81942995665234,6.06,101
collective_growth,OldTime,8,2,63.800000000000004,63.734342991052316,6.779999999999999,113
collective_growth,OldTime,9,0,17.3,17.359896100505235,6.0,100
collective_growth,OldTime,9,1,37.800000000000004,37.79744246183175,6.18,103
collective_growth,OldTime,9,2,64.4,64.32125813444186,6.8999999999999995,115
collective_growth,OldTime,10,0,16.7,16.779156746159458,6.12,102
collective_growth,OldTime,10,1,37.699999999999996,37.71670547366844,6.359999999999999,106
collective_growth,OldTime,10,2,65.0,64.93039226649088,7.14,119
collective_growth,NoTime,0,0,22.099999999999998,22.100045381322097,4.68,78
collective_growth,NoTime,0,1,38.199999999999996,38.200083256491766,4.859999999999999,81
collective_growth,NoTime,0,2,59.199999999999996,59.20004326850997,5.46,91
collective_growth,NoTime,1,0,21.599999999999998,21.600043139022308,4.859999999999999,81
collective_growth,NoTime,1,1,38.199999999999996,38.200085744581784,4.9799999999999995,83
collective_growth,NoTime,1,2,59.800000000000004,59.80003450914174,5.58,93
collective_growth,NoTime,2,0,21.0,21.000041691724963,4.9799999999999995,83
collective_growth,NoTime,2,1,38.1,38.100091699557616,5.16,86
collective_growth,NoTime,2,2,60.4,60.40002454955154,5.819999999999999,97
collective_growth,NoTime,3,0,20.6,20.600037645486637,5.1,85
collective_growth,NoTime,3,1,38.1,38.10008830144492,5.279999999999999,88
collective_growth,NoTime,3,2,60.99999999999999,61.00001666626223,5.9399999999999995,99
collective_growth,NoTime,4,0,19.900000000000002,19.900032414651058,5.279999999999999,88
collective_growth,NoTime,4,1,38.0,38.00008314087717,5.46,91
collective_growth,NoTime,4,2,61.5,61.500007242725374,6.12,102
collective_growth,NoTime,5,0,19.5,19.500029508784298,5.3999999999999995,90
collective_growth,NoTime,5,1,38.0,38.00008000406733,5.58,93
collective_growth,NoTime,5,2,62.09999999999999,62.1000022777586,6.24,104
collective_growth,NoTime,6,0,18.9,18.900029730181213,5.52,92
collective_growth,NoTime,6,1,37.9,37.90008461131165,5.76,96
collective_growth,NoTime,6,2,62.7,62.699998309659236,6.4799999999999995,108
collective_growth,NoTime,7,0,18.4,18.400023879472663,5.7,95
collective_growth,NoTime,7,1,37.9,37.90007348062883,5.88,98
collective_growth,NoTime,7,2,63.2,63.19999310650578,6.54,109
collective_growth,NoTime,8,0,17.8,17.80002470140921,5.819999999999999,97
collective_growth,NoTime,8,1,37.800000000000004,37.800078595444184,6.06,101
collective_growth,NoTime,8,2,63.800000000000004,63.79999030202882,6.779999999999999,113
collective_growth,NoTime,9,0,17.3,17.300023104726794,6.0,100
collective_growth,NoTime,9,1,37.800000000000004,37.80007646721161,6.18,103
collective_growth,NoTime,9,2,64.4,64.3999879673264,6.8999999999999995,115
collective_growth,NoTime,10,0,16.7,16.700024123246376,6.12,102
collective_growth,NoTime,10,1,37.699999999999996,37.70008174843058,6.359999999999999,106
collective_growth,NoTime,10,2,65.0,64.99998554475175,7.14,119
collective_growth,NoReferencePenalty,0,0,22.099999999999998,22.100000591217764,4.68,78
collective_growth,NoReferencePenalty,0,1,38.199999999999996,38.19999005479701,4.859999999999999,81
collective_growth,NoReferencePenalty,0,2,59.199999999999996,59.20000935398521,5.46,91
collective_growth,NoReferencePenalty,1,0,21.599999999999998,21.599834391435138,4.859999999999999,81
collective_growth,NoReferencePenalty,1,1,38.199999999999996,38.1998914372121,4.9799999999999995,83
collective_growth,NoReferencePenalty,1,2,59.800000000000004,59.799729280286336,5.58,93
collective_growth,NoReferencePenalty,2,0,21.0,20.9995916860996,4.9799999999999995,83
collective_growth,NoReferencePenalty,2,1,38.1,38.09964451801774,5.16,86
collective_growth,NoReferencePenalty,2,2,60.4,60.39946566199696,5.819999999999999,97
collective_growth,NoReferencePenalty,3,0,20.6,20.599325314677454,5.1,85
collective_growth,NoReferencePenalty,3,1,38.1,38.09936663417165,5.279999999999999,88
collective_growth,NoReferencePenalty,3,2,60.99999999999999,60.99920241896838,5.9399999999999995,99
collective_growth,NoReferencePenalty,4,0,19.900000000000002,19.899045000759507,5.279999999999999,88
collective_growth,NoReferencePenalty,4,1,38.0,37.99906411575352,5.46,91
collective_growth,NoReferencePenalty,4,2,61.5,61.49893973437486,6.12,102
collective_growth,NoReferencePenalty,5,0,19.5,19.498782502554178,5.3999999999999995,90
collective_growth,NoReferencePenalty,5,1,38.0,37.99878369367252,5.58,93
collective_growth,NoReferencePenalty,5,2,62.09999999999999,62.09870002817355,6.24,104
collective_growth,NoReferencePenalty,6,0,18.9,18.898703167190135,5.52,92
collective_growth,NoReferencePenalty,6,1,37.9,37.89869817331506,5.76,96
collective_growth,NoReferencePenalty,6,2,62.7,62.698680560878934,6.4799999999999995,108
collective_growth,NoReferencePenalty,7,0,18.4,18.398713736038307,5.7,95
collective_growth,NoReferencePenalty,7,1,37.9,37.89871579961159,5.88,98
collective_growth,NoReferencePenalty,7,2,63.2,63.19871308514098,6.54,109
collective_growth,NoReferencePenalty,8,0,17.8,17.798950229249616,5.819999999999999,97
collective_growth,NoReferencePenalty,8,1,37.800000000000004,37.79901073309476,6.06,101
collective_growth,NoReferencePenalty,8,2,63.800000000000004,63.79895871296155,6.779999999999999,113
collective_growth,NoReferencePenalty,9,0,17.3,17.299237493736012,6.0,100
collective_growth,NoReferencePenalty,9,1,37.800000000000004,37.7993259776139,6.18,103
collective_growth,NoReferencePenalty,9,2,64.4,64.39923667235847,6.8999999999999995,115
collective_growth,NoReferencePenalty,10,0,16.7,16.69955711617597,6.12,102
collective_growth,NoReferencePenalty,10,1,37.699999999999996,37.69968274232864,6.359999999999999,106
collective_growth,NoReferencePenalty,10,2,65.0,64.99953002170346,7.14,119
collective_growth,ReferenceOnly,0,0,22.099999999999998,22.099999999999998,4.68,78
collective_growth,ReferenceOnly,0,1,38.199999999999996,38.19999999999993,4.859999999999999,81
collective_growth,ReferenceOnly,0,2,59.199999999999996,59.20000000000005,5.46,91
collective_growth,ReferenceOnly,1,0,21.599999999999998,21.599999999999998,4.859999999999999,81
collective_growth,ReferenceOnly,1,1,38.199999999999996,38.200000000000166,4.9799999999999995,83
collective_growth,ReferenceOnly,1,2,59.800000000000004,59.79999999999983,5.58,93
collective_growth,ReferenceOnly,2,0,21.0,21.0,4.9799999999999995,83
collective_growth,ReferenceOnly,2,1,38.1,38.100000000000136,5.16,86
collective_growth,ReferenceOnly,2,2,60.4,60.39999999999986,5.819999999999999,97
collective_growth,ReferenceOnly,3,0,20.6,20.6,5.1,85
collective_growth,ReferenceOnly,3,1,38.1,38.09999999999933,5.279999999999999,88
collective_growth,ReferenceOnly,3,2,60.99999999999999,61.00000000000065,5.9399999999999995,99
collective_growth,ReferenceOnly,4,0,19.900000000000002,19.900000000000002,5.279999999999999,88
collective_growth,ReferenceOnly,4,1,38.0,38.000000000000355,5.46,91
collective_growth,ReferenceOnly,4,2,61.5,61.49999999999965,6.12,102
collective_growth,ReferenceOnly,5,0,19.5,19.5,5.3999999999999995,90
collective_growth,ReferenceOnly,5,1,38.0,37.9999999999998,5.58,93
collective_growth,ReferenceOnly,5,2,62.09999999999999,62.100000000000186,6.24,104
collective_growth,ReferenceOnly,6,0,18.9,18.9,5.52,92
collective_growth,ReferenceOnly,6,1,37.9,37.899999999999736,5.76,96
collective_growth,ReferenceOnly,6,2,62.7,62.700000000000266,6.4799999999999995,108
collective_growth,ReferenceOnly,7,0,18.4,18.4,5.7,95
collective_growth,ReferenceOnly,7,1,37.9,37.90000000000061,5.88,98
collective_growth,ReferenceOnly,7,2,63.2,63.1999999999994,6.54,109
collective_growth,ReferenceOnly,8,0,17.8,17.8,5.819999999999999,97
collective_growth,ReferenceOnly,8,1,37.800000000000004,37.799999999999535,6.06,101
collective_growth,ReferenceOnly,8,2,63.800000000000004,63.80000000000047,6.779999999999999,113
collective_growth,ReferenceOnly,9,0,17.3,17.3,6.0,100
collective_growth,ReferenceOnly,9,1,37.800000000000004,37.799999999999265,6.18,103
collective_growth,ReferenceOnly,9,2,64.4,64.40000000000073,6.8999999999999995,115
collective_growth,ReferenceOnly,10,0,16.7,16.7,6.12,102
collective_growth,ReferenceOnly,10,1,37.699999999999996,37.700000000000294,6.359999999999999,106
collective_growth,ReferenceOnly,10,2,65.0,64.9999999999997,7.14,119
collective_growth,LegacyObjective,0,0,22.099999999999998,22.100002486210563,4.68,78
collective_growth,LegacyObjective,0,1,38.199999999999996,38.1999883734349,4.859999999999999,81
collective_growth,LegacyObjective,0,2,59.199999999999996,59.20000914035453,5.46,91
collective_growth,LegacyObjective,1,0,21.599999999999998,21.600000355172938,4.859999999999999,81
collective_growth,LegacyObjective,1,1,38.199999999999996,38.19999833906213,4.9799999999999995,83
collective_growth,LegacyObjective,1,2,59.800000000000004,59.800001305764944,5.58,93
collective_growth,LegacyObjective,2,0,21.0,21.00000005073899,4.9799999999999995,83
collective_growth,LegacyObjective,2,1,38.1,38.099999762723165,5.16,86
collective_growth,LegacyObjective,2,2,60.4,60.40000018653785,5.819999999999999,97
collective_growth,LegacyObjective,3,0,20.6,20.600000007248433,5.1,85
collective_growth,LegacyObjective,3,1,38.1,38.09999996610331,5.279999999999999,88
collective_growth,LegacyObjective,3,2,60.99999999999999,61.000000026648266,5.9399999999999995,99
collective_growth,LegacyObjective,4,0,19.900000000000002,19.900000001035497,5.279999999999999,88
collective_growth,LegacyObjective,4,1,38.0,37.99999999515762,5.46,91
collective_growth,LegacyObjective,4,2,61.5,61.500000003806896,6.12,102
collective_growth,LegacyObjective,5,0,19.5,19.50000000014793,5.3999999999999995,90
collective_growth,LegacyObjective,5,1,38.0,37.99999999930824,5.58,93
collective_growth,LegacyObjective,5,2,62.09999999999999,62.10000000054383,6.24,104
collective_growth,LegacyObjective,6,0,18.9,18.899931462106178,5.52,92
collective_growth,LegacyObjective,6,1,37.9,37.899923370885396,5.76,96
collective_growth,LegacyObjective,6,2,62.7,62.699919627465945,6.4799999999999995,108
collective_growth,LegacyObjective,7,0,18.4,18.399930608322798,5.7,95
collective_growth,LegacyObjective,7,1,37.9,37.89993015369878,5.88,98
collective_growth,LegacyObjective,7,2,63.2,63.19992961895397,6.54,109
collective_growth,LegacyObjective,8,0,17.8,17.799930195753422,5.819999999999999,97
collective_growth,LegacyObjective,8,1,37.800000000000004,37.799930130807134,6.06,101
collective_growth,LegacyObjective,8,2,63.800000000000004,63.799930054415015,6.779999999999999,113
collective_growth,LegacyObjective,9,0,17.3,17.29993013681493,6.0,100
collective_growth,LegacyObjective,9,1,37.800000000000004,37.799930127536896,6.18,103
collective_growth,LegacyObjective,9,2,64.4,64.39993011662372,6.8999999999999995,115
collective_growth,LegacyObjective,10,0,16.7,16.699930128395142,6.12,102
collective_growth,LegacyObjective,10,1,37.699999999999996,37.6999301270697,6.359999999999999,106
collective_growth,LegacyObjective,10,2,65.0,64.99993012551067,7.14,119
collective_growth,TightBudget,0,0,22.099999999999998,22.099999999999998,4.68,78
collective_growth,TightBudget,0,1,38.199999999999996,38.199999999999996,4.859999999999999,81
collective_growth,TightBudget,0,2,59.199999999999996,59.199999999999996,5.46,91
collective_growth,TightBudget,1,0,21.599999999999998,21.599999999999998,4.859999999999999,81
collective_growth,TightBudget,1,1,38.199999999999996,38.199999999999996,4.9799999999999995,83
collective_growth,TightBudget,1,2,59.800000000000004,59.800000000000004,5.58,93
collective_growth,TightBudget,2,0,21.0,21.0,4.9799999999999995,83
collective_growth,TightBudget,2,1,38.1,38.1,5.16,86
collective_growth,TightBudget,2,2,60.4,60.4,5.819999999999999,97
collective_growth,TightBudget,3,0,20.6,20.6,5.1,85
collective_growth,TightBudget,3,1,38.1,38.1,5.279999999999999,88
collective_growth,TightBudget,3,2,60.99999999999999,60.99999999999999,5.9399999999999995,99
collective_growth,TightBudget,4,0,19.900000000000002,19.900000000000002,5.279999999999999,88
collective_growth,TightBudget,4,1,38.0,38.0,5.46,91
collective_growth,TightBudget,4,2,61.5,61.5,6.12,102
collective_growth,TightBudget,5,0,19.5,19.5,5.3999999999999995,90
collective_growth,TightBudget,5,1,38.0,38.0,5.58,93
collective_growth,TightBudget,5,2,62.09999999999999,62.09999999999999,6.24,104
collective_growth,TightBudget,6,0,18.9,18.9,5.52,92
collective_growth,TightBudget,6,1,37.9,37.9,5.76,96
collective_growth,TightBudget,6,2,62.7,62.7,6.4799999999999995,108
collective_growth,TightBudget,7,0,18.4,18.4,5.7,95
collective_growth,TightBudget,7,1,37.9,37.9,5.88,98
collective_growth,TightBudget,7,2,63.2,63.2,6.54,109
collective_growth,TightBudget,8,0,17.8,17.8,5.819999999999999,97
collective_growth,TightBudget,8,1,37.800000000000004,37.800000000000004,6.06,101
collective_growth,TightBudget,8,2,63.800000000000004,63.800000000000004,6.779999999999999,113
collective_growth,TightBudget,9,0,17.3,17.3,6.0,100
collective_growth,TightBudget,9,1,37.800000000000004,37.800000000000004,6.18,103
collective_growth,TightBudget,9,2,64.4,64.4,6.8999999999999995,115
collective_growth,TightBudget,10,0,16.7,16.7,6.12,102
collective_growth,TightBudget,10,1,37.699999999999996,37.699999999999996,6.359999999999999,106
collective_growth,TightBudget,10,2,65.0,65.0,7.14,119
collective_growth,LooseBudget,0,0,22.099999999999998,22.099999177876487,4.68,78
collective_growth,LooseBudget,0,1,38.199999999999996,38.19999880622563,4.859999999999999,81
collective_growth,LooseBudget,0,2,59.199999999999996,59.19999896113612,5.46,91
collective_growth,LooseBudget,1,0,21.599999999999998,21.599999588102083,4.859999999999999,81
collective_growth,LooseBudget,1,1,38.199999999999996,38.19999952548217,4.9799999999999995,83
collective_growth,LooseBudget,1,2,59.800000000000004,59.799999552208796,5.58,93
collective_growth,LooseBudget,2,0,21.0,20.999999851426633,4.9799999999999995,83
collective_growth,LooseBudget,2,1,38.1,38.0999997950758,5.16,86
collective_growth,LooseBudget,2,2,60.4,60.39999989826576,5.819999999999999,97
collective_growth,LooseBudget,3,0,20.6,20.599999838698086,5.1,85
collective_growth,LooseBudget,3,1,38.1,38.099999818490645,5.279999999999999,88
collective_growth,LooseBudget,3,2,60.99999999999999,60.99999983663535,5.9399999999999995,99
collective_growth,LooseBudget,4,0,19.900000000000002,19.899999828656032,5.279999999999999,88
collective_growth,LooseBudget,4,1,38.0,37.99999980597855,5.46,91
collective_growth,LooseBudget,4,2,61.5,61.499999817311924,6.12,102
collective_growth,LooseBudget,5,0,19.5,19.499999820657326,5.3999999999999995,90
collective_growth,LooseBudget,5,1,38.0,37.99999980213072,5.58,93
collective_growth,LooseBudget,5,2,62.09999999999999,62.0999998109326,6.24,104
collective_growth,LooseBudget,6,0,18.9,18.89999981202493,5.52,92
collective_growth,LooseBudget,6,1,37.9,37.89999979192193,5.76,96
collective_growth,LooseBudget,6,2,62.7,62.69999980126755,6.4799999999999995,108
collective_growth,LooseBudget,7,0,18.4,18.39999987009948,5.7,95
collective_growth,LooseBudget,7,1,37.9,37.89999986176737,5.88,98
collective_growth,LooseBudget,7,2,63.2,63.19999986591859,6.54,109
collective_growth,LooseBudget,8,0,17.8,17.799999770906958,5.819999999999999,97
collective_growth,LooseBudget,8,1,37.800000000000004,37.7999975817938,6.06,101
collective_growth,LooseBudget,8,2,63.800000000000004,63.799998400203336,6.779999999999999,113
collective_growth,LooseBudget,9,0,17.3,17.299999530966126,6.0,100
collective_growth,LooseBudget,9,1,37.800000000000004,37.799999256961925,6.18,103
collective_growth,LooseBudget,9,2,64.4,64.39999936088905,6.8999999999999995,115
collective_growth,LooseBudget,10,0,16.7,16.6999996747688,6.12,102
collective_growth,LooseBudget,10,1,37.699999999999996,37.69999961358239,6.359999999999999,106
collective_growth,LooseBudget,10,2,65.0,64.99999963812274,7.14,119
translation_growth,Full,0,0,22.099999999999998,22.100045381322097,4.68,78
translation_growth,Full,0,1,38.199999999999996,38.200083256491766,4.859999999999999,81
translation_growth,Full,0,2,59.199999999999996,59.20004326850997,5.46,91
translation_growth,Full,1,0,22.599999999999994,22.600028613901035,4.859999999999999,81
translation_growth,Full,1,1,39.199999999999996,39.200058257294785,4.9799999999999995,83
translation_growth,Full,1,2,60.80000000000002,60.80001690888378,5.58,93
translation_growth,Full,2,0,23.0,23.00002155151651,4.9799999999999995,83
translation_growth,Full,2,1,40.1,40.10005278120111,5.16,86
translation_growth,Full,2,2,62.4,62.40000608868813,5.819999999999999,97
translation_growth,Full,3,0,23.6,23.600018088687666,5.1,85
translation_growth,Full,3,1,41.1,41.1000493193703,5.279999999999999,88
translation_growth,Full,3,2,64.0,64.00000116178795,5.9399999999999995,99
translation_growth,Full,4,0,24.0,24.000015651235195,5.22,87
translation_growth,Full,4,1,42.0,42.00004662106486,5.46,91
translation_growth,Full,4,2,65.5,65.49999731146876,6.12,102
translation_growth,Full,5,0,24.5,24.500014063723537,5.3999999999999995,90
translation_growth,Full,5,1,43.0,43.00004473876873,5.58,93
translation_growth,Full,5,2,67.1,67.09999499044535,6.24,104
translation_growth,Full,6,0,24.900000000000002,24.90001377716593,5.52,92
translation_growth,Full,6,1,43.9,43.90004678984684,5.76,96
translation_growth,Full,6,2,68.69999999999999,68.69999266767573,6.4799999999999995,108
translation_growth,Full,7,0,25.4,25.4000120977028,5.7,95
translation_growth,Full,7,1,44.9,44.900042486412445,5.88,98
translation_growth,Full,7,2,70.2,70.19999157053266,6.54,109
translation_growth,Full,8,0,25.8,25.800011789669057,5.819999999999999,97
translation_growth,Full,8,1,45.800000000000004,45.80004425516257,6.06,101
translation_growth,Full,8,2,71.80000000000001,71.7999894825158,6.779999999999999,113
translation_growth,Full,9,0,26.3,26.30001131082361,6.0,100
translation_growth,Full,9,1,46.800000000000004,46.80004376080123,6.18,103
translation_growth,Full,9,2,73.4,73.399988536389,6.8999999999999995,115
translation_growth,Full,10,0,26.7,26.700011539214096,6.12,102
translation_growth,Full,10,1,47.699999999999996,47.700046349491984,6.359999999999999,106
translation_growth,Full,10,2,75.0,74.99998690139515,7.14,119
translation_growth,RelativeWidth,0,0,22.099999999999998,22.100045381322097,4.68,78
translation_growth,RelativeWidth,0,1,38.199999999999996,38.200083256491766,4.859999999999999,81
translation_growth,RelativeWidth,0,2,59.199999999999996,59.20004326850997,5.46,91
translation_growth,RelativeWidth,1,0,22.599999999999994,22.600029664916544,4.727626459143969,81
translation_growth,RelativeWidth,1,1,39.199999999999996,39.20005851943011,4.844357976653696,83
translation_growth,RelativeWidth,1,2,60.80000000000002,60.8000201021902,5.428015564202334,93
translation_growth,RelativeWidth,2,0,23.0,23.00002413738966,4.680451127819549,83
translation_growth,RelativeWidth,2,1,40.1,40.10005356428942,4.849624060150376,86
translation_growth,RelativeWidth,2,2,62.4,62.40001337779178,5.469924812030075,97
translation_growth,RelativeWidth,3,0,23.6,23.600021834592848,4.6875,85
translation_growth,RelativeWidth,3,1,41.1,41.100050763354865,4.852941176470588,88
translation_growth,RelativeWidth,3,2,64.0,64.00001096929873,5.459558823529411,99
translation_growth,RelativeWidth,4,0,24.0,24.000020285431262,4.660714285714286,87
translation_growth,RelativeWidth,4,1,42.0,42.0000485183282,4.875,91
translation_growth,RelativeWidth,4,2,65.5,65.50000910216718,5.4642857142857135,102
translation_growth,RelativeWidth,5,0,24.5,24.500019478465266,4.70383275261324,90
translation_growth,RelativeWidth,5,1,43.0,43.000046962658416,4.860627177700348,93
translation_growth,RelativeWidth,5,2,67.1,67.10000864890061,5.43554006968641,104
translation_growth,RelativeWidth,6,0,24.900000000000002,24.90002002679439,4.662162162162162,92
translation_growth,RelativeWidth,6,1,43.9,43.900048859580124,4.864864864864865,96
translation_growth,RelativeWidth,6,2,68.69999999999999,68.70000890046425,5.472972972972974,108
translation_growth,RelativeWidth,7,0,25.4,25.40001859292368,4.718543046357616,95
translation_growth,RelativeWidth,7,1,44.9,44.90004495014602,4.8675496688741715,98
translation_growth,RelativeWidth,7,2,70.2,70.20000786908818,5.413907284768213,109
translation_growth,RelativeWidth,8,0,25.8,25.800018784853727,4.678456591639871,97
translation_growth,RelativeWidth,8,1,45.800000000000004,45.800046268246355,4.871382636655948,101
translation_growth,RelativeWidth,8,2,71.80000000000001,71.80000776980796,5.45016077170418,113
translation_growth,RelativeWidth,9,0,26.3,26.30001872182151,4.716981132075472,100
translation_growth,RelativeWidth,9,1,46.800000000000004,46.800045736131175,4.8584905660377355,103
translation_growth,RelativeWidth,9,2,73.4,73.4000080211837,5.4245283018867925,115
translation_growth,RelativeWidth,10,0,26.7,26.700019460114422,4.678899082568807,102
translation_growth,RelativeWidth,10,1,47.699999999999996,47.70004772821375,4.862385321100917,106
translation_growth,RelativeWidth,10,2,75.0,75.00000848591573,5.458715596330275,119
translation_growth,OldTime,0,0,22.099999999999998,22.100045381322097,4.68,78
translation_growth,OldTime,0,1,38.199999999999996,38.200083256491766,4.859999999999999,81
translation_growth,OldTime,0,2,59.199999999999996,59.20004326850997,5.46,91
translation_growth,OldTime,1,0,22.599999999999994,22.314839694587743,4.859999999999999,81
translation_growth,OldTime,1,1,39.199999999999996,38.85931947413718,4.9799999999999995,83
translation_growth,OldTime,1,2,60.80000000000002,60.392595631419475,5.58,93
translation_growth,OldTime,2,0,23.0,22.63252686072838,4.9799999999999995,83
translation_growth,OldTime,2,1,40.1,39.670833729014724,5.16,86
translation_growth,OldTime,2,2,62.4,61.88558640134448,5.819999999999999,97
translation_growth,OldTime,3,0,23.6,23.158356416217973,5.1,85
translation_growth,OldTime,3,1,41.1,40.607086829552905,5.279999999999999,88
translation_growth,OldTime,3,2,64.0,63.43089606540793,5.9399999999999995,99
translation_growth,OldTime,4,0,24.0,23.587699760207016,5.22,87
translation_growth,OldTime,4,1,42.0,41.526477400162825,5.46,91
translation_growth,OldTime,4,2,65.5,64.95129243820098,6.12,102
translation_growth,OldTime,5,0,24.5,24.06274704582951,5.3999999999999995,90
translation_growth,OldTime,5,1,43.0,42.50041760336029,5.58,93
translation_growth,OldTime,5,2,67.1,66.52534617920946,6.24,104
translation_growth,OldTime,6,0,24.900000000000002,24.480200516448388,5.52,92
translation_growth,OldTime,6,1,43.9,43.41775055206405,5.76,96
translation_growth,OldTime,6,2,68.69999999999999,68.13157659902352,6.4799999999999995,108
translation_growth,OldTime,7,0,25.4,24.966658301221678,5.7,95
translation_growth,OldTime,7,1,44.9,44.40419190600561,5.88,98
translation_growth,OldTime,7,2,70.2,69.63901100640363,6.54,109
translation_growth,OldTime,8,0,25.8,25.382216169022538,5.819999999999999,97
translation_growth,OldTime,8,1,45.800000000000004,45.31975051527213,6.06,101
translation_growth,OldTime,8,2,71.80000000000001,71.23467589118025,6.779999999999999,113
translation_growth,OldTime,9,0,26.3,25.860002144028083,6.0,100
translation_growth,OldTime,9,1,46.800000000000004,46.297535329336206,6.18,103
translation_growth,OldTime,9,2,73.4,72.8213631753492,6.8999999999999995,115
translation_growth,OldTime,10,0,26.7,26.279183326039643,6.12,102
translation_growth,OldTime,10,1,47.699999999999996,47.216718857785416,6.359999999999999,106
translation_growth,OldTime,10,2,75.0,74.43042067436531,7.14,119
translation_growth,NoTime,0,0,22.099999999999998,22.100045381322097,4.68,78
translation_growth,NoTime,0,1,38.199999999999996,38.200083256491766,4.859999999999999,81
translation_growth,NoTime,0,2,59.199999999999996,59.20004326850997,5.46,91
translation_growth,NoTime,1,0,22.599999999999994,22.600043139022304,4.859999999999999,81
translation_growth,NoTime,1,1,39.199999999999996,39.20008574458179,4.9799999999999995,83
translation_growth,NoTime,1,2,60.80000000000002,60.80003450914175,5.58,93
translation_growth,NoTime,2,0,23.0,23.000041691724963,4.9799999999999995,83
translation_growth,NoTime,2,1,40.1,40.100091699557616,5.16,86
translation_growth,NoTime,2,2,62.4,62.40002454955154,5.819999999999999,97
translation_growth,NoTime,3,0,23.6,23.600037645486637,5.1,85
translation_growth,NoTime,3,1,41.1,41.10008830144492,5.279999999999999,88
translation_growth,NoTime,3,2,64.0,64.00001666626224,5.9399999999999995,99
translation_growth,NoTime,4,0,24.0,24.000032353260227,5.22,87
translation_growth,NoTime,4,1,42.0,42.00008321009798,5.46,91
translation_growth,NoTime,4,2,65.5,65.50000701718531,6.12,102
translation_growth,NoTime,5,0,24.5,24.500029508784298,5.3999999999999995,90
translation_growth,NoTime,5,1,43.0,43.00008000406733,5.58,93
translation_growth,NoTime,5,2,67.1,67.1000022777586,6.24,104
translation_growth,NoTime,6,0,24.900000000000002,24.900029730181217,5.52,92
translation_growth,NoTime,6,1,43.9,43.90008461131165,5.76,96
translation_growth,NoTime,6,2,68.69999999999999,68.69999830965922,6.4799999999999995,108
translation_growth,NoTime,7,0,25.4,25.40002387947266,5.7,95
translation_growth,NoTime,7,1,44.9,44.90007348062883,5.88,98
translation_growth,NoTime,7,2,70.2,70.19999310650579,6.54,109
translation_growth,NoTime,8,0,25.8,25.800024701409207,5.819999999999999,97
translation_growth,NoTime,8,1,45.800000000000004,45.800078595444184,6.06,101
translation_growth,NoTime,8,2,71.80000000000001,71.79999030202883,6.779999999999999,113
translation_growth,NoTime,9,0,26.3,26.300023104726794,6.0,100
translation_growth,NoTime,9,1,46.800000000000004,46.80007646721161,6.18,103
translation_growth,NoTime,9,2,73.4,73.3999879673264,6.8999999999999995,115
translation_growth,NoTime,10,0,26.7,26.700024123246376,6.12,102
translation_growth,NoTime,10,1,47.699999999999996,47.70008174843058,6.359999999999999,106
translation_growth,NoTime,10,2,75.0,74.99998554475175,7.14,119
translation_growth,NoReferencePenalty,0,0,22.099999999999998,22.100000591217764,4.68,78
translation_growth,NoReferencePenalty,0,1,38.199999999999996,38.19999005479701,4.859999999999999,81
translation_growth,NoReferencePenalty,0,2,59.199999999999996,59.20000935398521,5.46,91
translation_growth,NoReferencePenalty,1,0,22.599999999999994,22.599834391435138,4.859999999999999,81
translation_growth,NoReferencePenalty,1,1,39.199999999999996,39.19989143721211,4.9799999999999995,83
translation_growth,NoReferencePenalty,1,2,60.80000000000002,60.79972928028636,5.58,93
translation_growth,NoReferencePenalty,2,0,23.0,22.999591686099606,4.9799999999999995,83
translation_growth,NoReferencePenalty,2,1,40.1,40.099644518017755,5.16,86
translation_growth,NoReferencePenalty,2,2,62.4,62.39946566199697,5.819999999999999,97
translation_growth,NoReferencePenalty,3,0,23.6,23.59932531467746,5.1,85
translation_growth,NoReferencePenalty,3,1,41.1,41.09936663417165,5.279999999999999,88
translation_growth,NoReferencePenalty,3,2,64.0,63.999202418968395,5.9399999999999995,99
translation_growth,NoReferencePenalty,4,0,24.0,23.999044851709964,5.22,87
translation_growth,NoReferencePenalty,4,1,42.0,41.999061618495475,5.46,91
translation_growth,NoReferencePenalty,4,2,65.5,65.49894171829474,6.12,102
translation_growth,NoReferencePenalty,5,0,24.5,24.49878229299539,5.3999999999999995,90
translation_growth,NoReferencePenalty,5,1,43.0,42.998783148691224,5.58,93
translation_growth,NoReferencePenalty,5,2,67.1,67.09870012358482,6.24,104
translation_growth,NoReferencePenalty,6,0,24.900000000000002,24.898702967327424,5.52,92
translation_growth,NoReferencePenalty,6,1,43.9,43.89869784103269,5.76,96
translation_growth,NoReferencePenalty,6,2,68.69999999999999,68.69868047727893,6.4799999999999995,108
translation_growth,NoReferencePenalty,7,0,25.4,25.398713533111174,5.7,95
translation_growth,NoReferencePenalty,7,1,44.9,44.898715578012165,5.88,98
translation_growth,NoReferencePenalty,7,2,70.2,70.19871289902832,6.54,109
translation_growth,NoReferencePenalty,8,0,25.8,25.798950026422823,5.819999999999999,97
translation_growth,NoReferencePenalty,8,1,45.800000000000004,45.79901052789661,6.06,101
translation_growth,NoReferencePenalty,8,2,71.80000000000001,71.79895851242512,6.779999999999999,113
translation_growth,NoReferencePenalty,9,0,26.3,26.299237291125568,6.0,100
translation_growth,NoReferencePenalty,9,1,46.800000000000004,46.79932577488868,6.18,103
translation_growth,NoReferencePenalty,9,2,73.4,73.39923646992153,6.8999999999999995,115
translation_growth,NoReferencePenalty,10,0,26.7,26.6995569134559,6.12,102
translation_growth,NoReferencePenalty,10,1,47.699999999999996,47.69968253969929,6.359999999999999,106
translation_growth,NoReferencePenalty,10,2,75.0,74.99952981886496,7.14,119
translation_growth,ReferenceOnly,0,0,22.099999999999998,22.099999999999998,4.68,78
translation_growth,ReferenceOnly,0,1,38.199999999999996,38.19999999999993,4.859999999999999,81
translation_growth,ReferenceOnly,0,2,59.199999999999996,59.20000000000005,5.46,91
translation_growth,ReferenceOnly,1,0,22.599999999999994,22.599999999999994,4.859999999999999,81
translation_growth,ReferenceOnly,1,1,39.199999999999996,39.200000000000166,4.9799999999999995,83
translation_growth,ReferenceOnly,1,2,60.80000000000002,60.79999999999985,5.58,93
translation_growth,ReferenceOnly,2,0,23.0,23.0,4.9799999999999995,83
translation_growth,ReferenceOnly,2,1,40.1,40.09999999999959,5.16,86
translation_growth,ReferenceOnly,2,2,62.4,62.400000000000404,5.819999999999999,97
translation_growth,ReferenceOnly,3,0,23.6,23.6,5.1,85
translation_growth,ReferenceOnly,3,1,41.1,41.09999999999987,5.279999999999999,88
translation_growth,ReferenceOnly,3,2,64.0,64.00000000000013,5.9399999999999995,99
translation_growth,ReferenceOnly,4,0,24.0,24.0,5.22,87
translation_growth,ReferenceOnly,4,1,42.0,41.99999999999973,5.46,91
translation_growth,ReferenceOnly,4,2,65.5,65.50000000000027,6.12,102
translation_growth,ReferenceOnly,5,0,24.5,24.5,5.3999999999999995,90
translation_growth,ReferenceOnly,5,1,43.0,42.99999999999929,5.58,93
translation_growth,ReferenceOnly,5,2,67.1,67.10000000000069,6.24,104
translation_growth,ReferenceOnly,6,0,24.900000000000002,24.900000000000002,5.52,92
translation_growth,ReferenceOnly,6,1,43.9,43.899999999999935,5.76,96
translation_growth,ReferenceOnly,6,2,68.69999999999999,68.70000000000006,6.4799999999999995,108
translation_growth,ReferenceOnly,7,0,25.4,25.4,5.7,95
translation_growth,ReferenceOnly,7,1,44.9,44.89999999999908,5.88,98
translation_growth,ReferenceOnly,7,2,70.2,70.20000000000091,6.54,109
translation_growth,ReferenceOnly,8,0,25.8,25.8,5.819999999999999,97
translation_growth,ReferenceOnly,8,1,45.800000000000004,45.80000000000036,6.06,101
translation_growth,ReferenceOnly,8,2,71.80000000000001,71.79999999999966,6.779999999999999,113
translation_growth,ReferenceOnly,9,0,26.3,26.3,6.0,100
translation_growth,ReferenceOnly,9,1,46.800000000000004,46.80000000000069,6.18,103
translation_growth,ReferenceOnly,9,2,73.4,73.39999999999932,6.8999999999999995,115
translation_growth,ReferenceOnly,10,0,26.7,26.7,6.12,102
translation_growth,ReferenceOnly,10,1,47.699999999999996,47.70000000000058,6.359999999999999,106
translation_growth,ReferenceOnly,10,2,75.0,74.99999999999942,7.14,119
translation_growth,LegacyObjective,0,0,22.099999999999998,22.100002486210563,4.68,78
translation_growth,LegacyObjective,0,1,38.199999999999996,38.1999883734349,4.859999999999999,81
translation_growth,LegacyObjective,0,2,59.199999999999996,59.20000914035453,5.46,91
translation_growth,LegacyObjective,1,0,22.599999999999994,22.600000355172934,4.859999999999999,81
translation_growth,LegacyObjective,1,1,39.199999999999996,39.19999833906213,4.9799999999999995,83
translation_growth,LegacyObjective,1,2,60.80000000000002,60.80000130576495,5.58,93
translation_growth,LegacyObjective,2,0,23.0,23.000000050738993,4.9799999999999995,83
translation_growth,LegacyObjective,2,1,40.1,40.099999762723165,5.16,86
translation_growth,LegacyObjective,2,2,62.4,62.400000186537845,5.819999999999999,97
translation_growth,LegacyObjective,3,0,23.6,23.600000007248433,5.1,85
translation_growth,LegacyObjective,3,1,41.1,41.09999996610331,5.279999999999999,88
translation_growth,LegacyObjective,3,2,64.0,64.00000002664827,5.9399999999999995,99
translation_growth,LegacyObjective,4,0,24.0,24.000000001035488,5.22,87
translation_growth,LegacyObjective,4,1,42.0,41.999999995157616,5.46,91
translation_growth,LegacyObjective,4,2,65.5,65.50000000380689,6.12,102
translation_growth,LegacyObjective,5,0,24.5,24.500000000147924,5.3999999999999995,90
translation_growth,LegacyObjective,5,1,43.0,42.99999999930823,5.58,93
translation_growth,LegacyObjective,5,2,67.1,67.10000000054384,6.24,104
translation_growth,LegacyObjective,6,0,24.900000000000002,24.899931462106178,5.52,92
translation_growth,LegacyObjective,6,1,43.9,43.89992337088539,5.76,96
translation_growth,LegacyObjective,6,2,68.69999999999999,68.69991962746593,6.4799999999999995,108
translation_growth,LegacyObjective,7,0,25.4,25.399930608322794,5.7,95
translation_growth,LegacyObjective,7,1,44.9,44.89993015369877,5.88,98
translation_growth,LegacyObjective,7,2,70.2,70.19992961895396,6.54,109
translation_growth,LegacyObjective,8,0,25.8,25.7999301957534,5.819999999999999,97
translation_growth,LegacyObjective,8,1,45.800000000000004,45.79993013080712,6.06,101
translation_growth,LegacyObjective,8,2,71.80000000000001,71.799930054415,6.779999999999999,113
translation_growth,LegacyObjective,9,0,26.3,26.299930136814915,6.0,100
translation_growth,LegacyObjective,9,1,46.800000000000004,46.79993012753688,6.18,103
translation_growth,LegacyObjective,9,2,73.4,73.39993011662372,6.8999999999999995,115
translation_growth,LegacyObjective,10,0,26.7,26.699930128395135,6.12,102
translation_growth,LegacyObjective,10,1,47.699999999999996,47.69993012706969,6.359999999999999,106
translation_growth,LegacyObjective,10,2,75.0,74.99993012551067,7.14,119
translation_growth,TightBudget,0,0,22.099999999999998,22.099999999999998,4.68,78
translation_growth,TightBudget,0,1,38.199999999999996,38.199999999999996,4.859999999999999,81
translation_growth,TightBudget,0,2,59.199999999999996,59.199999999999996,5.46,91
translation_growth,TightBudget,1,0,22.599999999999994,22.599999999999994,4.859999999999999,81
translation_growth,TightBudget,1,1,39.199999999999996,39.199999999999996,4.9799999999999995,83
translation_growth,TightBudget,1,2,60.80000000000002,60.80000000000002,5.58,93
translation_growth,TightBudget,2,0,23.0,23.0,4.9799999999999995,83
translation_growth,TightBudget,2,1,40.1,40.1,5.16,86
translation_growth,TightBudget,2,2,62.4,62.4,5.819999999999999,97
translation_growth,TightBudget,3,0,23.6,23.6,5.1,85
translation_growth,TightBudget,3,1,41.1,41.1,5.279999999999999,88
translation_growth,TightBudget,3,2,64.0,64.0,5.9399999999999995,99
translation_growth,TightBudget,4,0,24.0,24.0,5.22,87
translation_growth,TightBudget,4,1,42.0,42.0,5.46,91
translation_growth,TightBudget,4,2,65.5,65.5,6.12,102
translation_growth,TightBudget,5,0,24.5,24.5,5.3999999999999995,90
translation_growth,TightBudget,5,1,43.0,43.0,5.58,93
translation_growth,TightBudget,5,2,67.1,67.1,6.24,104
translation_growth,TightBudget,6,0,24.900000000000002,24.900000000000002,5.52,92
translation_growth,TightBudget,6,1,43.9,43.9,5.76,96
translation_growth,TightBudget,6,2,68.69999999999999,68.69999999999999,6.4799999999999995,108
translation_growth,TightBudget,7,0,25.4,25.4,5.7,95
translation_growth,TightBudget,7,1,44.9,44.9,5.88,98
translation_growth,TightBudget,7,2,70.2,70.2,6.54,109
translation_growth,TightBudget,8,0,25.8,25.8,5.819999999999999,97
translation_growth,TightBudget,8,1,45.800000000000004,45.800000000000004,6.06,101
translation_growth,TightBudget,8,2,71.80000000000001,71.80000000000001,6.779999999999999,113
translation_growth,TightBudget,9,0,26.3,26.3,6.0,100
translation_growth,TightBudget,9,1,46.800000000000004,46.800000000000004,6.18,103
translation_growth,TightBudget,9,2,73.4,73.4,6.8999999999999995,115
translation_growth,TightBudget,10,0,26.7,26.7,6.12,102
translation_growth,TightBudget,10,1,47.699999999999996,47.699999999999996,6.359999999999999,106
translation_growth,TightBudget,10,2,75.0,75.0,7.14,119
translation_growth,LooseBudget,0,0,22.099999999999998,22.099999177876487,4.68,78
translation_growth,LooseBudget,0,1,38.199999999999996,38.19999880622563,4.859999999999999,81
translation_growth,LooseBudget,0,2,59.199999999999996,59.19999896113612,5.46,91
translation_growth,LooseBudget,1,0,22.599999999999994,22.599999525609526,4.859999999999999,81
translation_growth,LooseBudget,1,1,39.199999999999996,39.19999915385491,4.9799999999999995,83
translation_growth,LooseBudget,1,2,60.80000000000002,60.799999303653316,5.58,93
translation_growth,LooseBudget,2,0,23.0,22.999999665301036,4.9799999999999995,83
translation_growth,LooseBudget,2,1,40.1,40.09999982163056,5.16,86
translation_growth,LooseBudget,2,2,62.4,62.39999976059848,5.819999999999999,97
translation_growth,LooseBudget,3,0,23.6,23.599999907118885,5.1,85
translation_growth,LooseBudget,3,1,41.1,41.09999992447388,5.279999999999999,88
translation_growth,LooseBudget,3,2,64.0,63.999999917698695,5.9399999999999995,99
translation_growth,LooseBudget,4,0,24.0,24.000001965269426,5.22,87
translation_growth,LooseBudget,4,1,42.0,41.99999970227584,5.46,91
translation_growth,LooseBudget,4,2,65.5,65.50000058251561,6.12,102
translation_growth,LooseBudget,5,0,24.5,24.500000385034447,5.3999999999999995,90
translation_growth,LooseBudget,5,1,43.0,43.00000013359072,5.58,93
translation_growth,LooseBudget,5,2,67.1,67.10000023139511,6.24,104
translation_growth,LooseBudget,6,0,24.900000000000002,24.899999884693383,5.52,92
translation_growth,LooseBudget,6,1,43.9,43.89999990916431,5.76,96
translation_growth,LooseBudget,6,2,68.69999999999999,68.6999998951641,6.4799999999999995,108
translation_growth,LooseBudget,7,0,25.4,25.399999645956413,5.7,95
translation_growth,LooseBudget,7,1,44.9,44.90000101645208,5.88,98
translation_growth,LooseBudget,7,2,70.2,70.20000052568103,6.54,109
translation_growth,LooseBudget,8,0,25.8,25.79999986047846,5.819999999999999,97
translation_growth,LooseBudget,8,1,45.800000000000004,45.80000041119845,6.06,101
translation_growth,LooseBudget,8,2,71.80000000000001,71.8000002133397,6.779999999999999,113
translation_growth,LooseBudget,9,0,26.3,26.300000024575812,6.0,100
translation_growth,LooseBudget,9,1,46.800000000000004,46.80000007679962,6.18,103
translation_growth,LooseBudget,9,2,73.4,73.40000005798137,6.8999999999999995,115
translation_growth,LooseBudget,10,0,26.7,26.699999804248776,6.12,102
translation_growth,LooseBudget,10,1,47.699999999999996,47.70000019775126,6.359999999999999,106
translation_growth,LooseBudget,10,2,75.0,75.0000000596466,7.14,119
hierarchy_conflict,Full,0,0,26.483333333333338,25.1121918072696,4.5,75
hierarchy_conflict,Full,0,1,56.66358024691358,51.40102805687691,4.859999999999999,81
hierarchy_conflict,Full,0,2,49.05882352941177,54.39102805687691,5.1,85
hierarchy_conflict,Full,0,3,82.17671232876712,83.47820193166463,4.38,73
hierarchy_conflict,Full,1,0,26.483333333333338,25.11219152283862,4.5,75
hierarchy_conflict,Full,1,1,56.66358024691358,51.40102720326211,4.859999999999999,81
hierarchy_conflict,Full,1,2,49.05882352941177,54.39102720326211,5.1,85
hierarchy_conflict,Full,1,3,82.17671232876712,83.47820171765846,4.38,73
hierarchy_conflict,Full,2,0,26.483333333333338,25.112191371068924,4.5,75
hierarchy_conflict,Full,2,1,56.66358024691358,51.40102698320364,4.859999999999999,81
hierarchy_conflict,Full,2,2,49.05882352941177,54.391026983203645,5.1,85
hierarchy_conflict,Full,2,3,82.17671232876712,83.47820157434768,4.38,73
hierarchy_conflict,Full,3,0,26.483333333333338,25.11219131364543,4.5,75
hierarchy_conflict,Full,3,1,56.66358024691358,51.40102691758905,4.859999999999999,81
hierarchy_conflict,Full,3,2,49.05882352941177,54.391026917589045,5.1,85
hierarchy_conflict,Full,3,3,82.17671232876712,83.47820151794137,4.38,73
hierarchy_conflict,Full,4,0,26.483333333333338,25.11219129368462,4.5,75
hierarchy_conflict,Full,4,1,56.66358024691358,51.401026896646385,4.859999999999999,81
hierarchy_conflict,Full,4,2,49.05882352941177,54.39102689664639,5.1,85
hierarchy_conflict,Full,4,3,82.17671232876712,83.47820149810327,4.38,73
hierarchy_conflict,Full,5,0,26.483333333333338,25.112191286932777,4.5,75
hierarchy_conflict,Full,5,1,56.66358024691358,51.401026889777064,4.859999999999999,81
hierarchy_conflict,Full,5,2,49.05882352941177,54.391026889777066,5.1,85
hierarchy_conflict,Full,5,3,82.17671232876712,83.47820149136636,4.38,73
hierarchy_conflict,Full,6,0,26.483333333333338,25.11219128467041,4.5,75
hierarchy_conflict,Full,6,1,56.66358024691358,51.40102688750071,4.859999999999999,81
hierarchy_conflict,Full,6,2,49.05882352941177,54.391026887500715,5.1,85
hierarchy_conflict,Full,6,3,82.17671232876712,83.47820148910586,4.38,73
hierarchy_conflict,Full,7,0,26.483333333333338,25.11219128391489,4.5,75
hierarchy_conflict,Full,7,1,56.66358024691358,51.40102688674355,4.859999999999999,81
hierarchy_conflict,Full,7,2,49.05882352941177,54.39102688674355,5.1,85
hierarchy_conflict,Full,7,3,82.17671232876712,83.47820148835058,4.38,73
hierarchy_conflict,Full,8,0,26.483333333333338,25.112191283662884,4.5,75
hierarchy_conflict,Full,8,1,56.66358024691358,51.401026886491366,4.859999999999999,81
hierarchy_conflict,Full,8,2,49.05882352941177,54.39102688649137,5.1,85
hierarchy_conflict,Full,8,3,82.17671232876712,83.4782014880986,4.38,73
hierarchy_conflict,Full,9,0,26.483333333333338,25.112191283578863,4.5,75
hierarchy_conflict,Full,9,1,56.66358024691358,51.40102688640733,4.859999999999999,81
hierarchy_conflict,Full,9,2,49.05882352941177,54.39102688640733,5.1,85
hierarchy_conflict,Full,9,3,82.17671232876712,83.4782014880146,4.38,73
hierarchy_conflict,Full,10,0,26.483333333333338,25.112191283550857,4.5,75
hierarchy_conflict,Full,10,1,56.66358024691358,51.40102688637932,4.859999999999999,81
hierarchy_conflict,Full,10,2,49.05882352941177,54.39102688637932,5.1,85
hierarchy_conflict,Full,10,3,82.17671232876712,83.4782014879866,4.38,73
hierarchy_conflict,RelativeWidth,0,0,26.483333333333338,25.1121918072696,4.5,75
hierarchy_conflict,RelativeWidth,0,1,56.66358024691358,51.40102805687691,4.859999999999999,81
hierarchy_conflict,RelativeWidth,0,2,49.05882352941177,54.39102805687691,5.1,85
hierarchy_conflict,RelativeWidth,0,3,82.17671232876712,83.47820193166463,4.38,73
hierarchy_conflict,RelativeWidth,1,0,26.483333333333338,25.11219152283862,4.5,75
hierarchy_conflict,RelativeWidth,1,1,56.66358024691358,51.40102720326211,4.859999999999999,81
hierarchy_conflict,RelativeWidth,1,2,49.05882352941177,54.39102720326211,5.1,85
hierarchy_conflict,RelativeWidth,1,3,82.17671232876712,83.47820171765846,4.38,73
hierarchy_conflict,RelativeWidth,2,0,26.483333333333338,25.112191371068924,4.5,75
hierarchy_conflict,RelativeWidth,2,1,56.66358024691358,51.40102698320364,4.859999999999999,81
hierarchy_conflict,RelativeWidth,2,2,49.05882352941177,54.391026983203645,5.1,85
hierarchy_conflict,RelativeWidth,2,3,82.17671232876712,83.47820157434768,4.38,73
hierarchy_conflict,RelativeWidth,3,0,26.483333333333338,25.11219131364543,4.5,75
hierarchy_conflict,RelativeWidth,3,1,56.66358024691358,51.40102691758905,4.859999999999999,81
hierarchy_conflict,RelativeWidth,3,2,49.05882352941177,54.391026917589045,5.1,85
hierarchy_conflict,RelativeWidth,3,3,82.17671232876712,83.47820151794137,4.38,73
hierarchy_conflict,RelativeWidth,4,0,26.483333333333338,25.11219129368462,4.5,75
hierarchy_conflict,RelativeWidth,4,1,56.66358024691358,51.401026896646385,4.859999999999999,81
hierarchy_conflict,RelativeWidth,4,2,49.05882352941177,54.39102689664639,5.1,85
hierarchy_conflict,RelativeWidth,4,3,82.17671232876712,83.47820149810327,4.38,73
hierarchy_conflict,RelativeWidth,5,0,26.483333333333338,25.112191286932777,4.5,75
hierarchy_conflict,RelativeWidth,5,1,56.66358024691358,51.401026889777064,4.859999999999999,81
hierarchy_conflict,RelativeWidth,5,2,49.05882352941177,54.391026889777066,5.1,85
hierarchy_conflict,RelativeWidth,5,3,82.17671232876712,83.47820149136636,4.38,73
hierarchy_conflict,RelativeWidth,6,0,26.483333333333338,25.11219128467041,4.5,75
hierarchy_conflict,RelativeWidth,6,1,56.66358024691358,51.40102688750071,4.859999999999999,81
hierarchy_conflict,RelativeWidth,6,2,49.05882352941177,54.391026887500715,5.1,85
hierarchy_conflict,RelativeWidth,6,3,82.17671232876712,83.47820148910586,4.38,73
hierarchy_conflict,RelativeWidth,7,0,26.483333333333338,25.11219128391489,4.5,75
hierarchy_conflict,RelativeWidth,7,1,56.66358024691358,51.40102688674355,4.859999999999999,81
hierarchy_conflict,RelativeWidth,7,2,49.05882352941177,54.39102688674355,5.1,85
hierarchy_conflict,RelativeWidth,7,3,82.17671232876712,83.47820148835058,4.38,73
hierarchy_conflict,RelativeWidth,8,0,26.483333333333338,25.112191283662884,4.5,75
hierarchy_conflict,RelativeWidth,8,1,56.66358024691358,51.401026886491366,4.859999999999999,81
hierarchy_conflict,RelativeWidth,8,2,49.05882352941177,54.39102688649137,5.1,85
hierarchy_conflict,RelativeWidth,8,3,82.17671232876712,83.4782014880986,4.38,73
hierarchy_conflict,RelativeWidth,9,0,26.483333333333338,25.112191283578863,4.5,75
hierarchy_conflict,RelativeWidth,9,1,56.66358024691358,51.40102688640733,4.859999999999999,81
hierarchy_conflict,RelativeWidth,9,2,49.05882352941177,54.39102688640733,5.1,85
hierarchy_conflict,RelativeWidth,9,3,82.17671232876712,83.4782014880146,4.38,73
hierarchy_conflict,RelativeWidth,10,0,26.483333333333338,25.112191283550857,4.5,75
hierarchy_conflict,RelativeWidth,10,1,56.66358024691358,51.40102688637932,4.859999999999999,81
hierarchy_conflict,RelativeWidth,10,2,49.05882352941177,54.39102688637932,5.1,85
hierarchy_conflict,RelativeWidth,10,3,82.17671232876712,83.4782014879866,4.38,73
hierarchy_conflict,OldTime,0,0,26.483333333333338,25.1121918072696,4.5,75
hierarchy_conflict,OldTime,0,1,56.66358024691358,51.40102805687691,4.859999999999999,81
hierarchy_conflict,OldTime,0,2,49.05882352941177,54.39102805687691,5.1,85
hierarchy_conflict,OldTime,0,3,82.17671232876712,83.47820193166463,4.38,73
hierarchy_conflict,OldTime,1,0,26.483333333333338,25.11219152283862,4.5,75
hierarchy_conflict,OldTime,1,1,56.66358024691358,51.40102720326211,4.859999999999999,81
hierarchy_conflict,OldTime,1,2,49.05882352941177,54.39102720326211,5.1,85
hierarchy_conflict,OldTime,1,3,82.17671232876712,83.47820171765846,4.38,73
hierarchy_conflict,OldTime,2,0,26.483333333333338,25.112191371068924,4.5,75
hierarchy_conflict,OldTime,2,1,56.66358024691358,51.40102698320364,4.859999999999999,81
hierarchy_conflict,OldTime,2,2,49.05882352941177,54.391026983203645,5.1,85
hierarchy_conflict,OldTime,2,3,82.17671232876712,83.47820157434768,4.38,73
hierarchy_conflict,OldTime,3,0,26.483333333333338,25.11219131364543,4.5,75
hierarchy_conflict,OldTime,3,1,56.66358024691358,51.40102691758905,4.859999999999999,81
hierarchy_conflict,OldTime,3,2,49.05882352941177,54.39102691758905,5.1,85
hierarchy_conflict,OldTime,3,3,82.17671232876712,83.47820151794137,4.38,73
hierarchy_conflict,OldTime,4,0,26.483333333333338,25.11219129368462,4.5,75
hierarchy_conflict,OldTime,4,1,56.66358024691358,51.401026896646385,4.859999999999999,81
hierarchy_conflict,OldTime,4,2,49.05882352941177,54.39102689664639,5.1,85
hierarchy_conflict,OldTime,4,3,82.17671232876712,83.47820149810327,4.38,73
hierarchy_conflict,OldTime,5,0,26.483333333333338,25.112191286932777,4.5,75
hierarchy_conflict,OldTime,5,1,56.66358024691358,51.401026889777064,4.859999999999999,81
hierarchy_conflict,OldTime,5,2,49.05882352941177,54.391026889777066,5.1,85
hierarchy_conflict,OldTime,5,3,82.17671232876712,83.47820149136636,4.38,73
hierarchy_conflict,OldTime,6,0,26.483333333333338,25.11219128467041,4.5,75
hierarchy_conflict,OldTime,6,1,56.66358024691358,51.40102688750071,4.859999999999999,81
hierarchy_conflict,OldTime,6,2,49.05882352941177,54.391026887500715,5.1,85
hierarchy_conflict,OldTime,6,3,82.17671232876712,83.47820148910586,4.38,73
hierarchy_conflict,OldTime,7,0,26.483333333333338,25.11219128391489,4.5,75
hierarchy_conflict,OldTime,7,1,56.66358024691358,51.40102688674355,4.859999999999999,81
hierarchy_conflict,OldTime,7,2,49.05882352941177,54.39102688674355,5.1,85
hierarchy_conflict,OldTime,7,3,82.17671232876712,83.47820148835058,4.38,73
hierarchy_conflict,OldTime,8,0,26.483333333333338,25.112191283662884,4.5,75
hierarchy_conflict,OldTime,8,1,56.66358024691358,51.401026886491366,4.859999999999999,81
hierarchy_conflict,OldTime,8,2,49.05882352941177,54.39102688649137,5.1,85
hierarchy_conflict,OldTime,8,3,82.17671232876712,83.47820148809862,4.38,73
hierarchy_conflict,OldTime,9,0,26.483333333333338,25.112191283578866,4.5,75
hierarchy_conflict,OldTime,9,1,56.66358024691358,51.40102688640733,4.859999999999999,81
hierarchy_conflict,OldTime,9,2,49.05882352941177,54.39102688640733,5.1,85
hierarchy_conflict,OldTime,9,3,82.17671232876712,83.4782014880146,4.38,73
hierarchy_conflict,OldTime,10,0,26.483333333333338,25.112191283550857,4.5,75
hierarchy_conflict,OldTime,10,1,56.66358024691358,51.40102688637932,4.859999999999999,81
hierarchy_conflict,OldTime,10,2,49.05882352941177,54.39102688637932,5.1,85
hierarchy_conflict,OldTime,10,3,82.17671232876712,83.4782014879866,4.38,73
hierarchy_conflict,NoTime,0,0,26.483333333333338,25.1121918072696,4.5,75
hierarchy_conflict,NoTime,0,1,56.66358024691358,51.40102805687691,4.859999999999999,81
hierarchy_conflict,NoTime,0,2,49.05882352941177,54.39102805687691,5.1,85
hierarchy_conflict,NoTime,0,3,82.17671232876712,83.47820193166463,4.38,73
hierarchy_conflict,NoTime,1,0,26.483333333333338,25.1121918072696,4.5,75
hierarchy_conflict,NoTime,1,1,56.66358024691358,51.40102805687691,4.859999999999999,81
hierarchy_conflict,NoTime,1,2,49.05882352941177,54.39102805687691,5.1,85
hierarchy_conflict,NoTime,1,3,82.17671232876712,83.47820193166463,4.38,73
hierarchy_conflict,NoTime,2,0,26.483333333333338,25.1121918072696,4.5,75
hierarchy_conflict,NoTime,2,1,56.66358024691358,51.40102805687691,4.859999999999999,81
hierarchy_conflict,NoTime,2,2,49.05882352941177,54.39102805687691,5.1,85
hierarchy_conflict,NoTime,2,3,82.17671232876712,83.47820193166463,4.38,73
hierarchy_conflict,NoTime,3,0,26.483333333333338,25.1121918072696,4.5,75
hierarchy_conflict,NoTime,3,1,56.66358024691358,51.40102805687691,4.859999999999999,81
hierarchy_conflict,NoTime,3,2,49.05882352941177,54.39102805687691,5.1,85
hierarchy_conflict,NoTime,3,3,82.17671232876712,83.47820193166463,4.38,73
hierarchy_conflict,NoTime,4,0,26.483333333333338,25.1121918072696,4.5,75
hierarchy_conflict,NoTime,4,1,56.66358024691358,51.40102805687691,4.859999999999999,81
hierarchy_conflict,NoTime,4,2,49.05882352941177,54.39102805687691,5.1,85
hierarchy_conflict,NoTime,4,3,82.17671232876712,83.47820193166463,4.38,73
hierarchy_conflict,NoTime,5,0,26.483333333333338,25.1121918072696,4.5,75
hierarchy_conflict,NoTime,5,1,56.66358024691358,51.40102805687691,4.859999999999999,81
hierarchy_conflict,NoTime,5,2,49.05882352941177,54.39102805687691,5.1,85
hierarchy_conflict,NoTime,5,3,82.17671232876712,83.47820193166463,4.38,73
hierarchy_conflict,NoTime,6,0,26.483333333333338,25.1121918072696,4.5,75
hierarchy_conflict,NoTime,6,1,56.66358024691358,51.40102805687691,4.859999999999999,81
hierarchy_conflict,NoTime,6,2,49.05882352941177,54.39102805687691,5.1,85
hierarchy_conflict,NoTime,6,3,82.17671232876712,83.47820193166463,4.38,73
hierarchy_conflict,NoTime,7,0,26.483333333333338,25.1121918072696,4.5,75
hierarchy_conflict,NoTime,7,1,56.66358024691358,51.40102805687691,4.859999999999999,81
hierarchy_conflict,NoTime,7,2,49.05882352941177,54.39102805687691,5.1,85
hierarchy_conflict,NoTime,7,3,82.17671232876712,83.47820193166463,4.38,73
hierarchy_conflict,NoTime,8,0,26.483333333333338,25.1121918072696,4.5,75
hierarchy_conflict,NoTime,8,1,56.66358024691358,51.40102805687691,4.859999999999999,81
hierarchy_conflict,NoTime,8,2,49.05882352941177,54.39102805687691,5.1,85
hierarchy_conflict,NoTime,8,3,82.17671232876712,83.47820193166463,4.38,73
hierarchy_conflict,NoTime,9,0,26.483333333333338,25.1121918072696,4.5,75
hierarchy_conflict,NoTime,9,1,56.66358024691358,51.40102805687691,4.859999999999999,81
hierarchy_conflict,NoTime,9,2,49.05882352941177,54.39102805687691,5.1,85
hierarchy_conflict,NoTime,9,3,82.17671232876712,83.47820193166463,4.38,73
hierarchy_conflict,NoTime,10,0,26.483333333333338,25.1121918072696,4.5,75
hierarchy_conflict,NoTime,10,1,56.66358024691358,51.40102805687691,4.859999999999999,81
hierarchy_conflict,NoTime,10,2,49.05882352941177,54.39102805687691,5.1,85
hierarchy_conflict,NoTime,10,3,82.17671232876712,83.47820193166463,4.38,73
hierarchy_conflict,NoReferencePenalty,0,0,26.483333333333338,24.598015058867492,4.5,75
hierarchy_conflict,NoReferencePenalty,0,1,56.66358024691358,51.204151217179735,4.859999999999999,81
hierarchy_conflict,NoReferencePenalty,0,2,49.05882352941177,54.61402339181604,5.1,85
hierarchy_conflict,NoReferencePenalty,0,3,82.17671232876712,83.96625977056254,4.38,73
hierarchy_conflict,NoReferencePenalty,1,0,26.483333333333338,24.598013326810918,4.5,75
hierarchy_conflict,NoReferencePenalty,1,1,56.66358024691358,51.20415284243187,4.859999999999999,81
hierarchy_conflict,NoReferencePenalty,1,2,49.05882352941177,54.61402256623971,5.1,85
hierarchy_conflict,NoReferencePenalty,1,3,82.17671232876712,83.96626053110128,4.38,73
hierarchy_conflict,NoReferencePenalty,2,0,26.483333333333338,24.598013017145412,4.5,75
hierarchy_conflict,NoReferencePenalty,2,1,56.66358024691358,51.20415305694501,4.859999999999999,81
hierarchy_conflict,NoReferencePenalty,2,2,49.05882352941177,54.61402240563209,5.1,85
hierarchy_conflict,NoReferencePenalty,2,3,82.17671232876712,83.96626061500592,4.38,73
hierarchy_conflict,NoReferencePenalty,3,0,26.483333333333338,24.59801293206973,4.5,75
hierarchy_conflict,NoReferencePenalty,3,1,56.66358024691358,51.204153053727914,4.859999999999999,81
hierarchy_conflict,NoReferencePenalty,3,2,49.05882352941177,54.61402234499967,5.1,85
hierarchy_conflict,NoReferencePenalty,3,3,82.17671232876712,83.96626059207338,4.38,73
hierarchy_conflict,NoReferencePenalty,4,0,26.483333333333338,24.5980128824558,4.5,75
hierarchy_conflict,NoReferencePenalty,4,1,56.66358024691358,51.20415301690036,4.859999999999999,81
hierarchy_conflict,NoReferencePenalty,4,2,49.05882352941177,54.614022299384395,5.1,85
hierarchy_conflict,NoReferencePenalty,4,3,82.17671232876712,83.96626055227173,4.38,73
hierarchy_conflict,NoReferencePenalty,5,0,26.483333333333338,24.598012838441054,4.5,75
hierarchy_conflict,NoReferencePenalty,5,1,56.66358024691358,51.20415297488335,4.859999999999999,81
hierarchy_conflict,NoReferencePenalty,5,2,49.05882352941177,54.614022256022565,5.1,85
hierarchy_conflict,NoReferencePenalty,5,3,82.17671232876712,83.96626050980646,4.38,73
hierarchy_conflict,NoReferencePenalty,6,0,26.483333333333338,24.59801279531031,4.5,75
hierarchy_conflict,NoReferencePenalty,6,1,56.66358024691358,51.20415293206487,4.859999999999999,81
hierarchy_conflict,NoReferencePenalty,6,2,49.05882352941177,54.614022212998464,5.1,85
hierarchy_conflict,NoReferencePenalty,6,3,82.17671232876712,83.96626046692052,4.38,73
hierarchy_conflict,NoReferencePenalty,7,0,26.483333333333338,24.598012752319057,4.5,75
hierarchy_conflict,NoReferencePenalty,7,1,56.66358024691358,51.204152889122504,4.859999999999999,81
hierarchy_conflict,NoReferencePenalty,7,2,49.05882352941177,54.61402217002484,5.1,85
hierarchy_conflict,NoReferencePenalty,7,3,82.17671232876712,83.96626042396805,4.38,73
hierarchy_conflict,NoReferencePenalty,8,0,26.483333333333338,24.59801270934975,4.5,75
hierarchy_conflict,NoReferencePenalty,8,1,56.66358024691358,51.20415284616092,4.859999999999999,81
hierarchy_conflict,NoReferencePenalty,8,2,49.05882352941177,54.61402212705868,5.1,85
hierarchy_conflict,NoReferencePenalty,8,3,82.17671232876712,83.96626038100501,4.38,73
hierarchy_conflict,NoReferencePenalty,9,0,26.483333333333338,24.59801266638382,4.5,75
hierarchy_conflict,NoReferencePenalty,9,1,56.66358024691358,51.20415280319628,4.859999999999999,81
hierarchy_conflict,NoReferencePenalty,9,2,49.05882352941177,54.614022084093556,5.1,85
hierarchy_conflict,NoReferencePenalty,9,3,82.17671232876712,83.96626033804023,4.38,73
hierarchy_conflict,NoReferencePenalty,10,0,26.483333333333338,24.598012623418338,4.5,75
hierarchy_conflict,NoReferencePenalty,10,1,56.66358024691358,51.204152760231075,4.859999999999999,81
hierarchy_conflict,NoReferencePenalty,10,2,49.05882352941177,54.61402204112849,5.1,85
hierarchy_conflict,NoReferencePenalty,10,3,82.17671232876712,83.96626029507507,4.38,73
hierarchy_conflict,ReferenceOnly,0,0,26.483333333333338,26.483333333333338,4.5,75
hierarchy_conflict,ReferenceOnly,0,1,56.66358024691358,51.366201888162664,4.859999999999999,81
hierarchy_conflict,ReferenceOnly,0,2,49.05882352941177,54.35620188816266,5.1,85
hierarchy_conflict,ReferenceOnly,0,3,82.17671232876712,82.17671232876712,4.38,73
hierarchy_conflict,ReferenceOnly,1,0,26.483333333333338,26.483332951422764,4.5,75
hierarchy_conflict,ReferenceOnly,1,1,56.66358024691358,51.36620188816267,4.859999999999999,81
hierarchy_conflict,ReferenceOnly,1,2,49.05882352941177,54.356201888162666,5.1,85
hierarchy_conflict,ReferenceOnly,1,3,82.17671232876712,82.17671262421804,4.38,73
hierarchy_conflict,ReferenceOnly,2,0,26.483333333333338,26.48333282411731,4.5,75
hierarchy_conflict,ReferenceOnly,2,1,56.66358024691358,51.36620188816265,4.859999999999999,81
hierarchy_conflict,ReferenceOnly,2,2,49.05882352941177,54.35620188816265,5.1,85
hierarchy_conflict,ReferenceOnly,2,3,82.17671232876712,82.17671272270343,4.38,73
hierarchy_conflict,ReferenceOnly,3,0,26.483333333333338,26.483332781681515,4.5,75
hierarchy_conflict,ReferenceOnly,3,1,56.66358024691358,51.366201888162664,4.859999999999999,81
hierarchy_conflict,ReferenceOnly,3,2,49.05882352941177,54.356201888162666,5.1,85
hierarchy_conflict,ReferenceOnly,3,3,82.17671232876712,82.17671275553246,4.38,73
hierarchy_conflict,ReferenceOnly,4,0,26.483333333333338,26.483332767536034,4.5,75
hierarchy_conflict,ReferenceOnly,4,1,56.66358024691358,51.36620188816268,4.859999999999999,81
hierarchy_conflict,ReferenceOnly,4,2,49.05882352941177,54.35620188816268,5.1,85
hierarchy_conflict,ReferenceOnly,4,3,82.17671232876712,82.17671276647569,4.38,73
hierarchy_conflict,ReferenceOnly,5,0,26.483333333333338,26.483332762820805,4.5,75
hierarchy_conflict,ReferenceOnly,5,1,56.66358024691358,51.36620188816269,4.859999999999999,81
hierarchy_conflict,ReferenceOnly,5,2,49.05882352941177,54.356201888162694,5.1,85
hierarchy_conflict,ReferenceOnly,5,3,82.17671232876712,82.17671277012349,4.38,73
hierarchy_conflict,ReferenceOnly,6,0,26.483333333333338,26.483332761249034,4.5,75
hierarchy_conflict,ReferenceOnly,6,1,56.66358024691358,51.366201888162664,4.859999999999999,81
hierarchy_conflict,ReferenceOnly,6,2,49.05882352941177,54.356201888162666,5.1,85
hierarchy_conflict,ReferenceOnly,6,3,82.17671232876712,82.17671277133945,4.38,73
hierarchy_conflict,ReferenceOnly,7,0,26.483333333333338,26.483332760725105,4.5,75
hierarchy_conflict,ReferenceOnly,7,1,56.66358024691358,51.36620188816268,4.859999999999999,81
hierarchy_conflict,ReferenceOnly,7,2,49.05882352941177,54.35620188816267,5.1,85
hierarchy_conflict,ReferenceOnly,7,3,82.17671232876712,82.17671277174476,4.38,73
hierarchy_conflict,ReferenceOnly,8,0,26.483333333333338,26.483332760550457,4.5,75
hierarchy_conflict,ReferenceOnly,8,1,56.66358024691358,51.36620188816269,4.859999999999999,81
hierarchy_conflict,ReferenceOnly,8,2,49.05882352941177,54.356201888162694,5.1,85
hierarchy_conflict,ReferenceOnly,8,3,82.17671232876712,82.17671277187988,4.38,73
hierarchy_conflict,ReferenceOnly,9,0,26.483333333333338,26.483332760492242,4.5,75
hierarchy_conflict,ReferenceOnly,9,1,56.66358024691358,51.36620188816269,4.859999999999999,81
hierarchy_conflict,ReferenceOnly,9,2,49.05882352941177,54.356201888162694,5.1,85
hierarchy_conflict,ReferenceOnly,9,3,82.17671232876712,82.17671277192491,4.38,73
hierarchy_conflict,ReferenceOnly,10,0,26.483333333333338,26.483332760472837,4.5,75
hierarchy_conflict,ReferenceOnly,10,1,56.66358024691358,51.36620188816269,4.859999999999999,81
hierarchy_conflict,ReferenceOnly,10,2,49.05882352941177,54.356201888162694,5.1,85
hierarchy_conflict,ReferenceOnly,10,3,82.17671232876712,82.17671277193993,4.38,73
hierarchy_conflict,LegacyObjective,0,0,26.483333333333338,24.59801269590786,4.5,75
hierarchy_conflict,LegacyObjective,0,1,56.66358024691358,51.21677595434555,4.859999999999999,81
hierarchy_conflict,LegacyObjective,0,2,49.05882352941177,54.60139990567746,5.1,85
hierarchy_conflict,LegacyObjective,0,3,82.17671232876712,83.96626088249494,4.38,73
hierarchy_conflict,LegacyObjective,1,0,26.483333333333338,24.59801285908415,4.5,75
hierarchy_conflict,LegacyObjective,1,1,56.66358024691358,51.2167757949313,4.859999999999999,81
hierarchy_conflict,LegacyObjective,1,2,49.05882352941177,54.60139927765702,5.1,85
hierarchy_conflict,LegacyObjective,1,3,82.17671232876712,83.96626051448814,4.38,73
hierarchy_conflict,LegacyObjective,2,0,26.483333333333338,24.59801265667837,4.5,75
hierarchy_conflict,LegacyObjective,2,1,56.66358024691358,51.216775556119806,4.859999999999999,81
hierarchy_conflict,LegacyObjective,2,2,49.05882352941177,54.60139898788561,5.1,85
hierarchy_conflict,LegacyObjective,2,3,82.17671232876712,83.96626025306323,4.38,73
hierarchy_conflict,LegacyObjective,3,0,26.483333333333338,24.59801241358073,4.5,75
hierarchy_conflict,LegacyObjective,3,1,56.66358024691358,51.21677530892514,4.859999999999999,81
hierarchy_conflict,LegacyObjective,3,2,49.05882352941177,54.601398735102315,5.1,85
hierarchy_conflict,LegacyObjective,3,3,82.17671232876712,83.96626000341408,4.38,73
hierarchy_conflict,LegacyObjective,4,0,26.483333333333338,24.59801216588838,4.5,75
hierarchy_conflict,LegacyObjective,4,1,56.66358024691358,51.21677506078109,4.859999999999999,81
hierarchy_conflict,LegacyObjective,4,2,49.05882352941177,54.60139848629855,5.1,85
hierarchy_conflict,LegacyObjective,4,3,82.17671232876712,83.96625975500051,4.38,73
hierarchy_conflict,LegacyObjective,5,0,26.483333333333338,24.59801191761191,4.5,75
hierarchy_conflict,LegacyObjective,5,1,56.66358024691358,51.21677481246397,4.859999999999999,81
hierarchy_conflict,LegacyObjective,5,2,49.05882352941177,54.60139823785718,5.1,85
hierarchy_conflict,LegacyObjective,5,3,82.17671232876712,83.9662595066507,4.38,73
hierarchy_conflict,LegacyObjective,6,0,26.483333333333338,24.598011669196904,4.5,75
hierarchy_conflict,LegacyObjective,6,1,56.66358024691358,51.21677456405464,4.859999999999999,81
hierarchy_conflict,LegacyObjective,6,2,49.05882352941177,54.60139798938179,5.1,85
hierarchy_conflict,LegacyObjective,6,3,82.17671232876712,83.96625925823436,4.38,73
hierarchy_conflict,LegacyObjective,7,0,26.483333333333338,24.598011420692853,4.5,75
hierarchy_conflict,LegacyObjective,7,1,56.66358024691358,51.21677431556149,4.859999999999999,81
hierarchy_conflict,LegacyObjective,7,2,49.05882352941177,54.601397740828894,5.1,85
hierarchy_conflict,LegacyObjective,7,3,82.17671232876712,83.966259009737,4.38,73
hierarchy_conflict,LegacyObjective,8,0,26.483333333333338,24.598011172105252,4.5,75
hierarchy_conflict,LegacyObjective,8,1,56.66358024691358,51.21677406698539,4.859999999999999,81
hierarchy_conflict,LegacyObjective,8,2,49.05882352941177,54.60139749219374,5.1,85
hierarchy_conflict,LegacyObjective,8,3,82.17671232876712,83.966258761157,4.38,73
hierarchy_conflict,LegacyObjective,9,0,26.483333333333338,24.598010923434693,4.5,75
hierarchy_conflict,LegacyObjective,9,1,56.66358024691358,51.21677381832638,4.859999999999999,81
hierarchy_conflict,LegacyObjective,9,2,49.05882352941177,54.60139724347577,5.1,85
hierarchy_conflict,LegacyObjective,9,3,82.17671232876712,83.96625851249412,4.38,73
hierarchy_conflict,LegacyObjective,10,0,26.483333333333338,24.59801067468122,4.5,75
hierarchy_conflict,LegacyObjective,10,1,56.66358024691358,51.21677356958448,4.859999999999999,81
hierarchy_conflict,LegacyObjective,10,2,49.05882352941177,54.60139699467493,5.1,85
hierarchy_conflict,LegacyObjective,10,3,82.17671232876712,83.96625826374837,4.38,73
hierarchy_conflict,TightBudget,0,0,26.483333333333338,25.092294302580445,4.5,75
hierarchy_conflict,TightBudget,0,1,56.66358024691358,51.36620188816268,4.859999999999999,81
hierarchy_conflict,TightBudget,0,2,49.05882352941177,54.35620188816268,5.1,85
hierarchy_conflict,TightBudget,0,3,82.17671232876712,83.4583000680896,4.38,73
hierarchy_conflict,TightBudget,1,0,26.483333333333338,25.092294521806163,4.5,75
hierarchy_conflict,TightBudget,1,1,56.66358024691358,51.36620188816268,4.859999999999999,81
hierarchy_conflict,TightBudget,1,2,49.05882352941177,54.35620188816268,5.1,85
hierarchy_conflict,TightBudget,1,3,82.17671232876712,83.45829996766724,4.38,73
hierarchy_conflict,TightBudget,2,0,26.483333333333338,25.092294551467642,4.5,75
hierarchy_conflict,TightBudget,2,1,56.66358024691358,51.36620188816268,4.859999999999999,81
hierarchy_conflict,TightBudget,2,2,49.05882352941177,54.35620188816268,5.1,85
hierarchy_conflict,TightBudget,2,3,82.17671232876712,83.458299958971,4.38,73
hierarchy_conflict,TightBudget,3,0,26.483333333333338,25.09229455561897,4.5,75
hierarchy_conflict,TightBudget,3,1,56.66358024691358,51.36620188816268,4.859999999999999,81
hierarchy_conflict,TightBudget,3,2,49.05882352941177,54.35620188816268,5.1,85
hierarchy_conflict,TightBudget,3,3,82.17671232876712,83.4582999585194,4.38,73
hierarchy_conflict,TightBudget,4,0,26.483333333333338,25.092294556221596,4.5,75
hierarchy_conflict,TightBudget,4,1,56.66358024691358,51.36620188816268,4.859999999999999,81
hierarchy_conflict,TightBudget,4,2,49.05882352941177,54.35620188816268,5.1,85
hierarchy_conflict,TightBudget,4,3,82.17671232876712,83.45829995856968,4.38,73
hierarchy_conflict,TightBudget,5,0,26.483333333333338,25.092294556312343,4.5,75
hierarchy_conflict,TightBudget,5,1,56.66358024691358,51.36620188816268,4.859999999999999,81
hierarchy_conflict,TightBudget,5,2,49.05882352941177,54.35620188816268,5.1,85
hierarchy_conflict,TightBudget,5,3,82.17671232876712,83.45829995859415,4.38,73
hierarchy_conflict,TightBudget,6,0,26.483333333333338,25.092294556326486,4.5,75
hierarchy_conflict,TightBudget,6,1,56.66358024691358,51.36620188816268,4.859999999999999,81
hierarchy_conflict,TightBudget,6,2,49.05882352941177,54.35620188816268,5.1,85
hierarchy_conflict,TightBudget,6,3,82.17671232876712,83.45829995860035,4.38,73
hierarchy_conflict,TightBudget,7,0,26.483333333333338,25.09229455632876,4.5,75
hierarchy_conflict,TightBudget,7,1,56.66358024691358,51.36620188816268,4.859999999999999,81
hierarchy_conflict,TightBudget,7,2,49.05882352941177,54.35620188816268,5.1,85
hierarchy_conflict,TightBudget,7,3,82.17671232876712,83.45829995860166,4.38,73
hierarchy_conflict,TightBudget,8,0,26.483333333333338,25.092294556329133,4.5,75
hierarchy_conflict,TightBudget,8,1,56.66358024691358,51.36620188816268,4.859999999999999,81
hierarchy_conflict,TightBudget,8,2,49.05882352941177,54.35620188816268,5.1,85
hierarchy_conflict,TightBudget,8,3,82.17671232876712,83.45829995860191,4.38,73
hierarchy_conflict,TightBudget,9,0,26.483333333333338,25.092294556329193,4.5,75
hierarchy_conflict,TightBudget,9,1,56.66358024691358,51.36620188816268,4.859999999999999,81
hierarchy_conflict,TightBudget,9,2,49.05882352941177,54.35620188816268,5.1,85
hierarchy_conflict,TightBudget,9,3,82.17671232876712,83.45829995860197,4.38,73
hierarchy_conflict,TightBudget,10,0,26.483333333333338,25.092294556329204,4.5,75
hierarchy_conflict,TightBudget,10,1,56.66358024691358,51.36620188816268,4.859999999999999,81
hierarchy_conflict,TightBudget,10,2,49.05882352941177,54.35620188816268,5.1,85
hierarchy_conflict,TightBudget,10,3,82.17671232876712,83.45829995860197,4.38,73
hierarchy_conflict,LooseBudget,0,0,26.483333333333338,25.112189296431907,4.5,75
hierarchy_conflict,LooseBudget,0,1,56.66358024691358,51.40102702068071,4.859999999999999,81
hierarchy_conflict,LooseBudget,0,2,49.05882352941177,54.39102702068071,5.1,85
hierarchy_conflict,LooseBudget,0,3,82.17671232876712,83.47820090569773,4.38,73
hierarchy_conflict,LooseBudget,1,0,26.483333333333338,25.112190500407085,4.5,75
hierarchy_conflict,LooseBudget,1,1,56.66358024691358,51.40102739273244,4.859999999999999,81
hierarchy_conflict,LooseBudget,1,2,49.05882352941177,54.39102739273244,5.1,85
hierarchy_conflict,LooseBudget,1,3,82.17671232876712,83.47820145604422,4.38,73
hierarchy_conflict,LooseBudget,2,0,26.483333333333338,25.112190778133492,4.5,75
hierarchy_conflict,LooseBudget,2,1,56.66358024691358,51.40102757062801,4.859999999999999,81
hierarchy_conflict,LooseBudget,2,2,49.05882352941177,54.39102757062801,5.1,85
hierarchy_conflict,LooseBudget,2,3,82.17671232876712,83.47820165533516,4.38,73
hierarchy_conflict,LooseBudget,3,0,26.483333333333338,25.112190855877127,4.5,75
hierarchy_conflict,LooseBudget,3,1,56.66358024691358,51.40102763639194,4.859999999999999,81
hierarchy_conflict,LooseBudget,3,2,49.05882352941177,54.39102763639194,5.1,85
hierarchy_conflict,LooseBudget,3,3,82.17671232876712,83.47820172366653,4.38,73
hierarchy_conflict,LooseBudget,4,0,26.483333333333338,25.112190880011852,4.5,75
hierarchy_conflict,LooseBudget,4,1,56.66358024691358,51.401027659089095,4.859999999999999,81
hierarchy_conflict,LooseBudget,4,2,49.05882352941177,54.3910276590891,5.1,85
hierarchy_conflict,LooseBudget,4,3,82.17671232876712,83.47820174667177,4.38,73
hierarchy_conflict,LooseBudget,5,0,26.483333333333338,25.112190887843184,4.5,75
hierarchy_conflict,LooseBudget,5,1,56.66358024691358,51.40102766674792,4.859999999999999,81
hierarchy_conflict,LooseBudget,5,2,49.05882352941177,54.39102766674792,5.1,85
hierarchy_conflict,LooseBudget,5,3,82.17671232876712,83.47820175436757,4.38,73
hierarchy_conflict,LooseBudget,6,0,26.483333333333338,25.112190890428,4.5,75
hierarchy_conflict,LooseBudget,6,1,56.66358024691358,51.40102766931203,4.859999999999999,81
hierarchy_conflict,LooseBudget,6,2,49.05882352941177,54.39102766931203,5.1,85
hierarchy_conflict,LooseBudget,6,3,82.17671232876712,83.47820175693613,4.38,73
hierarchy_conflict,LooseBudget,7,0,26.483333333333338,25.112190891286527,4.5,75
hierarchy_conflict,LooseBudget,7,1,56.66358024691358,51.40102767016808,4.859999999999999,81
hierarchy_conflict,LooseBudget,7,2,49.05882352941177,54.39102767016807,5.1,85
hierarchy_conflict,LooseBudget,7,3,82.17671232876712,83.4782017577927,4.38,73
hierarchy_conflict,LooseBudget,8,0,26.483333333333338,25.112190891572332,4.5,75
hierarchy_conflict,LooseBudget,8,1,56.66358024691358,51.40102767045359,4.859999999999999,81
hierarchy_conflict,LooseBudget,8,2,49.05882352941177,54.39102767045358,5.1,85
hierarchy_conflict,LooseBudget,8,3,82.17671232876712,83.47820175807827,4.38,73
hierarchy_conflict,LooseBudget,9,0,26.483333333333338,25.11219089166756,4.5,75
hierarchy_conflict,LooseBudget,9,1,56.66358024691358,51.40102767054877,4.859999999999999,81
hierarchy_conflict,LooseBudget,9,2,49.05882352941177,54.39102767054877,5.1,85
hierarchy_conflict,LooseBudget,9,3,82.17671232876712,83.47820175817347,4.38,73
hierarchy_conflict,LooseBudget,10,0,26.483333333333338,25.112190891699296,4.5,75
hierarchy_conflict,LooseBudget,10,1,56.66358024691358,51.401027670580504,4.859999999999999,81
hierarchy_conflict,LooseBudget,10,2,49.05882352941177,54.391027670580506,5.1,85
hierarchy_conflict,LooseBudget,10,3,82.17671232876712,83.4782017582052,4.38,73
topology_change,Full,0,0,26.483333333333338,25.1121918072696,4.5,75
topology_change,Full,0,1,56.66358024691358,51.40102805687691,4.859999999999999,81
topology_change,Full,0,2,49.05882352941177,54.39102805687691,5.1,85
topology_change,Full,0,3,82.17671232876712,83.47820193166463,4.38,73
topology_change,Full,1,0,26.329605263157898,24.954969164437205,4.56,76
topology_change,Full,1,1,56.666666666666664,51.38551533133914,5.04,84
topology_change,Full,1,2,49.05882352941177,54.42051533133914,5.1,85
topology_change,Full,1,3,82.17671232876712,83.47080718807777,4.38,73
topology_change,Full,2,0,26.026282051282053,24.646959311897827,4.68,78
topology_change,Full,2,1,56.64367816091954,51.35796554506585,5.22,87
topology_change,Full,2,2,49.05882352941177,54.43796554506585,5.1,85
topology_change,Full,2,3,82.17671232876712,83.46260496426156,4.38,73
topology_change,Full,3,0,25.728125,24.344718279487132,4.8,80
topology_change,Full,3,1,56.61516853932584,51.33359746941062,5.34,89
topology_change,Full,3,2,49.05882352941177,54.44359746941062,5.1,85
topology_change,Full,3,3,82.17671232876712,83.45691576830059,4.38,73
topology_change,Full,4,0,25.434756097560978,24.04590680361203,4.92,82
topology_change,Full,4,1,56.554347826086946,51.287652597474036,5.52,92
topology_change,Full,4,2,49.05882352941177,54.44265259747404,5.1,85
topology_change,Full,4,3,82.17671232876712,83.44842788903259,4.38,73
topology_change,Full,5,0,25.145833333333332,23.751033997213582,5.04,84
topology_change,Full,5,1,56.473684210526315,51.232322607742546,5.7,95
topology_change,Full,5,2,49.05882352941177,54.43232260774255,5.1,85
topology_change,Full,5,3,82.17671232876712,83.4393756937767,4.38,73
topology_change,Full,6,0,24.861046511627915,23.45990875767667,5.16,86
topology_change,Full,6,1,56.375,51.16830083742603,5.88,98
topology_change,Full,6,2,49.05882352941177,54.413300837426036,5.1,85
topology_change,Full,6,3,82.17671232876712,83.43007243851743,4.38,73
topology_change,Full,7,0,24.580113636363638,23.17484253232591,5.279999999999999,88
topology_change,Full,7,1,56.33838383838384,51.146099957070454,5.9399999999999995,99
topology_change,Full,7,2,49.05882352941177,54.40609995707045,5.1,85
topology_change,Full,7,3,82.17671232876712,83.42699105348066,4.38,73
topology_change,Full,8,0,24.302777777777777,22.89267041462075,5.3999999999999995,90
topology_change,Full,8,1,56.74270833333333,51.373040135532385,5.76,96
topology_change,Full,8,2,49.05882352941177,54.58804013553239,5.1,85
topology_change,Full,8,3,82.17671232876712,83.42727133923567,4.38,73
topology_change,Full,9,0,24.165384615384617,22.752090363276537,5.46,91
topology_change,Full,9,1,57.002659574468076,51.519544782620535,5.64,94
topology_change,Full,9,2,49.05882352941177,54.70454478262054,5.1,85
topology_change,Full,9,3,82.17671232876712,83.42739774604064,4.38,73
topology_change,Full,10,0,23.893010752688173,22.475405640261485,5.58,93
topology_change,Full,10,1,57.25434782608696,51.662228132579315,5.52,92
topology_change,Full,10,2,49.05882352941177,54.81722813257932,5.1,85
topology_change,Full,10,3,82.17671232876712,83.42803103702508,4.38,73
topology_change,RelativeWidth,0,0,26.483333333333338,25.1121918072696,4.5,75
topology_change,RelativeWidth,0,1,56.66358024691358,51.40102805687691,4.859999999999999,81
topology_change,RelativeWidth,0,2,49.05882352941177,54.39102805687691,5.1,85
topology_change,RelativeWidth,0,3,82.17671232876712,83.47820193166463,4.38,73
topology_change,RelativeWidth,1,0,26.329605263157898,24.954968364883324,4.502641509433962,76
topology_change,RelativeWidth,1,1,56.666666666666664,51.40145683266476,4.976603773584905,84
topology_change,RelativeWidth,1,2,49.05882352941177,54.40457004021193,5.035849056603773,85
topology_change,RelativeWidth,1,3,82.17671232876712,83.4708063845221,4.324905660377358,73
topology_change,RelativeWidth,2,0,26.026282051282053,24.646959841667137,4.5495975232198145,78
topology_change,RelativeWidth,2,1,56.64367816091954,51.39390882012827,5.074551083591331,87
topology_change,RelativeWidth,2,2,49.05882352941177,54.40202027523663,4.957894736842105,85
topology_change,RelativeWidth,2,3,82.17671232876712,83.46260352888535,4.2579566563467495,73
topology_change,RelativeWidth,3,0,25.728125,24.344718425883258,4.609174311926605,80
topology_change,RelativeWidth,3,1,56.61516853932584,51.38547769132295,5.127706422018348,89
topology_change,RelativeWidth,3,2,49.05882352941177,54.39171622343304,4.897247706422019,85
topology_change,RelativeWidth,3,3,82.17671232876712,83.45691501771391,4.205871559633027,73
topology_change,RelativeWidth,4,0,25.434756097560978,24.045904589352478,4.653253012048192,82
topology_change,RelativeWidth,4,1,56.554347826086946,51.35962599540449,5.220722891566266,92
topology_change,RelativeWidth,4,2,49.05882352941177,54.370680212271964,4.823493975903614,85
topology_change,RelativeWidth,4,3,82.17671232876712,83.44842817483138,4.142530120481928,73
topology_change,RelativeWidth,5,0,25.145833333333332,23.751033214102648,4.6960237388724035,84
topology_change,RelativeWidth,5,1,56.473684210526315,51.32445903083095,5.310979228486646,95
topology_change,RelativeWidth,5,2,49.05882352941177,54.34018603379831,4.751928783382789,85
topology_change,RelativeWidth,5,3,82.17671232876712,83.43937433203635,4.08106824925816,73
topology_change,RelativeWidth,6,0,24.861046511627915,23.459909097372428,4.737543859649122,86
topology_change,RelativeWidth,6,1,56.375,51.2806691511503,5.39859649122807,98
topology_change,RelativeWidth,6,2,49.05882352941177,54.30093230904504,4.682456140350877,85
topology_change,RelativeWidth,6,3,82.17671232876712,83.43007202615935,4.02140350877193,73
topology_change,RelativeWidth,7,0,24.580113636363638,23.174842799467033,4.805565217391304,88
topology_change,RelativeWidth,7,1,56.33838383838384,51.270099922229235,5.406260869565217,99
topology_change,RelativeWidth,7,2,49.05882352941177,54.282099922229236,4.641739130434782,85
topology_change,RelativeWidth,7,3,82.17671232876712,83.42699096154138,3.9864347826086957,73
topology_change,RelativeWidth,8,0,24.302777777777777,22.892668733455743,4.9290697674418595,90
topology_change,RelativeWidth,8,1,56.74270833333333,51.49142647820393,5.257674418604651,96
topology_change,RelativeWidth,8,2,49.05882352941177,54.46965322238997,4.655232558139534,85
topology_change,RelativeWidth,8,3,82.17671232876712,83.4272703798109,3.998023255813953,73
topology_change,RelativeWidth,9,0,24.165384615384617,22.752091700872413,4.9983673469387755,91
topology_change,RelativeWidth,9,1,57.002659574468076,51.633050024575155,5.163148688046647,94
topology_change,RelativeWidth,9,2,49.05882352941177,54.59103836276757,4.668804664723033,85
topology_change,RelativeWidth,9,3,82.17671232876712,83.42739908014788,4.009679300291546,73
topology_change,RelativeWidth,10,0,23.893010752688173,22.475400292926807,5.108221574344023,93
topology_change,RelativeWidth,10,1,57.25434782608696,51.77446758436743,5.053294460641399,92
topology_change,RelativeWidth,10,2,49.05882352941177,54.704992365708534,4.668804664723033,85
topology_change,RelativeWidth,10,3,82.17671232876712,83.4280307469105,4.009679300291546,73
topology_change,OldTime,0,0,26.483333333333338,25.1121918072696,4.5,75
topology_change,OldTime,0,1,56.66358024691358,51.40102805687691,4.859999999999999,81
topology_change,OldTime,0,2,49.05882352941177,54.39102805687691,5.1,85
topology_change,OldTime,0,3,82.17671232876712,83.47820193166463,4.38,73
topology_change,OldTime,1,0,26.329605263157898,24.981450834314316,4.56,76
topology_change,OldTime,1,1,56.666666666666664,51.39336464369216,5.04,84
topology_change,OldTime,1,2,49.05882352941177,54.428364643692156,5.1,85
topology_change,OldTime,1,3,82.17671232876712,83.47884147838589,4.38,73
topology_change,OldTime,2,0,26.026282051282053,24.70661779900849,4.68,78
topology_change,OldTime,2,1,56.64367816091954,51.38036784256951,5.22,87
topology_change,OldTime,2,2,49.05882352941177,54.46036784256951,5.1,85
topology_change,OldTime,2,3,82.17671232876712,83.48365019201326,4.38,73
topology_change,OldTime,3,0,25.728125,24.41177363293768,4.8,80
topology_change,OldTime,3,1,56.61516853932584,51.36211121002693,5.34,89
topology_change,OldTime,3,2,49.05882352941177,54.47211121002693,5.1,85
topology_change,OldTime,3,3,82.17671232876712,83.48355542056129,4.38,73
topology_change,OldTime,4,0,25.434756097560978,24.116086107602985,4.92,82
topology_change,OldTime,4,1,56.554347826086946,51.32165292835892,5.52,92
topology_change,OldTime,4,2,49.05882352941177,54.476652928358924,5.1,85
topology_change,OldTime,4,3,82.17671232876712,83.47855395506059,4.38,73
topology_change,OldTime,5,0,25.145833333333332,23.822812528229697,5.04,84
topology_change,OldTime,5,1,56.473684210526315,51.26993018899506,5.7,95
topology_change,OldTime,5,2,49.05882352941177,54.469930188995065,5.1,85
topology_change,OldTime,5,3,82.17671232876712,83.47167800159966,4.38,73
topology_change,OldTime,6,0,24.861046511627915,23.532710841726548,5.16,86
topology_change,OldTime,6,1,56.375,51.20874904161659,5.88,98
topology_change,OldTime,6,2,49.05882352941177,54.45374904161659,5.1,85
topology_change,OldTime,6,3,82.17671232876712,83.46396295715012,4.38,73
topology_change,OldTime,7,0,24.580113636363638,23.244231423284837,5.279999999999999,88
topology_change,OldTime,7,1,56.33838383838384,51.18009140717383,5.9399999999999995,99
topology_change,OldTime,7,2,49.05882352941177,54.44009140717383,5.1,85
topology_change,OldTime,7,3,82.17671232876712,83.4579986115343,4.38,73
topology_change,OldTime,8,0,24.302777777777777,22.936485045120033,5.3999999999999995,90
topology_change,OldTime,8,1,56.74270833333333,51.355067141679456,5.76,96
topology_change,OldTime,8,2,49.05882352941177,54.57006714167946,5.1,85
topology_change,OldTime,8,3,82.17671232876712,83.43319973842125,4.38,73
topology_change,OldTime,9,0,24.165384615384617,22.768037597738292,5.46,91
topology_change,OldTime,9,1,57.002659574468076,51.49598995963625,5.64,94
topology_change,OldTime,9,2,49.05882352941177,54.68098995963625,5.1,85
topology_change,OldTime,9,3,82.17671232876712,83.42231034091463,4.38,73
topology_change,OldTime,10,0,23.893010752688173,22.50917204891428,5.58,93
topology_change,OldTime,10,1,57.25434782608696,51.643470716690935,5.52,92
topology_change,OldTime,10,2,49.05882352941177,54.798470716690936,5.1,85
topology_change,OldTime,10,3,82.17671232876712,83.42658985009432,4.38,73
topology_change,NoTime,0,0,26.483333333333338,25.1121918072696,4.5,75
topology_change,NoTime,0,1,56.66358024691358,51.40102805687691,4.859999999999999,81
topology_change,NoTime,0,2,49.05882352941177,54.39102805687691,5.1,85
topology_change,NoTime,0,3,82.17671232876712,83.47820193166463,4.38,73
topology_change,NoTime,1,0,26.329605263157898,24.954493056174258,4.56,76
topology_change,NoTime,1,1,56.666666666666664,51.38625818033825,5.04,84
topology_change,NoTime,1,2,49.05882352941177,54.42125818033825,5.1,85
topology_change,NoTime,1,3,82.17671232876712,83.46979880040108,4.38,73
topology_change,NoTime,2,0,26.026282051282053,24.646320505451325,4.68,78
topology_change,NoTime,2,1,56.64367816091954,51.3588446974657,5.22,87
topology_change,NoTime,2,2,49.05882352941177,54.4388446974657,5.1,85
topology_change,NoTime,2,3,82.17671232876712,83.46148660021602,4.38,73
topology_change,NoTime,3,0,25.728125,24.344161525096194,4.8,80
topology_change,NoTime,3,1,56.61516853932584,51.334263988841684,5.34,89
topology_change,NoTime,3,2,49.05882352941177,54.44426398884168,5.1,85
topology_change,NoTime,3,3,82.17671232876712,83.45614006266582,4.38,73
topology_change,NoTime,4,0,25.434756097560978,24.04516269936713,4.92,82
topology_change,NoTime,4,1,56.554347826086946,51.2886033295443,5.52,92
topology_change,NoTime,4,2,49.05882352941177,54.4436033295443,5.1,85
topology_change,NoTime,4,3,82.17671232876712,83.44727095813175,4.38,73
topology_change,NoTime,5,0,25.145833333333332,23.750221513146425,5.04,84
topology_change,NoTime,5,1,56.473684210526315,51.2333457391357,5.7,95
topology_change,NoTime,5,2,49.05882352941177,54.4333457391357,5.1,85
topology_change,NoTime,5,3,82.17671232876712,83.4381407053853,4.38,73
topology_change,NoTime,6,0,24.861046511627915,23.459045428078458,5.16,86
topology_change,NoTime,6,1,56.375,51.16936694874132,5.88,98
topology_change,NoTime,6,2,49.05882352941177,54.414366948741325,5.1,85
topology_change,NoTime,6,3,82.17671232876712,83.428803056463,4.38,73
topology_change,NoTime,7,0,24.580113636363638,23.17427940856505,5.279999999999999,88
topology_change,NoTime,7,1,56.33838383838384,51.14659171839125,5.9399999999999995,99
topology_change,NoTime,7,2,49.05882352941177,54.40659171839125,5.1,85
topology_change,NoTime,7,3,82.17671232876712,83.42657053586254,4.38,73
topology_change,NoTime,8,0,24.302777777777777,22.892010980185873,5.3999999999999995,90
topology_change,NoTime,8,1,56.74270833333333,51.37335075965097,5.76,96
topology_change,NoTime,8,2,49.05882352941177,54.58835075965097,5.1,85
topology_change,NoTime,8,3,82.17671232876712,83.42730952584284,4.38,73
topology_change,NoTime,9,0,24.165384615384617,22.75165737344466,5.46,91
topology_change,NoTime,9,1,57.002659574468076,51.51975282985311,5.64,94
topology_change,NoTime,9,2,49.05882352941177,54.70475282985311,5.1,85
topology_change,NoTime,9,3,82.17671232876712,83.42741702553796,4.38,73
topology_change,NoTime,10,0,23.893010752688173,22.47481483737553,5.58,93
topology_change,NoTime,10,1,57.25434782608696,51.66248072342867,5.52,92
topology_change,NoTime,10,2,49.05882352941177,54.81748072342867,5.1,85
topology_change,NoTime,10,3,82.17671232876712,83.4281183752749,4.38,73
topology_change,NoReferencePenalty,0,0,26.483333333333338,24.598015058867492,4.5,75
topology_change,NoReferencePenalty,0,1,56.66358024691358,51.204151217179735,4.859999999999999,81
topology_change,NoReferencePenalty,0,2,49.05882352941177,54.61402339181604,5.1,85
topology_change,NoReferencePenalty,0,3,82.17671232876712,83.96625977056254,4.38,73
topology_change,NoReferencePenalty,1,0,26.329605263157898,24.43968748358749,4.56,76
topology_change,NoReferencePenalty,1,1,56.666666666666664,51.235272870391114,5.04,84
topology_change,NoReferencePenalty,1,2,49.05882352941177,54.60031662632027,5.1,85
topology_change,NoReferencePenalty,1,3,82.17671232876712,83.9565307085047,4.38,73
topology_change,NoReferencePenalty,2,0,26.026282051282053,24.13002340464589,4.68,78
topology_change,NoReferencePenalty,2,1,56.64367816091954,51.255491420894074,5.22,87
topology_change,NoReferencePenalty,2,2,49.05882352941177,54.57461094667628,5.1,85
topology_change,NoReferencePenalty,2,3,82.17671232876712,83.94536951065422,4.38,73
topology_change,NoReferencePenalty,3,0,25.728125,23.826231841954286,4.8,80
topology_change,NoReferencePenalty,3,1,56.61516853932584,51.26521283563155,5.34,89
topology_change,NoReferencePenalty,3,2,49.05882352941177,54.549967181797875,5.1,85
topology_change,NoReferencePenalty,3,3,82.17671232876712,83.9374160533262,4.38,73
topology_change,NoReferencePenalty,4,0,25.434756097560978,23.5254523463408,4.92,82
topology_change,NoReferencePenalty,4,1,56.554347826086946,51.26364724938122,5.52,92
topology_change,NoReferencePenalty,4,2,49.05882352941177,54.509647918245406,5.1,85
topology_change,NoReferencePenalty,4,3,82.17671232876712,83.9258921765449,4.38,73
topology_change,NoReferencePenalty,5,0,25.145833333333332,23.228392359620365,5.04,84
topology_change,NoReferencePenalty,5,1,56.473684210526315,51.25147575614755,5.7,95
topology_change,NoReferencePenalty,5,2,49.05882352941177,54.46168513317426,5.1,85
topology_change,NoReferencePenalty,5,3,82.17671232876712,83.91349993872117,4.38,73
topology_change,NoReferencePenalty,6,0,24.861046511627915,22.934922184890887,5.16,86
topology_change,NoReferencePenalty,6,1,56.375,51.195464002518676,5.88,98
topology_change,NoReferencePenalty,6,2,49.05882352941177,54.44046400251868,5.1,85
topology_change,NoReferencePenalty,6,3,82.17671232876712,83.90073157839437,4.38,73
topology_change,NoReferencePenalty,7,0,24.580113636363638,22.648184350954885,5.279999999999999,88
topology_change,NoReferencePenalty,7,1,56.33838383838384,51.17485964707389,5.9399999999999995,99
topology_change,NoReferencePenalty,7,2,49.05882352941177,54.434859647073885,5.1,85
topology_change,NoReferencePenalty,7,3,82.17671232876712,83.89612765181776,4.38,73
topology_change,NoReferencePenalty,8,0,24.302777777777777,22.364218883128576,5.3999999999999995,90
topology_change,NoReferencePenalty,8,1,56.74270833333333,51.40276930310056,5.76,96
topology_change,NoReferencePenalty,8,2,49.05882352941177,54.61776930310056,5.1,85
topology_change,NoReferencePenalty,8,3,82.17671232876712,83.8962544675862,4.38,73
topology_change,NoReferencePenalty,9,0,24.165384615384617,22.222347018392608,5.46,91
topology_change,NoReferencePenalty,9,1,57.002659574468076,51.54991053963205,5.64,94
topology_change,NoReferencePenalty,9,2,49.05882352941177,54.734910539632054,5.1,85
topology_change,NoReferencePenalty,9,3,82.17671232876712,83.8964007154424,4.38,73
topology_change,NoReferencePenalty,10,0,23.893010752688173,21.944091529311514,5.58,93
topology_change,NoReferencePenalty,10,1,57.25434782608696,51.693277456990394,5.52,92
topology_change,NoReferencePenalty,10,2,49.05882352941177,54.84827745699039,5.1,85
topology_change,NoReferencePenalty,10,3,82.17671232876712,83.89723576860749,4.38,73
topology_change,ReferenceOnly,0,0,26.483333333333338,26.483333333333338,4.5,75
topology_change,ReferenceOnly,0,1,56.66358024691358,51.366201888162664,4.859999999999999,81
topology_change,ReferenceOnly,0,2,49.05882352941177,54.35620188816266,5.1,85
topology_change,ReferenceOnly,0,3,82.17671232876712,82.17671232876712,4.38,73
topology_change,ReferenceOnly,1,0,26.329605263157898,26.329604885089022,4.56,76
topology_change,ReferenceOnly,1,1,56.666666666666664,51.345245098039236,5.04,84
topology_change,ReferenceOnly,1,2,49.05882352941177,54.38024509803924,5.1,85
topology_change,ReferenceOnly,1,3,82.17671232876712,82.17671289377903,4.38,73
topology_change,ReferenceOnly,2,0,26.026282051282053,26.026281778526084,4.68,78
topology_change,ReferenceOnly,2,1,56.64367816091954,51.31125084516568,5.22,87
topology_change,ReferenceOnly,2,2,49.05882352941177,54.39125084516568,5.1,85
topology_change,ReferenceOnly,2,3,82.17671232876712,82.17671267124337,4.38,73
topology_change,ReferenceOnly,3,0,25.728125,25.728124770927057,4.8,80
topology_change,ReferenceOnly,3,1,56.61516853932584,51.281996034368795,5.34,89
topology_change,ReferenceOnly,3,2,49.05882352941177,54.391996034368795,5.1,85
topology_change,ReferenceOnly,3,3,82.17671232876712,82.17671256987805,4.38,73
topology_change,ReferenceOnly,4,0,25.434756097560978,25.434755907172438,4.92,82
topology_change,ReferenceOnly,4,1,56.554347826086946,51.22908567774935,5.52,92
topology_change,ReferenceOnly,4,2,49.05882352941177,54.384085677749354,5.1,85
topology_change,ReferenceOnly,4,3,82.17671232876712,82.17671251497201,4.38,73
topology_change,ReferenceOnly,5,0,25.145833333333332,25.145833121543127,5.04,84
topology_change,ReferenceOnly,5,1,56.473684210526315,51.16625386996907,5.7,95
topology_change,ReferenceOnly,5,2,49.05882352941177,54.36625386996907,5.1,85
topology_change,ReferenceOnly,5,3,82.17671232876712,82.17671253690078,4.38,73
topology_change,ReferenceOnly,6,0,24.861046511627915,24.86104546609404,5.16,86
topology_change,ReferenceOnly,6,1,56.375,51.09441176470588,5.88,98
topology_change,ReferenceOnly,6,2,49.05882352941177,54.33941176470588,5.1,85
topology_change,ReferenceOnly,6,3,82.17671232876712,82.17671405222363,4.38,73
topology_change,ReferenceOnly,7,0,24.580113636363638,24.580112455400982,5.279999999999999,88
topology_change,ReferenceOnly,7,1,56.33838383838384,51.0686036838978,5.9399999999999995,99
topology_change,ReferenceOnly,7,2,49.05882352941177,54.328603683897796,5.1,85
topology_change,ReferenceOnly,7,3,82.17671232876712,82.17671431827753,4.38,73
topology_change,ReferenceOnly,8,0,24.302777777777777,24.30277738412355,5.3999999999999995,90
topology_change,ReferenceOnly,8,1,56.74270833333333,51.29326593137256,5.76,96
topology_change,ReferenceOnly,8,2,49.05882352941177,54.508265931372556,5.1,85
topology_change,ReferenceOnly,8,3,82.17671232876712,82.17671299193728,4.38,73
topology_change,ReferenceOnly,9,0,24.165384615384617,24.165384484166545,5.46,91
topology_change,ReferenceOnly,9,1,57.002659574468076,51.438241551939974,5.64,94
topology_change,ReferenceOnly,9,2,49.05882352941177,54.62324155193997,5.1,85
topology_change,ReferenceOnly,9,3,82.17671232876712,82.17671254982385,4.38,73
topology_change,ReferenceOnly,10,0,23.893010752688173,23.893010708948818,5.58,93
topology_change,ReferenceOnly,10,1,57.25434782608696,51.579085677749376,5.52,92
topology_change,ReferenceOnly,10,2,49.05882352941177,54.73408567774938,5.1,85
topology_change,ReferenceOnly,10,3,82.17671232876712,82.1767124024527,4.38,73
topology_change,LegacyObjective,0,0,26.483333333333338,24.59801269590786,4.5,75
topology_change,LegacyObjective,0,1,56.66358024691358,51.21677595434555,4.859999999999999,81
topology_change,LegacyObjective,0,2,49.05882352941177,54.60139990567746,5.1,85
topology_change,LegacyObjective,0,3,82.17671232876712,83.96626088249494,4.38,73
topology_change,LegacyObjective,1,0,26.329605263157898,24.43943186090583,4.56,76
topology_change,LegacyObjective,1,1,56.666666666666664,51.25016088479506,5.04,84
topology_change,LegacyObjective,1,2,49.05882352941177,54.586224690562496,5.1,85
topology_change,LegacyObjective,1,3,82.17671232876712,83.95599028639803,4.38,73
topology_change,LegacyObjective,2,0,26.026282051282053,24.129642449413062,4.68,78
topology_change,LegacyObjective,2,1,56.64367816091954,51.272191954230436,5.22,87
topology_change,LegacyObjective,2,2,49.05882352941177,54.55897181228822,5.1,85
topology_change,LegacyObjective,2,3,82.17671232876712,83.94468976661801,4.38,73
topology_change,LegacyObjective,3,0,25.728125,23.825876055464878,4.8,80
topology_change,LegacyObjective,3,1,56.61516853932584,51.28235077768362,5.34,89
topology_change,LegacyObjective,3,2,49.05882352941177,54.53370297211142,5.1,85
topology_change,LegacyObjective,3,3,82.17671232876712,83.93689928565428,4.38,73
topology_change,LegacyObjective,4,0,25.434756097560978,23.52500228823146,4.92,82
topology_change,LegacyObjective,4,1,56.554347826086946,51.2823588167856,5.52,92
topology_change,LegacyObjective,4,2,49.05882352941177,54.492084581186745,5.1,85
topology_change,LegacyObjective,4,3,82.17671232876712,83.92519393040241,4.38,73
topology_change,LegacyObjective,5,0,25.145833333333332,23.22788926869676,5.04,84
topology_change,LegacyObjective,5,1,56.473684210526315,51.257214194604316,5.7,95
topology_change,LegacyObjective,5,2,49.05882352941177,54.45721419460431,5.1,85
topology_change,LegacyObjective,5,3,82.17671232876712,83.9127338140217,4.38,73
topology_change,LegacyObjective,6,0,24.861046511627915,22.934382966684733,5.16,86
topology_change,LegacyObjective,6,1,56.375,51.19613014070102,5.88,98
topology_change,LegacyObjective,6,2,49.05882352941177,54.44113014070102,5.1,85
topology_change,LegacyObjective,6,3,82.17671232876712,83.8999370619966,4.38,73
topology_change,LegacyObjective,7,0,24.580113636363638,22.647797069070396,5.279999999999999,88
topology_change,LegacyObjective,7,1,56.33838383838384,51.175224230892894,5.9399999999999995,99
topology_change,LegacyObjective,7,2,49.05882352941177,54.43522423089289,5.1,85
topology_change,LegacyObjective,7,3,82.17671232876712,83.89578623195617,4.38,73
topology_change,LegacyObjective,8,0,24.302777777777777,22.363804941592253,5.3999999999999995,90
topology_change,LegacyObjective,8,1,56.74270833333333,51.40299306510171,5.76,96
topology_change,LegacyObjective,8,2,49.05882352941177,54.61799306510171,5.1,85
topology_change,LegacyObjective,8,3,82.17671232876712,83.89622725006814,4.38,73
topology_change,LegacyObjective,9,0,24.165384615384617,22.22205370832785,5.46,91
topology_change,LegacyObjective,9,1,57.002659574468076,51.55005778484529,5.64,94
topology_change,LegacyObjective,9,2,49.05882352941177,54.735057784845296,5.1,85
topology_change,LegacyObjective,9,3,82.17671232876712,83.89640801292548,4.38,73
topology_change,LegacyObjective,10,0,23.893010752688173,21.943730537030312,5.58,93
topology_change,LegacyObjective,10,1,57.25434782608696,51.69343269026596,5.52,92
topology_change,LegacyObjective,10,2,49.05882352941177,54.84843269026596,5.1,85
topology_change,LegacyObjective,10,3,82.17671232876712,83.89728210875835,4.38,73
topology_change,TightBudget,0,0,26.483333333333338,25.092294302580445,4.5,75
topology_change,TightBudget,0,1,56.66358024691358,51.36620188816268,4.859999999999999,81
topology_change,TightBudget,0,2,49.05882352941177,54.35620188816268,5.1,85
topology_change,TightBudget,0,3,82.17671232876712,83.4583000680896,4.38,73
topology_change,TightBudget,1,0,26.329605263157898,24.932510151658935,4.56,76
topology_change,TightBudget,1,1,56.666666666666664,51.34524509803921,5.04,84
topology_change,TightBudget,1,2,49.05882352941177,54.38024509803921,5.1,85
topology_change,TightBudget,1,3,82.17671232876712,83.44834311829503,4.38,73
topology_change,TightBudget,2,0,26.026282051282053,24.621015521388514,4.68,78
topology_change,TightBudget,2,1,56.64367816091954,51.31125084516565,5.22,87
topology_change,TightBudget,2,2,49.05882352941177,54.39125084516565,5.1,85
topology_change,TightBudget,2,3,82.17671232876712,83.43665617357773,4.38,73
topology_change,TightBudget,3,0,25.728125,24.315860208835783,4.8,80
topology_change,TightBudget,3,1,56.61516853932584,51.28199603436881,5.34,89
topology_change,TightBudget,3,2,49.05882352941177,54.39199603436881,5.1,85
topology_change,TightBudget,3,3,82.17671232876712,83.42805230221725,4.38,73
topology_change,TightBudget,4,0,25.434756097560978,24.013254067986093,4.92,82
topology_change,TightBudget,4,1,56.554347826086946,51.22908567774935,5.52,92
topology_change,TightBudget,4,2,49.05882352941177,54.384085677749354,5.1,85
topology_change,TightBudget,4,3,82.17671232876712,83.41577242454574,4.38,73
topology_change,TightBudget,5,0,25.145833333333332,23.71418269842791,5.04,84
topology_change,TightBudget,5,1,56.473684210526315,51.16625386996904,5.7,95
topology_change,TightBudget,5,2,49.05882352941177,54.36625386996904,5.1,85
topology_change,TightBudget,5,3,82.17671232876712,83.4025199311917,4.38,73
topology_change,TightBudget,6,0,24.861046511627915,23.418637645593634,5.16,86
topology_change,TightBudget,6,1,56.375,51.09441176470588,5.88,98
topology_change,TightBudget,6,2,49.05882352941177,54.33941176470588,5.1,85
topology_change,TightBudget,6,3,82.17671232876712,83.38879584508733,4.38,73
topology_change,TightBudget,7,0,24.580113636363638,23.131093906377487,5.279999999999999,88
topology_change,TightBudget,7,1,56.33838383838384,51.06860368389781,5.9399999999999995,99
topology_change,TightBudget,7,2,49.05882352941177,54.328603683897796,5.1,85
topology_change,TightBudget,7,3,82.17671232876712,83.3832368455067,4.38,73
topology_change,TightBudget,8,0,24.302777777777777,22.847413056648723,5.3999999999999995,90
topology_change,TightBudget,8,1,56.74270833333333,51.29326593137256,5.76,96
topology_change,TightBudget,8,2,49.05882352941177,54.50826593137254,5.1,85
topology_change,TightBudget,8,3,82.17671232876712,83.38200771700313,4.38,73
topology_change,TightBudget,9,0,24.165384615384617,22.705848973036204,5.46,91
topology_change,TightBudget,9,1,57.002659574468076,51.438241551939925,5.64,94
topology_change,TightBudget,9,2,49.05882352941177,54.62324155193993,5.1,85
topology_change,TightBudget,9,3,82.17671232876712,83.38115011720745,4.38,73
topology_change,TightBudget,10,0,23.893010752688173,22.4281200583602,5.58,93
topology_change,TightBudget,10,1,57.25434782608696,51.57908567774936,5.52,92
topology_change,TightBudget,10,2,49.05882352941177,54.73408567774936,5.1,85
topology_change,TightBudget,10,3,82.17671232876712,83.38074231563576,4.38,73
topology_change,LooseBudget,0,0,26.483333333333338,25.112189296431907,4.5,75
topology_change,LooseBudget,0,1,56.66358024691358,51.40102702068071,4.859999999999999,81
topology_change,LooseBudget,0,2,49.05882352941177,54.39102702068071,5.1,85
topology_change,LooseBudget,0,3,82.17671232876712,83.47820090569773,4.38,73
topology_change,LooseBudget,1,0,26.329605263157898,24.95496819761754,4.56,76
topology_change,LooseBudget,1,1,56.666666666666664,51.38551508542778,5.04,84
topology_change,LooseBudget,1,2,49.05882352941177,54.42051508542777,5.1,85
topology_change,LooseBudget,1,3,82.17671232876712,83.47080674671055,4.38,73
topology_change,LooseBudget,2,0,26.026282051282053,24.64695865806833,4.68,78
topology_change,LooseBudget,2,1,56.64367816091954,51.35796550838929,5.22,87
topology_change,LooseBudget,2,2,49.05882352941177,54.43796550838929,5.1,85
topology_change,LooseBudget,2,3,82.17671232876712,83.4626049308216,4.38,73
topology_change,LooseBudget,3,0,25.728125,24.344716608873448,4.8,80
topology_change,LooseBudget,3,1,56.61516853932584,51.33359660507728,5.34,89
topology_change,LooseBudget,3,2,49.05882352941177,54.44359660507728,5.1,85
topology_change,LooseBudget,3,3,82.17671232876712,83.45691500852098,4.38,73
topology_change,LooseBudget,4,0,25.434756097560978,24.0459035772831,4.92,82
topology_change,LooseBudget,4,1,56.554347826086946,51.28765264682615,5.52,92
topology_change,LooseBudget,4,2,49.05882352941177,54.442652646826154,5.1,85
topology_change,LooseBudget,4,3,82.17671232876712,83.4484279291426,4.38,73
topology_change,LooseBudget,5,0,25.145833333333332,23.75103193513184,5.04,84
topology_change,LooseBudget,5,1,56.473684210526315,51.232322429654275,5.7,95
topology_change,LooseBudget,5,2,49.05882352941177,54.43232242965428,5.1,85
topology_change,LooseBudget,5,3,82.17671232876712,83.43937499646876,4.38,73
topology_change,LooseBudget,6,0,24.861046511627915,23.459908084197405,5.16,86
topology_change,LooseBudget,6,1,56.375,51.168300462961604,5.88,98
topology_change,LooseBudget,6,2,49.05882352941177,54.41330046296161,5.1,85
topology_change,LooseBudget,6,3,82.17671232876712,83.43007203397059,4.38,73
topology_change,LooseBudget,7,0,24.580113636363638,23.17484164023017,5.279999999999999,88
topology_change,LooseBudget,7,1,56.33838383838384,51.14609936344508,5.9399999999999995,99
topology_change,LooseBudget,7,2,49.05882352941177,54.40609936344508,5.1,85
topology_change,LooseBudget,7,3,82.17671232876712,83.42699051452449,4.38,73
topology_change,LooseBudget,8,0,24.302777777777777,22.892669836930043,5.3999999999999995,90
topology_change,LooseBudget,8,1,56.74270833333333,51.3730407129535,5.76,96
topology_change,LooseBudget,8,2,49.05882352941177,54.58804071295349,5.1,85
topology_change,LooseBudget,8,3,82.17671232876712,83.42727141418952,4.38,73
topology_change,LooseBudget,9,0,24.165384615384617,22.75209351035298,5.46,91
topology_change,LooseBudget,9,1,57.002659574468076,51.519546096215485,5.64,94
topology_change,LooseBudget,9,2,49.05882352941177,54.70454609621549,5.1,85
topology_change,LooseBudget,9,3,82.17671232876712,83.42740080559449,4.38,73
topology_change,LooseBudget,10,0,23.893010752688173,22.47540338832551,5.58,93
topology_change,LooseBudget,10,1,57.25434782608696,51.66223010196056,5.52,92
topology_change,LooseBudget,10,2,49.05882352941177,54.81723010196056,5.1,85
topology_change,LooseBudget,10,3,82.17671232876712,83.42803265689118,4.38,73
crowding,Full,0,0,57.90833333333334,54.98333333333334,15.0,250
crowding,Full,0,1,62.133333333333326,65.05833333333332,15.299999999999999,255
crowding,Full,1,0,57.925000000000004,55.010000000000005,14.879999999999999,248
crowding,Full,1,1,62.12500000000001,65.04,15.24,254
crowding,Full,2,0,57.941666666666656,55.039999999999985,14.76,246
crowding,Full,2,1,62.10833333333332,65.00999999999999,15.12,252
crowding,Full,3,0,57.958333333333336,55.07,14.639999999999999,244
crowding,Full,3,1,62.09166666666667,64.98,15.0,250
crowding,Full,4,0,57.975,55.099999999999994,14.52,242
crowding,Full,4,1,62.075,64.95000000000002,14.879999999999999,248
crowding,Full,5,0,57.99166666666666,55.126666666666665,14.399999999999999,240
crowding,Full,5,1,62.06666666666667,64.93166666666667,14.82,247
crowding,Full,6,0,58.00833333333333,55.15666666666667,14.28,238
crowding,Full,6,1,62.050000000000004,64.90166666666667,14.7,245
crowding,Full,7,0,58.025000000000006,55.18666666666666,14.16,236
crowding,Full,7,1,62.033333333333324,64.87166666666667,14.58,243
crowding,Full,8,0,58.04166666666666,55.21666666666666,14.04,234
crowding,Full,8,1,62.01666666666667,64.84166666666667,14.459999999999999,241
crowding,Full,9,0,58.05833333333332,55.24666666666666,13.92,232
crowding,Full,9,1,62.00000000000001,64.81166666666667,14.34,239
crowding,Full,10,0,58.07500000000001,55.27333333333334,13.799999999999999,230
crowding,Full,10,1,61.99166666666667,64.79333333333334,14.28,238
crowding,RelativeWidth,0,0,57.90833333333334,54.98333333333334,15.0,250
crowding,RelativeWidth,0,1,62.133333333333326,65.05833333333332,15.299999999999999,255
crowding,RelativeWidth,1,0,57.925000000000004,54.98750000000001,14.968924302788844,248
crowding,RelativeWidth,1,1,62.12500000000001,65.0625,15.331075697211155,254
crowding,RelativeWidth,2,0,57.941666666666656,54.98749999999999,14.96746987951807,246
crowding,RelativeWidth,2,1,62.10833333333332,65.06249999999999,15.332530120481927,252
crowding,RelativeWidth,3,0,57.958333333333336,54.987500000000004,14.965991902834006,244
crowding,RelativeWidth,3,1,62.09166666666667,65.0625,15.334008097165992,250
crowding,RelativeWidth,4,0,57.975,54.987500000000004,14.964489795918366,242
crowding,RelativeWidth,4,1,62.075,65.0625,15.335510204081631,248
crowding,RelativeWidth,5,0,57.99166666666666,54.99166666666667,14.93223819301848,240
crowding,RelativeWidth,5,1,62.06666666666667,65.06666666666666,15.36776180698152,247
crowding,RelativeWidth,6,0,58.00833333333333,54.991666666666674,14.930434782608696,238
crowding,RelativeWidth,6,1,62.050000000000004,65.06666666666666,15.369565217391303,245
crowding,RelativeWidth,7,0,58.025000000000006,54.99166666666667,14.928601252609603,236
crowding,RelativeWidth,7,1,62.033333333333324,65.06666666666666,15.371398747390394,243
crowding,RelativeWidth,8,0,58.04166666666666,54.99166666666667,14.926736842105264,234
crowding,RelativeWidth,8,1,62.01666666666667,65.06666666666666,15.373263157894733,241
crowding,RelativeWidth,9,0,58.05833333333332,54.99166666666667,14.92484076433121,232
crowding,RelativeWidth,9,1,62.00000000000001,65.06666666666666,15.375159235668791,239
crowding,RelativeWidth,10,0,58.07500000000001,54.99583333333334,14.89102564102564,230
crowding,RelativeWidth,10,1,61.99166666666667,65.07083333333334,15.408974358974358,238
crowding,OldTime,0,0,57.90833333333334,54.98333333333334,15.0,250
crowding,OldTime,0,1,62.133333333333326,65.05833333333332,15.299999999999999,255
crowding,OldTime,1,0,57.925000000000004,55.010000000000005,14.879999999999999,248
crowding,OldTime,1,1,62.12500000000001,65.04,15.24,254
crowding,OldTime,2,0,57.941666666666656,55.039999999999985,14.76,246
crowding,OldTime,2,1,62.10833333333332,65.00999999999999,15.12,252
crowding,OldTime,3,0,57.958333333333336,55.07,14.639999999999999,244
crowding,OldTime,3,1,62.09166666666667,64.98,15.0,250
crowding,OldTime,4,0,57.975,55.099999999999994,14.52,242
crowding,OldTime,4,1,62.075,64.95000000000002,14.879999999999999,248
crowding,OldTime,5,0,57.99166666666666,55.126666666666665,14.399999999999999,240
crowding,OldTime,5,1,62.06666666666667,64.93166666666667,14.82,247
crowding,OldTime,6,0,58.00833333333333,55.15666666666667,14.28,238
crowding,OldTime,6,1,62.050000000000004,64.90166666666667,14.7,245
crowding,OldTime,7,0,58.025000000000006,55.18666666666666,14.16,236
crowding,OldTime,7,1,62.033333333333324,64.87166666666667,14.58,243
crowding,OldTime,8,0,58.04166666666666,55.21666666666666,14.04,234
crowding,OldTime,8,1,62.01666666666667,64.84166666666667,14.459999999999999,241
crowding,OldTime,9,0,58.05833333333332,55.24666666666666,13.92,232
crowding,OldTime,9,1,62.00000000000001,64.81166666666667,14.34,239
crowding,OldTime,10,0,58.07500000000001,55.27333333333334,13.799999999999999,230
crowding,OldTime,10,1,61.99166666666667,64.79333333333334,14.28,238
crowding,NoTime,0,0,57.90833333333334,54.98333333333334,15.0,250
crowding,NoTime,0,1,62.133333333333326,65.05833333333332,15.299999999999999,255
crowding,NoTime,1,0,57.925000000000004,55.010000000000005,14.879999999999999,248
crowding,NoTime,1,1,62.12500000000001,65.04,15.24,254
crowding,NoTime,2,0,57.941666666666656,55.039999999999985,14.76,246
crowding,NoTime,2,1,62.10833333333332,65.00999999999999,15.12,252
crowding,NoTime,3,0,57.958333333333336,55.07,14.639999999999999,244
crowding,NoTime,3,1,62.09166666666667,64.98,15.0,250
crowding,NoTime,4,0,57.975,55.099999999999994,14.52,242
crowding,NoTime,4,1,62.075,64.95000000000002,14.879999999999999,248
crowding,NoTime,5,0,57.99166666666666,55.126666666666665,14.399999999999999,240
crowding,NoTime,5,1,62.06666666666667,64.93166666666667,14.82,247
crowding,NoTime,6,0,58.00833333333333,55.15666666666667,14.28,238
crowding,NoTime,6,1,62.050000000000004,64.90166666666667,14.7,245
crowding,NoTime,7,0,58.025000000000006,55.18666666666666,14.16,236
crowding,NoTime,7,1,62.033333333333324,64.87166666666667,14.58,243
crowding,NoTime,8,0,58.04166666666666,55.21666666666666,14.04,234
crowding,NoTime,8,1,62.01666666666667,64.84166666666667,14.459999999999999,241
crowding,NoTime,9,0,58.05833333333332,55.24666666666666,13.92,232
crowding,NoTime,9,1,62.00000000000001,64.81166666666667,14.34,239
crowding,NoTime,10,0,58.07500000000001,55.27333333333334,13.799999999999999,230
crowding,NoTime,10,1,61.99166666666667,64.79333333333334,14.28,238
crowding,NoReferencePenalty,0,0,57.90833333333334,54.98333333333334,15.0,250
crowding,NoReferencePenalty,0,1,62.133333333333326,65.05833333333332,15.299999999999999,255
crowding,NoReferencePenalty,1,0,57.925000000000004,55.010000000000005,14.879999999999999,248
crowding,NoReferencePenalty,1,1,62.12500000000001,65.04,15.24,254
crowding,NoReferencePenalty,2,0,57.941666666666656,55.039999999999985,14.76,246
crowding,NoReferencePenalty,2,1,62.10833333333332,65.00999999999999,15.12,252
crowding,NoReferencePenalty,3,0,57.958333333333336,55.07,14.639999999999999,244
crowding,NoReferencePenalty,3,1,62.09166666666667,64.98,15.0,250
crowding,NoReferencePenalty,4,0,57.975,55.099999999999994,14.52,242
crowding,NoReferencePenalty,4,1,62.075,64.95000000000002,14.879999999999999,248
crowding,NoReferencePenalty,5,0,57.99166666666666,55.126666666666665,14.399999999999999,240
crowding,NoReferencePenalty,5,1,62.06666666666667,64.93166666666667,14.82,247
crowding,NoReferencePenalty,6,0,58.00833333333333,55.15666666666667,14.28,238
crowding,NoReferencePenalty,6,1,62.050000000000004,64.90166666666667,14.7,245
crowding,NoReferencePenalty,7,0,58.025000000000006,55.18666666666666,14.16,236
crowding,NoReferencePenalty,7,1,62.033333333333324,64.87166666666667,14.58,243
crowding,NoReferencePenalty,8,0,58.04166666666666,55.21666666666666,14.04,234
crowding,NoReferencePenalty,8,1,62.01666666666667,64.84166666666667,14.459999999999999,241
crowding,NoReferencePenalty,9,0,58.05833333333332,55.24666666666666,13.92,232
crowding,NoReferencePenalty,9,1,62.00000000000001,64.81166666666667,14.34,239
crowding,NoReferencePenalty,10,0,58.07500000000001,55.27333333333334,13.799999999999999,230
crowding,NoReferencePenalty,10,1,61.99166666666667,64.79333333333334,14.28,238
crowding,ReferenceOnly,0,0,57.90833333333334,55.983333333333334,15.0,250
crowding,ReferenceOnly,0,1,62.133333333333326,64.05833333333334,15.299999999999999,255
crowding,ReferenceOnly,1,0,57.925000000000004,56.01000000000001,14.879999999999999,248
crowding,ReferenceOnly,1,1,62.12500000000001,64.04,15.24,254
crowding,ReferenceOnly,2,0,57.941666666666656,56.039999999999985,14.76,246
crowding,ReferenceOnly,2,1,62.10833333333332,64.00999999999999,15.12,252
crowding,ReferenceOnly,3,0,57.958333333333336,56.07,14.639999999999999,244
crowding,ReferenceOnly,3,1,62.09166666666667,63.980000000000004,15.0,250
crowding,ReferenceOnly,4,0,57.975,56.1,14.52,242
crowding,ReferenceOnly,4,1,62.075,63.95,14.879999999999999,248
crowding,ReferenceOnly,5,0,57.99166666666666,56.126666666666665,14.399999999999999,240
crowding,ReferenceOnly,5,1,62.06666666666667,63.931666666666665,14.82,247
crowding,ReferenceOnly,6,0,58.00833333333333,56.15666666666668,14.28,238
crowding,ReferenceOnly,6,1,62.050000000000004,63.90166666666668,14.7,245
crowding,ReferenceOnly,7,0,58.025000000000006,56.18666666666667,14.16,236
crowding,ReferenceOnly,7,1,62.033333333333324,63.87166666666666,14.58,243
crowding,ReferenceOnly,8,0,58.04166666666666,56.21666666666666,14.04,234
crowding,ReferenceOnly,8,1,62.01666666666667,63.84166666666666,14.459999999999999,241
crowding,ReferenceOnly,9,0,58.05833333333332,56.24666666666666,13.92,232
crowding,ReferenceOnly,9,1,62.00000000000001,63.81166666666667,14.34,239
crowding,ReferenceOnly,10,0,58.07500000000001,56.27333333333333,13.799999999999999,230
crowding,ReferenceOnly,10,1,61.99166666666667,63.79333333333334,14.28,238
crowding,LegacyObjective,0,0,57.90833333333334,54.98333333333334,15.0,250
crowding,LegacyObjective,0,1,62.133333333333326,65.05833333333332,15.299999999999999,255
crowding,LegacyObjective,1,0,57.925000000000004,55.010000000000005,14.879999999999999,248
crowding,LegacyObjective,1,1,62.12500000000001,65.04,15.24,254
crowding,LegacyObjective,2,0,57.941666666666656,55.039999999999985,14.76,246
crowding,LegacyObjective,2,1,62.10833333333332,65.00999999999999,15.12,252
crowding,LegacyObjective,3,0,57.958333333333336,55.07,14.639999999999999,244
crowding,LegacyObjective,3,1,62.09166666666667,64.98,15.0,250
crowding,LegacyObjective,4,0,57.975,55.099999999999994,14.52,242
crowding,LegacyObjective,4,1,62.075,64.95000000000002,14.879999999999999,248
crowding,LegacyObjective,5,0,57.99166666666666,55.126666666666665,14.399999999999999,240
crowding,LegacyObjective,5,1,62.06666666666667,64.93166666666667,14.82,247
crowding,LegacyObjective,6,0,58.00833333333333,55.15666666666667,14.28,238
crowding,LegacyObjective,6,1,62.050000000000004,64.90166666666667,14.7,245
crowding,LegacyObjective,7,0,58.025000000000006,55.18666666666666,14.16,236
crowding,LegacyObjective,7,1,62.033333333333324,64.87166666666667,14.58,243
crowding,LegacyObjective,8,0,58.04166666666666,55.21666666666666,14.04,234
crowding,LegacyObjective,8,1,62.01666666666667,64.84166666666667,14.459999999999999,241
crowding,LegacyObjective,9,0,58.05833333333332,55.24666666666666,13.92,232
crowding,LegacyObjective,9,1,62.00000000000001,64.81166666666667,14.34,239
crowding,LegacyObjective,10,0,58.07500000000001,55.27333333333334,13.799999999999999,230
crowding,LegacyObjective,10,1,61.99166666666667,64.79333333333334,14.28,238
crowding,TightBudget,0,0,57.90833333333334,55.98333333333334,15.0,250
crowding,TightBudget,0,1,62.133333333333326,64.05833333333332,15.299999999999999,255
crowding,TightBudget,1,0,57.925000000000004,56.010000000000005,14.879999999999999,248
crowding,TightBudget,1,1,62.12500000000001,64.04,15.24,254
crowding,TightBudget,2,0,57.941666666666656,56.039999999999985,14.76,246
crowding,TightBudget,2,1,62.10833333333332,64.00999999999999,15.12,252
crowding,TightBudget,3,0,57.958333333333336,56.07,14.639999999999999,244
crowding,TightBudget,3,1,62.09166666666667,63.980000000000004,15.0,250
crowding,TightBudget,4,0,57.975,56.099999999999994,14.52,242
crowding,TightBudget,4,1,62.075,63.95000000000001,14.879999999999999,248
crowding,TightBudget,5,0,57.99166666666666,56.126666666666665,14.399999999999999,240
crowding,TightBudget,5,1,62.06666666666667,63.931666666666665,14.82,247
crowding,TightBudget,6,0,58.00833333333333,56.15666666666667,14.28,238
crowding,TightBudget,6,1,62.050000000000004,63.901666666666664,14.7,245
crowding,TightBudget,7,0,58.025000000000006,56.18666666666666,14.16,236
crowding,TightBudget,7,1,62.033333333333324,63.87166666666667,14.58,243
crowding,TightBudget,8,0,58.04166666666666,56.21666666666666,14.04,234
crowding,TightBudget,8,1,62.01666666666667,63.84166666666667,14.459999999999999,241
crowding,TightBudget,9,0,58.05833333333332,56.24666666666666,13.92,232
crowding,TightBudget,9,1,62.00000000000001,63.81166666666667,14.34,239
crowding,TightBudget,10,0,58.07500000000001,56.27333333333334,13.799999999999999,230
crowding,TightBudget,10,1,61.99166666666667,63.79333333333334,14.28,238
crowding,LooseBudget,0,0,57.90833333333334,51.31216034920072,15.0,250
crowding,LooseBudget,0,1,62.133333333333326,68.72950406475802,15.299999999999999,255
crowding,LooseBudget,1,0,57.925000000000004,51.36430989963316,14.879999999999999,248
crowding,LooseBudget,1,1,62.12500000000001,68.68568887924197,15.24,254
crowding,LooseBudget,2,0,57.941666666666656,51.43151272727081,14.76,246
crowding,LooseBudget,2,1,62.10833333333332,68.61848738520891,15.12,252
crowding,LooseBudget,3,0,57.958333333333336,51.50008329811047,14.639999999999999,244
crowding,LooseBudget,3,1,62.09166666666667,68.54991671240684,15.0,250
crowding,LooseBudget,4,0,57.975,51.56877870506983,14.52,242
crowding,LooseBudget,4,1,62.075,68.48122205680288,14.879999999999999,248
crowding,LooseBudget,5,0,57.99166666666666,51.625657363757824,14.399999999999999,240
crowding,LooseBudget,5,1,62.06666666666667,68.43267628314926,14.82,247
crowding,LooseBudget,6,0,58.00833333333333,51.6932895059779,14.28,238
crowding,LooseBudget,6,1,62.050000000000004,68.36504413620675,14.7,245
crowding,LooseBudget,7,0,58.025000000000006,51.76189943098259,14.16,236
crowding,LooseBudget,7,1,62.033333333333324,68.29643463087001,14.58,243
crowding,LooseBudget,8,0,58.04166666666666,51.83059913042054,14.04,234
crowding,LooseBudget,8,1,62.01666666666667,68.22773616809934,14.459999999999999,241
crowding,LooseBudget,9,0,58.05833333333332,51.899304487154666,13.92,232
crowding,LooseBudget,9,1,62.00000000000001,68.15902911159596,14.34,239
crowding,LooseBudget,10,0,58.07500000000001,51.9561841600588,13.799999999999999,230
crowding,LooseBudget,10,1,61.99166666666667,68.11048231725916,14.28,238
