scene,method,t,feature,q,measure,x,center,width,order
static,TMTM,0,0,22.099999999999998,78,22.166666666666664,22.266666666666666,15.600000000000001,"(np.int64(0), np.int64(1), np.int64(2))"
static,TMTM,0,1,38.199999999999996,81,38.36666666666667,38.36666666666667,16.2,"(np.int64(0), np.int64(1), np.int64(2))"
static,TMTM,0,2,59.199999999999996,91,58.96666666666667,58.96666666666667,18.2,"(np.int64(0), np.int64(1), np.int64(2))"
static,TMTM,1,0,22.099999999999998,78,22.166666666666664,22.266666666666666,15.600000000000001,"(np.int64(0), np.int64(1), np.int64(2))"
static,TMTM,1,1,38.199999999999996,81,38.36666666666667,38.36666666666667,16.2,"(np.int64(0), np.int64(1), np.int64(2))"
static,TMTM,1,2,59.199999999999996,91,58.96666666666667,58.96666666666667,18.2,"(np.int64(0), np.int64(1), np.int64(2))"
static,TMTM,2,0,22.099999999999998,78,22.166666666666664,22.266666666666666,15.600000000000001,"(np.int64(0), np.int64(1), np.int64(2))"
static,TMTM,2,1,38.199999999999996,81,38.36666666666667,38.36666666666667,16.2,"(np.int64(0), np.int64(1), np.int64(2))"
static,TMTM,2,2,59.199999999999996,91,58.96666666666667,58.96666666666667,18.2,"(np.int64(0), np.int64(1), np.int64(2))"
static,TMTM,3,0,22.099999999999998,78,22.166666666666664,22.266666666666666,15.600000000000001,"(np.int64(0), np.int64(1), np.int64(2))"
static,TMTM,3,1,38.199999999999996,81,38.36666666666667,38.36666666666667,16.2,"(np.int64(0), np.int64(1), np.int64(2))"
static,TMTM,3,2,59.199999999999996,91,58.96666666666667,58.96666666666667,18.2,"(np.int64(0), np.int64(1), np.int64(2))"
static,TMTM,4,0,22.099999999999998,78,22.166666666666664,22.266666666666666,15.600000000000001,"(np.int64(0), np.int64(1), np.int64(2))"
static,TMTM,4,1,38.199999999999996,81,38.36666666666667,38.36666666666667,16.2,"(np.int64(0), np.int64(1), np.int64(2))"
static,TMTM,4,2,59.199999999999996,91,58.96666666666667,58.96666666666667,18.2,"(np.int64(0), np.int64(1), np.int64(2))"
static,TMTM,5,0,22.099999999999998,78,22.166666666666664,22.266666666666666,15.600000000000001,"(np.int64(0), np.int64(1), np.int64(2))"
static,TMTM,5,1,38.199999999999996,81,38.36666666666667,38.36666666666667,16.2,"(np.int64(0), np.int64(1), np.int64(2))"
static,TMTM,5,2,59.199999999999996,91,58.96666666666667,58.96666666666667,18.2,"(np.int64(0), np.int64(1), np.int64(2))"
static,TMTM,6,0,22.099999999999998,78,22.166666666666664,22.266666666666666,15.600000000000001,"(np.int64(0), np.int64(1), np.int64(2))"
static,TMTM,6,1,38.199999999999996,81,38.36666666666667,38.36666666666667,16.2,"(np.int64(0), np.int64(1), np.int64(2))"
static,TMTM,6,2,59.199999999999996,91,58.96666666666667,58.96666666666667,18.2,"(np.int64(0), np.int64(1), np.int64(2))"
static,TMTM,7,0,22.099999999999998,78,22.166666666666664,22.266666666666666,15.600000000000001,"(np.int64(0), np.int64(1), np.int64(2))"
static,TMTM,7,1,38.199999999999996,81,38.36666666666667,38.36666666666667,16.2,"(np.int64(0), np.int64(1), np.int64(2))"
static,TMTM,7,2,59.199999999999996,91,58.96666666666667,58.96666666666667,18.2,"(np.int64(0), np.int64(1), np.int64(2))"
static,TMTM,8,0,22.099999999999998,78,22.166666666666664,22.266666666666666,15.600000000000001,"(np.int64(0), np.int64(1), np.int64(2))"
static,TMTM,8,1,38.199999999999996,81,38.36666666666667,38.36666666666667,16.2,"(np.int64(0), np.int64(1), np.int64(2))"
static,TMTM,8,2,59.199999999999996,91,58.96666666666667,58.96666666666667,18.2,"(np.int64(0), np.int64(1), np.int64(2))"
static,TMTM,9,0,22.099999999999998,78,22.166666666666664,22.266666666666666,15.600000000000001,"(np.int64(0), np.int64(1), np.int64(2))"
static,TMTM,9,1,38.199999999999996,81,38.36666666666667,38.36666666666667,16.2,"(np.int64(0), np.int64(1), np.int64(2))"
static,TMTM,9,2,59.199999999999996,91,58.96666666666667,58.96666666666667,18.2,"(np.int64(0), np.int64(1), np.int64(2))"
static,TMTM,10,0,22.099999999999998,78,22.166666666666664,22.266666666666666,15.600000000000001,"(np.int64(0), np.int64(1), np.int64(2))"
static,TMTM,10,1,38.199999999999996,81,38.36666666666667,38.36666666666667,16.2,"(np.int64(0), np.int64(1), np.int64(2))"
static,TMTM,10,2,59.199999999999996,91,58.96666666666667,58.96666666666667,18.2,"(np.int64(0), np.int64(1), np.int64(2))"
static,TMTM,11,0,22.099999999999998,78,22.166666666666664,22.266666666666666,15.600000000000001,"(np.int64(0), np.int64(1), np.int64(2))"
static,TMTM,11,1,38.199999999999996,81,38.36666666666667,38.36666666666667,16.2,"(np.int64(0), np.int64(1), np.int64(2))"
static,TMTM,11,2,59.199999999999996,91,58.96666666666667,58.96666666666667,18.2,"(np.int64(0), np.int64(1), np.int64(2))"
static,TMTM,12,0,22.099999999999998,78,22.166666666666664,22.266666666666666,15.600000000000001,"(np.int64(0), np.int64(1), np.int64(2))"
static,TMTM,12,1,38.199999999999996,81,38.36666666666667,38.36666666666667,16.2,"(np.int64(0), np.int64(1), np.int64(2))"
static,TMTM,12,2,59.199999999999996,91,58.96666666666667,58.96666666666667,18.2,"(np.int64(0), np.int64(1), np.int64(2))"
static,ST-MTM,0,0,22.099999999999998,78,22.100000000000005,22.100000000000005,4.68,"(0, 1, 2)"
static,ST-MTM,0,1,38.199999999999996,81,38.2,38.2,4.859999999999999,"(0, 1, 2)"
static,ST-MTM,0,2,59.199999999999996,91,59.2,59.2,5.459999999999994,"(0, 1, 2)"
static,ST-MTM,1,0,22.099999999999998,78,22.100000000000005,22.100000000000005,4.68,"(0, 1, 2)"
static,ST-MTM,1,1,38.199999999999996,81,38.2,38.2,4.859999999999999,"(0, 1, 2)"
static,ST-MTM,1,2,59.199999999999996,91,59.2,59.2,5.459999999999994,"(0, 1, 2)"
static,ST-MTM,2,0,22.099999999999998,78,22.100000000000005,22.100000000000005,4.68,"(0, 1, 2)"
static,ST-MTM,2,1,38.199999999999996,81,38.2,38.2,4.859999999999999,"(0, 1, 2)"
static,ST-MTM,2,2,59.199999999999996,91,59.2,59.2,5.459999999999994,"(0, 1, 2)"
static,ST-MTM,3,0,22.099999999999998,78,22.100000000000005,22.100000000000005,4.68,"(0, 1, 2)"
static,ST-MTM,3,1,38.199999999999996,81,38.2,38.2,4.859999999999999,"(0, 1, 2)"
static,ST-MTM,3,2,59.199999999999996,91,59.2,59.2,5.459999999999994,"(0, 1, 2)"
static,ST-MTM,4,0,22.099999999999998,78,22.100000000000005,22.100000000000005,4.68,"(0, 1, 2)"
static,ST-MTM,4,1,38.199999999999996,81,38.2,38.2,4.859999999999999,"(0, 1, 2)"
static,ST-MTM,4,2,59.199999999999996,91,59.2,59.2,5.459999999999994,"(0, 1, 2)"
static,ST-MTM,5,0,22.099999999999998,78,22.100000000000005,22.100000000000005,4.68,"(0, 1, 2)"
static,ST-MTM,5,1,38.199999999999996,81,38.2,38.2,4.859999999999999,"(0, 1, 2)"
static,ST-MTM,5,2,59.199999999999996,91,59.2,59.2,5.459999999999994,"(0, 1, 2)"
static,ST-MTM,6,0,22.099999999999998,78,22.100000000000005,22.100000000000005,4.68,"(0, 1, 2)"
static,ST-MTM,6,1,38.199999999999996,81,38.2,38.2,4.859999999999999,"(0, 1, 2)"
static,ST-MTM,6,2,59.199999999999996,91,59.2,59.2,5.459999999999994,"(0, 1, 2)"
static,ST-MTM,7,0,22.099999999999998,78,22.100000000000005,22.100000000000005,4.68,"(0, 1, 2)"
static,ST-MTM,7,1,38.199999999999996,81,38.2,38.2,4.859999999999999,"(0, 1, 2)"
static,ST-MTM,7,2,59.199999999999996,91,59.2,59.2,5.459999999999994,"(0, 1, 2)"
static,ST-MTM,8,0,22.099999999999998,78,22.100000000000005,22.100000000000005,4.68,"(0, 1, 2)"
static,ST-MTM,8,1,38.199999999999996,81,38.2,38.2,4.859999999999999,"(0, 1, 2)"
static,ST-MTM,8,2,59.199999999999996,91,59.2,59.2,5.459999999999994,"(0, 1, 2)"
static,ST-MTM,9,0,22.099999999999998,78,22.100000000000005,22.100000000000005,4.68,"(0, 1, 2)"
static,ST-MTM,9,1,38.199999999999996,81,38.2,38.2,4.859999999999999,"(0, 1, 2)"
static,ST-MTM,9,2,59.199999999999996,91,59.2,59.2,5.459999999999994,"(0, 1, 2)"
static,ST-MTM,10,0,22.099999999999998,78,22.100000000000005,22.100000000000005,4.68,"(0, 1, 2)"
static,ST-MTM,10,1,38.199999999999996,81,38.2,38.2,4.859999999999999,"(0, 1, 2)"
static,ST-MTM,10,2,59.199999999999996,91,59.2,59.2,5.459999999999994,"(0, 1, 2)"
static,ST-MTM,11,0,22.099999999999998,78,22.100000000000005,22.100000000000005,4.68,"(0, 1, 2)"
static,ST-MTM,11,1,38.199999999999996,81,38.2,38.2,4.859999999999999,"(0, 1, 2)"
static,ST-MTM,11,2,59.199999999999996,91,59.2,59.2,5.459999999999994,"(0, 1, 2)"
static,ST-MTM,12,0,22.099999999999998,78,22.100000000000005,22.100000000000005,4.68,"(0, 1, 2)"
static,ST-MTM,12,1,38.199999999999996,81,38.2,38.2,4.859999999999999,"(0, 1, 2)"
static,ST-MTM,12,2,59.199999999999996,91,59.2,59.2,5.459999999999994,"(0, 1, 2)"
static,RA-MTM,0,0,22.099999999999998,78,22.100000502772332,22.100001419713454,4.68,"(0, 1, 2)"
static,RA-MTM,0,1,38.199999999999996,81,38.20000468446466,38.20029384320001,4.859999999999999,"(0, 1, 2)"
static,RA-MTM,0,2,59.199999999999996,91,59.19999822790618,59.199841788669524,5.46,"(0, 1, 2)"
static,RA-MTM,1,0,22.099999999999998,78,22.10000042480539,22.10000104427297,4.68,"(0, 1, 2)"
static,RA-MTM,1,1,38.199999999999996,81,38.200003957651845,38.20024518034798,4.859999999999999,"(0, 1, 2)"
static,RA-MTM,1,2,59.199999999999996,91,59.19999848170705,59.19986626759082,5.46,"(0, 1, 2)"
static,RA-MTM,2,0,22.099999999999998,78,22.10000041144464,22.100001030911656,4.68,"(0, 1, 2)"
static,RA-MTM,2,1,38.199999999999996,81,38.200003901033156,38.20024512361364,4.859999999999999,"(0, 1, 2)"
static,RA-MTM,2,2,59.199999999999996,91,59.19999849046441,59.199866276366244,5.46,"(0, 1, 2)"
static,RA-MTM,3,0,22.099999999999998,78,22.100000409646906,22.100001029113884,4.68,"(0, 1, 2)"
static,RA-MTM,3,1,38.199999999999996,81,38.200003896351454,38.20024511892417,4.859999999999999,"(0, 1, 2)"
static,RA-MTM,3,2,59.199999999999996,91,59.19999849014124,59.199866276043984,5.46,"(0, 1, 2)"
static,RA-MTM,4,0,22.099999999999998,78,22.100000409426272,22.10000102889325,4.68,"(0, 1, 2)"
static,RA-MTM,4,1,38.199999999999996,81,38.20000389593854,38.20024511851076,4.859999999999999,"(0, 1, 2)"
static,RA-MTM,4,2,59.199999999999996,91,59.199998490018906,59.19986627592171,5.46,"(0, 1, 2)"
static,RA-MTM,5,0,22.099999999999998,78,22.100000409400376,22.100001028867357,4.68,"(0, 1, 2)"
static,RA-MTM,5,1,38.199999999999996,81,38.20000389589983,38.20024511847198,4.859999999999999,"(0, 1, 2)"
static,RA-MTM,5,2,59.199999999999996,91,59.19999848999955,59.199866275902345,5.46,"(0, 1, 2)"
static,RA-MTM,6,0,22.099999999999998,78,22.100000409397385,22.100001028864376,4.68,"(0, 1, 2)"
static,RA-MTM,6,1,38.199999999999996,81,38.200003895896,38.20024511846816,4.859999999999999,"(0, 1, 2)"
static,RA-MTM,6,2,59.199999999999996,91,59.19999848999702,59.199866275899815,5.46,"(0, 1, 2)"
static,RA-MTM,7,0,22.099999999999998,78,22.10000040939706,22.100001028864035,4.68,"(0, 1, 2)"
static,RA-MTM,7,1,38.199999999999996,81,38.20000389589562,38.200245118467755,4.859999999999999,"(0, 1, 2)"
static,RA-MTM,7,2,59.199999999999996,91,59.19999848999671,59.199866275899495,5.46,"(0, 1, 2)"
static,RA-MTM,8,0,22.099999999999998,78,22.100000409397023,22.100001028863996,4.68,"(0, 1, 2)"
static,RA-MTM,8,1,38.199999999999996,81,38.20000389589556,38.20024511846772,4.859999999999999,"(0, 1, 2)"
static,RA-MTM,8,2,59.199999999999996,91,59.19999848999667,59.199866275899474,5.46,"(0, 1, 2)"
static,RA-MTM,9,0,22.099999999999998,78,22.100000409397012,22.100001028864003,4.68,"(0, 1, 2)"
static,RA-MTM,9,1,38.199999999999996,81,38.20000389589558,38.20024511846773,4.859999999999999,"(0, 1, 2)"
static,RA-MTM,9,2,59.199999999999996,91,59.199998489996666,59.199866275899474,5.46,"(0, 1, 2)"
static,RA-MTM,10,0,22.099999999999998,78,22.100000409397015,22.100001028864,4.68,"(0, 1, 2)"
static,RA-MTM,10,1,38.199999999999996,81,38.20000389589556,38.20024511846773,4.859999999999999,"(0, 1, 2)"
static,RA-MTM,10,2,59.199999999999996,91,59.19999848999668,59.19986627589948,5.46,"(0, 1, 2)"
static,RA-MTM,11,0,22.099999999999998,78,22.10000040939702,22.100001028864,4.68,"(0, 1, 2)"
static,RA-MTM,11,1,38.199999999999996,81,38.20000389589556,38.20024511846771,4.859999999999999,"(0, 1, 2)"
static,RA-MTM,11,2,59.199999999999996,91,59.19999848999669,59.19986627589945,5.46,"(0, 1, 2)"
static,RA-MTM,12,0,22.099999999999998,78,22.100000409397012,22.100001028864003,4.68,"(0, 1, 2)"
static,RA-MTM,12,1,38.199999999999996,81,38.20000389589558,38.20024511846773,4.859999999999999,"(0, 1, 2)"
static,RA-MTM,12,2,59.199999999999996,91,59.199998489996666,59.199866275899474,5.46,"(0, 1, 2)"
translation,TMTM,0,0,22.099999999999998,78,22.166666666666664,22.266666666666666,15.600000000000001,"(np.int64(0), np.int64(1), np.int64(2))"
translation,TMTM,0,1,38.199999999999996,81,38.36666666666667,38.36666666666667,16.2,"(np.int64(0), np.int64(1), np.int64(2))"
translation,TMTM,0,2,59.199999999999996,91,58.96666666666667,58.96666666666667,18.2,"(np.int64(0), np.int64(1), np.int64(2))"
translation,TMTM,1,0,23.099999999999998,78,22.166666666666664,22.266666666666666,15.600000000000001,"(np.int64(0), np.int64(1), np.int64(2))"
translation,TMTM,1,1,39.199999999999996,81,38.36666666666667,38.36666666666667,16.2,"(np.int64(0), np.int64(1), np.int64(2))"
translation,TMTM,1,2,60.19999999999999,91,58.96666666666667,58.96666666666667,18.2,"(np.int64(0), np.int64(1), np.int64(2))"
translation,TMTM,2,0,24.099999999999998,78,22.166666666666664,22.266666666666666,15.600000000000001,"(np.int64(0), np.int64(1), np.int64(2))"
translation,TMTM,2,1,40.199999999999996,81,38.36666666666667,38.36666666666667,16.2,"(np.int64(0), np.int64(1), np.int64(2))"
translation,TMTM,2,2,61.19999999999999,91,58.96666666666667,58.96666666666667,18.2,"(np.int64(0), np.int64(1), np.int64(2))"
translation,TMTM,3,0,25.099999999999998,78,22.166666666666664,22.266666666666666,15.600000000000001,"(np.int64(0), np.int64(1), np.int64(2))"
translation,TMTM,3,1,41.199999999999996,81,38.36666666666667,38.36666666666667,16.2,"(np.int64(0), np.int64(1), np.int64(2))"
translation,TMTM,3,2,62.19999999999999,91,58.96666666666667,58.96666666666667,18.2,"(np.int64(0), np.int64(1), np.int64(2))"
translation,TMTM,4,0,26.099999999999998,78,22.166666666666664,22.266666666666666,15.600000000000001,"(np.int64(0), np.int64(1), np.int64(2))"
translation,TMTM,4,1,42.199999999999996,81,38.36666666666667,38.36666666666667,16.2,"(np.int64(0), np.int64(1), np.int64(2))"
translation,TMTM,4,2,63.199999999999996,91,58.96666666666667,58.96666666666667,18.2,"(np.int64(0), np.int64(1), np.int64(2))"
translation,TMTM,5,0,27.1,78,22.166666666666664,22.266666666666666,15.600000000000001,"(np.int64(0), np.int64(1), np.int64(2))"
translation,TMTM,5,1,43.199999999999996,81,38.36666666666667,38.36666666666667,16.2,"(np.int64(0), np.int64(1), np.int64(2))"
translation,TMTM,5,2,64.2,91,58.96666666666667,58.96666666666667,18.2,"(np.int64(0), np.int64(1), np.int64(2))"
translation,TMTM,6,0,28.1,78,22.166666666666664,22.266666666666666,15.600000000000001,"(np.int64(0), np.int64(1), np.int64(2))"
translation,TMTM,6,1,44.199999999999996,81,38.36666666666667,38.36666666666667,16.2,"(np.int64(0), np.int64(1), np.int64(2))"
translation,TMTM,6,2,65.2,91,58.96666666666667,58.96666666666667,18.2,"(np.int64(0), np.int64(1), np.int64(2))"
translation,TMTM,7,0,29.1,78,22.166666666666664,22.266666666666666,15.600000000000001,"(np.int64(0), np.int64(1), np.int64(2))"
translation,TMTM,7,1,45.199999999999996,81,38.36666666666667,38.36666666666667,16.2,"(np.int64(0), np.int64(1), np.int64(2))"
translation,TMTM,7,2,66.2,91,58.96666666666667,58.96666666666667,18.2,"(np.int64(0), np.int64(1), np.int64(2))"
translation,TMTM,8,0,30.1,78,22.166666666666664,22.266666666666666,15.600000000000001,"(np.int64(0), np.int64(1), np.int64(2))"
translation,TMTM,8,1,46.199999999999996,81,38.36666666666667,38.36666666666667,16.2,"(np.int64(0), np.int64(1), np.int64(2))"
translation,TMTM,8,2,67.2,91,58.96666666666667,58.96666666666667,18.2,"(np.int64(0), np.int64(1), np.int64(2))"
translation,TMTM,9,0,31.1,78,22.166666666666664,22.266666666666666,15.600000000000001,"(np.int64(0), np.int64(1), np.int64(2))"
translation,TMTM,9,1,47.199999999999996,81,38.36666666666667,38.36666666666667,16.2,"(np.int64(0), np.int64(1), np.int64(2))"
translation,TMTM,9,2,68.2,91,58.96666666666667,58.96666666666667,18.2,"(np.int64(0), np.int64(1), np.int64(2))"
translation,TMTM,10,0,32.1,78,22.166666666666664,22.266666666666666,15.600000000000001,"(np.int64(0), np.int64(1), np.int64(2))"
translation,TMTM,10,1,48.199999999999996,81,38.36666666666667,38.36666666666667,16.2,"(np.int64(0), np.int64(1), np.int64(2))"
translation,TMTM,10,2,69.2,91,58.96666666666667,58.96666666666667,18.2,"(np.int64(0), np.int64(1), np.int64(2))"
translation,TMTM,11,0,33.099999999999994,78,22.166666666666664,22.266666666666666,15.600000000000001,"(np.int64(0), np.int64(1), np.int64(2))"
translation,TMTM,11,1,49.199999999999996,81,38.36666666666667,38.36666666666667,16.2,"(np.int64(0), np.int64(1), np.int64(2))"
translation,TMTM,11,2,70.2,91,58.96666666666667,58.96666666666667,18.2,"(np.int64(0), np.int64(1), np.int64(2))"
translation,TMTM,12,0,34.1,78,22.166666666666664,22.266666666666666,15.600000000000001,"(np.int64(0), np.int64(1), np.int64(2))"
translation,TMTM,12,1,50.199999999999996,81,38.36666666666667,38.36666666666667,16.2,"(np.int64(0), np.int64(1), np.int64(2))"
translation,TMTM,12,2,71.2,91,58.96666666666667,58.96666666666667,18.2,"(np.int64(0), np.int64(1), np.int64(2))"
translation,ST-MTM,0,0,22.099999999999998,78,22.100000000000005,22.100000000000005,4.68,"(0, 1, 2)"
translation,ST-MTM,0,1,38.199999999999996,81,38.2,38.2,4.859999999999999,"(0, 1, 2)"
translation,ST-MTM,0,2,59.199999999999996,91,59.2,59.2,5.459999999999994,"(0, 1, 2)"
translation,ST-MTM,1,0,23.099999999999998,78,22.100000000000005,22.100000000000005,4.68,"(0, 1, 2)"
translation,ST-MTM,1,1,39.199999999999996,81,38.2,38.2,4.859999999999999,"(0, 1, 2)"
translation,ST-MTM,1,2,60.19999999999999,91,59.2,59.2,5.459999999999994,"(0, 1, 2)"
translation,ST-MTM,2,0,24.099999999999998,78,22.100000000000005,22.100000000000005,4.68,"(0, 1, 2)"
translation,ST-MTM,2,1,40.199999999999996,81,38.2,38.2,4.859999999999999,"(0, 1, 2)"
translation,ST-MTM,2,2,61.19999999999999,91,59.2,59.2,5.459999999999994,"(0, 1, 2)"
translation,ST-MTM,3,0,25.099999999999998,78,22.100000000000005,22.100000000000005,4.68,"(0, 1, 2)"
translation,ST-MTM,3,1,41.199999999999996,81,38.2,38.2,4.859999999999999,"(0, 1, 2)"
translation,ST-MTM,3,2,62.19999999999999,91,59.2,59.2,5.459999999999994,"(0, 1, 2)"
translation,ST-MTM,4,0,26.099999999999998,78,22.100000000000005,22.100000000000005,4.68,"(0, 1, 2)"
translation,ST-MTM,4,1,42.199999999999996,81,38.2,38.2,4.859999999999999,"(0, 1, 2)"
translation,ST-MTM,4,2,63.199999999999996,91,59.2,59.2,5.459999999999994,"(0, 1, 2)"
translation,ST-MTM,5,0,27.1,78,22.100000000000005,22.100000000000005,4.68,"(0, 1, 2)"
translation,ST-MTM,5,1,43.199999999999996,81,38.2,38.2,4.859999999999999,"(0, 1, 2)"
translation,ST-MTM,5,2,64.2,91,59.2,59.2,5.459999999999994,"(0, 1, 2)"
translation,ST-MTM,6,0,28.1,78,22.100000000000005,22.100000000000005,4.68,"(0, 1, 2)"
translation,ST-MTM,6,1,44.199999999999996,81,38.2,38.2,4.859999999999999,"(0, 1, 2)"
translation,ST-MTM,6,2,65.2,91,59.2,59.2,5.459999999999994,"(0, 1, 2)"
translation,ST-MTM,7,0,29.1,78,22.100000000000005,22.100000000000005,4.68,"(0, 1, 2)"
translation,ST-MTM,7,1,45.199999999999996,81,38.2,38.2,4.859999999999999,"(0, 1, 2)"
translation,ST-MTM,7,2,66.2,91,59.2,59.2,5.459999999999994,"(0, 1, 2)"
translation,ST-MTM,8,0,30.1,78,22.100000000000005,22.100000000000005,4.68,"(0, 1, 2)"
translation,ST-MTM,8,1,46.199999999999996,81,38.2,38.2,4.859999999999999,"(0, 1, 2)"
translation,ST-MTM,8,2,67.2,91,59.2,59.2,5.459999999999994,"(0, 1, 2)"
translation,ST-MTM,9,0,31.1,78,22.100000000000005,22.100000000000005,4.68,"(0, 1, 2)"
translation,ST-MTM,9,1,47.199999999999996,81,38.2,38.2,4.859999999999999,"(0, 1, 2)"
translation,ST-MTM,9,2,68.2,91,59.2,59.2,5.459999999999994,"(0, 1, 2)"
translation,ST-MTM,10,0,32.1,78,22.100000000000005,22.100000000000005,4.68,"(0, 1, 2)"
translation,ST-MTM,10,1,48.199999999999996,81,38.2,38.2,4.859999999999999,"(0, 1, 2)"
translation,ST-MTM,10,2,69.2,91,59.2,59.2,5.459999999999994,"(0, 1, 2)"
translation,ST-MTM,11,0,33.099999999999994,78,22.099999999999998,22.099999999999998,4.68,"(0, 1, 2)"
translation,ST-MTM,11,1,49.199999999999996,81,38.2,38.2,4.859999999999999,"(0, 1, 2)"
translation,ST-MTM,11,2,70.2,91,59.2,59.2,5.459999999999994,"(0, 1, 2)"
translation,ST-MTM,12,0,34.1,78,22.100000000000005,22.100000000000005,4.68,"(0, 1, 2)"
translation,ST-MTM,12,1,50.199999999999996,81,38.2,38.2,4.859999999999999,"(0, 1, 2)"
translation,ST-MTM,12,2,71.2,91,59.2,59.2,5.459999999999994,"(0, 1, 2)"
translation,RA-MTM,0,0,22.099999999999998,78,22.100000502772332,22.100001419713454,4.68,"(0, 1, 2)"
translation,RA-MTM,0,1,38.199999999999996,81,38.20000468446466,38.20029384320001,4.859999999999999,"(0, 1, 2)"
translation,RA-MTM,0,2,59.199999999999996,91,59.19999822790618,59.199841788669524,5.46,"(0, 1, 2)"
translation,RA-MTM,1,0,23.099999999999998,78,23.100000424805376,23.10000104427297,4.68,"(0, 1, 2)"
translation,RA-MTM,1,1,39.199999999999996,81,39.20000395765185,39.20024518034797,4.859999999999999,"(0, 1, 2)"
translation,RA-MTM,1,2,60.19999999999999,91,60.19999848170706,60.199866267590814,5.46,"(0, 1, 2)"
translation,RA-MTM,2,0,24.099999999999998,78,24.100000411444633,24.100001030911653,4.68,"(0, 1, 2)"
translation,RA-MTM,2,1,40.199999999999996,81,40.20000390103314,40.20024512361365,4.859999999999999,"(0, 1, 2)"
translation,RA-MTM,2,2,61.19999999999999,91,61.1999984904644,61.19986627636624,5.46,"(0, 1, 2)"
translation,RA-MTM,3,0,25.099999999999998,78,25.100000409646896,25.100001029113884,4.68,"(0, 1, 2)"
translation,RA-MTM,3,1,41.199999999999996,81,41.20000389635145,41.20024511892417,4.859999999999999,"(0, 1, 2)"
translation,RA-MTM,3,2,62.19999999999999,91,62.199998490141226,62.19986627604399,5.46,"(0, 1, 2)"
translation,RA-MTM,4,0,26.099999999999998,78,26.100000409426272,26.10000102889326,4.68,"(0, 1, 2)"
translation,RA-MTM,4,1,42.199999999999996,81,42.20000389593855,42.20024511851074,4.859999999999999,"(0, 1, 2)"
translation,RA-MTM,4,2,63.199999999999996,91,63.1999984900189,63.19986627592171,5.46,"(0, 1, 2)"
translation,RA-MTM,5,0,27.1,78,27.100000409400373,27.100001028867347,4.68,"(0, 1, 2)"
translation,RA-MTM,5,1,43.199999999999996,81,43.20000389589982,43.200245118471976,4.859999999999999,"(0, 1, 2)"
translation,RA-MTM,5,2,64.2,91,64.19999848999956,64.19986627590234,5.46,"(0, 1, 2)"
translation,RA-MTM,6,0,28.1,78,28.100000409397396,28.10000102886438,4.68,"(0, 1, 2)"
translation,RA-MTM,6,1,44.199999999999996,81,44.200003895896,44.20024511846815,4.859999999999999,"(0, 1, 2)"
translation,RA-MTM,6,2,65.2,91,65.19999848999706,65.19986627589982,5.46,"(0, 1, 2)"
translation,RA-MTM,7,0,29.1,78,29.10000040939706,29.100001028864035,4.68,"(0, 1, 2)"
translation,RA-MTM,7,1,45.199999999999996,81,45.20000389589561,45.20024511846776,4.859999999999999,"(0, 1, 2)"
translation,RA-MTM,7,2,66.2,91,66.19999848999674,66.19986627589952,5.46,"(0, 1, 2)"
translation,RA-MTM,8,0,30.1,78,30.100000409397026,30.100001028864,4.68,"(0, 1, 2)"
translation,RA-MTM,8,1,46.199999999999996,81,46.200003895895584,46.20024511846772,4.859999999999999,"(0, 1, 2)"
translation,RA-MTM,8,2,67.2,91,67.1999984899967,67.19986627589948,5.46,"(0, 1, 2)"
translation,RA-MTM,9,0,31.1,78,31.100000409397015,31.100001028864007,4.68,"(0, 1, 2)"
translation,RA-MTM,9,1,47.199999999999996,81,47.200003895895556,47.20024511846773,4.859999999999999,"(0, 1, 2)"
translation,RA-MTM,9,2,68.2,91,68.19999848999667,68.1998662758995,5.46,"(0, 1, 2)"
translation,RA-MTM,10,0,32.1,78,32.10000040939701,32.100001028864,4.68,"(0, 1, 2)"
translation,RA-MTM,10,1,48.199999999999996,81,48.200003895895556,48.200245118467706,4.859999999999999,"(0, 1, 2)"
translation,RA-MTM,10,2,69.2,91,69.19999848999669,69.19986627589945,5.46,"(0, 1, 2)"
translation,RA-MTM,11,0,33.099999999999994,78,33.100000409397,33.10000102886399,4.68,"(0, 1, 2)"
translation,RA-MTM,11,1,49.199999999999996,81,49.20000389589556,49.200245118467706,4.859999999999999,"(0, 1, 2)"
translation,RA-MTM,11,2,70.2,91,70.19999848999667,70.19986627589947,5.46,"(0, 1, 2)"
translation,RA-MTM,12,0,34.1,78,34.100000409397005,34.100001028864014,4.68,"(0, 1, 2)"
translation,RA-MTM,12,1,50.199999999999996,81,50.200003895895556,50.200245118467706,4.859999999999999,"(0, 1, 2)"
translation,RA-MTM,12,2,71.2,91,71.1999984899967,71.19986627589948,5.46,"(0, 1, 2)"
growth,TMTM,0,0,35.7,192,35.65000000000001,35.750000000000014,38.400000000000006,"(np.int64(0), np.int64(1))"
growth,TMTM,0,1,72.20000000000002,171,72.25,72.25,34.2,"(np.int64(0), np.int64(1))"
growth,TMTM,1,0,35.7,192,34.85000000000001,34.95000000000001,38.400000000000006,"(np.int64(0), np.int64(1))"
growth,TMTM,1,1,73.0,179,72.25,72.25,35.800000000000004,"(np.int64(0), np.int64(1))"
growth,TMTM,2,0,35.7,192,33.85000000000001,33.95000000000001,38.400000000000006,"(np.int64(0), np.int64(1))"
growth,TMTM,2,1,73.9,188,72.05000000000001,72.15,37.6,"(np.int64(0), np.int64(1))"
growth,TMTM,3,0,35.7,192,33.05000000000001,33.15000000000001,38.400000000000006,"(np.int64(0), np.int64(1))"
growth,TMTM,3,1,74.70000000000002,196,72.05000000000001,72.15,39.2,"(np.int64(0), np.int64(1))"
growth,TMTM,4,0,35.7,192,32.250000000000014,32.35000000000001,38.400000000000006,"(np.int64(0), np.int64(1))"
growth,TMTM,4,1,75.49999999999999,204,72.05000000000001,72.15,40.800000000000004,"(np.int64(0), np.int64(1))"
growth,TMTM,5,0,35.7,192,31.45000000000001,31.55000000000001,38.400000000000006,"(np.int64(0), np.int64(1))"
growth,TMTM,5,1,76.4,213,72.25,72.25,42.6,"(np.int64(0), np.int64(1))"
growth,TMTM,6,0,35.7,192,30.650000000000013,30.750000000000007,38.400000000000006,"(np.int64(0), np.int64(1))"
growth,TMTM,6,1,77.20000000000002,221,72.25,72.25,44.2,"(np.int64(0), np.int64(1))"
growth,TMTM,7,0,35.7,192,29.650000000000013,29.750000000000007,38.400000000000006,"(np.int64(0), np.int64(1))"
growth,TMTM,7,1,78.1,230,72.05000000000001,72.15,46.0,"(np.int64(0), np.int64(1))"
growth,TMTM,8,0,35.7,192,28.85000000000001,28.95000000000001,38.400000000000006,"(np.int64(0), np.int64(1))"
growth,TMTM,8,1,78.9,238,72.05000000000001,72.15,47.6,"(np.int64(0), np.int64(1))"
growth,TMTM,9,0,35.7,192,28.05000000000001,28.150000000000013,38.400000000000006,"(np.int64(0), np.int64(1))"
growth,TMTM,9,1,79.80000000000001,247,72.25,72.25,49.400000000000006,"(np.int64(0), np.int64(1))"
growth,TMTM,10,0,35.7,192,27.250000000000007,27.35000000000001,38.400000000000006,"(np.int64(0), np.int64(1))"
growth,TMTM,10,1,80.60000000000001,255,72.25,72.25,51.0,"(np.int64(0), np.int64(1))"
growth,ST-MTM,0,0,35.7,192,35.7,35.7,11.519999999999996,"(0, 1)"
growth,ST-MTM,0,1,72.20000000000002,171,72.20000000000002,72.20000000000002,10.259999999999991,"(0, 1)"
growth,ST-MTM,1,0,35.7,192,35.38000000000001,35.38000000000001,11.271590296495958,"(0, 1)"
growth,ST-MTM,1,1,73.0,179,72.52000000000001,72.52000000000001,10.508409703504043,"(0, 1)"
growth,ST-MTM,2,0,35.7,192,34.95600000000001,34.95600000000001,11.004631578947368,"(0, 1)"
growth,ST-MTM,2,1,73.9,188,72.94400000000002,72.94400000000002,10.775368421052633,"(0, 1)"
growth,ST-MTM,3,0,35.7,192,34.55120000000001,34.55120000000001,10.777731958762885,"(0, 1)"
growth,ST-MTM,3,1,74.70000000000002,196,73.34880000000003,73.34880000000003,11.002268041237102,"(0, 1)"
growth,ST-MTM,4,0,35.7,192,34.150240000000025,34.150240000000025,10.560000000000002,"(0, 1)"
growth,ST-MTM,4,1,75.49999999999999,204,73.74976000000001,73.74976000000001,11.219999999999999,"(0, 1)"
growth,ST-MTM,5,0,35.7,192,33.710048000000015,33.710048000000015,10.325333333333333,"(0, 1)"
growth,ST-MTM,5,1,76.4,213,74.18995200000002,74.18995200000002,11.454666666666668,"(0, 1)"
growth,ST-MTM,6,0,35.7,192,33.302009600000005,33.302009600000005,10.125326876513313,"(0, 1)"
growth,ST-MTM,6,1,77.20000000000002,221,74.59799040000001,74.59799040000001,11.654673123486674,"(0, 1)"
growth,ST-MTM,7,0,35.7,192,32.860401920000015,32.860401920000015,9.909383886255924,"(0, 1)"
growth,ST-MTM,7,1,78.1,230,75.03959808,75.03959808,11.870616113744063,"(0, 1)"
growth,ST-MTM,8,0,35.7,192,32.45208038400001,32.45208038400001,9.725023255813952,"(0, 1)"
growth,ST-MTM,8,1,78.9,238,75.44791961600001,75.44791961600001,12.054976744186035,"(0, 1)"
growth,ST-MTM,9,0,35.7,192,32.010416076800006,32.010416076800006,9.52564920273348,"(0, 1)"
growth,ST-MTM,9,1,79.80000000000001,247,75.88958392320001,75.88958392320001,12.254350797266511,"(0, 1)"
growth,ST-MTM,10,0,35.7,192,31.60208321536,31.602083215359997,9.355167785234894,"(0, 1)"
growth,ST-MTM,10,1,80.60000000000001,255,76.29791678464001,76.29791678464001,12.424832214765104,"(0, 1)"
growth,RA-MTM,0,0,35.7,192,35.70000000000001,35.7,11.52,"(0, 1)"
growth,RA-MTM,0,1,72.20000000000002,171,72.20000000000002,72.20000000000002,10.26,"(0, 1)"
growth,RA-MTM,1,0,35.7,192,35.699999999999996,35.70000000000001,11.52,"(0, 1)"
growth,RA-MTM,1,1,73.0,179,73.00000000000001,73.0,10.74,"(0, 1)"
growth,RA-MTM,2,0,35.7,192,35.7,35.70000000000001,11.52,"(0, 1)"
growth,RA-MTM,2,1,73.9,188,73.89999999999999,73.89999999999999,11.28,"(0, 1)"
growth,RA-MTM,3,0,35.7,192,35.70000000000001,35.70000000000001,11.52,"(0, 1)"
growth,RA-MTM,3,1,74.70000000000002,196,74.70000000000003,74.70000000000002,11.76,"(0, 1)"
growth,RA-MTM,4,0,35.7,192,35.699999999999996,35.70000000000001,11.52,"(0, 1)"
growth,RA-MTM,4,1,75.49999999999999,204,75.49999999999999,75.49999999999999,12.24,"(0, 1)"
growth,RA-MTM,5,0,35.7,192,35.7,35.699999999999996,11.52,"(0, 1)"
growth,RA-MTM,5,1,76.4,213,76.39999999999999,76.39999999999999,12.78,"(0, 1)"
growth,RA-MTM,6,0,35.7,192,35.699999999999996,35.7,11.52,"(0, 1)"
growth,RA-MTM,6,1,77.20000000000002,221,77.20000000000003,77.20000000000003,13.26,"(0, 1)"
growth,RA-MTM,7,0,35.7,192,35.70000000000001,35.70000000000001,11.52,"(0, 1)"
growth,RA-MTM,7,1,78.1,230,78.1,78.1,13.799999999999999,"(0, 1)"
growth,RA-MTM,8,0,35.7,192,35.7,35.70000000000001,11.52,"(0, 1)"
growth,RA-MTM,8,1,78.9,238,78.89999999999999,78.9,14.28,"(0, 1)"
growth,RA-MTM,9,0,35.7,192,35.7,35.7,11.52,"(0, 1)"
growth,RA-MTM,9,1,79.80000000000001,247,79.80000000000001,79.80000000000001,14.82,"(0, 1)"
growth,RA-MTM,10,0,35.7,192,35.7,35.70000000000001,11.52,"(0, 1)"
growth,RA-MTM,10,1,80.60000000000001,255,80.60000000000001,80.60000000000002,15.299999999999999,"(0, 1)"
collective_growth,TMTM,0,0,22.099999999999998,78,22.166666666666664,22.266666666666666,15.600000000000001,"(np.int64(0), np.int64(1), np.int64(2))"
collective_growth,TMTM,0,1,38.199999999999996,81,38.36666666666667,38.36666666666667,16.2,"(np.int64(0), np.int64(1), np.int64(2))"
collective_growth,TMTM,0,2,59.199999999999996,91,58.96666666666667,58.96666666666667,18.2,"(np.int64(0), np.int64(1), np.int64(2))"
collective_growth,TMTM,1,0,21.599999999999998,81,21.766666666666666,21.766666666666666,16.2,"(np.int64(0), np.int64(1), np.int64(2))"
collective_growth,TMTM,1,1,38.199999999999996,83,38.36666666666667,38.36666666666667,16.6,"(np.int64(0), np.int64(1), np.int64(2))"
collective_growth,TMTM,1,2,59.800000000000004,93,59.56666666666666,59.56666666666666,18.6,"(np.int64(0), np.int64(1), np.int64(2))"
collective_growth,TMTM,2,0,21.0,83,21.166666666666664,21.166666666666664,16.6,"(np.int64(0), np.int64(1), np.int64(2))"
collective_growth,TMTM,2,1,38.1,86,38.166666666666664,38.266666666666666,17.2,"(np.int64(0), np.int64(1), np.int64(2))"
collective_growth,TMTM,2,2,60.4,97,60.16666666666667,60.16666666666667,19.400000000000002,"(np.int64(0), np.int64(1), np.int64(2))"
collective_growth,TMTM,3,0,20.6,85,20.766666666666666,20.766666666666666,17.0,"(np.int64(0), np.int64(1), np.int64(2))"
collective_growth,TMTM,3,1,38.1,88,38.166666666666664,38.266666666666666,17.6,"(np.int64(0), np.int64(1), np.int64(2))"
collective_growth,TMTM,3,2,60.99999999999999,99,60.766666666666666,60.766666666666666,19.8,"(np.int64(0), np.int64(1), np.int64(2))"
collective_growth,TMTM,4,0,19.900000000000002,88,19.96666666666667,20.066666666666663,17.6,"(np.int64(0), np.int64(1), np.int64(2))"
collective_growth,TMTM,4,1,38.0,91,38.166666666666664,38.166666666666664,18.2,"(np.int64(0), np.int64(1), np.int64(2))"
collective_growth,TMTM,4,2,61.5,102,61.16666666666667,61.266666666666666,20.400000000000002,"(np.int64(0), np.int64(1), np.int64(2))"
collective_growth,TMTM,5,0,19.5,90,19.566666666666663,19.666666666666664,18.0,"(np.int64(0), np.int64(1), np.int64(2))"
collective_growth,TMTM,5,1,38.0,93,38.166666666666664,38.166666666666664,18.6,"(np.int64(0), np.int64(1), np.int64(2))"
collective_growth,TMTM,5,2,62.09999999999999,104,61.766666666666666,61.866666666666674,20.8,"(np.int64(0), np.int64(1), np.int64(2))"
collective_growth,TMTM,6,0,18.9,92,18.96666666666667,19.066666666666663,18.400000000000002,"(np.int64(0), np.int64(1), np.int64(2))"
collective_growth,TMTM,6,1,37.9,96,37.96666666666667,38.06666666666666,19.200000000000003,"(np.int64(0), np.int64(1), np.int64(2))"
collective_growth,TMTM,6,2,62.7,108,62.366666666666674,62.46666666666667,21.6,"(np.int64(0), np.int64(1), np.int64(2))"
collective_growth,TMTM,7,0,18.4,95,18.566666666666663,18.566666666666663,19.0,"(np.int64(0), np.int64(1), np.int64(2))"
collective_growth,TMTM,7,1,37.9,98,37.96666666666667,38.06666666666666,19.6,"(np.int64(0), np.int64(1), np.int64(2))"
collective_growth,TMTM,7,2,63.2,109,62.96666666666667,62.96666666666667,21.8,"(np.int64(0), np.int64(1), np.int64(2))"
collective_growth,TMTM,8,0,17.8,97,17.96666666666667,17.96666666666667,19.400000000000002,"(np.int64(0), np.int64(1), np.int64(2))"
collective_growth,TMTM,8,1,37.800000000000004,101,37.96666666666667,37.96666666666667,20.200000000000003,"(np.int64(0), np.int64(1), np.int64(2))"
collective_growth,TMTM,8,2,63.800000000000004,113,63.56666666666666,63.56666666666666,22.6,"(np.int64(0), np.int64(1), np.int64(2))"
collective_growth,TMTM,9,0,17.3,100,17.366666666666667,17.46666666666666,20.0,"(np.int64(0), np.int64(1), np.int64(2))"
collective_growth,TMTM,9,1,37.800000000000004,103,37.96666666666667,37.96666666666667,20.6,"(np.int64(0), np.int64(1), np.int64(2))"
collective_growth,TMTM,9,2,64.4,115,64.16666666666667,64.16666666666667,23.0,"(np.int64(0), np.int64(1), np.int64(2))"
collective_growth,TMTM,10,0,16.7,102,16.766666666666666,16.866666666666667,20.400000000000002,"(np.int64(0), np.int64(1), np.int64(2))"
collective_growth,TMTM,10,1,37.699999999999996,106,37.766666666666666,37.86666666666667,21.200000000000003,"(np.int64(0), np.int64(1), np.int64(2))"
collective_growth,TMTM,10,2,65.0,119,64.76666666666667,64.76666666666667,23.8,"(np.int64(0), np.int64(1), np.int64(2))"
collective_growth,ST-MTM,0,0,22.099999999999998,78,22.100000000000005,22.100000000000005,4.68,"(0, 1, 2)"
collective_growth,ST-MTM,0,1,38.199999999999996,81,38.2,38.2,4.859999999999999,"(0, 1, 2)"
collective_growth,ST-MTM,0,2,59.199999999999996,91,59.2,59.2,5.459999999999994,"(0, 1, 2)"
collective_growth,ST-MTM,1,0,21.599999999999998,81,21.64285714285715,21.64285714285715,4.72762645914397,"(0, 1, 2)"
collective_growth,ST-MTM,1,1,38.199999999999996,83,38.17142857142857,38.17142857142857,4.844357976653697,"(0, 1, 2)"
collective_growth,ST-MTM,1,2,59.800000000000004,93,59.68571428571429,59.68571428571429,5.42801556420234,"(0, 1, 2)"
collective_growth,ST-MTM,2,0,21.0,83,21.091836734693885,21.091836734693885,4.680451127819552,"(0, 1, 2)"
collective_growth,ST-MTM,2,1,38.1,86,38.11020408163266,38.11020408163266,4.849624060150376,"(0, 1, 2)"
collective_growth,ST-MTM,2,2,60.4,97,60.29795918367348,60.29795918367348,5.469924812030072,"(0, 1, 2)"
collective_growth,ST-MTM,3,0,20.6,85,20.61311953352771,20.61311953352771,4.6875,"(0, 1, 2)"
collective_growth,ST-MTM,3,1,38.1,88,38.044314868804676,38.044314868804676,4.852941176470594,"(0, 1, 2)"
collective_growth,ST-MTM,3,2,60.99999999999999,99,60.842565597667644,60.842565597667644,5.459558823529406,"(0, 1, 2)"
collective_growth,ST-MTM,4,0,19.900000000000002,88,20.03044564764683,20.03044564764683,4.697508896797153,"(0, 1, 2)"
collective_growth,ST-MTM,4,1,38.0,91,38.034902124114964,38.034902124114964,4.857651245551608,"(0, 1, 2)"
collective_growth,ST-MTM,4,2,61.5,102,61.43465222823824,61.43465222823824,5.444839857651246,"(0, 1, 2)"
collective_growth,ST-MTM,5,0,19.5,90,19.547206521092413,19.547206521092413,4.703832752613238,"(0, 1, 2)"
collective_growth,ST-MTM,5,1,38.0,93,37.97641458915929,37.97641458915929,4.860627177700351,"(0, 1, 2)"
collective_growth,ST-MTM,5,2,62.09999999999999,104,61.97637888974832,61.97637888974832,5.435540069686418,"(0, 1, 2)"
collective_growth,ST-MTM,6,0,18.9,92,18.99245807444178,18.99245807444178,4.662162162162161,"(0, 1, 2)"
collective_growth,ST-MTM,6,1,37.9,96,37.91091636987991,37.91091636987991,4.86486486486487,"(0, 1, 2)"
collective_growth,ST-MTM,6,2,62.7,108,62.596625555678344,62.596625555678344,5.472972972972968,"(0, 1, 2)"
collective_growth,ST-MTM,7,0,18.4,95,18.4846368677774,18.4846368677774,4.718543046357617,"(0, 1, 2)"
collective_growth,ST-MTM,7,1,37.9,98,37.90155948141142,37.90155948141142,4.867549668874176,"(0, 1, 2)"
collective_growth,ST-MTM,7,2,63.2,109,63.1138036508112,63.11380365081119,5.413907284768207,"(0, 1, 2)"
collective_growth,ST-MTM,8,0,17.8,97,17.92637669539678,17.92637669539678,4.678456591639872,"(0, 1, 2)"
collective_growth,ST-MTM,8,1,37.800000000000004,101,37.84307992591592,37.84307992591592,4.871382636655952,"(0, 1, 2)"
collective_growth,ST-MTM,8,2,63.800000000000004,113,63.73054337868732,63.73054337868732,5.4501607717041765,"(0, 1, 2)"
collective_growth,ST-MTM,9,0,17.3,100,17.38948238505669,17.38948238505669,4.716981132075473,"(0, 1, 2)"
collective_growth,ST-MTM,9,1,37.800000000000004,103,37.80615427513086,37.80615427513086,4.85849056603773,"(0, 1, 2)"
collective_growth,ST-MTM,9,2,64.4,115,64.30436333981248,64.30436333981248,5.424528301886795,"(0, 1, 2)"
collective_growth,ST-MTM,10,0,16.7,102,16.827068912150967,16.827068912150967,4.678899082568806,"(0, 1, 2)"
collective_growth,ST-MTM,10,1,37.699999999999996,106,37.7437363250187,37.7437363250187,4.862385321100916,"(0, 1, 2)"
collective_growth,ST-MTM,10,2,65.0,119,64.92919476283036,64.92919476283036,5.458715596330279,"(0, 1, 2)"
collective_growth,RA-MTM,0,0,22.099999999999998,78,22.100000502772332,22.100001419713454,4.68,"(0, 1, 2)"
collective_growth,RA-MTM,0,1,38.199999999999996,81,38.20000468446466,38.20029384320001,4.859999999999999,"(0, 1, 2)"
collective_growth,RA-MTM,0,2,59.199999999999996,91,59.19999822790618,59.199841788669524,5.46,"(0, 1, 2)"
collective_growth,RA-MTM,1,0,21.599999999999998,81,21.60000039388558,21.60000095265344,4.859999999999999,"(0, 1, 2)"
collective_growth,RA-MTM,1,1,38.199999999999996,83,38.20000389656759,38.20024285301224,4.9799999999999995,"(0, 1, 2)"
collective_growth,RA-MTM,1,2,59.800000000000004,93,59.79999834815151,59.7998585040433,5.58,"(0, 1, 2)"
collective_growth,RA-MTM,2,0,21.0,83,21.00000038533804,21.000000950305566,4.9799999999999995,"(0, 1, 2)"
collective_growth,RA-MTM,2,1,38.1,86,38.10000414776345,38.10026568955294,5.16,"(0, 1, 2)"
collective_growth,RA-MTM,2,2,60.4,97,60.39999809381354,60.399838937649754,5.819999999999999,"(0, 1, 2)"
collective_growth,RA-MTM,3,0,20.6,85,20.600000361183938,20.6000008798235,5.1,"(0, 1, 2)"
collective_growth,RA-MTM,3,1,38.1,88,38.10000411445945,38.100263671453,5.279999999999999,"(0, 1, 2)"
collective_growth,RA-MTM,3,2,60.99999999999999,99,60.999997979231296,60.99983331709948,5.9399999999999995,"(0, 1, 2)"
collective_growth,RA-MTM,4,0,19.900000000000002,88,19.900000327393254,19.90000078782669,5.279999999999999,"(0, 1, 2)"
collective_growth,RA-MTM,4,1,38.0,91,38.00000404297639,38.00026082253024,5.46,"(0, 1, 2)"
collective_growth,RA-MTM,4,2,61.5,102,61.49999784928045,61.499826483463075,6.12,"(0, 1, 2)"
collective_growth,RA-MTM,5,0,19.5,90,19.500000304844967,19.50000073249745,5.3999999999999995,"(0, 1, 2)"
collective_growth,RA-MTM,5,1,38.0,93,38.0000039951238,38.00025906916728,5.58,"(0, 1, 2)"
collective_growth,RA-MTM,5,2,62.09999999999999,104,62.09999777094147,62.09982273176828,6.24,"(0, 1, 2)"
collective_growth,RA-MTM,6,0,18.9,92,18.900000317882334,18.900000765365665,5.52,"(0, 1, 2)"
collective_growth,RA-MTM,6,1,37.9,96,37.90000431428247,37.90028218806563,5.76,"(0, 1, 2)"
collective_growth,RA-MTM,6,2,62.7,108,62.69999754441221,62.699805067041744,6.4799999999999995,"(0, 1, 2)"
collective_growth,RA-MTM,7,0,18.4,95,18.40000026927143,18.400000630670135,5.7,"(0, 1, 2)"
collective_growth,RA-MTM,7,1,37.9,98,37.90000392778874,37.90025522740942,5.88,"(0, 1, 2)"
collective_growth,RA-MTM,7,2,63.2,109,63.199997618899154,63.19981537892803,6.54,"(0, 1, 2)"
collective_growth,RA-MTM,8,0,17.8,97,17.800000278409584,17.800000662296636,5.819999999999999,"(0, 1, 2)"
collective_growth,RA-MTM,8,1,37.800000000000004,101,37.80000422262551,37.80027835394042,6.06,"(0, 1, 2)"
collective_growth,RA-MTM,8,2,63.800000000000004,113,63.79999740416719,63.799798006252445,6.779999999999999,"(0, 1, 2)"
collective_growth,RA-MTM,9,0,17.3,100,17.300000268986853,17.300000632665554,6.0,"(0, 1, 2)"
collective_growth,RA-MTM,9,1,37.800000000000004,103,37.80000421084207,37.80027674560935,6.18,"(0, 1, 2)"
collective_growth,RA-MTM,9,2,64.4,115,64.39999735243839,64.3997959158496,6.8999999999999995,"(0, 1, 2)"
collective_growth,RA-MTM,10,0,16.7,102,16.700000285125736,16.70000067112414,6.12,"(0, 1, 2)"
collective_growth,RA-MTM,10,1,37.699999999999996,106,37.70000453502377,37.70029989981043,6.359999999999999,"(0, 1, 2)"
collective_growth,RA-MTM,10,2,65.0,119,64.99999713425004,64.99977858199148,7.14,"(0, 1, 2)"
translation_growth,TMTM,0,0,22.099999999999998,78,22.166666666666664,22.266666666666666,15.600000000000001,"(np.int64(0), np.int64(1), np.int64(2))"
translation_growth,TMTM,0,1,38.199999999999996,81,38.36666666666667,38.36666666666667,16.2,"(np.int64(0), np.int64(1), np.int64(2))"
translation_growth,TMTM,0,2,59.199999999999996,91,58.96666666666667,58.96666666666667,18.2,"(np.int64(0), np.int64(1), np.int64(2))"
translation_growth,TMTM,1,0,22.599999999999994,81,21.766666666666666,21.766666666666666,16.2,"(np.int64(0), np.int64(1), np.int64(2))"
translation_growth,TMTM,1,1,39.199999999999996,83,38.36666666666667,38.36666666666667,16.6,"(np.int64(0), np.int64(1), np.int64(2))"
translation_growth,TMTM,1,2,60.80000000000002,93,59.56666666666666,59.56666666666666,18.6,"(np.int64(0), np.int64(1), np.int64(2))"
translation_growth,TMTM,2,0,23.0,83,21.166666666666664,21.166666666666664,16.6,"(np.int64(0), np.int64(1), np.int64(2))"
translation_growth,TMTM,2,1,40.1,86,38.166666666666664,38.266666666666666,17.2,"(np.int64(0), np.int64(1), np.int64(2))"
translation_growth,TMTM,2,2,62.4,97,60.16666666666667,60.16666666666667,19.400000000000002,"(np.int64(0), np.int64(1), np.int64(2))"
translation_growth,TMTM,3,0,23.6,85,20.766666666666666,20.766666666666666,17.0,"(np.int64(0), np.int64(1), np.int64(2))"
translation_growth,TMTM,3,1,41.1,88,38.166666666666664,38.266666666666666,17.6,"(np.int64(0), np.int64(1), np.int64(2))"
translation_growth,TMTM,3,2,64.0,99,60.766666666666666,60.766666666666666,19.8,"(np.int64(0), np.int64(1), np.int64(2))"
translation_growth,TMTM,4,0,24.0,87,19.96666666666667,19.96666666666667,17.400000000000002,"(np.int64(0), np.int64(1), np.int64(2))"
translation_growth,TMTM,4,1,42.0,91,37.96666666666667,37.96666666666667,18.2,"(np.int64(0), np.int64(1), np.int64(2))"
translation_growth,TMTM,4,2,65.5,102,61.16666666666667,61.266666666666666,20.400000000000002,"(np.int64(0), np.int64(1), np.int64(2))"
translation_growth,TMTM,5,0,24.5,90,19.566666666666663,19.666666666666664,18.0,"(np.int64(0), np.int64(1), np.int64(2))"
translation_growth,TMTM,5,1,43.0,93,38.166666666666664,38.166666666666664,18.6,"(np.int64(0), np.int64(1), np.int64(2))"
translation_growth,TMTM,5,2,67.1,104,61.766666666666666,61.866666666666674,20.8,"(np.int64(0), np.int64(1), np.int64(2))"
translation_growth,TMTM,6,0,24.900000000000002,92,18.96666666666667,19.066666666666663,18.400000000000002,"(np.int64(0), np.int64(1), np.int64(2))"
translation_growth,TMTM,6,1,43.9,96,37.96666666666667,38.06666666666666,19.200000000000003,"(np.int64(0), np.int64(1), np.int64(2))"
translation_growth,TMTM,6,2,68.69999999999999,108,62.366666666666674,62.46666666666667,21.6,"(np.int64(0), np.int64(1), np.int64(2))"
translation_growth,TMTM,7,0,25.4,95,18.566666666666663,18.566666666666663,19.0,"(np.int64(0), np.int64(1), np.int64(2))"
translation_growth,TMTM,7,1,44.9,98,37.96666666666667,38.06666666666666,19.6,"(np.int64(0), np.int64(1), np.int64(2))"
translation_growth,TMTM,7,2,70.2,109,62.96666666666667,62.96666666666667,21.8,"(np.int64(0), np.int64(1), np.int64(2))"
translation_growth,TMTM,8,0,25.8,97,17.96666666666667,17.96666666666667,19.400000000000002,"(np.int64(0), np.int64(1), np.int64(2))"
translation_growth,TMTM,8,1,45.800000000000004,101,37.96666666666667,37.96666666666667,20.200000000000003,"(np.int64(0), np.int64(1), np.int64(2))"
translation_growth,TMTM,8,2,71.80000000000001,113,63.56666666666666,63.56666666666666,22.6,"(np.int64(0), np.int64(1), np.int64(2))"
translation_growth,TMTM,9,0,26.3,100,17.366666666666667,17.46666666666666,20.0,"(np.int64(0), np.int64(1), np.int64(2))"
translation_growth,TMTM,9,1,46.800000000000004,103,37.96666666666667,37.96666666666667,20.6,"(np.int64(0), np.int64(1), np.int64(2))"
translation_growth,TMTM,9,2,73.4,115,64.16666666666667,64.16666666666667,23.0,"(np.int64(0), np.int64(1), np.int64(2))"
translation_growth,TMTM,10,0,26.7,102,16.766666666666666,16.866666666666667,20.400000000000002,"(np.int64(0), np.int64(1), np.int64(2))"
translation_growth,TMTM,10,1,47.699999999999996,106,37.766666666666666,37.86666666666667,21.200000000000003,"(np.int64(0), np.int64(1), np.int64(2))"
translation_growth,TMTM,10,2,75.0,119,64.76666666666667,64.76666666666667,23.8,"(np.int64(0), np.int64(1), np.int64(2))"
translation_growth,ST-MTM,0,0,22.099999999999998,78,22.100000000000005,22.100000000000005,4.68,"(0, 1, 2)"
translation_growth,ST-MTM,0,1,38.199999999999996,81,38.2,38.2,4.859999999999999,"(0, 1, 2)"
translation_growth,ST-MTM,0,2,59.199999999999996,91,59.2,59.2,5.459999999999994,"(0, 1, 2)"
translation_growth,ST-MTM,1,0,22.599999999999994,81,21.642857142857135,21.642857142857135,4.72762645914397,"(0, 1, 2)"
translation_growth,ST-MTM,1,1,39.199999999999996,83,38.171428571428564,38.171428571428564,4.844357976653697,"(0, 1, 2)"
translation_growth,ST-MTM,1,2,60.80000000000002,93,59.6857142857143,59.6857142857143,5.42801556420234,"(0, 1, 2)"
translation_growth,ST-MTM,2,0,23.0,83,21.09183673469388,21.09183673469388,4.680451127819552,"(0, 1, 2)"
translation_growth,ST-MTM,2,1,40.1,86,38.11020408163266,38.11020408163266,4.849624060150376,"(0, 1, 2)"
translation_growth,ST-MTM,2,2,62.4,97,60.29795918367348,60.29795918367348,5.469924812030072,"(0, 1, 2)"
translation_growth,ST-MTM,3,0,23.6,85,20.613119533527705,20.613119533527705,4.6875,"(0, 1, 2)"
translation_growth,ST-MTM,3,1,41.1,88,38.044314868804676,38.044314868804676,4.852941176470594,"(0, 1, 2)"
translation_growth,ST-MTM,3,2,64.0,99,60.842565597667644,60.842565597667644,5.459558823529406,"(0, 1, 2)"
translation_growth,ST-MTM,4,0,24.0,87,20.087588504789682,20.087588504789682,4.660714285714285,"(0, 1, 2)"
translation_growth,ST-MTM,4,1,42.0,91,38.00633069554354,38.00633069554354,4.875,"(0, 1, 2)"
translation_growth,ST-MTM,4,2,65.5,102,61.40608079966682,61.40608079966682,5.464285714285708,"(0, 1, 2)"
translation_growth,ST-MTM,5,0,24.5,90,19.55536978639854,19.55536978639854,4.703832752613238,"(0, 1, 2)"
translation_growth,ST-MTM,5,1,43.0,93,37.972332956506236,37.972332956506236,4.860627177700351,"(0, 1, 2)"
translation_growth,ST-MTM,5,2,67.1,104,61.97229725709527,61.97229725709527,5.435540069686411,"(0, 1, 2)"
translation_growth,ST-MTM,6,0,24.900000000000002,92,18.993624255199812,18.993624255199812,4.662162162162161,"(0, 1, 2)"
translation_growth,ST-MTM,6,1,43.9,96,37.910333279500904,37.910333279500904,4.86486486486487,"(0, 1, 2)"
translation_growth,ST-MTM,6,2,68.69999999999999,108,62.59604246529933,62.596042465299334,5.4729729729729755,"(0, 1, 2)"
translation_growth,ST-MTM,7,0,25.4,95,18.484803465028556,18.484803465028556,4.718543046357617,"(0, 1, 2)"
translation_growth,ST-MTM,7,1,44.9,98,37.901476182785856,37.901476182785856,4.867549668874176,"(0, 1, 2)"
translation_growth,ST-MTM,7,2,70.2,109,63.11372035218563,63.113720352185624,5.413907284768207,"(0, 1, 2)"
translation_growth,ST-MTM,8,0,25.8,97,17.92640049500409,17.92640049500409,4.678456591639872,"(0, 1, 2)"
translation_growth,ST-MTM,8,1,45.800000000000004,101,37.84306802611228,37.84306802611228,4.871382636655952,"(0, 1, 2)"
translation_growth,ST-MTM,8,2,71.80000000000001,113,63.730531478883684,63.730531478883684,5.4501607717041765,"(0, 1, 2)"
translation_growth,ST-MTM,9,0,26.3,100,17.389485785000595,17.389485785000595,4.716981132075473,"(0, 1, 2)"
translation_growth,ST-MTM,9,1,46.800000000000004,103,37.80615257515891,37.80615257515891,4.85849056603773,"(0, 1, 2)"
translation_growth,ST-MTM,9,2,73.4,115,64.30436163984055,64.30436163984055,5.424528301886795,"(0, 1, 2)"
translation_growth,ST-MTM,10,0,26.7,102,16.827069397857244,16.827069397857244,4.678899082568806,"(0, 1, 2)"
translation_growth,ST-MTM,10,1,47.699999999999996,106,37.74373608216557,37.74373608216557,4.862385321100916,"(0, 1, 2)"
translation_growth,ST-MTM,10,2,75.0,119,64.92919451997723,64.92919451997723,5.458715596330279,"(0, 1, 2)"
translation_growth,RA-MTM,0,0,22.099999999999998,78,22.100000502772332,22.100001419713454,4.68,"(0, 1, 2)"
translation_growth,RA-MTM,0,1,38.199999999999996,81,38.20000468446466,38.20029384320001,4.859999999999999,"(0, 1, 2)"
translation_growth,RA-MTM,0,2,59.199999999999996,91,59.19999822790618,59.199841788669524,5.46,"(0, 1, 2)"
translation_growth,RA-MTM,1,0,22.599999999999994,81,22.600000393885566,22.60000095265343,4.859999999999999,"(0, 1, 2)"
translation_growth,RA-MTM,1,1,39.199999999999996,83,39.20000389656758,39.20024285301225,4.9799999999999995,"(0, 1, 2)"
translation_growth,RA-MTM,1,2,60.80000000000002,93,60.79999834815154,60.79985850404332,5.58,"(0, 1, 2)"
translation_growth,RA-MTM,2,0,23.0,83,23.000000385338033,23.00000095030556,4.9799999999999995,"(0, 1, 2)"
translation_growth,RA-MTM,2,1,40.1,86,40.10000414776344,40.100265689552934,5.16,"(0, 1, 2)"
translation_growth,RA-MTM,2,2,62.4,97,62.399998093813544,62.39983893764975,5.819999999999999,"(0, 1, 2)"
translation_growth,RA-MTM,3,0,23.6,85,23.600000361183934,23.600000879823504,5.1,"(0, 1, 2)"
translation_growth,RA-MTM,3,1,41.1,88,41.100004114459445,41.100263671453,5.279999999999999,"(0, 1, 2)"
translation_growth,RA-MTM,3,2,64.0,99,63.99999797923132,63.99983331709949,5.9399999999999995,"(0, 1, 2)"
translation_growth,RA-MTM,4,0,24.0,87,24.0000003275767,24.00000078696777,5.22,"(0, 1, 2)"
translation_growth,RA-MTM,4,1,42.0,91,42.000004046395595,42.00026106511388,5.46,"(0, 1, 2)"
translation_growth,RA-MTM,4,2,65.5,102,65.49999784706543,65.49982630340737,6.12,"(0, 1, 2)"
translation_growth,RA-MTM,5,0,24.5,90,24.500000304877748,24.500000732530246,5.3999999999999995,"(0, 1, 2)"
translation_growth,RA-MTM,5,1,43.0,93,43.00000399537231,43.00025906941644,5.58,"(0, 1, 2)"
translation_growth,RA-MTM,5,2,67.1,104,67.09999777081435,67.09982273164088,6.24,"(0, 1, 2)"
translation_growth,RA-MTM,6,0,24.900000000000002,92,24.900000317886803,24.900000765370145,5.52,"(0, 1, 2)"
translation_growth,RA-MTM,6,1,43.9,96,43.90000431430132,43.90028218808451,5.76,"(0, 1, 2)"
translation_growth,RA-MTM,6,2,68.69999999999999,108,68.699997544406,68.6998050670355,6.4799999999999995,"(0, 1, 2)"
translation_growth,RA-MTM,7,0,25.4,95,25.400000269271988,25.400000630670682,5.7,"(0, 1, 2)"
translation_growth,RA-MTM,7,1,44.9,98,44.900003927790245,44.90025522741093,5.88,"(0, 1, 2)"
translation_growth,RA-MTM,7,2,70.2,109,70.19999761889902,70.19981537892788,6.54,"(0, 1, 2)"
translation_growth,RA-MTM,8,0,25.8,97,25.800000278409648,25.8000006622967,5.819999999999999,"(0, 1, 2)"
translation_growth,RA-MTM,8,1,45.800000000000004,101,45.80000422262564,45.800278353940534,6.06,"(0, 1, 2)"
translation_growth,RA-MTM,8,2,71.80000000000001,113,71.7999974041672,71.79979800625246,6.779999999999999,"(0, 1, 2)"
translation_growth,RA-MTM,9,0,26.3,100,26.30000026898686,26.30000063266556,6.0,"(0, 1, 2)"
translation_growth,RA-MTM,9,1,46.800000000000004,103,46.80000421084209,46.800276745609374,6.18,"(0, 1, 2)"
translation_growth,RA-MTM,9,2,73.4,115,73.39999735243839,73.39979591584961,6.8999999999999995,"(0, 1, 2)"
translation_growth,RA-MTM,10,0,26.7,102,26.700000285125736,26.700000671124137,6.12,"(0, 1, 2)"
translation_growth,RA-MTM,10,1,47.699999999999996,106,47.70000453502375,47.70029989981043,6.359999999999999,"(0, 1, 2)"
translation_growth,RA-MTM,10,2,75.0,119,74.99999713425002,74.99977858199148,7.14,"(0, 1, 2)"
hierarchy_conflict,TMTM,0,0,26.483333333333338,75,26.645612359606446,26.645612359606446,15.0,"(np.int64(0), np.int64(1), np.int64(2), np.int64(3))"
hierarchy_conflict,TMTM,0,1,56.66358024691358,81,42.44561235960645,42.44561235960645,16.2,"(np.int64(0), np.int64(1), np.int64(2), np.int64(3))"
hierarchy_conflict,TMTM,0,2,49.05882352941177,85,64.64561235960645,64.64561235960645,17.0,"(np.int64(0), np.int64(1), np.int64(2), np.int64(3))"
hierarchy_conflict,TMTM,0,3,82.17671232876712,73,80.64561235960645,80.64561235960645,14.600000000000001,"(np.int64(0), np.int64(1), np.int64(2), np.int64(3))"
hierarchy_conflict,TMTM,1,0,26.483333333333338,75,26.645612359606446,26.645612359606446,15.0,"(np.int64(0), np.int64(1), np.int64(2), np.int64(3))"
hierarchy_conflict,TMTM,1,1,56.66358024691358,81,42.44561235960645,42.44561235960645,16.2,"(np.int64(0), np.int64(1), np.int64(2), np.int64(3))"
hierarchy_conflict,TMTM,1,2,49.05882352941177,85,64.64561235960645,64.64561235960645,17.0,"(np.int64(0), np.int64(1), np.int64(2), np.int64(3))"
hierarchy_conflict,TMTM,1,3,82.17671232876712,73,80.64561235960645,80.64561235960645,14.600000000000001,"(np.int64(0), np.int64(1), np.int64(2), np.int64(3))"
hierarchy_conflict,TMTM,2,0,26.483333333333338,75,26.645612359606446,26.645612359606446,15.0,"(np.int64(0), np.int64(1), np.int64(2), np.int64(3))"
hierarchy_conflict,TMTM,2,1,56.66358024691358,81,42.44561235960645,42.44561235960645,16.2,"(np.int64(0), np.int64(1), np.int64(2), np.int64(3))"
hierarchy_conflict,TMTM,2,2,49.05882352941177,85,64.64561235960645,64.64561235960645,17.0,"(np.int64(0), np.int64(1), np.int64(2), np.int64(3))"
hierarchy_conflict,TMTM,2,3,82.17671232876712,73,80.64561235960645,80.64561235960645,14.600000000000001,"(np.int64(0), np.int64(1), np.int64(2), np.int64(3))"
hierarchy_conflict,TMTM,3,0,26.483333333333338,75,26.645612359606446,26.645612359606446,15.0,"(np.int64(0), np.int64(1), np.int64(2), np.int64(3))"
hierarchy_conflict,TMTM,3,1,56.66358024691358,81,42.44561235960645,42.44561235960645,16.2,"(np.int64(0), np.int64(1), np.int64(2), np.int64(3))"
hierarchy_conflict,TMTM,3,2,49.05882352941177,85,64.64561235960645,64.64561235960645,17.0,"(np.int64(0), np.int64(1), np.int64(2), np.int64(3))"
hierarchy_conflict,TMTM,3,3,82.17671232876712,73,80.64561235960645,80.64561235960645,14.600000000000001,"(np.int64(0), np.int64(1), np.int64(2), np.int64(3))"
hierarchy_conflict,TMTM,4,0,26.483333333333338,75,26.645612359606446,26.645612359606446,15.0,"(np.int64(0), np.int64(1), np.int64(2), np.int64(3))"
hierarchy_conflict,TMTM,4,1,56.66358024691358,81,42.44561235960645,42.44561235960645,16.2,"(np.int64(0), np.int64(1), np.int64(2), np.int64(3))"
hierarchy_conflict,TMTM,4,2,49.05882352941177,85,64.64561235960645,64.64561235960645,17.0,"(np.int64(0), np.int64(1), np.int64(2), np.int64(3))"
hierarchy_conflict,TMTM,4,3,82.17671232876712,73,80.64561235960645,80.64561235960645,14.600000000000001,"(np.int64(0), np.int64(1), np.int64(2), np.int64(3))"
hierarchy_conflict,TMTM,5,0,26.483333333333338,75,26.645612359606446,26.645612359606446,15.0,"(np.int64(0), np.int64(1), np.int64(2), np.int64(3))"
hierarchy_conflict,TMTM,5,1,56.66358024691358,81,42.44561235960645,42.44561235960645,16.2,"(np.int64(0), np.int64(1), np.int64(2), np.int64(3))"
hierarchy_conflict,TMTM,5,2,49.05882352941177,85,64.64561235960645,64.64561235960645,17.0,"(np.int64(0), np.int64(1), np.int64(2), np.int64(3))"
hierarchy_conflict,TMTM,5,3,82.17671232876712,73,80.64561235960645,80.64561235960645,14.600000000000001,"(np.int64(0), np.int64(1), np.int64(2), np.int64(3))"
hierarchy_conflict,TMTM,6,0,26.483333333333338,75,26.645612359606446,26.645612359606446,15.0,"(np.int64(0), np.int64(1), np.int64(2), np.int64(3))"
hierarchy_conflict,TMTM,6,1,56.66358024691358,81,42.44561235960645,42.44561235960645,16.2,"(np.int64(0), np.int64(1), np.int64(2), np.int64(3))"
hierarchy_conflict,TMTM,6,2,49.05882352941177,85,64.64561235960645,64.64561235960645,17.0,"(np.int64(0), np.int64(1), np.int64(2), np.int64(3))"
hierarchy_conflict,TMTM,6,3,82.17671232876712,73,80.64561235960645,80.64561235960645,14.600000000000001,"(np.int64(0), np.int64(1), np.int64(2), np.int64(3))"
hierarchy_conflict,TMTM,7,0,26.483333333333338,75,26.645612359606446,26.645612359606446,15.0,"(np.int64(0), np.int64(1), np.int64(2), np.int64(3))"
hierarchy_conflict,TMTM,7,1,56.66358024691358,81,42.44561235960645,42.44561235960645,16.2,"(np.int64(0), np.int64(1), np.int64(2), np.int64(3))"
hierarchy_conflict,TMTM,7,2,49.05882352941177,85,64.64561235960645,64.64561235960645,17.0,"(np.int64(0), np.int64(1), np.int64(2), np.int64(3))"
hierarchy_conflict,TMTM,7,3,82.17671232876712,73,80.64561235960645,80.64561235960645,14.600000000000001,"(np.int64(0), np.int64(1), np.int64(2), np.int64(3))"
hierarchy_conflict,TMTM,8,0,26.483333333333338,75,26.645612359606446,26.645612359606446,15.0,"(np.int64(0), np.int64(1), np.int64(2), np.int64(3))"
hierarchy_conflict,TMTM,8,1,56.66358024691358,81,42.44561235960645,42.44561235960645,16.2,"(np.int64(0), np.int64(1), np.int64(2), np.int64(3))"
hierarchy_conflict,TMTM,8,2,49.05882352941177,85,64.64561235960645,64.64561235960645,17.0,"(np.int64(0), np.int64(1), np.int64(2), np.int64(3))"
hierarchy_conflict,TMTM,8,3,82.17671232876712,73,80.64561235960645,80.64561235960645,14.600000000000001,"(np.int64(0), np.int64(1), np.int64(2), np.int64(3))"
hierarchy_conflict,TMTM,9,0,26.483333333333338,75,26.645612359606446,26.645612359606446,15.0,"(np.int64(0), np.int64(1), np.int64(2), np.int64(3))"
hierarchy_conflict,TMTM,9,1,56.66358024691358,81,42.44561235960645,42.44561235960645,16.2,"(np.int64(0), np.int64(1), np.int64(2), np.int64(3))"
hierarchy_conflict,TMTM,9,2,49.05882352941177,85,64.64561235960645,64.64561235960645,17.0,"(np.int64(0), np.int64(1), np.int64(2), np.int64(3))"
hierarchy_conflict,TMTM,9,3,82.17671232876712,73,80.64561235960645,80.64561235960645,14.600000000000001,"(np.int64(0), np.int64(1), np.int64(2), np.int64(3))"
hierarchy_conflict,TMTM,10,0,26.483333333333338,75,26.645612359606446,26.645612359606446,15.0,"(np.int64(0), np.int64(1), np.int64(2), np.int64(3))"
hierarchy_conflict,TMTM,10,1,56.66358024691358,81,42.44561235960645,42.44561235960645,16.2,"(np.int64(0), np.int64(1), np.int64(2), np.int64(3))"
hierarchy_conflict,TMTM,10,2,49.05882352941177,85,64.64561235960645,64.64561235960645,17.0,"(np.int64(0), np.int64(1), np.int64(2), np.int64(3))"
hierarchy_conflict,TMTM,10,3,82.17671232876712,73,80.64561235960645,80.64561235960645,14.600000000000001,"(np.int64(0), np.int64(1), np.int64(2), np.int64(3))"
hierarchy_conflict,ST-MTM,0,0,26.483333333333338,75,24.598013098445563,22.349015306143347,4.499995584604434,"(0, 1, 2, 3)"
hierarchy_conflict,ST-MTM,0,1,56.66358024691358,81,51.242968185847396,50.41301215313837,4.860004336743614,"(0, 1, 2, 3)"
hierarchy_conflict,ST-MTM,0,2,49.05882352941177,85,54.575207430589266,55.405163463298294,5.099994584602385,"(0, 1, 2, 3)"
hierarchy_conflict,ST-MTM,0,3,82.17671232876712,73,83.96626072354357,86.10181639710365,4.38000549404957,"(0, 1, 2, 3)"
hierarchy_conflict,ST-MTM,1,0,26.483333333333338,75,24.598013098445563,22.349015306143347,4.499995584604434,"(0, 1, 2, 3)"
hierarchy_conflict,ST-MTM,1,1,56.66358024691358,81,51.242968185847396,50.41301215313837,4.860004336743607,"(0, 1, 2, 3)"
hierarchy_conflict,ST-MTM,1,2,49.05882352941177,85,54.57520743058927,55.40516346329831,5.099994584602385,"(0, 1, 2, 3)"
hierarchy_conflict,ST-MTM,1,3,82.17671232876712,73,83.96626072354357,86.10181639710365,4.38000549404957,"(0, 1, 2, 3)"
hierarchy_conflict,ST-MTM,2,0,26.483333333333338,75,24.598013098445563,22.349015306143347,4.499995584604434,"(0, 1, 2, 3)"
hierarchy_conflict,ST-MTM,2,1,56.66358024691358,81,51.242968185847396,50.41301215313837,4.860004336743607,"(0, 1, 2, 3)"
hierarchy_conflict,ST-MTM,2,2,49.05882352941177,85,54.57520743058927,55.40516346329831,5.099994584602385,"(0, 1, 2, 3)"
hierarchy_conflict,ST-MTM,2,3,82.17671232876712,73,83.96626072354357,86.10181639710365,4.38000549404957,"(0, 1, 2, 3)"
hierarchy_conflict,ST-MTM,3,0,26.483333333333338,75,24.598013098445563,22.349015306143347,4.499995584604434,"(0, 1, 2, 3)"
hierarchy_conflict,ST-MTM,3,1,56.66358024691358,81,51.242968185847396,50.41301215313837,4.860004336743607,"(0, 1, 2, 3)"
hierarchy_conflict,ST-MTM,3,2,49.05882352941177,85,54.57520743058927,55.40516346329831,5.099994584602385,"(0, 1, 2, 3)"
hierarchy_conflict,ST-MTM,3,3,82.17671232876712,73,83.96626072354357,86.10181639710365,4.38000549404957,"(0, 1, 2, 3)"
hierarchy_conflict,ST-MTM,4,0,26.483333333333338,75,24.598013098445563,22.349015306143347,4.499995584604434,"(0, 1, 2, 3)"
hierarchy_conflict,ST-MTM,4,1,56.66358024691358,81,51.242968185847396,50.41301215313837,4.860004336743607,"(0, 1, 2, 3)"
hierarchy_conflict,ST-MTM,4,2,49.05882352941177,85,54.57520743058927,55.40516346329831,5.099994584602385,"(0, 1, 2, 3)"
hierarchy_conflict,ST-MTM,4,3,82.17671232876712,73,83.96626072354357,86.10181639710365,4.38000549404957,"(0, 1, 2, 3)"
hierarchy_conflict,ST-MTM,5,0,26.483333333333338,75,24.598013098445563,22.349015306143347,4.499995584604434,"(0, 1, 2, 3)"
hierarchy_conflict,ST-MTM,5,1,56.66358024691358,81,51.242968185847396,50.41301215313837,4.860004336743607,"(0, 1, 2, 3)"
hierarchy_conflict,ST-MTM,5,2,49.05882352941177,85,54.57520743058927,55.40516346329831,5.099994584602385,"(0, 1, 2, 3)"
hierarchy_conflict,ST-MTM,5,3,82.17671232876712,73,83.96626072354357,86.10181639710365,4.38000549404957,"(0, 1, 2, 3)"
hierarchy_conflict,ST-MTM,6,0,26.483333333333338,75,24.598013098445563,22.349015306143347,4.499995584604434,"(0, 1, 2, 3)"
hierarchy_conflict,ST-MTM,6,1,56.66358024691358,81,51.242968185847396,50.41301215313837,4.860004336743607,"(0, 1, 2, 3)"
hierarchy_conflict,ST-MTM,6,2,49.05882352941177,85,54.57520743058927,55.40516346329831,5.099994584602385,"(0, 1, 2, 3)"
hierarchy_conflict,ST-MTM,6,3,82.17671232876712,73,83.96626072354357,86.10181639710365,4.38000549404957,"(0, 1, 2, 3)"
hierarchy_conflict,ST-MTM,7,0,26.483333333333338,75,24.598013098445563,22.349015306143347,4.499995584604434,"(0, 1, 2, 3)"
hierarchy_conflict,ST-MTM,7,1,56.66358024691358,81,51.242968185847396,50.41301215313837,4.860004336743607,"(0, 1, 2, 3)"
hierarchy_conflict,ST-MTM,7,2,49.05882352941177,85,54.57520743058927,55.40516346329831,5.099994584602385,"(0, 1, 2, 3)"
hierarchy_conflict,ST-MTM,7,3,82.17671232876712,73,83.96626072354357,86.10181639710365,4.38000549404957,"(0, 1, 2, 3)"
hierarchy_conflict,ST-MTM,8,0,26.483333333333338,75,24.598013098445563,22.349015306143347,4.499995584604434,"(0, 1, 2, 3)"
hierarchy_conflict,ST-MTM,8,1,56.66358024691358,81,51.242968185847396,50.41301215313837,4.860004336743607,"(0, 1, 2, 3)"
hierarchy_conflict,ST-MTM,8,2,49.05882352941177,85,54.57520743058927,55.40516346329831,5.099994584602385,"(0, 1, 2, 3)"
hierarchy_conflict,ST-MTM,8,3,82.17671232876712,73,83.96626072354357,86.10181639710365,4.38000549404957,"(0, 1, 2, 3)"
hierarchy_conflict,ST-MTM,9,0,26.483333333333338,75,24.598013098445563,22.349015306143347,4.499995584604434,"(0, 1, 2, 3)"
hierarchy_conflict,ST-MTM,9,1,56.66358024691358,81,51.242968185847396,50.41301215313837,4.860004336743607,"(0, 1, 2, 3)"
hierarchy_conflict,ST-MTM,9,2,49.05882352941177,85,54.57520743058927,55.40516346329831,5.099994584602385,"(0, 1, 2, 3)"
hierarchy_conflict,ST-MTM,9,3,82.17671232876712,73,83.96626072354357,86.10181639710365,4.38000549404957,"(0, 1, 2, 3)"
hierarchy_conflict,ST-MTM,10,0,26.483333333333338,75,24.598013098445563,22.349015306143347,4.499995584604434,"(0, 1, 2, 3)"
hierarchy_conflict,ST-MTM,10,1,56.66358024691358,81,51.242968185847396,50.41301215313837,4.860004336743607,"(0, 1, 2, 3)"
hierarchy_conflict,ST-MTM,10,2,49.05882352941177,85,54.57520743058927,55.40516346329831,5.099994584602385,"(0, 1, 2, 3)"
hierarchy_conflict,ST-MTM,10,3,82.17671232876712,73,83.96626072354357,86.10181639710365,4.38000549404957,"(0, 1, 2, 3)"
hierarchy_conflict,RA-MTM,0,0,26.483333333333338,75,25.729205197399214,25.72920552450377,4.5,"(0, 1, 2, 3)"
hierarchy_conflict,RA-MTM,0,1,56.66358024691358,81,51.38535625876469,50.17035625876469,4.859999999999999,"(0, 1, 2, 3)"
hierarchy_conflict,RA-MTM,0,2,49.05882352941177,85,54.37535625876469,55.65035625876469,5.1,"(0, 1, 2, 3)"
hierarchy_conflict,RA-MTM,0,3,82.17671232876712,73,82.89253172316836,82.89253306718943,4.38,"(0, 1, 2, 3)"
hierarchy_conflict,RA-MTM,1,0,26.483333333333338,75,25.729205165797588,25.729205764604593,4.5,"(0, 1, 2, 3)"
hierarchy_conflict,RA-MTM,1,1,56.66358024691358,81,51.38535626659932,50.17035626659932,4.859999999999999,"(0, 1, 2, 3)"
hierarchy_conflict,RA-MTM,1,2,49.05882352941177,85,54.37535626659932,55.65035626659932,5.1,"(0, 1, 2, 3)"
hierarchy_conflict,RA-MTM,1,3,82.17671232876712,73,82.89253174613957,82.89253372147436,4.38,"(0, 1, 2, 3)"
hierarchy_conflict,RA-MTM,2,0,26.483333333333338,75,25.729205163665576,25.729205762472585,4.5,"(0, 1, 2, 3)"
hierarchy_conflict,RA-MTM,2,1,56.66358024691358,81,51.385356267218675,50.17035626721867,4.859999999999999,"(0, 1, 2, 3)"
hierarchy_conflict,RA-MTM,2,2,49.05882352941177,85,54.37535626721867,55.650356267218676,5.1,"(0, 1, 2, 3)"
hierarchy_conflict,RA-MTM,2,3,82.17671232876712,73,82.89253174781496,82.89253372314977,4.38,"(0, 1, 2, 3)"
hierarchy_conflict,RA-MTM,3,0,26.483333333333338,75,25.729205163524913,25.729205762331922,4.5,"(0, 1, 2, 3)"
hierarchy_conflict,RA-MTM,3,1,56.66358024691358,81,51.38535626726997,50.17035626726997,4.859999999999999,"(0, 1, 2, 3)"
hierarchy_conflict,RA-MTM,3,2,49.05882352941177,85,54.37535626726997,55.65035626726997,5.1,"(0, 1, 2, 3)"
hierarchy_conflict,RA-MTM,3,3,82.17671232876712,73,82.89253174793993,82.89253372327474,4.38,"(0, 1, 2, 3)"
hierarchy_conflict,RA-MTM,4,0,26.483333333333338,75,25.729205163516,25.72920576232301,4.5,"(0, 1, 2, 3)"
hierarchy_conflict,RA-MTM,4,1,56.66358024691358,81,51.385356267274446,50.17035626727445,4.859999999999999,"(0, 1, 2, 3)"
hierarchy_conflict,RA-MTM,4,2,49.05882352941177,85,54.37535626727445,55.65035626727445,5.1,"(0, 1, 2, 3)"
hierarchy_conflict,RA-MTM,4,3,82.17671232876712,73,82.89253174794955,82.89253372328436,4.38,"(0, 1, 2, 3)"
hierarchy_conflict,RA-MTM,5,0,26.483333333333338,75,25.729205163515473,25.729205762322483,4.5,"(0, 1, 2, 3)"
hierarchy_conflict,RA-MTM,5,1,56.66358024691358,81,51.38535626727486,50.170356267274855,4.859999999999999,"(0, 1, 2, 3)"
hierarchy_conflict,RA-MTM,5,2,49.05882352941177,85,54.37535626727486,55.65035626727486,5.1,"(0, 1, 2, 3)"
hierarchy_conflict,RA-MTM,5,3,82.17671232876712,73,82.89253174795031,82.89253372328513,4.38,"(0, 1, 2, 3)"
hierarchy_conflict,RA-MTM,6,0,26.483333333333338,75,25.72920516351545,25.729205762322458,4.5,"(0, 1, 2, 3)"
hierarchy_conflict,RA-MTM,6,1,56.66358024691358,81,51.3853562672749,50.1703562672749,4.859999999999999,"(0, 1, 2, 3)"
hierarchy_conflict,RA-MTM,6,2,49.05882352941177,85,54.3753562672749,55.6503562672749,5.1,"(0, 1, 2, 3)"
hierarchy_conflict,RA-MTM,6,3,82.17671232876712,73,82.89253174795039,82.8925337232852,4.38,"(0, 1, 2, 3)"
hierarchy_conflict,RA-MTM,7,0,26.483333333333338,75,25.72920516351545,25.729205762322458,4.5,"(0, 1, 2, 3)"
hierarchy_conflict,RA-MTM,7,1,56.66358024691358,81,51.3853562672749,50.170356267274904,4.859999999999999,"(0, 1, 2, 3)"
hierarchy_conflict,RA-MTM,7,2,49.05882352941177,85,54.3753562672749,55.6503562672749,5.1,"(0, 1, 2, 3)"
hierarchy_conflict,RA-MTM,7,3,82.17671232876712,73,82.89253174795039,82.8925337232852,4.38,"(0, 1, 2, 3)"
hierarchy_conflict,RA-MTM,8,0,26.483333333333338,75,25.72920516351545,25.729205762322458,4.5,"(0, 1, 2, 3)"
hierarchy_conflict,RA-MTM,8,1,56.66358024691358,81,51.3853562672749,50.170356267274904,4.859999999999999,"(0, 1, 2, 3)"
hierarchy_conflict,RA-MTM,8,2,49.05882352941177,85,54.3753562672749,55.6503562672749,5.1,"(0, 1, 2, 3)"
hierarchy_conflict,RA-MTM,8,3,82.17671232876712,73,82.89253174795039,82.8925337232852,4.38,"(0, 1, 2, 3)"
hierarchy_conflict,RA-MTM,9,0,26.483333333333338,75,25.72920516351545,25.729205762322458,4.5,"(0, 1, 2, 3)"
hierarchy_conflict,RA-MTM,9,1,56.66358024691358,81,51.3853562672749,50.170356267274904,4.859999999999999,"(0, 1, 2, 3)"
hierarchy_conflict,RA-MTM,9,2,49.05882352941177,85,54.3753562672749,55.6503562672749,5.1,"(0, 1, 2, 3)"
hierarchy_conflict,RA-MTM,9,3,82.17671232876712,73,82.89253174795039,82.8925337232852,4.38,"(0, 1, 2, 3)"
hierarchy_conflict,RA-MTM,10,0,26.483333333333338,75,25.72920516351545,25.729205762322458,4.5,"(0, 1, 2, 3)"
hierarchy_conflict,RA-MTM,10,1,56.66358024691358,81,51.3853562672749,50.170356267274904,4.859999999999999,"(0, 1, 2, 3)"
hierarchy_conflict,RA-MTM,10,2,49.05882352941177,85,54.3753562672749,55.6503562672749,5.1,"(0, 1, 2, 3)"
hierarchy_conflict,RA-MTM,10,3,82.17671232876712,73,82.89253174795039,82.8925337232852,4.38,"(0, 1, 2, 3)"
topology_change,TMTM,0,0,26.483333333333338,75,26.645612359606446,26.645612359606446,15.0,"(np.int64(0), np.int64(1), np.int64(2), np.int64(3))"
topology_change,TMTM,0,1,56.66358024691358,81,42.44561235960645,42.44561235960645,16.2,"(np.int64(0), np.int64(1), np.int64(2), np.int64(3))"
topology_change,TMTM,0,2,49.05882352941177,85,64.64561235960645,64.64561235960645,17.0,"(np.int64(0), np.int64(1), np.int64(2), np.int64(3))"
topology_change,TMTM,0,3,82.17671232876712,73,80.64561235960645,80.64561235960645,14.600000000000001,"(np.int64(0), np.int64(1), np.int64(2), np.int64(3))"
topology_change,TMTM,1,0,26.329605263157898,76,26.245612359606447,26.34561235960645,15.200000000000001,"(np.int64(0), np.int64(1), np.int64(2), np.int64(3))"
topology_change,TMTM,1,1,56.666666666666664,84,42.44561235960645,42.54561235960645,16.8,"(np.int64(0), np.int64(1), np.int64(2), np.int64(3))"
topology_change,TMTM,1,2,49.05882352941177,85,64.64561235960645,64.64561235960645,17.0,"(np.int64(0), np.int64(1), np.int64(2), np.int64(3))"
topology_change,TMTM,1,3,82.17671232876712,73,80.64561235960645,80.64561235960645,14.600000000000001,"(np.int64(0), np.int64(1), np.int64(2), np.int64(3))"
topology_change,TMTM,2,0,26.026282051282053,78,25.84561235960645,25.94561235960645,15.600000000000001,"(np.int64(0), np.int64(1), np.int64(2), np.int64(3))"
topology_change,TMTM,2,1,56.64367816091954,87,42.64561235960645,42.64561235960645,17.400000000000002,"(np.int64(0), np.int64(1), np.int64(2), np.int64(3))"
topology_change,TMTM,2,2,49.05882352941177,85,64.64561235960645,64.64561235960645,17.0,"(np.int64(0), np.int64(1), np.int64(2), np.int64(3))"
topology_change,TMTM,2,3,82.17671232876712,73,80.64561235960645,80.64561235960645,14.600000000000001,"(np.int64(0), np.int64(1), np.int64(2), np.int64(3))"
topology_change,TMTM,3,0,25.728125,80,25.645612359606446,25.745612359606447,16.0,"(np.int64(0), np.int64(1), np.int64(2), np.int64(3))"
topology_change,TMTM,3,1,56.61516853932584,89,42.84561235960645,42.84561235960645,17.8,"(np.int64(0), np.int64(1), np.int64(2), np.int64(3))"
topology_change,TMTM,3,2,49.05882352941177,85,64.64561235960645,64.64561235960645,17.0,"(np.int64(0), np.int64(1), np.int64(2), np.int64(3))"
topology_change,TMTM,3,3,82.17671232876712,73,80.64561235960645,80.64561235960645,14.600000000000001,"(np.int64(0), np.int64(1), np.int64(2), np.int64(3))"
topology_change,TMTM,4,0,25.434756097560978,82,25.44561235960645,25.54561235960645,16.400000000000002,"(np.int64(0), np.int64(1), np.int64(2), np.int64(3))"
topology_change,TMTM,4,1,56.554347826086946,92,43.04561235960645,43.14561235960645,18.400000000000002,"(np.int64(0), np.int64(1), np.int64(2), np.int64(3))"
topology_change,TMTM,4,2,49.05882352941177,85,64.64561235960645,64.64561235960645,17.0,"(np.int64(0), np.int64(1), np.int64(2), np.int64(3))"
topology_change,TMTM,4,3,82.17671232876712,73,80.64561235960645,80.64561235960645,14.600000000000001,"(np.int64(0), np.int64(1), np.int64(2), np.int64(3))"
topology_change,TMTM,5,0,25.145833333333332,84,25.045612359606448,25.14561235960645,16.8,"(np.int64(0), np.int64(1), np.int64(2), np.int64(3))"
topology_change,TMTM,5,1,56.473684210526315,95,43.24561235960645,43.24561235960645,19.0,"(np.int64(0), np.int64(1), np.int64(2), np.int64(3))"
topology_change,TMTM,5,2,49.05882352941177,85,64.64561235960645,64.64561235960645,17.0,"(np.int64(0), np.int64(1), np.int64(2), np.int64(3))"
topology_change,TMTM,5,3,82.17671232876712,73,80.64561235960645,80.64561235960645,14.600000000000001,"(np.int64(0), np.int64(1), np.int64(2), np.int64(3))"
topology_change,TMTM,6,0,24.861046511627915,86,24.84561235960645,24.94561235960645,17.2,"(np.int64(0), np.int64(1), np.int64(2), np.int64(3))"
topology_change,TMTM,6,1,56.375,98,43.44561235960645,43.54561235960645,19.6,"(np.int64(0), np.int64(1), np.int64(2), np.int64(3))"
topology_change,TMTM,6,2,49.05882352941177,85,64.64561235960645,64.64561235960645,17.0,"(np.int64(0), np.int64(1), np.int64(2), np.int64(3))"
topology_change,TMTM,6,3,82.17671232876712,73,80.64561235960645,80.64561235960645,14.600000000000001,"(np.int64(0), np.int64(1), np.int64(2), np.int64(3))"
topology_change,TMTM,7,0,24.580113636363638,88,24.64561235960645,24.745612359606447,17.6,"(np.int64(0), np.int64(1), np.int64(2), np.int64(3))"
topology_change,TMTM,7,1,56.33838383838384,99,43.64561235960645,43.64561235960645,19.8,"(np.int64(0), np.int64(1), np.int64(2), np.int64(3))"
topology_change,TMTM,7,2,49.05882352941177,85,64.64561235960645,64.64561235960645,17.0,"(np.int64(0), np.int64(1), np.int64(2), np.int64(3))"
topology_change,TMTM,7,3,82.17671232876712,73,80.64561235960645,80.64561235960645,14.600000000000001,"(np.int64(0), np.int64(1), np.int64(2), np.int64(3))"
topology_change,TMTM,8,0,24.302777777777777,90,24.44561235960645,24.545612359606448,18.0,"(np.int64(0), np.int64(1), np.int64(2), np.int64(3))"
topology_change,TMTM,8,1,56.74270833333333,96,43.84561235960645,43.94561235960645,19.200000000000003,"(np.int64(0), np.int64(1), np.int64(2), np.int64(3))"
topology_change,TMTM,8,2,49.05882352941177,85,64.64561235960645,64.64561235960645,17.0,"(np.int64(0), np.int64(1), np.int64(2), np.int64(3))"
topology_change,TMTM,8,3,82.17671232876712,73,80.64561235960645,80.64561235960645,14.600000000000001,"(np.int64(0), np.int64(1), np.int64(2), np.int64(3))"
topology_change,TMTM,9,0,24.165384615384617,91,24.245612359606447,24.245612359606447,18.2,"(np.int64(0), np.int64(1), np.int64(2), np.int64(3))"
topology_change,TMTM,9,1,57.002659574468076,94,43.84561235960645,43.94561235960645,18.8,"(np.int64(0), np.int64(1), np.int64(2), np.int64(3))"
topology_change,TMTM,9,2,49.05882352941177,85,64.44561235960646,64.44561235960646,17.0,"(np.int64(0), np.int64(1), np.int64(2), np.int64(3))"
topology_change,TMTM,9,3,82.17671232876712,73,80.44561235960646,80.44561235960646,14.600000000000001,"(np.int64(0), np.int64(1), np.int64(2), np.int64(3))"
topology_change,TMTM,10,0,23.893010752688173,93,24.045612359606448,24.045612359606448,18.6,"(np.int64(0), np.int64(1), np.int64(2), np.int64(3))"
topology_change,TMTM,10,1,57.25434782608696,92,44.04561235960645,44.14561235960645,18.400000000000002,"(np.int64(0), np.int64(1), np.int64(2), np.int64(3))"
topology_change,TMTM,10,2,49.05882352941177,85,64.44561235960646,64.44561235960646,17.0,"(np.int64(0), np.int64(1), np.int64(2), np.int64(3))"
topology_change,TMTM,10,3,82.17671232876712,73,80.44561235960646,80.44561235960646,14.600000000000001,"(np.int64(0), np.int64(1), np.int64(2), np.int64(3))"
topology_change,ST-MTM,0,0,26.483333333333338,75,24.598013098445563,22.349015306143347,4.499995584604434,"(0, 1, 2, 3)"
topology_change,ST-MTM,0,1,56.66358024691358,81,51.242968185847396,50.41301215313837,4.860004336743614,"(0, 1, 2, 3)"
topology_change,ST-MTM,0,2,49.05882352941177,85,54.575207430589266,55.405163463298294,5.099994584602385,"(0, 1, 2, 3)"
topology_change,ST-MTM,0,3,82.17671232876712,73,83.96626072354357,86.10181639710365,4.38000549404957,"(0, 1, 2, 3)"
topology_change,ST-MTM,1,0,26.329605263157898,76,24.48998873271505,22.23966797992805,4.5026415055740046,"(0, 1, 2, 3)"
topology_change,ST-MTM,1,1,56.666666666666664,84,51.31102564383149,50.447884040982785,4.976603772582486,"(0, 1, 2, 3)"
topology_change,ST-MTM,1,2,49.05882352941177,85,54.59196885334018,55.455110456188876,5.035849057829672,"(0, 1, 2, 3)"
topology_change,ST-MTM,1,3,82.17671232876712,73,83.98946620853907,86.06791150794183,4.324905664013841,"(0, 1, 2, 3)"
topology_change,ST-MTM,2,0,26.026282051282053,78,24.27495212428938,22.0011533716742,4.549597505230366,"(0, 1, 2, 3)"
topology_change,ST-MTM,2,1,56.64367816091954,87,51.413867666520645,50.517887572769155,5.074551089809418,"(0, 1, 2, 3)"
topology_change,ST-MTM,2,2,49.05882352941177,85,54.63923068032463,55.53521077407611,4.957894730098516,"(0, 1, 2, 3)"
topology_change,ST-MTM,2,3,82.17671232876712,73,84.05439896729114,86.0444395036012,4.257956674861703,"(0, 1, 2, 3)"
topology_change,ST-MTM,3,0,25.728125,80,24.053732417283026,21.750145430116135,4.609173974333782,"(0, 1, 2, 3)"
topology_change,ST-MTM,3,1,56.61516853932584,89,51.507272054873454,50.59118650467828,5.127706579320083,"(0, 1, 2, 3)"
topology_change,ST-MTM,3,2,49.05882352941177,85,54.69377346038346,55.609859010578646,4.897247494282439,"(0, 1, 2, 3)"
topology_change,ST-MTM,3,3,82.17671232876712,73,84.12767150588584,86.04188234687058,4.205871952063703,"(0, 1, 2, 3)"
topology_change,ST-MTM,4,0,25.434756097560978,82,23.840207306118547,21.514582036127756,4.653250539981588,"(0, 1, 2, 3)"
topology_change,ST-MTM,4,1,56.554347826086946,92,51.60084935357186,50.64711677553896,5.220724237472439,"(0, 1, 2, 3)"
topology_change,ST-MTM,4,2,49.05882352941177,85,54.73771087623979,55.69144345427268,4.823490853888416,"(0, 1, 2, 3)"
topology_change,ST-MTM,4,3,82.17671232876712,73,84.20368190249559,86.03761755548621,4.142534368657564,"(0, 1, 2, 3)"
topology_change,ST-MTM,5,0,25.145833333333332,84,23.63443686764424,21.28742526947745,4.696023196333584,"(0, 1, 2, 3)"
topology_change,ST-MTM,5,1,56.473684210526315,95,51.68829145181355,50.69548379203306,5.310979092601329,"(0, 1, 2, 3)"
topology_change,ST-MTM,5,2,49.05882352941177,85,54.77662266732227,55.769430327102754,4.7519272626290885,"(0, 1, 2, 3)"
topology_change,ST-MTM,5,3,82.17671232876712,73,84.28309845164573,86.04097893020969,4.0810704484359945,"(0, 1, 2, 3)"
topology_change,ST-MTM,6,0,24.861046511627915,86,23.43583508433022,21.06806315173214,4.737543865196159,"(0, 1, 2, 3)"
topology_change,ST-MTM,6,1,56.375,98,51.769436634905794,50.738124713343026,5.398596291590692,"(0, 1, 2, 3)"
topology_change,ST-MTM,6,2,49.05882352941177,85,54.81145106270145,55.842762984264226,4.682456250946437,"(0, 1, 2, 3)"
topology_change,ST-MTM,6,3,82.17671232876712,73,84.36572665648832,86.05190801742765,4.021403592266708,"(0, 1, 2, 3)"
topology_change,ST-MTM,7,0,24.580113636363638,88,23.229932293217757,20.828149752904896,4.805565080625726,"(0, 1, 2, 3)"
topology_change,ST-MTM,7,1,56.33838383838384,99,51.84386673946613,50.81163663372388,5.4062596663719305,"(0, 1, 2, 3)"
topology_change,ST-MTM,7,2,49.05882352941177,85,54.86590550346706,55.898135609209305,4.641739903635532,"(0, 1, 2, 3)"
topology_change,ST-MTM,7,3,82.17671232876712,73,84.44274490227484,86.0778687766913,3.9864353493668006,"(0, 1, 2, 3)"
topology_change,ST-MTM,8,0,24.302777777777777,90,22.926285577896962,20.462750745528496,4.9290697014998734,"(0, 1, 2, 3)"
topology_change,ST-MTM,8,1,56.74270833333333,96,52.05176809388924,51.03736235176014,5.257673592760888,"(0, 1, 2, 3)"
topology_change,ST-MTM,8,2,49.05882352941177,85,54.98040996548403,55.99481570761313,4.655233118945098,"(0, 1, 2, 3)"
topology_change,ST-MTM,8,3,82.17671232876712,73,84.42398580115555,86.03969388419627,3.9980235867941474,"(0, 1, 2, 3)"
topology_change,ST-MTM,9,0,24.165384615384617,91,22.739566828552757,20.24138342660869,4.998367402260698,"(0, 1, 2, 3)"
topology_change,ST-MTM,9,1,57.002659574468076,94,52.1931693798855,51.16555439492416,5.163148353738144,"(0, 1, 2, 3)"
topology_change,ST-MTM,9,2,49.05882352941177,85,55.05491601260845,56.08253099756979,4.668804851553098,"(0, 1, 2, 3)"
topology_change,ST-MTM,9,3,82.17671232876712,73,84.39479721737908,86.00607724963783,4.009679392448064,"(0, 1, 2, 3)"
topology_change,ST-MTM,10,0,23.893010752688173,93,22.475844956151857,19.922743547265107,5.108221618458558,"(0, 1, 2, 3)"
topology_change,ST-MTM,10,1,57.25434782608696,92,52.35499559518588,51.32377338288478,5.053294244551836,"(0, 1, 2, 3)"
topology_change,ST-MTM,10,2,49.05882352941177,85,55.1546006915431,56.185822903844205,4.668804797367017,"(0, 1, 2, 3)"
topology_change,ST-MTM,10,3,82.17671232876712,73,84.39700819554494,85.99073917363671,4.009679339622593,"(0, 1, 2, 3)"
topology_change,RA-MTM,0,0,26.483333333333338,75,25.729205197399214,25.72920552450377,4.5,"(0, 1, 2, 3)"
topology_change,RA-MTM,0,1,56.66358024691358,81,51.38535625876469,50.17035625876469,4.859999999999999,"(0, 1, 2, 3)"
topology_change,RA-MTM,0,2,49.05882352941177,85,54.37535625876469,55.65035625876469,5.1,"(0, 1, 2, 3)"
topology_change,RA-MTM,0,3,82.17671232876712,73,82.89253172316836,82.89253306718943,4.38,"(0, 1, 2, 3)"
topology_change,RA-MTM,1,0,26.329605263157898,76,25.573445560036102,25.573446146205402,4.56,"(0, 1, 2, 3)"
topology_change,RA-MTM,1,1,56.666666666666664,84,51.36756487059271,50.107564870592704,5.04,"(0, 1, 2, 3)"
topology_change,RA-MTM,1,2,49.05882352941177,85,54.402564870592705,55.677564870592704,5.1,"(0, 1, 2, 3)"
topology_change,RA-MTM,1,3,82.17671232876712,73,82.88823249223341,82.88823445196321,4.38,"(0, 1, 2, 3)"
topology_change,RA-MTM,2,0,26.026282051282053,78,25.267499547451358,25.26750014636949,4.68,"(0, 1, 2, 3)"
topology_change,RA-MTM,2,1,56.64367816091954,87,51.33715836572159,50.03215836572159,5.22,"(0, 1, 2, 3)"
topology_change,RA-MTM,2,2,49.05882352941177,85,54.41715836572159,55.69215836572159,5.1,"(0, 1, 2, 3)"
topology_change,RA-MTM,2,3,82.17671232876712,73,82.88367979872093,82.88368180139483,4.38,"(0, 1, 2, 3)"
topology_change,RA-MTM,3,0,25.728125,80,24.967112174132122,24.967112803496878,4.8,"(0, 1, 2, 3)"
topology_change,RA-MTM,3,1,56.61516853932584,89,51.310545280965954,49.97554528096595,5.34,"(0, 1, 2, 3)"
topology_change,RA-MTM,3,2,49.05882352941177,85,54.42054528096595,55.69554528096595,5.1,"(0, 1, 2, 3)"
topology_change,RA-MTM,3,3,82.17671232876712,73,82.88062667099302,82.88062875109554,4.38,"(0, 1, 2, 3)"
topology_change,RA-MTM,4,0,25.434756097560978,82,24.67070700057683,24.670707649905154,4.92,"(0, 1, 2, 3)"
topology_change,RA-MTM,4,1,56.554347826086946,92,51.261528360317804,49.8815283603178,5.52,"(0, 1, 2, 3)"
topology_change,RA-MTM,4,2,49.05882352941177,85,54.416528360317805,55.691528360317804,5.1,"(0, 1, 2, 3)"
topology_change,RA-MTM,4,3,82.17671232876712,73,82.87587607481098,82.87587821397422,4.38,"(0, 1, 2, 3)"
topology_change,RA-MTM,5,0,25.145833333333332,84,24.378493358061746,24.378494003603176,5.04,"(0, 1, 2, 3)"
topology_change,RA-MTM,5,1,56.473684210526315,95,51.202843393109895,49.77784339310989,5.7,"(0, 1, 2, 3)"
topology_change,RA-MTM,5,2,49.05882352941177,85,54.40284339310989,55.67784339310989,5.1,"(0, 1, 2, 3)"
topology_change,RA-MTM,5,3,82.17671232876712,73,82.87087328441889,82.87087543102578,4.38,"(0, 1, 2, 3)"
topology_change,RA-MTM,6,0,24.861046511627915,86,24.09020766159198,24.090208284360415,5.16,"(0, 1, 2, 3)"
topology_change,RA-MTM,6,1,56.375,98,51.1353138127377,49.6653138127377,5.88,"(0, 1, 2, 3)"
topology_change,RA-MTM,6,2,49.05882352941177,85,54.380313812737704,55.6553138127377,5.1,"(0, 1, 2, 3)"
topology_change,RA-MTM,6,3,82.17671232876712,73,82.86574712799872,82.86574924411421,4.38,"(0, 1, 2, 3)"
topology_change,RA-MTM,7,0,24.580113636363638,88,23.80706981957139,23.807070432847585,5.279999999999999,"(0, 1, 2, 3)"
topology_change,RA-MTM,7,1,56.33838383838384,99,51.11135824477259,49.62635824477259,5.9399999999999995,"(0, 1, 2, 3)"
topology_change,RA-MTM,7,2,49.05882352941177,85,54.37135824477259,55.646358244772586,5.1,"(0, 1, 2, 3)"
topology_change,RA-MTM,7,3,82.17671232876712,73,82.86424708126404,82.8642492032526,4.38,"(0, 1, 2, 3)"
topology_change,RA-MTM,8,0,24.302777777777777,90,23.527056723129682,23.52705738772513,5.3999999999999995,"(0, 1, 2, 3)"
topology_change,RA-MTM,8,1,56.74270833333333,96,51.33722244629481,49.89722244629481,5.76,"(0, 1, 2, 3)"
topology_change,RA-MTM,8,2,49.05882352941177,85,54.55222244629481,55.82722244629481,5.1,"(0, 1, 2, 3)"
topology_change,RA-MTM,8,3,82.17671232876712,73,82.86452036785604,82.86452259200375,4.38,"(0, 1, 2, 3)"
topology_change,RA-MTM,9,0,24.165384615384617,91,23.387961997528357,23.387966169096078,5.46,"(0, 1, 2, 3)"
topology_change,RA-MTM,9,1,57.002659574468076,94,51.48301175428442,50.073011754284416,5.64,"(0, 1, 2, 3)"
topology_change,RA-MTM,9,2,49.05882352941177,85,54.668011754284414,55.94301175428442,5.1,"(0, 1, 2, 3)"
topology_change,RA-MTM,9,3,82.17671232876712,73,82.86459454315076,82.86460121037844,4.38,"(0, 1, 2, 3)"
topology_change,RA-MTM,10,0,23.893010752688173,93,23.113183160611886,23.1131838255231,5.58,"(0, 1, 2, 3)"
topology_change,RA-MTM,10,1,57.25434782608696,92,51.62487639881036,50.244876398810355,5.52,"(0, 1, 2, 3)"
topology_change,RA-MTM,10,2,49.05882352941177,85,54.77987639881035,56.05487639881036,5.1,"(0, 1, 2, 3)"
topology_change,RA-MTM,10,3,82.17671232876712,73,82.86495848506631,82.86496063686788,4.38,"(0, 1, 2, 3)"
crowding,TMTM,0,0,57.90833333333334,250,34.62083333333333,34.72083333333333,50.0,"(np.int64(0), np.int64(1))"
crowding,TMTM,0,1,62.133333333333326,255,85.42083333333333,85.42083333333333,51.0,"(np.int64(0), np.int64(1))"
crowding,TMTM,1,0,57.925000000000004,248,34.62083333333333,34.72083333333333,49.6,"(np.int64(0), np.int64(1))"
crowding,TMTM,1,1,62.12500000000001,254,85.02083333333334,85.12083333333334,50.800000000000004,"(np.int64(0), np.int64(1))"
crowding,TMTM,2,0,57.941666666666656,246,34.82083333333333,34.920833333333334,49.2,"(np.int64(0), np.int64(1))"
crowding,TMTM,2,1,62.10833333333332,252,84.82083333333334,84.92083333333333,50.400000000000006,"(np.int64(0), np.int64(1))"
crowding,TMTM,3,0,57.958333333333336,244,35.020833333333336,35.12083333333333,48.800000000000004,"(np.int64(0), np.int64(1))"
crowding,TMTM,3,1,62.09166666666667,250,84.62083333333334,84.72083333333333,50.0,"(np.int64(0), np.int64(1))"
crowding,TMTM,4,0,57.975,242,35.22083333333333,35.32083333333333,48.400000000000006,"(np.int64(0), np.int64(1))"
crowding,TMTM,4,1,62.075,248,84.42083333333333,84.52083333333334,49.6,"(np.int64(0), np.int64(1))"
crowding,TMTM,5,0,57.99166666666666,240,35.420833333333334,35.520833333333336,48.0,"(np.int64(0), np.int64(1))"
crowding,TMTM,5,1,62.06666666666667,247,84.42083333333333,84.42083333333333,49.400000000000006,"(np.int64(0), np.int64(1))"
crowding,TMTM,6,0,58.00833333333333,238,35.62083333333333,35.72083333333333,47.6,"(np.int64(0), np.int64(1))"
crowding,TMTM,6,1,62.050000000000004,245,84.22083333333333,84.22083333333333,49.0,"(np.int64(0), np.int64(1))"
crowding,TMTM,7,0,58.025000000000006,236,35.82083333333333,35.920833333333334,47.2,"(np.int64(0), np.int64(1))"
crowding,TMTM,7,1,62.033333333333324,243,84.02083333333334,84.02083333333334,48.6,"(np.int64(0), np.int64(1))"
crowding,TMTM,8,0,58.04166666666666,234,36.020833333333336,36.12083333333333,46.800000000000004,"(np.int64(0), np.int64(1))"
crowding,TMTM,8,1,62.01666666666667,241,83.82083333333334,83.82083333333334,48.2,"(np.int64(0), np.int64(1))"
crowding,TMTM,9,0,58.05833333333332,232,36.22083333333333,36.32083333333333,46.400000000000006,"(np.int64(0), np.int64(1))"
crowding,TMTM,9,1,62.00000000000001,239,83.62083333333334,83.62083333333334,47.800000000000004,"(np.int64(0), np.int64(1))"
crowding,TMTM,10,0,58.07500000000001,230,36.22083333333333,36.32083333333333,46.0,"(np.int64(0), np.int64(1))"
crowding,TMTM,10,1,61.99166666666667,238,83.22083333333333,83.32083333333334,47.6,"(np.int64(0), np.int64(1))"
crowding,ST-MTM,0,0,57.90833333333334,250,49.66311851538243,49.66311851538243,15.0,"(0, 1)"
crowding,ST-MTM,0,1,62.133333333333326,255,70.37854815128424,70.37854815128424,15.300000000000004,"(0, 1)"
crowding,ST-MTM,1,0,57.925000000000004,248,49.71214911807095,49.71214911807095,14.96892430278885,"(0, 1)"
crowding,ST-MTM,1,1,62.12500000000001,254,70.32951754859572,70.32951754859572,15.331075697211155,"(0, 1)"
crowding,ST-MTM,2,0,57.941666666666656,246,49.78732937552668,49.78732937552668,14.967469879518063,"(0, 1)"
crowding,ST-MTM,2,1,62.10833333333332,252,70.25433729113998,70.25433729113998,15.33253012048192,"(0, 1)"
crowding,ST-MTM,3,0,57.958333333333336,244,49.86773956393586,49.86773956393586,14.965991902834006,"(0, 1)"
crowding,ST-MTM,3,1,62.09166666666667,250,70.1739271027308,70.1739271027308,15.334008097165992,"(0, 1)"
crowding,ST-MTM,4,0,57.975,242,49.94919573853572,49.94919573853572,14.964489795918368,"(0, 1)"
crowding,ST-MTM,4,1,62.075,248,70.09247092813094,70.09247092813094,15.33551020408163,"(0, 1)"
crowding,ST-MTM,5,0,57.99166666666666,240,50.01451757614423,50.01451757614423,14.932238193018478,"(0, 1)"
crowding,ST-MTM,5,1,62.06666666666667,247,70.02714909052244,70.02714909052244,15.36776180698152,"(0, 1)"
crowding,ST-MTM,6,0,58.00833333333333,238,50.09295608058396,50.09295608058396,14.9304347826087,"(0, 1)"
crowding,ST-MTM,6,1,62.050000000000004,245,69.94871058608271,69.94871058608271,15.369565217391305,"(0, 1)"
crowding,ST-MTM,7,0,58.025000000000006,236,50.17401791838995,50.17401791838995,14.928601252609596,"(0, 1)"
crowding,ST-MTM,7,1,62.033333333333324,243,69.86764874827672,69.86764874827672,15.371398747390401,"(0, 1)"
crowding,ST-MTM,8,0,58.04166666666666,234,50.255604422869176,50.255604422869176,14.926736842105257,"(0, 1)"
crowding,ST-MTM,8,1,62.01666666666667,241,69.78606224379749,69.78606224379749,15.37326315789474,"(0, 1)"
crowding,ST-MTM,9,0,58.05833333333332,232,50.33729586068305,50.33729586068305,14.924840764331208,"(0, 1)"
crowding,ST-MTM,9,1,62.00000000000001,239,69.70437080598361,69.70437080598361,15.375159235668782,"(0, 1)"
crowding,ST-MTM,10,0,58.07500000000001,230,50.40266475093435,50.40266475093435,14.891025641025635,"(0, 1)"
crowding,ST-MTM,10,1,61.99166666666667,238,69.63900191573231,69.63900191573231,15.408974358974355,"(0, 1)"
crowding,RA-MTM,0,0,57.90833333333334,250,54.98333333333334,52.19583333333334,15.0,"(0, 1)"
crowding,RA-MTM,0,1,62.133333333333326,255,65.05833333333332,67.84583333333333,15.299999999999999,"(0, 1)"
crowding,RA-MTM,1,0,57.925000000000004,248,55.010000000000005,52.245000000000005,14.879999999999999,"(0, 1)"
crowding,RA-MTM,1,1,62.12500000000001,254,65.04,67.80499999999999,15.24,"(0, 1)"
crowding,RA-MTM,2,0,57.941666666666656,246,55.039999999999985,52.30499999999999,14.76,"(0, 1)"
crowding,RA-MTM,2,1,62.10833333333332,252,65.00999999999999,67.74499999999999,15.12,"(0, 1)"
crowding,RA-MTM,3,0,57.958333333333336,244,55.07,52.365,14.639999999999999,"(0, 1)"
crowding,RA-MTM,3,1,62.09166666666667,250,64.98,67.685,15.0,"(0, 1)"
crowding,RA-MTM,4,0,57.975,242,55.099999999999994,52.425000000000004,14.52,"(0, 1)"
crowding,RA-MTM,4,1,62.075,248,64.95000000000002,67.625,14.879999999999999,"(0, 1)"
crowding,RA-MTM,5,0,57.99166666666666,240,55.126666666666665,52.474166666666676,14.399999999999999,"(0, 1)"
crowding,RA-MTM,5,1,62.06666666666667,247,64.93166666666667,67.58416666666668,14.82,"(0, 1)"
crowding,RA-MTM,6,0,58.00833333333333,238,55.15666666666667,52.53416666666667,14.28,"(0, 1)"
crowding,RA-MTM,6,1,62.050000000000004,245,64.90166666666667,67.52416666666667,14.7,"(0, 1)"
crowding,RA-MTM,7,0,58.025000000000006,236,55.18666666666666,52.59416666666666,14.16,"(0, 1)"
crowding,RA-MTM,7,1,62.033333333333324,243,64.87166666666667,67.46416666666666,14.58,"(0, 1)"
crowding,RA-MTM,8,0,58.04166666666666,234,55.21666666666666,52.65416666666667,14.04,"(0, 1)"
crowding,RA-MTM,8,1,62.01666666666667,241,64.84166666666667,67.40416666666667,14.459999999999999,"(0, 1)"
crowding,RA-MTM,9,0,58.05833333333332,232,55.24666666666666,52.71416666666666,13.92,"(0, 1)"
crowding,RA-MTM,9,1,62.00000000000001,239,64.81166666666667,67.34416666666665,14.34,"(0, 1)"
crowding,RA-MTM,10,0,58.07500000000001,230,55.27333333333334,52.76333333333334,13.799999999999999,"(0, 1)"
crowding,RA-MTM,10,1,61.99166666666667,238,64.79333333333334,67.30333333333334,14.28,"(0, 1)"
summary_only,ST-MTM,0,0,26.483333333333338,75,24.598013098445563,22.349015306143347,4.499995584604434,"(0, 1, 2, 3)"
summary_only,ST-MTM,0,1,56.66358024691358,81,51.242968185847396,50.41301215313837,4.860004336743614,"(0, 1, 2, 3)"
summary_only,ST-MTM,0,2,49.05882352941177,85,54.575207430589266,55.405163463298294,5.099994584602385,"(0, 1, 2, 3)"
summary_only,ST-MTM,0,3,82.17671232876712,73,83.96626072354357,86.10181639710365,4.38000549404957,"(0, 1, 2, 3)"
summary_only,ST-MTM,1,0,26.329605263157898,76,24.48998873271505,22.23966797992805,4.5026415055740046,"(0, 1, 2, 3)"
summary_only,ST-MTM,1,1,56.666666666666664,84,51.31102564383149,50.447884040982785,4.976603772582486,"(0, 1, 2, 3)"
summary_only,ST-MTM,1,2,49.05882352941177,85,54.59196885334018,55.455110456188876,5.035849057829672,"(0, 1, 2, 3)"
summary_only,ST-MTM,1,3,82.17671232876712,73,83.98946620853907,86.06791150794183,4.324905664013841,"(0, 1, 2, 3)"
summary_only,ST-MTM,2,0,26.026282051282053,78,24.27495212428938,22.0011533716742,4.549597505230366,"(0, 1, 2, 3)"
summary_only,ST-MTM,2,1,56.64367816091954,87,51.413867666520645,50.517887572769155,5.074551089809418,"(0, 1, 2, 3)"
summary_only,ST-MTM,2,2,49.05882352941177,85,54.63923068032463,55.53521077407611,4.957894730098516,"(0, 1, 2, 3)"
summary_only,ST-MTM,2,3,82.17671232876712,73,84.05439896729114,86.0444395036012,4.257956674861703,"(0, 1, 2, 3)"
summary_only,ST-MTM,3,0,25.728125,80,24.053732417283026,21.750145430116135,4.609173974333782,"(0, 1, 2, 3)"
summary_only,ST-MTM,3,1,56.61516853932584,89,51.507272054873454,50.59118650467828,5.127706579320083,"(0, 1, 2, 3)"
summary_only,ST-MTM,3,2,49.05882352941177,85,54.69377346038346,55.609859010578646,4.897247494282439,"(0, 1, 2, 3)"
summary_only,ST-MTM,3,3,82.17671232876712,73,84.12767150588584,86.04188234687058,4.205871952063703,"(0, 1, 2, 3)"
summary_only,ST-MTM,4,0,25.434756097560978,82,23.840207306118547,21.514582036127756,4.653250539981588,"(0, 1, 2, 3)"
summary_only,ST-MTM,4,1,56.554347826086946,92,51.60084935357186,50.64711677553896,5.220724237472439,"(0, 1, 2, 3)"
summary_only,ST-MTM,4,2,49.05882352941177,85,54.73771087623979,55.69144345427268,4.823490853888416,"(0, 1, 2, 3)"
summary_only,ST-MTM,4,3,82.17671232876712,73,84.20368190249559,86.03761755548621,4.142534368657564,"(0, 1, 2, 3)"
summary_only,ST-MTM,5,0,25.145833333333332,84,23.63443686764424,21.28742526947745,4.696023196333584,"(0, 1, 2, 3)"
summary_only,ST-MTM,5,1,56.473684210526315,95,51.68829145181355,50.69548379203306,5.310979092601329,"(0, 1, 2, 3)"
summary_only,ST-MTM,5,2,49.05882352941177,85,54.77662266732227,55.769430327102754,4.7519272626290885,"(0, 1, 2, 3)"
summary_only,ST-MTM,5,3,82.17671232876712,73,84.28309845164573,86.04097893020969,4.0810704484359945,"(0, 1, 2, 3)"
summary_only,ST-MTM,6,0,24.861046511627915,86,23.43583508433022,21.06806315173214,4.737543865196159,"(0, 1, 2, 3)"
summary_only,ST-MTM,6,1,56.375,98,51.769436634905794,50.738124713343026,5.398596291590692,"(0, 1, 2, 3)"
summary_only,ST-MTM,6,2,49.05882352941177,85,54.81145106270145,55.842762984264226,4.682456250946437,"(0, 1, 2, 3)"
summary_only,ST-MTM,6,3,82.17671232876712,73,84.36572665648832,86.05190801742765,4.021403592266708,"(0, 1, 2, 3)"
summary_only,ST-MTM,7,0,24.580113636363638,88,23.229932293217757,20.828149752904896,4.805565080625726,"(0, 1, 2, 3)"
summary_only,ST-MTM,7,1,56.33838383838384,99,51.84386673946613,50.81163663372388,5.4062596663719305,"(0, 1, 2, 3)"
summary_only,ST-MTM,7,2,49.05882352941177,85,54.86590550346706,55.898135609209305,4.641739903635532,"(0, 1, 2, 3)"
summary_only,ST-MTM,7,3,82.17671232876712,73,84.44274490227484,86.0778687766913,3.9864353493668006,"(0, 1, 2, 3)"
summary_only,ST-MTM,8,0,24.302777777777777,90,22.926285577896962,20.462750745528496,4.9290697014998734,"(0, 1, 2, 3)"
summary_only,ST-MTM,8,1,56.74270833333333,96,52.05176809388924,51.03736235176014,5.257673592760888,"(0, 1, 2, 3)"
summary_only,ST-MTM,8,2,49.05882352941177,85,54.98040996548403,55.99481570761313,4.655233118945098,"(0, 1, 2, 3)"
summary_only,ST-MTM,8,3,82.17671232876712,73,84.42398580115555,86.03969388419627,3.9980235867941474,"(0, 1, 2, 3)"
summary_only,ST-MTM,9,0,24.165384615384617,91,22.739566828552757,20.24138342660869,4.998367402260698,"(0, 1, 2, 3)"
summary_only,ST-MTM,9,1,57.002659574468076,94,52.1931693798855,51.16555439492416,5.163148353738144,"(0, 1, 2, 3)"
summary_only,ST-MTM,9,2,49.05882352941177,85,55.05491601260845,56.08253099756979,4.668804851553098,"(0, 1, 2, 3)"
summary_only,ST-MTM,9,3,82.17671232876712,73,84.39479721737908,86.00607724963783,4.009679392448064,"(0, 1, 2, 3)"
summary_only,ST-MTM,10,0,23.893010752688173,93,22.475844956151857,19.922743547265107,5.108221618458558,"(0, 1, 2, 3)"
summary_only,ST-MTM,10,1,57.25434782608696,92,52.35499559518588,51.32377338288478,5.053294244551836,"(0, 1, 2, 3)"
summary_only,ST-MTM,10,2,49.05882352941177,85,55.1546006915431,56.185822903844205,4.668804797367017,"(0, 1, 2, 3)"
summary_only,ST-MTM,10,3,82.17671232876712,73,84.39700819554494,85.99073917363671,4.009679339622593,"(0, 1, 2, 3)"
summary_only,RA-MTM,0,0,26.483333333333338,75,25.729205197399214,25.72920552450377,4.5,"(0, 1, 2, 3)"
summary_only,RA-MTM,0,1,56.66358024691358,81,51.38535625876469,50.17035625876469,4.859999999999999,"(0, 1, 2, 3)"
summary_only,RA-MTM,0,2,49.05882352941177,85,54.37535625876469,55.65035625876469,5.1,"(0, 1, 2, 3)"
summary_only,RA-MTM,0,3,82.17671232876712,73,82.89253172316836,82.89253306718943,4.38,"(0, 1, 2, 3)"
summary_only,RA-MTM,1,0,26.329605263157898,76,25.573445560036102,25.573446146205402,4.56,"(0, 1, 2, 3)"
summary_only,RA-MTM,1,1,56.666666666666664,84,51.36756487059271,50.107564870592704,5.04,"(0, 1, 2, 3)"
summary_only,RA-MTM,1,2,49.05882352941177,85,54.402564870592705,55.677564870592704,5.1,"(0, 1, 2, 3)"
summary_only,RA-MTM,1,3,82.17671232876712,73,82.88823249223341,82.88823445196321,4.38,"(0, 1, 2, 3)"
summary_only,RA-MTM,2,0,26.026282051282053,78,25.267499547451358,25.26750014636949,4.68,"(0, 1, 2, 3)"
summary_only,RA-MTM,2,1,56.64367816091954,87,51.33715836572159,50.03215836572159,5.22,"(0, 1, 2, 3)"
summary_only,RA-MTM,2,2,49.05882352941177,85,54.41715836572159,55.69215836572159,5.1,"(0, 1, 2, 3)"
summary_only,RA-MTM,2,3,82.17671232876712,73,82.88367979872093,82.88368180139483,4.38,"(0, 1, 2, 3)"
summary_only,RA-MTM,3,0,25.728125,80,24.967112174132122,24.967112803496878,4.8,"(0, 1, 2, 3)"
summary_only,RA-MTM,3,1,56.61516853932584,89,51.310545280965954,49.97554528096595,5.34,"(0, 1, 2, 3)"
summary_only,RA-MTM,3,2,49.05882352941177,85,54.42054528096595,55.69554528096595,5.1,"(0, 1, 2, 3)"
summary_only,RA-MTM,3,3,82.17671232876712,73,82.88062667099302,82.88062875109554,4.38,"(0, 1, 2, 3)"
summary_only,RA-MTM,4,0,25.434756097560978,82,24.67070700057683,24.670707649905154,4.92,"(0, 1, 2, 3)"
summary_only,RA-MTM,4,1,56.554347826086946,92,51.261528360317804,49.8815283603178,5.52,"(0, 1, 2, 3)"
summary_only,RA-MTM,4,2,49.05882352941177,85,54.416528360317805,55.691528360317804,5.1,"(0, 1, 2, 3)"
summary_only,RA-MTM,4,3,82.17671232876712,73,82.87587607481098,82.87587821397422,4.38,"(0, 1, 2, 3)"
summary_only,RA-MTM,5,0,25.145833333333332,84,24.378493358061746,24.378494003603176,5.04,"(0, 1, 2, 3)"
summary_only,RA-MTM,5,1,56.473684210526315,95,51.202843393109895,49.77784339310989,5.7,"(0, 1, 2, 3)"
summary_only,RA-MTM,5,2,49.05882352941177,85,54.40284339310989,55.67784339310989,5.1,"(0, 1, 2, 3)"
summary_only,RA-MTM,5,3,82.17671232876712,73,82.87087328441889,82.87087543102578,4.38,"(0, 1, 2, 3)"
summary_only,RA-MTM,6,0,24.861046511627915,86,24.09020766159198,24.090208284360415,5.16,"(0, 1, 2, 3)"
summary_only,RA-MTM,6,1,56.375,98,51.1353138127377,49.6653138127377,5.88,"(0, 1, 2, 3)"
summary_only,RA-MTM,6,2,49.05882352941177,85,54.380313812737704,55.6553138127377,5.1,"(0, 1, 2, 3)"
summary_only,RA-MTM,6,3,82.17671232876712,73,82.86574712799872,82.86574924411421,4.38,"(0, 1, 2, 3)"
summary_only,RA-MTM,7,0,24.580113636363638,88,23.80706981957139,23.807070432847585,5.279999999999999,"(0, 1, 2, 3)"
summary_only,RA-MTM,7,1,56.33838383838384,99,51.11135824477259,49.62635824477259,5.9399999999999995,"(0, 1, 2, 3)"
summary_only,RA-MTM,7,2,49.05882352941177,85,54.37135824477259,55.646358244772586,5.1,"(0, 1, 2, 3)"
summary_only,RA-MTM,7,3,82.17671232876712,73,82.86424708126404,82.8642492032526,4.38,"(0, 1, 2, 3)"
summary_only,RA-MTM,8,0,24.302777777777777,90,23.527056723129682,23.52705738772513,5.3999999999999995,"(0, 1, 2, 3)"
summary_only,RA-MTM,8,1,56.74270833333333,96,51.33722244629481,49.89722244629481,5.76,"(0, 1, 2, 3)"
summary_only,RA-MTM,8,2,49.05882352941177,85,54.55222244629481,55.82722244629481,5.1,"(0, 1, 2, 3)"
summary_only,RA-MTM,8,3,82.17671232876712,73,82.86452036785604,82.86452259200375,4.38,"(0, 1, 2, 3)"
summary_only,RA-MTM,9,0,24.165384615384617,91,23.387961997528357,23.387966169096078,5.46,"(0, 1, 2, 3)"
summary_only,RA-MTM,9,1,57.002659574468076,94,51.48301175428442,50.073011754284416,5.64,"(0, 1, 2, 3)"
summary_only,RA-MTM,9,2,49.05882352941177,85,54.668011754284414,55.94301175428442,5.1,"(0, 1, 2, 3)"
summary_only,RA-MTM,9,3,82.17671232876712,73,82.86459454315076,82.86460121037844,4.38,"(0, 1, 2, 3)"
summary_only,RA-MTM,10,0,23.893010752688173,93,23.113183160611886,23.1131838255231,5.58,"(0, 1, 2, 3)"
summary_only,RA-MTM,10,1,57.25434782608696,92,51.62487639881036,50.244876398810355,5.52,"(0, 1, 2, 3)"
summary_only,RA-MTM,10,2,49.05882352941177,85,54.77987639881035,56.05487639881036,5.1,"(0, 1, 2, 3)"
summary_only,RA-MTM,10,3,82.17671232876712,73,82.86495848506631,82.86496063686788,4.38,"(0, 1, 2, 3)"
