method,t,track,reference,motion,growth,trajectory,eligible,boundary,iou,q,x,width,area
TMTM,0,0,0.08474333367049673,,,,False,True,,19.039176783791405,8.869976743331797,0.05,2.9975193140878416
TMTM,0,1,0.2133248991073486,,,,False,True,,63.76896463621363,38.1699767433318,2.4000000000000004,143.88092707621638
TMTM,0,2,0.180881276449918,,,,False,False,,68.67572991732196,46.9699767433318,0.6000000000000001,35.970231769054095
TMTM,0,3,0.5430453265472232,,,,False,True,,20.404537557665027,85.56997674333181,0.75,44.962789711317626
TMTM,0,4,0.06409581731945971,,,,False,True,,65.81147482166696,58.1199767433318,21.6,1294.9283436859475
TMTM,1,1,0.23591393094825552,0.022589031840906947,0.0,0.022589031840906947,True,True,0.5625,67.07964845712246,38.769976743331796,1.35,80.93302148037172
TMTM,1,2,0.00530750905722949,0.1755737673926885,1.1102230246251565e-16,0.1755737673926885,True,False,0.375,70.50687783019934,69.8699767433318,1.6,95.92061805081093
TMTM,1,4,0.07593614247292316,0.011840325153463442,1.1102230246251565e-16,0.011840325153463442,True,True,0.7690631808278867,68.63231384008257,59.519976743331796,19.0,1139.0573393533798
TMTM,1,3,0.018875046794943718,0.5241702797522795,0.0,0.5241702797522795,True,True,0.14150943396226415,25.704971127938553,27.9699767433318,5.300000000000001,317.7370472933112
TMTM,2,5,0.06644224976614695,,,,False,False,,71.94690677139417,79.9199767433318,0.1,5.995038628175683
TMTM,2,6,0.05055307503829667,,,,False,False,,73.6536077387362,79.7199767433318,0.05,2.9975193140878416
TMTM,2,7,0.2264475680993663,,,,False,False,,77.49368491525576,50.3199767433318,0.4,23.980154512702732
TMTM,2,4,0.10138575712089028,0.025449614647967127,0.0,0.03728993980143057,True,True,0.7376623376623377,69.98626759783863,57.8199767433318,14.450000000000001,866.2830817713863
TMTM,2,8,0.43600409377885146,,,,False,False,,34.399485489869626,86.7199767433318,0.05,2.9975193140878416
TMTM,2,3,0.03813675305333071,0.01926170625838699,0.0,0.5049085734938925,True,True,0.29245283018867924,23.44356637693211,28.019976743331796,1.55,92.92309873672309
TMTM,3,9,0.015858058915929618,,,,False,True,,77.06700967342024,78.9699767433318,0.05,2.9975193140878416
TMTM,3,10,0.26894863999547114,,,,False,False,,83.89381354278834,51.6199767433318,0.05,2.9975193140878416
TMTM,3,11,0.2538927986009544,,,,False,False,,82.18711257544632,51.7199767433318,0.05,2.9975193140878416
TMTM,3,12,0.2384202905397709,,,,False,False,,80.4804116081043,51.8699767433318,0.05,2.9975193140878416
TMTM,3,4,0.1263248640692445,0.02493910694835423,0.0,0.0622290467497848,True,False,0.296551724137931,69.27896043164114,54.1199767433318,4.3500000000000005,260.78418032564224
TMTM,3,3,0.5784728879918615,0.5403361349385309,2.220446049250313e-16,0.0354275614446383,True,True,0.24545454545454545,26.703230184308417,96.1199767433318,5.300000000000001,317.7370472933112
TMTM,3,13,0.06284769672689888,,,,False,True,,78.26170035055966,70.7199767433318,0.5,29.975193140878417
TMTM,4,14,0.09811638590088988,,,,False,False,,66.64394305143858,54.8699767433318,1.4000000000000001,83.93054079445956
TMTM,4,15,0.34380132593765084,,,,False,True,,92.1261358558499,50.8699767433318,4.25,254.78914169746653
TMTM,4,4,0.137123043004468,0.010798178935223508,0.0,0.07302722568500832,True,False,0.10112359550561797,69.77474190386796,53.3199767433318,0.55,32.972712454966256
TMTM,4,3,0.5163916321801331,0.062081255811728506,0.0,0.026653694367090117,True,True,0.7142857142857143,31.10298088171584,93.06997674333181,7.300000000000001,437.6378198568249
TMTM,4,13,0.07177644341992023,0.13462414014681912,2.220446049250313e-16,0.13462414014681912,True,True,0.18181818181818182,75.85680353294137,84.4699767433318,2.75,164.86356227483128
TMTM,5,14,0.2199357094923768,0.12181932359148692,4.440892098500626e-16,0.12181932359148692,True,False,0.09688581314878893,72.11226188241702,45.7199767433318,14.450000000000001,866.2830817713863
TMTM,5,15,0.355617450454348,0.011816124516697179,0.0,0.011816124516697179,True,True,0.2828282828282828,96.69407079785356,54.019976743331796,2.1,125.89581119168935
TMTM,5,3,0.3729220593768476,0.14346957280328546,0.0,0.1701232671703756,True,True,0.3569682151589242,50.569329618110096,95.31997674333181,20.450000000000003,1225.9853994619273
TMTM,6,14,0.18358486359938303,0.03635084589299377,0.0,0.08546847769849315,True,True,0.1903820816864295,66.45016037525777,44.4199767433318,75.9,4550.234318785344
TMTM,6,3,0.3455583312374364,0.027363728139411177,0.0,0.19748699530978678,True,True,0.8147410358565738,53.50297699483943,94.9699767433318,25.1,1504.7546956720964
TMTM,7,14,0.1782162573416611,0.005368606257721945,0.0,0.08009987144077121,True,True,0.22661396574440051,65.65592762433113,44.269976743331796,17.2,1031.1466440462175
TMTM,7,16,0.2434761319342877,,,,False,False,,82.18711257544632,52.9699767433318,0.05,2.9975193140878416
TMTM,7,3,0.29016425979403254,0.055394071443403865,0.0,0.25288106675319066,True,True,0.9328214971209213,55.15026556804789,89.9699767433318,25.25,1513.74725361436
TMTM,8,14,0.16761679006056188,0.010599467281099232,0.0,0.06950040415967199,True,True,0.6471816283924844,62.933991550599224,42.8199767433318,22.25,1333.8960947690896
TMTM,8,17,0.31724925846464813,,,,False,False,,92.68988775908957,54.6199767433318,1.3,77.93550216628388
TMTM,8,18,0.13899159660878765,,,,False,False,,79.74896833638631,63.06997674333179,2.1,125.89581119168935
TMTM,8,3,0.2402091845075829,0.04995507528644965,1.1102230246251565e-16,0.3028361420396403,True,True,0.9343629343629344,54.594874602421854,83.4199767433318,24.85,1489.7670991016573
TMTM,9,19,0.13933309838045968,,,,False,True,,57.43994854898696,40.7199767433318,0.2,11.990077256351366
TMTM,9,14,0.16978152152914128,0.002164731468579421,3.3306690738754696e-16,0.0716651356282514,True,False,0.36444444444444446,65.49375932682875,45.1199767433318,8.450000000000001,506.5807640808452
TMTM,9,17,0.6660384120480815,0.3487891535834333,2.220446049250313e-16,0.3487891535834333,True,True,0.14285714285714285,98.64458618910157,18.7199767433318,0.7000000000000001,41.96527039722978
TMTM,9,18,0.3460215766301473,0.20702998002135964,0.0,0.20702998002135964,True,False,0.19607843137254902,74.19256593894947,32.669976743331794,0.9500000000000001,56.95286696766899
TMTM,9,3,0.15825346830490516,0.08195571620267775,0.0,0.38479185824231804,True,True,0.8843283582089553,53.329560546743174,72.3199767433318,25.650000000000002,1537.7274081270627
TMTM,10,14,0.21813699681446058,0.04835547528531929,1.6653345369377348e-16,0.12002061091357069,True,False,0.5795454545454546,68.94641636106707,42.769976743331796,12.4,743.3847898937847
TMTM,10,20,0.16600190883933627,,,,False,False,,70.24020580405215,50.3199767433318,0.05,2.9975193140878416
TMTM,10,21,0.27992161796240206,,,,False,False,,29.279382587843553,62.869976743331804,0.55,32.972712454966256
TMTM,10,3,0.1852492276633716,0.026995759358466445,0.0,0.3577960988838516,True,True,0.029239766081871343,41.3400694237272,63.56997674333179,0.75,44.962789711317626
TMTM,11,22,0.11104917506501359,,,,False,True,,20.745877751133428,7.419976743331796,0.15000000000000002,8.992557942263524
TMTM,11,23,0.27777597071061694,,,,False,True,,48.053093228605825,14.719976743331795,0.15000000000000002,8.992557942263524
TMTM,11,14,0.26980814184487323,0.05167114503041267,1.1449174941446927e-16,0.17169175594398337,True,False,0.5673076923076923,73.59695376471659,41.2199767433318,12.05,722.4021546951698
TMTM,11,21,0.33141710571905525,0.05149548775665321,1.1102230246251565e-16,0.05149548775665321,True,True,0.10714285714285714,23.049924057045157,62.81997674333179,1.0,59.950386281756835
TMTM,11,24,0.21097563713354048,,,,False,False,,38.45290028730694,63.769976743331796,0.8,47.960309025405465
TMTM,12,22,0.6674137402581226,0.778462915323136,0.0,0.7784629153231362,True,True,0.5,21.030327912357098,101.1199767433318,0.30000000000000004,17.985115884527048
TMTM,12,23,0.5247006297074742,0.8024766004180911,0.0,0.8024766004180911,True,True,0.041666666666666664,39.555901178434894,102.5199767433318,2.35,140.88340776212854
TMTM,12,14,0.369411126560165,0.09960298471529173,1.6653345369377348e-16,0.2712947406592751,True,True,0.42720763723150357,81.0493119305516,36.7199767433318,17.85,1070.1143951293595
TMTM,12,21,0.32639498354046964,0.005022122178585716,0.0,0.046473365578067555,True,True,0.3181818181818182,22.452578718475454,61.619976743331804,0.45,26.977673826790575
TMTM,12,24,0.18549722288594797,0.025478414247592517,2.220446049250313e-16,0.025478414247592517,True,False,0.37209302325581395,40.710309997018044,62.9699767433318,2.15,128.8933305057772
TMTM,13,22,0.668166395037062,0.0007526547789394063,2.220446049250313e-16,0.7792155701020756,True,True,0.46153846153846156,22.19000933888437,102.3699767433318,0.65,38.96775108314194
TMTM,13,23,0.5454325503265501,0.02073192061907593,1.1102230246251565e-16,0.823208521037167,True,True,0.3829787234042553,37.71807070414579,103.1699767433318,0.9,53.95534765358115
TMTM,13,14,0.4299384223142852,0.06052729575412024,1.1102230246251565e-16,0.33182203641339536,True,True,0.5837479270315091,85.01258742104602,33.419976743331794,29.900000000000002,1792.5165498245292
TMTM,13,24,0.1428090650974663,0.04268815778848166,0.0,0.06816657203607418,True,True,0.058186738836265225,49.782888931635846,66.9199767433318,36.95,2215.166773110915
TMTM,14,23,0.5500013089242763,0.0045687585977262305,0.0,0.8277772796348933,True,True,0.08866995073891626,33.86981967241864,99.8699767433318,10.15,608.4964207598318
TMTM,14,25,0.534756196423756,,,,False,False,,95.84072031418253,31.669976743331794,0.05,2.9975193140878416
TMTM,14,14,0.5197003550292394,0.08976193271495413,0.0,0.42158396912834945,True,False,0.0016722408026755853,94.13401934684052,31.769976743331796,0.05,2.9975193140878416
TMTM,14,24,0.23000323626196753,0.08719417116450122,0.0,0.019027599128427043,True,False,0.035182679296346414,39.5195883918957,67.1199767433318,1.3,77.93550216628388
TMTM,14,26,0.1196595980407323,,,,False,True,,53.66082497844392,68.0199767433318,0.35000000000000003,20.98263519861489
TMTM,15,23,0.5348062571885286,0.015195051735747771,2.220446049250313e-16,0.8125822278991456,True,True,0.6157635467980296,29.443225880708376,93.6199767433318,6.25,374.6899142609802
TMTM,15,25,0.4448689069605784,0.08988728946317774,0.0,0.08988728946317769,True,True,0.0016778523489932886,85.35424557860121,31.9699767433318,29.8,1786.5215111963535
TMTM,15,24,0.17119545264267297,0.058807783619294555,0.0,0.039780184490867516,True,True,0.03002309468822171,48.22652242621104,68.7699767433318,43.300000000000004,2595.851726000071
TMTM,16,23,0.5826069038373693,0.04780064664884073,0.0,0.8603828745479862,True,True,0.296,21.207148282847488,91.1199767433318,1.85,110.90821462125014
TMTM,16,27,0.6207110669098613,,,,False,True,,99.55530477251516,25.069976743331797,0.8500000000000001,50.957828339493304
TMTM,16,25,0.5950954354653727,0.15022652850479426,0.0,0.06033923904161658,True,True,0.06711409395973154,97.93142899917652,26.519976743331796,2.0,119.90077256351367
TMTM,16,28,0.36670855660472285,,,,False,True,,19.81494995076505,63.81997674333179,0.55,32.972712454966256
TMTM,16,24,0.2015584022925817,0.03036294964990874,0.0,0.009417234840958777,True,True,0.32909930715935337,47.08296846822199,71.2699767433318,14.25,854.2930045150348
TMTM,17,23,0.2326686941812318,0.34993820965613753,0.0,0.5104446648918487,True,True,0.6756756756756757,20.199733441583984,48.1199767433318,1.25,74.93798285219604
TMTM,17,29,0.4062740448378417,,,,False,True,,65.8228621238728,17.069976743331797,0.8500000000000001,50.957828339493304
TMTM,17,27,0.610342535738777,0.010368531171084399,0.0,0.010368531171084428,True,True,0.38636363636363635,98.71108103198503,25.4699767433318,2.2,131.89084981986502
TMTM,17,25,0.6126828845869122,0.01758744912153952,0.0,0.07792668816315616,True,True,0.225,100.39192289376126,26.869976743331797,0.45,26.977673826790575
TMTM,17,28,0.30091035326165555,0.0657982033430673,0.0,0.06579820334306727,True,True,0.08148148148148149,26.510734351933138,62.619976743331804,6.75,404.6651074018586
TMTM,17,24,0.11307772946938867,0.08848067282319304,0.0,0.09789790766415181,True,True,0.58,57.200649207005156,70.7699767433318,9.450000000000001,566.531150362602
TMTM,18,29,0.2794576672857209,0.12681637755212075,0.0,0.12681637755212077,True,True,0.56,62.40489681761831,28.869976743331797,1.1,65.94542490993251
TMTM,18,23,0.14507840286455412,0.08759029131667766,0.0,0.422854373575171,True,True,0.29069767441860467,22.710568399585302,40.1199767433318,4.3,257.7866610115544
TMTM,18,27,0.6101531543629461,0.0001893813758307772,0.0,0.010557912546915205,True,True,0.4174757281553398,95.23835526688534,22.019976743331796,5.1000000000000005,305.74697003695985
TMTM,18,25,0.6803403872739735,0.06765750268706124,0.0,0.14558419085021737,True,True,0.5555555555555556,100.96082321620861,19.319976743331797,0.25,14.987596570439209
TMTM,18,28,0.23257964512972407,0.0683307081319315,0.0,0.13412891147499875,True,True,0.35323383084577115,34.86041932776491,62.769976743331796,6.8500000000000005,410.6601460300343
TMTM,18,24,0.046810481401126994,0.06626724806826166,1.1102230246251565e-16,0.16416515573241347,True,True,0.42328042328042326,62.60271897519656,68.2199767433318,4.0,239.80154512702734
TMTM,19,23,0.0728415049899772,0.07223689787457692,1.1102230246251565e-16,0.35061747570059415,True,True,0.6515151515151515,25.128996144534533,33.8699767433318,6.6000000000000005,395.6725494595951
TMTM,19,30,0.04008052582980781,,,,False,True,,42.07963984290873,37.269976743331796,0.1,5.995038628175683
TMTM,19,29,0.2694845147518477,0.009973152533873245,0.0,0.13678953008599398,True,True,0.7241379310344828,61.15811851355352,28.819976743331797,1.4000000000000001,83.93054079445956
TMTM,19,27,0.5950656003575864,0.015087554005359749,0.0,0.025645466552274954,True,True,0.7021276595744681,92.37784878624217,20.9699767433318,6.9,413.6576653441221
TMTM,19,28,0.15699607079494876,0.0755835743347753,0.0,0.20971248580977406,True,False,0.26455026455026454,46.530448247937954,65.3699767433318,5.1000000000000005,305.74697003695985
TMTM,19,24,0.06401956579599831,0.017209084394871312,0.0,0.14695607133754215,True,True,0.0875,60.487628847812005,68.1699767433318,0.35000000000000003,20.98263519861489
TMTM,20,23,0.1297245578947884,0.05688305290481119,0.0,0.4075005286054053,True,True,0.42424242424242425,21.20302979595719,36.769976743331796,2.8000000000000003,167.86108158891912
TMTM,20,29,0.2782957263071034,0.00881121155525572,0.0,0.12797831853073827,True,True,0.6363636363636364,60.465463900184204,27.069976743331797,2.2,131.89084981986502
TMTM,20,27,0.626339100998648,0.03127350064106154,1.6653345369377348e-16,0.005628034088786649,True,True,0.7246376811594203,93.28066886316955,18.119976743331797,5.0,299.7519314087842
TMTM,20,31,0.25072557337809,,,,False,True,,22.782907937961,52.8699767433318,1.55,92.92309873672309
TMTM,20,28,0.02507591645304282,0.13192015434190593,2.220446049250313e-16,0.34163264015168,True,True,0.27371273712737126,59.860866768966666,62.869976743331804,18.400000000000002,1103.0871075843256
TMTM,21,29,0.2838785857220535,0.005582859414950114,1.6653345369377348e-16,0.12239545911578821,True,True,0.7586206896551724,60.23540702997822,26.169976743331798,2.9000000000000004,173.8561202170948
TMTM,21,27,0.6547725200836694,0.028433419085021415,0.0,0.03406145317380797,True,True,0.9230769230769231,93.79267915337212,15.219976743331795,5.0,299.7519314087842
TMTM,21,32,0.5878892907093823,,,,False,True,,99.51669162845768,28.9699767433318,1.3,77.93550216628388
TMTM,21,31,0.1929058391876535,0.0578197341904365,0.0,0.0578197341904365,True,True,0.20567375886524822,30.42127604081338,53.5699767433318,6.95,416.65518465821
TMTM,21,28,0.0252553512182318,0.05033126767127462,0.0,0.3919639078229546,True,True,0.6731234866828087,68.20061888951962,65.1699767433318,16.150000000000002,968.1987384503728
TMTM,22,33,0.12603415826831968,,,,False,True,,20.745877751133435,35.8699767433318,1.2000000000000002,71.94046353810819
TMTM,22,29,0.30157727761506076,0.01769869189300725,1.6653345369377348e-16,0.10469676722278093,True,True,0.7466666666666667,61.30925005713909,25.119976743331797,3.6500000000000004,218.81890992841244
TMTM,22,27,0.6756904201652886,0.020917900081619194,1.3877787807814457e-16,0.0549793532554272,True,True,0.78,94.35282716316642,13.269976743331796,3.9000000000000004,233.80650649885163
TMTM,22,32,0.009090387273973377,0.578798903435409,0.0,0.578798903435409,True,True,0.1111111111111111,100.96082321620861,99.8699767433318,0.2,11.990077256351366
TMTM,22,31,0.10413618833946411,0.08876965084818937,0.0,0.14658938503862587,True,False,0.1497005988023952,43.67363414259611,56.1699767433318,2.6500000000000004,158.8685236466556
TMTM,22,28,0.09292778758661248,0.06767243636838068,1.6653345369377348e-16,0.4596363441913353,True,True,0.6184615384615385,73.7713112537253,62.619976743331804,10.15,608.4964207598318
TMTM,23,33,0.08733074905069253,0.038703409217627154,1.1102230246251565e-16,0.038703409217627154,True,True,0.1935483870967742,23.240286857248694,33.7199767433318,0.65,38.96775108314194
TMTM,23,29,0.30384877609915345,0.0022714984840927007,0.0,0.10242526873868822,True,True,0.8295454545454546,60.58182987523021,24.119976743331797,4.4,263.78169963973005
TMTM,23,27,0.6841256270798375,0.008435206914548932,1.6653345369377348e-16,0.06341456016997617,True,True,0.7564102564102564,94.9150519929123,12.819976743331797,2.95,176.85363953118267
TMTM,23,31,0.0919669832593464,0.012169205080117726,1.1102230246251565e-16,0.15875859011874358,True,False,0.2,43.68393875221023,54.7199767433318,1.25,74.93798285219604
TMTM,23,34,0.43872220755406593,,,,False,True,,22.07331183684389,74.7199767433318,0.45,26.977673826790575
TMTM,23,28,0.07190851582003362,0.02101927176657886,0.0,0.43861707242475645,True,True,0.7142857142857143,70.04899864173584,61.4199767433318,12.05,722.4021546951698
TMTM,24,29,0.2920306917260725,0.011818084373080968,0.0,0.1142433531117692,True,True,0.8,61.163659750460496,26.119976743331797,5.5,329.72712454966256
TMTM,24,27,0.08043924845705301,0.7645648755368906,0.0,0.7011503153669144,True,True,0.06779661016949153,89.86726692848544,99.5199767433318,0.2,11.990077256351366
TMTM,24,35,0.06976700058799364,,,,False,True,,99.49793667277257,107.8699767433318,1.05,62.947905595844674
TMTM,24,34,0.16264391164436456,0.27607829590970134,1.6653345369377348e-16,0.2760782959097014,True,False,0.05,28.85270734600805,48.3699767433318,0.6000000000000001,35.970231769054095
TMTM,24,28,0.06928447116323469,0.0026240446567989293,2.220446049250313e-16,0.4359930277679575,True,True,0.5644028103044496,67.73411328291996,59.4199767433318,21.35,1279.9407471155084
TMTM,25,27,0.6257408653693882,0.7061801138264412,0.0,0.005029798459526802,True,True,0.15384615384615385,93.60888058765838,18.519976743331796,1.3,77.93550216628388
TMTM,25,29,0.22301961421795688,0.06901107750811561,1.1796119636642288e-16,0.1832544306198848,True,True,0.8608695652173913,61.13233044948662,34.3699767433318,5.2,311.74200866513553
TMTM,25,36,0.050168949155490535,,,,False,False,,44.24025064199066,38.2199767433318,2.35,140.88340776212854
TMTM,25,34,0.41523389612557654,0.252589984481212,0.0,0.02348831142848938,True,True,0.14864864864864866,25.49190920826262,75.31997674333181,3.6500000000000004,218.81890992841244
TMTM,25,28,0.06456373604268144,0.004720735120553243,0.0,0.43127229264740424,True,True,0.7142857142857143,72.66762506845357,64.9199767433318,17.05,1022.154086103954
TMTM,26,27,0.6067557676653141,0.01898509770407403,1.942890293094024e-16,0.013955299244547229,True,True,0.75,93.2806688631695,20.4699767433318,1.5,89.92557942263525
TMTM,26,29,0.24095927624990138,0.017939662031944494,1.6653345369377348e-16,0.1653147685879403,True,True,0.6442307692307693,63.235089893319966,34.3199767433318,3.35,200.83379404388538
TMTM,26,36,0.11296527323177118,0.06279632407628064,0.0,0.06279632407628064,True,True,0.37037037037037035,43.62580953114434,30.0699767433318,5.050000000000001,302.749450722872
TMTM,26,34,0.4207640402349073,0.0055301441093307995,1.6653345369377348e-16,0.01795816731915861,True,True,0.5555555555555556,30.87829191514292,81.3699767433318,4.75,284.76433483834495
TMTM,26,28,0.038941625682193386,0.025622110360488056,2.220446049250313e-16,0.4056501822869162,True,True,0.5971014492753624,78.34297182519501,73.6699767433318,10.5,629.4790559584467
TMTM,27,36,0.11141928251817688,0.0015459907135942845,1.6653345369377348e-16,0.06125033336268636,True,True,0.562874251497006,41.290290645513025,27.919976743331798,8.0,479.6030902540547
TMTM,27,29,0.2610756154119604,0.02011633916205901,0.0,0.1451984294258813,True,True,0.6931818181818182,65.34905059276704,34.019976743331796,4.1000000000000005,245.79658375520302
TMTM,27,27,0.6321329033423316,0.02537713567701753,1.1102230246251565e-16,0.0114218364324703,True,True,0.40540540540540543,94.8259251444116,18.9699767433318,3.7,221.81642924250028
TMTM,27,37,0.20175144907669348,,,,False,False,,55.909802854128586,80.1199767433318,2.9000000000000004,173.8561202170948
TMTM,27,28,0.06963019721116599,0.03068857152897261,0.0,0.4363387538158888,True,True,0.2,85.92560040867173,77.56997674333181,2.1,125.89581119168935
TMTM,28,36,0.08549552347083396,0.02592375904734293,1.6653345369377348e-16,0.03532657431534343,True,True,0.7192118226600985,37.37943955983187,27.119976743331797,9.450000000000001,566.531150362602
TMTM,28,29,0.29987170671593427,0.038796091303973886,0.0,0.10640233812190741,True,True,0.5104166666666666,69.45458154924391,33.4699767433318,3.1500000000000004,188.84371678753402
TMTM,28,27,0.6284361518105457,0.003696751531785954,0.0,0.007725084900684346,True,True,0.8378378378378378,94.93231496059728,19.519976743331796,3.1,185.84619747344618
TMTM,28,28,0.010211471478436469,0.07984166868960246,0.0,0.35649708512628636,True,True,0.18518518518518517,75.24460016591942,76.4699767433318,5.9,353.70727906236533
TMTM,28,38,0.3359267704063529,,,,False,True,,22.20876429456945,62.519976743331796,0.7000000000000001,41.96527039722978
TMTM,28,39,0.17156246657671492,,,,False,True,,100.10747273253759,79.5199767433318,0.1,5.995038628175683
TMTM,29,36,0.03827025669845376,0.047225266772380196,0.0,0.01189869245703677,True,True,0.8068669527896996,36.81240754714625,32.2199767433318,11.600000000000001,695.4244808683792
TMTM,29,29,0.4029585703910018,0.10308686367506752,0.0,0.0033154744468398907,True,True,0.631578947368421,71.07500519025201,22.7199767433318,4.6000000000000005,275.7717768960814
TMTM,29,27,0.6404783829161083,0.012042231105562589,0.0,0.019767316006246934,True,True,0.8529411764705882,95.62738269326479,18.769976743331796,3.2,191.84123610162186
TMTM,29,28,0.05240340381283737,0.0421919323344009,4.440892098500626e-16,0.3143051527918855,True,True,0.09816971713810316,66.28156828579131,72.5699767433318,60.1,3603.0182155335856
TMTM,30,36,0.12636181121790768,0.08809155451945391,2.1510571102112408e-16,0.07619286206241714,True,True,0.9193548387096774,35.83339408948072,20.669976743331798,12.200000000000001,731.3947126374334
TMTM,30,27,0.515866592937464,0.12461178997864437,0.0,0.10484447397239745,True,True,0.03125,91.57396789582747,29.669976743331794,0.1,5.995038628175683
TMTM,30,29,0.34111359162837,0.0618449787626318,0.0,0.06516045320947168,True,False,0.010869565217391304,73.6536077387362,32.7199767433318,0.05,2.9975193140878416
TMTM,30,40,0.3260577502338531,,,,False,False,,71.94690677139417,32.8199767433318,0.05,2.9975193140878416
TMTM,30,28,0.01324828810087008,0.03915511571196729,0.0,0.35346026850385276,True,True,0.9602595296025953,66.88018217122739,68.4699767433318,60.75,3641.9859666167276
TMTM,31,36,0.17713197269432485,0.05077016147641717,0.0,0.12696302353883432,True,True,0.8344827586206897,35.97581346665078,14.719976743331795,14.4,863.2855624572984
TMTM,31,27,0.5144322414492492,0.001434351488214721,0.0,0.10627882546061217,True,True,0.08333333333333333,96.5518457172417,34.8199767433318,1.2000000000000002,71.94046353810819
TMTM,31,29,0.3569974973249394,0.01588390569656942,0.0,0.049276547512902266,True,True,0.013333333333333334,74.85967642232453,32.019976743331796,3.75,224.81394855658812
TMTM,31,41,0.5449237206073066,,,,False,True,,100.96082321620861,35.5699767433318,0.2,11.990077256351366
TMTM,31,28,0.01995968587499668,0.0067113977741266005,2.1510571102112408e-16,0.34674887072972616,True,True,0.9454545454545454,66.0748144383322,68.4699767433318,62.300000000000004,3734.9090653534504
TMTM,32,36,0.18979251949372192,0.012660546799397076,1.942890293094024e-16,0.1396235703382314,True,True,0.7569832402234636,34.99507908257843,12.219976743331797,17.05,1022.154086103954
TMTM,32,29,0.37246095599130713,0.015463458666367735,1.1102230246251565e-16,0.033813088846534535,True,True,0.44,77.01529146228866,32.3199767433318,1.6500000000000001,98.91813736489877
TMTM,32,27,0.473858431841772,0.04057380960747719,2.220446049250313e-16,0.14685263506808935,True,True,0.19230769230769232,90.23298856434444,33.3699767433318,0.35000000000000003,20.98263519861489
TMTM,32,42,0.5838180507161665,,,,False,True,,100.27814282927179,30.2199767433318,0.25,14.987596570439209
TMTM,32,43,0.13483571207841685,,,,False,False,,44.63969129392178,60.8199767433318,0.75,44.962789711317626
TMTM,32,28,0.11872596005710369,0.13868564593210037,2.220446049250313e-16,0.4854345166618265,True,True,0.22070626003210272,82.36709195018425,68.1199767433318,13.75,824.3178113741565
TMTM,33,36,0.17629893390048784,0.013493585593234074,0.0,0.12612998474499731,True,True,0.8504398826979472,34.17584881139034,13.019976743331796,14.5,869.280601085474
TMTM,33,27,0.5306550369069255,0.05679660506515353,0.0,0.09005603000293583,True,True,0.1590909090909091,94.94858117216286,31.269976743331796,2.2,131.89084981986502
TMTM,33,44,0.024010853876399865,,,,False,False,,59.13867427816381,62.019976743331796,5.3500000000000005,320.7345666073991
TMTM,33,28,0.1395647095223276,0.020838749465223926,0.0,0.5062732661270505,True,True,0.48363636363636364,84.8177418860111,68.0699767433318,6.65,398.67006877368294
TMTM,34,36,0.1375213114231628,0.038777622477325066,0.0,0.08735236226767225,True,True,0.8135593220338984,33.77253411411133,17.269976743331796,12.25,734.3922319515211
TMTM,34,27,0.12637560533383915,0.6570306422407647,0.0,0.7470866722437005,True,True,0.23655913978494625,90.0049041032711,105.1699767433318,9.3,557.5385924203385
TMTM,34,44,0.11204078399110617,0.13605163786750604,1.942890293094024e-16,0.13605163786750604,True,False,0.14146341463414633,73.81487082226454,60.3699767433318,6.3500000000000005,380.68495288915585
TMTM,34,28,0.2493410794553043,0.10977636993297667,0.0,0.616049636060027,True,True,0.5639097744360902,85.19090627796831,55.269976743331796,3.75,224.81394855658812
TMTM,35,36,0.12226190140227043,0.01525941002089235,1.6653345369377348e-16,0.0720929522467799,True,True,0.6938775510204082,32.34140491160425,17.669976743331798,8.5,509.57828339493307
TMTM,35,45,0.5258064639585271,,,,False,True,,64.26675241835505,1.1699767433317962,0.5,29.975193140878417
TMTM,35,27,0.07801781219949953,0.048357793134339626,1.6653345369377348e-16,0.6987288791093609,True,True,0.6129032258064516,92.15783927939185,101.5199767433318,5.7,341.7172018060139
TMTM,35,46,0.0985899996628366,,,,False,True,,19.039176783791405,30.869976743331797,0.1,5.995038628175683
TMTM,35,44,0.21940051319427945,0.10735972920317328,1.3877787807814457e-16,0.2434113670706793,True,False,0.20618556701030927,86.39803832664533,60.0699767433318,5.3500000000000005,320.7345666073991
TMTM,35,28,0.26878166970625184,0.019440590250947545,1.6653345369377348e-16,0.6354902263109746,True,True,0.72,88.22377710808202,55.9699767433318,2.7,161.86604296074344
TMTM,36,36,0.14320572816606938,0.020943826763798957,0.0,0.09303677901057886,True,True,0.8135593220338984,31.754664123260124,14.569976743331797,7.550000000000001,452.6254164272641
TMTM,36,45,0.4223614478361602,0.10344501612236699,1.1102230246251565e-16,0.10344501612236699,True,True,0.2727272727272727,60.853350483671015,10.169976743331796,0.2,11.990077256351366
TMTM,36,27,0.55333938839514,0.6313572005946395,0.0,0.06737167851472137,True,True,0.5789473684210527,89.9707033507486,23.569976743331797,3.3000000000000003,197.83627472979754
TMTM,36,46,0.15954319741804748,0.06095319775521088,0.0,0.06095319775521088,True,True,0.0273972602739726,23.5747930531661,42.7199767433318,3.6500000000000004,218.81890992841244
TMTM,36,44,0.26518813638976535,0.04578762319548589,0.0,0.2891989902661652,True,True,0.2785714285714286,94.89255311010363,63.06997674333179,3.6,215.8213906143246
TMTM,36,28,0.19374690730826138,0.07503476239799044,0.0,0.5604554639129842,True,True,0.8305084745762712,89.51960562032316,66.2699767433318,2.7,161.86604296074344
TMTM,37,36,0.135985670999979,0.007220057166090413,0.0,0.08581672184448846,True,True,0.5496688741721855,29.238257263329274,12.919976743331796,4.15,248.79410306929086
TMTM,37,27,0.5619726925215649,0.008633304126425016,0.0,0.05873837438829644,True,True,0.7837837837837838,91.8066998459196,24.369976743331797,3.3000000000000003,197.83627472979754
TMTM,37,47,0.07175883068112524,,,,False,False,,72.45891706159678,81.06997674333181,0.5,29.975193140878417
TMTM,37,48,0.04147656069272957,,,,False,False,,84.74716402645934,79.7699767433318,0.5,29.975193140878417
TMTM,37,46,0.1941659688987537,0.03462277148070623,0.0,0.0955759692359171,True,True,0.477124183006536,28.320060475481352,51.6199767433318,7.65,458.6204550554398
TMTM,37,44,0.30997262404271536,0.04478448765295002,0.0,0.3339834779191152,True,True,0.18055555555555555,99.51669162845764,62.31997674333179,0.65,38.96775108314194
TMTM,37,49,0.16436530666213792,,,,False,True,,83.89381354278835,64.1699767433318,0.25,14.987596570439209
TMTM,37,28,0.26100619642375605,0.06725928911549464,0.0,0.6277147530284789,True,True,0.12962962962962962,95.84072031418252,64.5199767433318,0.35000000000000003,20.98263519861489
TMTM,38,36,0.13324389540494658,0.002741775595032392,1.3877787807814457e-16,0.08307494624945605,True,True,0.8795180722891566,29.209244191925386,13.219976743331795,3.6500000000000004,218.81890992841244
TMTM,38,27,0.5295474350662451,0.0324252574553198,2.220446049250313e-16,0.09116363184361619,True,True,0.5303030303030303,90.91566895128122,27.369976743331797,1.75,104.91317599307446
TMTM,38,50,0.04890432458372977,,,,False,False,,75.90145779328422,81.7699767433318,2.0500000000000003,122.89829187760151
TMTM,38,51,0.06868307357279152,,,,False,False,,88.51194557206678,80.2699767433318,0.8500000000000001,50.957828339493304
TMTM,38,46,0.14360804600653132,0.0505579228922224,0.0,0.045018046343694704,True,True,0.6,35.48701122254804,52.7199767433318,10.75,644.4666525288859
TMTM,38,28,0.1524610288198492,0.10854516760390685,0.0,0.519169585424572,True,True,0.051470588235294115,79.8153002017137,61.519976743331796,6.800000000000001,407.66262671594643
TMTM,39,36,0.16779369437709743,0.03454979897215085,0.0,0.1176247452216069,True,True,0.6947368421052632,33.25522006858349,13.119976743331797,4.4,263.78169963973005
TMTM,39,27,0.1409589448833729,0.3885884901828723,2.220446049250313e-16,0.4797521220264885,True,True,0.05,98.03505012933655,81.1199767433318,0.35000000000000003,20.98263519861489
TMTM,39,52,0.10636702169590594,,,,False,False,,94.13401934684052,81.3699767433318,0.1,5.995038628175683
TMTM,39,53,0.09047784696805555,,,,False,False,,92.42731837949847,81.56997674333181,0.05,2.9975193140878416
TMTM,39,54,0.07500533890687215,,,,False,False,,90.72061741215646,81.7199767433318,0.05,2.9975193140878416
TMTM,39,50,0.06430901308633506,0.015404688502605287,2.220446049250313e-16,0.015404688502605287,True,True,0.10810810810810811,77.30289517297159,85.0199767433318,6.15,368.6948756328045
TMTM,39,51,0.17361358428572243,0.1049305107129309,0.0,0.1049305107129309,True,True,0.012658227848101266,97.30360685761849,76.4699767433318,3.1500000000000004,188.84371678753402
TMTM,39,46,0.19642109471102043,0.05281304870448912,0.0,0.09783109504818382,True,True,0.2372093023255814,25.899445378009347,49.4699767433318,2.5500000000000003,152.87348501847993
TMTM,39,55,0.05903029944234195,,,,False,False,,43.78634081025076,50.8699767433318,0.2,11.990077256351366
TMTM,39,56,0.28036402038681196,,,,False,True,,76.21365918974924,42.5699767433318,0.2,11.990077256351366
TMTM,39,28,0.3631990687539133,0.2107380399340641,0.0,0.7299076253586362,True,True,0.04411764705882353,86.45386499380139,42.8699767433318,0.30000000000000004,17.985115884527048
TMTM,40,36,0.188169188757033,0.02037549437993557,1.1102230246251565e-16,0.13800023960154248,True,True,0.6692913385826772,36.45027939417576,13.869976743331797,6.2,371.69239494689236
TMTM,40,50,0.04899125413252546,0.015317758953809602,2.220446049250313e-16,8.692954879568523e-05,True,True,0.41414141414141414,83.14102624742874,89.0199767433318,14.850000000000001,890.263236284089
TMTM,40,51,0.1672382972229876,0.006375287062734832,1.1102230246251565e-16,0.09855522365019607,True,True,0.47619047619047616,99.53857241009031,79.4699767433318,1.5,89.92557942263525
TMTM,40,46,0.13544835957394508,0.06097273513707536,1.1796119636642288e-16,0.03685835991110847,True,False,0.32,35.46617359445839,51.7199767433318,2.4000000000000004,143.88092707621638
TMTM,40,57,0.05720394514909888,,,,False,False,,60.28445016122367,53.4199767433318,0.9,53.95534765358115
TMTM,40,28,0.3993814952333901,0.036182426479476844,2.220446049250313e-16,0.7660900518381129,True,True,0.26666666666666666,91.24575617133861,43.3199767433318,0.65,38.96775108314194
TMTM,41,36,0.27190750295147065,0.08373831419443765,0.0,0.22173855379598012,True,True,0.5978835978835979,41.398877097508276,8.769976743331796,8.9,533.5584379076358
TMTM,41,50,0.09225168568477429,0.043260431552248825,0.0,0.043347361101044514,True,True,0.8461538461538461,82.79977446115889,93.8699767433318,17.55,1052.1292792448323
TMTM,41,46,0.06756009584219053,0.06788826373175455,1.3877787807814457e-16,0.031029903820646076,True,False,0.4098360655737705,40.46276524226894,48.5699767433318,1.9000000000000001,113.90573393533798
TMTM,41,57,0.1188068927169691,0.06160294756787022,0.0,0.06160294756787022,True,False,0.22580645161290322,66.82680386936809,52.5699767433318,1.0,59.950386281756835
TMTM,41,58,0.27753121787990515,,,,False,False,,87.47372288892042,54.1699767433318,2.0500000000000003,122.89829187760151
TMTM,42,50,0.10127212359526183,0.009020437910487544,0.0,0.05236779901153206,True,True,0.7236467236467237,84.76732191190038,96.9199767433318,12.700000000000001,761.3699057783117
TMTM,42,36,0.2717600786127017,0.00014742433876898295,1.6653345369377348e-16,0.22159112945721116,True,True,0.6230366492146597,43.631186176856,11.019976743331796,6.6000000000000005,395.6725494595951
TMTM,42,46,0.10968543790947508,0.04212534206728454,0.0,0.011095438246638464,True,True,0.2786885245901639,33.90772419419479,47.0699767433318,5.9,353.70727906236533
TMTM,42,58,0.20194290928894768,0.07558830859095747,0.0,0.07558830859095747,True,True,0.14963503649635038,81.15312585800552,56.9199767433318,13.700000000000001,821.3202920600686
TMTM,43,50,0.02262544290538031,0.07864668068988152,2.220446049250313e-16,0.026278881678349464,True,True,0.547244094488189,90.20492359468616,92.9199767433318,6.95,416.65518465821
TMTM,43,46,0.04522257403487551,0.06446286387459957,1.1102230246251565e-16,0.0533674256279611,True,False,0.405982905982906,42.593267859146735,48.019976743331796,10.55,632.4765752725345
TMTM,43,58,0.22570392346481133,0.023761014175863633,0.0,0.05182729441509384,True,True,0.6825938566552902,85.90444755910916,58.8199767433318,10.950000000000001,656.4567297852373
TMTM,44,50,0.06263659181495089,0.040011148909570575,0.0,0.013732267231221111,True,True,0.775,92.00358572553769,99.5199767433318,7.25,434.640300542737
TMTM,44,46,0.004103494438102473,0.04111907959677304,0.0,0.09448650522473413,True,False,0.5933333333333334,50.2775574107595,50.769976743331796,13.350000000000001,800.3376568614538
TMTM,44,58,0.2617127302929085,0.036008806828097185,1.1102230246251565e-16,0.015818487586996652,True,True,0.4748858447488584,91.47550437848082,60.0699767433318,5.2,311.74200866513553
TMTM,45,59,0.17708267990172374,,,,False,True,,21.769898331538645,0.5199767433317959,0.5,29.975193140878417
TMTM,45,60,0.42661187659460204,,,,False,True,,63.413401934684046,12.219976743331797,0.1,5.995038628175683
TMTM,45,50,0.08344480373590232,0.020808211920951437,0.0,0.034540479152172544,True,True,0.9078947368421053,92.15660029502352,102.1699767433318,7.25,434.640300542737
TMTM,45,46,0.043351585292819135,0.047455079730921605,0.0,0.14194158495565573,True,False,0.6048632218844985,58.522166978470096,53.3199767433318,13.05,782.3525409769267
TMTM,45,61,0.10022441690051972,,,,False,True,,71.94690677139417,59.9199767433318,0.05,2.9975193140878416
TMTM,45,58,0.28397407917886747,0.02226134888595895,0.0,0.006442861298962299,True,True,0.125,95.4468662447959,61.369976743331804,0.65,38.96775108314194
TMTM,46,59,0.180491868908507,0.0034091890067832714,1.1102230246251565e-16,0.0034091890067832567,True,True,0.37037037037037035,22.579001012352638,0.9199767433317962,1.35,80.93302148037172
TMTM,46,50,0.07349939792249399,0.009945405813408333,0.0,0.024595073338764213,True,True,0.5655172413793104,94.80004899263253,103.6199767433318,4.1000000000000005,245.79658375520302
TMTM,46,46,0.07472676936328752,0.03137518407046838,1.6653345369377348e-16,0.1733167690261241,True,False,0.5793103448275863,65.7871890669263,56.8199767433318,9.850000000000001,590.5113048753047
TMTM,46,62,0.16740398673565934,,,,False,True,,23.981498335052677,44.0699767433318,2.4000000000000004,143.88092707621638
TMTM,46,63,0.11283609968955363,,,,False,True,,75.36030870607823,61.81997674333179,0.05,2.9975193140878416
TMTM,47,59,0.1394856013332469,0.04100626757526012,0.0,0.03759707856847685,True,True,0.5,20.258248903321423,3.519976743331796,1.05,62.947905595844674
TMTM,47,50,0.051049216212319,0.022450181710174988,0.0,0.0021448916285892257,True,True,0.6585365853658537,96.69407079785353,102.81997674333181,2.7,161.86604296074344
TMTM,47,64,0.30402918639893173,,,,False,False,,67.2534791112036,30.769976743331796,0.2,11.990077256351366
TMTM,47,62,0.15076702124568162,0.01663696548997775,2.220446049250313e-16,0.01663696548997775,True,True,0.3380281690140845,29.627934193850006,47.7199767433318,7.1000000000000005,425.6477426004735
TMTM,47,46,0.11353283064018924,0.03880606127690171,1.1102230246251565e-16,0.21212283030302584,True,True,0.49722222222222223,73.4939164201545,59.8699767433318,17.1,1025.1516054180418
TMTM,48,50,0.7357841707158196,0.7868333869281386,0.0,0.7846884952995494,True,True,0.2962962962962963,97.01407722923015,8.719976743331797,0.8,47.960309025405465
TMTM,48,64,0.3358146374639793,0.03178545106504759,0.0,0.03178545106504759,True,False,0.06451612903225806,70.26773323900932,29.9699767433318,3.1,185.84619747344618
TMTM,48,62,0.14653674016415888,0.004230281081522739,0.0,0.02086724657150049,True,False,0.07746478873239436,35.485567923632736,53.0699767433318,0.55,32.972712454966256
TMTM,48,65,0.20911620532632716,,,,False,False,,28.42603210417254,53.519976743331796,0.30000000000000004,17.985115884527048
TMTM,48,46,0.1342246849901392,0.020691854349949957,0.0,0.2328146846529758,True,True,0.5702479338842975,82.2769389421485,66.1699767433318,11.4,683.4344036120278
TMTM,49,66,0.39412906364551686,,,,False,True,,47.56546438079382,0.2699767433317959,0.35000000000000003,20.98263519861489
TMTM,49,67,0.6746165929374638,,,,False,True,,91.57396789582747,10.619976743331797,0.1,5.995038628175683
TMTM,49,64,0.3659417705152123,0.030127133051233025,2.220446049250313e-16,0.06191258411628062,True,False,0.1774193548387097,73.03298920515728,29.119976743331797,0.55,32.972712454966256
TMTM,49,62,0.05219664454017714,0.09434009562398173,2.220446049250313e-16,0.11520734219548222,True,False,0.05813953488372093,45.70637939851054,51.9699767433318,4.0,239.80154512702734
TMTM,49,65,0.24298970100045666,0.03387349567412953,2.220446049250313e-16,0.03387349567412953,True,True,0.13333333333333333,25.561212623276997,54.7199767433318,1.4000000000000001,83.93054079445956
TMTM,49,46,0.13496587978467645,0.000741194794537255,0.0,0.23355587944751305,True,True,0.7763713080168776,84.56588231749298,68.3699767433318,9.65,578.5212276189534
TMTM,50,66,0.35927511319373295,0.03485395045178394,3.3306690738754696e-16,0.034853950451783904,True,True,0.2,42.93299032657975,-0.18002325666820385,0.25,14.987596570439209
TMTM,50,68,0.08675149476618856,,,,False,True,,20.380156115274424,9.969976743331797,0.7000000000000001,41.96527039722978
TMTM,50,69,0.4078919410840704,,,,False,False,,77.06700967342024,28.119976743331797,0.05,2.9975193140878416
TMTM,50,62,0.01712055890466099,0.06931720344483813,1.1102230246251565e-16,0.18452454564032034,True,False,0.36363636363636365,55.77444381189112,53.7199767433318,7.25,434.640300542737
TMTM,50,65,0.23607153221071364,0.006918168789743036,2.0816681711721685e-16,0.026955326884386496,True,False,0.48717948717948717,29.79139287804616,58.1199767433318,1.5,89.92557942263525
TMTM,50,46,0.12274782650956789,0.01221805327510855,0.0,0.2213378261724045,True,True,0.6321243523316062,86.64971592447995,71.9199767433318,6.1000000000000005,365.6973563187167
TMTM,51,68,0.7046340296407873,0.7913855244069758,2.220446049250313e-16,0.7913855244069758,True,True,0.23333333333333334,21.51389318643734,106.06997674333181,3.0,179.8511588452705
TMTM,51,62,0.10252804514340745,0.08540748623874646,0.0,0.26993203187906684,True,False,0.4101694915254237,64.7233421605407,52.4199767433318,13.55,812.3277341178051
TMTM,51,65,0.24872692340886646,0.012655391198152828,2.220446049250313e-16,0.039610718082539326,True,True,0.5357142857142857,30.77274593426782,60.6199767433318,2.8000000000000003,167.86108158891912
TMTM,51,46,0.14914395088926705,0.02639612437969916,0.0,0.24773395055210365,True,True,0.5245901639344263,89.06725085004385,71.1699767433318,3.2,191.84123610162186
TMTM,52,68,0.05866911076049487,0.7633031404012821,1.6653345369377348e-16,0.028082384005693687,True,True,0.32432432432432434,21.06027003459118,14.019976743331796,1.9000000000000001,113.90573393533798
TMTM,52,62,0.12823073098873158,0.02570268584532413,0.0,0.2956347177243909,True,False,0.5620253164556962,72.25766446197959,56.8699767433318,17.3,1037.1416826743932
TMTM,52,65,0.3116037605474541,0.06287683713858758,0.0,0.10248755522112693,True,True,0.7432432432432432,30.027525477637315,67.4199767433318,3.6500000000000004,218.81890992841244
TMTM,52,46,0.4116660792574526,0.2625221283681855,2.220446049250313e-16,0.5102560789202892,True,True,0.453125,95.36990625422611,45.9699767433318,1.4500000000000002,86.9280601085474
TMTM,53,68,0.030314638404486515,0.028354472356008357,0.0,0.056436856361702044,True,True,0.64,22.60773335187018,18.9699767433318,2.2,131.89084981986502
TMTM,53,70,0.033371724826014255,,,,False,False,,58.42458372245351,54.4199767433318,0.65,38.96775108314194
TMTM,53,65,0.3319619960174459,0.020358235469991885,0.0,0.12284579069111876,True,False,0.1506849315068493,29.434537221238283,69.2699767433318,0.55,32.972712454966256
TMTM,53,62,0.19433667057060036,0.06610593958186879,0.0,0.3617406573062597,True,False,0.37283236994219654,81.34037721180384,58.019976743331796,6.45,386.6799915173316
TMTM,53,46,0.29781246657671484,0.11385361268073772,0.0,0.39640246623955144,True,True,0.13793103448275862,100.10747273253759,64.3699767433318,0.2,11.990077256351366
TMTM,54,68,0.005105566085516481,0.035420204490003,0.0,0.09185706085170504,True,True,0.5294117647058824,23.657308813069818,24.269976743331796,1.7000000000000002,101.91565667898661
TMTM,54,70,0.03810027979631965,0.004728554970305391,0.0,0.004728554970305391,True,False,0.13793103448275862,59.74201031889016,55.1699767433318,4.3,257.7866610115544
TMTM,54,62,0.22105094442567796,0.026714273855077585,1.3877787807814457e-16,0.38845493116133734,True,True,0.5695364238410596,86.59609007441315,60.0699767433318,5.4,323.7320859214869
TMTM,55,70,0.10684419177305404,0.06874391197673439,1.1102230246251565e-16,0.07347246694703978,True,False,0.32926829268292684,68.39127975609829,55.5699767433318,6.6000000000000005,395.6725494595951
TMTM,55,62,0.2334192574076279,0.012368312981949951,2.220446049250313e-16,0.40082324414328724,True,False,0.23148148148148148,87.58028763224715,59.5699767433318,1.25,74.93798285219604
TMTM,55,71,0.2024320784970395,,,,False,True,,55.278127323687066,79.56997674333181,1.5,89.92557942263525
TMTM,56,72,0.11932666700383007,,,,False,True,,19.039176783791405,4.719976743331796,0.1,5.995038628175683
TMTM,56,73,0.12050149476618857,,,,False,True,,20.380156115274424,5.919976743331796,0.7000000000000001,41.96527039722978
TMTM,56,70,0.20252947341796515,0.09568528164491112,2.220446049250313e-16,0.1691577485919509,True,True,0.20583468395461912,78.72351355348762,54.4199767433318,30.6,1834.481820221759
TMTM,56,74,0.5958503104248561,,,,False,True,,23.81793949234907,95.31997674333181,1.25,74.93798285219604
TMTM,56,71,0.06047330472976912,0.1419587737672704,0.0,0.1419587737672704,True,True,0.28125,64.86318017575951,72.1199767433318,4.65,278.7692962101693
TMTM,57,72,0.09628041834736066,0.023046248656469412,2.220446049250313e-16,0.02304624865646942,True,True,0.3333333333333333,19.323626945015075,7.769976743331796,0.30000000000000004,17.985115884527048
TMTM,57,73,0.09099333367049672,0.029508161095691838,2.220446049250313e-16,0.029508161095691838,True,True,0.35714285714285715,19.039176783791405,8.119976743331797,0.25,14.987596570439209
TMTM,57,75,0.648345542654983,,,,False,True,,98.57144186192976,20.769976743331796,1.75,104.91317599307446
TMTM,57,76,0.13958723102961113,,,,False,False,,69.07044446688514,52.3199767433318,4.45,266.7792189538179
TMTM,57,70,0.19497551180068887,0.007553961617276291,2.220446049250313e-16,0.16160378697467462,True,False,0.20588235294117646,81.11703815941446,57.7199767433318,6.300000000000001,377.68743357506804
TMTM,57,77,0.28101884382167186,,,,False,True,,97.64223800193243,63.9199767433318,0.9,53.95534765358115
TMTM,57,71,0.006683030782800496,0.05379027394696863,0.0,0.195749047714239,True,True,0.7586206896551724,68.71801304939574,69.5199767433318,5.550000000000001,332.72464386375043
TMTM,58,72,0.7044104468799425,0.8006908652273032,1.1102230246251565e-16,0.8237371138837726,True,True,0.5454545454545454,20.590723117738698,105.1199767433318,0.55,32.972712454966256
TMTM,58,76,0.22060279726832926,0.08101556623871815,1.1102230246251565e-16,0.08101556623871815,True,False,0.45348837209302323,72.04231241553131,45.5699767433318,8.05,482.6006095681425
TMTM,58,70,0.2823144079338979,0.08733889613320904,0.0,0.24894268310788364,True,True,0.31088082901554404,89.49770569539955,55.6199767433318,6.3500000000000005,380.68495288915585
TMTM,58,71,0.054194495306229246,0.06087752608902974,2.220446049250313e-16,0.25662657380326875,True,True,0.5414634146341464,70.47331618007931,63.9699767433318,10.25,614.4914593880076
TMTM,59,72,0.09849795897656875,0.8029084058565114,2.220446049250313e-16,0.02082870802726132,True,True,0.4230769230769231,21.139731820520048,9.319976743331797,1.3,77.93550216628388
TMTM,59,76,0.27999675372533234,0.05939395645700305,1.6653345369377348e-16,0.1404095226957212,True,True,0.47368421052631576,71.76958719037168,38.1699767433318,11.55,692.4269615542914
TMTM,59,78,0.369829930065343,,,,False,True,,27.690385135490637,72.0699767433318,2.9000000000000004,173.8561202170948
TMTM,59,70,0.3212667920457171,0.03895238411181919,1.1102230246251565e-16,0.2878950672197028,True,True,0.3103448275862069,95.92199178881785,57.3699767433318,3.1500000000000004,188.84371678753402
TMTM,59,71,0.04237307621419303,0.011821419092036222,0.0,0.24480515471123254,True,True,0.6869565217391305,68.65474588903496,63.56997674333179,9.15,548.5460344780751
TMTM,60,72,0.07784619460582833,0.02065176437074044,0.0,0.04148047239800176,True,True,0.8571428571428571,20.811520096031195,11.469976743331797,1.3,77.93550216628388
TMTM,60,76,0.3103241487042397,0.030327394978907365,0.0,0.17073691767462856,True,True,0.6133333333333333,69.55887458784056,32.3199767433318,12.65,758.372386464224
TMTM,60,78,0.23086138228191613,0.13896854778342685,2.220446049250313e-16,0.13896854778342685,True,True,0.015151515151515152,20.366610869501866,48.0699767433318,0.45,26.977673826790575
TMTM,60,79,0.09287456513982342,,,,False,False,,52.225028926552994,63.369976743331804,0.45,26.977673826790575
TMTM,60,70,0.3253175248096987,0.004050732763981616,1.1102230246251565e-16,0.2919457999836845,True,True,0.11904761904761904,98.20807972049565,59.1699767433318,1.55,92.92309873672309
TMTM,60,71,0.004050351780508047,0.046423427994701075,2.220446049250313e-16,0.19838172671653145,True,True,0.36065573770491804,64.78393452967083,65.2699767433318,3.3000000000000003,197.83627472979754
TMTM,61,72,0.08527383159100066,0.00742763698517234,0.0,0.03405283541282942,True,True,0.7777777777777778,20.202836534251876,9.969976743331797,1.1,65.94542490993251
TMTM,61,76,0.3530353354387664,0.042711186734526736,0.0,0.21344810440915526,True,True,0.7758620689655172,69.78421699598377,27.419976743331798,13.100000000000001,785.3500602910145
TMTM,61,80,0.5973889294952706,,,,False,True,,92.25664828276426,20.569976743331797,0.5,29.975193140878417
TMTM,61,78,0.5146871360079518,0.28382575372603563,2.220446049250313e-16,0.1448572059426088,True,True,0.1956521739130435,23.15752042237759,84.9199767433318,2.3000000000000003,137.8858884480407
TMTM,61,71,0.002097786003058033,0.006148137783566081,0.0,0.20452986450009755,True,True,0.37714285714285717,67.42171106369877,67.1699767433318,8.75,524.5658799653722
TMTM,61,70,0.28352262036331993,0.0417949044463788,2.220446049250313e-16,0.25015089553730563,True,True,0.4117647058823529,96.34269118693018,62.31997674333179,0.8500000000000001,50.957828339493304
TMTM,62,72,0.1132847420541276,0.028010910463126936,1.942890293094024e-16,0.006041924949702482,True,True,0.8076923076923077,20.81414578982711,7.219976743331797,1.25,74.93798285219604
TMTM,62,76,0.4146142820125032,0.06157894657373678,1.942890293094024e-16,0.2750270509828921,True,True,0.6,74.52369058483218,24.769976743331796,15.3,917.2409101108796
TMTM,62,78,0.1910255687557045,0.32366156725224726,3.3306690738754696e-16,0.17880436130963848,True,True,0.5348837209302325,25.74690849264726,48.6699767433318,4.3,257.7866610115544
TMTM,62,71,0.051065748190643134,0.048967962187585104,0.0,0.25349782668768267,True,True,0.5108225108225108,73.94786652620897,67.8199767433318,8.700000000000001,521.5683606512845
TMTM,62,70,0.2737669021720521,0.009755718191267823,1.6653345369377348e-16,0.24039517734603782,True,True,0.7647058823529411,95.97200500397805,63.119976743331804,0.65,38.96775108314194
TMTM,63,72,0.14593194830286696,0.032647206248739354,0.0,0.026605281299036884,True,True,0.8064516129032258,21.68181053967583,4.169976743331796,1.55,92.92309873672309
TMTM,63,81,0.6330872171040535,,,,False,True,,94.79044279581821,18.819976743331797,1.3,77.93550216628388
TMTM,63,76,0.3535942640296715,0.06102001798283174,0.0,0.21400703300006038,True,True,0.5620915032679739,66.25128842689237,23.819976743331797,8.6,515.5733220231087
TMTM,63,78,0.14825061882992935,0.042774949925775164,1.6653345369377348e-16,0.22157931123541363,True,True,0.5826771653543307,30.62990248374028,48.4199767433318,5.75,344.7147211201018
TMTM,63,71,0.10036410307369094,0.0492983548830478,2.185751579730777e-16,0.30279618157073046,True,False,0.5347826086956522,80.41366911217472,68.3699767433318,8.950000000000001,536.5559572217236
TMTM,63,82,0.627672904237728,,,,False,True,,21.59922823480444,96.9199767433318,0.2,11.990077256351366
TMTM,63,70,0.2957012125461231,0.021934310374070995,2.220446049250313e-16,0.26232948772010883,True,True,0.23076923076923078,99.25412224886657,63.769976743331796,0.15000000000000002,8.992557942263524
TMTM,64,72,0.16860501645953047,0.02267306815666351,1.249000902703301e-16,0.049278349455700386,True,True,0.7878787878787878,22.45257871847545,2.219976743331796,1.4000000000000001,83.93054079445956
TMTM,64,76,0.3214560824545158,0.03213818157515567,1.942890293094024e-16,0.18186885142490467,True,True,0.8019323671497585,66.4447066378737,27.869976743331797,10.05,602.5013821316561
TMTM,64,78,0.5504048636750095,0.4021542448450802,1.6653345369377348e-16,0.18057493360966656,True,True,0.460431654676259,23.77139310233066,89.81997674333181,4.4,263.78169963973005
TMTM,64,71,0.10136289335229959,0.0009987902786086523,0.0,0.30379497184933907,True,True,0.19691969196919692,73.13352394560775,60.9699767433318,45.45,2724.745056505848
TMTM,64,82,0.10087320366059463,0.5267997005771333,0.0,0.5267997005771333,True,True,0.23529411764705882,25.66519230406044,37.769976743331796,0.8500000000000001,50.957828339493304
TMTM,65,72,0.1796975137724693,0.011092497312938824,0.0,0.0603708467686392,True,True,0.75,21.88367839602811,0.31997674333179615,1.05,62.947905595844674
TMTM,65,76,0.24759120874349433,0.07386487371102148,2.220446049250313e-16,0.1080039777138832,True,True,0.4427860696517413,66.73092179255111,37.019976743331796,4.45,266.7792189538179
TMTM,65,78,0.512450677549272,0.037954186125737595,0.0,0.142620747483929,True,True,0.52,21.625895437419167,83.1199767433318,3.2,191.84123610162186
TMTM,65,71,0.18232675542405208,0.0809638620717525,0.0,0.3847588339210916,True,True,0.7033898305084746,78.64918739421805,56.769976743331796,34.95,2095.2660005474013
TMTM,65,82,0.45779773376232186,0.3569245301017272,1.6653345369377348e-16,0.16987517047540615,True,True,0.68,25.93424869185318,80.8699767433318,1.25,74.93798285219604
TMTM,66,72,0.17329896068579262,0.006398553086676675,0.0,0.05397229368196254,True,True,0.19047619047619047,19.46585202562691,-1.330023256668204,0.2,11.990077256351366
TMTM,66,76,0.24688308561039699,0.0007081231330973381,0.0,0.10729585458078586,True,False,0.2523809523809524,69.94594701657944,40.3199767433318,8.700000000000001,521.5683606512845
TMTM,66,78,0.41602902705146766,0.09642165049780432,0.0,0.046199096986124684,True,True,0.26556016597510373,27.29649349715568,77.2199767433318,12.05,722.4021546951698
TMTM,66,71,0.24090406066214254,0.05857730523809046,0.0,0.4433361391591821,True,True,0.6123032904148784,84.3284640227889,55.4199767433318,21.400000000000002,1282.9382664295963
TMTM,67,72,0.17141000033716342,0.0018889603486292002,0.0,0.052083333333333336,True,True,0.25,19.039176783791405,-1.530023256668204,0.05,2.9975193140878416
TMTM,67,76,0.31881359285732647,0.07193050724692948,0.0,0.17922636182771534,True,True,0.42962962962962964,76.52760788621097,38.269976743331796,20.25,1213.9953222055758
TMTM,67,78,0.36573021658013255,0.05029881047133511,1.942890293094024e-16,0.004099713485210424,True,True,0.7403846153846154,29.782350753715896,73.6699767433318,15.100000000000001,905.2508328545282
TMTM,67,71,0.23114365611783844,0.009760404544304121,0.0,0.4335757346148779,True,True,0.6,87.30721547747241,59.5699767433318,13.0,779.3550216628388
TMTM,68,83,0.3119147166800252,,,,False,True,,47.19974274493482,9.769976743331796,0.1,5.995038628175683
TMTM,68,84,0.3211694330228869,,,,False,False,,75.36030870607823,36.8199767433318,0.30000000000000004,17.985115884527048
TMTM,68,76,0.4010878147233214,0.08227422186599492,0.0,0.26150058369371026,True,False,0.04197530864197531,85.60051451013037,37.4699767433318,0.8500000000000001,50.957828339493304
TMTM,68,78,0.324812171887028,0.04091804469310455,0.0,0.04501775817831497,True,True,0.7632978723404256,31.74251611688844,70.7199767433318,18.05,1082.1044723857108
TMTM,68,71,0.2442404047078182,0.01309674858997975,0.0,0.4466724832048577,True,True,0.532319391634981,87.37882530826998,58.0699767433318,7.15,428.64526191456133
TMTM,69,83,0.29944156548117845,0.012473151198846687,0.0,0.012473151198846703,True,True,0.038461538461538464,41.652964601073215,5.719976743331797,2.6,155.87100433256776
TMTM,69,84,0.34788983605582247,0.026720403032935578,0.0,0.026720403032935578,True,False,0.06,77.7667570700305,36.019976743331796,5.0,299.7519314087842
TMTM,69,76,0.4467965744787992,0.0457087597554778,0.0,0.3072093434491881,True,True,0.022222222222222223,95.6855656807877,42.0699767433318,6.050000000000001,362.6998370046288
TMTM,69,78,0.2704525434367545,0.05435962845027351,0.0,0.09937738662858848,True,True,0.7794759825327511,33.865671530921254,66.3199767433318,22.700000000000003,1360.8737685958802
TMTM,69,71,0.3115722540274865,0.06733184931966836,0.0,0.514004332524526,True,True,0.6923076923076923,89.85864722663018,52.4699767433318,4.95,296.7544120946963
TMTM,70,83,0.19073483822189596,0.10870672725928252,0.0,0.1211798784581292,True,True,0.3269230769230769,36.60815732995931,13.719976743331795,0.8500000000000001,50.957828339493304
TMTM,70,84,0.45734927395066116,0.10945943789483868,0.0,0.13617984092777427,True,True,0.3009118541033435,85.25188961741114,30.369976743331797,16.400000000000002,983.1863350208121
TMTM,70,76,0.4744840604252509,0.027687485946451672,0.0,0.33489682939563975,True,True,0.14049586776859505,100.2580639943619,43.3199767433318,0.8500000000000001,50.957828339493304
TMTM,70,78,0.25398232820720157,0.01647021522955292,0.0,0.1158476018581414,True,True,0.7766323024054983,37.392097358467616,67.8699767433318,29.0,1738.561202170948
TMTM,70,71,0.34408355323708817,0.032511299209601614,0.0,0.5465156317341276,True,True,0.7171717171717171,92.86000313178238,51.5699767433318,3.5500000000000003,212.82387130023676
TMTM,71,85,0.13270082493498644,,,,False,True,,20.745877751133428,36.6699767433318,0.15000000000000002,8.992557942263524
TMTM,71,83,0.02536513343022217,0.21609997165211814,1.1796119636642288e-16,0.33727985011024736,True,True,0.65,34.82616073170514,37.8699767433318,0.8,47.960309025405465
TMTM,71,86,0.6209503550292393,,,,False,True,,94.13401934684052,19.619976743331797,0.05,2.9975193140878416
TMTM,71,84,0.525918077472705,0.06856880352204389,0.0,0.20474864444981816,True,False,0.3079268292682927,85.3301460400564,22.2199767433318,5.050000000000001,302.749450722872
TMTM,71,78,0.23727036096516438,0.0167119672420372,0.0,0.1325595691001786,True,True,0.8008982035928144,41.09753342751207,69.5699767433318,31.150000000000002,1867.4545326767252
TMTM,71,71,0.35763047295168204,0.01354691971459392,0.0,0.5600625514487215,True,True,0.5352112676056338,95.88563349753365,52.9699767433318,1.9000000000000001,113.90573393533798
TMTM,72,83,0.4860313984728515,0.4606662650426293,0.0,0.7979461151528767,True,True,0.2191780821917808,39.49620892658963,97.81997674333181,3.6500000000000004,218.81890992841244
TMTM,72,87,0.6522561964237562,,,,False,True,,95.84072031418253,17.569976743331797,0.05,2.9975193140878416
TMTM,72,84,0.5705345978098816,0.044616520337176536,1.6653345369377348e-16,0.24936516478699466,True,False,0.5779816513761468,87.88412848051759,19.419976743331798,3.5500000000000003,212.82387130023676
TMTM,72,78,0.1818711141112183,0.05539924685394606,0.0,0.18795881595412467,True,True,0.8215297450424929,44.1454430499856,65.9699767433318,33.15,1987.355305240239
TMTM,72,71,0.41653454587945643,0.058904072927774345,0.0,0.6189666243764959,True,True,0.07894736842105263,99.25412224886657,49.269976743331796,0.15000000000000002,8.992557942263524
TMTM,73,83,0.08601521388931559,0.572046612362167,1.6653345369377348e-16,0.22589950279070958,True,True,0.42424242424242425,45.84180241004967,35.519976743331796,5.75,344.7147211201018
TMTM,73,87,0.6273984258114746,0.024857770612281508,0.0,0.024857770612281508,True,True,0.037037037037037035,97.35778784070875,22.069976743331797,1.35,80.93302148037172
TMTM,73,84,0.5657522842470037,0.00478231356287789,0.0,0.2445828512241168,True,False,0.1267605633802817,90.91025085297224,23.019976743331796,0.45,26.977673826790575
TMTM,73,78,0.35789412602358556,0.17602301191236727,0.0,0.011935804041757396,True,False,0.0015082956259426848,27.572681620501527,70.5199767433318,0.05,2.9975193140878416
TMTM,73,88,0.3729499674181025,,,,False,False,,25.865980653159504,70.6199767433318,0.05,2.9975193140878416
TMTM,74,83,0.26102584925715466,0.1750106353678391,0.0,0.05088886742287049,True,True,0.775,43.94307865419036,12.619976743331797,4.9,293.7568927806085
TMTM,74,87,0.6036132539067178,0.02378517190475676,1.1102230246251565e-16,0.048642942517038296,True,True,0.48148148148148145,97.15356721213794,24.7199767433318,0.65,38.96775108314194
TMTM,74,89,0.537103945539548,,,,False,False,,89.77245020807756,25.319976743331797,0.45,26.977673826790575
TMTM,74,90,0.37866374025812255,,,,False,True,,21.030327912357098,66.4699767433318,0.30000000000000004,17.985115884527048
TMTM,74,91,0.2525590776564844,,,,False,False,,37.81288742455368,68.1199767433318,2.9000000000000004,173.8561202170948
TMTM,74,92,0.010540188922069168,,,,False,True,,75.2051540726835,76.4699767433318,0.55,32.972712454966256
TMTM,75,83,0.2797942954264311,0.018768446169276427,1.6653345369377348e-16,0.032120421253594066,True,True,0.6836734693877551,43.59529219450353,10.019976743331796,3.35,200.83379404388538
TMTM,75,87,0.5329747448430153,0.07063850906370259,0.0,0.1192814515807409,True,True,0.03757225433526012,87.32694612449363,23.369976743331797,17.3,1037.1416826743932
TMTM,75,90,0.33223094277522935,0.04643279748289319,2.220446049250313e-16,0.04643279748289319,True,True,0.3333333333333333,25.202263610304275,65.0699767433318,0.9,53.95534765358115
TMTM,75,91,0.18811110329609207,0.06444797436039232,1.6653345369377348e-16,0.06444797436039232,True,False,0.24096385542168675,44.14664434780075,66.7199767433318,2.25,134.88836913395286
TMTM,75,93,0.09351665587220298,,,,False,True,,93.39197544799616,82.1699767433318,2.3000000000000003,137.8858884480407
TMTM,76,83,0.2941471067447863,0.01435281131835519,1.1102230246251565e-16,0.01776760993523888,True,True,0.373134328358209,41.56762955270615,6.269976743331796,1.25,74.93798285219604
TMTM,76,87,0.579062390119007,0.04608764527599165,0.0,0.07319380630474927,True,True,0.8112676056338028,90.15746355761263,20.669976743331798,14.850000000000001,890.263236284089
TMTM,76,94,0.13166829508447678,,,,False,False,,49.11978133319459,64.9199767433318,0.8,47.960309025405465
TMTM,76,90,0.2941162053263272,0.03811473744890215,0.0,0.08454753493179533,True,False,0.47368421052631576,28.42603210417254,63.7199767433318,0.5,29.975193140878417
TMTM,76,91,0.1781756149875757,0.009935488308516345,1.1102230246251565e-16,0.07438346266890866,True,False,0.37777777777777777,44.43890294482271,65.8199767433318,0.8500000000000001,50.957828339493304
TMTM,77,83,0.3484475783790723,0.05430047163428601,0.0,0.03653286169904716,True,True,0.36363636363636365,44.38368614882047,2.5699767433317966,1.0,59.950386281756835
TMTM,77,87,0.614139358253712,0.03507696813470498,0.0,0.038116838170044194,True,True,0.6174496644295302,94.81669973377723,21.119976743331797,9.25,554.5410731062507
TMTM,77,91,0.08100398635805402,0.0971716286295217,0.0,0.17155509129843036,True,False,0.2077922077922078,52.49949838036532,62.2199767433318,3.8000000000000003,227.81146787067595
TMTM,77,95,0.20136491905100123,,,,False,False,,36.10618645721165,60.269976743331796,0.05,2.9975193140878416
TMTM,78,96,0.1843545877010885,,,,False,True,,19.892527267462416,-2.230023256668204,0.1,5.995038628175683
TMTM,78,83,0.35392956122092556,0.005481982841853268,0.0,0.04201484454090038,True,True,0.8095238095238095,43.691524089842865,1.219976743331796,0.9,53.95534765358115
TMTM,78,91,0.002296036732803704,0.07870794962525031,1.6653345369377348e-16,0.2502630409236807,True,False,0.40625,56.64445233539536,56.9199767433318,2.95,176.85363953118267
TMTM,78,95,0.1873826167938698,0.01398230225713141,0.0,0.01398230225713141,True,False,0.04,36.58406272806742,59.0699767433318,1.25,74.93798285219604
TMTM,79,91,0.024952048039411482,0.027248084772215186,0.00041657988521626166,0.27751112569589587,True,True,0.024583333333333332,60.014222508061174,57.019976743331796,120.05000000000001,7194.04635381082
TMTM,80,97,0.17043233689497014,,,,False,True,,19.721857170728214,-0.7300232566682041,0.25,14.987596570439209
TMTM,80,91,0.033496184272454536,0.008544136233043058,0.00041657988521631717,0.28605526192893893,True,True,0.9625,61.189518856026346,57.1699767433318,115.5,6924.269615542914
TMTM,81,97,0.16849333367049674,0.0019390032244734105,4.440892098500626e-16,0.001939003224473416,True,True,0.6,19.039176783791405,-1.180023256668204,0.15000000000000002,8.992557942263524
TMTM,81,91,0.02188679598276669,0.01160938828968785,0.0,0.27444587363925105,True,False,0.005627705627705628,46.3463922612638,43.7199767433318,0.65,38.96775108314194
TMTM,81,98,0.10525237874508347,,,,False,False,,44.63969129392178,57.269976743331796,0.05,2.9975193140878416
TMTM,81,99,0.12683055669740717,,,,False,False,,42.25030993964294,57.4699767433318,0.25,14.987596570439209
TMTM,82,100,0.08192517721466261,,,,False,True,,21.20099800909131,11.369976743331797,1.5,89.92557942263525
TMTM,82,101,0.41862418137621366,,,,False,False,,92.65487850847744,42.4199767433318,0.75,44.962789711317626
TMTM,82,102,0.06213442035311842,,,,False,False,,62.87610718570601,55.4199767433318,2.7,161.86604296074344
TMTM,82,99,0.06230974415373757,0.06452081254366959,0.0,0.06452081254366959,True,False,0.045871559633027525,52.09280744488329,59.5699767433318,5.45,326.72960523557475
TMTM,83,100,0.11128924558477916,0.029364068370116552,0.0,0.029364068370116552,True,True,0.25675675675675674,27.274686213505298,13.919976743331798,3.1500000000000004,188.84371678753402
TMTM,83,102,0.14298692266165633,0.0808525023085379,0.0,0.0808525023085379,True,False,0.07308970099667775,74.47840746273056,57.3199767433318,13.450000000000001,806.3326954896294
TMTM,83,103,0.44833007838099126,,,,False,True,,99.71958614905076,45.9199767433318,0.55,32.972712454966256
TMTM,83,99,0.09172336314765613,0.02941361899391855,2.220446049250313e-16,0.03510719354975104,True,False,0.5221238938053098,54.66317316561307,65.6699767433318,3.1500000000000004,188.84371678753402
TMTM,84,100,0.185685766962506,0.07439652137772684,1.3877787807814457e-16,0.10376058974784338,True,False,0.008928571428571428,40.20226877883252,17.919976743331798,2.5,149.8759657043921
TMTM,84,102,0.20595183145160287,0.06296490878994655,0.0,0.14381741109848445,True,False,0.5175438596491229,81.38419651752415,56.6699767433318,21.150000000000002,1267.950669859157
TMTM,84,99,0.09371458191836529,0.0019912187707091652,0.0,0.03311597477904187,True,False,0.5441176470588235,57.07422691312796,68.3199767433318,2.1,125.89581119168935
TMTM,84,104,0.4642629670243975,,,,False,True,,20.9084207004041,76.6199767433318,1.05,62.947905595844674
TMTM,85,105,0.21110930404395029,,,,False,False,,48.05309322860583,22.7199767433318,1.35,80.93302148037172
TMTM,85,102,0.28644845810600955,0.08049662665440671,0.0,0.22431403775289116,True,True,0.6666666666666666,85.14379171605295,50.769976743331796,24.85,1489.7670991016573
TMTM,85,99,0.256652177995307,0.16293759607694167,2.220446049250313e-16,0.12982162129789981,True,True,0.1,39.371715383894966,70.1699767433318,13.850000000000001,830.3128500023321
TMTM,86,106,0.25597591155260563,,,,False,True,,57.38708612964447,26.669976743331798,5.65,338.7196824919261
TMTM,86,107,0.3445027663562203,,,,False,False,,75.36030870607823,34.019976743331796,0.2,11.990077256351366
TMTM,86,102,0.31832286514636354,0.03187440704035396,0.0,0.2561884447932451,True,True,0.4704761904761905,89.21872056089542,51.019976743331796,13.75,824.3178113741565
TMTM,86,99,0.21902090347135747,0.03763127452394948,0.0,0.09219034677395031,True,True,0.6933333333333334,40.58746832676891,66.8699767433318,17.900000000000002,1073.1119144434472
TMTM,87,108,0.1654296189759514,,,,False,True,,46.871531020445964,27.019976743331796,0.65,38.96775108314194
TMTM,87,106,0.33684573354174485,0.08086982198913925,0.0,0.08086982198913922,True,True,0.12244897959183673,69.09146476834118,28.669976743331798,2.6,155.87100433256776
TMTM,87,102,0.10939215079069768,0.20893071435566585,1.1102230246251565e-16,0.04725773043757927,True,True,0.45357142857142857,93.39703483821552,80.2699767433318,6.6000000000000005,395.6725494595951
TMTM,87,99,0.1886792980412883,0.030341605430069172,1.6653345369377348e-16,0.06184874134388115,True,True,0.7922374429223744,43.6284609783772,66.2699767433318,21.35,1279.9407471155084
TMTM,88,108,0.041874200912214124,0.12355541806373728,0.0,0.12355541806373728,True,True,0.14606741573033707,40.094880852797495,35.0699767433318,4.45,266.7792189538179
TMTM,88,106,0.49089931498718725,0.15405358144544237,0.0,0.23492340343458162,True,True,0.13227513227513227,82.27789454179427,23.369976743331797,18.8,1127.0672620970283
TMTM,88,102,0.07737265357901985,0.032019497211677836,0.0,0.015238233225901432,True,True,0.6041666666666666,94.25469517281418,84.9699767433318,4.95,296.7544120946963
TMTM,88,99,0.22628811492562118,0.03760881688433285,0.0,0.099457558228214,True,True,0.7969052224371374,42.715402952257264,69.8699767433318,25.1,1504.7546956720964
TMTM,89,108,0.25429512388341047,0.21242092297119636,0.0,0.08886550490745909,True,True,0.7416666666666667,40.785391609341055,10.269976743331796,6.0,359.702317690541
TMTM,89,109,0.48629475636182523,,,,False,True,,91.92534750675082,33.5699767433318,0.8500000000000001,50.957828339493304
TMTM,89,106,0.4441378255941799,0.04676148939300736,0.0,0.18816191404157429,True,False,0.31382978723404253,83.41651581463339,30.119976743331797,5.9,353.70727906236533
TMTM,89,102,0.04120257546211903,0.036170078116900824,0.0,0.020931844890999387,True,True,0.811965811965812,92.71428579878608,87.7699767433318,5.65,338.7196824919261
TMTM,89,99,0.2163628262927837,0.009925288632837474,0.0,0.08953226959537654,True,True,0.7933333333333333,44.55643758819775,70.5199767433318,28.700000000000003,1720.576086286421
TMTM,90,108,0.2517720296563517,0.0025230942270587716,1.1449174941446927e-16,0.08634241068040031,True,True,0.926829268292683,41.532620302094,11.319976743331797,5.8500000000000005,350.70975974827746
TMTM,90,109,0.5422003550292395,0.05590559866741422,2.220446049250313e-16,0.055905598667414284,True,True,0.15,94.13401934684053,29.0699767433318,0.30000000000000004,17.985115884527048
TMTM,90,106,0.4837677183307614,0.039629892736581476,0.0,0.22779180677815575,True,True,0.27184466019417475,90.92210294302316,32.8699767433318,7.2,431.6427812286492
TMTM,90,102,0.027057743692222403,0.014144831769896626,0.0,0.03507667666089601,True,True,0.48672566371681414,93.01690598639848,89.7699767433318,2.75,164.86356227483128
TMTM,90,99,0.2120876027274442,0.0042752235653395,1.942890293094024e-16,0.08525704603003703,True,True,0.8160237388724035,46.61946441603849,72.0699767433318,32.5,1948.387554157097
TMTM,91,108,0.2663085519546421,0.014536522298290366,1.6653345369377348e-16,0.10087893297869067,True,True,0.7627118644067796,43.92700297788885,11.969976743331797,4.55,272.7742575819936
TMTM,91,109,0.4906306230325493,0.051569731996690155,2.220446049250313e-16,0.004335866670724068,True,True,0.09090909090909091,97.94565150723771,39.0699767433318,1.5,89.92557942263525
TMTM,91,106,0.5005919486161485,0.01682423028538711,1.1102230246251565e-16,0.24461603706354287,True,True,0.4114285714285714,95.79101057726962,35.7199767433318,5.15,308.74448935104766
TMTM,91,99,0.12514332179325816,0.08694428093418605,0.0,0.0016872349041490153,True,True,0.7052401746724891,55.652778128140824,70.6699767433318,45.6,2733.7376144481113
TMTM,92,108,0.2553451552813126,0.010963396673329498,1.1102230246251565e-16,0.08991553630536119,True,True,0.6293706293706294,40.661395377089306,10.019976743331796,7.1000000000000005,425.6477426004735
TMTM,92,109,0.4661505265326162,0.02448009649993311,0.0,0.02014422982920904,True,True,0.16666666666666666,95.15803992724574,39.2199767433318,0.25,14.987596570439209
TMTM,92,110,0.47595062300326557,,,,False,False,,95.73405150372366,38.6199767433318,0.8,47.960309025405465
TMTM,92,106,0.535587429035948,0.034995480419799566,2.220446049250313e-16,0.27961151748334245,True,True,0.24369747899159663,98.04046822764556,33.769976743331796,2.25,134.88836913395286
TMTM,92,111,0.3945384546639161,,,,False,True,,23.525362183661866,70.8699767433318,1.75,104.91317599307446
TMTM,92,99,0.23367181531378964,0.1085284935205315,0.0,0.10684125861638248,True,True,0.07346491228070176,45.42935890567704,73.4699767433318,3.35,200.83379404388538
TMTM,93,112,0.2438026051325494,,,,False,True,,41.226289359237725,11.969976743331797,0.05,2.9975193140878416
TMTM,93,110,0.4671678090259086,0.008782813977356934,0.0,0.008782813977356934,True,True,0.07692307692307693,91.18011382644083,35.1199767433318,10.4,623.4840173302711
TMTM,93,108,0.2648919513637764,0.009546796082463798,0.0,0.099462332387825,True,False,0.035211267605633804,43.95701090698496,12.169976743331796,0.25,14.987596570439209
TMTM,93,106,0.5888180507161667,0.053230621680218526,2.220446049250313e-16,0.33284213916356103,True,True,0.2222222222222222,100.27814282927179,29.619976743331797,0.5,29.975193140878417
TMTM,93,113,0.32797788811536094,,,,False,False,,25.01263016948849,64.3699767433318,0.2,11.990077256351366
TMTM,93,111,0.37744481203709274,0.017093642626823394,0.0,0.017093642626823367,True,True,0.8292682926829268,23.476599298880664,68.7699767433318,2.0,119.90077256351367
TMTM,93,99,0.16712007090310774,0.06655174441068189,1.1102230246251565e-16,0.04028951420570059,True,True,0.4666666666666667,52.51556823495886,72.5699767433318,5.45,326.72960523557475
TMTM,94,112,0.2186745986836026,0.025128006448946822,0.0,0.025128006448946808,True,True,0.2,39.86092858536411,13.619976743331797,0.25,14.987596570439209
TMTM,94,110,0.461963415998902,0.005204393027006601,0.0,0.013987207004363534,True,True,0.6645367412140575,89.45558666320004,34.019976743331796,15.65,938.2235453094944
TMTM,94,108,0.2503086180304431,0.014583333333333288,0.0,0.08487899905449169,True,False,0.42857142857142855,43.95701090698497,13.919976743331798,0.25,14.987596570439209
TMTM,94,114,0.2356523474883448,,,,False,False,,37.94169504473042,66.2199767433318,2.6500000000000004,158.8685236466556
TMTM,94,111,0.3837561839762561,0.0063113719391633205,1.1102230246251565e-16,0.010782270687660045,True,True,0.4,21.91923466618107,67.9699767433318,0.8,47.960309025405465
TMTM,94,99,0.12670427235787,0.040415798545237774,0.0,0.000126284339537186,True,True,0.6173913043478261,56.16546406038741,71.3699767433318,3.85,230.8089871847638
TMTM,95,112,0.24710801776862443,0.028433419085021876,4.440892098500626e-16,0.003305412636075052,True,True,0.038461538461538464,40.37293887556673,10.719976743331797,6.5,389.6775108314194
TMTM,95,110,0.4747866721908055,0.012823256191903514,0.0,0.0011639508124600202,True,True,0.8466453674121406,90.04437740622846,33.0699767433318,13.25,794.342618233278
TMTM,95,115,0.032088694268146804,,,,False,True,,19.770620055509415,15.919976743331798,0.35000000000000003,20.98263519861489
TMTM,95,111,0.3256094936448632,0.05814669033139289,2.220446049250313e-16,0.06892896101905291,True,True,0.5517241379310345,22.74683750594821,61.81997674333179,1.4500000000000002,86.9280601085474
TMTM,95,99,0.12497974134832462,0.0017245310095453565,1.1102230246251565e-16,0.0018508153490825426,True,False,0.04716981132075472,52.972407781532844,67.9699767433318,1.7000000000000002,101.91565667898661
TMTM,95,116,0.10116733037798227,,,,False,True,,54.879897097973924,67.0199767433318,0.15000000000000002,8.992557942263524
TMTM,96,112,0.2063012325181234,0.040806785250501056,1.6653345369377348e-16,0.037501372614425973,True,True,0.5721649484536082,34.926124645506604,10.169976743331796,8.75,524.5658799653722
TMTM,96,110,0.4847458461826546,0.009959173991849054,0.0,0.008795223179389033,True,True,0.8389261744966443,90.88947828525035,32.7199767433318,14.15,848.2979658868592
TMTM,96,111,0.3009127267825591,0.02469676686230408,2.220446049250313e-16,0.09362572788135702,True,True,0.2553191489361702,26.4604495294247,62.56997674333179,4.45,266.7792189538179
TMTM,96,99,0.08560907599940346,0.03937066534892117,0.0,0.04122148069800371,True,True,0.12916666666666668,60.49688762340338,70.7699767433318,11.850000000000001,710.4120774388184
TMTM,97,117,0.12404960382345555,,,,False,True,,23.305929202146462,8.419976743331796,0.30000000000000004,17.985115884527048
TMTM,97,112,0.25501483007155273,0.048713597553429334,2.220446049250313e-16,0.011212224939003335,True,True,0.19428571428571428,40.071756351918125,9.469976743331797,1.7000000000000002,101.91565667898661
TMTM,97,110,0.5033317833183838,0.018585937135729164,0.0,0.0273811603151182,True,True,0.8664596273291926,90.26979074153785,29.869976743331797,15.9,953.2111418799336
TMTM,97,111,0.27094796458733406,0.029964762195225023,1.6653345369377348e-16,0.12359049007658207,True,True,0.5275590551181102,31.506220992851706,64.0199767433318,5.25,314.73952797922334
TMTM,97,99,0.02569692496170338,0.11130600096110684,0.0,0.15252748165911054,True,False,0.004219409282700422,73.6536077387362,70.5699767433318,0.05,2.9975193140878416
TMTM,97,118,0.010224416900519747,,,,False,False,,71.94690677139417,70.7199767433318,0.05,2.9975193140878416
TMTM,97,119,0.004831424493997006,,,,False,True,,70.24020580405215,70.8199767433318,0.05,2.9975193140878416
TMTM,98,112,0.23340277869186732,0.02161205137968542,1.6653345369377348e-16,0.01039982644068207,True,True,0.3333333333333333,35.628310186355876,7.619976743331797,2.5,149.8759657043921
TMTM,98,110,0.5396187258334696,0.03628694251508593,1.249000902703301e-16,0.0636681028302041,True,True,0.8962264150943396,90.92422384334816,26.169976743331798,14.25,854.2930045150348
TMTM,98,111,0.27758067917898865,0.006632714591654546,2.220446049250313e-16,0.1169577754849275,True,True,0.4090909090909091,31.81029524185317,65.1199767433318,10.25,614.4914593880076
TMTM,98,120,0.1437231717724992,,,,False,True,,53.1731961306319,70.4199767433318,0.25,14.987596570439209
TMTM,98,119,0.0043910835671863895,0.009222508061183394,0.0,0.009222508061183394,True,True,0.14285714285714285,71.94690677139417,71.4199767433318,0.35000000000000003,20.98263519861489
TMTM,99,110,0.5605868849043928,0.020968159070923153,0.0,0.08463626190112729,True,True,0.8771929824561403,91.99040293185894,24.7199767433318,12.5,749.3798285219603
TMTM,99,111,0.13973579402110434,0.1378448851578843,1.1102230246251565e-16,0.2548026606428118,True,True,0.33511586452762926,46.101681460799284,62.869976743331804,27.200000000000003,1630.6505068637857
TMTM,99,121,0.16525820072305386,,,,False,True,,96.75096083009826,76.9199767433318,0.75,44.962789711317626
TMTM,100,110,0.575350372877906,0.01476348797351316,1.3877787807814457e-16,0.09939974987464044,True,True,0.864,93.01202148868052,23.9699767433318,10.8,647.4641718429738
TMTM,100,122,0.2785341582683198,,,,False,True,,20.745877751133428,54.1699767433318,0.15000000000000002,8.992557942263524
TMTM,100,123,0.1770070539406401,,,,False,True,,100.96082321620861,79.7199767433318,0.05,2.9975193140878416
TMTM,100,111,0.1142690183161116,0.025466775704992745,1.1102230246251565e-16,0.28026943634780455,True,True,0.5665467625899281,48.75769454539841,62.4699767433318,16.35,980.1888157067242
TMTM,101,124,0.4758189045884039,,,,False,True,,38.77170819272333,95.8699767433318,8.9,533.5584379076358
TMTM,101,110,0.5401832890373459,0.03516708384056004,0.0,0.06423266603408037,True,True,0.5654450261780105,89.49197142781331,24.669976743331798,19.1,1145.0523779815555
TMTM,101,122,0.2670309206048005,0.011503237663519291,0.0,0.011503237663519291,True,True,0.034482758620689655,24.826266270755738,56.8699767433318,4.3500000000000005,260.78418032564224
TMTM,101,111,0.06682658203996338,0.04744243627614821,0.0,0.32771187262395274,True,True,0.5446685878962536,56.30078689853619,64.3199767433318,10.450000000000001,626.4815366443589
TMTM,102,124,0.5360887777855656,0.06026987319716171,1.6653345369377348e-16,0.06026987319716171,True,True,0.6269230769230769,36.48932340906393,100.81997674333181,12.25,734.3922319515211
TMTM,102,110,0.5288830736707101,0.011300215366635917,0.0,0.05293245066744448,True,True,0.7077244258872651,84.985945583817,21.519976743331796,21.8,1306.918420942299
TMTM,102,122,0.2461914238022617,0.020839496802538805,0.0,0.03234273446605809,True,True,0.5031847133757962,30.1270058870604,59.6699767433318,7.45,446.63037779908836
TMTM,102,111,0.03922155701838192,0.027605025021581457,0.0,0.3553168976455342,True,True,0.40669856459330145,60.86338990112596,65.5699767433318,4.25,254.78914169746653
TMTM,103,124,0.5286410840187544,0.007447693766811211,0.0,0.0528221794303505,True,True,0.7877551020408163,36.283046661081265,99.7199767433318,9.65,578.5212276189534
TMTM,103,110,0.5182953989456539,0.010587674725056069,2.0816681711721685e-16,0.042344775942388384,True,True,0.8245967741935484,82.36542461681027,20.169976743331798,23.450000000000003,1405.8365583071977
TMTM,103,122,0.31848118149354093,0.07228975769127918,0.0,0.039947023225221125,True,True,0.2214765100671141,25.452234964106896,63.6699767433318,1.6500000000000001,98.91813736489877
TMTM,103,125,0.19578072820078393,,,,False,False,,41.226289359237725,64.7199767433318,0.4,23.980154512702732
TMTM,104,124,0.4841304854736813,0.044510598545073124,0.0,0.008311580885277376,True,True,0.616822429906542,40.72431848649005,98.81997674333181,7.65,458.6204550554398
TMTM,104,110,0.5304896617315024,0.012194262785848408,1.6653345369377348e-16,0.054539038728236795,True,True,0.7334754797441365,85.82873615111208,22.169976743331798,17.2,1031.1466440462175
TMTM,104,126,0.28541771798911897,,,,False,False,,65.12010290202608,30.869976743331797,0.1,5.995038628175683
TMTM,104,122,0.0657849830965907,0.2526961983969502,0.0,0.2127491751717291,True,True,0.026720647773279354,55.97577877174092,63.869976743331804,61.75,3701.9363528984845
TMTM,105,124,0.42062207719112654,0.06350840828255476,0.0,0.05519682739727738,True,True,0.34591194968553457,47.74532748039661,98.2199767433318,3.0500000000000003,182.84867815935834
TMTM,105,110,0.5140438306012656,0.016445831130236826,0.0,0.038093207597999994,True,True,0.8866279069767442,87.80523641548366,26.119976743331797,15.25,914.2433907967917
TMTM,105,126,0.2380285968560741,0.047389121133044894,0.0,0.047389121133044894,True,False,0.125,63.73340836606069,35.169976743331794,0.8,47.960309025405465
TMTM,105,122,0.04185867384544834,0.023926309251142364,1.249000902703301e-16,0.23667548442287145,True,True,0.895245769540693,58.54693588187799,63.56997674333179,55.85,3348.229073836119
TMTM,106,127,0.1314379210344218,,,,False,True,,19.892527267462416,4.119976743331796,0.1,5.995038628175683
TMTM,106,124,0.2772218854971733,0.14340019169395327,2.220446049250313e-16,0.19859701909123065,True,True,0.041666666666666664,60.85335048367101,94.1199767433318,0.7000000000000001,41.96527039722978
TMTM,106,110,0.5154756686260462,0.001431838024780685,2.3592239273284576e-16,0.03952504562278071,True,True,0.8918032786885246,89.17705697845734,27.319976743331797,13.600000000000001,815.3252534318929
TMTM,106,126,0.19738936853341862,0.04063922832265548,0.0,0.08802834945570037,True,False,0.0625,61.70670096734203,38.019976743331796,0.05,2.9975193140878416
TMTM,106,128,0.181916860472235,,,,False,False,,60.0,38.1699767433318,0.05,2.9975193140878416
TMTM,106,122,0.03445424376427274,0.007404430081175602,1.1102230246251565e-16,0.24407991450404704,True,True,0.9001782531194296,59.485467491619076,63.619976743331804,50.75,3042.482103799159
TMTM,107,127,0.12999354804971774,0.001444372984704101,0.0,0.001444372984704086,True,True,0.5,20.319202509297924,4.719976743331796,0.2,11.990077256351366
TMTM,107,124,0.17349546811751934,0.4507173536146926,0.0,0.6493143727059233,True,True,0.5652173913043478,61.93943291743412,41.1199767433318,1.1,65.94542490993251
TMTM,107,110,0.5214220053344755,0.005946336708429279,0.0,0.04547138233120993,True,True,0.7904411764705882,91.49061738346886,28.919976743331798,10.75,644.4666525288859
TMTM,107,126,0.20809010018082474,0.010700731647406118,0.0,0.07732761780829425,True,False,0.010869565217391304,63.19078876503077,38.2199767433318,4.6000000000000005,275.7717768960814
TMTM,107,129,0.37170998891459184,,,,False,True,,21.31477807358078,65.9199767433318,1.9500000000000002,116.90325324942582
TMTM,107,130,0.09813898092228181,,,,False,True,,58.29329903265798,70.0699767433318,0.25,14.987596570439209
TMTM,107,122,0.1229119840770494,0.15736622784132212,4.440892098500626e-16,0.4014461423453692,True,True,0.04729064039408867,86.16941483257773,71.4199767433318,2.4000000000000004,143.88092707621638
TMTM,108,127,0.10143792103442183,0.028555627015295904,0.0,0.029999999999999995,True,True,0.5,19.892527267462416,7.719976743331797,0.1,5.995038628175683
TMTM,108,124,0.2145621072801107,0.04106663916259136,2.220446049250313e-16,0.6903810118685146,True,True,0.3728813559322034,61.417429616945086,35.6699767433318,2.95,176.85363953118267
TMTM,108,110,0.5617063689951541,0.04028436366067867,0.0,0.08575574599188864,True,True,0.7162790697674418,93.4247410227503,26.019976743331796,7.7,461.6179743695276
TMTM,108,131,0.17672141559142596,,,,False,False,,54.026546614302916,32.8199767433318,0.2,11.990077256351366
TMTM,108,126,0.2325010513224523,0.024410951141627574,0.0,0.05291666666666668,True,False,0.021739130434782608,65.12010290202608,37.2199767433318,0.1,5.995038628175683
TMTM,108,132,0.21702854326126875,,,,False,False,,63.413401934684046,37.3699767433318,0.05,2.9975193140878416
TMTM,108,129,0.3732555659056947,0.0015455769911028186,2.220446049250313e-16,0.0015455769911028483,True,True,0.1989795918367347,32.37930883464844,77.1699767433318,9.8,587.513785561217
TMTM,108,122,0.16059880084924305,0.03768681677219365,1.942890293094024e-16,0.43913295911756284,True,True,0.6935483870967742,90.09183284524096,70.8199767433318,2.85,170.85860090300696
TMTM,109,127,0.6549137402581225,0.7563516612925444,2.220446049250313e-16,0.7863516612925444,True,True,0.3333333333333333,21.030327912357098,99.6199767433318,0.30000000000000004,17.985115884527048
TMTM,109,124,0.18843149615755478,0.02613061112255591,0.0,0.6642504007459588,True,True,0.3010204081632653,59.38175628223837,36.769976743331796,9.8,587.513785561217
TMTM,109,110,0.5425301392506648,0.019176229744489338,0.0,0.06657951624739926,True,True,0.8896103896103896,93.52359345341158,28.419976743331798,6.8500000000000005,410.6601460300343
TMTM,109,129,0.28792816373878954,0.08532740216690513,0.0,0.08378182517580228,True,True,0.6506849315068494,40.06859709467706,74.6199767433318,14.3,857.2905238291227
TMTM,109,122,0.2332775790428356,0.07267877819359256,1.6653345369377348e-16,0.5118117373111554,True,True,0.631578947368421,94.51328622847207,66.5199767433318,1.8,107.9106953071623
TMTM,110,127,0.022212787071811756,0.6771265273299343,3.3306690738754696e-16,0.10922513396261006,True,True,0.6666666666666666,20.935511191949207,18.269976743331796,0.45,26.977673826790575
TMTM,110,124,0.12970361088359664,0.058727885273958155,0.0,0.6055225154720005,True,True,0.45365853658536587,51.784410049363395,36.2199767433318,5.1000000000000005,305.74697003695985
TMTM,110,110,0.5109199108580422,0.03161022839262264,0.0,0.03496928785477665,True,True,0.8026315789473685,91.53036604629686,30.2199767433318,6.8500000000000005,410.6601460300343
TMTM,110,133,0.42259494066462544,,,,False,True,,22.708583863576752,73.4199767433318,1.0,59.950386281756835
TMTM,110,129,0.25625796288453523,0.03167020085425432,2.220446049250313e-16,0.11545202603005661,True,True,0.17482517482517482,44.46902119718757,75.2199767433318,2.5,149.8759657043921
TMTM,111,127,0.00242804089988183,0.019784746171929928,1.942890293094024e-16,0.12900988013453998,True,True,0.8181818181818182,21.211341651317618,20.919976743331798,0.55,32.972712454966256
TMTM,111,124,0.11011091878324422,0.019592692100352416,1.249000902703301e-16,0.5859298233716482,True,True,0.8130841121495327,50.4832869973211,37.269976743331796,4.6000000000000005,275.7717768960814
TMTM,111,110,0.4953484793060994,0.015571431551942834,0.0,0.019397856302833815,True,True,0.8011695906432749,90.11179426006372,30.669976743331794,8.55,512.5758027090209
TMTM,111,133,0.3799183949314402,0.04267654573318526,1.1102230246251565e-16,0.04267654573318526,True,True,0.2972972972972973,24.829769351558983,70.4199767433318,1.4000000000000001,83.93054079445956
TMTM,111,129,0.1712510924697576,0.08500687041477763,1.6653345369377348e-16,0.20045889644483422,True,True,0.5324675324675324,52.31984564696089,72.8699767433318,3.4000000000000004,203.83131335797322
TMTM,112,127,0.00826182171051301,0.01068986261039484,1.249000902703301e-16,0.13969974274493482,True,True,0.9090909090909091,21.428558138070237,22.419976743331798,0.5,29.975193140878417
TMTM,112,134,0.07554482192120951,,,,False,True,,43.53535537387694,34.4699767433318,0.8500000000000001,50.957828339493304
TMTM,112,124,0.20647367346838294,0.09636275468513873,0.0,0.6822925780567869,True,True,0.25,60.29681755953775,35.519976743331796,1.1500000000000001,68.94294422402035
TMTM,112,110,0.5116818599372777,0.01633338063117833,1.3877787807814457e-16,0.035731236934012145,True,True,0.7953216374269005,91.02179993580512,29.619976743331797,6.800000000000001,407.66262671594643
TMTM,112,135,0.24284773787420413,,,,False,False,,39.1782481984273,68.3199767433318,0.5,29.975193140878417
TMTM,112,129,0.07887216445976192,0.09237892800999567,2.0816681711721685e-16,0.2928378244548299,True,True,0.4387755102040816,61.00531700816037,70.4699767433318,3.6500000000000004,218.81890992841244
TMTM,113,127,0.18369309326524996,0.17543127155473695,1.942890293094024e-16,0.3151310142996718,True,True,0.9090909090909091,21.676805551501804,43.7199767433318,0.55,32.972712454966256
TMTM,113,124,0.32554658382398727,0.1190729103556043,1.1102230246251565e-16,0.8013654884123912,True,True,0.425531914893617,65.58556680221027,26.519976743331796,2.2,131.89084981986502
TMTM,113,110,0.5210829442022535,0.009401084264975879,1.1102230246251565e-16,0.045132321198988024,True,True,0.7720588235294118,92.84993004760223,30.3199767433318,5.25,314.73952797922334
TMTM,113,136,0.2313491636424421,,,,False,True,,19.608077106238746,47.3699767433318,0.15000000000000002,8.992557942263524
TMTM,113,129,0.16250994205838007,0.08363777759861814,0.0,0.20920004685621177,True,True,0.06790697674418604,54.8687836963262,74.3699767433318,53.75,3222.33326264443
TMTM,114,127,0.6432205845365531,0.4595274912713031,0.0,0.7746585055709748,True,True,0.6363636363636364,21.233506598945436,98.4199767433318,0.35000000000000003,20.98263519861489
TMTM,114,124,0.2718515658325827,0.053695017991404546,0.0,0.7476704704209867,True,True,0.3282442748091603,68.19216464324172,35.5699767433318,6.5,389.6775108314194
TMTM,114,110,0.5329392617907699,0.0118563175885163,1.1102230246251565e-16,0.05698863878750433,True,True,0.5428571428571428,94.82268815822418,30.869976743331797,2.85,170.85860090300696
TMTM,114,137,0.20837320366059467,,,,False,True,,25.66519230406044,50.6699767433318,0.8500000000000001,50.957828339493304
TMTM,114,129,0.01567726595249551,0.17818720801087556,2.220446049250313e-16,0.3873872548670873,True,True,0.5432558139534883,67.60124865763126,65.7199767433318,29.200000000000003,1750.5512794272995
TMTM,115,127,0.05550292640854417,0.6987235109450973,1.3877787807814457e-16,0.07593499462587765,True,True,0.8571428571428571,21.030327912357098,14.369976743331797,0.30000000000000004,17.985115884527048
TMTM,115,124,0.24416669980341274,0.027684866029169974,0.0,0.7199856043918167,True,True,0.6785714285714286,67.76998071974133,38.4699767433318,7.6000000000000005,455.6229357413519
TMTM,115,110,0.11958663586879285,0.413352625921977,0.0,0.3563639871344727,True,True,0.3333333333333333,96.02037304758694,81.6699767433318,0.9500000000000001,56.95286696766899
TMTM,115,138,0.05122838242804703,,,,False,False,,58.76738263469744,52.6199767433318,0.9,53.95534765358115
TMTM,115,137,0.1824514783159016,0.02592172534469306,2.220446049250313e-16,0.02592172534469306,True,True,0.4146341463414634,33.02579934542361,54.9199767433318,2.0500000000000003,122.89829187760151
TMTM,115,129,0.16398746088495847,0.14831019493246297,0.0,0.5356974497995503,True,True,0.4126712328767123,81.69847204952681,62.019976743331796,12.05,722.4021546951698
TMTM,116,124,0.23850727766504806,0.00565942213836467,0.0,0.7143261822534519,True,True,0.2894736842105263,72.14085006313756,43.519976743331796,2.2,131.89084981986502
TMTM,116,139,0.18422355938363577,,,,False,False,,66.82680386936809,44.7199767433318,0.05,2.9975193140878416
TMTM,116,140,0.01375906653608432,,,,False,False,,50.22106472766192,48.5699767433318,5.550000000000001,332.72464386375043
TMTM,116,138,0.050767805609844764,0.0004605768182022629,1.942890293094024e-16,0.0004605768182022629,True,False,0.1111111111111111,59.61211341651317,53.519976743331796,1.1,65.94542490993251
TMTM,116,137,0.12374250261562363,0.05870897570027799,0.0,0.08463070104497104,True,True,0.03773584905660377,56.22087642945696,71.0699767433318,0.7000000000000001,41.96527039722978
TMTM,116,129,0.1369331046018761,0.02705435628308237,0.0,0.508643093516468,True,True,0.3070539419087137,89.75194929555693,73.3199767433318,3.7,221.81642924250028
TMTM,117,124,0.28450276635622024,0.04599548869117219,0.0,0.7603216709446241,True,False,0.022727272727272728,75.36030870607823,41.2199767433318,0.05,2.9975193140878416
TMTM,117,141,0.2694469249617033,,,,False,False,,73.6536077387362,41.3199767433318,0.05,2.9975193140878416
TMTM,117,140,0.03433310038299986,0.02057403384691554,0.0,0.02057403384691554,True,False,0.5680473372781065,50.98994878929178,46.8699767433318,7.7,461.6179743695276
TMTM,117,142,0.5022834883332542,,,,False,True,,24.7459581433413,85.0199767433318,1.6,95.92061805081093
TMTM,117,129,0.018983439804394684,0.15591654440627079,0.0,0.35272654911019713,True,True,0.46835443037974683,77.94196396680444,80.2199767433318,7.9,473.60805162587894
ST-MTM,0,0,0.2034965645942504,,,,False,True,,19.039176783791405,-5.3804109675186425,0.012489663808699092,2.9975193140878416
ST-MTM,0,1,0.36385913908215817,,,,False,True,,63.76896463621363,20.10586794635465,0.5995038628175706,143.88092707621638
ST-MTM,0,2,0.17714964322939503,,,,False,False,,68.67572991732196,47.41777272979456,0.1498759657043962,35.970231769054095
ST-MTM,0,3,0.669237308458831,,,,False,True,,20.404537557665027,100.71301457272475,0.1873449571304775,44.962789711317626
ST-MTM,0,4,0.07526803844697269,,,,False,True,,65.81147482166696,74.84363943530369,5.395534765358121,1294.9283436859475
ST-MTM,1,1,0.42057941435543983,0.05672027527328162,0.07030434708477418,0.05672027527328165,True,True,0.5625,67.07964845712246,16.610118734469683,0.31432702532131884,80.93302148037172
ST-MTM,1,2,0.19943987444614042,0.022290231216745404,0.07030434708478939,0.022290231216745404,True,False,0.375,70.50687783019934,46.57409289666249,0.3725357337141588,95.92061805081093
ST-MTM,1,4,0.04819584921023553,0.027072189236737168,0.07030434708476213,0.027072189236737168,True,True,0.7690631808278867,68.63231384008257,74.41581574531084,4.42386183785564,1139.0573393533798
ST-MTM,1,3,0.664794134831634,0.004443173627197083,0.07030434708469002,0.004443173627197083,True,True,0.14150943396226415,25.704971127938553,105.48026730773462,1.2340246179281564,317.7370472933112
ST-MTM,2,5,0.4455609097394806,,,,False,False,,71.94690677139417,18.479597602656494,0.03822138081216764,5.995038628175683
ST-MTM,2,6,0.4272074740591871,,,,False,False,,73.6536077387362,22.388710851633743,0.019110690406080266,2.9975193140878416
ST-MTM,2,7,0.23797162057009522,,,,False,False,,77.49368491525576,48.93709044684433,0.15288552324865634,23.980154512702732
ST-MTM,2,4,0.018312029611773657,0.02988381959846187,0.4956508257467548,0.05695600883519904,True,True,0.7376623376623377,69.98626759783863,72.18371115125147,5.522989527357737,866.2830817713863
ST-MTM,2,8,0.5185291101929481,,,,False,False,,34.399485489869626,96.6229787130234,0.019110690406080266,2.9975193140878416
ST-MTM,2,3,0.7022400460621474,0.03744591123051348,0.49565082574674957,0.03300273760331637,True,True,0.29245283018867924,23.44356637693211,107.7123719043898,0.5924314025885451,92.92309873672309
ST-MTM,3,9,0.5847964651724307,,,,False,True,,77.06700967342024,6.891433852728566,0.030650962390431857,2.9975193140878416
ST-MTM,3,10,0.2927943086372391,,,,False,False,,83.89381354278834,48.758496506319645,0.030650962390424752,2.9975193140878416
ST-MTM,3,11,0.2600100897940533,,,,False,False,,82.18711257544632,50.98590180015992,0.030650962390424752,2.9975193140878416
ST-MTM,3,12,0.22723333148410857,,,,False,False,,80.4804116081043,53.21241183001128,0.030650962390424752,2.9975193140878416
ST-MTM,3,4,0.030575154445313047,0.048887184057086704,0.47241617565111527,0.10584319289228575,True,False,0.296551724137931,69.27896043164114,65.60994189820357,2.6666337279675076,260.78418032564224
ST-MTM,3,3,0.7298575929936414,0.027617546931494097,0.47241617565111915,0.06062028453481041,True,True,0.24545454545454545,26.703230184308417,114.2861413435454,3.249002013385706,317.7370472933112
ST-MTM,3,13,0.05173497067470135,,,,False,True,,78.26170035055966,84.46989683152383,0.30650962390430436,29.975193140878417
ST-MTM,4,14,0.04032438835566706,,,,False,False,,66.64394305143858,61.805016448758536,0.5466245477382756,83.93054079445956
ST-MTM,4,15,0.4218358683058004,,,,False,True,,92.1261358558499,41.50583165915385,1.6593959484911949,254.78914169746653
ST-MTM,4,4,0.07980688677877741,0.04923173233346437,0.45110638906437783,0.15507492522575012,True,False,0.10112359550561797,69.77474190386796,60.19791549041467,0.2147453580400338,32.972712454966256
ST-MTM,4,3,0.7102807037129365,0.01957688928070498,0.45110638906436384,0.04104339525410552,True,True,0.7142857142857143,31.10298088171584,116.33666532726822,2.850256570349586,437.6378198568249
ST-MTM,4,13,0.09978831734986819,0.04805334667516684,0.451106389064329,0.04805334667516684,True,True,0.18181818181818182,75.85680353294137,87.83140161492555,1.0737267902001975,164.86356227483128
ST-MTM,5,14,0.04957059634101242,0.00924620798534536,0.8228250038684797,0.00924620798534536,True,False,0.09688581314878893,72.11226188241702,66.16379032149553,2.477881787949684,866.2830817713863
ST-MTM,5,15,0.4279883522349067,0.006152483929106308,0.8228250038684634,0.006152483929106308,True,True,0.2828282828282828,96.69407079785356,45.33546852966475,0.36010738786812624,125.89581119168935
ST-MTM,5,3,0.47982437471591854,0.23045632899701796,0.8228250038684838,0.1894129337429125,True,True,0.3569682151589242,50.569329618110096,108.14825458402032,3.506760039001449,1225.9853994619273
ST-MTM,6,14,0.02405965685059884,0.025510939490413578,1.0042026041970344,0.01626473150506822,True,True,0.1903820816864295,66.45016037525777,63.563001553185906,4.767984805987943,4550.234318785344
ST-MTM,6,3,0.47705055297908755,0.0027738217368309987,1.0042026041970407,0.19218675547974348,True,True,0.8147410358565738,53.50297699483943,110.74904335232993,1.576764408831309,1504.7546956720964
ST-MTM,7,14,0.06903028110886525,0.04497062425826641,0.8656164409108903,0.02870589275319819,True,True,0.22661396574440051,65.65592762433113,57.3722938912673,2.5677573292915667,1031.1466440462175
ST-MTM,7,16,0.0008963081509110774,,,,False,False,,82.18711257544632,82.29466955355565,0.007464410840952951,2.9975193140878416
ST-MTM,7,3,0.5149123787183387,0.03786182573925121,0.865616440910893,0.15432492974049225,True,True,0.9328214971209213,55.15026556804789,116.93975101424854,3.7695274746867256,1513.74725361436
ST-MTM,8,14,0.08467037685951191,0.015640095750646666,0.172469260350945,0.04434598850384486,True,True,0.6471816283924844,62.933991550599224,52.773546327457794,2.7954588124698745,1333.8960947690896
ST-MTM,8,17,0.17047925866734664,,,,False,False,,92.68988775908957,72.23237671900797,0.16333017780723935,77.93550216628388
ST-MTM,8,18,0.1052975531064463,,,,False,False,,79.74896833638631,92.38467470915987,0.26384105645783507,125.89581119168935
ST-MTM,8,3,0.5578635331224933,0.04295115440415452,0.17246926035093682,0.11137377533633774,True,True,0.9343629343629344,54.594874602421854,121.53849857712105,3.122119168084339,1489.7670991016573
ST-MTM,9,19,0.007016874048595353,,,,False,True,,57.43994854898696,58.281973434818404,0.03529763123682983,11.990077256351366
ST-MTM,9,14,0.05925504026487876,0.1439254171243907,0.3398442521142522,0.09957942862054582,True,False,0.36444444444444446,65.49375932682875,72.6043641586142,1.49132491975584,506.5807640808452
ST-MTM,9,17,0.4420594185847499,0.27158015991740325,0.33984425211421904,0.27158015991740325,True,True,0.14285714285714285,98.64458618910157,45.59745595893158,0.12354170932889019,41.96527039722978
ST-MTM,9,18,0.19691152349017205,0.09161397038372575,0.3398442521141718,0.09161397038372575,True,False,0.19607843137254902,74.19256593894947,97.82194875777012,0.16766374837490616,56.95286696766899
ST-MTM,9,3,0.5797980615361796,0.021934528413686333,0.3398442521142546,0.08943924692265134,True,True,0.8843283582089553,53.329560546743174,122.90532793108473,4.526921206122779,1537.7274081270627
ST-MTM,10,14,0.015838108583352075,0.07509314884823085,0.96109026005448,0.024486279772314982,True,False,0.5795454545454546,68.94641636106707,67.04584333106482,5.721810201000636,743.3847898937847
ST-MTM,10,20,0.19679152050453794,,,,False,False,,70.24020580405215,93.8551882645967,0.02307181532660252,2.9975193140878416
ST-MTM,10,21,0.9045350952222936,,,,False,False,,29.279382587843553,137.8235940145188,0.25378996859279823,32.972712454966256
ST-MTM,10,3,0.7260314937169863,0.14623343218080667,0.9610902600544065,0.05679418525815526,True,True,0.029239766081871343,41.3400694237272,128.46384866976555,0.3460772298992083,44.962789711317626
ST-MTM,11,22,0.11037300876011139,,,,False,True,,20.745877751133428,33.990638802346794,0.06725882559878471,8.992557942263524
ST-MTM,11,23,0.005831289713711266,,,,False,True,,48.053093228605825,48.75284799425118,0.06725882559878471,8.992557942263524
ST-MTM,11,14,0.012332564204077082,0.02817067278742916,0.028675799976662905,0.05265695255974414,True,False,0.5673076923076923,73.59695376471659,75.07686146920584,5.4031256564362025,722.4021546951698
ST-MTM,11,21,0.8895220984980469,0.015012996724246719,0.02867579997673897,0.015012996724246719,True,True,0.10714285714285714,23.049924057045157,129.7925758768108,0.4483921706586216,59.950386281756835
ST-MTM,11,24,0.6979034193394429,,,,False,False,,38.45290028730694,122.20131060804007,0.3587137365268802,47.960309025405465
ST-MTM,12,22,0.1152141332622801,0.004841124502168714,0.49011799343840723,0.004841124502168714,True,True,0.5,21.030327912357098,34.85602390383071,0.08239934045219854,17.985115884527048
ST-MTM,12,23,0.062179621409530185,0.05634833169581892,0.49011799343841833,0.05634833169581892,True,True,0.041666666666666664,39.555901178434894,47.017455747578516,0.6454615002088815,140.88340776212854
ST-MTM,12,14,0.028997741955404048,0.04133030615948113,0.4901179934385038,0.011326646400263011,True,True,0.42720763723150357,81.0493119305516,77.56958289590311,4.902760756905792,1070.1143951293595
ST-MTM,12,21,0.88570878220646,0.0038133162915870026,0.49011799343870643,0.01882631301583366,True,True,0.3181818181818182,22.452578718475454,128.73763258325064,0.1235990106782765,26.977673826790575
ST-MTM,12,24,0.674360246858947,0.023543172480495814,0.49011799343849854,0.023543172480495873,True,False,0.37209302325581395,40.710309997018044,121.63353962009168,0.5905286065740825,128.8933305057772
ST-MTM,13,22,0.07611588075933819,0.039098252502941924,1.0855402071008062,0.034257128000773206,True,True,0.46153846153846156,22.19000933888437,31.32391503000495,0.06029366943906922,38.96775108314194
ST-MTM,13,23,0.04896299214806259,0.013216629261467598,1.0855402071007032,0.04313170243435132,True,True,0.3829787234042553,37.71807070414579,43.5936297619133,0.08348354230025734,53.95534765358115
ST-MTM,13,14,0.01230482883359502,0.041302570788999064,1.0855402071007554,0.05262921718926208,True,True,0.5837479270315091,85.01258742104602,86.48916688107742,2.773508794197312,1792.5165498245292
ST-MTM,13,24,0.5823916796897708,0.09196856716917612,1.0855402071007447,0.11551173964967205,True,True,0.058186738836265225,49.782888931635846,119.66989049440835,3.427463208882642,2215.166773110915
ST-MTM,14,23,0.03501841640117599,0.013944575746886597,1.7488344245109761,0.029187126687464725,True,True,0.08866995073891626,33.86981967241864,38.07202964055976,5.411697859698791,608.4964207598318
ST-MTM,14,25,0.13575874655171868,,,,False,False,,95.84072031418253,79.54967072797629,0.026658610146313322,2.9975193140878416
ST-MTM,14,14,0.10277208072793881,0.11507690956153382,1.748834424511541,0.06244769237227175,True,False,0.0016722408026755853,94.13401934684052,81.80136965948786,0.026658610146313322,2.9975193140878416
ST-MTM,14,24,0.7529974966095926,0.17060581691982163,1.7488344245110463,0.05509407727014969,True,False,0.035182679296346414,39.5195883918957,129.8792879850468,0.6931238638038053,77.93550216628388
ST-MTM,14,26,0.6963411437067878,,,,False,True,,53.66082497844392,137.22176222325845,0.186610271024108,20.98263519861489
ST-MTM,15,23,0.09869641280257048,0.06367799640139449,1.8973300468549479,0.09286512308885922,True,True,0.6157635467980296,29.443225880708376,41.28679541701683,0.49974395201789434,374.6899142609802
ST-MTM,15,25,0.24098965419511512,0.3767484007468338,1.8973300468554521,0.3767484007468338,True,True,0.0016778523489932886,85.35424557860121,114.27300408201502,2.3827791632213575,1786.5215111963535
ST-MTM,15,24,0.364288886902833,0.38870860970675947,1.8973300468549612,0.3336145324366099,True,True,0.03002309468822171,48.22652242621104,91.941188854551,3.462226099580022,2595.851726000071
ST-MTM,16,23,0.11019260840389457,0.011496195601324082,1.4034539814027387,0.1043613186901833,True,True,0.296,21.207148282847488,34.430261291314835,0.6019377460213207,110.90821462125014
ST-MTM,16,27,0.35653684171819755,,,,False,True,,99.55530477251516,142.33972577869886,0.2765659914152252,50.957828339493304
ST-MTM,16,25,0.2640431678928548,0.023053513697739683,1.4034539814027371,0.39980191444457347,True,True,0.06711409395973154,97.93142899917652,129.6166091463191,0.6507435092122478,119.90077256351367
ST-MTM,16,28,0.3200821513870102,,,,False,True,,19.81494995076505,58.22480811720627,0.17895446503335677,32.972712454966256
ST-MTM,16,24,0.30309291406468536,0.061195972838147664,1.4034539814027174,0.39481050527475753,True,True,0.32909930715935337,47.08296846822199,83.45411815598423,4.636547503137166,854.2930045150348
ST-MTM,17,23,0.470618039700265,0.36042543129637045,0.07172418079842663,0.4647867499865537,True,True,0.6756756756756757,20.199733441583984,76.67389820561579,0.37856498895104096,74.93798285219604
ST-MTM,17,29,0.38061259233534306,,,,False,True,,65.8228621238728,111.49637320411397,0.25742419248669535,50.957828339493304
ST-MTM,17,27,0.3127583341206339,0.04377850759756363,0.07172418079851628,0.04377850759756363,True,True,0.38636363636363635,98.71108103198503,136.2420811264611,0.6662743805538298,131.89084981986502
ST-MTM,17,25,0.337455999991968,0.07341283209911324,0.07172418079862442,0.4732147465436867,True,True,0.225,100.39192289376126,140.88664289279743,0.13628339602234973,26.977673826790575
ST-MTM,17,28,0.21758129259720646,0.10250085878980372,0.07172418079840792,0.10250085878980375,True,True,0.08148148148148149,26.510734351933138,52.62048946359791,2.0442509403355587,404.6651074018586
ST-MTM,17,24,0.12965197684505564,0.432744890909741,0.071724180798449,0.8275553961844985,True,True,0.58,57.200649207005156,41.64241198559848,2.861951316469785,566.531150362602
ST-MTM,18,29,0.4045722297267905,0.02395963739144745,0.03055466832194237,0.02395963739144745,True,True,0.56,62.40489681761831,110.95356438483317,0.3231122285324659,65.94542490993251
ST-MTM,18,23,0.49867202838430935,0.028053988684044327,0.03055466832199083,0.4928407386705981,True,True,0.29069767441860467,22.710568399585302,82.55121180570242,1.2630750751723667,257.7866610115544
ST-MTM,18,27,0.3216142533873576,0.008855919266723689,0.0305546683219875,0.03492258833083994,True,True,0.4174757281553398,95.23835526688534,133.83206567336825,1.498065786832342,305.74697003695985
ST-MTM,18,25,0.33786605050512314,0.00041005051315513207,0.030554668322194445,0.47362479705684185,True,True,0.5555555555555556,100.96082321620861,141.5047492768234,0.07343459739371383,14.987596570439209
ST-MTM,18,28,0.14507094833002274,0.07251034426718371,0.030554668321967356,0.17501120305698745,True,True,0.35323383084577115,34.86041932776491,52.26893312736764,2.0121079685885235,410.6601460300343
ST-MTM,18,24,0.2012612197092229,0.07160924286416724,0.03055466832197351,0.8991646390486657,True,True,0.42328042328042326,62.60271897519656,38.45137261008981,1.1749535582998618,239.80154512702734
ST-MTM,19,23,0.5354710824215744,0.03679905403726495,0.05471043220129734,0.5296397927078631,True,True,0.6515151515151515,25.128996144534533,89.38552603512345,2.047694123120152,395.6725494595951
ST-MTM,19,30,0.5241397594435809,,,,False,True,,42.07963984290873,104.97641097613844,0.031025668532123518,5.995038628175683
ST-MTM,19,29,0.458197826283343,0.05362559655655244,0.05471043220129737,0.07758523394799989,True,True,0.7241379310344828,61.15811851355352,116.14185766755467,0.43435935944972925,83.93054079445956
ST-MTM,19,27,0.381771364251257,0.060157110863899396,0.05471043220131072,0.025234522533059453,True,True,0.7021276595744681,92.37784878624217,138.190412496393,2.140771128716551,413.6576653441221
ST-MTM,19,28,0.018535929327650004,0.16360687765767276,0.05471043220130442,0.3386180807146602,True,False,0.26455026455026454,46.530448247937954,44.306136728619954,1.5823090951382994,305.74697003695985
ST-MTM,19,24,0.2537867846946436,0.052525564985420735,0.054710432201309445,0.9516902040340864,True,True,0.0875,60.487628847812005,30.03321468445477,0.10858983986243231,20.98263519861489
ST-MTM,20,23,0.5765356473694025,0.0410645649478283,0.3815464420726329,0.5707043576556913,True,True,0.42424242424242425,21.20302979595719,90.3873074802855,0.5931652020532283,167.86108158891912
ST-MTM,20,29,0.48047754906035345,0.022279722777010492,0.38154644207264166,0.09986495672501038,True,True,0.6363636363636364,60.465463900184204,118.12276978742662,0.4660583730418182,131.89084981986502
ST-MTM,20,27,0.4080037771905289,0.02623241293927189,0.38154644207267696,0.051466935472331346,True,True,0.7246376811594203,93.28066886316955,142.24112212603302,1.059223575095018,299.7519314087842
ST-MTM,20,31,0.28932574670686145,,,,False,True,,22.782907937961,57.50199754278437,0.3283593082794596,92.92309873672309
ST-MTM,20,28,0.18823445333593855,0.16969852400828855,0.38154644207264576,0.5083166047229487,True,True,0.27371273712737126,59.860866768966666,37.27273236865404,3.8979427563497353,1103.0871075843256
ST-MTM,21,29,0.4233691948041137,0.05710835425623972,0.07553790566714086,0.042756602468770666,True,True,0.7586206896551724,60.23540702997822,111.03971040647187,0.5696524062840922,173.8561202170948
ST-MTM,21,27,0.2641209815442726,0.1438827956462563,0.07553790566712192,0.09241586017392495,True,True,0.9230769230769231,93.79267915337212,125.48719693868483,0.9821593211794664,299.7519314087842
ST-MTM,21,32,0.5292877483111578,,,,False,True,,99.51669162845768,36.00216183111874,0.25536142350665614,77.93550216628388
ST-MTM,21,31,0.33571650965631006,0.04639076294944863,0.0755379056671397,0.04639076294944863,True,True,0.20567375886524822,30.42127604081338,70.70725719957059,1.3652014564394506,416.65518465821
ST-MTM,21,28,0.16913468079539318,0.019099772540545363,0.07553790566715199,0.4892168321824034,True,True,0.6731234866828087,68.20061888951962,47.904457194072435,3.172374607409637,968.1987384503728
ST-MTM,22,33,0.6889883526073675,,,,False,True,,20.745877751133435,103.42448006401753,0.3500551290934766,71.94046353810819
ST-MTM,22,29,0.44893963542335646,0.025570440619242695,0.39545347269389486,0.06832704308801336,True,True,0.7466666666666667,61.30925005713909,115.18200630794186,1.0647510176593187,218.81890992841244
ST-MTM,22,27,0.3053021091891576,0.04118112764488503,0.3954534726938976,0.051234732529039914,True,True,0.78,94.35282716316642,130.98908026586534,1.1376791695537918,233.80650649885163
ST-MTM,22,32,0.5490414706824678,0.019753722371310012,0.3954534726940049,0.019753722371309953,True,True,0.1111111111111111,100.96082321620861,35.07584673431247,0.05834252151558417,11.990077256351366
ST-MTM,22,31,0.17958771773537113,0.15612879192093895,0.3954534726939076,0.10973802897149033,True,False,0.1497005988023952,43.67363414259611,65.22416027084064,0.7730384100814263,158.8685236466556
ST-MTM,22,28,0.242513510671153,0.07337882987575982,0.39545347269391806,0.5625956620581632,True,True,0.6184615384615385,73.7713112537253,44.66968997318694,2.960882966915662,608.4964207598318
ST-MTM,23,33,0.6780413849802058,0.010946967627161689,4.374278717023117e-14,0.01094696762716166,True,True,0.1935483870967742,23.240286857248694,104.60525305487339,0.18961319492564144,38.96775108314194
ST-MTM,23,29,0.4993709446145194,0.05043130919116295,1.8596235662471372e-15,0.11875835227917632,True,True,0.8295454545454546,60.58182987523021,120.50634322897254,1.283535473342738,263.78169963973005
ST-MTM,23,27,0.41288495023578364,0.10758284104662602,2.9476421303797906e-14,0.05634810851758611,True,True,0.7564102564102564,94.9150519929123,144.46124602120634,0.8605521923548167,176.85363953118267
ST-MTM,23,31,0.10441908297984118,0.07516863475552996,1.4765966227514582e-14,0.18490666372702028,True,False,0.2,43.68393875221023,56.21422870979117,0.3646407594723655,74.93798285219604
ST-MTM,23,34,0.2970813098311295,,,,False,True,,22.07331183684389,57.72306901657943,0.13127067341005727,26.977673826790575
ST-MTM,23,28,0.3028887852119458,0.060375274540792806,2.609024107869118e-15,0.622970936598956,True,True,0.7142857142857143,70.04899864173584,33.70234441630234,3.5151369213136583,722.4021546951698
ST-MTM,24,29,0.43365495685130484,0.06571598776321454,0.27728336523086733,0.053042364515961775,True,True,0.8,61.163659750460496,113.20225457261708,1.2158927066726903,329.72712454966256
ST-MTM,24,27,0.36389817682588255,0.04898677340990112,0.2772833652302902,0.007361335107684989,True,True,0.06779661016949153,89.86726692848544,133.53504814759134,0.044214280242670156,11.990077256351366
ST-MTM,24,35,0.3650219768986737,,,,False,True,,99.49793667277257,143.30057390061341,0.23212497127389042,62.947905595844674
ST-MTM,24,34,0.24298974091063283,0.05409156892049669,0.27728336523093683,0.05409156892049672,True,False,0.05,28.85270734600805,58.01147625528399,0.1326428407279252,35.970231769054095
ST-MTM,24,28,0.13408241225647402,0.1688063729554718,0.2772833652308806,0.45416456364348423,True,True,0.5644028103044496,67.73411328291996,51.64422381214308,4.71987441590214,1279.9407471155084
ST-MTM,25,27,0.4081064316824782,0.04420825485659563,0.02918662108709813,0.05156958996428062,True,True,0.15384615384615385,93.60888058765838,142.58165238955576,0.2791260229869863,77.93550216628388
ST-MTM,25,29,0.4649251590786177,0.03127020222731283,0.02918662108654157,0.08431256674327461,True,True,0.8608695652173913,61.13233044948662,116.92334953892075,1.1165040919478884,311.74200866513553
ST-MTM,25,36,0.48560601710515844,,,,False,False,,44.24025064199066,102.51297269460967,0.5045739646303105,140.88340776212854
ST-MTM,25,34,0.2597778521886737,0.01678811127804088,0.029186621086505715,0.03730345764245584,True,True,0.14864864864864866,25.49190920826262,56.66525147090346,0.7836999876172683,218.81890992841244
ST-MTM,25,28,0.2703739641338252,0.13629155187735117,0.02918662108653275,0.5904561155208353,True,True,0.7142857142857143,72.66762506845357,40.22274937239455,3.6608451476368344,1022.154086103954
ST-MTM,26,27,0.4060121328419688,0.002094298840509386,0.16122584730625406,0.049475291123771234,True,True,0.75,93.2806688631695,142.00212480420575,0.378414466092579,89.92557942263525
ST-MTM,26,29,0.4645820855137432,0.00034307356487447055,0.16122584730637685,0.08396949317840013,True,True,0.6442307692307693,63.235089893319966,118.98494015496915,0.8451256409401537,200.83379404388538
ST-MTM,26,36,0.5147957168135907,0.029189699708432274,0.16122584730632183,0.029189699708432274,True,True,0.37037037037037035,43.62580953114434,105.40129554877522,1.273995369178408,302.749450722872
ST-MTM,26,34,0.20983293665742098,0.04994491553125272,0.16122584730635564,0.08724837317370857,True,True,0.5555555555555556,30.87829191514292,56.05824431403344,1.198312475959895,284.76433483834495
ST-MTM,26,28,0.349030009839953,0.07865604570612786,0.16122584730635658,0.6691121612269633,True,True,0.5971014492753624,78.34297182519501,36.45937064440064,2.648901262648195,629.4790559584467
ST-MTM,27,36,0.5463490190820536,0.03155330226846284,0.18990490983848646,0.06074300197689511,True,True,0.562874251497006,41.290290645513025,106.85217293535945,2.4402881595458723,479.6030902540547
ST-MTM,27,29,0.4551395663212239,0.009442519192519327,0.18990490983845135,0.0745269739858808,True,True,0.6931818181818182,65.34905059276704,119.96579855131391,1.2506476817672478,245.79658375520302
ST-MTM,27,27,0.37357822845433236,0.0324339043876364,0.1899049098385135,0.01704138673613483,True,True,0.40540540540540543,94.8259251444116,139.65531255893148,1.1286332737899443,221.81642924250028
ST-MTM,27,37,0.018179039582850127,,,,False,False,,55.909802854128586,53.72831810418657,0.8846044578353798,173.8561202170948
ST-MTM,27,28,0.4129262775164042,0.06389626767645117,0.18990490983847175,0.7330084289034144,True,True,0.2,85.92560040867173,36.37444710670322,0.6405756418807869,125.89581119168935
ST-MTM,28,36,0.5767833527393101,0.030434333657256653,0.07410797215371995,0.0911773356341517,True,True,0.7192118226600985,37.37943955983187,106.5934418885491,2.6766910750018837,566.531150362602
ST-MTM,28,29,0.4352484273370203,0.019891138984203614,0.07410797215371062,0.0546358350016772,True,True,0.5104166666666666,69.45458154924391,121.68439282968635,0.8922303583339612,188.84371678753402
ST-MTM,28,27,0.3491970090131096,0.02438121944122275,0.07410797215371831,0.00733983270508792,True,True,0.8378378378378378,94.93231496059728,136.83595604217044,0.8780679716937243,185.84619747344618
ST-MTM,28,28,0.3125888341323758,0.10033744338402836,0.07410797215371823,0.632670985519386,True,True,0.18518518518518517,75.24460016591942,37.73394007003432,1.6711616235461406,353.70727906236533
ST-MTM,28,38,0.31043202748726795,,,,False,True,,22.20876429456945,59.4606075930416,0.19827341296310408,41.96527039722978
ST-MTM,28,39,0.6763136198734523,,,,False,True,,100.10747273253759,18.94983834772332,0.02832477328044547,5.995038628175683
ST-MTM,29,36,0.4780172844436116,0.09876606829569858,1.2666960627992836,0.007588732661546812,True,True,0.8068669527896996,36.81240754714625,94.17448168037964,0.9257747282000537,695.4244808683792
ST-MTM,29,29,0.3872322992326774,0.04801612810434293,1.2666960627992756,0.006619706897334273,True,True,0.631578947368421,71.07500519025201,117.5428810981733,0.3671175646310587,275.7717768960814
ST-MTM,29,27,0.34726303530789077,0.001933973705218861,1.266696062799297,0.00927380641030678,True,True,0.8529411764705882,95.62738269326479,137.29894693021168,0.25538613191724835,191.84123610162186
ST-MTM,29,28,0.103751226367631,0.20883760776474483,1.2666960627992894,0.4238333777546412,True,True,0.09816971713810316,66.28156828579131,53.83142112167559,4.796470790070913,3603.0182155335856
ST-MTM,30,36,0.8238009828000991,0.3457836983564874,0.08324489419414555,0.3381949656949406,True,True,0.9193548387096774,35.83339408948072,134.6895120254926,1.0581810037019181,731.3947126374334
ST-MTM,30,27,0.17657011476106763,0.17069292054682314,0.08324489419417613,0.17996672695712992,True,True,0.03125,91.57396789582747,112.76238166715558,0.008673614784441952,5.995038628175683
ST-MTM,30,29,0.23985605112132274,0.1473762481113546,0.08324489419086145,0.14075654121402034,True,False,0.010869565217391304,73.6536077387362,102.43633387329493,0.004336807392206765,2.9975193140878416
ST-MTM,30,40,0.22958752727440673,,,,False,False,,71.94690677139417,99.49741004432298,0.004336807392206765,2.9975193140878416
ST-MTM,30,28,0.11600565790676783,0.012254431539136827,0.08324489419415451,0.43608780929377805,True,True,0.9602595296025953,66.88018217122739,52.95950322241525,5.269220981548472,3641.9859666167276
ST-MTM,31,36,0.9166971214927732,0.09289613869267417,0.11237617635103814,0.4310911043876148,True,True,0.8344827586206897,35.97581346665078,145.97946804578356,1.1162417677873577,863.2855624572984
ST-MTM,31,27,0.07961873611795305,0.09695137864311458,0.11237617635088526,0.2769181056002445,True,True,0.08333333333333333,96.5518457172417,106.10609405139607,0.09302014731562736,71.94046353810819
ST-MTM,31,29,0.17889145778964752,0.06096459333167523,0.11237617634769403,0.20172113454569557,True,True,0.013333333333333334,74.85967642232453,96.32665135708223,0.2906879603613106,224.81394855658812
ST-MTM,31,41,0.06648819742903526,,,,False,True,,100.96082321620861,108.93940690769284,0.015503357885933156,11.990077256351366
ST-MTM,31,28,0.0969941411495941,0.019011516757173712,0.11237617635101166,0.41707629253660433,True,True,0.9454545454545454,66.0748144383322,54.435517500380904,4.829295981469031,3734.9090653534504
ST-MTM,32,36,0.894200268159404,0.02249685333336918,0.8844275013281961,0.4085942510542456,True,True,0.7569832402234636,34.99507908257843,142.2991112617069,3.20053177848132,1022.154086103954
ST-MTM,32,29,0.20673470366945387,0.02784324587980637,0.8844275013281319,0.1738778886658892,True,True,0.44,77.01529146228866,101.82345590262312,0.30972888178851576,98.91813736489877
ST-MTM,32,27,0.1443196487713627,0.06470091265340965,0.8844275013281906,0.21221719294683486,True,True,0.19230769230769232,90.23298856434444,107.55134641690796,0.06570006583393706,20.98263519861489
ST-MTM,32,42,0.09484146625057761,,,,False,True,,100.27814282927179,111.6591187793411,0.046928618452795945,14.987596570439209
ST-MTM,32,43,0.07280108997009176,,,,False,False,,44.63969129392178,35.90356049751077,0.14078585535841626,44.962789711317626
ST-MTM,32,28,0.2599439545111912,0.16294981336159708,0.8844275013281716,0.5800261058982014,True,True,0.22070626003210272,82.36709195018425,51.1738174088413,2.5810740149042886,824.3178113741565
ST-MTM,33,36,0.8689135819848813,0.025286686174522663,0.16356367972339958,0.38330756487972295,True,True,0.8504398826979472,34.17584881139034,138.4454786495761,3.2055353175916252,869.280601085474
ST-MTM,33,27,0.11336365728445502,0.030955991486907662,0.1635636797232214,0.24317318443374253,True,True,0.1590909090909091,94.94858117216286,108.55222004629746,0.4863570826690591,131.89084981986502
ST-MTM,33,44,0.09866478966576284,,,,False,False,,59.13867427816381,47.29889951827227,1.182731996490702,320.7345666073991
ST-MTM,33,28,0.2565930454945026,0.0033509090166885967,0.16356367972339336,0.5766751968815129,True,True,0.48363636363636364,84.8177418860111,54.02657642667079,1.4701248180678732,398.67006877368294
ST-MTM,34,36,0.6700462350967745,0.19886734688810695,0.09784102582461174,0.18444021799161608,True,True,0.8135593220338984,33.77253411411133,114.17808232572426,2.4557086218494817,734.3922319515211
ST-MTM,34,27,0.33932747972085775,0.22596382243640273,0.09784102582458765,0.017209361997339793,True,True,0.23655913978494625,90.0049041032711,130.72420166977403,1.8643338925061244,557.5385924203385
ST-MTM,34,44,0.11832045920969385,0.019655669543931015,0.09784102582460828,0.019655669543931015,True,False,0.14146341463414633,73.81487082226454,59.616415717101276,1.2729591631627954,380.68495288915585
ST-MTM,34,28,0.3448869279145936,0.08829388242009095,0.09784102582461007,0.6649690793016038,True,True,0.5639097744360902,85.19090627796831,43.80447492821708,0.751747537300858,224.81394855658812
ST-MTM,35,36,0.7101952803145318,0.0401490452177575,0.32578703124996533,0.22458926320937345,True,True,0.6938775510204082,32.34140491160425,117.56483854934808,2.360191174002779,509.57828339493307
ST-MTM,35,45,0.6679968045063466,,,,False,True,,64.26675241835505,144.42636895911664,0.13883477494135832,29.975193140878417
ST-MTM,35,27,0.37896345264473347,0.03963597292387568,0.32578703124999,0.022426610926535893,True,True,0.6129032258064516,92.15783927939185,137.63345359675986,1.582716434331303,341.7172018060139
ST-MTM,35,46,0.5240868205894793,,,,False,True,,19.039176783791405,81.92959525452892,0.02776695498826598,5.995038628175683
ST-MTM,35,44,0.2730471079547702,0.15472664874507636,0.32578703124996733,0.17438231828900735,True,False,0.20618556701030927,86.39803832664533,53.63238537207291,1.4855320918723436,320.7345666073991
ST-MTM,35,28,0.40609400057824563,0.061207072663652086,0.325787031249974,0.7261761519652559,True,True,0.72,88.22377710808202,39.49249703869254,0.7497077846832383,161.86604296074344
ST-MTM,36,36,0.12823853118378123,0.5819567491307506,0.08442867961679813,0.3573674859213772,True,True,0.8135593220338984,31.754664123260124,47.14328786531387,2.2810884081850276,452.6254164272641
ST-MTM,36,45,0.6988118856490142,0.030815081142667643,0.08442867961699585,0.030815081142667584,True,True,0.2727272727272727,60.853350483671015,144.71077676155272,0.06042618299829883,11.990077256351366
ST-MTM,36,27,0.40353170135130123,0.024568248706567767,0.08442867961676875,0.04699485963310366,True,True,0.5789473684210527,89.9707033507486,138.39450751290474,0.9970320194715896,197.83627472979754
ST-MTM,36,46,0.2793160364378122,0.24477078415166711,0.0844286796168654,0.2447707841516671,True,True,0.0273972602739726,23.5747930531661,57.09271742570356,1.1027778397185841,218.81890992841244
ST-MTM,36,44,0.028843335846055734,0.3018904438008259,0.08442867961678441,0.12750812551181856,True,True,0.2785714285714286,94.89255311010363,98.35375341163032,1.0876712939690094,215.8213906143246
ST-MTM,36,28,0.004462581890912176,0.4016314186873335,0.08442867961677634,0.3245447332779224,True,True,0.8305084745762712,89.51960562032316,88.9840957934137,0.81575347047675,161.86604296074344
ST-MTM,37,36,0.0009972180674563031,0.12724131311632494,0.19092993133055414,0.4846087990377021,True,True,0.5496688741721855,29.238257263329274,29.35792343142403,1.5176201291930838,248.79410306929086
ST-MTM,37,27,0.4905503794786314,0.08701867812733018,0.1909299313305696,0.13401353776043384,True,True,0.7837837837837838,91.8066998459196,150.67274538335536,1.2067822714065528,197.83627472979754
ST-MTM,37,47,0.45167366749017845,,,,False,False,,72.45891706159678,126.6597571604182,0.18284579869796858,29.975193140878417
ST-MTM,37,48,0.29589579142332323,,,,False,False,,84.74716402645934,120.25465899725813,0.18284579869796858,29.975193140878417
ST-MTM,37,46,0.20599795605236962,0.07331808038544256,0.1909299313305579,0.3180888645371097,True,True,0.477124183006536,28.320060475481352,53.039815201765705,2.797540720078814,458.6204550554398
ST-MTM,37,44,0.026698595392926686,0.002144740453129046,0.1909299313305164,0.12536338505868952,True,True,0.18055555555555555,99.51669162845764,102.72052307560884,0.23769953830733925,38.96775108314194
ST-MTM,37,49,0.04234586617662295,,,,False,True,,83.89381354278835,88.9753174839831,0.09142289934897008,14.987596570439209
ST-MTM,37,28,0.013861378311851169,0.009398796420938993,0.19092993133054237,0.3339435296988614,True,True,0.12962962962962962,95.84072031418252,94.17735491676038,0.12799205908856948,20.98263519861489
ST-MTM,38,36,0.043196168138006315,0.04419338620546262,0.39871809456157115,0.5288021852431648,True,True,0.8795180722891566,29.209244191925386,24.025704015364628,0.8958736802356029,218.81890992841244
ST-MTM,38,27,0.2475464212754603,0.7380968007540917,0.3987180945615898,0.6040832629936579,True,True,0.5303030303030303,90.91566895128122,61.21009839822598,0.4295284768252827,104.91317599307446
ST-MTM,38,50,0.04654823511172997,,,,False,False,,75.90145779328422,70.31566957987663,0.5031619299953434,122.89829187760151
ST-MTM,38,51,0.055094585915431676,,,,False,False,,88.51194557206678,81.90059526221498,0.2086281173151292,50.957828339493304
ST-MTM,38,46,0.7600351893281806,0.554037233275811,0.39871809456157026,0.23594836873870134,True,True,0.6,35.48701122254804,126.69123394192972,2.6385320719267753,644.4666525288859
ST-MTM,38,28,0.2958791861143985,0.30974056442624964,0.3987180945615436,0.02420296527261172,True,True,0.051470588235294115,79.8153002017137,115.32080253544152,1.6690249385211189,407.66262671594643
ST-MTM,39,36,0.11258804780912997,0.06939187967112366,0.39010972002496785,0.5981940649142884,True,True,0.6947368421052632,33.25522006858349,19.744654331487894,1.5952512311545561,263.78169963973005
ST-MTM,39,27,0.4190946459557333,0.17154822468027298,0.3901097200249808,0.7756314876739308,True,True,0.05,98.03505012933655,47.74369261464856,0.1268949842963849,20.98263519861489
ST-MTM,39,52,0.35753219097764816,,,,False,False,,94.13401934684052,51.23015642952274,0.036255709798965086,5.995038628175683
ST-MTM,39,53,0.32225527059330034,,,,False,False,,92.42731837949847,53.75668590830243,0.018127854899489648,2.9975193140878416
ST-MTM,39,54,0.2924233566895134,,,,False,False,,90.72061741215646,55.62981460941485,0.018127854899489648,2.9975193140878416
ST-MTM,39,50,0.11322110038451835,0.06667286527278839,0.3901097200249579,0.06667286527278839,True,True,0.10810810810810811,77.30289517297159,63.716363126829386,2.2297261526364807,368.6948756328045
ST-MTM,39,51,0.12734633803806428,0.0722517521226326,0.39010972002503186,0.0722517521226326,True,True,0.012658227848101266,97.30360685761849,82.02204629305078,1.1420548586674784,188.84371678753402
ST-MTM,39,46,1.0083421187104504,0.24830692938226964,0.39010972002499456,0.484255298120971,True,True,0.2372093023255814,25.899445378009347,146.90049962326339,0.9245205998736878,152.87348501847993
ST-MTM,39,55,0.7604927570297888,,,,False,False,,43.78634081025076,135.04547165382542,0.07251141959795859,11.990077256351366
ST-MTM,39,56,0.39410003076407313,,,,False,True,,76.21365918974924,123.50566288143801,0.07251141959793017,11.990077256351366
ST-MTM,39,28,0.2740248563950272,0.021854329719371297,0.39010972002504296,0.046057294991983015,True,True,0.04411764705882353,86.45386499380139,119.33684776120465,0.10876712939690947,17.985115884527048
ST-MTM,40,36,0.025063354847651157,0.08752469296147881,0.4149438520627078,0.5106693719528096,True,True,0.6692913385826772,36.45027939417576,33.44267681245762,1.4844318917690345,371.69239494689236
ST-MTM,40,50,0.19133515269220194,0.07811405230768358,0.4149438520627075,0.14478691758047196,True,True,0.41414141414141414,83.14102624742874,60.18080792436451,3.5554538052855094,890.263236284089
ST-MTM,40,51,0.14415545901708385,0.016809120979019574,0.41494385206271767,0.08906087310165217,True,True,0.47619047619047616,99.53857241009031,82.23991732804025,0.3591367480086376,89.92557942263525
ST-MTM,40,46,0.8887060850647556,0.11963603364569485,0.4149438520627533,0.36461926447527626,True,False,0.32,35.46617359445839,142.11090380222905,0.5746187968138088,143.88092707621638
ST-MTM,40,57,0.5385427226776339,,,,False,False,,60.28445016122367,124.90957688253974,0.2154820488051712,53.95534765358115
ST-MTM,40,28,0.18750290915354384,0.08652194724148335,0.4149438520628227,0.13257924223346637,True,True,0.26666666666666666,91.24575617133861,113.74610526976387,0.15562592413706966,38.96775108314194
ST-MTM,41,36,0.01306877890649852,0.03813213375414968,0.16966315992203324,0.4725372381986599,True,True,0.5978835978835979,41.398877097508276,42.9671305662881,1.7983524844551368,533.5584379076358
ST-MTM,41,50,0.15929505047515272,0.03204010221704922,0.1696631599220305,0.11274681536342275,True,True,0.8461538461538461,82.79977446115889,63.684368404140564,3.5461894496840145,1052.1292792448323
ST-MTM,41,46,0.7892796919574219,0.09942639310733353,0.1696631599219717,0.2651928713679426,True,False,0.4098360655737705,40.46276524226894,135.17632827715957,0.38391794611965224,113.90573393533798
ST-MTM,41,57,0.43324445597638894,0.10529826670124501,0.1696631599220128,0.10529826670124495,True,False,0.22580645161290322,66.82680386936809,118.81613858653476,0.20206207690506517,59.950386281756835
ST-MTM,41,58,0.1683087523068778,,,,False,False,,87.47372288892042,107.67077316574576,0.4142272576553978,122.89829187760151
ST-MTM,42,50,0.1805992408959197,0.02130419042076698,0.21418635771019084,0.13405100578418974,True,True,0.7236467236467237,84.76732191190038,63.09541300439002,2.0714219801595064,761.3699057783117
ST-MTM,42,36,0.00820815020765077,0.00486062869884775,0.21418635771019084,0.47739786689750763,True,True,0.6230366492146597,43.631186176856,44.61616420177409,1.0764870133112368,395.6725494595951
ST-MTM,42,46,0.8192748713751539,0.029995179417732012,0.2141863577102182,0.2951880507856746,True,True,0.2786885245901639,33.90772419419479,132.22070875921327,0.9623141482630899,353.70727906236533
ST-MTM,42,58,0.23677657158292575,0.06846781927604795,0.2141863577101928,0.06846781927604795,True,True,0.14963503649635038,81.15312585800552,109.56631444795661,2.2345260730854477,821.3202920600686
ST-MTM,43,50,0.2875030426887361,0.1069038017928164,0.3128460900520586,0.24095480757700613,True,True,0.547244094488189,90.20492359468616,55.70455847203783,1.5499475234795739,416.65518465821
ST-MTM,43,46,0.8107669669520428,0.008507904423111216,0.3128460900520522,0.28668014636256345,True,False,0.405982905982906,42.593267859146735,139.88530389339186,2.3527980392387917,632.4765752725345
ST-MTM,43,58,0.19490105239184233,0.04187551919108342,0.31284609005205927,0.02659230008496453,True,True,0.6825938566552902,85.90444755910916,109.29257384613024,2.442003652100908,656.4567297852373
ST-MTM,44,50,0.30042466199404216,0.01292161930530605,0.0977736686447711,0.2538764268823122,True,True,0.775,92.00358572553769,55.95262628625263,1.7829237134666585,434.640300542737
ST-MTM,44,46,0.7405526296996108,0.07021433725243197,0.09777366864476547,0.2164658091101315,True,False,0.5933333333333334,50.2775574107595,139.1438729747128,3.2830388379006763,800.3376568614538
ST-MTM,44,58,0.15258693810094773,0.04231411429089462,0.09777366864476511,0.015721814205930093,True,True,0.4748858447488584,91.47550437848082,109.78593695059455,1.278786663451939,311.74200866513553
ST-MTM,45,59,0.024558431269639858,,,,False,True,,21.769898331538645,18.822886579181862,0.1468691947874845,29.975193140878417
ST-MTM,45,60,0.05342630229426622,,,,False,True,,63.413401934684046,57.0022456593721,0.0293738389574969,5.995038628175683
ST-MTM,45,50,0.30448119994998923,0.004056537955947093,0.17768117723744684,0.2579329648382593,True,True,0.9078947368421053,92.15660029502352,55.61885630102481,2.129603324418497,434.640300542737
ST-MTM,45,46,0.4347022846903009,0.30585034500930985,0.1776811772374523,0.0893845358991784,True,False,0.6048632218844985,58.522166978470096,110.6864411413062,3.833285983953317,782.3525409769267
ST-MTM,45,61,0.46315466266259336,,,,False,True,,71.94690677139417,127.52546629090537,0.01468691947874845,2.9975193140878416
ST-MTM,45,58,0.35941893726069385,0.20683199915974615,0.17768117723731836,0.19111018495381604,True,True,0.125,95.4468662447959,138.57713871607916,0.19092995322370143,38.96775108314194
ST-MTM,46,59,0.19311680406819728,0.16855837279855743,0.1963077987686842,0.16855837279855743,True,True,0.37037037037037035,22.579001012352638,-0.5950154758310365,0.48255839098625386,80.93302148037172
ST-MTM,46,50,0.17162142763145122,0.47610262758144045,0.19630779876869148,0.2181696627431812,True,True,0.5655172413793104,94.80004899263253,115.39462030840667,1.4655477059582438,245.79658375520302
ST-MTM,46,46,0.037844916696653644,0.39685736799364724,0.19630779876869048,0.4862419038928257,True,False,0.5793103448275863,65.7871890669263,70.32857907052474,3.5208890008997002,590.5113048753047
ST-MTM,46,62,0.08793227040398624,,,,False,True,,23.981498335052677,34.533370783531026,0.8578815839755691,143.88092707621638
ST-MTM,46,63,0.020053396342044512,,,,False,True,,75.36030870607823,77.76671626712357,0.01787253299949043,2.9975193140878416
ST-MTM,47,59,0.13199639165629332,0.06112041241190396,0.4611618386642761,0.10743796038665347,True,True,0.5,20.258248903321423,4.418681904566224,0.23666027266643752,62.947905595844674
ST-MTM,47,50,0.14989492240326285,0.021726505228188368,0.46116183866428195,0.19644315751499283,True,True,0.6585365853658537,96.69407079785353,114.68146148624507,0.6085549868565465,161.86604296074344
ST-MTM,47,64,0.10173835088221163,,,,False,False,,67.2534791112036,79.462081217069,0.045078147174564265,11.990077256351366
ST-MTM,47,62,0.04914713369798968,0.038785136705996565,0.4611618386642856,0.038785136705996565,True,True,0.3380281690140845,29.627934193850006,35.52559023760877,1.6002742246968609,425.6477426004735
ST-MTM,47,46,0.07048412737326272,0.10832904406991635,0.4611618386642751,0.594570947962742,True,True,0.49722222222222223,73.4939164201545,65.03582113536298,3.8541815834248396,1025.1516054180418
ST-MTM,48,50,0.21422947252104443,0.06433455011778158,0.5556273057054169,0.2607777076327744,True,True,0.2962962962962963,97.01407722923015,122.72161393175548,0.3142909830252023,47.960309025405465
ST-MTM,48,64,0.10929670060578532,0.007558349723573698,0.5556273047126559,0.007558349723573698,True,False,0.06451612903225806,70.26773323900932,83.38333731170356,1.2178775580137398,185.84619747344618
ST-MTM,48,62,0.07213112382258062,0.1212782575205703,0.5556273036906778,0.16006339422656687,True,False,0.07746478873239436,35.485567923632736,26.82983306492306,0.21607505039449393,32.972712454966256
ST-MTM,48,65,0.01321832532707905,,,,False,False,,28.42603210417254,26.839833064923052,0.11785911853906583,17.985115884527048
ST-MTM,48,46,0.17088974936671353,0.10040562199345082,0.5556273049769749,0.6949765699561928,True,True,0.5702479338842975,82.2769389421485,61.77016901814288,4.4786465048467505,683.4344036120278
ST-MTM,49,66,0.6228242515402693,,,,False,True,,47.56546438079382,122.30437456562615,0.1383590171456035,20.98263519861489
ST-MTM,49,67,0.17504297052390047,,,,False,True,,91.57396789582747,112.57912435869552,0.039531147755894835,5.995038628175683
ST-MTM,49,64,0.08098129885423345,0.02831540175155188,0.006211200296946773,0.02075705202797818,True,False,0.1774193548387097,73.03298920515728,82.75074506766529,0.21742131265736475,32.972712454966256
ST-MTM,49,62,0.052833476966105644,0.01929764685647498,0.006211201318995885,0.1407657473700919,True,False,0.05813953488372093,45.70637939851054,39.366362162577865,1.5812459102353245,239.80154512702734
ST-MTM,49,65,0.034356752716261686,0.021138427389182635,0.006211200113582338,0.021138427389182635,True,True,0.13333333333333333,25.561212623276997,21.438402297325595,0.5534360685823643,83.93054079445956
ST-MTM,49,46,0.24415182716089562,0.07326207779418208,0.006211200032699982,0.7682386477503749,True,True,0.7763713080168776,84.56588231749298,55.267663058185505,3.814755758442729,578.5212276189534
ST-MTM,50,66,0.19362702352689626,0.8164512750671657,0.012539349252619902,0.8164512750671656,True,True,0.2,42.93299032657975,19.697747503352197,0.10007490875108971,14.987596570439209
ST-MTM,50,68,0.04564979420335063,,,,False,True,,20.380156115274424,25.8581314196765,0.28020974450306113,41.96527039722978
ST-MTM,50,69,0.2111344075117708,,,,False,False,,77.06700967342024,102.40313857483274,0.020014981750222205,2.9975193140878416
ST-MTM,50,62,0.11653964913695856,0.1693731261030642,0.012539349252738363,0.02860737873297232,True,False,0.36363636363636365,55.77444381189112,69.75920170832615,2.9021723537816797,434.640300542737
ST-MTM,50,65,0.199533123453397,0.23388987616965867,0.012539349252733478,0.21275144878047605,True,False,0.48717948717948717,29.79139287804616,53.7353676924538,0.6004494525065525,89.92557942263525
ST-MTM,50,46,0.07112307895809072,0.31527490611898634,0.012539349252735865,0.4529637416313886,True,True,0.6321243523316062,86.64971592447995,95.18448539945084,2.4418277735266543,365.6973563187167
ST-MTM,51,68,0.06858810336134596,0.11423789756469659,0.3525655656254072,0.11423789756469659,True,True,0.23333333333333334,21.51389318643734,13.283320783075824,0.8440908046322733,179.8511588452705
ST-MTM,51,62,0.09012277124894498,0.02641687788801358,0.35256556562539715,0.002190500844958739,True,False,0.4101694915254237,64.7233421605407,75.5380747104141,3.8124768009224397,812.3277341178051
ST-MTM,51,65,0.16126705845079886,0.03826606500259813,0.35256556562538666,0.1744853837778779,True,True,0.5357142857142857,30.77274593426782,50.124792948363684,0.7878180843234617,167.86108158891912
ST-MTM,51,46,0.13769789106674882,0.06657481210865808,0.3525655656253899,0.38638892952273046,True,True,0.5245901639344263,89.06725085004385,105.5909977780537,0.9003635249410991,191.84123610162186
ST-MTM,52,68,0.061012335323806566,0.007575768037539395,0.07474128439781125,0.1066621295271572,True,True,0.32432432432432434,21.06027003459118,13.738789795734393,0.49609150239327704,113.90573393533798
ST-MTM,52,62,0.05661117516050685,0.03351159608843813,0.074741284397816,0.03132109524347939,True,False,0.5620253164556962,72.25766446197959,79.05100548124041,4.5170436796861395,1037.1416826743932
ST-MTM,52,65,0.11829442155846719,0.04297263689233167,0.0747412843978251,0.13151274688554623,True,True,0.7432432432432432,30.027525477637315,44.22285606465338,0.9530178861765535,218.81890992841244
ST-MTM,52,46,0.1012885718671086,0.0364093191996402,0.07474128439780336,0.4227982487223707,True,True,0.453125,95.36990625422611,107.52453487827914,0.37859614656329654,86.9280601085474
ST-MTM,53,68,0.08152853264167718,0.020516197317870615,0.8829037158414165,0.1271783268450278,True,True,0.64,22.60773335187018,12.824309434868919,1.388900325632079,131.89084981986502
ST-MTM,53,70,0.03652156513592484,,,,False,False,,58.42458372245351,62.80717153876449,0.4103569143913006,38.96775108314194
ST-MTM,53,65,0.07572445249157864,0.04256996906688855,0.8829037158414015,0.0889427778186577,True,False,0.1506849315068493,29.434537221238283,38.52147152022772,0.34722508140801267,32.972712454966256
ST-MTM,53,62,0.027334867133780114,0.02927630802672674,0.8829037158414154,0.06059740327020613,True,False,0.37283236994219654,81.34037721180384,84.62056126785745,4.072003227421305,386.6799915173316
ST-MTM,53,46,0.07052809386908573,0.03076047799802287,0.8829037158413593,0.45355872672039355,True,True,0.13793103448275862,100.10747273253759,108.57084399682788,0.12626366596654748,11.990077256351366
ST-MTM,54,68,0.08236701945833365,0.0008384868166564659,0.12604072089536605,0.12801681366168427,True,True,0.5294117647058824,23.657308813069818,13.77326647806978,0.946146812736206,101.91565667898661
ST-MTM,54,70,0.005947737166536863,0.0424693023024617,0.12604072089537643,0.0424693023024617,True,False,0.13793103448275862,59.74201031889016,59.028281858905736,2.393194879273935,257.7866610115544
ST-MTM,54,62,0.007120031917518333,0.02021483521626178,0.12604072089536264,0.08081223848646792,True,True,0.5695364238410596,86.59609007441315,87.45049390451535,3.005407522809122,323.7320859214869
ST-MTM,55,70,0.03997826039608684,0.034030523229549976,0.1982370120998525,0.07649982553201168,True,False,0.32926829268292684,68.39127975609829,63.593888508567865,4.4786465045783,395.6725494595951
ST-MTM,55,62,0.0391283364782827,0.04624836839580103,0.19823701209984024,0.12706060688226894,True,False,0.23148148148148148,87.58028763224715,82.88488725485323,0.8482285046549691,74.93798285219604
ST-MTM,55,71,0.11868585870543052,,,,False,True,,55.278127323687066,41.0358242790354,1.0178742055859828,89.92557942263525
ST-MTM,56,72,0.5235337818707829,,,,False,True,,19.039176783791405,-43.78487704070254,0.01701005151426216,5.995038628175683
ST-MTM,56,73,0.4232249636849725,,,,False,True,,20.380156115274424,-30.406839526922273,0.119070360599828,41.96527039722978
ST-MTM,56,70,0.1665716121841978,0.12659335178811096,1.3836169833491732,0.20309317732012264,True,True,0.20583468395461912,78.72351355348762,58.734920091383884,5.205075763363794,1834.481820221759
ST-MTM,56,74,0.04017605466070909,,,,False,True,,23.81793949234907,18.99681293306398,0.21262564392826278,74.93798285219604
ST-MTM,56,71,0.15806989872558816,0.03938404002015764,1.3836169833491865,0.03938404002015764,True,True,0.28125,64.86318017575951,45.89479232868893,0.7909673954131193,278.7692962101693
ST-MTM,57,72,0.5234601533505214,7.362852026142619e-05,0.6485788610800398,7.362852026145579e-05,True,True,0.3333333333333333,19.323626945015075,-43.4915914570475,0.09761152638184001,17.985115884527048
ST-MTM,57,73,0.45821376715158857,0.03498880346661612,0.6485788610800701,0.034988803466616085,True,True,0.35714285714285715,19.039176783791405,-35.946475274399226,0.08134293865153097,14.987596570439209
ST-MTM,57,75,0.7328609005302659,,,,False,True,,98.57144186192976,10.628133798297858,0.5694005705607026,104.91317599307446
ST-MTM,57,76,0.40206982882883974,,,,False,False,,69.07044446688514,20.822065007424364,1.44790430799722,266.7792189538179
ST-MTM,57,70,0.3172647053129171,0.1506930931287193,0.648578861080066,0.353786270448842,True,False,0.20588235294117646,81.11703815941446,43.04527352186441,2.0498420540185265,377.68743357506804
ST-MTM,57,77,0.29241670247850965,,,,False,True,,97.64223800193243,62.552233704511266,0.2928345791455058,53.95534765358115
ST-MTM,57,71,0.01572686835092867,0.1423430303746595,0.6485788610800705,0.10295899035450186,True,True,0.7586206896551724,68.71801304939574,66.8307888472843,1.8058132380639336,332.72464386375043
ST-MTM,58,72,0.4982770777199856,0.02518307563053588,0.25642952894770454,0.025256704150797303,True,True,0.5454545454545454,20.590723117738698,-39.20252620865957,0.13847666937105885,32.972712454966256
ST-MTM,58,76,0.47004658616373424,0.06797675733489447,0.2564295289476796,0.06797675733489446,True,False,0.45348837209302323,72.04231241553131,15.636722075883204,2.026794888067263,482.6006095681425
ST-MTM,58,70,0.35741240818587877,0.04014770287296165,0.2564295289476699,0.3939339733218036,True,True,0.31088082901554404,89.49770569539955,46.608216713094095,1.598776091829464,380.68495288915585
ST-MTM,58,71,0.052576607007262174,0.0368497386563335,0.256429528947668,0.06610925169816835,True,True,0.5414634146341464,70.47331618007931,64.16412333920785,2.580701565551493,614.4914593880076
ST-MTM,59,72,0.4081106477386148,0.09016642998137077,0.10714463745136338,0.11542313413216808,True,True,0.4230769230769231,21.139731820520048,-27.833545908113727,0.2940525482803906,77.93550216628388
ST-MTM,59,76,0.5106786652000738,0.04063207903633955,0.10714463745132663,0.10860883637123404,True,True,0.47368421052631576,71.76958719037168,10.488147366362826,2.612543794337345,692.4269615542914
ST-MTM,59,78,0.44111784756167494,,,,False,True,,27.690385135490637,80.62452684289163,0.6559633769331867,173.8561202170948
ST-MTM,59,70,0.43012383824048855,0.0727114300546098,0.1071446374513293,0.4666454033764134,True,True,0.3103448275862069,95.92199178881785,44.30713119995922,0.7125119439101866,188.84371678753402
ST-MTM,59,71,0.0700828545941216,0.01750624758685942,0.10714463745133103,0.04860300411130893,True,True,0.6869565217391305,68.65474588903496,60.244803337740365,2.0696775513581542,548.5460344780751
ST-MTM,60,72,0.37415424676067466,0.03395640097794015,0.35336999622477083,0.14937953511010824,True,True,0.8571428571428571,20.811520096031195,-24.086989515249762,0.41868903448045813,77.93550216628388
ST-MTM,60,76,0.5487329274856045,0.03805426228553078,0.3533699962247622,0.1466630986567648,True,True,0.6133333333333333,69.55887458784056,3.7109232895680146,4.074166373982928,758.372386464224
ST-MTM,60,78,0.0974021357782734,0.34371571178340155,0.3533699962247441,0.34371571178340155,True,True,0.015151515151515152,20.366610869501866,32.05486716289467,0.1449308196278487,26.977673826790575
ST-MTM,60,79,0.004198556475544931,,,,False,False,,52.225028926552994,52.728855703618386,0.14493081962784515,26.977673826790575
ST-MTM,60,70,0.07403654550579629,0.35608729273469225,0.35336999622478454,0.11055811064172112,True,True,0.11904761904761904,98.20807972049565,89.32369425980009,0.49920615649594424,92.92309873672309
ST-MTM,60,71,0.01703860926797051,0.0871214638620921,0.35336999622477494,0.13572446797340104,True,True,0.36065573770491804,64.78393452967083,66.82856764182729,1.0628260106042546,197.83627472979754
ST-MTM,61,72,0.42675854871736774,0.052604301956693106,0.30029258004370474,0.09677523315341514,True,True,0.7777777777777778,20.202836534251876,-31.008189311832254,0.26237684722936905,65.94542490993251
ST-MTM,61,76,0.5819546376525074,0.03322171016690286,0.3002925800437105,0.1798848088236676,True,True,0.7758620689655172,69.78421699598377,-0.050339522317123124,3.124669726095201,785.3500602910145
ST-MTM,61,80,0.7389526898867383,,,,False,True,,92.25664828276426,3.582325496355663,0.11926220328607595,29.975193140878417
ST-MTM,61,78,0.13489029965571336,0.03748816387743995,0.3002925800437024,0.3062275479059616,True,True,0.1956521739130435,23.15752042237759,39.34435638106319,0.5486061351159464,137.8858884480407
ST-MTM,61,71,0.011586304836302594,0.0054523044316679165,0.30029258004371684,0.13027216354173313,True,True,0.37714285714285717,67.42171106369877,68.81206764405508,2.0870885575063483,524.5658799653722
ST-MTM,61,70,0.04674602679051555,0.027290518715280734,0.3002925800437489,0.08326759192644038,True,True,0.4117647058823529,96.34269118693018,90.73316797206832,0.20274574558632708,50.957828339493304
ST-MTM,62,72,0.3944412735897467,0.03231727512762109,0.12693070859316816,0.12909250828103622,True,True,0.8076923076923077,20.81414578982711,-26.51880704094249,0.2626137920041103,74.93798285219604
ST-MTM,62,76,0.6026560741496059,0.020701436497098432,0.12693070859317052,0.20058624532076616,True,True,0.6,74.52369058483218,2.2049616868794772,3.2143928141302895,917.2409101108796
ST-MTM,62,78,0.0487262366229474,0.08616406303276596,0.12693070859315803,0.3923916109387275,True,True,0.5348837209302325,25.74690849264726,31.59405688740095,0.9033914444941367,257.7866610115544
ST-MTM,62,71,0.0344605525384047,0.04604685737470729,0.12693070859316957,0.08422530616702582,True,True,0.5108225108225108,73.94786652620897,69.8126002216004,1.8277919923486081,521.5683606512845
ST-MTM,62,70,0.04361461329899328,0.003131413491522276,0.1269307085932566,0.08013617843491812,True,True,0.7647058823529411,95.97200500397805,90.73825140809886,0.13655917184212285,38.96775108314194
ST-MTM,63,72,0.3888091548866174,0.005632118703129319,0.13069719138865005,0.13472462698416549,True,True,0.8064516129032258,21.68181053967583,-24.97528804671825,0.37110797294226217,92.92309873672309
ST-MTM,63,81,0.756494277615074,,,,False,True,,94.79044279581821,4.011129482009326,0.3112518482741522,77.93550216628388
ST-MTM,63,76,0.5591418744497602,0.04351419969984576,0.1306971913886475,0.15707204562092034,True,True,0.5620915032679739,66.25128842689237,-0.845736507078839,2.0590506885828557,515.5733220231087
ST-MTM,63,78,0.38957068265197514,0.34084444602902775,0.1306971913886475,0.05154716490969976,True,True,0.5826771653543307,30.62990248374028,77.3783844019773,1.3766908673664489,344.7147211201018
ST-MTM,63,71,0.17090251151242353,0.13644195897401884,0.13069719138864283,0.05221665280699301,True,False,0.5347826086956522,80.41366911217472,59.90536773068389,2.142849263118208,536.5559572217236
ST-MTM,63,82,0.6780956688579873,,,,False,True,,21.59922823480444,102.97070849776293,0.047884899734498276,11.990077256351366
ST-MTM,63,70,0.3573815549733092,0.3137669416743159,0.1306971913888264,0.39390312010923406,True,True,0.23076923076923078,99.25412224886657,56.36833565206946,0.0359136748008666,8.992557942263524
ST-MTM,64,72,0.2677855876955295,0.12102356719108782,0.8524060944436771,0.25574819417525335,True,True,0.7878787878787878,22.45257871847545,-9.681691804988091,0.14292274845610997,83.93054079445956
ST-MTM,64,76,0.4632061555874236,0.09593571886233644,0.8524060913904434,0.06113632675858387,True,True,0.8019323671497585,66.4447066378737,10.859967967382854,1.0259811616924832,602.5013821316561
ST-MTM,64,78,0.4846605490751115,0.0950898664231364,0.8524060999846104,0.043542701513436616,True,True,0.460431654676259,23.77139310233066,81.93065899134405,0.449185778373149,263.78169963973005
ST-MTM,64,71,0.19774735011719655,0.026844838604773002,0.8524060817351101,0.07906149141176601,True,True,0.19691969196919692,73.13352394560775,49.403841931544164,4.639884999916397,2724.745056505848
ST-MTM,64,82,0.4687955557273635,0.20930011313062394,0.852406088304103,0.2093001131306239,True,True,0.23529411764705882,25.66519230406044,81.92065899134406,0.08677452638113436,50.957828339493304
ST-MTM,65,72,0.26977358538479734,0.0019879976892678434,0.325113032687635,0.2537601964859855,True,True,0.75,21.88367839602811,-10.489151850147573,0.14837386805256614,62.947905595844674
ST-MTM,65,76,0.45559394032843425,0.007612215258989371,0.32511302963441147,0.0535241114995945,True,True,0.4427860696517413,66.73092179255111,12.059648953139,0.6288225836513526,266.7792189538179
ST-MTM,65,78,0.5166278576061599,0.03196730853104842,0.32511303822859766,0.07551001004448506,True,True,0.52,21.625895437419167,83.62123835015836,0.4521870264459267,191.84123610162186
ST-MTM,65,71,0.2636770088424312,0.0659296587252347,0.32511301997907527,0.1449911501370007,True,True,0.7033898305084746,78.64918739421805,47.0079463331263,4.938730179463988,2095.2660005474013
ST-MTM,65,82,0.46916254665414797,0.00036699092678456796,0.3251130265477564,0.2089331222038394,True,True,0.68,25.93424869185318,82.23375429035094,0.17663555720542945,74.93798285219604
ST-MTM,66,72,0.324151205463176,0.05437762007837862,0.05846937365023641,0.19938257640760687,True,True,0.19047619047619047,19.46585202562691,-19.43229262995421,0.02996339652807478,11.990077256351366
ST-MTM,66,76,0.4162511748796035,0.039342765448830766,0.058469373650147705,0.014181346050763762,True,False,0.2523809523809524,69.94594701657944,19.995806031027016,1.3034077489711393,521.5683606512845
ST-MTM,66,78,0.4314601912145482,0.0851676663916118,0.05846937365012983,0.009657656347126734,True,True,0.26556016597510373,27.29649349715568,79.07171644290146,1.8052946408163564,722.4021546951698
ST-MTM,66,71,0.26470010067072575,0.0010230918282945348,0.05846937365014754,0.14601424196529525,True,True,0.6123032904148784,84.3284640227889,52.564451942301815,3.2060834285037174,1282.9382664295963
ST-MTM,67,72,0.3566937721843239,0.03254256672114796,0.13353139262438707,0.16684000968645893,True,True,0.25,19.039176783791405,-23.764075878327468,0.006554492990517247,2.9975193140878416
ST-MTM,67,76,0.46807403057648617,0.05182285569688269,0.13353139262452463,0.06600420174764642,True,True,0.42962962962962964,76.52760788621097,20.358724217032627,2.654569661158888,1213.9953222055758
ST-MTM,67,78,0.41828262267640337,0.013177568538144809,0.13353139262453445,0.022835224885271545,True,True,0.7403846153846154,29.782350753715896,79.9762654748843,1.9794568831357537,905.2508328545282
ST-MTM,67,71,0.2639870625398816,0.0007130381308442087,0.13353139262452357,0.14530120383445103,True,True,0.6,87.30721547747241,55.628767972686624,1.7041681775341004,779.3550216628388
ST-MTM,68,83,0.5476037086066495,,,,False,True,,47.19974274493482,-18.512702287863135,0.02398770969686126,5.995038628175683
ST-MTM,68,84,0.5230586853602911,,,,False,False,,75.36030870607823,12.593266462843298,0.07196312909057667,17.985115884527048
ST-MTM,68,76,0.547818643249214,0.07974461267272787,0.6042436554182746,0.14574881442037432,True,False,0.04197530864197531,85.60051451013037,19.862277320224678,0.20389553242330294,50.957828339493304
ST-MTM,68,78,0.3987566819746082,0.019525940701795187,0.6042436554182838,0.04236116558706673,True,True,0.7632978723404256,31.74251611688844,79.59331795384142,4.329781600283098,1082.1044723857108
ST-MTM,68,71,0.2572555264657732,0.006731536074108331,0.6042436554182732,0.13856966776034269,True,True,0.532319391634981,87.37882530826998,56.508162132377194,1.7151212433254273,428.64526191456133
ST-MTM,69,83,0.5266713219249809,0.020932386681668726,0.4456063416627667,0.020932386681668667,True,True,0.038461538461538464,41.652964601073215,-21.54759402992449,0.399427311344553,155.87100433256776
ST-MTM,69,84,0.5766230959702848,0.05356441060999374,0.44560634166266677,0.053564410609993666,True,False,0.06,77.7667570700305,8.571985553596313,0.768129444893372,299.7519314087842
ST-MTM,69,76,0.5693716205324488,0.021552977283234753,0.44560634166268054,0.16730179170360907,True,True,0.022222222222222223,95.6855656807877,27.360971216893844,0.9294366283209783,362.6998370046288
ST-MTM,69,78,0.38201542807708605,0.016741253897522117,0.4456063416626773,0.059102419484588845,True,True,0.7794759825327511,33.865671530921254,79.70752290017158,3.4873076798159275,1360.8737685958802
ST-MTM,69,71,0.28256009404953325,0.02530456758376,0.44560634166266544,0.1638742353441027,True,True,0.6923076923076923,89.85864722663018,55.951435940686196,0.7604481504444465,296.7544120946963
ST-MTM,70,83,0.5351427888816631,0.008471466956682239,0.20407673072767252,0.012460919724986396,True,True,0.3269230769230769,36.60815732995931,-27.60897733584026,0.10647654161098785,50.957828339493304
ST-MTM,70,84,0.6636416615111332,0.08701856554084833,0.2040767307277035,0.1405829761508421,True,True,0.3009118541033435,85.25188961741114,5.614890236075159,2.054370920494293,983.1863350208121
ST-MTM,70,76,0.5467183046200107,0.02265331591243817,0.20407673072767207,0.1446484757911709,True,True,0.14049586776859505,100.2580639943619,34.651867439960625,0.10647654161098785,50.957828339493304
ST-MTM,70,78,0.3609539610886159,0.021061466988470202,0.20407673072771088,0.08016388647305904,True,True,0.7766323024054983,37.392097358467616,80.70657268910152,3.6327290667277055,1738.561202170948
ST-MTM,70,71,0.3015002881637999,0.018940194114266676,0.2040767307277223,0.18281442945836937,True,True,0.7171717171717171,92.86000313178238,56.67996855212639,0.4446961443752855,212.82387130023676
ST-MTM,71,85,0.13772191023276398,,,,False,True,,20.745877751133428,4.219248523201747,0.024340483354073683,8.992557942263524
ST-MTM,71,83,0.2549742684041949,0.28016852047746815,0.25881714023629643,0.2926294402024546,True,True,0.65,34.82616073170514,4.229248523201747,0.12981588959236579,47.960309025405465
ST-MTM,71,86,1.1110201704692575,,,,False,True,,94.13401934684052,-39.18840110947039,0.008113490018452296,2.9975193140878416
ST-MTM,71,84,0.908183965971652,0.24454230446051886,0.2588169619173616,0.38512528061136087,True,False,0.3079268292682927,85.3301460400564,-23.651929876541836,0.8194626569260635,302.749450722872
ST-MTM,71,78,0.1090265586883365,0.2519274024002794,0.258816726141503,0.33209128887333844,True,True,0.8008982035928144,41.09753342751207,54.18072047011245,5.054704107875494,1867.4545326767252
ST-MTM,71,71,0.12709348710728866,0.17440680105651124,0.25881665135256005,0.008407628401858129,True,True,0.5352112676056338,95.88563349753365,80.63441504465901,0.3083125870528107,113.90573393533798
ST-MTM,72,83,0.28238437053049015,0.027410102126295237,0.03641369010305717,0.2652193380761594,True,True,0.2191780821917808,39.49620892658963,5.610084462930812,0.5711056629861968,218.81890992841244
ST-MTM,72,87,1.0605717091582074,,,,False,True,,95.84072031418253,-31.42788478480235,0.007823365246387937,2.9975193140878416
ST-MTM,72,84,0.8927050938272436,0.015478872144408396,0.03641351178409552,0.36964640846695246,True,False,0.5779816513761468,87.88412848051759,-19.240482778751645,0.5554589324934227,212.82387130023676
ST-MTM,72,78,0.044386601311349236,0.06463995737698726,0.03641327600822946,0.3967312462503257,True,True,0.8215297450424929,44.1454430499856,49.47183520734751,5.186891158354101,1987.355305240239
ST-MTM,72,71,0.16419254148111975,0.03709905437383109,0.036413201219371416,0.04550668277568922,True,True,0.07894736842105263,99.25412224886657,79.5510172711322,0.023470095739156704,8.992557942263524
ST-MTM,73,83,0.31146911752957457,0.02908474699908443,1.6678301327229785,0.23613459107707496,True,True,0.42424242424242425,45.84180241004967,8.465508306500716,4.768929148393564,344.7147211201018
ST-MTM,73,87,1.1119970236022862,0.05142531444407895,1.6678301327227647,0.05142531444407889,True,True,0.037037037037037035,97.35778784070875,-36.081854991565606,1.1196616261445769,80.93302148037172
ST-MTM,73,84,0.9735883050140061,0.08088321118676249,1.6678301327229887,0.4505296196537149,True,False,0.1267605633802817,90.91025085297224,-25.920345748708492,0.37322054204819466,26.977673826790575
ST-MTM,73,78,0.25314635767369736,0.20875975636234814,1.6678301327229264,0.18797148988797752,True,False,0.0015082956259426848,27.572681620501527,57.950244541345214,0.041468949116463705,2.9975193140878416
ST-MTM,73,88,0.2943969222086972,,,,False,False,,25.865980653159504,61.19361131820317,0.041468949116463705,2.9975193140878416
ST-MTM,74,83,0.4054790957809827,0.09400997825140808,0.24256163717131138,0.14212461282566688,True,True,0.775,43.94307865419036,-4.714412839527562,3.1886431951399374,293.7568927806085
ST-MTM,74,87,1.0004625127774125,0.11153451082487384,0.24256163717131507,0.06010919638079493,True,True,0.48148148148148145,97.15356721213794,-22.901934321151554,0.4229832809879497,38.96775108314194
ST-MTM,74,89,0.9304353504370017,,,,False,False,,89.77245020807756,-21.87979184436264,0.2928345791455058,26.977673826790575
ST-MTM,74,90,1.1073285616533697,,,,False,True,,21.030327912357098,-111.84909948604728,0.19522305276368002,17.985115884527048
ST-MTM,74,91,1.1407137738210547,,,,False,False,,37.81288742455368,-99.07276543397286,1.8871561767154788,173.8561202170948
ST-MTM,74,92,1.306719204976867,,,,False,True,,75.2051540726835,-81.60115052454054,0.35790893006671354,32.972712454966256
ST-MTM,75,83,0.4278585450458691,0.022379449264886428,0.9846680293188924,0.11974516356078044,True,True,0.6836734693877551,43.59529219450353,-7.747733211000764,0.814364362821629,200.83379404388538
ST-MTM,75,87,0.9500066367174446,0.050455876059967895,0.9846680293188892,0.11056507244076291,True,True,0.03757225433526012,87.32694612449363,-26.67385028159972,4.205523425914684,1037.1416826743932
ST-MTM,75,90,1.116522665896448,0.009194104243078271,0.9846680293189615,0.009194104243078271,True,True,0.3333333333333333,25.202263610304275,-108.7804562972695,0.2187844556834193,53.95534765358115
ST-MTM,75,91,1.1623568056886273,0.021643031867572837,0.9846680293189111,0.02164303186757266,True,False,0.24096385542168675,44.14664434780075,-95.33617233483453,0.5469611392085483,134.88836913395286
ST-MTM,75,93,1.3513835009734625,,,,False,True,,93.39197544799616,-68.77404466881934,0.5591158311909794,137.8858884480407
ST-MTM,76,83,0.4611781729729809,0.033319627927111815,0.35777023430014476,0.08642553563366864,True,True,0.373134328358209,41.56762955270615,-13.773751204051559,0.4345718640287153,74.93798285219604
ST-MTM,76,87,1.0082453647308738,0.05823872801342907,0.3577702343001472,0.052326344427333756,True,True,0.8112676056338028,90.15746355761263,-30.83198021009221,5.162713744661154,890.263236284089
ST-MTM,76,94,1.098056793429874,,,,False,False,,49.11978133319459,-82.6470338783903,0.27812599297837437,47.960309025405465
ST-MTM,76,90,1.0874396833005853,0.029082982595862696,0.3577702343000867,0.019888878352784425,True,False,0.47368421052631576,28.42603210417254,-102.06672989189771,0.17382874561147332,29.975193140878417
ST-MTM,76,91,1.1358721015551716,0.02648470413345573,0.3577702343001541,0.004841672265883072,True,False,0.37777777777777777,44.43890294482271,-91.86574924179789,0.29550886753952454,50.957828339493304
ST-MTM,77,83,0.4657550335993353,0.004576860626354332,0.25799028264438273,0.08184867500731426,True,True,0.36363636363636365,44.38368614882047,-11.506917883099756,0.4499822138169698,59.950386281756835
ST-MTM,77,87,1.0875653627315376,0.07931999800066393,0.2579902826443778,0.026993653573330077,True,True,0.6174496644295302,94.81669973377723,-35.69114379400728,4.162335477806963,554.5410731062507
ST-MTM,77,91,1.1814409843502895,0.04556888279511805,0.2579902826443894,0.04072721052923498,True,False,0.2077922077922078,52.49949838036532,-89.27341974166944,1.709932412504486,227.81146787067595
ST-MTM,77,95,1.1401338386744344,,,,False,False,,36.10618645721165,-100.70987418372049,0.02249911069085897,2.9975193140878416
ST-MTM,78,96,0.22263384627107297,,,,False,True,,19.892527267462416,-6.823534285066342,0.1220144079772929,5.995038628175683
ST-MTM,78,83,0.5362116249545001,0.07045659135516491,0.9975161717967373,0.01139208365214941,True,True,0.8095238095238095,43.691524089842865,-20.653870904697154,1.0981296717956397,53.95534765358115
ST-MTM,78,91,1.18970605591991,0.008265071569620197,0.997516171796742,0.04899228209885535,True,False,0.40625,56.64445233539536,-86.12027437499383,3.599425035330171,176.85363953118267
ST-MTM,78,95,1.0941677437560804,0.045966094918354135,0.9975161717962817,0.045966094918354135,True,False,0.04,36.58406272806742,-94.71606652266222,1.5251800997161808,74.93798285219604
ST-MTM,79,91,1.2177874740254582,0.028081418105548473,3.138833117194666,0.07707370020440366,True,True,0.024583333333333332,60.014222508061174,-86.12027437499383,6.344749214819274,7194.04635381082
ST-MTM,80,97,1.3748929512462595,,,,False,True,,19.721857170728214,-145.26529697882293,0.013703562019031779,14.987596570439209
ST-MTM,80,91,1.2275816102585013,0.009794136233043104,0.036059049815700614,0.08686783643744675,True,True,0.9625,61.189518856026346,-86.12027437499383,6.3310456528002135,6924.269615542914
ST-MTM,81,97,1.3382619809385181,0.03663097030774161,4.656122513163238,0.03663097030774149,True,True,0.6,19.039176783791405,-141.55226092883075,0.865193074748106,8.992557942263524
ST-MTM,81,91,1.1348308557187485,0.09275075453975301,4.656122513162018,0.0058829181023061965,True,False,0.005627705627705628,46.3463922612638,-89.83331042498601,3.7491699905750124,38.96775108314194
ST-MTM,81,98,0.8935885461908225,,,,False,False,,44.63969129392178,-62.590934248976936,0.2883976915826878,2.9975193140878416
ST-MTM,81,99,0.8454071090810299,,,,False,False,,42.25030993964294,-59.198543150080646,1.4419884579134674,14.987596570439209
ST-MTM,82,100,0.3997665932875595,,,,False,True,,21.20099800909131,-26.770993185415833,0.9151080598296986,89.92557942263525
ST-MTM,82,101,1.6536628971083047,,,,False,False,,92.65487850847744,-105.78466914451913,0.45755402991485994,44.962789711317626
ST-MTM,82,102,1.1642155183847511,,,,False,False,,62.87610718570601,-76.82975502046412,1.647194507693456,161.86604296074344
ST-MTM,82,99,0.9274279216258322,0.08202081254480238,2.246495626343,0.08202081254480238,True,False,0.045871559633027525,52.09280744488329,-59.19854315021658,3.324892617381252,326.72960523557475
ST-MTM,83,100,0.4357378215524542,0.03597122826489466,0.6688150799004133,0.035971228264894725,True,True,0.25675675675675674,27.274686213505298,-25.013852372789206,0.9845300505754011,188.84371678753402
ST-MTM,83,102,1.2902542875250402,0.12603876914028908,0.6688150799004087,0.12603876914028903,True,False,0.07308970099667775,74.47840746273056,-80.35210704027426,4.203787041345777,806.3326954896294
ST-MTM,83,103,1.6996040339647658,,,,False,True,,99.71958614905076,-104.23289792672114,0.17190207232269472,32.972712454966256
ST-MTM,83,99,0.9341375425720512,0.0067096209462188606,0.6688150799004173,0.0887304334910213,True,False,0.5221238938053098,54.66317316561307,-57.43333194303307,0.9845300505754011,188.84371678753402
ST-MTM,84,100,0.4730282729535309,0.03729045140107665,0.2777810014690624,0.07326167966597137,True,False,0.008928571428571428,40.20226877883252,-16.561123975591183,0.591860934218218,149.8759657043921
ST-MTM,84,102,1.3912958932765078,0.10104160575146774,0.2777810014690699,0.22708037489175675,True,False,0.5175438596491229,81.38419651752415,-85.5713106756568,5.007143503486105,1267.950669859157
ST-MTM,84,99,0.981175696822057,0.04703815425000588,0.277781001469068,0.13576858774102712,True,False,0.5441176470588235,57.07422691312796,-60.66685670551888,0.49716318474330023,125.89581119168935
ST-MTM,84,104,0.473924990178226,,,,False,True,,20.9084207004041,-35.96257812098302,0.24858159237165012,62.947905595844674
ST-MTM,85,105,1.436610834733023,,,,False,False,,48.05309322860583,-124.34020693935695,0.2138679510613315,80.93302148037172
ST-MTM,85,102,1.4680101816919437,0.07671428841543577,0.4017267859975622,0.3037946633071925,True,True,0.6666666666666666,85.14379171605295,-91.0174300869803,3.9367545065732372,1489.7670991016573
ST-MTM,85,99,0.7882704471128132,0.19290524970924375,0.40172678599755596,0.05713666196821663,True,True,0.1,39.371715383894966,-55.220738269642624,2.1941267571846907,830.3128500023321
ST-MTM,86,106,1.6515202727982823,,,,False,True,,57.38708612964447,-140.7953466061494,0.9559422150327919,338.7196824919261
ST-MTM,86,107,1.6087086211185166,,,,False,False,,75.36030870607823,-117.68472582814378,0.03383866247904166,11.990077256351366
ST-MTM,86,102,1.492006375183279,0.023996193491335305,0.06578774053800984,0.3277908567985278,True,True,0.4704761904761905,89.21872056089542,-89.82204446109806,2.3264080454337375,824.3178113741565
ST-MTM,86,99,0.8083632685191148,0.020092821406301493,0.06578774053800335,0.03704384056191508,True,True,0.6933333333333334,40.58746832676891,-56.41612389552486,3.028560291873731,1073.1119144434472
ST-MTM,87,108,1.6699869661287166,,,,False,True,,46.871531020445964,-153.52690491500002,0.13218227530870763,38.96775108314194
ST-MTM,87,106,1.7361578090994798,0.0846375363011975,0.18392283816091515,0.0846375363011975,True,True,0.12244897959183673,69.09146476834118,-139.24747232359638,0.5287291012349442,155.87100433256776
ST-MTM,87,102,1.5089973036613193,0.016990928478040363,0.1839228381609228,0.3447817852765681,True,True,0.45357142857142857,93.39703483821552,-87.6826416011428,1.3421584877502255,395.6725494595951
ST-MTM,87,99,0.8644321834700859,0.05606891495097119,0.18392283816092897,0.019025074389055992,True,True,0.7922374429223744,43.6284609783772,-60.10340103803311,4.341679350525368,1279.9407471155084
ST-MTM,88,108,1.6502341807069203,0.019752785421796305,0.535518236356209,0.019752785421796187,True,True,0.14606741573033707,40.094880852797495,-157.93322083203293,0.5297210882916374,266.7792189538179
ST-MTM,88,106,1.7789838168279355,0.04282600772845579,0.5355182363563726,0.1274635440296533,True,True,0.13227513227513227,82.27789454179427,-131.200163477558,2.2379227999737736,1127.0672620970283
ST-MTM,88,102,1.5244897152905967,0.01549241162927745,0.5355182363563622,0.36027419690584567,True,True,0.6041666666666666,94.25469517281418,-88.68407066205744,0.589240311695221,296.7544120946963
ST-MTM,88,99,0.8788197321531769,0.014387548683090935,0.5355182363563624,0.033412623072146985,True,True,0.7969052224371374,42.715402952257264,-62.74296490612396,2.987865014858606,1504.7546956720964
ST-MTM,89,108,1.7048459797670334,0.05461179906011336,0.12366333014944386,0.03485901363831705,True,True,0.7416666666666667,40.785391609341055,-163.79612596270297,0.8082483076202607,359.702317690541
ST-MTM,89,109,1.927084376608751,,,,False,True,,91.92534750675082,-139.3247776862993,0.1145018435795464,50.957828339493304
ST-MTM,89,106,1.7482067966829222,0.030777020145013267,0.12366333014941655,0.09668652388464001,True,False,0.31382978723404253,83.41651581463339,-126.36829978731728,0.7947775024932753,353.70727906236533
ST-MTM,89,102,1.4941184475612066,0.030371267729390302,0.12366333014944478,0.3299029291764555,True,True,0.811965811965812,92.71428579878608,-86.5799279085587,0.7611004896757834,338.7196824919261
ST-MTM,89,99,0.9031041997703082,0.024284467617131433,0.12366333014942382,0.057697090689278356,True,True,0.7933333333333333,44.55643758819775,-63.81606638423924,3.8661210714503724,1720.576086286421
ST-MTM,90,108,1.7269475356078483,0.02210155584081459,0.03135052988403122,0.05696056947913183,True,True,0.926829268292683,41.532620302094,-165.70108397084778,0.7637198128949194,350.70975974827746
ST-MTM,90,109,1.9383460022591086,0.01126162565035725,0.031350529883630074,0.01126162565035737,True,True,0.15,94.13401934684053,-138.46750092425248,0.039165118610014815,17.985115884527048
ST-MTM,90,106,1.7748232951523233,0.02661649846940103,0.031350529884054956,0.12330302235404104,True,True,0.27184466019417475,90.92210294302316,-122.05669247525563,0.9399628466399008,431.6427812286492
ST-MTM,90,102,1.512499762444747,0.018381314883540393,0.03135052988409859,0.34828424405999575,True,True,0.48672566371681414,93.01690598639848,-88.48306550697114,0.35901358725828914,164.86356227483128
ST-MTM,90,99,0.9316359938985748,0.02853179412826646,0.03135052988407344,0.08622888481754494,True,True,0.8160237388724035,46.61946441603849,-65.17685485179048,4.242887849416178,1948.387554157097
ST-MTM,91,108,1.7519652979002127,0.02501776229236441,0.15591279482072135,0.08197833177149623,True,True,0.7627118644067796,43.92700297788885,-166.30883277013666,0.5082501571729949,272.7742575819936
ST-MTM,91,109,1.9413970678656445,0.0030510656065362222,0.15591279482100773,0.014312691256893354,True,True,0.09090909090909091,97.94565150723771,-135.02199663663964,0.16755499687025122,89.92557942263525
ST-MTM,91,106,1.771127468766756,0.0036958263855672393,0.1559127948206686,0.11960719596847369,True,True,0.4114285714285714,95.79101057726962,-116.7442856747411,0.5752721559211125,308.74448935104766
ST-MTM,91,99,1.0748316272397485,0.14319563334117352,0.15591279482065593,0.2294245181587185,True,True,0.7052401746724891,55.652778128140824,-73.32701714062897,5.093671904854915,2733.7376144481113
ST-MTM,92,108,1.7267587096071437,0.025206588293068915,1.2986963018019573,0.05677174347842732,True,True,0.6293706293706294,40.661395377089306,-166.54964977576793,2.9063044790462413,425.6477426004735
ST-MTM,92,109,1.99620656722346,0.05480949935781527,1.2986963018020217,0.06912219061470874,True,True,0.16666666666666666,95.15803992724574,-144.38674813956945,0.10233466475517616,14.987596570439209
ST-MTM,92,110,1.934560353659859,,,,False,False,,95.73405150372366,-136.41319093545943,0.3274709272164955,47.960309025405465
ST-MTM,92,106,1.7802778692624301,0.00915040049567395,1.2986963018019198,0.1287575964641479,True,True,0.24369747899159663,98.04046822764556,-115.59287608384604,0.9210119827963581,134.88836913395286
ST-MTM,92,111,0.6202231783401863,,,,False,True,,23.525362183661866,-50.90141921716048,0.7163426532860484,104.91317599307446
ST-MTM,92,99,0.9191851432712812,0.15564648396846703,1.2986963018018982,0.0737780341902513,True,True,0.07346491228070176,45.42935890567704,-64.8728582868767,1.3712845077189968,200.83379404388538
ST-MTM,93,112,1.653903544639787,,,,False,True,,41.226289359237725,-157.2421359975367,0.016829577735819612,2.9975193140878416
ST-MTM,93,110,1.8730547718954624,0.06150558176439643,0.19567278870863714,0.06150558176439655,True,True,0.07692307692307693,91.18011382644083,-133.5864588010147,3.50055164540143,623.4840173302711
ST-MTM,93,108,1.6388017854453925,0.08795692416175124,0.19567300859857317,0.03118518068332392,True,False,0.035211267605633804,43.95701090698496,-152.69920334646213,0.08414785758810694,14.987596570439209
ST-MTM,93,106,1.7948385651348273,0.014560695872397271,0.19567290022814676,0.14331829233654503,True,True,0.2222222222222222,100.27814282927179,-115.10248498690748,0.16829573341449588,29.975193140878417
ST-MTM,93,113,0.7034090342716267,,,,False,False,,25.01263016948849,-59.39645394310672,0.06731829843086246,11.990077256351366
ST-MTM,93,111,0.6906921103498954,0.07046893200970918,0.1956730574638,0.0704689320097092,True,True,0.8292682926829268,23.476599298880664,-59.40645394310678,0.6731828278096259,119.90077256351367
ST-MTM,93,99,1.0504246787841431,0.1312395355128619,0.19567302003641063,0.20501756970311327,True,True,0.4666666666666667,52.51556823495886,-73.53539321913831,1.8344232744388904,326.72960523557475
ST-MTM,94,112,1.6326643989598415,0.021239145679945417,0.21835783184868363,0.021239145679945656,True,True,0.2,39.86092858536411,-156.05879928981687,0.06764124962495544,14.987596570439209
ST-MTM,94,110,1.839580642487716,0.033474129407746744,0.21835768225850516,0.09497971117214306,True,True,0.6645367412140575,89.45558666320004,-131.29409043532587,4.234342226521164,938.2235453094944
ST-MTM,94,108,1.610060698654916,0.028741086790476503,0.21835746236826842,0.05992626747380048,True,False,0.42857142857142855,43.95701090698497,-149.25027293160494,0.06764124962495544,14.987596570439209
ST-MTM,94,114,0.9298598884911027,,,,False,False,,37.94169504473042,-73.6414915742019,0.7169972460243628,158.8685236466556
ST-MTM,94,111,0.6901023598077723,0.0005897505421229946,0.21835741350332127,0.0698791814675861,True,True,0.4,21.91923466618107,-60.89304851075162,0.2164519987997977,47.960309025405465
ST-MTM,94,99,1.126157481854025,0.07573280306988177,0.2183574509306787,0.280750372772995,True,True,0.6173913043478261,56.16546406038741,-78.97343376209558,1.0416752442240522,230.8089871847638
ST-MTM,95,112,1.6731551001660931,0.04049070120625184,0.002134472528398046,0.019251555526306183,True,True,0.038461538461538464,40.37293887556673,-160.40567314436447,1.762430337449814,389.6775108314194
ST-MTM,95,110,1.2338716343821736,0.6057090081055421,0.0021344725286339683,0.7006887192776854,True,True,0.8466453674121406,90.04437740622846,-58.02021871963239,3.592646457109197,794.342618233278
ST-MTM,95,115,1.4311240742709301,,,,False,True,,19.770620055509415,-151.9642688570022,0.09490009509346464,20.98263519861489
ST-MTM,95,111,1.1265841604791,0.43648180067132764,0.002134472528657061,0.5063609821389137,True,True,0.5517241379310345,22.74683750594821,-112.44326175154379,0.3931575368157212,86.9280601085474
ST-MTM,95,99,1.2443552180238702,0.11819773616984523,0.0021344725286109867,0.39894810894284033,True,False,0.04716981132075472,52.972407781532844,-96.35021838133157,0.4609433190253185,101.91565667898661
ST-MTM,95,116,1.2243718754809152,,,,False,True,,54.879897097973924,-92.0447279597359,0.04067146932575838,8.992557942263524
ST-MTM,96,112,1.5878628110483646,0.08529228911772874,0.5159407244327697,0.06604073359142243,True,True,0.5721649484536082,34.926124645506604,-155.61741268029715,1.4162386640221598,524.5658799653722
ST-MTM,96,110,1.2177824464150102,0.016089187967163573,0.5159407244327627,0.7167779072448489,True,True,0.8389261744966443,90.88947828525035,-55.244415284550875,2.2902602395329694,848.2979658868592
ST-MTM,96,111,1.2205755009543777,0.09399134047527774,0.5159407244327575,0.6003523226141915,True,True,0.2553191489361702,26.4604495294247,-120.00861058510063,0.7202585205598382,266.7792189538179
ST-MTM,96,99,1.3070485089193908,0.06269329089552074,0.5159407244327341,0.461641399838361,True,True,0.12916666666666668,60.49688762340338,-96.34893344692352,1.917991790704292,710.4120774388184
ST-MTM,97,117,1.615568078635044,,,,False,True,,23.305929202146462,-170.5622402340588,0.08169204997619772,17.985115884527048
ST-MTM,97,112,1.6514303114412001,0.06356750039283542,0.52022338622481,0.002473233198586892,True,True,0.19428571428571428,40.071756351918125,-158.09988102102588,0.4629216165319008,101.91565667898661
ST-MTM,97,110,1.7899615780893574,0.572179131674347,0.5202233862247654,0.1445987755705017,True,True,0.8664596273291926,90.26979074153785,-124.52559862918503,4.329678648739332,953.2111418799336
ST-MTM,97,111,0.7853539381949879,0.43522156275938984,0.5202233862247678,0.1651307598548017,True,True,0.5275590551181102,31.506220992851706,-62.73625159054684,1.4296108745837444,314.73952797922334
ST-MTM,97,99,1.2959270599692885,0.0111214489501022,0.5202233862245667,0.4505199508882587,True,False,0.004219409282700422,73.6536077387362,-81.85763945757844,0.01361534166269962,2.9975193140878416
ST-MTM,97,118,1.248259882750655,,,,False,False,,71.94690677139417,-77.84427915868442,0.01361534166269962,2.9975193140878416
ST-MTM,97,119,1.2195787862466656,,,,False,True,,70.24020580405215,-76.10924854554773,0.01361534166269962,2.9975193140878416
ST-MTM,98,112,1.589948663569856,0.0614816478713441,0.16936241215151907,0.063954881069931,True,True,0.3333333333333333,35.628310186355876,-155.16552944202684,0.5747055448205742,149.8759657043921
ST-MTM,98,110,1.844848244451843,0.054886666362485785,0.1693624121514478,0.089712109208016,True,True,0.8962264150943396,90.92422384334816,-130.457565490873,3.275821605477347,854.2930045150348
ST-MTM,98,111,0.738338633178,0.047015305016987904,0.16936241215145087,0.11811545483781376,True,True,0.4090909090909091,31.81029524185317,-56.79034073950683,2.3562927337644055,614.4914593880076
ST-MTM,98,120,1.0139134768250868,,,,False,True,,53.1731961306319,-68.4964210883785,0.05747055448205174,14.987596570439209
ST-MTM,98,119,1.258370425697869,0.03879163945120325,0.16936241215108971,0.03879163945120325,True,True,0.14285714285714285,71.94690677139417,-79.0575443123501,0.08045877627489517,20.98263519861489
ST-MTM,99,110,1.883041281702773,0.03819303725092998,0.38225087078140435,0.05151907195708603,True,True,0.8771929824561403,91.99040293185894,-133.97455087247383,1.9606765187945712,749.3798285219603
ST-MTM,99,111,0.8281253068225443,0.08978667364454426,0.38225087078139885,0.207902128482358,True,True,0.33511586452762926,46.101681460799284,-53.27335535790603,4.266432104897007,1630.6505068637857
ST-MTM,99,121,1.5705784454270215,,,,False,True,,96.75096083009826,-91.71845262114431,0.11764059112766745,44.962789711317626
ST-MTM,100,110,1.8846257554571777,0.001584473754404551,0.3913501146365076,0.04993459820268147,True,True,0.864,93.01202148868052,-133.1430691661808,2.5054219934203843,647.4641718429738
ST-MTM,100,122,0.41108451694585235,,,,False,True,,20.745877751133428,-28.584264282368856,0.03479752768639344,8.992557942263524
ST-MTM,100,123,1.6516934878862892,,,,False,True,,100.96082321620861,-97.24239533014612,0.011599175895469216,2.9975193140878416
ST-MTM,100,111,0.8571877634133124,0.029062456590768036,0.3913501146365101,0.2369645850731261,True,True,0.5665467625899281,48.75769454539841,-54.10483706419907,3.7929305178169983,980.1888157067242
ST-MTM,101,124,1.4046309726661734,,,,False,True,,38.77170819272333,-129.78400852721748,1.3193520563526135,533.5584379076358
ST-MTM,101,110,1.6834518685893345,0.20117388686784304,0.44782157371974884,0.2511084850705245,True,True,0.5654450261780105,89.49197142781331,-112.52225280290683,2.8314184580151505,1145.0523779815555
ST-MTM,101,122,0.5619221474863637,0.15083763054051136,0.44782157371974085,0.15083763054051136,True,True,0.034482758620689655,24.826266270755738,-42.60439142760791,0.6448518477678391,260.78418032564224
ST-MTM,101,111,0.97505261219713,0.11786484878381766,0.44782157371976355,0.35482943385694377,True,True,0.5446685878962536,56.30078689853619,-60.705526565119406,1.5491268526836706,626.4815366443589
ST-MTM,102,124,1.400342041661473,0.004288931004700617,0.06665368913380093,0.004288931004700677,True,True,0.6269230769230769,36.48932340906393,-131.5517215903128,1.6988672760991221,734.3922319515211
ST-MTM,102,110,1.6260207137352873,0.05743115485404715,0.06665368913378004,0.3085396399245717,True,True,0.7077244258872651,84.985945583817,-110.13654006441749,3.0232903362417574,1306.918420942299
ST-MTM,102,122,0.6223913676048677,0.0604692201185039,0.06665368913377256,0.2113068506590153,True,True,0.5031847133757962,30.1270058870604,-44.559958225523715,1.0331886699541712,446.63037779908836
ST-MTM,102,111,1.0019279111976966,0.0268752990005666,0.0666536891337749,0.3817047328575104,True,True,0.40669856459330145,60.86338990112596,-59.36795944259762,0.5894029325241945,254.78914169746653
ST-MTM,103,124,1.1864355866937832,0.21390645496768948,0.26356717346486536,0.21819538597239022,True,True,0.7877551020408163,36.283046661081265,-106.08922374217273,1.7418728285350085,578.5212276189534
ST-MTM,103,110,1.7605329742686042,0.13451226053331677,0.2635671734648545,0.17402737939125476,True,True,0.8245967741935484,82.36542461681027,-128.89853229542223,4.232841225818262,1405.8365583071977
ST-MTM,103,122,0.6392724961090452,0.016881128504177636,0.2635671734648677,0.22818797916319286,True,True,0.2214765100671141,25.452234964106896,-51.260464568978534,0.2978331779360417,98.91813736489877
ST-MTM,103,125,0.7144974447480448,,,,False,False,,41.226289359237725,-44.51340401052765,0.07220198252994692,23.980154512702732
ST-MTM,104,124,1.3795148032845412,0.19307921659075813,0.9028292655298031,0.025116169381632147,True,True,0.616822429906542,40.72431848649005,-124.81745790765493,0.5598308130722955,458.6204550554398
ST-MTM,104,110,1.594849335913295,0.16568363835530928,0.9028292655298191,0.3397110177465642,True,True,0.7334754797441365,85.82873615111208,-105.5531841584833,1.2587045731821433,1031.1466440462175
ST-MTM,104,126,1.2829739283307773,,,,False,False,,65.12010290202608,-88.83676849766721,0.007318049844087682,5.995038628175683
ST-MTM,104,122,0.9321113100891888,0.29283881398014355,0.9028292655298285,0.5210267931433364,True,True,0.026720647773279354,55.97577877174092,-55.87757843896174,4.518895778720761,3701.9363528984845
ST-MTM,105,124,1.447666695725823,0.06815189244128182,0.14563265923785063,0.04303572305964967,True,True,0.34591194968553457,47.74532748039661,-125.97467600670218,0.25819192935554724,182.84867815935834
ST-MTM,105,110,1.6081731879657526,0.013323852052457733,0.1456326592378816,0.3263871656941066,True,True,0.8866279069767442,87.80523641548366,-105.17554614040665,1.2909596467777646,914.2433907967917
ST-MTM,105,126,1.2720943777912683,0.010879550539509116,0.1456326592371835,0.010879550539509116,True,False,0.125,63.73340836606069,-88.9179169688915,0.06772247327359082,47.960309025405465
ST-MTM,105,122,0.9463648814053737,0.014253571316184772,0.14563265923788915,0.5352803644595212,True,True,0.895245769540693,58.54693588187799,-55.01684988676684,4.727875165412357,3348.229073836119
ST-MTM,106,127,1.4224024194034692,,,,False,True,,19.892527267462416,-150.7957630609539,0.009723753585944905,5.995038628175683
ST-MTM,106,124,1.5209717990927425,0.07330510336691927,0.13859517834570156,0.11634082642656907,True,True,0.041666666666666664,60.85335048367101,-121.6632654074581,0.06806627510150065,41.96527039722978
ST-MTM,106,110,1.6292290643359544,0.02105587637020167,0.1385951783458024,0.3053312893239048,True,True,0.8918032786885246,89.17705697845734,-106.33043074185717,1.3224304876864608,815.3252534318929
ST-MTM,106,126,1.273225101590731,0.0011307237994626481,0.13859517834730273,0.009748826740046467,True,False,0.0625,61.70670096734203,-91.08031122354568,0.004861876792972453,2.9975193140878416
ST-MTM,106,128,1.2460219999523119,,,,False,False,,60.0,-89.52263999427741,0.004861876792972453,2.9975193140878416
ST-MTM,106,122,0.9624704095400607,0.01610552813468704,0.13859517834580218,0.5513858925942083,True,True,0.9001782531194296,59.485467491619076,-56.0109816531882,4.9348049448594224,3042.482103799159
ST-MTM,107,127,1.4313330270230038,0.008930607619534422,1.1218691508312792,0.008930607619534452,True,True,0.5,20.319202509297924,-151.44076073346253,0.05971528672773729,11.990077256351366
ST-MTM,107,124,1.5690167325730466,0.048044933480303934,1.121869150832517,0.16438575990687312,True,True,0.5652173913043478,61.93943291743412,-126.34257499133146,0.328434077002413,65.94542490993251
ST-MTM,107,110,1.6400800708893315,0.010851006553377118,1.1218691508323841,0.2944802827705277,True,True,0.7904411764705882,91.49061738346886,-105.31899112325091,3.2096966616144584,644.4666525288859
ST-MTM,107,126,1.4504643690237802,0.17723926743304919,1.1218691508308236,0.16749044069300278,True,False,0.010869565217391304,63.19078876503077,-110.86493551782284,1.3734515947373325,275.7717768960814
ST-MTM,107,129,0.6917786772090485,,,,False,True,,21.31477807358078,-61.698663191505034,0.5822240455951828,116.90325324942582
ST-MTM,107,130,0.8471941973217849,,,,False,True,,58.29329903265798,-43.37000464595621,0.0746441084096432,14.987596570439209
ST-MTM,107,122,0.9840242046142754,0.021553795074214784,1.1218691508323768,0.5729396876684231,True,True,0.04729064039408867,86.16941483257773,-31.913489721135324,0.7165834407325278,143.88092707621638
ST-MTM,108,127,1.468689009729528,0.03735598270652434,0.11122568725274129,0.046286590326058766,True,True,0.5,19.892527267462416,-156.35015390008095,0.02671473214311959,5.995038628175683
ST-MTM,108,124,1.5655861240484437,0.0034306085246028554,0.1112255854304065,0.16095515138227015,True,True,0.3728813559322034,61.417429616945086,-126.45290526886815,0.7880846784663049,176.85363953118267
ST-MTM,108,110,1.5868509325036213,0.05322913838571021,0.11122615145557924,0.3477094211562379,True,True,0.7162790697674418,93.4247410227503,-96.99737087768425,2.0570334201383247,461.6179743695276
ST-MTM,108,131,1.4162530310383792,,,,False,False,,54.026546614302916,-115.92381711030256,0.053429465547438326,11.990077256351366
ST-MTM,108,126,1.5172767980240556,0.06681242900027531,0.11122588372472775,0.23430286969327815,True,False,0.021739130434782608,65.12010290202608,-116.95311286086057,0.026714726894411456,5.995038628175683
ST-MTM,108,132,1.4945601587082218,,,,False,False,,63.413401934684046,-115.93381711030256,0.013357365771824448,2.9975193140878416
ST-MTM,108,129,0.7303101698458413,0.03853149263679289,0.11122533469553764,0.0385314926367928,True,True,0.1989795918367347,32.37930883464844,-55.25791154685252,2.618044673034916,587.513785561217
ST-MTM,108,122,1.0471649476114329,0.06314074299715756,0.11122531063647516,0.6360804306655806,True,True,0.6935483870967742,90.09183284524096,-35.567960868131,0.7613701528228987,170.85860090300696
ST-MTM,109,127,1.4609447701385134,0.007744239591014808,0.3304389836752478,0.03854235073504408,True,True,0.3333333333333333,21.030327912357098,-154.2830445042645,0.057592277290325455,17.985115884527048
ST-MTM,109,124,1.5310851446515656,0.034500979396877914,0.33043908549686807,0.1264541719853921,True,True,0.3010204081632653,59.38175628223837,-124.34846107594952,1.8813477248178287,587.513785561217
ST-MTM,109,110,1.640454164443644,0.05360323194002277,0.3304385194717006,0.2941061892162151,True,True,0.8896103896103896,93.52359345341158,-103.3309062798257,1.315023664796115,410.6601460300343
ST-MTM,109,129,0.6496054046928595,0.0807047651529818,0.3304393362317361,0.04217327251618895,True,True,0.6506849315068494,40.06859709467706,-37.88405146846608,2.745231884172938,857.2905238291227
ST-MTM,109,122,1.2107760446798594,0.16361109706842647,0.3304393602907799,0.799691527734007,True,True,0.631578947368421,94.51328622847207,-50.77983913311107,0.3455536637420522,107.9106953071623
ST-MTM,110,127,1.0847321079626246,0.3762126621758887,0.7317024570718631,0.33767031144084475,True,True,0.6666666666666666,20.935511191949207,-109.23234176356574,0.179568374004333,26.977673826790575
ST-MTM,110,124,1.4550534329693046,0.07603171168226108,0.7317024570715068,0.05042246030313109,True,True,0.45365853658536587,51.784410049363395,-122.82200190695316,2.0351082387156225,305.74697003695985
ST-MTM,110,110,1.9968548826073824,0.3564007181637385,0.7317024570715147,0.06229452894752328,True,True,0.8026315789473685,91.53036604629686,-148.09221986658903,2.733429693176845,410.6601460300343
ST-MTM,110,133,0.605445508582608,,,,False,True,,22.708583863576752,-49.944877166336205,0.39904083112071476,59.950386281756835
ST-MTM,110,129,0.7014076747640717,0.05180227007121226,0.7317024570715096,0.009628997555023252,True,True,0.17482517482517482,44.46902119718757,-39.69989977450104,0.9976020778017727,149.8759657043921
ST-MTM,111,127,1.0580535193970024,0.026678588565622115,0.15145162285820993,0.3643489000064669,True,True,0.8181818181818182,21.211341651317618,-105.75508067632268,0.18862767935948455,32.972712454966256
ST-MTM,111,124,1.4374695105294286,0.017583922439876016,0.15145162285809444,0.03283853786325513,True,True,0.8130841121495327,50.4832869973211,-122.01305426621033,1.5776133182793899,275.7717768960814
ST-MTM,111,110,2.0014767012333823,0.004621818625999907,0.1514516228580901,0.06691634757352342,True,True,0.8011695906432749,90.11179426006372,-150.06540988794217,2.9323030154975527,512.5758027090209
ST-MTM,111,133,0.6484358127277937,0.04299030414518571,0.15145162285812247,0.04299030414518571,True,True,0.2972972972972973,24.829769351558983,-52.98252817577626,0.4801431838241541,83.93054079445956
ST-MTM,111,129,0.760792609322122,0.059384934558050224,0.15145162285809255,0.06901393211307354,True,True,0.5324675324675324,52.31984564696089,-38.97526747169375,1.1660620178586782,203.83131335797322
ST-MTM,112,127,1.035620161741066,0.02243335765593623,0.31879162603652833,0.3867822576624031,True,True,0.9090909090909091,21.428558138070237,-102.84586127085771,0.23586428307879714,29.975193140878417
ST-MTM,112,134,1.3255974431379374,,,,False,True,,43.53535537387694,-115.53633780267555,0.4009692812339267,50.957828339493304
ST-MTM,112,124,1.5577949506978415,0.12032544016841289,0.31879162603643496,0.1531639780316681,True,True,0.25,60.29681755953775,-126.63857652420323,0.542487851081205,68.94294422402035
ST-MTM,112,110,2.002227437221344,0.0007507359879614483,0.3187916260364374,0.06766708356148475,True,True,0.7953216374269005,91.02179993580512,-149.24549253075614,3.2077542498714706,407.66262671594643
ST-MTM,112,135,0.742385206173542,,,,False,False,,39.1782481984273,-49.907976542397726,0.23586428307878293,29.975193140878417
ST-MTM,112,129,0.825701658203069,0.06490904888094692,0.31879162603643046,0.13392298099402045,True,True,0.4387755102040816,61.00531700816037,-38.0788819762079,1.7218092664751197,218.81890992841244
ST-MTM,113,127,0.9796460212088218,0.055974140532244386,1.526541073642675,0.44275639819464746,True,True,0.9090909090909091,21.676805551501804,-95.88071699355682,0.0563749930234394,32.972712454966256
ST-MTM,113,124,1.5909779028948434,0.033182952197002,1.5265410736427487,0.18634693022867002,True,True,0.425531914893617,65.58556680221027,-125.33178154517095,0.22549997209372918,131.89084981986502
ST-MTM,113,110,2.006320461224816,0.004093024003472223,1.5265410736426797,0.07176010756495708,True,True,0.7720588235294118,92.84993004760223,-147.9085252993757,0.5381249334055269,314.73952797922334
ST-MTM,113,136,0.8234911126889706,,,,False,True,,19.608077106238746,-79.21085641643772,0.015374998097286152,8.992557942263524
ST-MTM,113,129,0.8546381013183774,0.028936443115308505,1.5265410736427047,0.1628594241093289,True,True,0.06790697674418604,54.8687836963262,-47.687788461879094,5.509374318199278,3222.33326264443
ST-MTM,114,127,1.353963680547006,0.37431765933818417,0.4429103385899755,0.06843873885646327,True,True,0.6363636363636364,21.233506598945436,-141.24213506669528,0.05586571635689097,20.98263519861489
ST-MTM,114,124,1.44334675984133,0.14763114305351324,0.4429103385902424,0.038715787175156655,True,True,0.3282442748091603,68.19216464324172,-105.0094465377179,1.0375061609138356,389.6775108314194
ST-MTM,114,110,1.7662726166520302,0.24004784457278608,0.442910338590176,0.16828773700782898,True,True,0.5428571428571428,94.82268815822418,-117.13002584001941,0.4549065474776057,170.85860090300696
ST-MTM,114,137,0.41891937356701114,,,,False,True,,25.66519230406044,-24.605132523980902,0.13567388258103819,50.957828339493304
ST-MTM,114,129,1.0085704459333888,0.15393234461501137,0.4429103385902086,0.3167917687243403,True,True,0.5432558139534883,67.60124865763126,-53.4272048543754,4.660796907489868,1750.5512794272995
ST-MTM,115,127,1.3925524179342759,0.038588737387269784,0.510825623766296,0.029850001469193425,True,True,0.8571428571428571,21.030327912357098,-146.075962239756,0.07980816622415432,17.985115884527048
ST-MTM,115,124,1.4260491464397638,0.017297613401566398,0.5108256237659909,0.021418173773590374,True,True,0.6785714285714286,67.76998071974133,-103.35591685303034,2.0218068776782445,455.6229357413519
ST-MTM,115,110,1.7844434189293779,0.018170802277347776,0.5108256237660029,0.1501169347304812,True,True,0.3333333333333333,96.02037304758694,-118.11283722393839,0.2527258597097841,56.95286696766899
ST-MTM,115,138,1.0182598005193144,,,,False,False,,58.76738263469744,-63.42379342762029,0.23942449867242033,53.95534765358115
ST-MTM,115,137,0.49040169843855236,0.07148232487154119,0.5108256237660166,0.07148232487154119,True,True,0.4146341463414634,33.02579934542361,-25.822404467202677,0.5453558025316383,122.89829187760151
ST-MTM,115,129,1.0812108002095884,0.07264035427619936,0.5108256237659925,0.3894321230005398,True,True,0.4126712328767123,81.69847204952681,-48.04682397562377,3.205628010003025,722.4021546951698
ST-MTM,116,124,1.535208023720928,0.10915887728116426,0.5840201821066516,0.13057705105475464,True,True,0.2894736842105263,72.14085006313756,-112.08411278337381,1.0495073889174762,131.89084981986502
ST-MTM,116,139,1.3926099100073028,,,,False,False,,66.82680386936809,-100.28638533150826,0.023852440657208263,2.9975193140878416
ST-MTM,116,140,1.1539739927648043,,,,False,False,,50.22106472766192,-88.2558144041146,2.6476209129508845,332.72464386375043
ST-MTM,116,138,1.0331312125738865,0.014871412054572097,0.5840201821066386,0.014871412054572038,True,False,0.1111111111111111,59.61211341651317,-64.36363209235321,0.5247536944587239,65.94542490993251
ST-MTM,116,137,0.7838301145448161,0.29342841610626363,0.5840201821066398,0.3649107409778049,True,True,0.03773584905660377,56.22087642945696,-37.838737315920966,0.33393416920101515,41.96527039722978
ST-MTM,116,129,0.9676200509144776,0.11359074929511068,0.5840201821066417,0.27584137370542905,True,True,0.3070539419087137,89.75194929555693,-26.362456814180373,1.7650806086339301,221.81642924250028
ST-MTM,117,124,1.5734726651238555,0.038264641402927305,0.26294246627656515,0.16884169245768205,True,False,0.022727272727272728,75.36030870607823,-113.45641110878442,0.018337425476346425,2.9975193140878416
ST-MTM,117,141,1.5414751832334974,,,,False,False,,73.6536077387362,-111.32341424928349,0.018337425476346425,2.9975193140878416
ST-MTM,117,140,1.1704706581072848,0.016496665342480555,0.2629424662760233,0.016496665342480555,True,False,0.5680473372781065,50.98994878929178,-89.4665301835824,2.823963523358856,461.6179743695276
ST-MTM,117,142,0.5229702293512674,,,,False,True,,24.7459581433413,-38.010469378810775,0.5867976152433982,95.92061805081093
ST-MTM,117,129,0.8476783854879871,0.11994166542649029,0.2629424662760239,0.1558997082789387,True,True,0.46835443037974683,77.94196396680444,-23.779442291754027,2.8973132252642912,473.60805162587894
RA-MTM,0,0,0.0153171435057511,,,,False,True,,19.039176783791405,17.201119563101273,0.01248966380869934,2.9975193140878416
RA-MTM,0,1,0.0153171435057511,,,,False,True,,63.76896463621363,61.9309074155235,0.5995038628175683,143.88092707621638
RA-MTM,0,2,0.0153171435057511,,,,False,False,,68.67572991732196,70.51378713801209,0.14987596570439207,35.970231769054095
RA-MTM,0,3,0.013524790210535216,,,,False,True,,20.404537557665027,22.027512382929253,0.1873449571304901,44.962789711317626
RA-MTM,0,4,0.0153171435057511,,,,False,True,,65.81147482166696,67.6495320423571,5.395534765358114,1294.9283436859475
RA-MTM,1,1,0.018762772564196575,0.0034456290584454763,0.0,0.0034456290584454763,True,True,0.5625,67.07964845712246,64.82811574941887,0.33722092283488214,80.93302148037172
RA-MTM,1,2,0.018762772564196575,0.0034456290584454763,0.0,0.0034456290584454763,True,False,0.375,70.50687783019934,72.75841053790293,0.3996692418783789,95.92061805081093
RA-MTM,1,4,0.018762772564196575,0.0034456290584454763,0.0,0.0034456290584454763,True,True,0.7690631808278867,68.63231384008257,70.88384654778616,4.746072247305749,1139.0573393533798
RA-MTM,1,3,0.018762772564196575,0.03228756277473179,0.0,0.03228756277473179,True,True,0.14150943396226415,25.704971127938553,23.453438420234964,1.32390436372213,317.7370472933112
RA-MTM,2,5,0.026520541889383034,,,,False,False,,71.94690677139417,68.7644417446682,0.02497932761739868,5.995038628175683
RA-MTM,2,6,0.026534078833704674,,,,False,False,,73.6536077387362,76.83769719878076,0.01248966380869934,2.9975193140878416
RA-MTM,2,7,0.009867412167038125,,,,False,False,,77.49368491525576,76.30959545521118,0.09991731046959472,23.980154512702732
RA-MTM,2,4,0.001556643240937087,0.01720612932325949,0.0,0.013760500264814013,True,True,0.7376623376623377,69.98626759783863,70.17306478675108,3.6095128407141095,866.2830817713863
RA-MTM,2,8,0.026534078833704674,,,,False,False,,34.399485489869626,31.215396029825065,0.01248966380869934,2.9975193140878416
RA-MTM,2,3,0.026534078833704674,0.007771306269508098,2.220446049250313e-16,0.04005886904423989,True,True,0.29245283018867924,23.44356637693211,20.25947691688755,0.38717957806967956,92.92309873672309
RA-MTM,3,9,0.04149143891399767,,,,False,True,,77.06700967342024,72.08803700374052,0.01248966380869934,2.9975193140878416
RA-MTM,3,10,0.04048886344946159,,,,False,False,,83.89381354278834,88.75247715672373,0.01248966380869934,2.9975193140878416
RA-MTM,3,11,0.04022746640709608,,,,False,False,,82.18711257544632,87.01440854429785,0.01248966380869934,2.9975193140878416
RA-MTM,3,12,0.04003469514640313,,,,False,False,,80.4804116081043,85.28457502567268,0.01248966380869934,2.9975193140878416
RA-MTM,3,4,0.04149143891399767,0.03993479567306058,0.0,0.02617429540824657,True,False,0.296551724137931,69.27896043164114,74.25793310132086,1.0866007513568428,260.78418032564224
RA-MTM,3,3,0.026938701867275257,0.0004046230335705836,0.0,0.04046349207781048,True,True,0.24545454545454545,26.703230184308417,23.470585960235386,1.32390436372213,317.7370472933112
RA-MTM,3,13,0.04005534663833134,,,,False,True,,78.26170035055966,73.4550587539599,0.1248966380869934,29.975193140878417
RA-MTM,4,14,0.04179337166375667,,,,False,False,,66.64394305143858,71.65914765108938,0.3497105866435815,83.93054079445956
RA-MTM,4,15,0.025181129906507258,,,,False,True,,92.1261358558499,95.14787144463077,1.061621423739444,254.78914169746653
RA-MTM,4,4,0.03896788734757166,0.002523551566426008,0.0,0.023650743841820563,True,False,0.10112359550561797,69.77474190386796,74.45088838557656,0.13738630189569273,32.972712454966256
RA-MTM,4,3,0.020550323203942254,0.0063883786633330015,1.6653345369377348e-16,0.03407511341447747,True,True,0.7142857142857143,31.10298088171584,28.63694209724277,1.8234909160701036,437.6378198568249
RA-MTM,4,13,0.04988342085638872,0.00982807421805738,2.220446049250313e-16,0.00982807421805738,True,True,0.18181818181818182,75.85680353294137,69.87079303017472,0.6869315094784637,164.86356227483128
RA-MTM,5,14,0.008333333333333333,0.03346003833042334,0.0,0.03346003833042334,True,False,0.09688581314878893,72.11226188241702,73.11226188241702,3.6095128407141095,866.2830817713863
RA-MTM,5,15,0.008333333333333333,0.016847796573173923,0.0,0.016847796573173923,True,True,0.2828282828282828,96.69407079785356,97.69407079785356,0.5245658799653723,125.89581119168935
RA-MTM,5,3,0.008333333333333333,0.012216989870608923,0.0,0.02185812354386855,True,True,0.3569682151589242,50.569329618110096,49.569329618110096,5.10827249775803,1225.9853994619273
RA-MTM,6,14,0.008333333333333333,0.0,2.220446049250313e-16,0.03346003833042334,True,True,0.1903820816864295,66.45016037525777,67.45016037525777,18.959309661605598,4550.234318785344
RA-MTM,6,3,0.008333333333333333,0.0,0.0,0.02185812354386855,True,True,0.8147410358565738,53.50297699483943,52.50297699483943,6.2698112319670685,1504.7546956720964
RA-MTM,7,14,0.008333333333333333,0.0,0.0,0.03346003833042334,True,True,0.22661396574440051,65.65592762433113,66.65592762433113,4.296444350192573,1031.1466440462175
RA-MTM,7,16,0.008333333333333333,,,,False,False,,82.18711257544632,83.18711257544632,0.01248966380869934,2.9975193140878416
RA-MTM,7,3,0.008333333333333333,0.0,0.0,0.02185812354386855,True,True,0.9328214971209213,55.15026556804789,54.15026556804789,6.307280223393167,1513.74725361436
RA-MTM,8,14,0.01639352141097721,0.008060188077643875,0.0,0.025399850252779466,True,True,0.6471816283924844,62.933991550599224,64.90121411991649,5.557900394871207,1333.8960947690896
RA-MTM,8,17,0.048555182114379744,,,,False,False,,92.68988775908957,86.863265905364,0.32473125902618283,77.93550216628388
RA-MTM,8,18,0.06522184878104653,,,,False,False,,79.74896833638631,87.5755901901119,0.5245658799653723,125.89581119168935
RA-MTM,8,3,0.0598958931343389,0.05156255980100557,0.0,0.07342068334487412,True,True,0.9343629343629344,54.594874602421854,47.407367426301185,6.207362912923572,1489.7670991016573
RA-MTM,9,19,0.0032748691557348054,,,,False,True,,57.43994854898696,57.83293284767514,0.04995865523479736,11.990077256351366
RA-MTM,9,14,0.008333333333333333,0.008060188077643875,0.0,0.03346003833042334,True,False,0.36444444444444446,65.49375932682875,66.49375932682875,2.1107531836701883,506.5807640808452
RA-MTM,9,17,0.008333333333333333,0.05688851544771308,0.0,0.05688851544771308,True,True,0.14285714285714285,98.64458618910157,99.64458618910157,0.17485529332179076,41.96527039722978
RA-MTM,9,18,0.008333333333333333,0.0568885154477132,1.1102230246251565e-16,0.0568885154477132,True,False,0.19607843137254902,74.19256593894947,75.19256593894947,0.23730361236528744,56.95286696766899
RA-MTM,9,3,0.008333333333333333,0.05156255980100557,0.0,0.02185812354386855,True,True,0.8843283582089553,53.329560546743174,52.329560546743174,6.407197533862761,1537.7274081270627
RA-MTM,10,14,0.019046962562819302,0.010713629229485969,0.0,0.02274640910093737,True,False,0.5795454545454546,68.94641636106707,71.23205186860538,3.0974366245574365,743.3847898937847
RA-MTM,10,20,0.019046962562819302,,,,False,False,,70.24020580405215,67.95457029651384,0.01248966380869934,2.9975193140878416
RA-MTM,10,21,0.019046962562819302,,,,False,False,,29.279382587843553,26.993747080305237,0.13738630189569273,32.972712454966256
RA-MTM,10,3,0.019046962562819302,0.010713629229485969,0.0,0.03257175277335452,True,True,0.029239766081871343,41.3400694237272,39.054433916188884,0.1873449571304901,44.962789711317626
RA-MTM,11,22,0.09997162920978327,,,,False,True,,20.745877751133428,8.749282245959435,0.03746899142609802,8.992557942263524
RA-MTM,11,23,0.11489576974358619,,,,False,True,,48.053093228605825,61.84058559783617,0.03746899142609802,8.992557942263524
RA-MTM,11,14,0.10848531382675901,0.12753227638957831,1.1449174941446927e-16,0.15027868549051568,True,False,0.5673076923076923,73.59695376471659,60.57871610550551,3.0100089778965406,722.4021546951698
RA-MTM,11,21,0.011403286286185683,0.007643676276633619,0.0,0.007643676276633619,True,True,0.10714285714285714,23.049924057045157,21.681529702702875,0.2497932761739868,59.950386281756835
RA-MTM,11,24,0.030569383431620523,,,,False,False,,38.45290028730694,34.784574275512476,0.19983462093918944,47.960309025405465
RA-MTM,12,22,0.08240907397200511,0.01756255523777816,0.0,0.01756255523777816,True,True,0.5,21.030327912357098,11.141239035716485,0.07493798285219604,17.985115884527048
RA-MTM,12,23,0.08240907397200511,0.1973048437155913,0.0,0.1973048437155913,True,True,0.041666666666666664,39.555901178434894,29.66681230179428,0.5870141990088689,140.88340776212854
RA-MTM,12,14,0.022665879247750927,0.13115119307450993,0.0,0.019127492416005747,True,True,0.42720763723150357,81.0493119305516,83.76921744028171,4.458809979705665,1070.1143951293595
RA-MTM,12,21,0.08240907397200509,0.09381236025819077,0.0,0.10145603653482439,True,True,0.3181818181818182,22.452578718475454,32.341667595116064,0.11240697427829406,26.977673826790575
RA-MTM,12,24,0.06429951818374663,0.09486890161536715,0.0,0.09486890161536715,True,False,0.37209302325581395,40.710309997018044,48.42625217906764,0.5370555437740716,128.8933305057772
RA-MTM,13,22,0.008333333333333333,0.07407574063867178,2.220446049250313e-16,0.09163829587644994,True,True,0.46153846153846156,22.19000933888437,21.19000933888437,0.16236562951309141,38.96775108314194
RA-MTM,13,23,0.008333333333333333,0.07407574063867178,0.0,0.12322910307691952,True,True,0.3829787234042553,37.71807070414579,36.71807070414579,0.22481394855658812,53.95534765358115
RA-MTM,13,14,0.008333333333333333,0.014332545914417594,0.0,0.03346003833042334,True,True,0.5837479270315091,85.01258742104602,86.01258742104602,7.468818957602205,1792.5165498245292
RA-MTM,13,24,0.008333333333333333,0.05596618485041329,0.0,0.038902716764953854,True,True,0.058186738836265225,49.782888931635846,50.782888931635846,9.229861554628812,2215.166773110915
RA-MTM,14,23,0.008333333333333333,0.0,0.0,0.12322910307691952,True,True,0.08866995073891626,33.86981967241864,32.86981967241864,2.535401753165966,608.4964207598318
RA-MTM,14,25,0.008333333333333333,,,,False,False,,95.84072031418253,96.84072031418253,0.01248966380869934,2.9975193140878416
RA-MTM,14,14,0.008333333333333333,0.0,0.0,0.03346003833042334,True,False,0.0016722408026755853,94.13401934684052,95.13401934684052,0.01248966380869934,2.9975193140878416
RA-MTM,14,24,0.008333333333333333,0.0,0.0,0.038902716764953854,True,False,0.035182679296346414,39.5195883918957,40.5195883918957,0.32473125902618283,77.93550216628388
RA-MTM,14,26,0.008333333333333333,,,,False,True,,53.66082497844392,54.66082497844392,0.08742764666089538,20.98263519861489
RA-MTM,15,23,0.008333333333333333,0.0,2.220446049250313e-16,0.12322910307691952,True,True,0.6157635467980296,29.443225880708376,28.443225880708376,1.5612079760874173,374.6899142609802
RA-MTM,15,25,0.008333333333333333,0.0,0.0,0.0,True,True,0.0016778523489932886,85.35424557860121,86.35424557860121,7.443839629984806,1786.5215111963535
RA-MTM,15,24,0.008333333333333333,0.0,0.0,0.038902716764953854,True,True,0.03002309468822171,48.22652242621104,49.22652242621104,10.816048858333629,2595.851726000071
RA-MTM,16,23,0.01684197624077847,0.008508642907445137,0.0,0.13173774598436466,True,True,0.296,21.207148282847488,19.18611113395407,0.46211756092187556,110.90821462125014
RA-MTM,16,27,0.01684197624077844,,,,False,True,,99.55530477251516,101.57634192140857,0.21232428474788875,50.957828339493304
RA-MTM,16,25,0.005326819373648562,0.003006513959684772,0.0,0.003006513959684772,True,True,0.06711409395973154,97.93142899917652,98.57064732401435,0.4995865523479736,119.90077256351367
RA-MTM,16,28,0.01684197624077847,,,,False,True,,19.81494995076505,21.835987099658468,0.13738630189569273,32.972712454966256
RA-MTM,16,24,0.011869156950260577,0.0035358236169272437,0.0,0.0424385403818811,True,True,0.32909930715935337,47.08296846822199,48.50726730225326,3.559554185479312,854.2930045150348
RA-MTM,17,23,0.008333333333333333,0.008508642907445137,1.6653345369377348e-16,0.12322910307691952,True,True,0.6756756756756757,20.199733441583984,19.199733441583984,0.3122415952174835,74.93798285219604
RA-MTM,17,29,0.008333333333333333,,,,False,True,,65.8228621238728,66.8228621238728,0.21232428474788875,50.957828339493304
RA-MTM,17,27,0.008333333333333333,0.008508642907445107,0.0,0.008508642907445107,True,True,0.38636363636363635,98.71108103198503,99.71108103198503,0.5495452075827709,131.89084981986502
RA-MTM,17,25,0.008333333333333333,0.003006513959684772,0.0,0.0,True,True,0.225,100.39192289376126,101.39192289376126,0.11240697427829406,26.977673826790575
RA-MTM,17,28,0.0014263864226130353,0.018268362663391505,0.0,0.018268362663391505,True,True,0.08148148148148149,26.510734351933138,26.339567981219574,1.686104614174411,404.6651074018586
RA-MTM,17,24,0.008333333333333333,0.02020249028359391,1.6653345369377348e-16,0.022236050098287188,True,True,0.58,57.200649207005156,56.200649207005156,2.360546459844175,566.531150362602
RA-MTM,18,29,0.012567952436250411,0.004234619102917077,0.0,0.004234619102917077,True,True,0.56,62.40489681761831,63.91305110996836,0.27477260379138546,65.94542490993251
RA-MTM,18,23,0.012567952436250411,0.004234619102917077,0.0,0.1274637221798366,True,True,0.29069767441860467,22.710568399585302,21.202414107235253,1.0741110875481432,257.7866610115544
RA-MTM,18,27,0.01256795243625047,0.004234619102917137,0.0,0.004274023804527971,True,True,0.4174757281553398,95.23835526688534,96.74650955923539,1.2739457084873327,305.74697003695985
RA-MTM,18,25,0.012567952436250352,0.004234619102917018,0.0,0.004234619102917018,True,True,0.5555555555555556,100.96082321620861,102.46897750855865,0.0624483190434967,14.987596570439209
RA-MTM,18,28,0.012567952436250411,0.011141566013637376,0.0,0.029409928677028883,True,True,0.35323383084577115,34.86041932776491,33.35226503541486,1.7110839417918096,410.6601460300343
RA-MTM,18,24,0.012567952436250411,0.004234619102917077,0.0,0.01800143099537011,True,True,0.42328042328042326,62.60271897519656,61.09456468284651,0.9991731046959472,239.80154512702734
RA-MTM,19,23,0.044423524148047795,0.031855571711797384,1.6653345369377348e-16,0.159319293891634,True,True,0.6515151515151515,25.128996144534533,19.798173246768798,1.6486356227483128,395.6725494595951
RA-MTM,19,30,0.06815520987561866,,,,False,True,,42.07963984290873,33.901014657834494,0.02497932761739868,5.995038628175683
RA-MTM,19,29,0.07305660141415954,0.08562455385040994,0.0,0.08138993474749287,True,True,0.7241379310344828,61.15811851355352,52.391326343854374,0.3497105866435815,83.93054079445956
RA-MTM,19,27,0.03987194786453117,0.027303995428280697,0.0,0.023029971623752723,True,True,0.7021276595744681,92.37784878624217,97.16248252998591,1.7235736056005087,413.6576653441221
RA-MTM,19,28,0.07305660141415954,0.08562455385040994,0.0,0.056214625173381064,True,False,0.26455026455026454,46.530448247937954,55.2972404176371,1.2739457084873327,305.74697003695985
RA-MTM,19,24,0.07008372103129663,0.08265167346754705,0.0,0.10065310446291716,True,True,0.0875,60.487628847812005,68.8976753715676,0.08742764666089538,20.98263519861489
RA-MTM,20,23,0.013257659337827061,0.03116586481022073,0.0,0.12815342908141325,True,True,0.42424242424242425,21.20302979595719,19.61211067541794,0.699421173287163,167.86108158891912
RA-MTM,20,29,0.013257659337827061,0.0863142607519866,0.0,0.004924326004493729,True,True,0.6363636363636364,60.465463900184204,62.05638302072345,0.5495452075827709,131.89084981986502
RA-MTM,20,27,0.013257659337827002,0.026614288526704163,0.0,0.003584316902951438,True,True,0.7246376811594203,93.28066886316955,94.87158798370879,1.248966380869934,299.7519314087842
RA-MTM,20,31,0.0034263005171636606,,,,False,True,,22.782907937961,22.37175187590136,0.38717957806967956,92.92309873672309
RA-MTM,20,28,0.013257659337827061,0.0863142607519866,0.0,0.03009963557860553,True,True,0.27371273712737126,59.860866768966666,58.26994764842742,4.596196281601356,1103.0871075843256
RA-MTM,21,29,0.13720519554893032,0.1504628548867574,0.0,0.14553852888226365,True,True,0.7586206896551724,60.23540702997822,43.77078356410658,0.7244005009045617,173.8561202170948
RA-MTM,21,27,0.07026543652647987,0.057007777188652874,0.0,0.053423460285701434,True,True,0.9230769230769231,93.79267915337212,102.2245315365497,1.248966380869934,299.7519314087842
RA-MTM,21,32,0.003348087842735718,,,,False,True,,99.51669162845768,99.11492108732939,0.32473125902618283,77.93550216628388
RA-MTM,21,31,0.12053852888226366,0.12396482939942732,0.0,0.12396482939942732,True,True,0.20567375886524822,30.42127604081338,44.88589950668502,1.7360632694092082,416.65518465821
RA-MTM,21,28,0.00844708173645176,0.021704741074278822,0.0,0.00839489450432671,True,True,0.6731234866828087,68.20061888951962,69.21426869789383,4.034161410209887,968.1987384503728
RA-MTM,22,33,0.043646091940522644,,,,False,True,,20.745877751133435,15.508346718270717,0.29975193140878414,71.94046353810819
RA-MTM,22,29,0.051191276143333596,0.18839647169226392,0.0,0.04285794281000026,True,True,0.7466666666666667,61.30925005713909,67.45220319433912,0.9117454580350518,218.81890992841244
RA-MTM,22,27,0.06463760103815398,0.0056278354883258904,0.0,0.04779562479737554,True,True,0.78,94.35282716316642,102.1093392877449,0.9741937770785485,233.80650649885163
RA-MTM,22,32,0.00252984906054022,0.005877936903275938,0.0,0.005877936903275938,True,True,0.1111111111111111,100.96082321620861,101.26440510347344,0.04995865523479736,11.990077256351366
RA-MTM,22,31,0.008741908731957022,0.12928043761422067,1.1102230246251565e-16,0.005315608214793362,True,False,0.1497005988023952,43.67363414259611,42.624605094761264,0.661952181861065,158.8685236466556
RA-MTM,22,28,0.06400745718488696,0.07245453892133871,0.0,0.08084943342566543,True,True,0.6184615384615385,73.7713112537253,66.09041639153887,2.535401753165966,608.4964207598318
RA-MTM,23,33,0.05414351506154655,0.0104974231210239,1.1102230246251565e-16,0.0104974231210239,True,True,0.1935483870967742,23.240286857248694,16.74306504986311,0.16236562951309141,38.96775108314194
RA-MTM,23,29,0.05414351506154655,0.0029522389182129534,0.0,0.04581018172821321,True,True,0.8295454545454546,60.58182987523021,67.0790516826158,1.0990904151655418,263.78169963973005
RA-MTM,23,27,0.05358320396295054,0.011054397075203445,0.0,0.0367412277221721,True,True,0.7564102564102564,94.9150519929123,101.34503646846636,0.7368901647132611,176.85363953118267
RA-MTM,23,31,0.01285127480489668,0.0041093660729396575,1.1102230246251565e-16,0.009424974287733019,True,False,0.2,43.68393875221023,42.14178577562263,0.3122415952174835,74.93798285219604
RA-MTM,23,34,0.0019007254452935384,,,,False,True,,22.07331183684389,22.301398890279113,0.11240697427829406,26.977673826790575
RA-MTM,23,28,0.04641788350733916,0.017589573677547796,0.0,0.06325985974811763,True,True,0.7142857142857143,70.04899864173584,64.47885262085514,3.0100089778965406,722.4021546951698
RA-MTM,24,29,0.04477996207823907,0.009363552983307481,0.0,0.036446628744905736,True,True,0.8,61.163659750460496,66.53725519984918,1.3738630189569274,329.72712454966256
RA-MTM,24,27,0.04297823585176192,0.010604968111188622,0.0,0.026136259610983478,True,True,0.06779661016949153,89.86726692848544,95.02465523069687,0.04995865523479736,11.990077256351366
RA-MTM,24,35,0.04477996207823907,,,,False,True,,99.49793667277257,104.87153212216126,0.26228293998268615,62.947905595844674
RA-MTM,24,34,0.04477996207823907,0.046680687523532605,0.0,0.046680687523532605,True,False,0.05,28.85270734600805,23.47911189661936,0.14987596570439207,35.970231769054095
RA-MTM,24,28,0.04477996207823907,0.0016379214291000939,1.1102230246251565e-16,0.061621938319017536,True,True,0.5644028103044496,67.73411328291996,62.360517833531276,5.333086446314619,1279.9407471155084
RA-MTM,25,27,0.05929933358850311,0.01632109773674119,0.0,0.04245735734772467,True,True,0.15384615384615385,93.60888058765838,100.72480061827875,0.32473125902618283,77.93550216628388
RA-MTM,25,29,0.07783660863525442,0.03305664655701535,1.1796119636642288e-16,0.06950327530192109,True,True,0.8608695652173913,61.13233044948662,70.47272348571715,1.2989250361047313,311.74200866513553
RA-MTM,25,36,0.11724529923294474,,,,False,False,,44.24025064199066,58.30968654994403,0.5870141990088689,140.88340776212854
RA-MTM,25,34,0.059361415167042256,0.014581453088803186,0.0,0.06126214061233579,True,True,0.14864864864864866,25.49190920826262,18.36853938821755,0.9117454580350518,218.81890992841244
RA-MTM,25,28,0.13391196589961146,0.0891320038213724,1.3877787807814457e-16,0.15075394214038995,True,True,0.7142857142857143,72.66762506845357,56.5981891605002,4.258975358766475,1022.154086103954
RA-MTM,26,27,0.06465312198456037,0.0053537883960572685,0.0,0.04781114574378194,True,True,0.75,93.2806688631695,101.03904350131674,0.3746899142609802,89.92557942263525
RA-MTM,26,29,0.08768109046601928,0.009844481830764865,0.0,0.07934775713268595,True,True,0.6442307692307693,63.235089893319966,73.75682074924228,0.8368074751828557,200.83379404388538
RA-MTM,26,36,0.14245097356323763,0.025205674330292874,0.0,0.025205674330292874,True,True,0.37037037037037035,43.62580953114434,60.719926358732856,1.2614560446786331,302.749450722872
RA-MTM,26,34,0.07127634154705374,0.011914926380011496,0.0,0.07317706699234729,True,True,0.5555555555555556,30.87829191514292,22.32513092949647,1.1865180618264373,284.76433483834495
RA-MTM,26,28,0.15911764022990435,0.025205674330292874,2.220446049250313e-16,0.1759596164706828,True,True,0.5971014492753624,78.34297182519501,59.248854997606486,2.6228293998268613,629.4790559584467
RA-MTM,27,36,0.04459514822348716,0.18704612178672478,1.1102230246251565e-16,0.16184044745643192,True,True,0.562874251497006,41.290290645513025,35.938872858694566,1.9983462093918944,479.6030902540547
RA-MTM,27,29,0.0733360028939711,0.1610170933599904,0.0,0.08166933622730443,True,True,0.6931818181818182,65.34905059276704,56.54873024549051,1.024152432313346,245.79658375520302
RA-MTM,27,27,0.157617838316542,0.22227096030110235,1.1102230246251565e-16,0.17445981455732043,True,True,0.40540540540540543,94.8259251444116,75.91178454642656,0.9242351218437511,221.81642924250028
RA-MTM,27,37,0.17428450498320877,,,,False,False,,55.909802854128586,76.82394345211364,0.7244005009045617,173.8561202170948
RA-MTM,27,28,0.09584877939858624,0.2549664196284906,0.0,0.07900680315780777,True,True,0.2,85.92560040867173,97.42745393650208,0.5245658799653723,125.89581119168935
RA-MTM,28,36,0.25760172758154637,0.3021968758050335,0.0,0.14035642834860163,True,True,0.7192118226600985,37.37943955983187,68.29164686961744,2.360546459844175,566.531150362602
RA-MTM,28,29,0.0988108462295422,0.1721468491235133,1.6653345369377348e-16,0.09047751289620885,True,True,0.5104166666666666,69.45458154924391,81.31188309678897,0.7868488199480584,188.84371678753402
RA-MTM,28,27,0.06002790321351543,0.21764574153005742,1.3877787807814457e-16,0.04318592697273698,True,True,0.8378378378378378,94.93231496059728,102.13566334621913,0.7743591561393591,185.84619747344618
RA-MTM,28,28,0.10912664862204942,0.20497542802063565,0.0,0.1259686248628279,True,True,0.18518518518518517,75.24460016591942,62.14940233127349,1.4737803294265222,353.70727906236533
RA-MTM,28,38,0.06518956711732149,,,,False,True,,22.20876429456945,14.38601624049087,0.17485529332179076,41.96527039722978
RA-MTM,28,39,0.27426839424821287,,,,False,True,,100.10747273253759,67.19526542275204,0.02497932761739868,5.995038628175683
RA-MTM,29,36,0.13789423927166963,0.11970748830987675,0.0,0.020648940038724875,True,True,0.8068669527896996,36.81240754714625,53.359716259746605,2.8976020036182466,695.4244808683792
RA-MTM,29,29,0.05370958420904266,0.045101262020499536,1.6653345369377348e-16,0.045376250875709324,True,True,0.631578947368421,71.07500519025201,77.52015529533713,1.149049070400339,275.7717768960814
RA-MTM,29,27,0.037916204173720776,0.02211169903979465,0.0,0.021074227932942335,True,True,0.8529411764705882,95.62738269326479,100.17732719411129,0.7993384837567578,191.84123610162186
RA-MTM,29,28,0.1491616375121951,0.0400349888901457,4.440892098500626e-16,0.1660036137529736,True,True,0.09816971713810316,66.28156828579131,48.382171784327895,15.012575898056607,3603.0182155335856
RA-MTM,30,36,0.005002962605310006,0.14289720187697963,2.1510571102112408e-16,0.12224826183825475,True,True,0.9193548387096774,35.83339408948072,35.23303857684352,3.047477969322639,731.3947126374334
RA-MTM,30,27,0.008333333333333333,0.029582870840387444,0.0,0.008508642907445107,True,True,0.03125,91.57396789582747,92.57396789582747,0.02497932761739868,5.995038628175683
RA-MTM,30,29,0.008333333333333333,0.045376250875709324,0.0,0.0,True,False,0.010869565217391304,73.6536077387362,74.6536077387362,0.01248966380869934,2.9975193140878416
RA-MTM,30,40,0.008333333333333333,,,,False,False,,71.94690677139417,72.94690677139417,0.01248966380869934,2.9975193140878416
RA-MTM,30,28,0.008333333333333333,0.14082830417886177,0.0,0.025175309574111803,True,True,0.9602595296025953,66.88018217122739,65.88018217122739,15.174941527569699,3641.9859666167276
RA-MTM,31,36,0.008333333333333333,0.003330370728023328,0.0,0.12557863256627808,True,True,0.8344827586206897,35.97581346665078,34.97581346665078,3.59702317690541,863.2855624572984
RA-MTM,31,27,0.008333333333333333,0.0,0.0,0.008508642907445107,True,True,0.08333333333333333,96.5518457172417,97.5518457172417,0.29975193140878414,71.94046353810819
RA-MTM,31,29,0.008333333333333333,0.0,0.0,0.0,True,True,0.013333333333333334,74.85967642232453,75.85967642232453,0.9367247856524504,224.81394855658812
RA-MTM,31,41,0.008333333333333333,,,,False,True,,100.96082321620861,101.96082321620861,0.04995865523479736,11.990077256351366
RA-MTM,31,28,0.008333333333333333,0.0,0.0,0.025175309574111803,True,True,0.9454545454545454,66.0748144383322,65.0748144383322,15.562121105639376,3734.9090653534504
RA-MTM,32,36,0.03672293583818937,0.028389602504856035,0.0,0.1539682350711341,True,True,0.7569832402234636,34.99507908257843,30.588326781995704,4.258975358766475,1022.154086103954
RA-MTM,32,29,0.03672293583818937,0.028389602504856035,0.0,0.028389602504856035,True,True,0.44,77.01529146228866,81.42204376287138,0.4121589056870782,98.91813736489877
RA-MTM,32,27,0.03672293583818937,0.028389602504856035,0.0,0.019880959597410926,True,True,0.19230769230769232,90.23298856434444,94.63974086492716,0.08742764666089538,20.98263519861489
RA-MTM,32,42,0.03672293583818937,,,,False,True,,100.27814282927179,104.68489512985451,0.0624483190434967,14.987596570439209
RA-MTM,32,43,0.02855657931929413,,,,False,False,,44.63969129392178,41.21290177560648,0.1873449571304901,44.962789711317626
RA-MTM,32,28,0.03672293583818937,0.028389602504856035,0.0,0.05356491207896784,True,True,0.22070626003210272,82.36709195018425,77.96033964960152,3.4346575473923187,824.3178113741565
RA-MTM,33,36,0.008333333333333333,0.028389602504856035,0.0,0.12557863256627808,True,True,0.8504398826979472,34.17584881139034,33.17584881139034,3.622002504522808,869.280601085474
RA-MTM,33,27,0.008333333333333333,0.028389602504856035,0.0,0.008508642907445107,True,True,0.1590909090909091,94.94858117216286,95.94858117216286,0.5495452075827709,131.89084981986502
RA-MTM,33,44,0.006130424507965119,,,,False,False,,59.13867427816381,58.403023337208,1.3363940275308295,320.7345666073991
RA-MTM,33,28,0.008333333333333333,0.028389602504856035,0.0,0.025175309574111803,True,True,0.48363636363636364,84.8177418860111,83.8177418860111,1.6611252865570123,398.67006877368294
RA-MTM,34,36,0.008333333333333333,0.0,0.0,0.12557863256627808,True,True,0.8135593220338984,33.77253411411133,32.77253411411133,3.059967633131338,734.3922319515211
RA-MTM,34,27,0.008333333333333333,0.0,0.0,0.008508642907445107,True,True,0.23655913978494625,90.0049041032711,91.0049041032711,2.3230774684180773,557.5385924203385
RA-MTM,34,44,0.008333333333333333,0.0022029088253682143,0.0,0.0022029088253682143,True,False,0.14146341463414633,73.81487082226454,72.81487082226454,1.586187303704816,380.68495288915585
RA-MTM,34,28,0.008333333333333333,0.0,2.220446049250313e-16,0.025175309574111803,True,True,0.5639097744360902,85.19090627796831,84.19090627796831,0.9367247856524504,224.81394855658812
RA-MTM,35,36,0.09930798811090259,0.09097465477756925,0.0,0.21655328734384732,True,True,0.6938775510204082,32.34140491160425,20.42444633829594,2.123242847478888,509.57828339493307
RA-MTM,35,45,0.12824277682961036,,,,False,True,,64.26675241835505,79.6558856379083,0.1248966380869934,29.975193140878417
RA-MTM,35,27,0.11157611016294358,0.11990944349627691,0.0,0.12841808640372201,True,True,0.6129032258064516,92.15783927939185,78.76870605983862,1.4238216741917247,341.7172018060139
RA-MTM,35,46,0.020186042485655045,,,,False,True,,19.039176783791405,21.46150188207001,0.02497932761739868,5.995038628175683
RA-MTM,35,44,0.08921449062502482,0.08088115729169149,0.0,0.08308406611705971,True,False,0.20618556701030927,86.39803832664533,75.69229945164236,1.3363940275308295,320.7345666073991
RA-MTM,35,28,0.09326289804420528,0.08492956471087194,0.0,0.11010487428498375,True,True,0.72,88.22377710808202,77.03222934277738,0.6744418456697643,161.86604296074344
RA-MTM,36,36,0.08768617917709692,0.011621808933805659,0.0,0.20493147841004167,True,True,0.8135593220338984,31.754664123260124,21.232322622008493,1.8859392351136004,452.6254164272641
RA-MTM,36,45,0.15875343354238355,0.030510656712773178,0.0,0.030510656712773178,True,True,0.2727272727272727,60.853350483671015,79.90376250875704,0.04995865523479736,11.990077256351366
RA-MTM,36,27,0.089879249655365,0.02169686050757858,0.0,0.10672122589614344,True,True,0.5789473684210527,89.9707033507486,79.1851933921048,0.8243178113741564,197.83627472979754
RA-MTM,36,46,0.009525410482253733,0.02971145296790878,0.0,0.02971145296790878,True,True,0.0273972602739726,23.5747930531661,22.431743795295652,0.9117454580350518,218.81890992841244
RA-MTM,36,44,0.14208676687571695,0.052872276250692116,0.0,0.1359563423677518,True,True,0.2785714285714286,94.89255311010363,77.8421410850176,0.8992557942263525,215.8213906143246
RA-MTM,36,28,0.10850430701993971,0.015241408975734434,0.0,0.1253462832607182,True,True,0.8305084745762712,89.51960562032316,76.4990887779304,0.6744418456697643,161.86604296074344
RA-MTM,37,36,0.07695570910378423,0.0107304700733127,0.0,0.194201008336729,True,True,0.5496688741721855,29.238257263329274,20.003572170875167,1.0366420961220453,248.79410306929086
RA-MTM,37,27,0.08576806785761495,0.17564731751297996,0.0,0.06892609161683652,True,True,0.7837837837837838,91.8066998459196,102.09886798883339,0.8243178113741564,197.83627472979754
RA-MTM,37,47,0.12606036154936612,,,,False,False,,72.45891706159678,87.58616044752071,0.1248966380869934,29.975193140878417
RA-MTM,37,48,0.018971234183482247,,,,False,False,,84.74716402645934,87.02371212847721,0.1248966380869934,29.975193140878417
RA-MTM,37,46,0.00030536433730323035,0.009830774819556964,0.0,0.019880678148351816,True,True,0.477124183006536,28.320060475481352,28.35670419595774,1.910918562730999,458.6204550554398
RA-MTM,37,44,0.10939369488269944,0.0326930719930175,0.0,0.10326327037473432,True,True,0.18055555555555555,99.51669162845764,86.3894482425337,0.16236562951309141,38.96775108314194
RA-MTM,37,49,0.0571857027234806,,,,False,True,,83.89381354278835,77.03152921597068,0.0624483190434967,14.987596570439209
RA-MTM,37,28,0.08412419337874048,0.02438011364119923,0.0,0.10096616961951896,True,True,0.12962962962962962,95.84072031418252,85.74581710873366,0.08742764666089538,20.98263519861489
RA-MTM,38,36,0.029027125133185075,0.04792858397059915,0.0,0.14627242436612983,True,True,0.8795180722891566,29.209244191925386,25.725989175943177,0.9117454580350518,218.81890992841244
RA-MTM,38,27,0.029027125133185075,0.05674094272442988,0.0,0.012185148892406635,True,True,0.5303030303030303,90.91566895128122,94.39892396726343,0.43713823330447693,104.91317599307446
RA-MTM,38,50,0.029027125133185075,,,,False,False,,75.90145779328422,79.38471280926643,0.512076216156673,122.89829187760151
RA-MTM,38,51,0.015721384177660624,,,,False,False,,88.51194557206678,90.39851167338605,0.21232428474788875,50.957828339493304
RA-MTM,38,46,0.0009435328862794634,0.000638168548976233,0.0,0.019242509599375582,True,True,0.6,35.48701122254804,35.60023516890158,2.685277718870358,644.4666525288859
RA-MTM,38,28,0.029027125133185075,0.05509706824555541,0.0,0.04586910137396354,True,True,0.051470588235294115,79.8153002017137,76.33204518573149,1.69859427798311,407.66262671594643
RA-MTM,39,36,0.05022400616108484,0.02119688102789977,0.0,0.1674693053940296,True,True,0.6947368421052632,33.25522006858349,27.22833932925331,1.0990904151655418,263.78169963973005
RA-MTM,39,27,0.03814056959133237,0.009113444458147294,0.0,0.02129859335055393,True,True,0.05,98.03505012933655,102.61191848029644,0.08742764666089538,20.98263519861489
RA-MTM,39,52,0.049117969716536196,,,,False,False,,94.13401934684052,100.02817571282486,0.02497932761739868,5.995038628175683
RA-MTM,39,53,0.04712483315391178,,,,False,False,,92.42731837949847,98.08229835796789,0.01248966380869934,2.9975193140878416
RA-MTM,39,54,0.04655109737733838,,,,False,False,,90.72061741215646,96.30674909743706,0.01248966380869934,2.9975193140878416
RA-MTM,39,50,0.05022400616108484,0.02119688102789977,0.0,0.02119688102789977,True,True,0.10810810810810811,77.30289517297159,83.32977591230177,1.5362286484700187,368.6948756328045
RA-MTM,39,51,0.05022400616108484,0.03450262198342422,2.220446049250313e-16,0.03450262198342422,True,True,0.012658227848101266,97.30360685761849,103.33048759694867,0.7868488199480584,188.84371678753402
RA-MTM,39,46,0.018857581404968887,0.017914048518689423,0.0,0.0013284610806861608,True,True,0.2372093023255814,25.899445378009347,28.162355146605613,0.6369728542436663,152.87348501847993
RA-MTM,39,55,0.027675008828249876,,,,False,False,,43.78634081025076,40.46533975086078,0.04995865523479736,11.990077256351366
RA-MTM,39,56,0.05022400616108484,,,,False,True,,76.21365918974924,70.18677845041906,0.04995865523479736,11.990077256351366
RA-MTM,39,28,0.05022400616108484,0.02119688102789977,0.0,0.06706598240186332,True,True,0.04411764705882353,86.45386499380139,80.42698425447121,0.07493798285219604,17.985115884527048
RA-MTM,40,36,0.0829940674125948,0.03277006125150995,0.0,0.20023936664553954,True,True,0.6692913385826772,36.45027939417576,26.490991304664384,1.5487183122787183,371.69239494689236
RA-MTM,40,50,0.0829940674125948,0.03277006125150995,0.0,0.053966942279409715,True,True,0.41414141414141414,83.14102624742874,93.10031433694012,3.709430151183704,890.263236284089
RA-MTM,40,51,0.06632740074592801,0.11655140690701285,1.1102230246251565e-16,0.08204878492358864,True,True,0.47619047619047616,99.53857241009031,91.57928432057895,0.3746899142609802,89.92557942263525
RA-MTM,40,46,0.008947718423467184,0.009909862981501701,1.1796119636642288e-16,0.011238324062187862,True,False,0.32,35.46617359445839,36.53989980527445,0.5995038628175683,143.88092707621638
RA-MTM,40,57,0.011670532305317671,,,,False,False,,60.28445016122367,58.883986284585546,0.22481394855658812,53.95534765358115
RA-MTM,40,28,0.04552663821972267,0.004697367941362174,2.220446049250313e-16,0.06236861446050114,True,True,0.26666666666666666,91.24575617133861,85.78255958497189,0.16236562951309141,38.96775108314194
RA-MTM,41,36,0.03499139783755858,0.04800266957503621,0.0,0.15223669707050333,True,True,0.5978835978835979,41.398877097508276,37.199909357001246,2.2231601579484828,533.5584379076358
RA-MTM,41,50,0.03499139783755858,0.04800266957503621,1.6653345369377348e-16,0.0059642727043735045,True,True,0.8461538461538461,82.79977446115889,86.99874220166592,4.383871996853468,1052.1292792448323
RA-MTM,41,46,0.02017296251736873,0.011225244093901547,1.3877787807814457e-16,1.3079968286315118e-05,True,False,0.4098360655737705,40.46276524226894,42.883520744353184,0.4746072247305749,113.90573393533798
RA-MTM,41,57,0.00230015505209001,0.009370377253227662,0.0,0.009370377253227662,True,False,0.22580645161290322,66.82680386936809,66.55078526311729,0.2497932761739868,59.950386281756835
RA-MTM,41,58,0.02032218208805633,,,,False,False,,87.47372288892042,85.03506103835366,0.512076216156673,122.89829187760151
RA-MTM,42,50,0.054183608211270474,0.019192210373711896,1.6653345369377348e-16,0.0251564830780854,True,True,0.7236467236467237,84.76732191190038,91.26935489725284,3.172374607409632,761.3699057783117
RA-MTM,42,36,0.054183608211270474,0.019192210373711896,0.0,0.1714289074442152,True,True,0.6230366492146597,43.631186176856,37.12915319150354,1.6486356227483128,395.6725494595951
RA-MTM,42,46,0.03751694154460381,0.017343979027235078,0.0,0.017330899058948763,True,True,0.2786885245901639,33.90772419419479,38.40975717954725,1.4737803294265222,353.70727906236533
RA-MTM,42,58,0.01743920446504094,0.0028829776230153924,0.0,0.0028829776230153924,True,True,0.14963503649635038,81.15312585800552,79.06042132220061,3.422167883583619,821.3202920600686
RA-MTM,43,50,0.008333333333333333,0.04585027487793714,0.0,0.020693791799851743,True,True,0.547244094488189,90.20492359468616,91.20492359468616,1.7360632694092082,416.65518465821
RA-MTM,43,46,0.008333333333333333,0.04585027487793714,0.0,0.02851937581898838,True,False,0.405982905982906,42.593267859146735,41.593267859146735,2.635319063635561,632.4765752725345
RA-MTM,43,58,0.008333333333333333,0.009105871131707606,0.0,0.011988848754723,True,True,0.6825938566552902,85.90444755910916,84.90444755910916,2.7352363741051553,656.4567297852373
RA-MTM,44,50,0.011455834270977761,0.0031225009376444272,0.0,0.017571290862207316,True,True,0.775,92.00358572553769,93.37828583805502,1.811001252261404,434.640300542737
RA-MTM,44,46,0.011455834270977761,0.0031225009376444272,1.6653345369377348e-16,0.031641876756632804,True,False,0.5933333333333334,50.2775574107595,48.90285729824217,3.3347402369227237,800.3376568614538
RA-MTM,44,58,0.011455834270977761,0.0031225009376444272,0.0,0.008866347817078572,True,True,0.4748858447488584,91.47550437848082,90.10080426596349,1.2989250361047313,311.74200866513553
RA-MTM,45,59,0.03421845979848304,,,,False,True,,21.769898331538645,17.66368315572068,0.1248966380869934,29.975193140878417
RA-MTM,45,60,0.03421845979848304,,,,False,True,,63.413401934684046,59.30718675886608,0.02497932761739868,5.995038628175683
RA-MTM,45,50,0.03421845979848304,0.022762625527505284,0.0,0.0051913346652979675,True,True,0.9078947368421053,92.15660029502352,96.26281547084149,1.811001252261404,434.640300542737
RA-MTM,45,46,0.028506791743636305,0.03996262601461407,1.1102230246251565e-16,0.00832074925798126,True,False,0.6048632218844985,58.522166978470096,61.94298198770645,3.259802254070528,782.3525409769267
RA-MTM,45,61,0.03421845979848304,,,,False,True,,71.94690677139417,76.05312194721213,0.01248966380869934,2.9975193140878416
RA-MTM,45,58,0.0014782707866502895,0.00997756348432747,0.0,0.018843911301406044,True,True,0.125,95.4468662447959,95.26947375039786,0.16236562951309141,38.96775108314194
RA-MTM,46,59,0.008333333333333333,0.025885126465149712,0.0,0.025885126465149712,True,True,0.37037037037037035,22.579001012352638,21.579001012352638,0.33722092283488214,80.93302148037172
RA-MTM,46,50,0.008333333333333333,0.025885126465149712,2.220446049250313e-16,0.020693791799851743,True,True,0.5655172413793104,94.80004899263253,95.80004899263253,1.024152432313346,245.79658375520302
RA-MTM,46,46,0.003587800968590571,0.03209459271222688,0.0,0.023773843454245616,True,False,0.5793103448275863,65.7871890669263,65.35665295069543,2.46046377031377,590.5113048753047
RA-MTM,46,62,0.008333333333333333,,,,False,True,,23.981498335052677,24.981498335052677,0.5995038628175683,143.88092707621638
RA-MTM,46,63,0.0016100800269184627,,,,False,True,,75.36030870607823,75.16709910284801,0.01248966380869934,2.9975193140878416
RA-MTM,47,59,0.04091997178501418,0.03258663845168085,1.1102230246251565e-16,0.006701511986531136,True,True,0.5,20.258248903321423,15.347852289119722,0.26228293998268615,62.947905595844674
RA-MTM,47,50,0.04091997178501418,0.03258663845168085,0.0,0.011892846651829103,True,True,0.6585365853658537,96.69407079785353,101.60446741205523,0.6744418456697643,161.86604296074344
RA-MTM,47,64,0.03263136767375284,,,,False,False,,67.2534791112036,71.16924323205394,0.04995865523479736,11.990077256351366
RA-MTM,47,62,0.012215270530863147,0.003881937197529813,0.0,0.003881937197529813,True,True,0.3380281690140845,29.627934193850006,31.093766657553584,1.7735322608353064,425.6477426004735
RA-MTM,47,46,0.03276580154307946,0.029178000574488886,1.1102230246251565e-16,0.052951844028734506,True,True,0.49722222222222223,73.4939164201545,69.56202023498497,4.271465022575174,1025.1516054180418
RA-MTM,48,50,0.06422794303862449,0.023307971253610303,2.220446049250313e-16,0.035200817905439406,True,True,0.2962962962962963,97.01407722923015,104.72143039386509,0.19983462093918944,47.960309025405465
RA-MTM,48,64,0.047561276371957936,0.014929908698205097,0.0,0.014929908698205097,True,False,0.06451612903225806,70.26773323900932,75.97508640364427,0.7743591561393591,185.84619747344618
RA-MTM,48,62,0.017582092207099484,0.02979736273796263,0.0,0.025915425540432815,True,False,0.07746478873239436,35.485567923632736,33.3757168587808,0.13738630189569273,32.972712454966256
RA-MTM,48,65,0.02470738599247045,,,,False,False,,28.42603210417254,25.461145785076084,0.07493798285219604,17.985115884527048
RA-MTM,48,46,0.06422794303862449,0.03146214149554503,1.6653345369377348e-16,0.08441398552427953,True,True,0.5702479338842975,82.2769389421485,74.56958577751357,2.8476433483834493,683.4344036120278
RA-MTM,49,66,0.10255640131601217,,,,False,True,,47.56546438079382,35.25869622287236,0.08742764666089538,20.98263519861489
RA-MTM,49,67,0.08263722163959528,,,,False,True,,91.57396789582747,101.4904344925789,0.02497932761739868,5.995038628175683
RA-MTM,49,64,0.056775123432624024,0.009213847060666087,0.0,0.024143755758871184,True,False,0.1774193548387097,73.03298920515728,79.84600401707216,0.13738630189569273,32.972712454966256
RA-MTM,49,62,0.011928243934128406,0.02951033614122789,0.0,0.0035949106007950723,True,False,0.05813953488372093,45.70637939851054,47.13776867060595,0.9991731046959472,239.80154512702734
RA-MTM,49,65,0.08588973464934566,0.11059712064181611,0.0,0.11059712064181611,True,True,0.13333333333333333,25.561212623276997,35.867980781198476,0.3497105866435815,83.93054079445956
RA-MTM,49,46,0.048807092955537354,0.015420850083087127,0.0,0.0689931354411924,True,True,0.7763713080168776,84.56588231749298,78.7090311628285,2.4105051150789722,578.5212276189534
RA-MTM,50,66,0.10463400047665268,0.0020775991606405125,1.6653345369377348e-16,0.0020775991606405125,True,True,0.2,42.93299032657975,30.376910269381426,0.0624483190434967,14.987596570439209
RA-MTM,50,68,0.08796733380998602,,,,False,True,,20.380156115274424,30.936236172472746,0.17485529332179076,41.96527039722978
RA-MTM,50,69,0.08083677124714536,,,,False,False,,77.06700967342024,86.76742222307769,0.01248966380869934,2.9975193140878416
RA-MTM,50,62,0.03097518074064466,0.019046936806516257,0.0,0.02264184740731133,True,False,0.36363636363636365,55.77444381189112,59.49146550076848,1.811001252261404,434.640300542737
RA-MTM,50,65,0.06703518445309857,0.018854550196247082,2.0816681711721685e-16,0.09174257044556902,True,False,0.48717948717948717,29.79139287804616,37.83561501241799,0.3746899142609802,89.92557942263525
RA-MTM,50,46,0.006386257195998013,0.042420835759539345,0.0,0.026572299681653058,True,True,0.6321243523316062,86.64971592447995,85.88336506096019,1.5237389846613194,365.6973563187167
RA-MTM,51,68,0.008333333333333333,0.09630066714331935,2.220446049250313e-16,0.09630066714331935,True,True,0.23333333333333334,21.51389318643734,20.51389318643734,0.7493798285219604,179.8511588452705
RA-MTM,51,62,0.008333333333333333,0.02264184740731133,1.1102230246251565e-16,0.0,True,False,0.4101694915254237,64.7233421605407,65.7233421605407,3.3846988921575214,812.3277341178051
RA-MTM,51,65,0.008333333333333333,0.05870185111976524,1.1102230246251565e-16,0.03304071932580378,True,True,0.5357142857142857,30.77274593426782,31.77274593426782,0.699421173287163,167.86108158891912
RA-MTM,51,46,0.008333333333333333,0.014719590529331346,0.0,0.011852709152321712,True,True,0.5245901639344263,89.06725085004385,90.06725085004385,0.7993384837567578,191.84123610162186
RA-MTM,52,68,0.008333333333333333,0.0,0.0,0.09630066714331935,True,True,0.32432432432432434,21.06027003459118,20.06027003459118,0.4746072247305749,113.90573393533798
RA-MTM,52,62,0.0041521448469940955,0.004181188486339238,0.0,0.004181188486339238,True,False,0.5620253164556962,72.25766446197959,72.75592184361888,4.321423677809972,1037.1416826743932
RA-MTM,52,65,0.008333333333333333,0.0,0.0,0.03304071932580378,True,True,0.7432432432432432,30.027525477637315,31.027525477637315,0.9117454580350518,218.81890992841244
RA-MTM,52,46,0.008333333333333333,0.0,0.0,0.011852709152321712,True,True,0.453125,95.36990625422611,96.36990625422611,0.3622002504522808,86.9280601085474
RA-MTM,53,68,0.008333333333333333,0.0,0.0,0.09630066714331935,True,True,0.64,22.60773335187018,21.60773335187018,0.5495452075827709,131.89084981986502
RA-MTM,53,70,0.005513311432859602,,,,False,False,,58.42458372245351,59.086181094396665,0.16236562951309141,38.96775108314194
RA-MTM,53,65,0.008333333333333333,0.0,0.0,0.03304071932580378,True,False,0.1506849315068493,29.434537221238283,30.434537221238283,0.13738630189569273,32.972712454966256
RA-MTM,53,62,0.003799034614180267,0.0003531102328138284,2.220446049250313e-16,0.004534298719153066,True,False,0.37283236994219654,81.34037721180384,81.79626136550547,1.6111666313222148,386.6799915173316
RA-MTM,53,46,0.008333333333333333,0.0,2.220446049250313e-16,0.011852709152321712,True,True,0.13793103448275862,100.10747273253759,101.10747273253759,0.04995865523479736,11.990077256351366
RA-MTM,54,68,0.008333333333333333,0.0,0.0,0.09630066714331935,True,True,0.5294117647058824,23.657308813069818,22.657308813069818,0.4246485694957775,101.91565667898661
RA-MTM,54,70,0.007748122305483799,0.002234810872624197,0.0,0.002234810872624197,True,False,0.13793103448275862,59.74201031889016,60.671784995548215,1.0741110875481432,257.7866610115544
RA-MTM,54,62,0.008333333333333333,0.004534298719153066,0.0,0.0,True,True,0.5695364238410596,86.59609007441315,87.59609007441315,1.3488836913395286,323.7320859214869
RA-MTM,55,70,0.008333333333333333,0.0005852110278495341,1.6653345369377348e-16,0.002820021900473731,True,False,0.32926829268292684,68.39127975609829,69.39127975609829,1.6486356227483128,395.6725494595951
RA-MTM,55,62,0.008333333333333333,0.0,0.0,0.0,True,False,0.23148148148148148,87.58028763224715,88.58028763224715,0.3122415952174835,74.93798285219604
RA-MTM,55,71,0.008333333333333333,,,,False,True,,55.278127323687066,54.278127323687066,0.3746899142609802,89.92557942263525
RA-MTM,56,72,0.008333333333333333,,,,False,True,,19.039176783791405,18.039176783791405,0.02497932761739868,5.995038628175683
RA-MTM,56,73,0.008333333333333333,,,,False,True,,20.380156115274424,19.380156115274424,0.17485529332179076,41.96527039722978
RA-MTM,56,70,0.008333333333333333,0.0,0.0,0.002820021900473731,True,True,0.20583468395461912,78.72351355348762,79.72351355348762,7.643674250923996,1834.481820221759
RA-MTM,56,74,0.008333333333333363,,,,False,True,,23.81793949234907,24.817939492349073,0.3122415952174835,74.93798285219604
RA-MTM,56,71,0.008333333333333333,0.016666666666666666,0.0,0.016666666666666666,True,True,0.28125,64.86318017575951,65.86318017575951,1.1615387342090386,278.7692962101693
RA-MTM,57,72,0.009467745601854401,0.0011344122685210678,2.220446049250313e-16,0.0011344122685210678,True,True,0.3333333333333333,19.323626945015075,18.187497472792547,0.07493798285219604,17.985115884527048
RA-MTM,57,73,0.011550215720606497,0.003216882387273164,0.0,0.003216882387273164,True,True,0.35714285714285715,19.039176783791405,17.653150897318625,0.0624483190434967,14.987596570439209
RA-MTM,57,75,0.011550215720606497,,,,False,True,,98.57144186192976,99.95746774840254,0.43713823330447693,104.91317599307446
RA-MTM,57,76,0.008821809529208125,,,,False,False,,69.07044446688514,70.12906161039011,1.1115800789742414,266.7792189538179
RA-MTM,57,70,0.011241669765783632,0.002908336432450298,2.220446049250313e-16,0.005728358332924029,True,False,0.20588235294117646,81.11703815941446,82.4660385313085,1.5736976398961169,377.68743357506804
RA-MTM,57,77,0.010494677863956763,,,,False,True,,97.64223800193243,98.90159934560724,0.22481394855658812,53.95534765358115
RA-MTM,57,71,0.010246808685973007,0.018580142019306342,0.0,0.0019134753526396746,True,True,0.7586206896551724,68.71801304939574,67.48839600707898,1.3863526827656267,332.72464386375043
RA-MTM,58,72,0.02171583530811662,0.012248089706262217,1.1102230246251565e-16,0.013382501974783285,True,True,0.5454545454545454,20.590723117738698,17.984822880764703,0.13738630189569273,32.972712454966256
RA-MTM,58,76,0.02171583530811662,0.030537644837324743,0.0,0.030537644837324743,True,False,0.45348837209302323,72.04231241553131,69.43641217855732,2.0108358732005938,482.6006095681425
RA-MTM,58,70,0.02171583530811662,0.010474165542332988,2.203098814490545e-16,0.016202523875257016,True,True,0.31088082901554404,89.49770569539955,92.10360593237354,1.586187303704816,380.68495288915585
RA-MTM,58,71,0.02171583530811662,0.03196264399408963,1.1102230246251565e-16,0.030049168641449953,True,True,0.5414634146341464,70.47331618007931,73.0792164170533,2.560381080783365,614.4914593880076
RA-MTM,59,72,0.07674511663477315,0.05502928132665653,0.0,0.06841178330143981,True,True,0.4230769230769231,21.139731820520048,11.93031782434727,0.32473125902618283,77.93550216628388
RA-MTM,59,76,0.11487664536827324,0.13659248067638988,1.6653345369377348e-16,0.10605483583906512,True,True,0.47368421052631576,71.76958719037168,85.55478463456447,2.8851123398095475,692.4269615542914
RA-MTM,59,78,0.018447802634466073,,,,False,True,,27.690385135490637,29.904121451626565,0.7244005009045617,173.8561202170948
RA-MTM,59,70,0.09820997870160646,0.11992581400972308,0.0,0.10372329013446606,True,True,0.3103448275862069,95.92199178881785,84.13679434462507,0.7868488199480584,188.84371678753402
RA-MTM,59,71,0.0095381482832817,0.03125398359139832,0.0,0.0012048149499483665,True,True,0.6869565217391305,68.65474588903496,67.51016809504115,2.2856084769919796,548.5460344780751
RA-MTM,60,72,0.08816486069266809,0.011419744057894936,0.0,0.07983152735933476,True,True,0.8571428571428571,20.811520096031195,10.231736812911025,0.32473125902618283,77.93550216628388
RA-MTM,60,76,0.13348321359613635,0.018606568227863107,1.942890293094024e-16,0.12466140406692823,True,True,0.6133333333333333,69.55887458784056,85.57686021937693,3.1598849436009333,758.372386464224
RA-MTM,60,78,0.008977755012730704,0.00947004762173537,0.0,0.00947004762173537,True,True,0.015151515151515152,20.366610869501866,21.44394147102955,0.11240697427829406,26.977673826790575
RA-MTM,60,79,0.005861234505882488,,,,False,False,,52.225028926552994,51.521680785847096,0.11240697427829406,26.977673826790575
RA-MTM,60,70,0.1168165469294698,0.018606568227863343,0.0,0.1223298583623294,True,True,0.11904761904761904,98.20807972049565,84.19009408895927,0.38717957806967956,92.92309873672309
RA-MTM,60,71,0.00835524911712433,0.0011828991661573696,2.220446049250313e-16,2.191578379099705e-05,True,True,0.36065573770491804,64.78393452967083,63.78130463561591,0.8243178113741564,197.83627472979754
RA-MTM,61,72,0.06125360517783433,0.026911255514833747,0.0,0.052920271844501,True,True,0.7777777777777778,20.202836534251876,12.852403912911756,0.27477260379138546,65.94542490993251
RA-MTM,61,76,0.12275945497433689,0.010723758621799463,0.0,0.11393764544512877,True,True,0.7758620689655172,69.78421699598377,84.5153515929042,3.2722919178792274,785.3500602910145
RA-MTM,61,80,0.08439601823527619,,,,False,True,,92.25664828276426,102.3841704709974,0.1248966380869934,29.975193140878417
RA-MTM,61,78,0.0012791067435932095,0.007698648269137494,2.220446049250313e-16,0.017168695890872866,True,True,0.1956521739130435,23.15752042237759,23.311013231608776,0.5745245352001696,137.8858884480407
RA-MTM,61,71,0.03543000631294214,0.027074757195817808,0.0,0.027096672979608806,True,True,0.37714285714285717,67.42171106369877,63.17011030614571,2.185691166522384,524.5658799653722
RA-MTM,61,70,0.10998744703902309,0.006829099890446718,2.220446049250313e-16,0.1155007584718827,True,True,0.4117647058823529,96.34269118693018,83.14419754224741,0.21232428474788875,50.957828339493304
RA-MTM,62,72,0.07638877465401832,0.015135169476183978,0.0,0.06805544132068499,True,True,0.8076923076923077,20.81414578982711,11.64749283134491,0.3122415952174835,74.93798285219604
RA-MTM,62,76,0.10393485461620683,0.018824600358130064,1.942890293094024e-16,0.09511304508699871,True,True,0.6,74.52369058483218,86.995873138777,3.821837125461998,917.2409101108796
RA-MTM,62,78,0.003799492356585669,0.0025203856129924597,1.1102230246251565e-16,0.014648310277880406,True,True,0.5348837209302325,25.74690849264726,26.20284757543754,1.0741110875481432,257.7866610115544
RA-MTM,62,71,0.02521228628988261,0.010217720023059524,1.1102230246251565e-16,0.01687895295654928,True,True,0.5108225108225108,73.94786652620897,70.92239217142306,2.1732015027136855,521.5683606512845
RA-MTM,62,70,0.08726818794954028,0.02271925908948281,0.0,0.09278149938239988,True,True,0.7647058823529411,95.97200500397805,85.49982245003322,0.16236562951309141,38.96775108314194
RA-MTM,63,72,0.08270767922055383,0.006318904566535514,0.0,0.0743743458872205,True,True,0.8064516129032258,21.68181053967583,11.75688903320937,0.38717957806967956,92.92309873672309
RA-MTM,63,81,0.08700439777850129,,,,False,True,,94.79044279581821,105.23097052923836,0.32473125902618283,77.93550216628388
RA-MTM,63,76,0.15020523589001986,0.04627038127381304,0.0,0.14138342636081175,True,True,0.5620915032679739,66.25128842689237,84.27591673369476,2.1482221750962864,515.5733220231087
RA-MTM,63,78,0.0033215727049118312,0.0004779196516738378,0.0,0.015126229929554242,True,True,0.5826771653543307,30.62990248374028,31.0284912083297,1.436311338000424,344.7147211201018
RA-MTM,63,71,0.046421882549558306,0.0212095962596757,2.1510571102112408e-16,0.038088549216224975,True,False,0.5347826086956522,80.41366911217472,74.84304320622772,2.2356498217571814,536.5559572217236
RA-MTM,63,82,0.012409014485819606,,,,False,True,,21.59922823480444,20.110146496506086,0.04995865523479736,11.990077256351366
RA-MTM,63,70,0.13353856922335333,0.04627038127381304,0.0,0.13905188065621293,True,True,0.23076923076923078,99.25412224886657,83.22949394206417,0.03746899142609802,8.992557942263524
RA-MTM,64,72,0.052727912561033936,0.02997976665951989,0.0,0.044394579227700605,True,True,0.7878787878787878,22.45257871847545,16.125229211151378,0.3497105866435815,83.93054079445956
RA-MTM,64,76,0.052727912561033936,0.09747732332898593,0.0,0.043906103031825815,True,True,0.8019323671497585,66.4447066378737,72.77205614519777,2.510422425548567,602.5013821316561
RA-MTM,64,78,0.003952835016730471,0.0006312623118186404,1.6653345369377348e-16,0.014494967617735603,True,True,0.460431654676259,23.77139310233066,24.245733304338316,1.0990904151655418,263.78169963973005
RA-MTM,64,71,0.03606124589436703,0.010360636655191276,0.0,0.0277279125610337,True,True,0.19691969196919692,73.13352394560775,68.8061744382837,11.3531044021077,2724.745056505848
RA-MTM,64,82,0.031255305604366006,0.043664320090185615,2.220446049250313e-16,0.043664320090185615,True,True,0.23529411764705882,25.66519230406044,29.41582897658436,0.21232428474788875,50.957828339493304
RA-MTM,65,72,0.01259661797726584,0.040131294583768094,0.0,0.004263284643932508,True,True,0.75,21.88367839602811,20.37208423875621,0.26228293998268615,62.947905595844674
RA-MTM,65,76,0.01259661797726584,0.040131294583768094,0.0,0.0037748084480577165,True,True,0.4427860696517413,66.73092179255111,68.24251594982302,1.1115800789742414,266.7792189538179
RA-MTM,65,78,0.01259661797726584,0.00864378296053537,0.0,0.005851184657200233,True,True,0.52,21.625895437419167,23.13748959469107,0.7993384837567578,191.84123610162186
RA-MTM,65,71,0.01259661797726584,0.04865786387163287,1.1102230246251565e-16,0.020929951310599174,True,True,0.7033898305084746,78.64918739421805,80.16078155148995,8.73027500228084,2095.2660005474013
RA-MTM,65,82,0.01259661797726584,0.018658687627100167,1.6653345369377348e-16,0.02500563246308545,True,True,0.68,25.93424869185318,27.445842849125082,0.3122415952174835,74.93798285219604
RA-MTM,66,72,0.008333333333333333,0.004263284643932508,0.0,0.0,True,True,0.19047619047619047,19.46585202562691,18.46585202562691,0.04995865523479736,11.990077256351366
RA-MTM,66,76,0.0055043847007357986,0.01810100267800164,0.0,0.014326194229943922,True,False,0.2523809523809524,69.94594701657944,69.28542085249114,2.1732015027136855,521.5683606512845
RA-MTM,66,78,0.008333333333333333,0.004263284643932508,0.0,0.010114469301132741,True,True,0.26556016597510373,27.29649349715568,28.29649349715568,3.0100089778965406,722.4021546951698
RA-MTM,66,71,0.008333333333333333,0.004263284643932508,0.0,0.016666666666666666,True,True,0.6123032904148784,84.3284640227889,85.3284640227889,5.345576110123318,1282.9382664295963
RA-MTM,67,72,0.06398339249774038,0.05565005916440704,0.0,0.05565005916440704,True,True,0.25,19.039176783791405,11.36116968406256,0.01248966380869934,2.9975193140878416
RA-MTM,67,76,0.06398339249774038,0.06948777719847617,2.220446049250313e-16,0.05516158296853225,True,True,0.42962962962962964,76.52760788621097,84.20561498593982,5.058313842523233,1213.9953222055758
RA-MTM,67,78,0.02986299920777166,0.021529665874438327,0.0,0.011415196573305586,True,True,0.7403846153846154,29.782350753715896,33.365910658648495,3.771878470227201,905.2508328545282
RA-MTM,67,71,0.047316725831073825,0.055650059164407156,0.0,0.03898339249774049,True,True,0.6,87.30721547747241,81.62920837774355,3.2473125902618283,779.3550216628388
RA-MTM,68,83,0.07954443174452439,,,,False,True,,47.19974274493482,37.65441093559189,0.02497932761739868,5.995038628175683
RA-MTM,68,84,0.06604719574293559,,,,False,False,,75.36030870607823,83.2859721952305,0.07493798285219604,17.985115884527048
RA-MTM,68,76,0.052098804450917295,0.011884588046823078,0.0,0.04327699492170917,True,False,0.04197530864197531,85.60051451013037,91.85237104424044,0.21232428474788875,50.957828339493304
RA-MTM,68,78,0.06287776507785765,0.033014765870086,0.0,0.044429962443391584,True,True,0.7632978723404256,31.74251611688844,39.28784792623136,4.508768634940462,1082.1044723857108
RA-MTM,68,71,0.04215077574927939,0.005165950081794435,1.1102230246251565e-16,0.03381744241594606,True,True,0.532319391634981,87.37882530826998,82.32073221835645,1.7860219246440054,428.64526191456133
RA-MTM,69,83,0.08795359390078279,0.008409162156258414,0.0,0.008409162156258414,True,True,0.038461538461538464,41.652964601073215,31.09853333297928,0.6494625180523657,155.87100433256776
RA-MTM,69,84,0.08795359390078279,0.021906398157847208,0.0,0.021906398157847208,True,False,0.06,77.7667570700305,88.32118833812443,1.248966380869934,299.7519314087842
RA-MTM,69,76,0.0712869272341159,0.12338573168503318,0.0,0.08010873676332401,True,True,0.022222222222222223,95.6855656807877,87.1311344126938,1.51124932085262,362.6998370046288
RA-MTM,69,78,0.02532490782997865,0.03755285724787901,1.6653345369377348e-16,0.0068771051955125746,True,True,0.7794759825327511,33.865671530921254,36.90466047051869,5.6703073691495005,1360.8737685958802
RA-MTM,69,71,0.04514991314798505,0.0029991373987056607,0.0,0.036816579814651716,True,True,0.6923076923076923,89.85864722663018,84.44065764887198,1.2364767170612345,296.7544120946963
RA-MTM,70,83,0.0774308661685461,0.010522727732236703,0.0,0.0021135655759782898,True,True,0.3269230769230769,36.60815732995931,27.31645338973378,0.21232428474788875,50.957828339493304
RA-MTM,70,84,0.0774308661685461,0.010522727732236703,0.0,0.011383670425610504,True,True,0.3009118541033435,85.25188961741114,94.54359355763667,4.096609729253384,983.1863350208121
RA-MTM,70,76,0.06076419950187966,0.010522727732236229,2.220446049250313e-16,0.06958600903108779,True,True,0.14049586776859505,100.2580639943619,92.96636005413635,0.21232428474788875,50.957828339493304
RA-MTM,70,78,0.018416312690900997,0.006908595139077652,1.6653345369377348e-16,3.1489943565077284e-05,True,True,0.7766323024054983,37.392097358467616,39.602054881375736,7.244005009045616,1738.561202170948
RA-MTM,70,71,0.040485082150099196,0.004664830997885853,0.0,0.032151748816765864,True,True,0.7171717171717171,92.86000313178238,88.00179327377047,0.8867661304176532,212.82387130023676
RA-MTM,71,85,0.04554447974495456,,,,False,True,,20.745877751133428,15.28054018173888,0.03746899142609802,8.992557942263524
RA-MTM,71,83,0.055173957786003404,0.02225690838254269,0.0,0.02437047395852098,True,True,0.65,34.82616073170514,28.20528579738473,0.19983462093918944,47.960309025405465
RA-MTM,71,86,0.056206263645123045,,,,False,True,,94.13401934684052,100.87877098425528,0.01248966380869934,2.9975193140878416
RA-MTM,71,84,0.0527360727845996,0.02469479338394649,2.220446049250313e-16,0.013311122958335985,True,False,0.3079268292682927,85.3301460400564,91.65847477420836,1.2614560446786331,302.749450722872
RA-MTM,71,78,0.0247020121962476,0.006285699505346602,0.0,0.006254209561781524,True,True,0.8008982035928144,41.09753342751207,44.06177489106178,7.781060552819688,1867.4545326767252
RA-MTM,71,71,0.04420068509883031,0.0037156029487311077,0.0,0.03586735176549697,True,True,0.5352112676056338,95.88563349753365,90.58155128567401,0.4746072247305749,113.90573393533798
RA-MTM,72,83,0.058754385620041205,0.0035804278340378025,0.0,0.020790046124483177,True,True,0.2191780821917808,39.49620892658963,32.445682652184686,0.9117454580350518,218.81890992841244
RA-MTM,72,87,0.058754385620041205,,,,False,True,,95.84072031418253,102.89124658858748,0.01248966380869934,2.9975193140878416
RA-MTM,72,84,0.058754385620041205,0.006018312835441601,1.6653345369377348e-16,0.007292810122894385,True,False,0.5779816513761468,87.88412848051759,94.93465475492253,0.8867661304176532,212.82387130023676
RA-MTM,72,78,0.001248111153428629,0.025950123349676227,2.0816681711721685e-16,0.019695913787894703,True,True,0.8215297450424929,44.1454430499856,43.995669711574166,8.280647105167663,1987.355305240239
RA-MTM,72,71,0.058754385620041205,0.0145537005212109,0.0,0.050421052286707874,True,True,0.07894736842105263,99.25412224886657,92.20359597446162,0.03746899142609802,8.992557942263524
RA-MTM,73,83,0.008333333333333333,0.06708771895337454,1.6653345369377348e-16,0.08787776507785772,True,True,0.42424242424242425,45.84180241004967,46.84180241004967,1.436311338000424,344.7147211201018
RA-MTM,73,87,0.008333333333333333,0.050421052286707874,0.0,0.050421052286707874,True,True,0.037037037037037035,97.35778784070875,98.35778784070875,0.33722092283488214,80.93302148037172
RA-MTM,73,84,0.008333333333333333,0.050421052286707874,0.0,0.05771386240960226,True,False,0.1267605633802817,90.91025085297224,91.91025085297224,0.11240697427829406,26.977673826790575
RA-MTM,73,78,0.008333333333333333,0.007085222179904704,0.0,0.026781135967799408,True,False,0.0015082956259426848,27.572681620501527,26.572681620501527,0.01248966380869934,2.9975193140878416
RA-MTM,73,88,0.008333333333333333,,,,False,False,,25.865980653159504,24.865980653159504,0.01248966380869934,2.9975193140878416
RA-MTM,74,83,0.10723950833691433,0.11557284167024766,1.3877787807814457e-16,0.027695076592389938,True,True,0.775,43.94307865419036,31.07433765376064,1.2239870532525354,293.7568927806085
RA-MTM,74,87,0.05629729835242235,0.04796396501908902,0.0,0.002457087267618855,True,True,0.48148148148148145,97.15356721213794,103.90924301442863,0.16236562951309141,38.96775108314194
RA-MTM,74,89,0.06158833623504011,,,,False,False,,89.77245020807756,97.16305055628237,0.11240697427829406,26.977673826790575
RA-MTM,74,90,0.09057284167024772,,,,False,True,,21.030327912357098,31.899068912786824,0.07493798285219604,17.985115884527048
RA-MTM,74,91,0.008597681214955284,,,,False,False,,37.81288742455368,38.84460917034831,0.7244005009045617,173.8561202170948
RA-MTM,74,92,0.030676984853298943,,,,False,True,,75.2051540726835,71.52391589028763,0.13738630189569273,32.972712454966256
RA-MTM,75,83,0.08816014141722543,0.01907936691968889,0.0,0.008615709672701043,True,True,0.6836734693877551,43.59529219450353,33.01607522443648,0.8368074751828557,200.83379404388538
RA-MTM,75,87,0.08014979907174898,0.02385250071932662,0.0,0.021395413451707767,True,True,0.03757225433526012,87.32694612449363,96.94492201310351,4.321423677809972,1037.1416826743932
RA-MTM,75,90,0.07149347475055885,0.019079366919688864,0.0,0.019079366919688864,True,True,0.3333333333333333,25.202263610304275,33.78148058037134,0.22481394855658812,53.95534765358115
RA-MTM,75,91,0.028434904507434727,0.01983722329247944,0.0,0.01983722329247944,True,False,0.24096385542168675,44.14664434780075,47.55883288869292,0.5620348713914702,134.88836913395286
RA-MTM,75,93,0.012165327897041441,,,,False,True,,93.39197544799616,91.93213610035119,0.5745245352001696,137.8858884480407
RA-MTM,76,83,0.06562867502858213,0.022531466388643295,2.220446049250313e-16,0.013915756715942251,True,True,0.373134328358209,41.56762955270615,33.692188549276295,0.3122415952174835,74.93798285219604
RA-MTM,76,87,0.05442471419435423,0.02572508487739474,1.3877787807814457e-16,0.004329671425686973,True,True,0.8112676056338028,90.15746355761263,96.68842926093514,3.709430151183704,890.263236284089
RA-MTM,76,94,0.032587591465137976,,,,False,False,,49.11978133319459,53.030292309011145,0.19983462093918944,47.960309025405465
RA-MTM,76,90,0.04896200836191562,0.022531466388643236,0.0,0.0416108333083321,True,False,0.47368421052631576,28.42603210417254,34.30147310760241,0.1248966380869934,29.975193140878417
RA-MTM,76,91,0.030292071054890533,0.0018571665474558094,0.0,0.02169438983993525,True,False,0.37777777777777777,44.43890294482271,48.07395147140957,0.21232428474788875,50.957828339493304
RA-MTM,77,83,0.045179460110852075,0.020449214917730055,1.3877787807814457e-16,0.03436497163367231,True,True,0.36363636363636365,44.38368614882047,38.962150935518224,0.2497932761739868,59.950386281756835
RA-MTM,77,87,0.045179460110852075,0.009245254083502156,0.0,0.013574925509189128,True,True,0.6174496644295302,94.81669973377723,100.23823494707948,2.3105878046093777,554.5410731062507
RA-MTM,77,91,0.03807927797309875,0.007787206918208215,0.0,0.029481596758143467,True,False,0.2077922077922078,52.49949838036532,57.06901173713717,0.9492144494611497,227.81146787067595
RA-MTM,77,95,0.045179460110852075,,,,False,False,,36.10618645721165,41.5277216705139,0.01248966380869934,2.9975193140878416
RA-MTM,78,96,0.04059052186549573,,,,False,True,,19.892527267462416,15.021664643602929,0.02497932761739868,5.995038628175683
RA-MTM,78,83,0.04059052186549573,0.004588938245356348,0.0,0.03895390987902866,True,True,0.8095238095238095,43.691524089842865,38.82066146598338,0.22481394855658812,53.95534765358115
RA-MTM,78,91,0.04059052186549573,0.0025112438923969786,0.0,0.03199284065054044,True,False,0.40625,56.64445233539536,61.515314959254844,0.7368901647132611,176.85363953118267
RA-MTM,78,95,0.04059052186549573,0.004588938245356348,0.0,0.004588938245356348,True,False,0.04,36.58406272806742,41.45492535192691,0.3122415952174835,74.93798285219604
RA-MTM,79,91,0.0045100579850550675,0.03608046388044066,0.0,0.004087623229900217,True,True,0.024583333333333332,60.014222508061174,60.55542946626778,29.975193140878414,7194.04635381082
RA-MTM,80,97,0.008333333333333333,,,,False,True,,19.721857170728214,18.721857170728214,0.0624483190434967,14.987596570439209
RA-MTM,80,91,0.008333333333333333,0.0038232753482782657,0.0,0.00026434788162195134,True,True,0.9625,61.189518856026346,62.189518856026346,28.851123398095474,6924.269615542914
RA-MTM,81,97,0.008333333333333333,0.0,2.220446049250313e-16,0.0,True,True,0.6,19.039176783791405,18.039176783791405,0.03746899142609802,8.992557942263524
RA-MTM,81,91,0.008333333333333333,0.0,0.0,0.00026434788162195134,True,False,0.005627705627705628,46.3463922612638,47.3463922612638,0.16236562951309141,38.96775108314194
RA-MTM,81,98,0.008333333333333333,,,,False,False,,44.63969129392178,45.63969129392178,0.01248966380869934,2.9975193140878416
RA-MTM,81,99,0.008333333333333333,,,,False,False,,42.25030993964294,43.25030993964294,0.0624483190434967,14.987596570439209
RA-MTM,82,100,0.008333333333333333,,,,False,True,,21.20099800909131,20.20099800909131,0.3746899142609802,89.92557942263525
RA-MTM,82,101,0.008333333333333333,,,,False,False,,92.65487850847744,93.65487850847744,0.1873449571304901,44.962789711317626
RA-MTM,82,102,0.008333333333333333,,,,False,False,,62.87610718570601,63.87610718570601,0.6744418456697643,161.86604296074344
RA-MTM,82,99,0.005094611279019468,0.013427944612352801,0.0,0.013427944612352801,True,False,0.045871559633027525,52.09280744488329,51.481454091400956,1.361373355148228,326.72960523557475
RA-MTM,83,100,0.008333333333333333,0.0,0.0,0.0,True,True,0.25675675675675674,27.274686213505298,26.274686213505298,0.7868488199480584,188.84371678753402
RA-MTM,83,102,0.008333333333333333,0.0,0.0,0.0,True,False,0.07308970099667775,74.47840746273056,75.47840746273056,3.3597195645401223,806.3326954896294
RA-MTM,83,103,0.0065786006625386285,,,,False,True,,99.71958614905076,100.50901822855539,0.13738630189569273,32.972712454966256
RA-MTM,83,99,0.0004335238438752498,0.004661087435144218,0.0,0.008766857177208582,True,False,0.5221238938053098,54.66317316561307,54.61115030434804,0.7868488199480584,188.84371678753402
RA-MTM,84,100,0.09173141504597014,0.08339808171263681,0.0,0.08339808171263681,True,False,0.008928571428571428,40.20226877883252,29.1944989733161,0.624483190434967,149.8759657043921
RA-MTM,84,102,0.017373360348774132,0.009040027015440799,0.0,0.009040027015440799,True,False,0.5175438596491229,81.38419651752415,83.46899975937704,5.283127791079821,1267.950669859157
RA-MTM,84,99,0.014022754469528978,0.01445627831340423,0.0,0.005689421136195646,True,False,0.5441176470588235,57.07422691312796,58.756957449471436,0.5245658799653723,125.89581119168935
RA-MTM,84,104,0.07506474837930345,,,,False,True,,20.9084207004041,29.916190505920515,0.26228293998268615,62.947905595844674
RA-MTM,85,105,0.050544134559050075,,,,False,False,,48.05309322860583,41.98779708151982,0.33722092283488214,80.93302148037172
RA-MTM,85,102,0.022517484867346838,0.005144124518572705,0.0,0.014184151534013504,True,True,0.6666666666666666,85.14379171605295,87.84588990013457,6.207362912923572,1489.7670991016573
RA-MTM,85,99,0.050544134559050075,0.0365213800895211,2.220446049250313e-16,0.04221080122571674,True,True,0.1,39.371715383894966,45.437011530980975,3.459636875009717,830.3128500023321
RA-MTM,86,106,0.08654281548479137,,,,False,True,,57.38708612964447,47.00194827146951,1.4113320103830254,338.7196824919261
RA-MTM,86,107,0.08654281548479142,,,,False,False,,75.36030870607823,85.7454465642532,0.04995865523479736,11.990077256351366
RA-MTM,86,102,0.040370233727491704,0.06288771859483853,0.0,0.048703567060825036,True,True,0.4704761904761905,89.21872056089542,84.37429251359642,3.4346575473923187,824.3178113741565
RA-MTM,86,99,0.06987614881812458,0.019332014259074506,0.0,0.06154281548479125,True,True,0.6933333333333334,40.58746832676891,48.97260618494386,4.471299643514363,1073.1119144434472
RA-MTM,87,108,0.09415335652428176,,,,False,True,,46.871531020445964,35.57312823753215,0.16236562951309141,38.96775108314194
RA-MTM,87,106,0.11694816037777755,0.030405344892986186,0.0,0.030405344892986186,True,True,0.12244897959183673,69.09146476834118,55.057685523007876,0.6494625180523657,155.87100433256776
RA-MTM,87,102,0.047197215337833616,0.08756744906532532,1.1102230246251565e-16,0.038863882004500284,True,True,0.45357142857142857,93.39703483821552,99.06070067875555,1.6486356227483128,395.6725494595951
RA-MTM,87,99,0.12274433762939889,0.05286818881127431,1.942890293094024e-16,0.11441100429606556,True,True,0.7922374429223744,43.6284609783772,58.357781493905065,5.333086446314619,1279.9407471155084
RA-MTM,88,108,0.08029326943502448,0.013860087089257286,2.220446049250313e-16,0.013860087089257286,True,True,0.14606741573033707,40.094880852797495,30.459688520594558,1.1115800789742414,266.7792189538179
RA-MTM,88,106,0.17001655331477708,0.053068392936999526,0.0,0.08347373782998571,True,True,0.13227513227513227,82.27789454179427,61.87590814402102,4.696113592070951,1127.0672620970283
RA-MTM,88,102,0.057857901237911236,0.01066068590007762,0.0,0.049524567904577904,True,True,0.6041666666666666,94.25469517281418,101.19764332136353,1.2364767170612345,296.7544120946963
RA-MTM,88,99,0.1866832199814438,0.06393888235204491,1.942890293094024e-16,0.17834988664811047,True,True,0.7969052224371374,42.715402952257264,65.11738935003052,6.2698112319670685,1504.7546956720964
RA-MTM,89,108,0.05216270028793784,0.028130569147086632,1.6653345369377348e-16,0.04199065623634392,True,True,0.7416666666666667,40.785391609341055,34.52586757478851,1.4987596570439208,359.702317690541
RA-MTM,89,109,0.05216270028793784,,,,False,True,,91.92534750675082,98.18487154130337,0.21232428474788875,50.957828339493304
RA-MTM,89,106,0.03549603362127118,0.20551258693604826,2.220446049250313e-16,0.12203884910606254,True,False,0.31382978723404253,83.41651581463339,87.67603984918593,1.4737803294265222,353.70727906236533
RA-MTM,89,102,0.05216270028793784,0.11002060152584908,0.0,0.06049603362127118,True,True,0.811965811965812,92.71428579878608,86.45476176423354,1.4113320103830254,338.7196824919261
RA-MTM,89,99,0.016415768310920894,0.1702674516705229,0.0,0.00808243497758756,True,True,0.7933333333333333,44.55643758819775,46.52632978550826,7.169067026193421,1720.576086286421
RA-MTM,90,108,0.021734015907742096,0.030428684380195747,1.1449174941446927e-16,0.07241934061653967,True,True,0.926829268292683,41.532620302094,38.92453839316495,1.4612906656178228,350.70975974827746
RA-MTM,90,109,0.021734015907742096,0.030428684380195747,2.220446049250313e-16,0.030428684380195747,True,True,0.15,94.13401934684053,96.74210125576958,0.07493798285219604,17.985115884527048
RA-MTM,90,106,0.021734015907742096,0.013762017713529081,1.6653345369377348e-16,0.10827683139253347,True,True,0.27184466019417475,90.92210294302316,93.53018485195221,1.798511588452705,431.6427812286492
RA-MTM,90,102,0.021734015907742096,0.030428684380195747,1.1102230246251565e-16,0.030067349241075427,True,True,0.48672566371681414,93.01690598639848,90.40882407746943,0.6869315094784637,164.86356227483128
RA-MTM,90,99,0.006182692037101667,0.010233076273819227,1.942890293094024e-16,0.0021506412962316664,True,True,0.8160237388724035,46.61946441603849,47.36138746049069,8.11828147565457,1948.387554157097
RA-MTM,91,108,0.008333333333333333,0.013400682574408762,0.0,0.08582002319094843,True,True,0.7627118644067796,43.92700297788885,42.92700297788885,1.13655940659164,272.7742575819936
RA-MTM,91,109,0.008333333333333333,0.013400682574408762,2.220446049250313e-16,0.04382936695460451,True,True,0.09090909090909091,97.94565150723771,98.94565150723771,0.3746899142609802,89.92557942263525
RA-MTM,91,106,0.0003236031985177116,0.022057619106259807,1.1102230246251565e-16,0.08621921228627366,True,True,0.4114285714285714,95.79101057726962,95.75217819344749,1.286435372296032,308.74448935104766
RA-MTM,91,99,0.0026904225091654984,0.0034922695279361684,1.6653345369377348e-16,0.005642910824167835,True,True,0.7052401746724891,55.652778128140824,55.975628829240684,11.390573393533797,2733.7376144481113
RA-MTM,92,108,0.08411958673734328,0.07578625340400995,0.0,0.010033769786938478,True,True,0.6293706293706294,40.661395377089306,30.567044968608112,1.7735322608353064,425.6477426004735
RA-MTM,92,109,0.06515894836043307,0.05682561502709973,0.0,0.01299624807249522,True,True,0.16666666666666666,95.15803992724574,102.9771137304977,0.0624483190434967,14.987596570439209
RA-MTM,92,110,0.04333737718396253,,,,False,False,,95.73405150372366,100.93453676579917,0.19983462093918944,47.960309025405465
RA-MTM,92,106,0.015785013053258485,0.015461409854740775,2.220446049250313e-16,0.07075780243153289,True,True,0.24369747899159663,98.04046822764556,96.14626666125454,0.5620348713914702,134.88836913395286
RA-MTM,92,111,0.06745292007067659,,,,False,True,,23.525362183661866,31.619712592143056,0.43713823330447693,104.91317599307446
RA-MTM,92,99,0.005519069115796249,0.008209491624961747,0.0,0.013852402449129582,True,True,0.07346491228070176,45.42935890567704,44.76707061178149,0.8368074751828557,200.83379404388538
RA-MTM,93,112,0.09862866242161226,,,,False,True,,41.226289359237725,29.390849868644253,0.01248966380869934,2.9975193140878416
RA-MTM,93,110,0.03000705207636353,0.013330325107598994,0.0,0.013330325107598994,True,True,0.07692307692307693,91.18011382644083,94.78096007560445,2.5978500722094626,623.4840173302711
RA-MTM,93,108,0.09862866242161226,0.014509075684268987,0.0,0.00447530589733051,True,False,0.035211267605633804,43.95701090698496,32.12157141639149,0.0624483190434967,14.987596570439209
RA-MTM,93,106,0.027229759225897845,0.04301477227915633,0.0,0.11377257471068922,True,True,0.2222222222222222,100.27814282927179,103.54571393637953,0.1248966380869934,29.975193140878417
RA-MTM,93,113,0.06364202492060476,,,,False,False,,25.01263016948849,32.64967315996106,0.04995865523479736,11.990077256351366
RA-MTM,93,111,0.08196199575494573,0.014509075684269134,0.0,0.014509075684269134,True,True,0.8292682926829268,23.476599298880664,33.31203878947415,0.4995865523479736,119.90077256351367
RA-MTM,93,99,0.03759612376770125,0.0431151928834975,0.0,0.029262790434367917,True,True,0.4666666666666667,52.51556823495886,57.02710308708301,1.361373355148228,326.72960523557475
RA-MTM,94,112,0.10251394573249825,0.003885283310885986,0.0,0.003885283310885986,True,True,0.2,39.86092858536411,27.559255097464316,0.0624483190434967,14.987596570439209
RA-MTM,94,110,0.045594564004768516,0.015587511928404988,0.0,0.0022571868208059935,True,True,0.6645367412140575,89.45558666320004,94.92693434377226,3.9092647721228935,938.2235453094944
RA-MTM,94,108,0.10251394573249825,0.003885283310885986,0.0,0.008360589208216496,True,False,0.42857142857142855,43.95701090698497,31.65533741908518,0.0624483190434967,14.987596570439209
RA-MTM,94,114,0.060451868004685376,,,,False,False,,37.94169504473042,45.19591920529267,0.661952181861065,158.8685236466556
RA-MTM,94,111,0.08601971682548608,0.004057721070540351,0.0,0.018566796754809486,True,True,0.4,21.91923466618107,32.2416006852394,0.19983462093918944,47.960309025405465
RA-MTM,94,99,0.050539313752762695,0.012943189985061446,0.0,0.04220598041942936,True,True,0.6173913043478261,56.16546406038741,62.23018171071893,0.9617041132698492,230.8089871847638
RA-MTM,95,112,0.09804204085627195,0.0044719048762262995,4.440892098500626e-16,0.0005866215653403136,True,True,0.038461538461538464,40.37293887556673,28.607893972814097,1.6236562951309141,389.6775108314194
RA-MTM,95,110,0.06327504716103813,0.01768048315626961,0.0,0.0199376699770756,True,True,0.8466453674121406,90.04437740622846,97.63738306555304,3.309760909305325,794.342618233278
RA-MTM,95,115,0.08137537418960529,,,,False,True,,19.770620055509415,29.53566495826205,0.08742764666089538,20.98263519861489
RA-MTM,95,111,0.07443150335934122,0.011588213466144855,0.0,0.00697858328866463,True,True,0.5517241379310345,22.74683750594821,31.678617909069157,0.3622002504522808,86.9280601085474
RA-MTM,95,99,0.03914407184512563,0.011395241907637061,2.220446049250313e-16,0.0308107385117923,True,False,0.04716981132075472,52.972407781532844,57.66969640294792,0.4246485694957775,101.91565667898661
RA-MTM,95,116,0.049827650792803206,,,,False,True,,54.879897097973924,60.85921519311031,0.03746899142609802,8.992557942263524
RA-MTM,96,112,0.049124970531066924,0.04891707032520503,0.0,0.04950369189054535,True,True,0.5721649484536082,34.926124645506604,29.031128181778573,2.185691166522384,524.5658799653722
RA-MTM,96,110,0.04912497053106695,0.014150076629971172,0.0,0.005787593347104428,True,True,0.8389261744966443,90.88947828525035,96.78447474897838,3.534574857861913,848.2979658868592
RA-MTM,96,111,0.049124970531066896,0.025306532828274324,0.0,0.018327949539609693,True,True,0.2553191489361702,26.4604495294247,32.35544599315273,1.1115800789742414,266.7792189538179
RA-MTM,96,99,0.01882703873310868,0.020317033112016956,0.0,0.010493705399775344,True,True,0.12916666666666668,60.49688762340338,62.75613227137642,2.9600503226617434,710.4120774388184
RA-MTM,97,117,0.04791479656841136,,,,False,True,,23.305929202146462,17.5561536139371,0.07493798285219604,17.985115884527048
RA-MTM,97,112,0.047914796568411334,0.001210173962655592,0.0,0.05071386585320094,True,True,0.19428571428571428,40.071756351918125,34.321980763708765,0.4246485694957775,101.91565667898661
RA-MTM,97,110,0.047914796568411334,0.0012101739626556214,0.0,0.004577419384448807,True,True,0.8664596273291926,90.26979074153785,96.0195663297472,3.97171309116639,953.2111418799336
RA-MTM,97,111,0.04791479656841136,0.0012101739626555327,0.0,0.019538123502265227,True,True,0.5275590551181102,31.506220992851706,37.25599658106107,1.3114146999134306,314.73952797922334
RA-MTM,97,99,0.026326900786833345,0.0074998620537246674,0.0,0.01799356745350001,True,False,0.004219409282700422,73.6536077387362,76.8128358331562,0.01248966380869934,2.9975193140878416
RA-MTM,97,118,0.02755917529035704,,,,False,False,,71.94690677139417,75.25400780623701,0.01248966380869934,2.9975193140878416
RA-MTM,97,119,0.028960496207421825,,,,False,True,,70.24020580405215,73.71546534894277,0.01248966380869934,2.9975193140878416
RA-MTM,98,112,0.029642629217947084,0.01827216735046425,1.6653345369377348e-16,0.06898603320366518,True,True,0.3333333333333333,35.628310186355876,32.071194680202225,0.624483190434967,149.8759657043921
RA-MTM,98,110,0.029642629217947084,0.01827216735046425,1.249000902703301e-16,0.013694747966015441,True,True,0.8962264150943396,90.92422384334816,94.48133934950181,3.559554185479312,854.2930045150348
RA-MTM,98,111,0.028363443824024337,0.019551352744387025,1.1102230246251565e-16,0.03908947624665225,True,True,0.4090909090909091,31.81029524185317,35.21390850073609,2.560381080783365,614.4914593880076
RA-MTM,98,120,0.025985961559323794,,,,False,True,,53.1731961306319,56.291511517750756,0.0624483190434967,14.987596570439209
RA-MTM,98,119,0.01010763937169017,0.01885285683573166,0.0,0.01885285683573166,True,True,0.14285714285714285,71.94690677139417,73.15982349599699,0.08742764666089538,20.98263519861489
RA-MTM,99,110,0.0336999921898568,0.00405736297190972,0.0,0.00963738499410572,True,True,0.8771929824561403,91.99040293185894,96.03440199464175,3.1224159521748347,749.3798285219603
RA-MTM,99,111,0.026930956400105604,0.05529440022412994,2.220446049250313e-16,0.0943838764707822,True,True,0.33511586452762926,46.101681460799284,42.86996669278661,6.79437711193244,1630.6505068637857
RA-MTM,99,121,0.0336999921898568,,,,False,True,,96.75096083009826,92.70696176731545,0.1873449571304901,44.962789711317626
RA-MTM,100,110,0.04635985828812513,0.012659866098268325,0.0,0.0030224811041626035,True,True,0.864,93.01202148868052,98.57520448325553,2.697767382679057,647.4641718429738
RA-MTM,100,122,0.019983042657486856,,,,False,True,,20.745877751133428,18.347912632235005,0.03746899142609802,8.992557942263524
RA-MTM,100,123,0.04635985828812513,,,,False,True,,100.96082321620861,95.3976402216336,0.01248966380869934,2.9975193140878416
RA-MTM,100,111,0.027809027901309,0.0008780715012033961,0.0,0.09526194797198559,True,True,0.5665467625899281,48.75769454539841,45.42061119724133,4.084120065444684,980.1888157067242
RA-MTM,101,124,0.07197034228872473,,,,False,True,,38.77170819272333,30.135267118076364,2.2231601579484828,533.5584379076358
RA-MTM,101,110,0.04459675394760711,0.0017631043405180217,1.1102230246251565e-16,0.0012593767636445818,True,True,0.5654450261780105,89.49197142781331,94.84358190152616,4.771051574923148,1145.0523779815555
RA-MTM,101,122,0.05530367562205797,0.07528671827954483,0.0,0.07528671827954483,True,True,0.034482758620689655,24.826266270755738,31.462707345402695,1.0866007513568428,260.78418032564224
RA-MTM,101,111,0.015277079916830812,0.04308610781813981,1.6653345369377348e-16,0.05217584015384578,True,True,0.5446685878962536,56.30078689853619,58.134036488555886,2.610339736018162,626.4815366443589
RA-MTM,102,124,0.04205228919650169,0.02991805309222304,0.0,0.02991805309222304,True,True,0.6269230769230769,36.48932340906393,31.443048705483726,3.059967633131338,734.3922319515211
RA-MTM,102,110,0.04205228919650163,0.0025444647511054796,0.0,0.0012850879874608979,True,True,0.7077244258872651,84.985945583817,90.0322202873972,5.445493420592912,1306.918420942299
RA-MTM,102,122,0.04168434258873101,0.013619333033326964,1.1102230246251565e-16,0.061667385246217864,True,True,0.5031847133757962,30.1270058870604,35.12912699770812,1.8609599074962015,446.63037779908836
RA-MTM,102,111,0.0127118045180163,0.002565275398814511,2.220446049250313e-16,0.054741115552660286,True,True,0.40669856459330145,60.86338990112596,62.38880644328792,1.061621423739444,254.78914169746653
RA-MTM,103,124,0.033628534602264955,0.07568082379876664,0.0,0.10559887689098968,True,True,0.7877551020408163,36.283046661081265,40.31847081335306,2.4105051150789722,578.5212276189534
RA-MTM,103,110,0.03362853460226501,0.008423754594236617,0.0,0.009708842581697515,True,True,0.8245967741935484,82.36542461681027,86.40084876908207,5.85765232627999,1405.8365583071977
RA-MTM,103,122,0.033628534602264955,0.07531287719099596,2.220446049250313e-16,0.013645491944778095,True,True,0.2214765100671141,25.452234964106896,21.416810811835102,0.4121589056870782,98.91813736489877
RA-MTM,103,125,0.033628534602264955,,,,False,False,,41.226289359237725,37.19086520696593,0.09991731046959472,23.980154512702732
RA-MTM,104,124,0.008333333333333333,0.041961867935598286,1.3877787807814457e-16,0.0636370089553914,True,True,0.616822429906542,40.72431848649005,39.72431848649005,1.910918562730999,458.6204550554398
RA-MTM,104,110,0.008333333333333333,0.02529520126893168,0.0,0.03500404385062919,True,True,0.7334754797441365,85.82873615111208,86.82873615111208,4.296444350192573,1031.1466440462175
RA-MTM,104,126,0.008333333333333333,,,,False,False,,65.12010290202608,66.12010290202608,0.02497932761739868,5.995038628175683
RA-MTM,104,122,0.008333333333333333,0.02529520126893159,0.0,0.011649709324153523,True,True,0.026720647773279354,55.97577877174092,54.97577877174092,15.424734803743686,3701.9363528984845
RA-MTM,105,124,0.008333333333333333,0.0,1.1102230246251565e-16,0.0636370089553914,True,True,0.34591194968553457,47.74532748039661,46.74532748039661,0.7618694923306597,182.84867815935834
RA-MTM,105,110,0.008333333333333333,0.0,0.0,0.03500404385062919,True,True,0.8866279069767442,87.80523641548366,88.80523641548366,3.8093474616532985,914.2433907967917
RA-MTM,105,126,0.008333333333333333,0.0,0.0,0.0,True,False,0.125,63.73340836606069,64.73340836606069,0.19983462093918944,47.960309025405465
RA-MTM,105,122,0.008333333333333333,0.0,0.0,0.011649709324153523,True,True,0.895245769540693,58.54693588187799,57.54693588187799,13.950954474317163,3348.229073836119
RA-MTM,106,127,0.03195374042773856,,,,False,True,,19.892527267462416,16.05807841613379,0.02497932761739868,5.995038628175683
RA-MTM,106,124,0.03502540727892202,0.026692073945588687,2.220446049250313e-16,0.036944935009802705,True,True,0.041666666666666664,60.85335048367101,56.650301610200366,0.17485529332179076,41.96527039722978
RA-MTM,106,110,0.019063880391124853,0.010730547057791522,0.0,0.024273496792837673,True,True,0.8918032786885246,89.17705697845734,91.46472262539233,3.39718855596622,815.3252534318929
RA-MTM,106,126,0.018358740612255352,0.026692073945588687,0.0,0.026692073945588687,True,False,0.0625,61.70670096734203,59.50365209387139,0.01248966380869934,2.9975193140878416
RA-MTM,106,128,8.247438146445537e-05,,,,False,False,,60.0,60.009896925775735,0.01248966380869934,2.9975193140878416
RA-MTM,106,122,0.03502540727892202,0.04335874061225535,0.0,0.055008449936408875,True,True,0.9001782531194296,59.485467491619076,63.68851636508972,12.67700876582983,3042.482103799159
RA-MTM,107,127,0.06992900075442031,0.037975260326681755,0.0,0.037975260326681755,True,True,0.5,20.319202509297924,11.927722418767486,0.04995865523479736,11.990077256351366
RA-MTM,107,124,0.09561896263248262,0.13064436991140466,0.0,0.16758930492120735,True,True,0.5652173913043478,61.93943291743412,73.41370843333203,0.27477260379138546,65.94542490993251
RA-MTM,107,110,0.05513772373918506,0.03607384334806021,1.3877787807814457e-16,0.011800346555222536,True,True,0.7904411764705882,91.49061738346886,98.10714423217107,2.685277718870358,644.4666525288859
RA-MTM,107,126,0.09346884490620741,0.11182758551846277,0.0,0.08513551157287408,True,False,0.010869565217391304,63.19078876503077,74.40705015377566,1.149049070400339,275.7717768960814
RA-MTM,107,129,0.007255141258565848,,,,False,True,,21.31477807358078,20.444161122552877,0.48709688853927424,116.90325324942582
RA-MTM,107,130,0.055027367787975186,,,,False,True,,58.29329903265798,51.690014898100955,0.0624483190434967,14.987596570439209
RA-MTM,107,122,0.11228562929914941,0.14731103657807143,0.0,0.09230258664166255,True,True,0.04729064039408867,86.16941483257773,72.6951393166798,0.5995038628175683,143.88092707621638
RA-MTM,108,127,0.037775194918894854,0.032153805835525455,0.0,0.005821454491156297,True,True,0.5,19.892527267462416,15.359503877195033,0.02497932761739868,5.995038628175683
RA-MTM,108,124,0.09788461936165582,0.002265656729173197,0.0,0.16985496165038055,True,True,0.3728813559322034,61.417429616945086,73.16358394034378,0.7368901647132611,176.85363953118267
RA-MTM,108,110,0.04651139811090109,0.008626325628283974,0.0,0.0031740209269385624,True,True,0.7162790697674418,93.4247410227503,99.00610879605843,1.9234082265396983,461.6179743695276
RA-MTM,108,131,0.144815640016753,,,,False,False,,54.026546614302916,71.40442341631328,0.04995865523479736,11.990077256351366
RA-MTM,108,126,0.06117103334521955,0.03229781156098787,0.0,0.052837700011886216,True,False,0.021739130434782608,65.12010290202608,72.46062690345242,0.02497932761739868,5.995038628175683
RA-MTM,108,132,0.07109677407506254,,,,False,False,,63.413401934684046,71.94501482369155,0.01248966380869934,2.9975193140878416
RA-MTM,108,129,0.03497399401303426,0.027718852754468414,0.0,0.027718852754468414,True,True,0.1989795918367347,32.37930883464844,28.18242955308433,2.447974106505071,587.513785561217
RA-MTM,108,122,0.16148230668341956,0.04919667738427016,0.0,0.14149926402593271,True,True,0.6935483870967742,90.09183284524096,70.71395604323061,0.7119108370958623,170.85860090300696
RA-MTM,109,127,0.06078587677797038,0.023010681859075517,2.220446049250313e-16,0.028832136350231814,True,True,0.3333333333333333,21.030327912357098,13.736022699000653,0.07493798285219604,17.985115884527048
RA-MTM,109,124,0.15350955091298601,0.05562493155133019,0.0,0.22547989320171075,True,True,0.3010204081632653,59.38175628223837,77.80290239179669,2.447974106505071,587.513785561217
RA-MTM,109,110,0.06508441653907214,0.018573018428171058,0.0,0.02174703935510962,True,True,0.8896103896103896,93.52359345341158,101.33372343810024,1.7110839417918096,410.6601460300343
RA-MTM,109,129,0.018333274085761058,0.016640719927273208,1.6653345369377348e-16,0.011078132827195209,True,True,0.6506849315068494,40.06859709467706,37.86860420438573,3.572043849288011,857.2905238291227
RA-MTM,109,122,0.1494565361464995,0.012025770536920059,0.0,0.12947349348901266,True,True,0.631578947368421,94.51328622847207,76.57850189089213,0.44962789711317624,107.9106953071623
RA-MTM,110,127,0.10246697458555334,0.16325285136352372,1.6653345369377348e-16,0.13442071501329192,True,True,0.6666666666666666,20.935511191949207,33.23154814221561,0.11240697427829406,26.977673826790575
RA-MTM,110,124,0.0835255959997139,0.06998395491327211,2.220446049250313e-16,0.15549593828843863,True,True,0.45365853658536587,51.784410049363395,61.80748156932906,1.2739457084873327,305.74697003695985
RA-MTM,110,110,0.04697672163924137,0.01810769489983078,0.0,0.0036393444552788403,True,True,0.8026315789473685,91.53036604629686,97.16757264300583,1.7110839417918096,410.6601460300343
RA-MTM,110,133,0.09255328751985827,,,,False,True,,22.708583863576752,11.60218936119376,0.2497932761739868,59.950386281756835
RA-MTM,110,129,0.10924055227673615,0.09090727819097509,0.0,0.10198541101817031,True,True,0.17482517482517482,44.46902119718757,31.360154923979234,0.624483190434967,149.8759657043921
RA-MTM,111,127,0.12439656189943786,0.021929587313884516,0.0,0.15635030232717642,True,True,0.8181818181818182,21.211341651317618,36.13892907925016,0.13738630189569273,32.972712454966256
RA-MTM,111,124,0.08259671296323076,0.000928883036483145,0.0,0.1545670552519555,True,True,0.8130841121495327,50.4832869973211,60.39489255290879,1.149049070400339,275.7717768960814
RA-MTM,111,110,0.0463612642816905,0.0006154573575508711,0.0,0.0030238870977279692,True,True,0.8011695906432749,90.11179426006372,95.67514597386658,2.135732511287587,512.5758027090209
RA-MTM,111,133,0.09287175687153464,0.00031846935167636483,0.0,0.00031846935167636483,True,True,0.2972972972972973,24.829769351558983,13.685158526974828,0.3497105866435815,83.93054079445956
RA-MTM,111,129,0.14106322856610454,0.03182267628936838,0.0,0.13380808730753868,True,True,0.5324675324675324,52.31984564696089,35.39225821902835,0.849297138991555,203.83131335797322
RA-MTM,112,127,0.1597329974755027,0.03533643557606485,0.0,0.19168673790324128,True,True,0.9090909090909091,21.428558138070237,40.59651783513056,0.1248966380869934,29.975193140878417
RA-MTM,112,134,0.09114920839328426,,,,False,True,,43.53535537387694,54.47326038107105,0.21232428474788875,50.957828339493304
RA-MTM,112,124,0.07550030810094714,0.007096404862283616,0.0,0.14747065038967186,True,True,0.25,60.29681755953775,69.35685453165141,0.2872622676000848,68.94294422402035
RA-MTM,112,110,0.04772217570930894,0.0013609114276184424,0.0,0.004384798525346412,True,True,0.7953216374269005,91.02179993580512,96.74846102092219,1.69859427798311,407.66262671594643
RA-MTM,112,135,0.12447489240891146,,,,False,False,,39.1782481984273,24.24126110935792,0.1248966380869934,29.975193140878417
RA-MTM,112,129,0.17639966414216932,0.03533643557606479,0.0,0.16914452288360346,True,True,0.4387755102040816,61.00531700816037,39.83735731110005,0.9117454580350518,218.81890992841244
RA-MTM,113,127,0.14617884112035945,0.013554156355143268,0.0,0.178132581548098,True,True,0.9090909090909091,21.676805551501804,39.21826648594494,0.13738630189569273,32.972712454966256
RA-MTM,113,124,0.041237135008050055,0.03426317309289709,0.0,0.11320747729677479,True,True,0.425531914893617,65.58556680221027,70.53402300317627,0.5495452075827709,131.89084981986502
RA-MTM,113,110,0.025085144746344313,0.022637030962964624,0.0,0.018252232437618213,True,True,0.7720588235294118,92.84993004760223,95.86014741716355,1.3114146999134306,314.73952797922334
RA-MTM,113,136,0.028461577886942844,,,,False,True,,19.608077106238746,16.192687759805604,0.03746899142609802,8.992557942263524
RA-MTM,113,129,0.16284550778702608,0.013554156355143239,0.0,0.15559036652846023,True,True,0.06790697674418604,54.8687836963262,35.32732276188307,13.42638859435179,3222.33326264443
RA-MTM,114,127,0.017243704184343282,0.16342254530470274,0.0,0.014710036243395279,True,True,0.6363636363636364,21.233506598945436,19.164262096824242,0.08742764666089538,20.98263519861489
RA-MTM,114,124,0.017243704184343282,0.023993430823706773,0.0,0.089214046473068,True,True,0.3282442748091603,68.19216464324172,70.26140914536292,1.6236562951309141,389.6775108314194
RA-MTM,114,110,0.017243704184343282,0.00784144056200103,0.0,0.026093672999619243,True,True,0.5428571428571428,94.82268815822418,96.89193266034538,0.7119108370958623,170.85860090300696
RA-MTM,114,137,0.002296690241390505,,,,False,True,,25.66519230406044,25.38958947509358,0.21232428474788875,50.957828339493304
RA-MTM,114,129,0.017243704184343282,0.1456018036026828,0.0,0.009988562925777433,True,True,0.5432558139534883,67.60124865763126,65.53200415551007,7.293963664280414,1750.5512794272995
RA-MTM,115,127,0.06543789081118523,0.048194186626841946,0.0,0.03348415038344667,True,True,0.8571428571428571,21.030327912357098,13.17778101501487,0.07493798285219604,17.985115884527048
RA-MTM,115,124,0.08249447913143738,0.0652507749470941,1.942890293094024e-16,0.1544648214201621,True,True,0.6785714285714286,67.76998071974133,77.66931821551381,1.8984288989222995,455.6229357413519
RA-MTM,115,110,0.07009748746999472,0.05285378328565145,2.220446049250313e-16,0.0267601102860322,True,True,0.3333333333333333,96.02037304758694,104.43207154398631,0.23730361236528744,56.95286696766899
RA-MTM,115,138,0.09266581311017769,,,,False,False,,58.76738263469744,69.88728020791876,0.22481394855658812,53.95534765358115
RA-MTM,115,137,0.007232552583387116,0.004935862341996611,0.0,0.004935862341996611,True,True,0.4146341463414634,33.02579934542361,32.15789303541715,0.512076216156673,122.89829187760151
RA-MTM,115,129,0.10933247977684447,0.0920887755925012,0.0,0.10207733851827863,True,True,0.4126712328767123,81.69847204952681,68.57857447630548,3.0100089778965406,722.4021546951698
RA-MTM,116,124,0.07750447399544486,0.15999895312688223,0.0,0.0055341317067201246,True,True,0.2894736842105263,72.14085006313756,62.84031318368418,0.5495452075827709,131.89084981986502
RA-MTM,116,139,0.07750447399544486,,,,False,False,,66.82680386936809,57.52626698991471,0.01248966380869934,2.9975193140878416
RA-MTM,116,140,0.05755169560936189,,,,False,False,,50.22106472766192,43.31486125453849,1.3863526827656267,332.72464386375043
RA-MTM,116,138,0.04414077431765726,0.04852503879252043,0.0,0.04852503879252043,True,False,0.1111111111111111,59.61211341651317,64.90900633463204,0.27477260379138546,65.94542490993251
RA-MTM,116,137,0.07750447399544486,0.08473702657883196,0.0,0.07980116423683535,True,True,0.03773584905660377,56.22087642945696,65.52141330891034,0.17485529332179076,41.96527039722978
RA-MTM,116,129,0.05067204233333425,0.16000452211017874,0.0,0.0579271835919001,True,True,0.3070539419087137,89.75194929555693,95.83259437555704,0.9242351218437511,221.81642924250028
RA-MTM,117,124,0.059107758744296864,0.1366122327397417,0.0,0.1310781010330216,True,False,0.022727272727272728,75.36030870607823,82.45323975539385,0.01248966380869934,2.9975193140878416
RA-MTM,117,141,0.08109541445853784,,,,False,False,,73.6536077387362,83.38505747376074,0.01248966380869934,2.9975193140878416
RA-MTM,117,140,0.1101092039774634,0.16766089958682528,1.6653345369377348e-16,0.16766089958682528,True,False,0.5680473372781065,50.98994878929178,64.20305326658739,1.9234082265396983,461.6179743695276
RA-MTM,117,142,0.0684836998900178,,,,False,True,,24.7459581433413,16.527914156539165,0.3996692418783789,95.92061805081093
RA-MTM,117,129,0.12677587064412996,0.1774479129774642,0.0,0.1195207293855641,True,True,0.46835443037974683,77.94196396680444,62.72885948950884,1.9733668817744956,473.60805162587894
