method,t,track,reference,motion,growth,trajectory,eligible,boundary,iou,q,x,width,area
TMTM,0,0,0.034027596445496314,,,,False,True,,19.892527267462416,23.975838840921973,0.1,5.995038628175683
TMTM,0,1,0.08826486707706765,,,,False,True,,63.767622890170095,53.175838840921976,2.6500000000000004,158.8685236466556
TMTM,0,2,0.5722173671069941,,,,False,True,,100.39192289376126,31.725838840921973,0.15000000000000002,8.992557942263524
TMTM,0,3,0.055897216631567895,,,,False,False,,68.53350483671012,61.825838840921975,1.1,65.94542490993251
TMTM,0,4,0.04362486979405524,,,,False,True,,100.96082321620861,95.72583884092198,0.05,2.9975193140878416
TMTM,0,5,0.6642467818599413,,,,False,True,,20.56622501772901,100.27583884092198,0.9500000000000001,56.95286696766899
TMTM,0,6,0.06172994230424713,,,,False,True,,65.71824576441232,73.12583884092197,21.400000000000002,1282.9382664295963
TMTM,1,1,0.17752092668491837,0.0892560596078507,0.0,0.0892560596078507,True,False,0.034482758620689655,72.67835004311218,51.37583884092197,0.35000000000000003,20.98263519861489
TMTM,1,7,0.09638547275866334,,,,False,False,,77.39209557196158,65.82583884092197,1.05,62.947905595844674
TMTM,1,6,0.03169539240050542,0.03003454990374171,0.0,0.03003454990374171,True,False,0.48214285714285715,69.37239175286133,73.17583884092198,11.8,707.4145581247307
TMTM,1,8,0.08860878598661977,,,,False,False,,32.6927845225276,43.325838840921975,0.05,2.9975193140878416
TMTM,1,5,0.1712923060837502,0.49295447577619117,1.1102230246251565e-16,0.49295447577619117,True,True,0.2972972972972973,23.570762110871947,44.12583884092197,1.4500000000000002,86.9280601085474
TMTM,1,9,0.003760185695927613,,,,False,True,,79.62706112443328,79.17583884092197,0.1,5.995038628175683
TMTM,2,10,0.02738886516138249,,,,False,False,,66.33917502155607,69.62583884092197,1.75,104.91317599307446
TMTM,2,11,0.2227525416738145,,,,False,True,,91.75614384177972,65.02583884092198,4.45,266.7792189538179
TMTM,2,12,0.010077022449885575,,,,False,False,,68.93508153490824,67.72583884092197,0.8500000000000001,50.957828339493304
TMTM,2,5,0.6381296683427933,0.46683736225904304,2.220446049250313e-16,0.026117113517148145,True,True,0.15436241610738255,30.950278639786788,107.52583884092198,7.15,428.64526191456133
TMTM,2,6,0.19840717770320732,0.1667117853027019,0.0,0.13667723539896018,True,True,0.06007067137809187,75.4669775165371,99.27583884092198,3.2,191.84123610162186
TMTM,3,11,0.09929778937033824,0.12345475230347626,4.440892098500626e-16,0.12345475230347626,True,True,0.06167846309403438,70.64157356536256,58.72583884092197,48.050000000000004,2880.6160608384157
TMTM,3,13,0.14596736710699407,,,,False,True,,100.39192289376126,82.87583884092197,0.15000000000000002,8.992557942263524
TMTM,3,5,0.4775236649797071,0.16060600336308617,0.0,0.1867231168802343,True,True,0.2803921568627451,53.12299904335713,110.42583884092198,25.5,1528.7348501847991
TMTM,4,14,0.020077863980267452,,,,False,True,,51.46649516328988,53.87583884092197,0.1,5.995038628175683
TMTM,4,11,0.048784293575336216,0.050513495795002035,0.0,0.17396824809847827,True,False,0.13111342351716962,62.97995406996232,57.12583884092197,6.300000000000001,377.68743357506804
TMTM,4,15,0.1991274496873545,,,,False,False,,92.67113280340452,68.77583884092198,1.75,104.91317599307446
TMTM,4,16,0.023463621931287194,,,,False,False,,80.24147347267643,77.42583884092197,2.5,149.8759657043921
TMTM,4,5,0.3711361746006408,0.10638749037906627,1.1796119636642288e-16,0.29311060725930055,True,True,0.8766355140186916,54.48949788884508,99.02583884092198,24.700000000000003,1480.7745411593937
TMTM,5,11,0.09742141464887956,0.048637121073543337,2.220446049250313e-16,0.12533112702493496,True,False,0.3763440860215054,69.01640859878752,57.325838840921975,12.9,773.3599830346632
TMTM,5,16,0.04402722737981257,0.02056360544852538,2.220446049250313e-16,0.02056360544852538,True,False,0.03333333333333333,70.80910612649949,65.52583884092198,0.6000000000000001,35.970231769054095
TMTM,5,5,0.4309169172078896,0.05978074260724876,0.0,0.2333298646520518,True,True,0.06680161943319839,27.365808775975225,79.07583884092197,1.6500000000000001,98.91813736489877
TMTM,5,17,0.27186315139507605,,,,False,True,,44.90226067351285,77.52583884092198,1.3,77.93550216628388
TMTM,6,18,0.03785276868313779,,,,False,True,,21.233506598945436,25.77583884092197,0.35000000000000003,20.98263519861489
TMTM,6,19,0.10316718614594095,,,,False,True,,39.55590117843489,27.175838840921973,2.35,140.88340776212854
TMTM,6,11,0.19458518128042457,0.09716376663154502,0.0,0.028167360393389924,True,True,0.2578740157480315,80.77606059457293,57.425838840921976,19.05,1142.0548586674677
TMTM,6,5,0.4993342227170856,0.06841730550919602,0.0,0.1649125591428558,True,True,0.16279069767441862,23.255732114871698,83.17583884092197,0.8500000000000001,50.957828339493304
TMTM,6,20,0.3670121273271278,,,,False,False,,40.53438356166664,84.57583884092197,1.85,110.90821462125014
TMTM,7,18,0.048449204113951705,0.010596435430813915,2.220446049250313e-16,0.010596435430813915,True,True,0.35,23.561934347247767,29.375838840921972,1.0,59.950386281756835
TMTM,7,19,0.0510862301357473,0.052080956010193656,0.0,0.052080956010193656,True,True,0.02127659574468085,36.10618645721165,29.975838840921973,0.05,2.9975193140878416
TMTM,7,11,0.3163181708826545,0.12173298960222993,0.0,0.09356562920884001,True,False,0.0026246719160104987,94.13401934684052,56.175838840921976,0.05,2.9975193140878416
TMTM,7,21,0.30126232948813747,,,,False,False,,92.42731837949847,56.27583884092198,0.05,2.9975193140878416
TMTM,7,20,0.4427854418464744,0.07577331451934656,2.0816681711721685e-16,0.07577331451934656,True,False,0.6041666666666666,39.39158581934505,92.52583884092198,2.0,119.90077256351367
TMTM,7,22,0.3157715938273086,,,,False,True,,55.73324758164494,93.62583884092197,0.1,5.995038628175683
TMTM,8,18,0.39320846633085665,0.34475926221690495,0.0,0.3553556976477188,True,True,0.3783783783783784,20.690822881219173,67.87583884092197,1.55,92.92309873672309
TMTM,8,23,0.3258413752370511,,,,False,True,,66.8268038693681,27.725838840921973,0.15000000000000002,8.992557942263524
TMTM,8,24,0.49127664591169384,,,,False,True,,98.92903635032523,39.97583884092197,1.05,62.947905595844674
TMTM,8,21,0.46578506678067444,0.16452273729253697,0.0,0.16452273729253697,True,True,0.02127659574468085,97.6200468546029,41.72583884092197,2.35,140.88340776212854
TMTM,8,25,0.49836703909856667,,,,False,True,,20.271794149093978,80.07583884092197,0.9,53.95534765358115
TMTM,8,20,0.33482352282523775,0.1079619190212366,0.0,0.032188604501890046,True,True,0.13793103448275862,47.64701610189344,87.82583884092197,14.5,869.280601085474
TMTM,9,23,0.15611843841742554,0.16972293681962558,0.0,0.16972293681962558,True,True,0.125,62.56005145101304,43.825838840921975,1.2000000000000002,71.94046353810819
TMTM,9,18,0.26998848822893273,0.12321997810192388,0.0,0.23213571954579496,True,True,0.3563218390804598,22.72722025345004,55.12583884092197,4.3500000000000005,260.78418032564224
TMTM,9,24,0.49434299405447485,0.003066348142781017,0.0,0.003066348142781017,True,True,0.22105263157894736,95.69699812745895,36.37583884092197,4.75,284.76433483834495
TMTM,9,21,0.5104358665695817,0.04465079978890731,2.220446049250313e-16,0.2091735370814443,True,True,0.2127659574468085,100.27814282927179,39.02583884092198,0.5,29.975193140878417
TMTM,9,26,0.3560430902283646,,,,False,True,,34.70066801351822,77.42583884092197,6.800000000000001,407.66262671594643
TMTM,9,20,0.16922520424354998,0.1655983185816878,0.0,0.19778692308357784,True,True,0.296551724137931,62.71881433169598,83.02583884092198,4.3,257.7866610115544
TMTM,10,18,0.23291912726947975,0.03706936095945303,1.6653345369377348e-16,0.19506635858634197,True,True,0.6666666666666666,21.275543568584403,49.22583884092197,2.9000000000000004,173.8561202170948
TMTM,10,27,0.538802087075219,,,,False,True,,39.5195883918957,104.17583884092198,0.15000000000000002,8.992557942263524
TMTM,10,23,0.38245007471409775,0.5385685131315232,1.1102230246251565e-16,0.7082914499511489,True,True,0.5454545454545454,60.58182987523025,106.47583884092198,2.2,131.89084981986502
TMTM,10,24,0.505661621896807,0.011318627842332063,1.942890293094024e-16,0.01438497598511308,True,True,0.7068965517241379,93.3552334685388,32.67583884092197,5.15,308.74448935104766
TMTM,10,26,0.354015999408151,0.0020270908202136024,2.220446049250313e-16,0.0020270908202136323,True,True,0.05555555555555555,22.79391891194386,65.27583884092198,1.75,104.91317599307446
TMTM,10,20,0.1274425632457793,0.04178264099777067,0.0,0.23956956408134852,True,True,0.2356164383561644,60.03273125142846,75.32583884092197,18.25,1094.0945496420622
TMTM,11,18,0.632210801151297,0.39929167388181724,2.220446049250313e-16,0.5943580324681592,True,True,0.3448275862068966,20.66054270276633,96.52583884092198,1.0,59.950386281756835
TMTM,11,23,0.38488362666758535,0.0024335519534875636,0.0,0.7107250019046364,True,True,0.6027397260273972,61.58980364081174,107.77583884092198,3.6500000000000004,218.81890992841244
TMTM,11,24,0.5544940349554771,0.04883241305867022,1.3877787807814457e-16,0.0632173890437833,True,True,0.8252427184466019,94.41512303557923,27.875838840921972,4.25,254.78914169746653
TMTM,11,28,0.5601914507090335,,,,False,True,,100.448812926006,33.22583884092197,0.5,29.975193140878417
TMTM,11,29,0.37021961125876957,,,,False,False,,34.399485489869626,78.82583884092197,0.1,5.995038628175683
TMTM,11,20,0.2744943656357112,0.14705180238993196,0.0,0.09251776169141657,True,False,0.11421319796954314,43.48651496463662,76.42583884092197,3.7,221.81642924250028
TMTM,11,30,0.5508238451019658,,,,False,True,,20.176977428686087,86.27583884092198,0.30000000000000004,17.985115884527048
TMTM,11,31,0.006186116701765461,,,,False,True,,68.53350483671012,69.27583884092198,0.15000000000000002,8.992557942263524
TMTM,11,32,0.06995434430141075,,,,False,True,,77.92036015709127,69.52583884092198,0.30000000000000004,17.985115884527048
TMTM,12,24,0.18729962122611626,0.7417936561815934,0.0,0.6785762671378102,True,True,0.10588235294117647,91.09988429378802,113.57583884092197,0.45,26.977673826790575
TMTM,12,23,0.17677632176192487,0.5616599484295102,1.1102230246251565e-16,0.14906505347512625,True,True,0.6293103448275862,61.588997452352956,40.37583884092197,5.800000000000001,347.7122404341896
TMTM,12,28,0.19628664149160155,0.7564780922006352,0.0,0.756478092200635,True,True,0.3333333333333333,98.57144186192978,122.12583884092197,1.5,89.92557942263525
TMTM,12,33,0.14354865700768318,,,,False,False,,60.0,77.22583884092198,0.2,11.990077256351366
TMTM,12,30,0.46486438742691155,0.08595945767505417,0.0,0.0859594576750542,True,False,0.03571428571428571,28.09211234969258,83.87583884092197,1.1500000000000001,68.94294422402035
TMTM,12,32,0.028813880907605356,0.041140463393805386,4.440892098500626e-16,0.041140463393805386,True,True,0.03488372093023256,76.23350454983462,72.77583884092198,8.6,515.5733220231087
TMTM,13,24,0.3108801530945548,0.49817977432067106,2.220446049250313e-16,0.18039649281713904,True,True,0.2647058823529412,93.48145721226855,56.175838840921976,1.7000000000000002,101.91565667898661
TMTM,13,23,0.18190752739358745,0.005131205631662598,1.6653345369377348e-16,0.14393384784346364,True,True,0.6896551724137931,63.754742128152465,41.92583884092197,4.0,239.80154512702734
TMTM,13,34,0.0294196946094738,,,,False,True,,43.29547548778512,46.825838840921975,5.65,338.7196824919261
TMTM,13,30,0.53841290941031,0.07354852198339833,0.0,0.012410935691655803,True,True,0.21904761904761905,31.76628971168478,96.37583884092197,5.25,314.73952797922334
TMTM,13,35,0.11237486979405524,,,,False,True,,100.96082321620861,87.47583884092198,0.1,5.995038628175683
TMTM,13,32,0.022456488093620663,0.006357392813984693,0.0,0.04749785620779008,True,True,0.10465116279069768,90.72061741215646,88.02583884092198,0.9,53.95534765358115
TMTM,14,34,0.06424477900976419,0.03482508440029039,1.1102230246251565e-16,0.03482508440029039,True,True,0.4354066985645933,37.56646535975027,45.27583884092197,9.35,560.5361117344264
TMTM,14,23,0.25899930668255444,0.07709177928896699,1.3877787807814457e-16,0.06684206855449665,True,True,0.35185185185185186,69.9557556428285,38.87583884092197,3.3000000000000003,197.83627472979754
TMTM,14,24,0.5078036037162683,0.1969234506217135,0.0,0.016526957804574433,True,True,0.5,94.96227128687417,34.02583884092198,3.4000000000000004,203.83131335797322
TMTM,14,32,0.14483604420512297,0.16729253229874363,0.0,0.21479038850653373,True,True,0.075,74.34551353630722,91.72583884092198,5.550000000000001,332.72464386375043
TMTM,14,30,0.4631634791301933,0.07524943028011664,0.0,0.08766036597177246,True,True,0.08620689655172414,22.04622134529878,77.62583884092197,1.05,62.947905595844674
TMTM,14,36,0.07309652033835476,,,,False,True,,97.54742128152455,88.77583884092198,0.25,14.987596570439209
TMTM,15,34,0.0013760638016667196,0.06562084281143091,1.6653345369377348e-16,0.03079575841114052,True,True,0.7622950819672131,35.74096649712198,35.575838840921975,12.15,728.3971933233455
TMTM,15,24,0.39428208908970414,0.11352151462656414,0.0,0.0969945568219897,True,True,0.10294117647058823,91.93968953168647,44.62583884092197,0.35000000000000003,20.98263519861489
TMTM,15,23,0.21198349937147415,0.0470158073110803,1.1102230246251565e-16,0.11385787586557695,True,True,0.5083333333333333,73.16385876549887,47.72583884092197,5.75,344.7147211201018
TMTM,15,32,0.13281818707917548,0.012017857125947511,0.0,0.2027725313805862,True,True,0.09203980099502487,66.88765639142092,82.82583884092197,60.300000000000004,3615.008292789937
TMTM,16,34,0.06639421511697462,0.0650181513153079,1.6653345369377348e-16,0.09581390972644842,True,True,0.6619318181818182,35.09314465495893,27.125838840921972,17.1,1025.1516054180418
TMTM,16,23,0.23935466582400503,0.027371166452530873,0.0,0.08648670941304608,True,True,0.33043478260869563,76.34839873980258,47.62583884092197,1.9000000000000001,113.90573393533798
TMTM,16,24,0.34482547446146233,0.0494566146282418,0.0,0.1464511714502315,True,True,0.5,90.35489577629745,48.97583884092197,0.7000000000000001,41.96527039722978
TMTM,16,37,0.4372631870050215,,,,False,True,,97.54742128152455,45.075838840921975,0.9,53.95534765358115
TMTM,16,38,0.27187507504485253,,,,False,False,,43.60082983553968,76.22583884092198,1.1500000000000001,68.94294422402035
TMTM,16,32,0.0018324764241883192,0.13098571065498715,0.0,0.07178682072559907,True,True,0.21807628524046435,83.20594167001937,83.42583884092197,13.15,788.3475796051023
TMTM,17,34,0.0070072523877447775,0.059386962729229845,1.6653345369377348e-16,0.03642694699721858,True,True,0.6686046511627907,33.51670912745134,32.67583884092197,11.600000000000001,695.4244808683792
TMTM,17,23,0.2426272627219383,0.48198192854594335,0.0,0.5684686379589894,True,True,0.11734693877551021,90.06056731428939,119.17583884092198,9.05,542.5509958498993
TMTM,17,39,0.7398888504760881,,,,False,True,,19.039176783791405,107.82583884092197,0.15000000000000002,8.992557942263524
TMTM,17,40,0.02504712310361275,,,,False,False,,73.5814936133555,70.57583884092197,7.1000000000000005,425.6477426004735
TMTM,17,32,0.06591933126525061,0.06775180768943893,0.0,0.004035013036160133,True,True,0.33079847908745247,84.28615859275205,76.37583884092197,4.3500000000000005,260.78418032564224
TMTM,18,34,0.009119815504508525,0.0021125631167637476,1.6653345369377348e-16,0.03853951011398233,True,True,0.6120689655172413,31.070216701462996,29.975838840921973,7.1000000000000005,425.6477426004735
TMTM,18,41,0.29682376530181204,,,,False,True,,61.19469067713942,25.575838840921975,0.5,29.975193140878417
TMTM,18,23,0.43065082088222095,0.6732780836041593,0.0,0.10480944564516985,True,True,0.35359116022099446,90.05393734678849,38.37583884092197,3.2,191.84123610162186
TMTM,18,42,0.2792646274787488,,,,False,True,,23.614083543472113,57.12583884092197,3.6,215.8213906143246
TMTM,18,40,0.11298483754932155,0.08793771444570879,2.220446049250313e-16,0.08793771444570879,True,True,0.013636363636363636,94.13401934684056,80.57583884092197,4.05,242.79906444111518
TMTM,18,32,0.0873448053045872,0.021425474039336596,0.0,0.017390461003176465,True,True,0.7386363636363636,87.30721547747244,76.82583884092197,3.3000000000000003,197.83627472979754
TMTM,19,34,0.012143687828035876,0.0030238723235273507,0.0,0.04156338243750968,True,True,0.5104895104895105,29.533081380286276,28.07583884092197,3.7,221.81642924250028
TMTM,19,23,0.4111814306810733,0.01946939020114762,0.0,0.08534005544402223,True,True,0.65625,91.16761052265078,41.825838840921975,2.1,125.89581119168935
TMTM,19,43,0.16724119700124157,,,,False,False,,75.05689520077298,95.12583884092197,2.25,134.88836913395286
TMTM,19,44,0.07194990158319178,,,,False,False,,88.29185065093897,96.92583884092198,1.3,77.93550216628388
TMTM,19,42,0.25712167750530696,0.022142949973441853,2.220446049250313e-16,0.022142949973441853,True,True,0.27391304347826084,36.021237540285135,66.87583884092197,11.05,662.451768413413
TMTM,19,32,0.030023445864520562,0.057321359440066645,0.0,0.039930898436890176,True,True,0.4782608695652174,79.47865234466444,75.87583884092197,6.9,413.6576653441221
TMTM,20,34,0.06412307007199167,0.05197938224395579,1.1102230246251565e-16,0.09354276468146547,True,True,0.4888888888888889,36.67060724956097,28.975838840921973,6.3500000000000005,380.68495288915585
TMTM,20,23,0.1705940295718096,0.581775460252883,0.0,0.4964354048088607,True,True,0.14093959731543623,82.95455529230483,103.42583884092198,14.9,893.2607555981767
TMTM,20,45,0.04514930707300368,,,,False,True,,99.44375568968242,94.02583884092198,1.8,107.9106953071623
TMTM,20,42,0.2625698813934457,0.005448203888138773,0.0,0.01669474608530308,True,False,0.22171945701357465,34.817453073708485,66.32583884092197,2.45,146.87844639030425
TMTM,20,46,0.06771860846226255,,,,False,False,,59.89960582545047,68.02583884092198,0.8500000000000001,50.957828339493304
TMTM,20,32,0.2891789961548042,0.2591555502902836,0.0,0.21922465185339343,True,True,0.11594202898550725,92.42731837949847,57.72583884092197,0.8,47.960309025405465
TMTM,21,23,0.2205427464057506,0.04994871683394102,0.0,0.5463841216428018,True,True,0.8333333333333334,84.7607092722319,111.22583884092198,12.600000000000001,755.3748671501361
TMTM,21,34,0.1423795411552069,0.07825647108321523,2.1510571102112408e-16,0.1717992357646807,True,True,0.4550561797752809,43.4113837795468,26.325838840921975,6.6000000000000005,395.6725494595951
TMTM,21,42,0.2353344451295153,0.027235436263930466,2.220446049250313e-16,0.04393018234923354,True,False,0.3,34.285705425380144,62.52583884092198,6.0,359.702317690541
TMTM,21,32,0.08970098601898908,0.19947801013581506,0.0,0.019746641717578346,True,True,0.06584362139917696,82.43995716320067,71.67583884092198,12.15,728.3971933233455
TMTM,22,47,0.04138907022117036,,,,False,True,,19.892527267462416,14.925838840921973,0.1,5.995038628175683
TMTM,22,23,0.18738866991132438,0.03315407649442624,2.220446049250313e-16,0.5132300451483754,True,True,0.5384615384615384,91.83919845156305,114.32583884092197,7.4,443.63285848500055
TMTM,22,42,0.12660855332786441,0.10872589180165088,0.0,0.15265607415088442,True,False,0.24437299035369775,50.232812441578254,65.42583884092198,13.350000000000001,800.3376568614538
TMTM,22,32,0.1448310241018728,0.0551300380828837,1.1102230246251565e-16,0.07487667980046205,True,True,0.3333333333333333,92.05556173314672,74.67583884092198,5.050000000000001,302.749450722872
TMTM,23,47,0.05730616564627902,0.015917095425108663,0.0,0.015917095425108663,True,True,0.07142857142857142,22.452578718475454,15.575838840921971,1.4000000000000001,83.93054079445956
TMTM,23,23,0.19313158206907854,0.005742912157754176,0.0,0.5189729573061297,True,True,0.5540540540540541,94.80004899263255,117.97583884092198,4.1000000000000005,245.79658375520302
TMTM,23,42,0.047597044842225836,0.07901150848563858,0.0,0.23166758263652298,True,False,0.33429394812680113,65.56419345985488,71.27583884092198,9.8,587.513785561217
TMTM,23,48,0.2913879929592041,,,,False,True,,24.159279685817477,59.12583884092197,2.4000000000000004,143.88092707621638
TMTM,23,32,0.002915255325248959,0.14191576877662382,0.0,0.06703908897616179,True,True,0.04950495049504951,76.72566947995185,76.37583884092197,0.25,14.987596570439209
TMTM,24,23,0.1894314003589038,0.003700181710174751,2.220446049250313e-16,0.5152727755959549,True,True,0.1951219512195122,96.69407079785353,119.42583884092198,0.8,47.960309025405465
TMTM,24,49,0.22321356934740583,,,,False,False,,70.56146716261067,43.77583884092197,4.25,254.78914169746653
TMTM,24,50,0.35121307318059064,,,,False,False,,36.580270059251106,78.72583884092198,0.9,53.95534765358115
TMTM,24,51,0.11985449840220005,,,,False,False,,58.29329903265798,72.67583884092198,0.05,2.9975193140878416
TMTM,24,48,0.43386109044765203,0.14247309748844786,2.220446049250313e-16,0.14247309748844791,True,False,0.3137254901960784,27.662507987203742,79.72583884092198,0.9500000000000001,56.95286696766899
TMTM,24,42,0.1387575597945009,0.18635460463672673,1.6653345369377348e-16,0.41802218727324975,True,True,0.22857142857142856,82.37674601626208,65.72583884092197,11.700000000000001,701.4195194965549
TMTM,25,52,0.22823542636008695,,,,False,True,,42.36409000413241,14.975838840921972,0.45,26.977673826790575
TMTM,25,53,0.0358224134596101,,,,False,True,,20.82714922576876,25.125838840921972,1.05,62.947905595844674
TMTM,25,49,0.2790930902708188,0.05587952092341298,0.0,0.05587952092341298,True,False,0.0425531914893617,77.06700967342023,43.575838840921975,0.65,38.96775108314194
TMTM,25,50,0.1569856792707305,0.1942273939098601,0.0,0.1942273939098601,True,False,0.011976047904191617,55.98755732843431,74.82583884092197,7.550000000000001,452.6254164272641
TMTM,25,48,0.41895457534271174,0.014906515104940196,2.220446049250313e-16,0.12756658238350765,True,False,0.38636363636363635,29.401289799796555,79.67583884092197,2.1,125.89581119168935
TMTM,25,42,0.23100525244693085,0.09224769265242992,0.0,0.5102698799256796,True,True,0.5341880341880342,85.99646913455368,58.27583884092198,6.25,374.6899142609802
TMTM,26,53,0.06423700401123131,0.028414590551621217,0.0,0.028414590551621217,True,True,0.27450980392156865,21.017398359574216,28.725838840921973,2.2,131.89084981986502
TMTM,26,50,0.02026579747521874,0.17725147674594927,0.0,0.37147887065580937,True,False,0.2557544757033248,72.15773453794822,69.72583884092197,17.0,1019.1565667898661
TMTM,26,48,0.4169589825171744,0.0019955928255373993,1.1102230246251565e-16,0.1255709895579703,True,True,0.5185185185185185,30.290760938861048,80.32583884092197,4.05,242.79906444111518
TMTM,26,42,0.06438601653742423,0.16661923590950659,0.0,0.34365064401617307,True,True,0.288,93.80216082541288,86.07583884092197,1.8,107.9106953071623
TMTM,27,53,0.1255031131584209,0.061266109147189565,1.1102230246251565e-16,0.08968069969881079,True,True,0.4098360655737705,23.915465261911468,38.97583884092197,2.1,125.89581119168935
TMTM,27,54,0.08691912861268568,,,,False,False,,59.39554340739969,69.82583884092197,4.800000000000001,287.76185415243276
TMTM,27,50,0.09468989792821023,0.07442410045299148,2.220446049250313e-16,0.44590297110880084,True,True,0.24517906336088155,86.4386265923072,75.07583884092197,5.6000000000000005,335.72216317783824
TMTM,28,55,0.008638850476088086,,,,False,True,,19.039176783791405,20.075838840921975,0.15000000000000002,8.992557942263524
TMTM,28,56,0.004394220236318791,,,,False,True,,20.148532412563718,20.675838840921973,1.0,59.950386281756835
TMTM,28,57,0.4694582031273887,,,,False,True,,100.96082321620861,44.62583884092197,0.05,2.9975193140878416
TMTM,28,58,0.015641443586151976,,,,False,False,,69.89886561058374,71.77583884092198,0.25,14.987596570439209
TMTM,28,54,0.05298680924700119,0.13990593785968689,3.608224830031759e-16,0.13990593785968689,True,False,0.09743589743589744,74.98425595056212,68.62583884092197,5.9,353.70727906236533
TMTM,28,50,0.13708277670524335,0.04239287877703314,0.0,0.48829584988583397,True,False,0.09821428571428571,90.87577204555119,74.42583884092198,0.55,32.972712454966256
TMTM,28,59,0.7155497324440018,,,,False,True,,24.309870947641773,110.17583884092198,1.7000000000000002,101.91565667898661
TMTM,28,60,0.1872043876792895,,,,False,True,,64.66131231940723,87.12583884092197,4.65,278.7692962101693
TMTM,29,55,0.03348134778902689,0.0248424973129388,2.220446049250313e-16,0.0248424973129388,True,True,0.3333333333333333,19.608077106238746,23.625838840921972,0.45,26.977673826790575
TMTM,29,58,0.09602948985352727,0.11167093343967925,0.0,0.11167093343967925,True,False,0.02717391304347826,72.29937762334525,60.77583884092198,9.200000000000001,551.5435537921628
TMTM,29,54,0.1491726652773347,0.0961858560303335,0.0,0.23609179389002038,True,True,0.16589861751152074,89.02655867420214,71.12583884092197,6.75,404.6651074018586
TMTM,29,61,0.17489276899482425,,,,False,False,,97.26297112030089,76.27583884092198,0.30000000000000004,17.985115884527048
TMTM,29,60,0.13069807682226015,0.05650631085702938,0.0,0.05650631085702938,True,True,0.6164383561643836,64.39206962225076,80.07583884092197,7.15,428.64526191456133
TMTM,30,55,0.061903082246311816,0.02842173445728493,2.220446049250313e-16,0.053264231770223734,True,True,0.391304347826087,20.597468971364556,28.025838840921974,1.1500000000000001,68.94294422402035
TMTM,30,62,0.1744249229496054,,,,False,False,,68.10682959487463,47.175838840921976,0.2,11.990077256351366
TMTM,30,58,0.19011972469275146,0.0940902348392242,0.0,0.20576116827890345,True,False,0.016304347826086956,70.24020580405215,47.425838840921976,0.15000000000000002,8.992557942263524
TMTM,30,63,0.34858300908157125,,,,False,True,,20.745877751133428,62.575838840921975,0.65,38.96775108314194
TMTM,30,64,0.20448894650748237,,,,False,False,,51.637165260024084,76.17583884092197,1.0,59.950386281756835
TMTM,30,61,0.12695390820032165,0.0479388607945026,2.220446049250313e-16,0.0479388607945026,True,True,0.13333333333333333,99.01030782496058,83.77583884092198,1.4000000000000001,83.93054079445956
TMTM,30,60,0.11154192888937367,0.019156147932886468,0.0,0.07566245878991586,True,True,0.35714285714285715,64.99080737419713,78.37583884092197,3.3000000000000003,197.83627472979754
TMTM,31,55,0.016069748912978483,0.04583333333333333,0.0,0.007430898436890399,True,True,1.0,20.597468971364552,22.52583884092197,1.1500000000000001,68.94294422402035
TMTM,31,62,0.23598492960073447,0.06156000665112907,4.440892098500626e-16,0.06156000665112907,True,True,0.022988505747126436,67.9940303930101,39.67583884092197,8.700000000000001,521.5683606512845
TMTM,31,65,0.4624564880936207,,,,False,True,,90.72061741215646,35.22583884092197,0.15000000000000002,8.992557942263524
TMTM,31,66,0.2963997891822197,,,,False,False,,83.89381354278834,48.325838840921975,0.1,5.995038628175683
TMTM,31,63,0.29984835230260853,0.04873465677896268,0.0,0.04873465677896268,True,True,0.1326530612244898,27.294036564608952,63.27583884092198,4.9,293.7568927806085
TMTM,31,60,0.07048181975870946,0.0410601091306642,2.220446049250313e-16,0.11672256792058006,True,True,0.291005291005291,73.31802046987684,81.77583884092198,8.9,533.5584379076358
TMTM,31,61,0.07068500905269784,0.05626889914762382,2.220446049250313e-16,0.10420775994212643,True,True,0.22857142857142856,95.15803992724571,86.67583884092197,0.75,44.962789711317626
TMTM,32,55,0.045075303021369764,0.06114505193434825,0.0,0.05371415349745785,True,True,0.625,22.334875203486344,16.925838840921973,1.4500000000000002,86.9280601085474
TMTM,32,62,0.19965403460248143,0.03633089499825305,1.942890293094024e-16,0.025229111652876016,True,True,0.7857142857142857,66.33432299321974,42.37583884092197,10.05,602.5013821316561
TMTM,32,65,0.16626559120912093,0.6287220793027417,1.6653345369377348e-16,0.6287220793027416,True,True,0.6666666666666666,91.57396789582747,111.52583884092198,0.1,5.995038628175683
TMTM,32,67,0.07740139019633237,,,,False,False,,54.737672017362094,64.02583884092198,0.6000000000000001,35.970231769054095
TMTM,32,63,0.22596535187544708,0.07388300042716146,1.249000902703301e-16,0.12261765720612414,True,True,0.5811965811965812,23.609996615868322,50.72583884092197,4.3500000000000005,260.78418032564224
TMTM,32,60,0.018133856105255457,0.052347963653454004,0.0,0.16907053157403407,True,True,0.2976588628762542,77.14977610829132,79.32583884092197,29.900000000000002,1792.5165498245292
TMTM,32,68,0.6294256135070583,,,,False,True,,26.494765220074985,102.02583884092198,0.9500000000000001,56.95286696766899
TMTM,33,55,0.051216819415052024,0.006141516393682256,0.0,0.059855669891140106,True,True,0.1724137931034483,19.721857170728214,13.575838840921971,0.25,14.987596570439209
TMTM,33,62,0.02033020600189654,0.17932382860058488,2.7755575615628914e-16,0.15409471694770888,True,False,0.24749163879598662,69.56546356114956,67.12583884092197,8.6,515.5733220231087
TMTM,33,69,0.27488885047608813,,,,False,True,,19.039176783791405,52.02583884092198,0.15000000000000002,8.992557942263524
TMTM,33,63,0.26779971862408203,0.04183436674863493,0.0,0.0807832904574892,True,True,0.15053763440860216,20.48987260603213,52.62583884092197,1.0,59.950386281756835
TMTM,33,60,0.01953760870650901,0.03767146481176446,1.6653345369377348e-16,0.20674199638579852,True,True,0.6639344262295082,84.27035188570305,81.92583884092197,20.85,1249.96555397463
TMTM,33,68,0.23627631017017042,0.39314930333688786,4.440892098500626e-16,0.3931493033368879,True,True,0.05263157894736842,27.572681620501527,55.925838840921976,0.05,2.9975193140878416
TMTM,34,55,0.03761114952391194,0.013605669891140086,2.220446049250313e-16,0.04625000000000002,True,True,0.2,19.039176783791405,14.525838840921972,0.05,2.9975193140878416
TMTM,34,70,0.17558794516951526,,,,False,True,,46.3463922612638,25.27583884092197,0.4,23.980154512702732
TMTM,34,62,0.1444815078413509,0.16481171384324741,4.440892098500626e-16,0.31890643079095626,True,False,0.06976744186046512,73.93805789995987,91.27583884092198,0.6000000000000001,35.970231769054095
TMTM,34,71,0.050264076764301065,,,,False,False,,86.19414962920585,92.22583884092198,1.1500000000000001,68.94294422402035
TMTM,34,63,0.21895201253176624,0.04884770609231577,0.0,0.12963099654980498,True,True,0.05865102639296188,31.501597337110027,57.77583884092198,17.05,1022.154086103954
TMTM,34,60,0.1344016692272106,0.11486406052070161,0.0,0.3216060569065001,True,True,0.3231850117096019,86.15403914818725,70.02583884092198,7.4,443.63285848500055
TMTM,35,70,0.07450101290782003,0.10108693226169523,0.0,0.10108693226169523,True,True,0.030303030303030304,37.615960389860376,28.675838840921973,1.3,77.93550216628388
TMTM,35,62,0.11934730645504435,0.025134201386306523,0.0,0.29377222940464975,True,True,0.036585365853658534,85.05416206631665,99.37583884092197,16.400000000000002,983.1863350208121
TMTM,35,72,0.11351598772516762,,,,False,True,,99.8477573679421,86.22583884092198,1.1500000000000001,68.94294422402035
TMTM,35,63,0.20090363168401584,0.01804838084775042,0.0,0.1476793773975554,True,True,0.583904109589041,37.56740303884008,61.675838840921976,29.200000000000003,1750.5512794272995
TMTM,35,60,0.12386241523982579,0.01053925398738483,0.0,0.3110668029191153,True,True,0.47297297297297297,92.93932866970107,78.07583884092197,3.5,209.82635198614892
TMTM,36,70,0.42813700548328365,0.5026380183911037,0.0,0.603724950652799,True,True,0.36619718309859156,39.39939818292794,90.77583884092198,3.5500000000000003,212.82387130023676
TMTM,36,73,0.12945932105616198,,,,False,True,,95.84072031418253,111.37583884092197,0.1,5.995038628175683
TMTM,36,62,0.18299442727636936,0.06364712082132501,0.0,0.35741935022597476,True,False,0.22865853658536586,87.46650756775766,109.42583884092198,3.75,224.81394855658812
TMTM,36,63,0.12654686098736032,0.07435677069665551,0.0,0.2220361480942109,True,True,0.7220670391061452,43.89021552243874,59.075838840921975,32.45,1945.390034843009
TMTM,36,60,0.19145777436894645,0.06759535912912067,4.440892098500626e-16,0.37866216204823594,True,True,0.05714285714285714,98.40077176519556,75.42583884092198,0.2,11.990077256351366
TMTM,37,70,0.13573276064845705,0.5638697661317408,1.6653345369377348e-16,0.03985518452105821,True,True,0.5087719298245614,43.96377011873682,27.675838840921973,5.050000000000001,302.749450722872
TMTM,37,73,0.09073294682635372,0.03872637422980828,0.0,0.03872637422980828,True,True,0.14285714285714285,96.93788522175953,107.82583884092197,0.7000000000000001,41.96527039722978
TMTM,37,62,0.1702544444143771,0.012739982861992278,0.0,0.34467936736398247,True,False,0.25333333333333335,88.29530551119673,108.72583884092198,0.9500000000000001,56.95286696766899
TMTM,37,74,0.341443834353721,,,,False,True,,22.452578718475454,63.425838840921976,0.5,29.975193140878417
TMTM,37,63,0.22103809994845283,0.09449123896109253,0.0,0.1275449091331184,True,False,0.08782742681047766,38.65126684710764,65.17583884092198,2.85,170.85860090300696
TMTM,37,75,0.01126491231849549,,,,False,True,,74.67762831914143,73.32583884092197,0.75,44.962789711317626
TMTM,38,70,0.16508289110500124,0.02935013045654419,2.220446049250313e-16,0.010505054064514022,True,True,0.25742574257425743,41.68578577352212,21.875838840921972,1.3,77.93550216628388
TMTM,38,76,0.0738598569066023,,,,False,True,,100.0126560121297,108.87583884092197,0.45,26.977673826790575
TMTM,38,77,0.11112598772282875,,,,False,False,,95.84072031418253,109.17583884092198,0.05,2.9975193140878416
TMTM,38,63,0.14209543062460284,0.07894266932385001,0.0,0.20648757845696838,True,False,0.06172839506172839,49.524387165969635,66.57583884092197,1.4500000000000002,86.9280601085474
TMTM,38,74,0.31417822871777984,0.02726560563594118,0.0,0.027265605635941152,True,True,0.3333333333333333,27.17445139478839,64.87583884092197,1.5,89.92557942263525
TMTM,38,78,0.15446625383104523,,,,False,False,,44.689888381196546,63.22583884092197,1.7000000000000002,101.91565667898661
TMTM,39,79,0.0632780305697996,,,,False,True,,20.319202509297924,12.725838840921972,0.2,11.990077256351366
TMTM,39,70,0.22332813805224666,0.058245246947245435,1.249000902703301e-16,0.047740192882731416,True,True,0.5151515151515151,43.07521540719157,16.27583884092197,1.2000000000000002,71.94046353810819
TMTM,39,80,0.15345953543538293,,,,False,False,,94.56069458867603,112.97583884092198,0.2,11.990077256351366
TMTM,39,78,0.11761876407478103,0.036847489756264194,0.0,0.036847489756264194,True,False,0.12903225806451613,57.21158715194825,71.32583884092197,3.5500000000000003,212.82387130023676
TMTM,39,74,0.3156020335292198,0.0014238048114399622,0.0,0.02584180082450119,True,False,0.1,36.1535948174156,74.02583884092198,1.8,107.9106953071623
TMTM,40,79,0.052423100238165786,0.010854930331633813,0.0,0.010854930331633813,True,True,0.4444444444444444,20.366610869501866,14.075838840921971,0.45,26.977673826790575
TMTM,40,81,0.21232872149715146,,,,False,False,,46.3463922612638,71.82583884092197,0.05,2.9975193140878416
TMTM,40,82,0.177605784677526,,,,False,False,,50.61314467961886,71.92583884092198,0.1,5.995038628175683
TMTM,41,83,0.03731494274805094,,,,False,True,,21.298045711155858,25.77583884092197,1.7000000000000002,101.91565667898661
TMTM,41,84,0.29667899615480436,,,,False,False,,92.4273183794985,56.825838840921975,1.4500000000000002,86.9280601085474
TMTM,41,85,0.06742718002270139,,,,False,False,,62.18457723819781,70.27583884092198,2.5,149.8759657043921
TMTM,41,86,0.05749625302334931,,,,False,False,,64.87628847812006,71.77583884092198,0.35000000000000003,20.98263519861489
TMTM,41,81,0.18926100359364864,0.023067717903502802,0.0,0.023067717903502802,True,False,0.009174311926605505,52.01451840968413,74.72583884092197,5.45,326.72960523557475
TMTM,42,87,0.06406336350300297,,,,False,False,,39.91344246128233,32.22583884092197,3.25,194.8387554157097
TMTM,42,84,0.06865277137911031,0.22802622477569406,0.0,0.22802622477569406,True,False,0.0688836104513064,81.2141714064152,72.97583884092197,21.05,1261.9556312309812
TMTM,42,81,0.2314272765980599,0.04216627300441124,0.0,0.01909855510090844,True,False,0.44954128440366975,57.00456564915479,84.77583884092198,2.45,146.87844639030425
TMTM,42,88,0.2832959244047073,,,,False,True,,21.0303279123571,55.02583884092198,1.2000000000000002,71.94046353810819
TMTM,42,89,0.21777545265328643,,,,False,True,,32.6927845225276,58.825838840921975,0.05,2.9975193140878416
TMTM,42,90,0.14874624568070208,,,,False,True,,41.226289359237725,59.075838840921975,0.35000000000000003,20.98263519861489
TMTM,43,91,0.13194923520467833,,,,False,True,,57.00974706548337,41.17583884092197,6.050000000000001,362.6998370046288
TMTM,43,92,0.21330634771985846,,,,False,False,,74.57260056730499,48.97583884092197,0.65,38.96775108314194
TMTM,43,84,0.19400252237086887,0.12534975099175855,0.0,0.10267647378393553,True,True,0.26268115942028986,89.15614152542624,65.87583884092197,13.8,827.3153306882442
TMTM,43,88,0.3442423795120772,0.060946455107369894,4.440892098500626e-16,0.060946455107369894,True,True,0.06593406593406594,40.616753299472705,81.92583884092197,18.2,1091.0970303279744
TMTM,44,91,0.07468874894517548,0.05726048625950284,1.6653345369377348e-16,0.05726048625950284,True,True,0.09042553191489362,40.08848871434303,31.125838840921972,4.2,251.7916223833787
TMTM,44,92,0.3308110208371569,0.11750467311729847,0.0,0.11750467311729847,True,True,0.035422343324250684,82.1731613413808,42.47583884092197,18.35,1100.0895882702378
TMTM,44,84,0.05150897199196649,0.24551149436283534,1.1102230246251565e-16,0.3481879681467709,True,True,0.3161512027491409,93.894762201886,100.07583884092197,5.3500000000000005,320.7345666073991
TMTM,44,88,0.34370008186302076,0.0005422976490564224,3.3306690738754696e-16,0.06040415745831348,True,True,0.708171206225681,43.23182901735949,84.47583884092198,25.700000000000003,1540.7249274411506
TMTM,45,91,0.12236247504598362,0.047673726100808146,0.0,0.009586760158694693,True,True,0.711864406779661,41.00933584644001,26.325838840921975,5.9,353.70727906236533
TMTM,45,93,0.411290250185396,,,,False,True,,93.2806688631695,43.925838840921976,0.7000000000000001,41.96527039722978
TMTM,45,92,0.3572363023113105,0.02642528147415355,0.0,0.14392995459145203,True,True,0.19809069212410502,90.59419511827923,47.72583884092197,6.75,404.6651074018586
TMTM,45,84,0.049375558964386695,0.0021334130275797963,0.0,0.3460545551191911,True,True,0.037383177570093455,98.40077176519557,104.32583884092197,0.2,11.990077256351366
TMTM,45,94,0.08659849578401217,,,,False,False,,94.13401934684052,104.52583884092198,0.05,2.9975193140878416
TMTM,45,88,0.3357464199069371,0.007953661956083677,0.0,0.0524504955022298,True,True,0.7253731343283583,46.38626845208952,86.67583884092197,32.1,1924.4073996443942
TMTM,46,91,0.12608571356967566,0.003723238523692037,0.0,0.0058635216350026555,True,True,0.7516339869281046,39.65612446928305,24.52583884092197,7.5,449.62789711317623
TMTM,46,93,0.3558293391615578,0.05546091102383818,3.3306690738754696e-16,0.05546091102383818,True,True,0.3333333333333333,94.47535954030892,51.77583884092198,0.5,29.975193140878417
TMTM,46,95,0.3624960058282245,,,,False,False,,94.47535954030892,50.97583884092197,1.0,59.950386281756835
TMTM,46,92,0.3375495007975399,0.019686801513770526,0.0,0.1242431530776815,True,True,0.06857142857142857,97.48177893662677,56.97583884092197,2.6,155.87100433256776
TMTM,46,96,0.5214159136564626,,,,False,True,,23.30592920214646,85.87583884092197,1.8,107.9106953071623
TMTM,46,88,0.3553885724247829,0.0196421525178458,0.0,0.0720926480200756,True,True,0.102803738317757,45.82921014994803,88.47583884092198,3.3000000000000003,197.83627472979754
TMTM,47,97,0.09997583362203949,,,,False,True,,40.37293887556671,28.375838840921972,0.1,5.995038628175683
TMTM,47,92,0.3392835260964276,0.0017340252988876277,2.220446049250313e-16,0.12597717837656913,True,True,0.10294117647058823,89.58986197249328,48.87583884092197,16.150000000000002,968.1987384503728
TMTM,47,91,0.13178210377499838,0.005696390205322732,0.0,0.00016713142967992312,True,False,0.08666666666666667,44.63969129392178,28.82583884092197,0.65,38.96775108314194
TMTM,47,98,0.388201390412107,,,,False,False,,38.441671991469136,85.02583884092198,2.85,170.85860090300696
TMTM,47,96,0.5379087977713507,0.016492884114888095,1.6653345369377348e-16,0.016492884114888067,True,True,0.5945945945945946,22.52678310835989,87.07583884092197,1.1500000000000001,68.94294422402035
TMTM,47,88,0.1952318478935642,0.1601567245312187,0.0,0.0880640765111431,True,True,0.32456140350877194,56.94801709369427,80.37583884092197,4.25,254.78914169746653
TMTM,48,91,0.09660996506372618,0.03517213871127221,0.0,0.03533927014095214,True,True,0.13829787234042554,36.66903464856912,25.075838840921975,4.7,281.7668155242571
TMTM,48,99,0.029888850476088063,,,,False,True,,19.039176783791405,22.625838840921972,0.15000000000000002,8.992557942263524
TMTM,48,92,0.3610081524220884,0.021724626325660818,1.1102230246251565e-16,0.14770180470222993,True,True,0.7392550143266475,90.84681713157258,47.52583884092197,14.200000000000001,851.295485200947
TMTM,48,96,0.5235704546793758,0.01433834309197497,2.220446049250313e-16,0.002154541022913155,True,True,0.22580645161290322,26.44738427939689,89.27583884092198,4.55,272.7742575819936
TMTM,48,88,0.16737002645651303,0.027861821437051168,0.0,0.11592589794819427,True,True,0.3483606557377049,60.74143566614041,80.82583884092197,12.200000000000001,731.3947126374334
TMTM,49,91,0.11421638478249226,0.01760641971876608,1.6653345369377348e-16,0.017732850422186055,True,True,0.4909090909090909,36.08180501482104,22.375838840921972,3.5,209.82635198614892
TMTM,49,92,0.4121740966526856,0.05116594423059725,0.0,0.1988677489328272,True,True,0.8925081433224755,90.53673043924425,41.075838840921975,14.850000000000001,890.263236284089
TMTM,49,96,0.4022718728131328,0.12129858186624291,2.220446049250313e-16,0.11914404084332979,True,True,0.2863247863247863,31.953214103346042,80.22583884092198,10.5,629.4790559584467
TMTM,49,100,0.11562229724340346,,,,False,False,,85.60051451013038,71.72583884092197,0.05,2.9975193140878416
TMTM,49,101,0.10056645584888635,,,,False,False,,83.89381354278834,71.82583884092197,0.05,2.9975193140878416
TMTM,49,88,0.24532700646338348,0.07795698000687044,0.0,0.03796891794132383,True,True,0.028688524590163935,56.58659806531596,86.02583884092198,0.35000000000000003,20.98263519861489
TMTM,49,102,0.13488027530724858,,,,False,True,,70.24020580405214,86.42583884092197,0.35000000000000003,20.98263519861489
TMTM,50,92,0.45402131157828196,0.041847214925596295,0.0,0.24071496385842348,True,True,0.7171717171717171,93.1083962303158,38.62583884092197,10.65,638.4716139007103
TMTM,50,103,0.5323330090815712,,,,False,True,,20.745877751133428,84.62583884092197,0.4,23.980154512702732
TMTM,50,104,0.05293586656958169,,,,False,True,,100.27814282927179,93.92583884092198,0.5,29.975193140878417
TMTM,50,96,0.22810221445757298,0.17416965835555984,0.0,0.2933136991988896,True,True,0.20227272727272727,49.05357310601321,76.42583884092197,15.950000000000001,956.2086611940215
TMTM,51,105,0.6605216197255696,,,,False,True,,36.863244473853634,116.12583884092197,12.850000000000001,770.3624637205753
TMTM,51,92,0.4031302442268809,0.05089106735140104,0.0,0.18982389650702244,True,True,0.48409090909090907,84.80146814814768,36.42583884092197,22.0,1318.9084981986502
TMTM,51,103,0.36169067555639434,0.17064233352517688,0.0,0.17064233352517685,True,True,0.05228758169934641,30.472957774154654,73.87583884092197,7.65,458.6204550554398
TMTM,51,96,0.1602345137472024,0.06786770071037058,0.0,0.36118139990926024,True,True,0.2530487804878049,60.79769719125769,80.02583884092198,4.6000000000000005,275.7717768960814
TMTM,52,106,0.1581921193199531,,,,False,True,,32.6927845225276,51.675838840921976,0.15000000000000002,8.992557942263524
TMTM,52,107,0.11677459513640247,,,,False,True,,37.81288742455368,51.825838840921975,0.05,2.9975193140878416
TMTM,52,105,0.07619040428618522,0.5843312154393843,0.0,0.5843312154393843,True,False,0.019455252918287938,42.93299032657975,52.075838840921975,0.25,14.987596570439209
TMTM,52,92,0.4117786110801615,0.008648366853280602,0.0,0.19847226336030305,True,True,0.7659090909090909,86.28927217054135,36.87583884092197,16.85,1010.1640088476026
TMTM,52,108,0.15340151356117496,,,,False,False,,64.03402046826297,45.62583884092197,0.55,32.972712454966256
TMTM,52,103,0.2558078754235469,0.10588280013284743,0.0,0.27652513365802434,True,True,0.12439024390243902,55.928893790096346,86.62583884092197,61.5,3686.948756328045
TMTM,53,109,0.011416990918428797,,,,False,True,,20.745877751133428,19.375838840921972,0.15000000000000002,8.992557942263524
TMTM,53,110,0.40365174994258296,,,,False,True,,60.487628847812026,108.92583884092198,1.05,62.947905595844674
TMTM,53,92,0.3974579579904576,0.014320653089703938,1.6653345369377348e-16,0.1841516102705991,True,True,0.7893175074183977,89.52079379977688,41.825838840921975,13.3,797.3401375473659
TMTM,53,108,0.06671337025663367,0.08668814330454128,0.0,0.08668814330454128,True,False,0.2,60.731443271718014,52.72583884092197,0.35000000000000003,20.98263519861489
TMTM,53,111,0.1974941018884923,,,,False,True,,54.0265466143029,77.72583884092198,0.30000000000000004,17.985115884527048
TMTM,53,103,0.09030853901126043,0.16549933641228645,0.0,0.44202447007031076,True,True,0.008130081300813009,67.33881415957072,78.17583884092197,0.5,29.975193140878417
TMTM,54,109,0.020249675748237876,0.03166666666666667,0.0,0.03166666666666667,True,True,1.0,20.745877751133428,23.175838840921973,0.15000000000000002,8.992557942263524
TMTM,54,110,0.09100644832341237,0.49465819826599533,0.0,0.49465819826599533,True,True,0.42857142857142855,60.696612639731455,49.77583884092197,2.45,146.87844639030425
TMTM,54,92,0.44786415497570786,0.0504061969852503,2.220446049250313e-16,0.2345578072558494,True,True,0.5939849624060151,93.66953743800691,39.92583884092197,7.9,473.60805162587894
TMTM,54,112,0.008253694626539658,,,,False,False,,52.03539548573722,53.02583884092198,0.6000000000000001,35.970231769054095
TMTM,54,113,0.13125804190371765,,,,False,False,,66.82680386936809,51.075838840921975,0.1,5.995038628175683
TMTM,54,114,0.11578553384253419,,,,False,False,,65.12010290202608,51.22583884092197,0.05,2.9975193140878416
TMTM,54,115,0.09361843841742552,,,,False,False,,62.56005145101304,51.325838840921975,0.1,5.995038628175683
TMTM,54,116,0.4938925855947589,,,,False,True,,29.90872856955092,89.17583884092198,8.0,479.6030902540547
TMTM,54,111,0.2994657524327918,0.10197165054429942,0.0,0.10197165054429942,True,True,0.5,57.43994854898696,93.37583884092197,0.30000000000000004,17.985115884527048
TMTM,54,117,0.04174535320209654,,,,False,True,,90.36639645667039,95.37583884092197,2.6500000000000004,158.8685236466556
TMTM,55,109,0.10012080991336963,0.07987113416513175,0.0,0.11153780083179843,True,True,0.2727272727272727,21.211341651317618,33.22583884092197,0.55,32.972712454966256
TMTM,55,110,0.0027313741359440867,0.08827507418746829,0.0,0.40638312407852706,True,True,0.3220338983050847,51.75360373723527,51.425838840921976,5.3500000000000005,320.7345666073991
TMTM,55,92,0.3817463624351606,0.0661177925405473,0.0,0.16844001471530212,True,True,0.6833333333333333,90.88540233314124,45.075838840921975,7.25,434.640300542737
TMTM,55,118,0.5485199329663132,,,,False,True,,22.00344688496439,87.82583884092197,0.9500000000000001,56.95286696766899
TMTM,55,116,0.3800859288091851,0.11380665678557375,0.0,0.11380665678557378,True,True,0.11666666666666667,43.76552738381976,89.37583884092197,2.0500000000000003,122.89829187760151
TMTM,55,117,0.014013615763463367,0.05575896896555991,0.0,0.05575896896555991,True,True,0.03773584905660377,100.10747273253759,98.42583884092198,0.1,5.995038628175683
TMTM,56,109,0.1322402973894114,0.03211948747604178,1.942890293094024e-16,0.14365728830784022,True,True,0.9166666666666666,21.457003154192606,37.325838840921975,0.6000000000000001,35.970231769054095
TMTM,56,119,0.05304392664704049,,,,False,True,,43.01056764327711,49.37583884092197,1.1,65.94542490993251
TMTM,56,110,0.07698020901408889,0.07424883487814479,2.220446049250313e-16,0.4806319589566719,True,True,0.2336448598130841,59.86346392261264,50.62583884092197,1.25,74.93798285219604
TMTM,56,92,0.38836259819223096,0.006616235757070399,0.0,0.17505625047237253,True,True,0.9060402684563759,90.92935062398969,44.325838840921975,6.95,416.65518465821
TMTM,56,120,0.3573748697940553,,,,False,True,,100.96082321620861,58.075838840921975,0.15000000000000002,8.992557942263524
TMTM,56,121,0.3738023550492452,,,,False,False,,37.91955623501256,82.77583884092198,0.8,47.960309025405465
TMTM,56,116,0.1923229787970372,0.1877629500121479,0.0,0.3015696067977217,True,True,0.10891089108910891,61.947081385277514,85.02583884092198,3.5500000000000003,212.82387130023676
TMTM,57,109,0.07469394154333149,0.057546355846079915,1.6653345369377348e-16,0.0861109324617603,True,True,0.6666666666666666,21.812565855722195,30.775838840921974,0.4,23.980154512702732
TMTM,57,110,0.14126992996420212,0.06428972095011325,2.220446049250313e-16,0.5449216799067851,True,True,0.1360544217687075,67.72823043662623,50.77583884092198,7.1000000000000005,425.6477426004735
TMTM,57,92,0.40815242927720236,0.019789831084971374,0.0,0.1948460815573439,True,True,0.4676258992805755,94.55413035418626,45.575838840921975,3.25,194.8387554157097
TMTM,57,120,0.1192917968726114,0.4766666666666667,2.220446049250313e-16,0.4766666666666667,True,True,0.3333333333333333,100.96082321620861,115.27583884092198,0.05,2.9975193140878416
TMTM,57,122,0.3388387211405128,,,,False,True,,25.66519230406044,66.32583884092197,0.8500000000000001,50.957828339493304
TMTM,57,116,0.11247609790149475,0.07984688089554244,0.0,0.38141648769326414,True,True,0.12412587412587413,67.5787070927426,81.07583884092197,28.6,1714.5810476582453
TMTM,58,109,0.09736092977882965,0.02266698823549816,0.0,0.10877792069725846,True,True,0.25,19.892527267462416,31.575838840921975,0.1,5.995038628175683
TMTM,58,110,0.12067814331051364,0.020591786653688497,0.0,0.5243298932530966,True,True,0.30985915492957744,72.25721603818361,57.77583884092198,2.2,131.89084981986502
TMTM,58,123,0.06026720588332317,,,,False,False,,66.25790354692076,59.02583884092198,0.15000000000000002,8.992557942263524
TMTM,58,124,0.11380031174729494,,,,False,False,,50.119801431246586,63.77583884092198,6.4,383.6824722032437
TMTM,58,125,0.07117967063984156,,,,False,False,,59.634278364141,68.17583884092198,1.4000000000000001,83.93054079445956
TMTM,58,126,0.25786313913042375,,,,False,True,,55.48226214527112,86.42583884092197,0.8500000000000001,50.957828339493304
TMTM,58,116,0.007653390194816723,0.12012948809631148,4.440892098500626e-16,0.5015459757895756,True,True,0.10839160839160839,89.34424566429999,88.42583884092198,3.1,185.84619747344618
ST-MTM,0,0,0.1793731816292703,,,,False,True,,19.892527267462416,-1.6322545280500194,0.024979327617398628,5.995038628175683
ST-MTM,0,1,0.30179103920287526,,,,False,True,,63.767622890170095,99.98254759451513,0.6619521818610679,158.8685236466556
ST-MTM,0,2,0.12046697677206405,,,,False,True,,100.39192289376126,114.84796010640895,0.0374689914260955,8.992557942263524
ST-MTM,0,3,0.11536416129096926,,,,False,False,,68.53350483671012,82.37720419162643,0.27477260379137647,65.94542490993251
ST-MTM,0,4,0.34320641325362167,,,,False,True,,100.96082321620861,59.77605362577401,0.012489663808693763,2.9975193140878416
ST-MTM,0,5,0.004576391386889137,,,,False,True,,20.56622501772901,21.115391984155707,0.23730361236528807,56.95286696766899
ST-MTM,0,6,0.01961897376990578,,,,False,True,,65.71824576441232,63.36396891202362,5.345576110123318,1282.9382664295963
ST-MTM,1,1,0.3126739944175918,0.01088295521471654,0.5787368293821935,0.01088295521471654,True,False,0.034482758620689655,72.67835004311218,110.19922937322319,0.15595201836808315,20.98263519861489
ST-MTM,1,7,0.03594405893441639,,,,False,False,,77.39209557196158,81.70538264409154,0.46785605510424944,62.947905595844674
ST-MTM,1,6,0.08021801167893419,0.060599037909028416,0.5787368293821998,0.060599037909028416,True,False,0.48214285714285715,69.37239175286133,59.74623035138923,5.257810904981099,707.4145581247307
ST-MTM,1,8,0.07817565255394895,,,,False,False,,32.6927845225276,23.31170621605373,0.02227885976687105,2.9975193140878416
ST-MTM,1,5,0.07545261207649866,0.08002900346338779,0.5787368293821986,0.08002900346338779,True,True,0.2972972972972973,23.570762110871947,14.516448661692108,0.6460869332392036,86.9280601085474
ST-MTM,1,9,0.24154870753330654,,,,False,True,,79.62706112443328,50.6412162204365,0.0445577195337421,5.995038628175683
ST-MTM,2,10,0.23476931646963095,,,,False,False,,66.33917502155607,94.51149299791179,0.6632442160481844,104.91317599307446
ST-MTM,2,11,0.11935219551981824,,,,False,True,,91.75614384177972,77.43388037940153,1.6865352922367833,266.7792189538179
ST-MTM,2,12,0.11368846568600427,,,,False,False,,68.93508153490824,82.57769741722875,0.3221471906519753,50.957828339493304
ST-MTM,2,5,0.07274630033728423,0.0027063117392144213,0.1618430254504133,0.07732269172417337,True,True,0.15436241610738255,30.950278639786788,22.22072259931268,2.7098263684253894,428.64526191456133
ST-MTM,2,6,0.19520850918959004,0.11499049751065585,0.1618430254504173,0.17558953541968425,True,True,0.06007067137809187,75.4669775165371,52.041956413786295,1.2127894236309373,191.84123610162186
ST-MTM,3,11,0.00838794865449941,0.12774014417431764,1.4435325929748068,0.12774014417431764,True,True,0.06167846309403438,70.64157356536256,71.64812740390249,4.2994269564752585,2880.6160608384157
ST-MTM,3,13,0.03803733907359508,,,,False,True,,100.39192289376126,95.82744220492985,0.013421728272021483,8.992557942263524
ST-MTM,3,5,0.20930436240633274,0.1365580620690485,1.4435325929748084,0.21388075379322186,True,True,0.2803921568627451,53.12299904335713,28.006475554597206,2.2816938062459684,1528.7348501847991
ST-MTM,4,14,0.438609392091008,,,,False,True,,51.46649516328988,104.09962221421084,0.018654999974529574,5.995038628175683
ST-MTM,4,11,0.15099842118370777,0.14261047252920836,0.7347044068526949,0.270350616703526,True,False,0.13111342351716962,62.97995406996232,81.09976461200725,1.1752649983948231,377.68743357506804
ST-MTM,4,15,0.2585190596098545,,,,False,False,,92.67113280340452,61.64884565022198,0.32646249955412543,104.91317599307446
ST-MTM,4,16,0.29936222738485835,,,,False,False,,80.24147347267643,44.31800618649343,0.4663749993630262,149.8759657043921
ST-MTM,4,5,0.29945549642923575,0.09015113402290303,0.73470440685271,0.3040318878161249,True,True,0.8766355140186916,54.48949788884508,18.554838317336788,4.607784993706744,1480.7745411593937
ST-MTM,5,11,0.10282233848452418,0.048176082699183574,0.7649729151312121,0.22217453400434242,True,False,0.3763440860215054,69.01640859878752,81.35508921693042,5.171404141873126,773.3599830346632
ST-MTM,5,16,0.14778630822239044,0.1515759191624679,0.7649729151312167,0.1515759191624679,True,False,0.03333333333333333,70.80910612649949,53.07474913981263,0.24053042520340284,35.970231769054095
ST-MTM,5,5,0.14852531680734007,0.1509301796218957,0.7649729151312012,0.15310170819422922,True,True,0.06680161943319839,27.365808775975225,9.542770759094417,0.6614586693093543,98.91813736489877
ST-MTM,5,17,0.19696740995801776,,,,False,True,,44.90226067351285,21.266171478550717,0.5211492546073728,77.93550216628388
ST-MTM,6,18,0.7692630151174626,,,,False,True,,21.233506598945436,113.54506841304095,0.0944004037565378,20.98263519861489
ST-MTM,6,19,0.518856244981079,,,,False,True,,39.55590117843489,101.81865057616436,0.6338312823654064,140.88340776212854
ST-MTM,6,11,0.0743446406904815,0.17716697917500568,0.39630473870949934,0.04500755482933674,True,True,0.2578740157480315,80.77606059457293,71.85470371171515,5.138079118749346,1142.0548586674677
ST-MTM,6,5,0.03510479881317332,0.11342051799416675,0.3963047387095068,0.03968119020006246,True,True,0.16279069767441862,23.255732114871698,19.0431562572909,0.22925812340876206,50.957828339493304
ST-MTM,6,20,0.1129687382792663,,,,False,False,,40.53438356166664,26.97813496815468,0.49897356271318927,110.90821462125014
ST-MTM,7,18,0.8141130350636695,0.04485001994620686,2.017975219569332,0.04485001994620686,True,True,0.35,23.561934347247767,121.2554985548881,2.029089997208345,59.950386281756835
ST-MTM,7,19,0.6413329944317551,0.12247674945067615,2.0179752195977017,0.12247674945067615,True,True,0.02127659574468085,36.10618645721165,113.06614578902226,0.10145449986330846,2.9975193140878416
ST-MTM,7,11,0.25916575942888237,0.18482111873840085,2.017975219575643,0.1398135639090641,True,False,0.0026246719160104987,94.13401934684052,63.034128215374636,0.10145449986107025,2.9975193140878416
ST-MTM,7,21,0.24485991803436538,,,,False,False,,92.42731837949847,63.04412821537463,0.10145449986107025,2.9975193140878416
ST-MTM,7,20,0.1879233393165367,0.0749546010372704,2.0179752195816882,0.0749546010372704,True,False,0.6041666666666666,39.39158581934505,16.840785101360648,4.058179994467329,119.90077256351367
ST-MTM,7,22,0.2920691682982922,,,,False,True,,55.73324758164494,20.68494738584987,0.20290899973214493,5.995038628175683
ST-MTM,8,18,0.36031360329628664,0.45379943176738285,1.841769889792685,0.40894941182117595,True,True,0.3783783783783784,20.690822881219173,63.92845527677357,0.49861174931900365,92.92309873672309
ST-MTM,8,23,0.21433246039313592,,,,False,True,,66.8268038693681,92.54669911654442,0.04825274993410744,8.992557942263524
ST-MTM,8,24,0.1530933943279829,,,,False,True,,98.92903635032523,117.30024366968318,0.3377692495386668,62.947905595844674
ST-MTM,8,21,0.170380336748487,0.41524025478285237,1.8417698897991328,0.41524025478285237,True,True,0.02127659574468085,97.6200468546029,118.06568726442134,0.7559597489675127,140.88340776212854
ST-MTM,8,25,0.10488751615771844,,,,False,True,,20.271794149093978,32.85829608802019,0.2895164996045878,53.95534765358115
ST-MTM,8,20,0.23750622928728535,0.04958288997074864,1.8417698898051673,0.12453749100801904,True,True,0.13793103448275862,47.64701610189344,19.1462685874192,4.66443249362937,869.280601085474
ST-MTM,9,23,0.2423719661494181,0.028039505756282185,0.06606175067833275,0.028039505756282185,True,True,0.125,62.56005145101304,91.64468738894321,0.36134479402701913,71.94046353810819
ST-MTM,9,18,0.3416502661113788,0.018663337184907824,0.06606175067809461,0.4276127490060838,True,True,0.3563218390804598,22.72722025345004,63.725252186815496,1.3098748783479763,260.78418032564224
ST-MTM,9,24,0.15825571870954155,0.005162324381558629,0.0660617506780532,0.005162324381558629,True,True,0.22105263157894736,95.69699812745895,114.68768437260394,1.4303231430236565,284.76433483834495
ST-MTM,9,21,0.17793167292107945,0.007551336172592471,0.0660617506780603,0.42279159095544483,True,True,0.2127659574468085,100.27814282927179,121.62994357980132,0.1505603308445984,29.975193140878417
ST-MTM,9,26,0.010363798670188789,,,,False,True,,34.70066801351822,33.45701217309556,2.0476204994864844,407.66262671594643
ST-MTM,9,20,0.3618252328754034,0.1243190035881181,0.06606175067809317,0.24885649459613715,True,True,0.296551724137931,62.71881433169598,19.29978638664757,1.2948188452635137,257.7866610115544
ST-MTM,10,18,0.3610055941887393,0.01935532807736046,0.327955971589744,0.40825742092872336,True,True,0.6666666666666666,21.275543568584403,64.59621487123312,0.6290846455223686,173.8561202170948
ST-MTM,10,27,0.3481803032964246,,,,False,True,,39.5195883918957,81.30122478746665,0.03253886097530767,8.992557942263524
ST-MTM,10,23,0.286087314723262,0.04371534857384388,0.32795597158970563,0.07175485433012607,True,True,0.5454545454545454,60.58182987523025,94.91230764202169,0.47723662763766583,131.89084981986502
ST-MTM,10,24,0.22557606139092112,0.06732034268137958,0.32795597158972856,0.07248266706293821,True,True,0.7068965517241379,93.3552334685388,120.42436083544933,1.1171675601518132,308.74448935104766
ST-MTM,10,26,0.07366467674329433,0.08402847541348311,0.3279559715897111,0.08402847541348311,True,True,0.05555555555555555,22.79391891194386,31.63368012113918,0.37962004471178545,104.91317599307446
ST-MTM,10,20,0.40654060787658625,0.04471537500118283,0.3279559715897198,0.2935718695973199,True,True,0.2356164383561644,60.03273125142846,11.247858306238106,3.958894751994304,1094.0945496420622
ST-MTM,11,18,0.7538244635167259,0.39281886932798676,0.7789628868510716,0.015438551600736617,True,True,0.3448275862068966,20.66054270276633,111.11947832477345,0.4727269594565371,59.950386281756835
ST-MTM,11,23,0.42173814798373177,0.1356508332604698,0.7789635679975101,0.20740568759059588,True,True,0.6027397260273972,61.58980364081174,112.19838139885955,1.7254545773032248,218.81890992841244
ST-MTM,11,24,0.7401324033270879,0.965708464718009,0.7789632214711951,0.8932257976550707,True,True,0.8252427184466019,94.41512303557923,5.599234636328686,2.009090249972235,254.78914169746653
ST-MTM,11,28,0.7326606525836147,,,,False,True,,100.448812926006,12.52953461597224,0.23636353165072777,29.975193140878417
ST-MTM,11,29,0.3413967257430725,,,,False,False,,34.399485489869626,75.36709257903833,0.04727262095838114,5.995038628175683
ST-MTM,11,20,0.15647605366435488,0.5630166615409411,0.7789626656017236,0.2694447919436212,True,False,0.11421319796954314,43.48651496463662,62.263641404359205,1.7490893630043018,221.81642924250028
ST-MTM,11,30,0.5179748111548543,,,,False,True,,20.176977428686087,82.33395476726861,0.14181808289038145,17.985115884527048
ST-MTM,11,31,0.2151030897185701,,,,False,True,,68.53350483671012,42.72113407048171,0.07090902459925275,8.992557942263524
ST-MTM,11,32,0.34559415172709973,,,,False,True,,77.92036015709127,36.4490619498393,0.14181808115819194,17.985115884527048
ST-MTM,12,24,0.632711017313518,0.10742138601356993,0.23808525263880886,0.7858044116415008,True,True,0.10588235294117647,91.09988429378802,15.17456221616587,0.16765785994050475,26.977673826790575
ST-MTM,12,23,0.17450510542706976,0.5962432534108015,0.23808559916510938,0.3888375658202057,True,True,0.6293103448275862,61.588997452352956,40.648384801104584,2.1609235281220833,347.7122404341896
ST-MTM,12,28,0.7145032090935606,0.018157443490054156,0.23808513769072281,0.01815744349005411,True,True,0.3333333333333333,98.57144186192978,12.831056770702524,0.5588595331350206,89.92557942263525
ST-MTM,12,33,0.24128348113947087,,,,False,False,,60.0,88.9540177367365,0.07451460441799895,11.990077256351366
ST-MTM,12,30,0.46671207698699163,0.05126273416786266,0.2380848831389073,0.051262734167862686,True,False,0.03571428571428571,28.09211234969258,84.09756158813158,0.4284589754035153,68.94294422402035
ST-MTM,12,32,0.16770911271466601,0.5133032644417658,0.23808487092473873,0.5133032644417658,True,True,0.03488372093023256,76.23350454983462,96.35859807559454,3.2041279899741255,515.5733220231087
ST-MTM,13,24,0.6919318662518426,0.059220848938324695,0.005665737535686999,0.8450252605798255,True,True,0.2647058823529412,93.48145721226855,10.449633262047437,0.6369728542436661,101.91565667898661
ST-MTM,13,23,0.29447681117644453,0.11997170574937473,0.0056657375356758966,0.5088092715695804,True,True,0.6896551724137931,63.754742128152465,28.417524786979126,1.4987596570439194,239.80154512702734
ST-MTM,13,34,0.049802061526364835,,,,False,True,,43.29547548778512,37.31922810462134,2.116998015574538,338.7196824919261
ST-MTM,13,30,0.4073273866765587,0.05938469031043301,0.005665737535677673,0.11064742447829563,True,True,0.21904761904761905,31.76628971168478,80.64557611287182,1.9671220498701416,314.73952797922334
ST-MTM,13,35,0.11833243186706864,,,,False,True,,100.96082321620861,115.16071504025685,0.0374689914260955,5.995038628175683
ST-MTM,13,32,0.21704795401456992,0.04933884129990389,0.005665737535693438,0.5626421057416697,True,True,0.10465116279069768,90.72061741215646,116.76637189390485,0.3372209228348879,53.95534765358115
ST-MTM,14,34,0.0257233458707186,0.07552540739708344,0.2632380085160858,0.07552540739708344,True,True,0.4354066985645933,37.56646535975027,40.6532668642365,2.6925315410824027,560.5361117344264
ST-MTM,14,23,0.36796095982674254,0.07348414865029804,0.26323800851608853,0.5822934202198785,True,True,0.35185185185185186,69.9557556428285,25.800440463619402,0.9503052497937858,197.83627472979754
ST-MTM,14,24,0.7017788473427148,0.009846981090872179,0.26323800851608914,0.8548722416706978,True,True,0.5,94.96227128687417,10.748809605748393,0.9791023785754156,203.83131335797322
ST-MTM,14,32,0.2893802224217826,0.07233226840721266,0.26323800851610235,0.6349743741488822,True,True,0.075,74.34551353630722,109.07114022692113,1.5982406473804645,332.72464386375043
ST-MTM,14,30,0.5439871341426857,0.13665974746612702,0.26323800851610857,0.026012322987831384,True,True,0.08620689655172414,22.04622134529878,87.32467744242106,0.3023698522071072,62.947905595844674
ST-MTM,14,36,0.242197650641839,,,,False,True,,97.54742128152455,126.61113935854523,0.07199282195406909,14.987596570439209
ST-MTM,15,34,0.3718769882440386,0.34615364237331997,1.232598454141436,0.4216790497704034,True,True,0.7622950819672131,35.74096649712198,80.36620508640661,1.020034261814999,728.3971933233455
ST-MTM,15,24,0.6755960348299591,0.02618281251275579,1.2325984541414865,0.828689429157942,True,True,0.10294117647058823,91.93968953168647,10.868165352091387,0.02938370301524529,20.98263519861489
ST-MTM,15,23,0.37277133686428504,0.0048103770375425015,1.2325984541414416,0.587103797257421,True,True,0.5083333333333333,73.16385876549887,28.431298341784668,0.4827322638219087,344.7147211201018
ST-MTM,15,32,0.002330566759817998,0.29171078918160054,1.2325984541414396,0.34326358496728177,True,True,0.09203980099502487,66.88765639142092,66.60798838024276,5.062392262341092,3615.008292789937
ST-MTM,16,34,0.49163871930839675,0.11976173106435818,0.8112485354932495,0.5414407808347617,True,True,0.6619318181818182,35.09314465495893,94.08979097196654,3.2311368652144665,1025.1516054180418
ST-MTM,16,23,0.459690145821869,0.08691880895758392,0.8112485354932605,0.6740226062150049,True,True,0.33043478260869563,76.34839873980258,21.1855812411783,0.3590152072460526,113.90573393533798
ST-MTM,16,24,0.6685104233282438,0.0070856115017151385,0.81124853549329,0.8216038176562268,True,True,0.5,90.35489577629745,10.133644976908188,0.13226876056433312,41.96527039722978
ST-MTM,16,37,0.768353779320817,,,,False,True,,97.54742128152455,5.344967763026503,0.17005983501128696,53.95534765358115
ST-MTM,16,38,0.3217146102530434,,,,False,False,,43.60082983553968,82.20658306590488,0.21729867806996594,68.94294422402035
ST-MTM,16,32,0.18617751092746324,0.18384694416764524,0.8112485354932487,0.15941664079963652,True,True,0.21807628524046435,83.20594167001937,60.86464035872378,2.4847631448871397,788.3475796051023
ST-MTM,17,34,0.5774679605786713,0.08582924127027465,0.07896878596659268,0.6272700221050361,True,True,0.6686046511627907,33.51670912745134,102.81286439689191,2.371990477380507,695.4244808683792
ST-MTM,17,23,0.6117117254168264,0.15202157959495738,0.0789687859665944,0.8260441858099623,True,True,0.11734693877551021,90.06056731428939,16.655160264270226,1.8505615362322132,542.5509958498993
ST-MTM,17,39,0.8411939949483964,,,,False,True,,19.039176783791405,119.98245617759898,0.030672290655786583,8.992557942263524
ST-MTM,17,40,0.1734557763784289,,,,False,False,,73.5814936133555,52.766800447944036,1.4518217577070374,425.6477426004735
ST-MTM,17,32,0.2301180905228766,0.04394057959541335,0.07896878596660395,0.11547606120422316,True,True,0.33079847908745247,84.28615859275205,56.671987730006855,0.8894964290176972,260.78418032564224
ST-MTM,18,34,0.6504348092646481,0.07296684868597669,0.39390428570708824,0.7002368707910129,True,True,0.6120689655172413,31.070216701462996,109.12239381322077,2.152701226944913,425.6477426004735
ST-MTM,18,41,0.4548705752893491,,,,False,True,,61.19469067713942,6.61022164241753,0.15159867795386717,29.975193140878417
ST-MTM,18,23,0.6437358112276039,0.03202408581077762,0.39390428570709046,0.8580682716207398,True,True,0.35359116022099446,90.05393734678849,12.805639999476012,0.9702315389047556,191.84123610162186
ST-MTM,18,42,0.597637052543146,,,,False,True,,23.614083543472113,95.33052984864965,1.0915104812678464,215.8213906143246
ST-MTM,18,40,0.3764648842310159,0.20300910785258697,0.39390428570708924,0.20300910785258697,True,True,0.013636363636363636,94.13401934684056,48.958233239118655,1.2279492914263272,242.79906444111518
ST-MTM,18,32,0.24405558069765493,0.013937490174778352,0.39390428570707864,0.1015385710294448,True,True,0.7386363636363636,87.30721547747244,58.02054579375385,1.0005512744955212,197.83627472979754
ST-MTM,19,34,0.6938860673561484,0.04345125809150036,0.22727294465620418,0.7436881288825133,True,True,0.5104895104895105,29.533081380286276,112.79940946302409,0.8937658321126492,221.81642924250028
ST-MTM,19,23,0.6688733111589579,0.025137499931353894,0.22727294465622128,0.8832057715520938,True,True,0.65625,91.16761052265078,10.902813183575834,0.5072724993071738,125.89581119168935
ST-MTM,19,43,0.36773087898117646,,,,False,False,,75.05689520077298,30.929189723031815,0.543506249257689,134.88836913395286
ST-MTM,19,44,0.4311813477809309,,,,False,False,,88.29185065093897,36.55008891722726,0.3140258329044343,77.93550216628388
ST-MTM,19,42,0.43576637819294206,0.16187067435020405,0.22727294465622283,0.161870674350204,True,True,0.27391304347826084,36.021237540285135,88.31320292343818,2.6692195796877343,662.451768413413
ST-MTM,19,32,0.13512474010633096,0.10893084059132399,0.22727294465621284,0.2104694116207688,True,True,0.4782608695652174,79.47865234466444,63.263683531904725,1.6667524977235715,413.6576653441221
ST-MTM,20,34,0.10880107095875013,0.8026871383148986,0.005509655810956304,0.0589990094323853,True,True,0.4888888888888889,36.67060724956097,23.614478734510957,1.5423699748731892,380.68495288915585
ST-MTM,20,23,0.3668009635753447,0.3020723475836132,0.005509655810967962,0.5811334239684807,True,True,0.14093959731543623,82.95455529230483,38.938439663263466,3.619104350489849,893.2607555981767
ST-MTM,20,45,0.29914797101606094,,,,False,True,,99.44375568968242,63.545999167755106,0.4372072369719291,107.9106953071623
ST-MTM,20,42,0.7169588840601891,0.2811925058672472,0.005509655810982617,0.11932183151704313,True,False,0.22171945701357465,34.817453073708485,120.8525191609312,0.5950876281006856,146.87844639030425
ST-MTM,20,46,0.3885628908282736,,,,False,False,,59.89960582545047,106.5271527248433,0.2064589730145201,50.957828339493304
ST-MTM,20,32,0.0046137243549027335,0.13051101575142823,0.005509655810986391,0.340980427372197,True,True,0.11594202898550725,92.42731837949847,91.87367145691015,0.19431432754308275,47.960309025405465
ST-MTM,21,23,0.3387056743365697,0.028095289238775044,0.31895586519888164,0.5530381347297056,True,True,0.8333333333333334,84.7607092722319,44.116028351843546,2.2246649367206146,755.3748671501361
ST-MTM,21,34,0.14669613071781742,0.03789505975906729,0.3189558651988795,0.09689406919145259,True,True,0.4550561797752809,43.4113837795468,25.80784809340871,1.165300681139371,395.6725494595951
ST-MTM,21,42,0.666895661600487,0.05006322245970226,0.3189558651988925,0.06925860905734092,True,False,0.3,34.285705425380144,114.31318481743858,1.0593642555812437,359.702317690541
ST-MTM,21,32,0.07168408824770202,0.07629781260260475,0.31895586519889463,0.41727823997480173,True,True,0.06584362139917696,82.43995716320067,91.04204775292492,2.1452126175520334,728.3971933233455
ST-MTM,22,47,1.223053104940089,,,,False,True,,19.892527267462416,166.6588998602731,0.02546155401927308,5.995038628175683
ST-MTM,22,23,0.3409430423011425,0.002237367964572812,0.3660899428733372,0.5552755026942784,True,True,0.5384615384615384,91.83919845156305,50.92603337542595,1.8841549974266485,443.63285848500055
ST-MTM,22,42,0.5333675607194908,0.13352810088099626,0.3660899428733386,0.06426949182365528,True,False,0.24437299035369775,50.232812441578254,114.23691972791714,3.399117461573752,800.3376568614538
ST-MTM,22,32,0.06456044928555839,0.1362445375332604,0.36608994287331875,0.28103370244154136,True,True,0.3333333333333333,92.05556173314672,84.30830781887971,1.2858084779735748,302.749450722872
ST-MTM,23,47,1.2438378988520469,0.020784793911957897,0.36665285377148216,0.020784793911957897,True,True,0.07142857142857142,22.452578718475454,171.71312658072108,0.5143375758992192,83.93054079445956
ST-MTM,23,23,0.3828072437508992,0.041864201449756715,0.36665285377120116,0.5971397041440352,True,True,0.5540540540540541,94.80004899263255,48.86317974252465,1.506274329419071,245.79658375520302
ST-MTM,23,42,0.3262847770734324,0.20708278364605834,0.36665285377120066,0.2713522754697137,True,False,0.33429394812680113,65.56419345985488,104.71836670866676,3.600363031294364,587.513785561217
ST-MTM,23,48,0.9261591479542407,,,,False,True,,24.159279685817477,135.29837744032636,0.881721558684319,143.88092707621638
ST-MTM,23,32,0.11758181892675144,0.18214226821230983,0.36665285377110646,0.4631759706538512,True,True,0.04950495049504951,76.72566947995185,90.83548775116202,0.09184599569627494,14.987596570439209
ST-MTM,24,23,0.44937805801853764,0.06657081426763843,0.03825603115552578,0.6637105184116735,True,True,0.1951219512195122,96.69407079785353,42.76870383562901,0.2828758173080246,47.960309025405465
ST-MTM,24,49,0.08849563912602924,,,,False,False,,70.56146716261067,81.18094385773418,1.502777779448877,254.78914169746653
ST-MTM,24,50,0.814752265790849,,,,False,False,,36.580270059251106,134.350541954153,0.31823529447154897,53.95534765358115
ST-MTM,24,51,0.4917893597664395,,,,False,False,,58.29329903265798,117.30802220463072,0.017679738581762194,2.9975193140878416
ST-MTM,24,48,0.9712161714294821,0.04505702347524139,0.038256031155582515,0.045057023475241445,True,False,0.3137254901960784,27.662507987203742,144.2084485587416,0.3359150330532543,56.95286696766899
ST-MTM,24,42,0.16271687899977064,0.16356789807366176,0.03825603115553394,0.4349201735433754,True,True,0.22857142857142856,82.37674601626208,101.90277149623455,4.137058828129824,701.4195194965549
ST-MTM,25,52,1.1959410826884576,,,,False,True,,42.36409000413241,185.87701992674732,0.1644068765067459,26.977673826790575
ST-MTM,25,53,1.261443129871917,,,,False,True,,20.82714922576876,172.2003248103988,0.3836160451824071,62.947905595844674
ST-MTM,25,49,0.13958931594311205,0.0510936768170828,0.03270046131097848,0.0510936768170828,True,False,0.0425531914893617,77.06700967342023,93.81772758659368,0.2374765993986614,38.96775108314194
ST-MTM,25,50,0.5845331634586519,0.230219102332197,0.03270046131086124,0.23021910233219706,True,False,0.011976047904191617,55.98755732843431,126.13153694347255,2.7583820391689358,452.6254164272641
ST-MTM,25,48,0.9363860121363695,0.03483015929311251,0.03270046131100446,0.010226864182128873,True,False,0.38636363636363635,29.401289799796555,141.7676112561609,0.767232090364871,125.89581119168935
ST-MTM,25,42,0.11607801640184559,0.04663886259792503,0.03270046131092741,0.48155903614130047,True,True,0.5341880341880342,85.99646913455368,99.92583110277515,2.283428840371613,374.6899142609802
ST-MTM,26,53,1.336526053730412,0.07508292385849484,0.32772814275196,0.07508292385849487,True,True,0.27450980392156865,21.017398359574216,181.40052480722363,0.5791614163746317,131.89084981986502
ST-MTM,26,50,0.377797671246201,0.206735492212451,0.3277281427519871,0.436954594544648,True,False,0.2557544757033248,72.15773453794822,117.49345508749234,4.475338217440537,1019.1565667898661
ST-MTM,26,48,1.0032616512201298,0.06687563908376021,0.32772814275201717,0.07710250326588917,True,True,0.5185185185185185,30.290760938861048,150.68215908527662,1.0661835165078628,242.79906444111518
ST-MTM,26,42,0.027941630771651304,0.14401964717349688,0.3277281427519787,0.6255786833147974,True,True,0.288,93.80216082541288,90.44916513281473,0.4738593406701739,107.9106953071623
ST-MTM,27,53,1.34645728563745,0.009931231907038167,0.6951451832226387,0.08501415576553294,True,True,0.4098360655737705,23.915465261911468,185.49033953840546,1.1078831384868408,125.89581119168935
ST-MTM,27,54,0.6920097731577587,,,,False,False,,59.39554340739969,142.43671618633073,2.532304316541399,287.76185415243276
ST-MTM,27,50,0.22470844803336074,0.15308922321284027,0.6951451832226131,0.5900438177574883,True,True,0.24517906336088155,86.4386265923072,113.40364035631049,2.9543550359649657,335.72216317783824
ST-MTM,28,55,0.19065201766444695,,,,False,True,,19.039176783791405,41.91741890352504,0.06941623674730124,8.992557942263524
ST-MTM,28,56,0.26787771617283335,,,,False,True,,20.148532412563718,52.29385835330372,0.46277491164865125,59.950386281756835
ST-MTM,28,57,0.524246923578563,,,,False,True,,100.96082321620861,163.87045404563617,0.023138745582457432,2.9975193140878416
ST-MTM,28,58,0.5524397317847327,,,,False,False,,69.89886561058374,136.19163342475167,0.11569372791217347,14.987596570439209
ST-MTM,28,54,0.4595493503558081,0.23246042280195056,0.1310282624064041,0.23246042280195062,True,False,0.09743589743589744,74.98425595056212,130.13017799325908,2.730371978727021,353.70727906236533
ST-MTM,28,50,0.29028672100169783,0.06557827296833713,0.13102826240643806,0.5244655447891512,True,False,0.09821428571428571,90.87577204555119,125.71017856575493,0.25452620140674753,32.972712454966256
ST-MTM,28,59,0.4870234751784003,,,,False,True,,24.309870947641773,82.7526879690498,0.7867173498027,101.91565667898661
ST-MTM,28,60,0.38018019655530927,,,,False,True,,64.66131231940723,110.28293590604434,2.1519033391662106,278.7692962101693
ST-MTM,29,55,0.1923877437028544,0.0017357260384074516,0.5150273106197661,0.0017357260384074516,True,True,0.3333333333333333,19.608077106238746,42.694606350581275,0.12442533001873812,26.977673826790575
ST-MTM,29,58,0.22482647567087188,0.3276132561138609,0.5150273106197849,0.3276132561138609,True,False,0.02717391304347826,72.29937762334525,99.27855470384988,2.543806747049814,551.5435537921628
ST-MTM,29,54,0.3200037685489078,0.1395455818069003,0.5150273106196842,0.3720060046088509,True,True,0.16589861751152074,89.02655867420214,127.42701090007107,1.8663799502811145,404.6651074018586
ST-MTM,29,61,0.37964685734678305,,,,False,False,,97.26297112030089,142.82059400191486,0.08295022001249208,17.985115884527048
ST-MTM,29,60,0.7060827054259751,0.32590250887066574,0.5150273106196922,0.32590250887066574,True,True,0.6164383561643836,64.39206962225076,149.12199427336776,1.9769802436310897,428.64526191456133
ST-MTM,30,55,0.21939401051697097,0.027006266814116546,1.1112706855400596,0.028741992852523997,True,True,0.391304347826087,20.597468971364556,46.92475023340107,0.9660794732028393,68.94294422402035
ST-MTM,30,62,0.05039551053365242,,,,False,False,,68.10682959487463,74.15429085891292,0.16801382142656962,11.990077256351366
ST-MTM,30,58,0.09497245784463905,0.12985401782623285,1.11127068554014,0.45746727394009373,True,False,0.016304347826086956,70.24020580405215,81.63690074540884,0.12601036606994853,8.992557942263524
ST-MTM,30,63,0.723275838205561,,,,False,True,,20.745877751133428,107.53897833580073,0.5460449196363868,38.96775108314194
ST-MTM,30,64,0.6288441549013231,,,,False,False,,51.637165260024084,127.09846384818285,0.840069107132905,59.950386281756835
ST-MTM,30,61,0.5341208794145424,0.15447402206775937,1.1112706855400656,0.15447402206775937,True,True,0.13333333333333333,99.01030782496058,163.10481335470567,1.1760967499860726,83.93054079445956
ST-MTM,30,60,0.643820646824708,0.06226205860126702,1.1112706855400454,0.2636404502693987,True,True,0.35714285714285715,64.99080737419713,142.2492849931621,2.7722280535385835,197.83627472979754
ST-MTM,31,55,0.3276974540908219,0.10830344357385095,1.1442633686944021,0.13704543642637498,True,True,1.0,20.597468971364552,59.92116346226318,0.3076561405534335,68.94294422402035
ST-MTM,31,62,0.7128734845765478,0.6624779740428953,1.144263368694331,0.6624779740428953,True,True,0.022988505747126436,67.9940303930101,153.53884854219584,2.3274855850564222,521.5683606512845
ST-MTM,31,65,0.7017802883477804,,,,False,True,,90.72061741215646,174.9342520138901,0.040129061811342126,8.992557942263524
ST-MTM,31,66,0.5203127549236437,,,,False,False,,83.89381354278834,146.33134413362558,0.026752707874209136,5.995038628175683
ST-MTM,31,63,0.46988663196393804,0.25338920624162287,1.144263368694385,0.2533892062416229,True,True,0.1326530612244898,27.294036564608952,83.68043240028152,1.3108826858363898,293.7568927806085
ST-MTM,31,60,0.3354577792658792,0.3083628675588288,1.1442633686943877,0.044722417289430064,True,True,0.291005291005291,73.31802046987684,113.57295398178235,2.380991000804869,533.5584379076358
ST-MTM,31,61,0.2341723166782734,0.299948562736269,1.1442633686943595,0.14547454066850965,True,True,0.22857142857142856,95.15803992724571,123.25871792863852,0.20064530905659694,44.962789711317626
ST-MTM,32,55,0.2902543671096841,0.03744308698113782,0.6538453282123518,0.09960234944523716,True,True,0.625,22.334875203486344,57.165399256648435,0.20173178506202305,86.9280601085474
ST-MTM,32,62,0.6940010815135718,0.018872403062975943,0.6538453282123389,0.6436055709799194,True,True,0.7857142857142857,66.33432299321974,149.61445277484836,1.3982099585333572,602.5013821316561
ST-MTM,32,65,0.6730175791065549,0.028762709241225436,0.6538453282137425,0.028762709241225436,True,True,0.6666666666666666,91.57396789582747,172.33607738861406,0.013912536900818395,5.995038628175683
ST-MTM,32,67,0.48120787314716384,,,,False,False,,54.737672017362094,112.48261679502176,0.08347522140496721,35.970231769054095
ST-MTM,32,63,0.4849930600835942,0.01510642811965619,0.6538453282123442,0.23828277812196674,True,True,0.5811965811965812,23.609996615868322,81.80916382589963,0.6051953551860834,260.78418032564224
ST-MTM,32,60,0.39643984205092647,0.06098206278504724,0.6538453282123353,0.016259645495617172,True,True,0.2976588628762542,77.14977610829132,124.7225571544025,4.159848533348054,1792.5165498245292
ST-MTM,32,68,0.49740676124317756,,,,False,True,,26.494765220074985,86.18357656925629,0.13216910055788844,56.95286696766899
ST-MTM,33,55,0.1594777457584137,0.13077662135127038,0.42786604479735524,0.03117427190603325,True,True,0.1724137931034483,19.721857170728214,38.85918666173786,0.053353903648812206,14.987596570439209
ST-MTM,33,62,0.6378238584928437,0.05617722302072809,0.42786604479734347,0.5874283479591913,True,False,0.24749163879598662,69.56546356114956,146.1043265802908,1.8353742855191513,515.5733220231087
ST-MTM,33,69,0.486740961195247,,,,False,True,,19.039176783791405,77.44809212722105,0.032012342189290166,8.992557942263524
ST-MTM,33,63,0.5342952866178391,0.0493022265342448,0.4278660447973319,0.18898055158772184,True,True,0.15053763440860216,20.48987260603213,84.60530700017281,0.21341561459524883,59.950386281756835
ST-MTM,33,60,0.420438142512619,0.023998300461692542,0.4278660447973294,0.040257945957309714,True,True,0.6639344262295082,84.27035188570305,134.72292898721733,4.449715564310964,1249.96555397463
ST-MTM,33,68,0.5635893228563927,0.06618256161321522,0.4278660447964704,0.06618256161321519,True,True,0.05263157894736842,27.572681620501527,95.20340036326866,0.010670780729753915,2.9975193140878416
ST-MTM,34,55,0.1597820398258266,0.00030429406741288765,0.14796703329180794,0.030869977838620364,True,True,0.2,19.039176783791405,38.213021562890596,0.012372499983101193,2.9975193140878416
ST-MTM,34,70,0.09589066066718915,,,,False,True,,46.3463922612638,57.8532715413265,0.09897999986480954,23.980154512702732
ST-MTM,34,62,0.15597093952900115,0.4818529189638426,0.14796703329180172,0.10557542899534873,True,False,0.06976744186046512,73.93805789995987,92.65457064344001,0.1484699997972143,35.970231769054095
ST-MTM,34,71,0.09290263838224935,,,,False,False,,86.19414962920585,97.34246623507578,0.28456749961134165,68.94294422402035
ST-MTM,34,63,0.9071714597858132,0.3728761731679741,0.14796703329185856,0.18389562158025222,True,True,0.05865102639296188,31.501597337110027,140.3621725114076,4.21902249423772,1022.154086103954
ST-MTM,34,60,0.3908995451029616,0.029538597409657422,0.14796703329186411,0.010719348547652293,True,True,0.3231850117096019,86.15403914818725,133.06198456054264,1.8311299974990902,443.63285848500055
ST-MTM,35,70,0.10897309402680193,0.013082433359612781,0.6597630598510252,0.013082433359612781,True,True,0.030303030303030304,37.615960389860376,50.69273167307661,0.16630272043242655,77.93550216628388
ST-MTM,35,62,0.014012866469929008,0.16998380599893015,0.6597630598510604,0.06440837700358143,True,True,0.036585365853658534,85.05416206631665,83.37261808992517,2.0979727808397683,983.1863350208121
ST-MTM,35,72,0.10191416019756154,,,,False,True,,99.8477573679421,112.07745659164948,0.14711394499789776,68.94294422402035
ST-MTM,35,63,0.987874703292831,0.08070324350701773,0.659763059851125,0.26459886508727,True,True,0.583904109589041,37.56740303884008,156.11236743397978,3.7354149512512436,1750.5512794272995
ST-MTM,35,60,0.34012461157157076,0.05077493353139081,0.6597630598510994,0.04005558498373851,True,True,0.47297297297297297,92.93932866970107,133.75428205828956,0.4477380934719122,209.82635198614892
ST-MTM,36,70,0.337761863682568,0.22878876965576608,0.2524235369485748,0.24187120301537887,True,True,0.36619718309859156,39.39939818292794,79.9308218248361,0.5845349773539681,212.82387130023676
ST-MTM,36,73,0.41559853150784326,,,,False,True,,95.84072031418253,45.96889653324134,0.016465774009972733,5.995038628175683
ST-MTM,36,62,0.22018439456476813,0.20617152809483913,0.252423536948593,0.27057990509842056,True,False,0.22865853658536586,87.46650756775766,61.044380219985484,0.6174665253738993,224.81394855658812
ST-MTM,36,63,0.708456244084153,0.27941845920867797,0.2524235369486096,0.014819594121408031,True,True,0.7220670391061452,43.89021552243874,128.9049648125371,5.343143666235491,1945.390034843009
ST-MTM,36,60,0.46375883876886814,0.12363422719729739,0.2524235369478336,0.08357864221355887,True,True,0.05714285714285714,98.40077176519556,154.05183241745974,0.032931548019917045,11.990077256351366
ST-MTM,37,70,0.05357806926622117,0.28418379441634684,1.31058253938418,0.042312591400967985,True,True,0.5087719298245614,43.96377011873682,50.39313843068336,3.0835592203255544,302.749450722872
ST-MTM,37,73,0.31537404566884975,0.1002244858389935,1.3105825393840653,0.1002244858389935,True,True,0.14285714285714285,96.93788522175953,59.09299974149756,0.4274240503421538,41.96527039722978
ST-MTM,37,62,0.17298053636210006,0.04720385820266806,1.3105825393842059,0.2233760468957525,True,False,0.25333333333333335,88.29530551119673,67.53764114774472,0.5800754968929311,56.95286696766899
ST-MTM,37,74,1.0812655088333876,,,,False,True,,22.452578718475454,152.20443977848197,0.3053028931015547,29.975193140878417
ST-MTM,37,63,0.8347834742905105,0.12632723020635758,1.3105825393841866,0.1115076360849495,True,False,0.08782742681047766,38.65126684710764,138.8252837619689,1.740226490678765,170.85860090300696
ST-MTM,37,75,0.40434613884902515,,,,False,True,,74.67762831914143,123.19916498102445,0.4579543396523036,44.962789711317626
ST-MTM,38,70,0.0967165273438433,0.043138458077622135,0.5154660033224864,0.0008258666766541486,True,True,0.25742574257425743,41.68578577352212,53.291769054783316,1.3291325950839052,77.93550216628388
ST-MTM,38,76,0.2382254059712539,,,,False,True,,100.0126560121297,71.42560729557923,0.4600843598367419,26.977673826790575
ST-MTM,38,77,0.1670399397361822,,,,False,False,,95.84072031418253,75.79592754584067,0.05112048442629202,2.9975193140878416
ST-MTM,38,63,0.7045992002703865,0.13018427402012403,0.5154660033224888,0.01867663793517451,True,False,0.06172839506172839,49.524387165969635,134.07629119841602,1.4824940483628097,86.9280601085474
ST-MTM,38,74,1.0573362528563917,0.02392925597699606,0.5154660033224256,0.023929255976996088,True,True,0.3333333333333333,27.17445139478839,154.05480173755538,1.5336145327891018,89.92557942263525
ST-MTM,38,78,0.8283764051888852,,,,False,False,,44.689888381196546,144.09505700386276,1.7380964704943267,101.91565667898661
ST-MTM,39,79,0.22935010760341137,,,,False,True,,20.319202509297924,47.84121542170729,0.18977100693506088,11.990077256351366
ST-MTM,39,70,0.16513807648328113,0.06842154913943782,0.0746615287690103,0.06924741581609198,True,True,0.5151515151515151,43.07521540719157,62.891784585185306,1.138626041610351,71.94046353810819
ST-MTM,39,80,0.00640495062036995,,,,False,False,,94.56069458867603,95.32928866312042,0.18977100693504667,11.990077256351366
ST-MTM,39,78,0.6849350361284556,0.14344136906042954,0.07466152876900967,0.1434413690604296,True,False,0.12903225806451613,57.21158715194825,139.40379148736292,3.3684353730972703,212.82387130023676
ST-MTM,39,74,0.94160380755198,0.11573244530441146,0.07466152876901,0.1396617012814076,True,False,0.1,36.1535948174156,149.14605172365322,1.7079390624155053,107.9106953071623
ST-MTM,40,79,0.2289550378949758,0.000395069708435584,2.449567283342673,0.000395069708435584,True,True,0.4444444444444444,20.366610869501866,47.84121541689896,4.945906868244933,26.977673826790575
ST-MTM,40,81,0.6861098644309098,,,,False,False,,46.3463922612638,128.67957599297299,0.5495452075827529,2.9975193140878416
ST-MTM,40,82,0.6847955085246302,,,,False,False,,50.61314467961886,132.7886057025745,1.0990904151655627,5.995038628175683
ST-MTM,41,83,1.1545369397137777,,,,False,True,,21.298045711155858,159.84247847680916,0.9791023785754192,101.91565667898661
ST-MTM,41,84,0.10169458902807141,,,,False,False,,92.4273183794985,80.22396769612993,0.835116734667281,86.9280601085474
ST-MTM,41,85,0.37761417422107335,,,,False,False,,62.18457723819781,107.49827814472661,1.4398564390814954,149.8759657043921
ST-MTM,41,86,0.41233108304683636,,,,False,False,,64.87628847812006,114.35601844374042,0.2015799014714048,20.98263519861489
ST-MTM,41,81,0.638875479862739,0.047234384568170876,2.948815353766206,0.047234384568170876,True,False,0.009174311926605505,52.01451840968413,128.6795759932128,3.1388870371976623,326.72960523557475
ST-MTM,42,87,0.3236720114183857,,,,False,False,,39.91344246128233,78.75408383148861,0.7559881162514444,194.8387554157097
ST-MTM,42,84,0.07050392393834634,0.17219851296641775,0.9066373001735308,0.17219851296641775,True,False,0.0688836104513064,81.2141714064152,89.67464227901677,4.896476876028487,1261.9556312309812
ST-MTM,42,81,0.5185361341409861,0.12033934572175292,0.9066373001735328,0.16757373028992378,True,False,0.44954128440366975,57.00456564915479,119.22890174607312,0.5698987337895289,146.87844639030425
ST-MTM,42,88,1.081632098278774,,,,False,True,,21.0303279123571,150.82617970580998,0.2791340736928305,71.94046353810819
ST-MTM,42,89,0.9132602841267091,,,,False,True,,32.6927845225276,142.2840186177327,0.011630586403896359,2.9975193140878416
ST-MTM,42,90,0.7891280740617097,,,,False,True,,41.226289359237725,135.9216582466429,0.08141410482710398,20.98263519861489
ST-MTM,43,91,0.03289830831851663,,,,False,True,,57.00974706548337,53.06195006726137,1.0309297692638069,362.6998370046288
ST-MTM,43,92,0.009888094100290819,,,,False,False,,74.57260056730499,75.75917185933989,0.11076104959033728,38.96775108314194
ST-MTM,43,84,0.10997588036928138,0.03947195643093503,0.3112125698619705,0.2116704693973528,True,True,0.26268115942028986,89.15614152542624,102.35324716974,2.3515422836100015,827.3153306882442
ST-MTM,43,88,0.8127568459634502,0.2688752523153238,0.3112125698619628,0.2688752523153237,True,True,0.06593406593406594,40.616753299472705,138.14757481508673,3.1013093885291028,1091.0970303279744
ST-MTM,44,91,0.042594733937369726,0.07549304225588636,0.3257094680410221,0.07549304225588636,True,True,0.09042553191489362,40.08848871434303,45.1998567868274,0.5167365384733529,251.7916223833787
ST-MTM,44,92,0.07811907387687048,0.0880071679771613,0.32570946804112166,0.0880071679771613,True,True,0.035422343324250684,82.1731613413808,72.79887247615635,2.2576465430919086,1100.0895882702378
ST-MTM,44,84,0.15379294792780934,0.04381706755852797,0.3257094680410123,0.2554875369558808,True,True,0.3161512027491409,93.894762201886,112.34991595322312,0.6582239240077286,320.7345666073991
ST-MTM,44,88,0.797845580648847,0.014911265314603147,0.3257094680410167,0.28378651762992685,True,True,0.708171206225681,43.23182901735949,138.97329869522113,3.1619354854202584,1540.7249274411506
ST-MTM,45,91,0.03984871543631912,0.08244344937368885,0.1594507701765906,0.00695040711780249,True,True,0.711864406779661,41.00933584644001,36.227489994081715,0.85137419467965,353.70727906236533
ST-MTM,45,93,0.25515729621687105,,,,False,True,,93.2806688631695,62.66179331714497,0.10101049767385462,41.96527039722978
ST-MTM,45,92,0.09233462734822903,0.014215553471358552,0.15945077017660558,0.10222272144851985,True,True,0.19809069212410502,90.59419511827923,79.51403983649175,0.9740297989979183,404.6651074018586
ST-MTM,45,84,0.11219750397655032,0.04159544395125903,0.15945077017698317,0.21389209300462173,True,True,0.037383177570093455,98.40077176519557,111.86447224238161,0.02886014219254207,11.990077256351366
ST-MTM,45,94,0.16781632005486066,,,,False,False,,94.13401934684052,114.2719777534238,0.007215035548142623,2.9975193140878416
ST-MTM,45,88,0.7944139542176906,0.0034316264311563907,0.15945077017659567,0.2872181440610833,True,True,0.7253731343283583,46.38626845208952,141.7159429582124,4.632052821901141,1924.4073996443942
ST-MTM,46,91,0.024452376787095352,0.01539633864922377,1.0066895784774545,0.00844593153142128,True,True,0.7516339869281046,39.65612446928305,36.72183925483161,2.9616208791885867,449.62789711317623
ST-MTM,46,93,0.29777490177240173,0.04261760555553066,1.0066895784774517,0.04261760555553066,True,True,0.3333333333333333,94.47535954030892,58.74237132762071,0.19744139194590105,29.975193140878417
ST-MTM,46,95,0.2188117583042987,,,,False,False,,94.47535954030892,68.21794854379307,0.3948827838918021,59.950386281756835
ST-MTM,46,92,0.08929974714173702,0.0030348802064920004,1.0066895784774497,0.09918784124202785,True,True,0.06857142857142857,97.48177893662677,86.76580927961832,1.0266952381187195,155.87100433256776
ST-MTM,46,96,1.0673975157679056,,,,False,True,,23.30592920214646,151.39363109429516,0.7107890110052608,107.9106953071623
ST-MTM,46,88,0.7671669672847704,0.027246986932920218,1.006689578477434,0.3144651309940035,True,True,0.102803738317757,45.82921014994803,137.88924622412048,1.3031131868429497,197.83627472979754
ST-MTM,47,97,0.09443866461646049,,,,False,True,,40.37293887556671,51.70557862954197,0.02622084489460974,5.995038628175683
ST-MTM,47,92,0.09449082692927686,0.005191079787539839,0.40944917712305107,0.10437892102956768,True,True,0.10294117647058823,89.58986197249328,78.25096274098006,4.2346664504787555,968.1987384503728
ST-MTM,47,91,0.11138874041319256,0.1358411172002879,0.409449177122998,0.1442870487317092,True,False,0.08666666666666667,44.63969129392178,58.006340143504886,0.170435491814942,38.96775108314194
ST-MTM,47,98,0.7962880784119232,,,,False,False,,38.441671991469136,133.99624140089992,0.747294079496271,170.85860090300696
ST-MTM,47,96,1.0407593411666078,0.026638174601298057,0.40944917712308454,0.026638174601297967,True,True,0.5945945945945946,22.52678310835989,147.41790404835282,0.30153971628794807,68.94294422402035
ST-MTM,47,88,0.6012275226190453,0.1659394446657251,0.4094491771230228,0.48040457565972855,True,True,0.32456140350877194,56.94801709369427,129.0953198079797,1.1143859080207221,254.78914169746653
ST-MTM,48,91,0.16482379905824493,0.05343505864505236,0.35308999686094555,0.19772210737676155,True,True,0.13829787234042554,36.66903464856912,56.44789053555851,0.8657639583147585,281.7668155242571
ST-MTM,48,99,0.227089102303253,,,,False,True,,19.039176783791405,46.289869060181765,0.027630764627062376,8.992557942263524
ST-MTM,48,92,0.036975082713165124,0.05751574421611174,0.35308999686090053,0.04686317681345595,True,True,0.7392550143266475,90.84681713157258,86.40980720599276,2.615712384695655,851.295485200947
ST-MTM,48,96,0.949876264767844,0.09088307639876382,0.3530899968608874,0.11752125100006174,True,True,0.22580645161290322,26.44738427939689,140.43253605153816,0.8381331936876677,272.7742575819936
ST-MTM,48,88,0.57282382054264,0.028403702076405322,0.3530899968608887,0.5088082777361339,True,True,0.3483606557377049,60.74143566614041,129.4802941312572,2.247302189668119,731.3947126374334
ST-MTM,49,91,0.09436951032593435,0.07045428873231056,0.18848576796292127,0.127267818644451,True,True,0.4909090909090909,36.08180501482104,47.406146253933166,0.7784451507074692,209.82635198614892
ST-MTM,49,92,0.15193572332794608,0.11496064061478097,0.18848576796291272,0.1618238174282369,True,True,0.8925081433224755,90.53673043924425,72.30444363989072,3.3028315680016647,890.263236284089
ST-MTM,49,96,1.0228832466832776,0.07300698191543367,0.18848576796295613,0.04451426908462809,True,True,0.2863247863247863,31.953214103346042,154.69920370533936,2.335335452122422,629.4790559584467
ST-MTM,49,100,0.2438822470348074,,,,False,False,,85.60051451013038,114.86638415430727,0.011120645010095132,2.9975193140878416
ST-MTM,49,101,0.2739272646486158,,,,False,False,,83.89381354278834,116.76508530062223,0.011120645010095132,2.9975193140878416
ST-MTM,49,88,0.6814511360259661,0.10862731548332612,0.18848576796296612,0.40018096225280786,True,True,0.028688524590163935,56.58659806531596,138.3607343884319,0.07784451507075119,20.98263519861489
ST-MTM,49,102,0.4977573502141637,,,,False,True,,70.24020580405214,129.97108782975178,0.07784451507075119,20.98263519861489
ST-MTM,50,92,0.15789675579562376,0.005961032467677659,0.07527612077121681,0.16778484989591458,True,True,0.7171717171717171,93.1083962303158,74.16078553484095,2.55388645560285,638.4716139007103
ST-MTM,50,103,1.3146907295642782,,,,False,True,,20.745877751133428,178.5087652988468,0.09592061805079766,23.980154512702732
ST-MTM,50,104,0.08189656615353738,,,,False,True,,100.27814282927179,110.10573076769627,0.11990077256351128,29.975193140878417
ST-MTM,50,96,0.8649107392031328,0.1579725074801449,0.07527612077120371,0.20248677656477293,True,True,0.20227272727272727,49.05357310601321,152.84286181038914,3.8248346447761037,956.2086611940215
ST-MTM,51,105,0.32070528897485834,,,,False,True,,36.863244473853634,75.34787915083663,1.7991480044429693,770.3624637205753
ST-MTM,51,92,0.07973423232473813,0.23763098812036187,0.5380869963498512,0.06984613822444731,True,True,0.48409090909090907,84.80146814814768,94.36957602711625,3.080253392820623,1318.9084981986502
ST-MTM,51,103,1.10677263578627,0.20791809377800835,0.5380869963496915,0.20791809377800827,True,True,0.05228758169934641,30.472957774154654,163.28567406850703,1.071088111594463,458.6204550554398
ST-MTM,51,96,0.7254955463132885,0.13941519288984416,0.5380869963498298,0.3419019694546172,True,True,0.2530487804878049,60.79769719125769,147.85716274885232,0.6440529821352357,275.7717768960814
ST-MTM,52,106,0.2905394150917715,,,,False,True,,32.6927845225276,67.55751433354018,0.012466053858219084,8.992557942263524
ST-MTM,52,107,0.2814529164620481,,,,False,True,,37.81288742455368,71.58723739999945,0.004155351286073028,2.9975193140878416
ST-MTM,52,105,0.30270173970269,0.018003549272168348,0.5215954459507168,0.018003549272168348,True,False,0.019455252918287938,42.93299032657975,79.25719909090255,0.020776756430336718,14.987596570439209
ST-MTM,52,92,0.1798487429376164,0.10011451061287827,0.521595445950051,0.1699606488373256,True,True,0.7659090909090909,86.28927217054135,107.87112132305532,1.4003533834056157,1010.1640088476026
ST-MTM,52,108,0.4214514681144615,,,,False,False,,64.03402046826297,114.60819664199835,0.045708864146774886,32.972712454966256
ST-MTM,52,103,0.7495492925218661,0.3572233432644038,0.5215954459500589,0.565141437042412,True,True,0.12439024390243902,55.928893790096346,145.87480889272027,5.111082081866243,3686.948756328045
ST-MTM,53,109,0.2614950446472761,,,,False,True,,20.745877751133428,52.125283108806556,0.06320647754945696,8.992557942263524
ST-MTM,53,110,0.15326090291622657,,,,False,True,,60.487628847812026,78.87893719775921,0.44244534284618453,62.947905595844674
ST-MTM,53,92,0.0610000903254767,0.1188486526121397,1.6233975299862622,0.051111996225185884,True,True,0.7893175074183977,89.52079379977688,96.84080463883409,5.604307676051775,797.3401375473659
ST-MTM,53,108,0.407673823321114,0.013777644793347517,1.6233975299862193,0.013777644793347517,True,False,0.2,60.731443271718014,109.6523020702517,0.14748178094873765,20.98263519861489
ST-MTM,53,111,0.8745639616088459,,,,False,True,,54.0265466143029,158.9742220073644,0.1264129550988855,17.985115884527048
ST-MTM,53,103,0.7876850496374459,0.03813575711557989,1.6233975299862209,0.5270056799268322,True,True,0.008130081300813009,67.33881415957072,161.86102011606422,0.2106882584981804,29.975193140878417
ST-MTM,54,109,0.234632018524255,0.02686302612302107,0.35411577205215705,0.02686302612302107,True,True,1.0,20.745877751133428,48.90171997404403,0.04435790866327949,8.992557942263524
ST-MTM,54,110,0.12374358248162759,0.029517320434598975,0.35411574344898655,0.029517320434598975,True,True,0.42857142857142855,60.696612639731455,75.54584253752677,0.7245125288902301,146.87844639030425
ST-MTM,54,92,0.09429800617609582,0.03329791585061912,0.35411550838757,0.084409912075805,True,True,0.5939849624060151,93.66953743800691,104.98529817913841,2.3361838055682114,473.60805162587894
ST-MTM,54,112,0.3109207308677358,,,,False,False,,52.03539548573722,89.34588318986552,0.17743158865614816,35.970231769054095
ST-MTM,54,113,0.15244475263953253,,,,False,False,,66.82680386936809,85.120174186112,0.029571935773120117,5.995038628175683
ST-MTM,54,114,0.19051679087012527,,,,False,False,,65.12010290202608,87.98211780644111,0.014785972390370716,2.9975193140878416
ST-MTM,54,115,0.2225683095771238,,,,False,False,,62.56005145101304,89.2682486002679,0.029571944739259948,5.995038628175683
ST-MTM,54,116,0.9776535790451522,,,,False,True,,29.90872856955092,147.22715805496918,2.365754682047168,479.6030902540547
ST-MTM,54,111,0.8328869820005332,0.04167697960831258,0.3541157157121764,0.04167697960831258,True,True,0.5,57.43994854898696,157.38638638905095,0.08871582232478659,17.985115884527048
ST-MTM,54,117,0.6580185089755428,,,,False,True,,90.36639645667039,169.32861753373552,0.783656301940681,158.8685236466556
ST-MTM,55,109,0.518518187095057,0.283886168570802,0.3164937802625134,0.25702314244778096,True,True,0.2727272727272727,21.211341651317618,83.43352410272446,0.2231998996951461,32.972712454966256
ST-MTM,55,110,0.1944496429463489,0.07070606046472132,0.31649375165942173,0.04118874003012234,True,True,0.3220338983050847,51.75360373723527,75.08756089079714,2.1711262970347036,320.7345666073991
ST-MTM,55,92,0.2809645291095999,0.37526253528569575,0.316493516597985,0.29085262320989075,True,True,0.6833333333333333,90.88540233314124,57.16965883998925,2.942180495981603,434.640300542737
ST-MTM,55,118,0.9630396361544206,,,,False,True,,22.00344688496439,137.56820322349486,0.38552709947344965,56.95286696766899
ST-MTM,55,116,0.8772524510565199,0.10040112798863227,0.3164939690652988,0.1004011279886323,True,True,0.11666666666666667,43.76552738381976,149.03582151060215,0.8319268988637418,122.89829187760151
ST-MTM,55,117,0.6762883180204232,0.018269809044880365,0.31649388801857814,0.018269809044880365,True,True,0.03773584905660377,100.10747273253759,181.26207089498837,0.04058179994456168,5.995038628175683
ST-MTM,56,109,0.22121194298216124,0.2973062441128958,0.12086470219385594,0.040283101665114826,True,True,0.9166666666666666,21.457003154192606,48.002436312051955,0.2747726037913907,35.970231769054095
ST-MTM,56,119,0.16021946028518208,,,,False,True,,43.01056764327711,62.23690287749896,0.5037497736175425,65.94542490993251
ST-MTM,56,110,0.1134941913612483,0.0809554515851006,0.12086470219380319,0.03976671155497827,True,True,0.2336448598130841,59.86346392261264,73.48276688596243,0.5724429245653937,74.93798285219604
ST-MTM,56,92,0.003425239662885223,0.2843897687724851,0.12086470219378974,0.006462854437405597,True,True,0.9060402684563759,90.92935062398969,91.34037938353592,3.182782660583541,416.65518465821
ST-MTM,56,120,0.0917068547940552,,,,False,True,,100.96082321620861,111.96564579149523,0.06869315094783701,8.992557942263524
ST-MTM,56,121,0.9937806327892728,,,,False,False,,37.91955623501256,157.17323216972528,0.36636347172185424,47.960309025405465
ST-MTM,56,116,0.7496158535866083,0.12763659746991157,0.12086470219380441,0.22803772545854387,True,True,0.10891089108910891,61.947081385277514,151.90098381567051,1.625737905765675,212.82387130023676
ST-MTM,57,109,0.14284317707643177,0.07836876590572948,1.027881797282713,0.11865186757084431,True,True,0.6666666666666666,21.812565855722195,38.953747104894006,0.06553582599744345,23.980154512702732
ST-MTM,57,110,0.03902051558490669,0.0744736757763416,1.0278817972826393,0.11424038733131987,True,True,0.1360544217687075,67.72823043662623,72.41069230681504,1.1632609114546995,425.6477426004735
ST-MTM,57,92,0.08941000134006766,0.09283524100295289,1.0278817972826049,0.09929809544035847,True,True,0.4676258992805755,94.55413035418626,83.82493019337814,0.5324785862292742,194.8387554157097
ST-MTM,57,120,0.3751106942921488,0.28340383949809367,1.0278817972838588,0.28340383949809367,True,True,0.3333333333333333,100.96082321620861,145.97410653126647,0.008191978249669774,2.9975193140878416
ST-MTM,57,122,0.8074709548721432,,,,False,True,,25.66519230406044,122.56170688871762,0.1392636302445851,50.957828339493304
ST-MTM,57,116,0.5662502412576819,0.1833656123289265,1.027881797282598,0.41140333778747035,True,True,0.12412587412587413,67.5787070927426,135.52873604366442,4.685811558817591,1714.5810476582453
ST-MTM,58,109,0.1202277873456599,0.022615389730771856,1.0418680392574613,0.14126725730161616,True,True,0.25,19.892527267462416,34.319861748941605,0.04644044007741854,5.995038628175683
ST-MTM,58,110,0.05906990701804027,0.09809042260294695,1.0418680392573663,0.21233080993426684,True,True,0.30985915492957744,72.25721603818361,65.16882719601878,1.0216896817031795,131.89084981986502
ST-MTM,58,123,0.09110764952430289,,,,False,False,,66.25790354692076,77.1908214898371,0.0696606601161136,8.992557942263524
ST-MTM,58,124,0.2849525106197733,,,,False,False,,50.119801431246586,84.31410270561938,2.9721881649547015,383.6824722032437
ST-MTM,58,125,0.4082118388762684,,,,False,False,,59.634278364141,108.6196990292932,0.6501661610838312,83.93054079445956
ST-MTM,58,126,0.6475824891240839,,,,False,True,,55.48226214527112,133.1921608401612,0.3947437406580434,50.957828339493304
ST-MTM,58,116,0.48383534146343476,0.08241489979424704,1.0418680392573594,0.4938182375817174,True,True,0.10839160839160839,89.34424566429999,147.40448663991216,1.4396536423999464,185.84619747344618
RA-MTM,0,0,0.015891147333318402,,,,False,True,,19.892527267462416,17.985589587464208,0.02497932761739868,5.995038628175683
RA-MTM,0,1,0.015891147333318402,,,,False,True,,63.767622890170095,61.86068521017189,0.661952181861065,158.8685236466556
RA-MTM,0,2,0.015891147333318402,,,,False,True,,100.39192289376126,102.29886057375947,0.03746899142609802,8.992557942263524
RA-MTM,0,3,0.015891147333318402,,,,False,False,,68.53350483671012,70.44044251670833,0.27477260379138546,65.94542490993251
RA-MTM,0,4,0.006879564114518052,,,,False,True,,100.96082321620861,101.78637090995078,0.01248966380869934,2.9975193140878416
RA-MTM,0,5,0.0030447472863762036,,,,False,True,,20.56622501772901,20.931594692094155,0.23730361236528744,56.95286696766899
RA-MTM,0,6,0.015891147333318402,,,,False,True,,65.71824576441232,67.62518344441052,5.345576110123318,1282.9382664295963
RA-MTM,1,1,0.02735293902762225,0.011461791694303851,0.0,0.011461791694303851,True,False,0.034482758620689655,72.67835004311218,69.3959973597975,0.08742764666089538,20.98263519861489
RA-MTM,1,7,0.02735293902762225,,,,False,False,,77.39209557196158,80.67444825527625,0.26228293998268615,62.947905595844674
RA-MTM,1,6,0.016046014909952434,0.0001548675766340324,0.0,0.0001548675766340324,True,False,0.48214285714285715,69.37239175286133,71.29791354205562,2.9475606588530443,707.4145581247307
RA-MTM,1,8,0.022812623189198137,,,,False,False,,32.6927845225276,29.955269739823827,0.01248966380869934,2.9975193140878416
RA-MTM,1,5,0.019921486920096352,0.022966234206472553,1.1102230246251565e-16,0.022966234206472553,True,True,0.2972972972972973,23.570762110871947,21.180183680460384,0.3622002504522808,86.9280601085474
RA-MTM,1,9,0.003963096366191129,,,,False,True,,79.62706112443328,80.10263268837622,0.02497932761739868,5.995038628175683
RA-MTM,2,10,0.04103320116221679,,,,False,False,,66.33917502155607,71.26315916102209,0.43713823330447693,104.91317599307446
RA-MTM,2,11,0.024923576697717446,,,,False,True,,91.75614384177972,94.74697304550581,1.1115800789742414,266.7792189538179
RA-MTM,2,12,0.03939219490287028,,,,False,False,,68.93508153490824,73.66214492325267,0.21232428474788875,50.957828339493304
RA-MTM,2,5,0.019791078462389353,0.0001304084577069986,0.0,0.022835825748765557,True,True,0.15436241610738255,30.950278639786788,28.575349224300066,1.7860219246440054,428.64526191456133
RA-MTM,2,6,0.049737173642693006,0.06578318855264544,0.0,0.0656283209760114,True,True,0.06007067137809187,75.4669775165371,69.49851667941394,0.7993384837567578,191.84123610162186
RA-MTM,3,11,0.008333333333333333,0.016590243364384114,0.0,0.016590243364384114,True,True,0.06167846309403438,70.64157356536256,71.64157356536256,12.002566920160065,2880.6160608384157
RA-MTM,3,13,0.008333333333333333,,,,False,True,,100.39192289376126,101.39192289376126,0.03746899142609802,8.992557942263524
RA-MTM,3,5,0.008333333333333333,0.011457745129056018,0.0,0.011378080619709538,True,True,0.2803921568627451,53.12299904335713,52.12299904335713,6.369728542436663,1528.7348501847991
RA-MTM,4,14,0.01430199147171667,,,,False,True,,51.46649516328988,53.18273413989588,0.02497932761739868,5.995038628175683
RA-MTM,4,11,0.020388846950218684,0.012055513616885349,0.0,0.004534729747498763,True,False,0.13111342351716962,62.97995406996232,65.42661570398856,1.5736976398961169,377.68743357506804
RA-MTM,4,15,0.046646102861095544,,,,False,False,,92.67113280340452,87.07360046007305,0.43713823330447693,104.91317599307446
RA-MTM,4,16,0.06331276952776234,,,,False,False,,80.24147347267643,87.83900581600791,0.624483190434967,149.8759657043921
RA-MTM,4,5,0.06331276952776234,0.054979436194429,1.1796119636642288e-16,0.06635751681413854,True,True,0.8766355140186916,54.48949788884508,46.8919655455136,6.169893921497474,1480.7745411593937
RA-MTM,5,11,0.021398957644996486,0.001010110694777803,2.220446049250313e-16,0.00352461905272096,True,False,0.3763440860215054,69.01640859878752,71.5842835161871,3.2223332626444297,773.3599830346632
RA-MTM,5,16,0.01222882941623086,0.07554159894399319,0.0,0.07554159894399319,True,False,0.03333333333333333,70.80910612649949,69.34164659655178,0.14987596570439207,35.970231769054095
RA-MTM,5,5,0.021398957644996486,0.04191381188276585,0.0,0.02444370493137269,True,True,0.06680161943319839,27.365808775975225,24.797933858575647,0.4121589056870782,98.91813736489877
RA-MTM,5,17,0.021398957644996486,,,,False,True,,44.90226067351285,42.33438575611327,0.32473125902618283,77.93550216628388
RA-MTM,6,18,0.0791666820187599,,,,False,True,,21.233506598945436,11.733504756694249,0.08742764666089538,20.98263519861489
RA-MTM,6,19,0.0791666820187599,,,,False,True,,39.55590117843489,30.0558993361837,0.5870141990088689,140.88340776212854
RA-MTM,6,11,0.03230151702676073,0.01090255938176424,0.0,0.007377940329043279,True,True,0.2578740157480315,80.77606059457293,84.65224263778421,4.758561911114448,1142.0548586674677
RA-MTM,6,5,0.07410905958743813,0.09550801723243461,0.0,0.07106431230106193,True,True,0.16279069767441862,23.255732114871698,32.148819265364274,0.21232428474788875,50.957828339493304
RA-MTM,6,20,0.07246596675367407,,,,False,False,,40.53438356166664,49.230299572107526,0.46211756092187556,110.90821462125014
RA-MTM,7,18,0.008333333333333333,0.07083334868542655,2.220446049250313e-16,0.07083334868542655,True,True,0.35,23.561934347247767,22.561934347247767,0.2497932761739868,59.950386281756835
RA-MTM,7,19,0.008333333333333333,0.07083334868542655,0.0,0.07083334868542655,True,True,0.02127659574468085,36.10618645721165,35.10618645721165,0.01248966380869934,2.9975193140878416
RA-MTM,7,11,0.008333333333333333,0.023968183693427392,0.0,0.016590243364384114,True,False,0.0026246719160104987,94.13401934684052,95.13401934684052,0.01248966380869934,2.9975193140878416
RA-MTM,7,21,0.008333333333333333,,,,False,False,,92.42731837949847,93.42731837949847,0.01248966380869934,2.9975193140878416
RA-MTM,7,20,0.008333333333333333,0.06413263342034074,0.0,0.06413263342034074,True,False,0.6041666666666666,39.39158581934505,40.39158581934505,0.4995865523479736,119.90077256351367
RA-MTM,7,22,0.008333333333333333,,,,False,True,,55.73324758164494,56.73324758164494,0.02497932761739868,5.995038628175683
RA-MTM,8,18,0.012800112974090687,0.004466779640757353,0.0,0.06636656904466921,True,True,0.3783783783783784,20.690822881219173,19.15480932432829,0.38717957806967956,92.92309873672309
RA-MTM,8,23,0.012800112974090656,,,,False,True,,66.8268038693681,68.36281742625899,0.03746899142609802,8.992557942263524
RA-MTM,8,24,0.012800112974090656,,,,False,True,,98.92903635032523,100.46504990721611,0.26228293998268615,62.947905595844674
RA-MTM,8,21,0.01038813594563687,0.0020548026123035374,0.0,0.0020548026123035374,True,True,0.02127659574468085,97.6200468546029,98.86662316807933,0.5870141990088689,140.88340776212854
RA-MTM,8,25,0.003008496409046805,,,,False,True,,20.271794149093978,20.632813718179595,0.22481394855658812,53.95534765358115
RA-MTM,8,20,0.012800112974090656,0.02113344630742399,0.0,0.08526607972776473,True,True,0.13793103448275862,47.64701610189344,46.11100254500256,3.622002504522808,869.280601085474
RA-MTM,9,23,0.01250928598092571,0.00029082699316494617,0.0,0.00029082699316494617,True,True,0.125,62.56005145101304,64.06116576872412,0.29975193140878414,71.94046353810819
RA-MTM,9,18,0.01250928598092571,0.00029082699316497577,0.0,0.06665739603783419,True,True,0.3563218390804598,22.72722025345004,21.226105935738953,1.0866007513568428,260.78418032564224
RA-MTM,9,24,0.01250928598092571,0.00029082699316494617,0.0,0.00029082699316494617,True,True,0.22105263157894736,95.69699812745895,97.19811244517004,1.1865180618264373,284.76433483834495
RA-MTM,9,21,0.01250928598092571,0.0021211500352888396,2.220446049250313e-16,0.004175952647592377,True,True,0.2127659574468085,100.27814282927179,101.77925714698287,0.1248966380869934,29.975193140878417
RA-MTM,9,26,0.01250928598092571,,,,False,True,,34.70066801351822,33.19955369580713,1.69859427798311,407.66262671594643
RA-MTM,9,20,0.01250928598092571,0.00029082699316494617,2.220446049250313e-16,0.08497525273459978,True,True,0.296551724137931,62.71881433169598,61.217700013984896,1.0741110875481432,257.7866610115544
RA-MTM,10,18,0.07056046748497487,0.08306975346590058,0.0,0.14972714950373475,True,True,0.6666666666666666,21.275543568584403,29.742799666781387,0.7244005009045617,173.8561202170948
RA-MTM,10,27,0.0872271341516415,,,,False,True,,39.5195883918957,29.052332293698722,0.03746899142609802,8.992557942263524
RA-MTM,10,23,0.057455943699723316,0.044946657718797606,1.1102230246251565e-16,0.04465583072563266,True,True,0.5454545454545454,60.58182987523025,67.47654311919705,0.5495452075827709,131.89084981986502
RA-MTM,10,24,0.03729710503898195,0.024787819058056233,1.942890293094024e-16,0.02449699206489129,True,True,0.7068965517241379,93.3552334685388,97.83088607321663,1.286435372296032,308.74448935104766
RA-MTM,10,26,0.06751221407368391,0.08002150005460962,0.0,0.08002150005460962,True,True,0.05555555555555555,22.79391891194386,30.895384600785928,0.43713823330447693,104.91317599307446
RA-MTM,10,20,0.0010492255968249727,0.011460060384100738,0.0,0.07351519235049905,True,True,0.2356164383561644,60.03273125142846,59.90682417980946,4.558727290175259,1094.0945496420622
RA-MTM,11,18,0.05455121096225552,0.1251116784472304,0.0,0.024615471056504374,True,True,0.3448275862068966,20.66054270276633,14.11439738729567,0.2497932761739868,59.950386281756835
RA-MTM,11,23,0.07948844740208898,0.02203250370236566,0.0,0.06668833442799832,True,True,0.6027397260273972,61.58980364081174,71.12841732906242,0.9117454580350518,218.81890992841244
RA-MTM,11,24,0.06899787028947356,0.03170076525049161,1.3877787807814457e-16,0.0561977573153829,True,True,0.8252427184466019,94.41512303557923,102.69486747031605,1.061621423739444,254.78914169746653
RA-MTM,11,28,0.012078541907112121,,,,False,True,,100.448812926006,101.89823795485945,0.1248966380869934,29.975193140878417
RA-MTM,11,29,0.011122891415904472,,,,False,False,,34.399485489869626,33.06473851996109,0.02497932761739868,5.995038628175683
RA-MTM,11,20,0.011830545446596237,0.010781319849771265,0.0,0.08429651220027032,True,False,0.11421319796954314,43.48651496463662,42.06684951104507,0.9242351218437511,221.81642924250028
RA-MTM,11,30,0.005631420530116612,,,,False,True,,20.176977428686087,19.501206965072093,0.07493798285219604,17.985115884527048
RA-MTM,11,31,0.03358424384038798,,,,False,True,,68.53350483671012,64.50339557586356,0.03746899142609802,8.992557942263524
RA-MTM,11,32,0.06282178073542219,,,,False,True,,77.92036015709127,70.3817464688406,0.07493798285219604,17.985115884527048
RA-MTM,12,24,0.058918600099476255,0.010079270189997302,0.0,0.0461184871253856,True,True,0.10588235294117647,91.09988429378802,98.17011630572517,0.11240697427829406,26.977673826790575
RA-MTM,12,23,0.07518234538211672,0.004306102019972257,0.0,0.06238223240802607,True,True,0.6293103448275862,61.588997452352956,70.61087889820696,1.4488010018091233,347.7122404341896
RA-MTM,12,28,0.04159625102975326,0.02951770912264114,0.0,0.02951770912264114,True,True,0.3333333333333333,98.57144186192978,103.56299198550018,0.3746899142609802,89.92557942263525
RA-MTM,12,33,0.06014912860310275,,,,False,False,,60.0,52.78210456762767,0.04995865523479736,11.990077256351366
RA-MTM,12,30,0.03958246342799017,0.033951042897873554,0.0,0.033951042897873554,True,False,0.03571428571428571,28.09211234969258,23.34221673833376,0.2872622676000848,68.94294422402035
RA-MTM,12,32,0.07518234538211672,0.012360564646694527,0.0,0.012360564646694527,True,True,0.03488372093023256,76.23350454983462,67.21162310398061,2.1482221750962864,515.5733220231087
RA-MTM,13,24,0.0956270520115261,0.03670845191204985,0.0,0.08282693903743545,True,True,0.2647058823529412,93.48145721226855,104.95670345365168,0.4246485694957775,101.91565667898661
RA-MTM,13,23,0.13197448501347034,0.05679213963135362,0.0,0.11917437203937968,True,True,0.6896551724137931,63.754742128152465,79.5916803297689,0.9991731046959472,239.80154512702734
RA-MTM,13,34,0.24339234686231023,,,,False,True,,43.29547548778512,72.50255711126235,1.4113320103830254,338.7196824919261
RA-MTM,13,30,0.06000738986039176,0.02042492643240159,2.220446049250313e-16,0.054375969330275144,True,True,0.21904761904761905,31.76628971168478,24.56540292843777,1.3114146999134306,314.73952797922334
RA-MTM,13,35,0.24431119949538632,,,,False,True,,100.96082321620861,71.64347927676225,0.02497932761739868,5.995038628175683
RA-MTM,13,32,0.16376730098538678,0.08858495560327005,0.0,0.10094552024996457,True,True,0.10465116279069768,90.72061741215646,71.06854129391004,0.22481394855658812,53.95534765358115
RA-MTM,14,34,0.2484899097428477,0.00509756288053745,0.0,0.00509756288053745,True,True,0.4354066985645933,37.56646535975027,67.38525452889199,2.335567132226777,560.5361117344264
RA-MTM,14,23,0.11759609746840229,0.014378387545068054,0.0,0.10479598449431163,True,True,0.35185185185185186,69.9557556428285,84.06728733903678,0.8243178113741564,197.83627472979754
RA-MTM,14,24,0.08534372727121185,0.010283324740314253,0.0,0.0725436142971212,True,True,0.5,94.96227128687417,105.20351855941959,0.849297138991555,203.83131335797322
RA-MTM,14,32,0.13049011114907677,0.03327718983630999,0.0,0.06766833041365458,True,True,0.075,74.34551353630722,58.68670019841801,1.3863526827656267,332.72464386375043
RA-MTM,14,30,0.06215979712821055,0.002152407267818794,0.0,0.05652837659809394,True,True,0.08620689655172414,22.04622134529878,14.587045689913513,0.26228293998268615,62.947905595844674
RA-MTM,14,36,0.2605139217954177,,,,False,True,,97.54742128152455,66.28575066607442,0.0624483190434967,14.987596570439209
RA-MTM,15,34,0.00591044798328794,0.2544003577261356,0.0,0.2493027948455982,True,True,0.7622950819672131,35.74096649712198,35.03171273912743,3.0349883055139397,728.3971933233455
RA-MTM,15,24,0.008333333333333333,0.07701039393787852,0.0,0.004466779640757324,True,True,0.10294117647058823,91.93968953168647,92.93968953168647,0.08742764666089538,20.98263519861489
RA-MTM,15,23,0.008333333333333333,0.10926276413506895,0.0,0.004466779640757324,True,True,0.5083333333333333,73.16385876549887,74.16385876549887,1.436311338000424,344.7147211201018
RA-MTM,15,32,0.008333333333333333,0.12215677781574345,0.0,0.054488447402088865,True,True,0.09203980099502487,66.88765639142092,65.88765639142092,15.062534553291405,3615.008292789937
RA-MTM,16,34,0.037673494632375855,0.03176304664908791,0.0,0.2810658414946861,True,True,0.6619318181818182,35.09314465495893,30.572325299073825,4.271465022575174,1025.1516054180418
RA-MTM,16,23,0.042905792215922625,0.034572458882589294,0.0,0.03010567924183197,True,True,0.33043478260869563,76.34839873980258,81.49709380571329,0.4746072247305749,113.90573393533798
RA-MTM,16,24,0.042905792215922625,0.034572458882589294,0.0,0.03010567924183197,True,True,0.5,90.35489577629745,95.50359084220817,0.17485529332179076,41.96527039722978
RA-MTM,16,37,0.042905792215922625,,,,False,True,,97.54742128152455,102.69611634743526,0.22481394855658812,53.95534765358115
RA-MTM,16,38,0.027273379387433808,,,,False,False,,43.60082983553968,40.32802430904762,0.2872622676000848,68.94294422402035
RA-MTM,16,32,0.042905792215922625,0.034572458882589294,0.0,0.019915988519499567,True,True,0.21807628524046435,83.20594167001937,78.05724660410866,3.284781581687926,788.3475796051023
RA-MTM,17,34,0.008333333333333333,0.02934016129904252,0.0,0.25172568019564356,True,True,0.6686046511627907,33.51670912745134,32.51670912745134,2.8976020036182466,695.4244808683792
RA-MTM,17,23,0.008333333333333333,0.034572458882589294,0.0,0.004466779640757324,True,True,0.11734693877551021,90.06056731428939,91.06056731428939,2.2606291493745805,542.5509958498993
RA-MTM,17,39,0.008333333333333333,,,,False,True,,19.039176783791405,18.039176783791405,0.03746899142609802,8.992557942263524
RA-MTM,17,40,0.008333333333333333,,,,False,False,,73.5814936133555,72.5814936133555,1.7735322608353064,425.6477426004735
RA-MTM,17,32,0.008333333333333333,0.034572458882589294,0.0,0.054488447402088865,True,True,0.33079847908745247,84.28615859275205,83.28615859275205,1.0866007513568428,260.78418032564224
RA-MTM,18,34,0.07938826551809716,0.07105493218476383,0.0,0.32278061238040745,True,True,0.6120689655172413,31.070216701462996,21.543624839291336,1.7735322608353064,425.6477426004735
RA-MTM,18,41,0.15426169585460744,,,,False,True,,61.19469067713942,79.70609417969231,0.1248966380869934,29.975193140878417
RA-MTM,18,23,0.09232418289630928,0.10065751622964261,0.0,0.10512429587039994,True,True,0.35359116022099446,90.05393734678849,78.97503539923137,0.7993384837567578,191.84123610162186
RA-MTM,18,42,0.007518847420128013,,,,False,True,,23.614083543472113,22.71182185305675,0.8992557942263525,215.8213906143246
RA-MTM,18,40,0.13759502918794092,0.1292616958546076,0.0,0.1292616958546076,True,True,0.013636363636363636,94.13401934684056,77.62261584428765,1.0116627685046466,242.79906444111518
RA-MTM,18,32,0.09291188468672343,0.0845785513533901,1.1102230246251565e-16,0.030090103951301236,True,True,0.7386363636363636,87.30721547747244,76.15778931506563,0.8243178113741564,197.83627472979754
RA-MTM,19,34,0.031221496929747752,0.048166768588349416,0.0,0.274613843792058,True,True,0.5104895104895105,29.533081380286276,25.786501748716546,0.9242351218437511,221.81642924250028
RA-MTM,19,23,0.031221496929747752,0.12354567982605703,0.0,0.018421383955657098,True,True,0.65625,91.16761052265078,94.9141901542205,0.5245658799653723,125.89581119168935
RA-MTM,19,43,0.031221496929747752,,,,False,False,,75.05689520077298,78.80347483234272,0.5620348713914702,134.88836913395286
RA-MTM,19,44,0.016136780741593526,,,,False,False,,88.29185065093897,90.22826433993019,0.32473125902618283,77.93550216628388
RA-MTM,19,42,2.686882605444178e-05,0.007545716246182455,0.0,0.007545716246182455,True,True,0.27391304347826084,36.021237540285135,36.02446179941167,2.760215701722554,662.451768413413
RA-MTM,19,32,0.031221496929747752,0.061690387756975676,0.0,0.031600283805674444,True,True,0.4782608695652174,79.47865234466444,75.73207271309471,1.7235736056005087,413.6576653441221
RA-MTM,20,34,0.0834670305225167,0.05224553359276894,0.0,0.32685937738482695,True,True,0.4888888888888889,36.67060724956097,26.65456358685897,1.586187303704816,380.68495288915585
RA-MTM,20,23,0.0834670305225167,0.05224553359276894,0.0,0.07066691754842604,True,True,0.14093959731543623,82.95455529230483,92.97059895500684,3.721919814992403,893.2607555981767
RA-MTM,20,45,0.0668003638558498,,,,False,True,,99.44375568968242,91.42771202698044,0.44962789711317624,107.9106953071623
RA-MTM,20,42,0.007631218147609194,0.007604349321554752,2.220446049250313e-16,0.015150065567737207,True,False,0.22171945701357465,34.817453073708485,35.73319925142159,0.6119935266262677,146.87844639030425
RA-MTM,20,46,0.011385718265369486,,,,False,False,,59.89960582545047,58.53331963360613,0.21232428474788875,50.957828339493304
RA-MTM,20,32,0.04516782473176105,0.013946327802013296,0.0,0.017653956003661146,True,True,0.11594202898550725,92.42731837949847,87.00717941168715,0.19983462093918944,47.960309025405465
RA-MTM,21,23,0.05171886322547792,0.031748167297038776,0.0,0.03891875025138726,True,True,0.8333333333333334,84.7607092722319,90.96697285928926,3.1473952797922338,755.3748671501361
RA-MTM,21,34,0.05171886322547798,0.031748167297038714,0.0,0.29511121008778823,True,True,0.4550561797752809,43.4113837795468,37.205120192489446,1.6486356227483128,395.6725494595951
RA-MTM,21,42,0.03505219655881131,0.027420978411202116,2.220446049250313e-16,0.04257104397893932,True,False,0.3,34.285705425380144,38.4919690124375,1.4987596570439208,359.702317690541
RA-MTM,21,32,0.021197222223065162,0.023970602508695885,0.0,0.04162455851235703,True,True,0.06584362139917696,82.43995716320067,79.89629049643285,3.0349883055139397,728.3971933233455
RA-MTM,22,47,0.01455768689031333,,,,False,True,,19.892527267462416,18.145604840624816,0.02497932761739868,5.995038628175683
RA-MTM,22,23,0.01455768689031333,0.03716117633516459,2.220446049250313e-16,0.001757573916222673,True,True,0.5384615384615384,91.83919845156305,93.58612087840065,1.8484702436875022,443.63285848500055
RA-MTM,22,42,0.012307338086037648,0.022744858472773664,0.0,0.01982618550616566,True,False,0.24437299035369775,50.232812441578254,51.70969301190277,3.3347402369227237,800.3376568614538
RA-MTM,22,32,0.01455768689031333,0.006639535332751833,1.1102230246251565e-16,0.048264093845108866,True,True,0.3333333333333333,92.05556173314672,90.30863930630912,1.2614560446786331,302.749450722872
RA-MTM,23,47,0.008333333333333333,0.006224353556979996,0.0,0.006224353556979996,True,True,0.07142857142857142,22.452578718475454,21.452578718475454,0.3497105866435815,83.93054079445956
RA-MTM,23,23,0.008333333333333333,0.006224353556979996,1.1102230246251565e-16,0.004466779640757324,True,True,0.5540540540540541,94.80004899263255,95.80004899263255,1.024152432313346,245.79658375520302
RA-MTM,23,42,0.00582849831241153,0.01813583639844918,1.6653345369377348e-16,0.0016903491077164823,True,False,0.33429394812680113,65.56419345985488,64.8647736623655,2.447974106505071,587.513785561217
RA-MTM,23,48,0.008333333333333333,,,,False,True,,24.159279685817477,25.159279685817477,0.5995038628175683,143.88092707621638
RA-MTM,23,32,0.004919633179296194,0.009638053711017136,4.440892098500626e-16,0.057902147556126,True,True,0.04950495049504951,76.72566947995185,76.1353134984363,0.0624483190434967,14.987596570439209
RA-MTM,24,23,0.06379720642664649,0.05546387309331315,2.220446049250313e-16,0.05099709345255583,True,True,0.1951219512195122,96.69407079785353,104.3497355690511,0.19983462093918944,47.960309025405465
RA-MTM,24,49,0.05194783180011401,,,,False,False,,70.56146716261067,76.79520697862435,1.061621423739444,254.78914169746653
RA-MTM,24,50,0.01715963610294082,,,,False,False,,36.580270059251106,34.52111372689821,0.22481394855658812,53.95534765358115
RA-MTM,24,51,0.03175497600948039,,,,False,False,,58.29329903265798,54.48270191152033,0.01248966380869934,2.9975193140878416
RA-MTM,24,48,0.01826234211426693,0.026595675447600265,2.220446049250313e-16,0.026595675447600265,True,False,0.3137254901960784,27.662507987203742,25.47102693349171,0.23730361236528744,56.95286696766899
RA-MTM,24,42,0.05897991438651253,0.053151416074101,0.0,0.05146106696638452,True,True,0.22857142857142856,82.37674601626208,75.29915628988057,2.9225813312356457,701.4195194965549
RA-MTM,25,52,0.1005442219038704,,,,False,True,,42.36409000413241,30.29878337566796,0.11240697427829406,26.977673826790575
RA-MTM,25,53,0.08387755523720371,,,,False,True,,20.82714922576876,30.892455854233205,0.26228293998268615,62.947905595844674
RA-MTM,25,49,0.07526297271128471,0.023315140911170693,2.220446049250313e-16,0.023315140911170693,True,False,0.0425531914893617,77.06700967342023,86.0985663987744,0.16236562951309141,38.96775108314194
RA-MTM,25,50,0.025512059983713798,0.04267169608665462,0.0,0.04267169608665462,True,False,0.011976047904191617,55.98755732843431,59.04900452647997,1.8859392351136004,452.6254164272641
RA-MTM,25,48,0.054679407089030393,0.07294174920329732,0.0,0.04634607375569706,True,False,0.38636363636363635,29.401289799796555,35.9628186504802,0.5245658799653723,125.89581119168935
RA-MTM,25,42,0.00690663447649508,0.05207327991001745,2.220446049250313e-16,0.0006122129436329319,True,True,0.5341880341880342,85.99646913455368,85.16767299737427,1.5612079760874173,374.6899142609802
RA-MTM,26,53,0.008333333333333333,0.09221088857053704,2.220446049250313e-16,0.09221088857053704,True,True,0.27450980392156865,21.017398359574216,20.017398359574216,0.5495452075827709,131.89084981986502
RA-MTM,26,50,0.005387800638975903,0.020124259344737893,0.0,0.022547436741916727,True,False,0.2557544757033248,72.15773453794822,72.80427061462532,4.246485694957776,1019.1565667898661
RA-MTM,26,48,0.008333333333333333,0.04634607375569706,1.1102230246251565e-16,0.0,True,True,0.5185185185185185,30.290760938861048,31.290760938861048,1.0116627685046466,242.79906444111518
RA-MTM,26,42,0.008333333333333333,0.015239967809828414,0.0,0.015852180753461346,True,True,0.288,93.80216082541288,94.80216082541288,0.44962789711317624,107.9106953071623
RA-MTM,27,53,0.008333333333333333,0.0,0.0,0.09221088857053704,True,True,0.4098360655737705,23.915465261911468,22.915465261911468,0.5245658799653723,125.89581119168935
RA-MTM,27,54,0.007754934134185376,,,,False,False,,59.39554340739969,60.32613550350194,1.1990077256351366,287.76185415243276
RA-MTM,27,50,0.008333333333333333,0.0029455326943574295,0.0,0.025492969436274156,True,True,0.24517906336088155,86.4386265923072,87.4386265923072,1.398842346574326,335.72216317783824
RA-MTM,28,55,0.008333333333333333,,,,False,True,,19.039176783791405,18.039176783791405,0.03746899142609802,8.992557942263524
RA-MTM,28,56,0.008333333333333333,,,,False,True,,20.148532412563718,19.148532412563718,0.2497932761739868,59.950386281756835
RA-MTM,28,57,0.008333333333333333,,,,False,True,,100.96082321620861,101.96082321620861,0.01248966380869934,2.9975193140878416
RA-MTM,28,58,0.008333333333333333,,,,False,False,,69.89886561058374,70.89886561058374,0.0624483190434967,14.987596570439209
RA-MTM,28,54,0.008333333333333333,0.0005783991991479572,1.6653345369377348e-16,0.0005783991991479572,True,False,0.09743589743589744,74.98425595056212,75.98425595056212,1.4737803294265222,353.70727906236533
RA-MTM,28,50,0.008333333333333333,0.0,0.0,0.025492969436274156,True,False,0.09821428571428571,90.87577204555119,91.87577204555119,0.13738630189569273,32.972712454966256
RA-MTM,28,59,0.008333333333333333,,,,False,True,,24.309870947641773,25.309870947641773,0.4246485694957775,101.91565667898661
RA-MTM,28,60,0.004086408517673826,,,,False,True,,64.66131231940723,64.17094329728637,1.1615387342090386,278.7692962101693
RA-MTM,29,55,0.04761807507273185,0.03928474173939852,0.0,0.03928474173939852,True,True,0.3333333333333333,19.608077106238746,13.893908097510923,0.11240697427829406,26.977673826790575
RA-MTM,29,58,0.04761807507273185,0.05595140840606518,4.440892098500626e-16,0.05595140840606518,True,False,0.02717391304347826,72.29937762334525,66.58520861461743,2.298098140800678,551.5435537921628
RA-MTM,29,54,0.04761807507273185,0.03928474173939852,1.942890293094024e-16,0.039863140938546475,True,True,0.16589861751152074,89.02655867420214,94.74072768292996,1.686104614174411,404.6651074018586
RA-MTM,29,61,0.02885420072189658,,,,False,False,,97.26297112030089,93.8004670336733,0.07493798285219604,17.985115884527048
RA-MTM,29,60,0.04761807507273185,0.05170448359040568,1.1102230246251565e-16,0.05170448359040568,True,True,0.6164383561643836,64.39206962225076,70.10623863097858,1.7860219246440054,428.64526191456133
RA-MTM,30,55,0.0674540205926954,0.01983594551996354,1.1102230246251565e-16,0.05912068725936206,True,True,0.391304347826087,20.597468971364556,12.502986500241109,0.2872622676000848,68.94294422402035
RA-MTM,30,62,0.13236800279395594,,,,False,False,,68.10682959487463,83.99098993014934,0.04995865523479736,11.990077256351366
RA-MTM,30,58,0.11008493932265763,0.15770301439538947,0.0,0.10175160598932428,True,False,0.016304347826086956,70.24020580405215,83.45039852277107,0.03746899142609802,8.992557942263524
RA-MTM,30,63,0.004364431384971942,,,,False,True,,20.745877751133428,21.26960951733006,0.16236562951309141,38.96775108314194
RA-MTM,30,64,0.01711501608968457,,,,False,False,,51.637165260024084,49.583363329261935,0.2497932761739868,59.950386281756835
RA-MTM,30,61,0.13463920163922438,0.1057850009173278,0.0,0.1057850009173278,True,True,0.13333333333333333,99.01030782496058,82.85360362825365,0.3497105866435815,83.93054079445956
RA-MTM,30,60,0.019865139474630845,0.0674832145473627,0.0,0.01577873095695702,True,True,0.35714285714285715,64.99080737419713,62.60699063724143,0.8243178113741564,197.83627472979754
RA-MTM,31,55,0.053184866259909806,0.014269154332785586,0.0,0.044851532926576475,True,True,1.0,20.597468971364552,14.215285020175376,0.2872622676000848,68.94294422402035
RA-MTM,31,62,0.12824635615339186,0.004121646640564099,0.0,0.004121646640564099,True,True,0.022988505747126436,67.9940303930101,83.38359313141713,2.1732015027136855,521.5683606512845
RA-MTM,31,65,0.08336214926116518,,,,False,True,,90.72061741215646,100.72407532349628,0.03746899142609802,8.992557942263524
RA-MTM,31,66,0.012998046824616456,,,,False,False,,83.89381354278834,82.33404792383436,0.02497932761739868,5.995038628175683
RA-MTM,31,63,0.006143129672604827,0.010507561057576768,0.0,0.010507561057576768,True,True,0.1326530612244898,27.294036564608952,26.556861003896373,1.2239870532525354,293.7568927806085
RA-MTM,31,60,0.05410323400675902,0.03423809453212818,0.0,0.05001682548908519,True,True,0.291005291005291,73.31802046987684,66.82563238906576,2.2231601579484828,533.5584379076358
RA-MTM,31,61,0.11157968948672518,0.023059512152499195,2.220446049250313e-16,0.0827254887648286,True,True,0.22857142857142856,95.15803992724571,81.76847718883869,0.1873449571304901,44.962789711317626
RA-MTM,32,55,0.06587609775358025,0.012691231493670447,0.0,0.057542764420246924,True,True,0.625,22.334875203486344,14.429743473056714,0.3622002504522808,86.9280601085474
RA-MTM,32,62,0.06587609775358025,0.0623702583998116,0.0,0.06649190504037569,True,True,0.7857142857142857,66.33432299321974,74.23945472364937,2.510422425548567,602.5013821316561
RA-MTM,32,65,0.0642831669041468,0.019078982357018385,0.0,0.019078982357018385,True,True,0.6666666666666666,91.57396789582747,99.28794792432508,0.02497932761739868,5.995038628175683
RA-MTM,32,67,0.007922513414826622,,,,False,False,,54.737672017362094,53.7869704075829,0.14987596570439207,35.970231769054095
RA-MTM,32,63,0.006859206086199047,0.0007160764135942207,1.249000902703301e-16,0.01122363747117099,True,True,0.5811965811965812,23.609996615868322,22.786891885524437,1.0866007513568428,260.78418032564224
RA-MTM,32,60,0.0492094310869137,0.004893802919845314,0.0,0.045123022569239876,True,True,0.2976588628762542,77.14977610829132,71.24464437786168,7.468818957602205,1792.5165498245292
RA-MTM,32,68,0.001954495315507613,,,,False,True,,26.494765220074985,26.26022578221407,0.23730361236528744,56.95286696766899
RA-MTM,33,55,0.013365248810642516,0.05251084894293774,0.0,0.005031915477309182,True,True,0.1724137931034483,19.721857170728214,18.118027313451112,0.0624483190434967,14.987596570439209
RA-MTM,33,62,0.013365248810642546,0.052510848942937706,1.3877787807814457e-16,0.1190027539833134,True,False,0.24749163879598662,69.56546356114956,71.16929341842666,2.1482221750962864,515.5733220231087
RA-MTM,33,69,0.010545078479087049,,,,False,True,,19.039176783791405,20.30458620128185,0.03746899142609802,8.992557942263524
RA-MTM,33,63,0.013365248810642516,0.020224454896841562,0.0,0.009000817425670575,True,True,0.15053763440860216,20.48987260603213,22.09370246330923,0.2497932761739868,59.950386281756835
RA-MTM,33,60,0.013365248810642546,0.06257467989755625,0.0,0.017451657328316373,True,True,0.6639344262295082,84.27035188570305,85.87418174298016,5.208189808227625,1249.96555397463
RA-MTM,33,68,0.013365248810642516,0.01531974412615013,0.0,0.01531974412615013,True,True,0.05263157894736842,27.572681620501527,29.17651147777863,0.01248966380869934,2.9975193140878416
RA-MTM,34,55,0.04819288580080754,0.03482763699016503,0.0,0.03985955246747421,True,True,0.2,19.039176783791405,13.256030487694499,0.01248966380869934,2.9975193140878416
RA-MTM,34,70,0.07681049204776164,,,,False,True,,46.3463922612638,37.129133215532406,0.09991731046959472,23.980154512702732
RA-MTM,34,62,0.07256620725621374,0.059200958445571196,0.0,0.05980179553774221,True,False,0.06976744186046512,73.93805789995987,82.64600277070552,0.14987596570439207,35.970231769054095
RA-MTM,34,71,0.04008627598332926,,,,False,False,,86.19414962920585,91.00450274720536,0.2872622676000848,68.94294422402035
RA-MTM,34,63,0.060143825381094966,0.04677857657045245,0.0,0.05577939399612302,True,True,0.05865102639296188,31.501597337110027,38.71885638284142,4.258975358766475,1022.154086103954
RA-MTM,34,60,0.037563524415247566,0.05092877322589011,2.220446049250313e-16,0.03347711589757374,True,True,0.3231850117096019,86.15403914818725,81.64641621835754,1.8484702436875022,443.63285848500055
RA-MTM,35,70,0.07662318042016167,0.0001873116275999583,0.0,0.0001873116275999583,True,True,0.030303030303030304,37.615960389860376,28.421178739440975,0.32473125902618283,77.93550216628388
RA-MTM,35,62,0.07662318042016167,0.00405697316394793,0.0,0.05574482237379428,True,True,0.036585365853658534,85.05416206631665,94.24894371673605,4.096609729253384,983.1863350208121
RA-MTM,35,72,0.05995651375349512,,,,False,True,,99.8477573679421,92.65297571752268,0.2872622676000848,68.94294422402035
RA-MTM,35,63,0.021863242698935834,0.038280582682159135,0.0,0.017498811313963893,True,True,0.583904109589041,37.56740303884008,40.19099216271238,7.293963664280414,1750.5512794272995
RA-MTM,35,60,0.040362876921279184,0.0027993525060316196,1.1102230246251565e-16,0.03627646840360536,True,True,0.47297297297297297,92.93932866970107,88.09578343914757,0.8742764666089539,209.82635198614892
RA-MTM,36,70,0.05700389607358206,0.01961928434657961,0.0,0.019806595974179567,True,True,0.36619718309859156,39.39939818292794,32.55893065409809,0.8867661304176532,212.82387130023676
RA-MTM,36,73,0.05700389607358206,,,,False,True,,95.84072031418253,102.68118784301238,0.02497932761739868,5.995038628175683
RA-MTM,36,62,0.05700389607358206,0.01961928434657961,2.220446049250313e-16,0.07536410672037389,True,False,0.22865853658536586,87.46650756775766,94.30697509658751,0.9367247856524504,224.81394855658812
RA-MTM,36,63,0.000357305566823977,0.02222054826575981,0.0,0.004721736951795919,True,True,0.7220670391061452,43.89021552243874,43.84733885441986,8.10579181184587,1945.390034843009
RA-MTM,36,60,0.05700389607358206,0.01664101915230288,0.0,0.052917487555908235,True,True,0.05714285714285714,98.40077176519556,91.56030423636571,0.04995865523479736,11.990077256351366
RA-MTM,37,70,0.10149074821230318,0.044486852138721125,1.6653345369377348e-16,0.024680256164541555,True,True,0.5087719298245614,43.96377011873682,31.784880333260435,1.2614560446786331,302.749450722872
RA-MTM,37,73,0.06695897744130026,0.009955081367718202,0.0,0.009955081367718202,True,True,0.14285714285714285,96.93788522175953,104.97296251471556,0.17485529332179076,41.96527039722978
RA-MTM,37,62,0.06077596006915122,0.00377206399556916,2.220446049250313e-16,0.07159204272480472,True,False,0.25333333333333335,88.29530551119673,95.58842071949488,0.23730361236528744,56.95286696766899
RA-MTM,37,74,0.08482408154563657,,,,False,True,,22.452578718475454,32.631468503951844,0.1248966380869934,29.975193140878417
RA-MTM,37,63,0.00783521452080625,0.008192520087630228,0.0,0.00347078313583431,True,False,0.08782742681047766,38.65126684710764,39.59149258960439,0.7119108370958623,170.85860090300696
RA-MTM,37,75,0.029108528459316454,,,,False,True,,74.67762831914143,71.18460490402346,0.1873449571304901,44.962789711317626
RA-MTM,38,70,0.07160912363356467,0.02988162457873852,0.0,0.005201368414196968,True,True,0.25742574257425743,41.68578577352212,33.09269093749436,0.32473125902618283,77.93550216628388
RA-MTM,38,76,0.047408425520269165,,,,False,True,,100.0126560121297,105.701667074562,0.11240697427829406,26.977673826790575
RA-MTM,38,77,0.042982362606878745,,,,False,False,,95.84072031418253,100.99860382700798,0.01248966380869934,2.9975193140878416
RA-MTM,38,63,0.011918789727838981,0.00408357520703273,0.0,0.00755435834286704,True,False,0.06172839506172839,49.524387165969635,50.95464193331031,0.3622002504522808,86.9280601085474
RA-MTM,38,74,0.054942456966898,0.029881624578738584,0.0,0.029881624578738584,True,True,0.3333333333333333,27.17445139478839,33.76754623081615,0.3746899142609802,89.92557942263525
RA-MTM,38,78,0.006175382970569684,,,,False,False,,44.689888381196546,45.43093433766491,0.4246485694957775,101.91565667898661
RA-MTM,39,79,0.04003735644544359,,,,False,True,,20.319202509297924,15.514719735844693,0.04995865523479736,11.990077256351366
RA-MTM,39,70,0.04003735644544359,0.031571767188121075,0.0,0.03677313560231805,True,True,0.5151515151515151,43.07521540719157,38.27073263373834,0.29975193140878414,71.94046353810819
RA-MTM,39,80,0.03917249544132796,,,,False,False,,94.56069458867603,99.26139404163538,0.04995865523479736,11.990077256351366
RA-MTM,39,78,0.04003735644544359,0.0338619734748739,0.0,0.0338619734748739,True,False,0.12903225806451613,57.21158715194825,62.01606992540148,0.8867661304176532,212.82387130023676
RA-MTM,39,74,0.04003735644544359,0.01490510052145441,0.0,0.04478672510019299,True,False,0.1,36.1535948174156,40.95807759086883,0.44962789711317624,107.9106953071623
RA-MTM,40,79,0.008333333333333333,0.031704023112110256,0.0,0.031704023112110256,True,True,0.4444444444444444,20.366610869501866,19.366610869501866,0.11240697427829406,26.977673826790575
RA-MTM,40,81,0.008333333333333333,,,,False,False,,46.3463922612638,47.3463922612638,0.01248966380869934,2.9975193140878416
RA-MTM,40,82,0.008333333333333333,,,,False,False,,50.61314467961886,51.61314467961886,0.02497932761739868,5.995038628175683
RA-MTM,41,83,0.008333333333333333,,,,False,True,,21.298045711155858,20.298045711155858,0.4246485694957775,101.91565667898661
RA-MTM,41,84,0.008333333333333333,,,,False,False,,92.4273183794985,93.4273183794985,0.3622002504522808,86.9280601085474
RA-MTM,41,85,0.0051601618648829724,,,,False,False,,62.18457723819781,62.80379666198377,0.624483190434967,149.8759657043921
RA-MTM,41,86,0.008333333333333333,,,,False,False,,64.87628847812006,65.87628847812006,0.08742764666089538,20.98263519861489
RA-MTM,41,81,0.006593232604401855,0.014926565937735189,0.0,0.014926565937735189,True,False,0.009174311926605505,52.01451840968413,51.22333049715591,1.361373355148228,326.72960523557475
RA-MTM,42,87,0.09025420653611996,,,,False,False,,39.91344246128233,29.082937676947935,0.8118281475654571,194.8387554157097
RA-MTM,42,84,0.02567112717576663,0.017337793842433294,0.0,0.017337793842433294,True,False,0.0688836104513064,81.2141714064152,84.2947066675072,5.258148463462422,1261.9556312309812
RA-MTM,42,81,0.01309105350237593,0.019684286106777787,0.0,0.004757720169042597,True,False,0.44954128440366975,57.00456564915479,58.5754920694399,0.6119935266262677,146.87844639030425
RA-MTM,42,88,0.07358753986945328,,,,False,True,,21.0303279123571,29.860832696691496,0.29975193140878414,71.94046353810819
RA-MTM,42,89,0.03006970052153086,,,,False,True,,32.6927845225276,36.30114858511131,0.01248966380869934,2.9975193140878416
RA-MTM,42,90,0.02280025224389644,,,,False,True,,41.226289359237725,43.9623196285053,0.08742764666089538,20.98263519861489
RA-MTM,43,91,0.08503068959506445,,,,False,True,,57.00974706548337,46.806064314075634,1.51124932085262,362.6998370046288
RA-MTM,43,92,0.0850306895950645,,,,False,False,,74.57260056730499,84.77628331871273,0.16236562951309141,38.96775108314194
RA-MTM,43,84,0.04818530347410028,0.0738564306498669,0.0,0.05651863680743361,True,True,0.26268115942028986,89.15614152542624,83.3739051085342,3.4471472112010173,827.3153306882442
RA-MTM,43,88,0.06836402292839772,0.005223516941055569,0.0,0.005223516941055569,True,True,0.06593406593406594,40.616753299472705,48.82043605088043,4.54623762636656,1091.0970303279744
RA-MTM,44,91,0.07952543888228204,0.005505250712782406,0.0,0.005505250712782406,True,True,0.09042553191489362,40.08848871434303,30.545436048469185,1.0491317599307446,251.7916223833787
RA-MTM,44,92,0.16746741990786387,0.2524981095029284,0.0,0.2524981095029284,True,True,0.035422343324250684,82.1731613413808,62.07707095243714,4.583706617792657,1100.0895882702378
RA-MTM,44,84,0.05022729631651674,0.09841259979061702,1.1102230246251565e-16,0.0418939629831834,True,True,0.3161512027491409,93.894762201886,99.922037759868,1.3363940275308295,320.7345666073991
RA-MTM,44,88,0.18413408657453065,0.11577006364613295,1.6653345369377348e-16,0.11054654670507738,True,True,0.708171206225681,43.23182901735949,65.32791940630317,6.419687197671461,1540.7249274411506
RA-MTM,45,91,0.04475246860111935,0.034772970281162684,1.6653345369377348e-16,0.04027822099394509,True,True,0.711864406779661,41.00933584644001,35.63903961430569,1.4737803294265222,353.70727906236533
RA-MTM,45,93,0.04475246860111935,,,,False,True,,93.2806688631695,98.65096509530382,0.17485529332179076,41.96527039722978
RA-MTM,45,92,0.029998566210449815,0.1974659861183137,0.0,0.05503212338461469,True,True,0.19809069212410502,90.59419511827923,94.19402306353321,1.686104614174411,404.6651074018586
RA-MTM,45,84,0.04283970432512222,0.09306700064163896,0.0,0.05117303765845556,True,True,0.037383177570093455,98.40077176519557,93.2600072461809,0.04995865523479736,11.990077256351366
RA-MTM,45,94,0.04316196538286666,,,,False,False,,94.13401934684052,88.95458350089652,0.01248966380869934,2.9975193140878416
RA-MTM,45,88,0.021176396479255583,0.16295769009527508,1.6653345369377348e-16,0.0524111433901977,True,True,0.7253731343283583,46.38626845208952,48.92743602960019,8.018364165184975,1924.4073996443942
RA-MTM,46,91,0.08096235264267133,0.03620988404155199,0.0,0.004068336952393103,True,True,0.7516339869281046,39.65612446928305,29.94064215216249,1.8734495713049009,449.62789711317623
RA-MTM,46,93,0.03256423101595397,0.012188237585165377,1.6653345369377348e-16,0.012188237585165377,True,True,0.3333333333333333,94.47535954030892,98.38306726222339,0.1248966380869934,29.975193140878417
RA-MTM,46,95,0.014353514013745301,,,,False,False,,94.47535954030892,96.19778122195835,0.2497932761739868,59.950386281756835
RA-MTM,46,92,0.04808007981946396,0.01808151360901415,0.0,0.03695060977560054,True,True,0.06857142857142857,97.48177893662677,103.25138851496244,0.6494625180523657,155.87100433256776
RA-MTM,46,96,0.06429568597600459,,,,False,True,,23.30592920214646,31.02141151926701,0.44962789711317624,107.9106953071623
RA-MTM,46,88,0.003188201433742973,0.024364597912998557,0.0,0.07677574130319625,True,True,0.102803738317757,45.82921014994803,45.446625977898876,0.8243178113741564,197.83627472979754
RA-MTM,47,97,0.10302214649933404,,,,False,True,,40.37293887556671,28.010281295646624,0.02497932761739868,5.995038628175683
RA-MTM,47,92,0.046195072396339874,0.0018850074231240891,0.0,0.03883561719872463,True,True,0.10294117647058823,89.58986197249328,95.13327066005407,4.034161410209887,968.1987384503728
RA-MTM,47,91,0.10302214649933408,0.02205979385666274,0.0,0.017991456904269634,True,False,0.08666666666666667,44.63969129392178,32.27703371400169,0.16236562951309141,38.96775108314194
RA-MTM,47,98,0.059903306723320546,,,,False,False,,38.441671991469136,45.6300687982676,0.7119108370958623,170.85860090300696
RA-MTM,47,96,0.08635547983266743,0.022059793856662856,1.6653345369377348e-16,0.022059793856662856,True,True,0.5945945945945946,22.52678310835989,32.88944068827998,0.2872622676000848,68.94294422402035
RA-MTM,47,88,0.04606777995942082,0.04925598139316379,1.6653345369377348e-16,0.027519759910032467,True,True,0.32456140350877194,56.94801709369427,62.47615068882477,1.061621423739444,254.78914169746653
RA-MTM,48,91,0.055413738834685734,0.04760840766464834,0.0,0.029616950760378704,True,True,0.13829787234042554,36.66903464856912,30.019385988406828,1.1740283980177377,281.7668155242571
RA-MTM,48,99,0.055413738834685734,,,,False,True,,19.039176783791405,12.389528123629116,0.03746899142609802,8.992557942263524
RA-MTM,48,92,0.03910851355855935,0.007086558837780524,0.0,0.045922176036505155,True,True,0.7392550143266475,90.84681713157258,95.5398387585997,3.5470645216706127,851.295485200947
RA-MTM,48,96,0.055413738834685734,0.030941740997981703,0.0,0.008881947141318847,True,True,0.22580645161290322,26.44738427939689,33.09703293955918,1.13655940659164,272.7742575819936
RA-MTM,48,88,0.03684831593387153,0.009219464025549289,0.0,0.03673922393558175,True,True,0.3483606557377049,60.74143566614041,65.163233578205,3.047477969322639,731.3947126374334
RA-MTM,49,91,0.031261947408683176,0.02415179142600256,1.6653345369377348e-16,0.053768742186381266,True,True,0.4909090909090909,36.08180501482104,32.33037132577906,0.8742764666089539,209.82635198614892
RA-MTM,49,92,0.03126194740868324,0.00784656614987611,0.0,0.053768742186381266,True,True,0.8925081433224755,90.53673043924425,94.28816412828624,3.709430151183704,890.263236284089
RA-MTM,49,96,0.0205414084458934,0.03487233038879234,0.0,0.043754277530111185,True,True,0.2863247863247863,31.953214103346042,34.41818311685325,2.6228293998268613,629.4790559584467
RA-MTM,49,100,0.0019478525220587054,,,,False,False,,85.60051451013038,85.36677220748334,0.01248966380869934,2.9975193140878416
RA-MTM,49,101,0.0021674997590457917,,,,False,False,,83.89381354278834,83.63371357170284,0.01248966380869934,2.9975193140878416
RA-MTM,49,88,0.014774421872325465,0.022073894061546067,0.0,0.05881311799712782,True,True,0.028688524590163935,56.58659806531596,58.35952868999502,0.08742764666089538,20.98263519861489
RA-MTM,49,102,0.0014299297844630131,,,,False,True,,70.24020580405214,70.4117973781877,0.08742764666089538,20.98263519861489
RA-MTM,50,92,0.043191855651212425,0.011929908242529189,0.0,0.04183883394385208,True,True,0.7171717171717171,93.1083962303158,98.2914189084613,2.6602983912529594,638.4716139007103
RA-MTM,50,103,0.01919851380167777,,,,False,True,,20.745877751133428,18.442056094932095,0.09991731046959472,23.980154512702732
RA-MTM,50,104,0.043191855651212425,,,,False,True,,100.27814282927179,95.0951201511263,0.1248966380869934,29.975193140878417
RA-MTM,50,96,0.020999839323634126,0.04154124776952752,0.0,0.08529552529963871,True,True,0.20227272727272727,49.05357310601321,46.533592387177116,3.9842027549750894,956.2086611940215
RA-MTM,51,105,0.04237698850037773,,,,False,True,,36.863244473853634,31.778005853808306,3.2098435988357306,770.3624637205753
RA-MTM,51,92,0.04237698850037776,0.0008148671508346676,0.0,0.04265370109468674,True,True,0.48409090909090907,84.80146814814768,89.88670676819301,5.49545207582771,1318.9084981986502
RA-MTM,51,103,0.03368278725854994,0.05288130106022771,0.0,0.05288130106022771,True,True,0.05228758169934641,30.472957774154654,34.51489224518065,1.910918562730999,458.6204550554398
RA-MTM,51,96,0.008368738815909065,0.02936857813954319,0.0,0.05592694716009552,True,True,0.2530487804878049,60.79769719125769,61.80194584916678,1.149049070400339,275.7717768960814
RA-MTM,52,106,0.1066085339025013,,,,False,True,,32.6927845225276,45.48580859082776,0.03746899142609802,8.992557942263524
RA-MTM,52,107,0.06836787771496523,,,,False,True,,37.81288742455368,46.01703275034951,0.01248966380869934,2.9975193140878416
RA-MTM,52,105,0.03228815935908222,0.07466514785945995,0.0,0.07466514785945995,True,False,0.019455252918287938,42.93299032657975,46.807569449669614,0.0624483190434967,14.987596570439209
RA-MTM,52,92,0.029557964834170038,0.012819023666207722,1.6653345369377348e-16,0.055472724760894467,True,True,0.7659090909090909,86.28927217054135,89.83622795064176,4.2090167035316775,1010.1640088476026
RA-MTM,52,108,0.037918687559316905,,,,False,False,,64.03402046826297,68.584262975381,0.13738630189569273,32.972712454966256
RA-MTM,52,103,0.12327520056916796,0.15695798782771792,0.0,0.1040766867674902,True,True,0.12439024390243902,55.928893790096346,41.13586972179619,15.362286484700187,3686.948756328045
RA-MTM,53,109,0.038168549829331926,,,,False,True,,20.745877751133428,16.165651771613597,0.03746899142609802,8.992557942263524
RA-MTM,53,110,0.038168549829331926,,,,False,True,,60.487628847812026,55.907402868292195,0.26228293998268615,62.947905595844674
RA-MTM,53,92,0.03816854982933186,0.008610584995161829,0.0,0.046862139765732634,True,True,0.7893175074183977,89.52079379977688,94.1010197792967,3.3222505731140246,797.3401375473659
RA-MTM,53,108,0.030080346909319704,0.0679990344686366,0.0,0.0679990344686366,True,False,0.2,60.731443271718014,57.12180164259965,0.08742764666089538,20.98263519861489
RA-MTM,53,111,0.038168549829331926,,,,False,True,,54.0265466143029,58.60677259382273,0.07493798285219604,17.985115884527048
RA-MTM,53,103,0.03816854982933198,0.16144375039849995,0.0,0.057367063631009754,True,True,0.008130081300813009,67.33881415957072,71.91904013909055,0.1248966380869934,29.975193140878417
RA-MTM,54,109,0.044478830547693644,0.00631028071836172,0.0,0.00631028071836172,True,True,1.0,20.745877751133428,15.40841808541019,0.03746899142609802,8.992557942263524
RA-MTM,54,110,0.08850972671544059,0.1266782765447725,0.0,0.1266782765447725,True,True,0.42857142857142855,60.696612639731455,71.31777984558433,0.6119935266262677,146.87844639030425
RA-MTM,54,92,0.046813155034598354,0.008644605205266487,0.0,0.03821753456046615,True,True,0.5939849624060151,93.66953743800691,99.28711604215871,1.9733668817744956,473.60805162587894
RA-MTM,54,112,0.1543081583659354,,,,False,False,,52.03539548573722,70.55237448964947,0.14987596570439207,35.970231769054095
RA-MTM,54,113,0.06746519520371379,,,,False,False,,66.82680386936809,74.92262729381375,0.02497932761739868,5.995038628175683
RA-MTM,54,114,0.06463700707419236,,,,False,False,,65.12010290202608,72.87654375092916,0.01248966380869934,2.9975193140878416
RA-MTM,54,115,0.08102473642871123,,,,False,False,,62.56005145101304,72.28301982245839,0.02497932761739868,5.995038628175683
RA-MTM,54,116,0.036676784503765256,,,,False,True,,29.90872856955092,25.50751442909909,1.9983462093918944,479.6030902540547
RA-MTM,54,111,0.06672959858775182,0.10489814841708374,0.0,0.10489814841708374,True,True,0.5,57.43994854898696,49.432396718456744,0.07493798285219604,17.985115884527048
RA-MTM,54,117,0.17097482503260236,,,,False,True,,90.36639645667039,69.8494174527581,0.661952181861065,158.8685236466556
RA-MTM,55,109,0.08121332398736682,0.036734493439673166,0.0,0.043044774158034885,True,True,0.2727272727272727,21.211341651317618,11.4657427728336,0.13738630189569273,32.972712454966256
RA-MTM,55,110,0.10153612101799142,0.190045847733432,0.0,0.06336757118865949,True,True,0.3220338983050847,51.75360373723527,39.5692692150763,1.3363940275308295,320.7345666073991
RA-MTM,55,92,0.2828917986013897,0.32970495363598806,1.1102230246251565e-16,0.3679224881964542,True,True,0.6833333333333333,90.88540233314124,56.93838650097448,1.811001252261404,434.640300542737
RA-MTM,55,118,0.29955846526805635,,,,False,True,,22.00344688496439,57.95046271713115,0.23730361236528744,56.95286696766899
RA-MTM,55,116,0.130539777682072,0.16721656218583728,0.0,0.16721656218583728,True,True,0.11666666666666667,43.76552738381976,59.4303007056684,0.512076216156673,122.89829187760151
RA-MTM,55,117,0.052537194879854116,0.22351201991245648,0.0,0.22351201991245648,True,True,0.03773584905660377,100.10747273253759,106.41193611812008,0.02497932761739868,5.995038628175683
RA-MTM,56,109,0.16353849481298094,0.24475181880034777,0.0,0.20170704464231287,True,True,0.9166666666666666,21.457003154192606,41.08162253175032,0.14987596570439207,35.970231769054095
RA-MTM,56,119,0.06976367864274576,,,,False,True,,43.01056764327711,51.382209080406604,0.27477260379138546,65.94542490993251
RA-MTM,56,110,0.03588947583187737,0.1374255968498688,0.0,0.0740580256612093,True,True,0.2336448598130841,59.86346392261264,64.17020102243792,0.3122415952174835,74.93798285219604
RA-MTM,56,92,0.008455926935960771,0.27443587166542893,0.0,0.09348661653102527,True,True,0.9060402684563759,90.92935062398969,89.9146393916744,1.7360632694092082,416.65518465821
RA-MTM,56,120,0.03298471649796575,,,,False,True,,100.96082321620861,104.9189891959645,0.03746899142609802,8.992557942263524
RA-MTM,56,121,0.11103586584118832,,,,False,False,,37.91955623501256,24.595252334069958,0.19983462093918944,47.960309025405465
RA-MTM,56,116,0.18020516147964755,0.3107449391617196,0.0,0.1435283769758823,True,True,0.10891089108910891,61.947081385277514,40.32246200771981,0.8867661304176532,212.82387130023676
RA-MTM,57,109,0.019082840191538372,0.18262133500451933,0.0,0.019085709637793553,True,True,0.6666666666666666,21.812565855722195,19.52262503273759,0.09991731046959472,23.980154512702732
RA-MTM,57,110,0.019082840191538372,0.016806635640338997,0.0,0.0572513900208703,True,True,0.1360544217687075,67.72823043662623,70.01817125961084,1.7735322608353064,425.6477426004735
RA-MTM,57,92,0.019082840191538372,0.027538767127499142,0.0,0.06594784940352613,True,True,0.4676258992805755,94.55413035418626,96.84407117717086,0.8118281475654571,194.8387554157097
RA-MTM,57,120,0.019082840191538372,0.013901876306427379,0.0,0.013901876306427379,True,True,0.3333333333333333,100.96082321620861,103.25076403919321,0.01248966380869934,2.9975193140878416
RA-MTM,57,122,0.00923337526126969,,,,False,True,,25.66519230406044,24.557187272708077,0.21232428474788875,50.957828339493304
RA-MTM,57,116,0.019082840191538372,0.1611223212881092,0.0,0.017593944312226887,True,True,0.12412587412587413,67.5787070927426,65.288766269758,7.144087698576022,1714.5810476582453
RA-MTM,58,109,0.05723743040900618,0.03815459021746781,0.0,0.019068880579674256,True,True,0.25,19.892527267462416,13.024035618381674,0.02497932761739868,5.995038628175683
RA-MTM,58,110,0.07300952589475458,0.09209236608629295,0.0,0.03484097606542266,True,True,0.30985915492957744,72.25721603818361,63.496072930813064,0.5495452075827709,131.89084981986502
RA-MTM,58,123,0.0727794115264126,,,,False,False,,66.25790354692076,57.52437416375125,0.03746899142609802,8.992557942263524
RA-MTM,58,124,0.04468142524187311,,,,False,False,,50.119801431246586,44.75803040222181,1.5986769675135155,383.6824722032437
RA-MTM,58,125,0.041168214135665335,,,,False,False,,59.634278364141,64.57446406042084,0.3497105866435815,83.93054079445956
RA-MTM,58,126,0.08110592194164651,,,,False,True,,55.48226214527112,65.2149727782687,0.21232428474788875,50.957828339493304
RA-MTM,58,116,0.058942250183967225,0.07802509037550559,0.0,0.09561903468773249,True,True,0.10839160839160839,89.34424566429999,96.41731568637606,0.7743591561393591,185.84619747344618
