method,t,track,reference,motion,growth,trajectory,eligible,boundary,iou,q,x,width,area
RA-MTM,0,0,0.0153171435057511,,,,False,True,,19.039176783791405,17.201119563101273,0.012489663808699338,2.9975193140878416
RA-MTM,0,1,0.0153171435057511,,,,False,True,,63.76896463621363,61.9309074155235,0.5995038628175683,143.88092707621638
RA-MTM,0,2,0.0153171435057511,,,,False,False,,68.67572991732196,70.51378713801209,0.14987596570439207,35.970231769054095
RA-MTM,0,3,0.013524790210535216,,,,False,True,,20.404537557665027,22.027512382929253,0.1873449571304901,44.962789711317626
RA-MTM,0,4,0.0153171435057511,,,,False,True,,65.81147482166696,67.6495320423571,5.395534765358114,1294.9283436859475
RA-MTM,1,1,0.01736811731057356,0.002050973804822457,0.07030434708476241,0.002050973804822457,True,True,0.5625,67.07964845712246,64.99547437985363,0.31432702532132134,80.93302148037172
RA-MTM,1,2,0.01736811731057356,0.002050973804822457,0.07030434708476241,0.002050973804822457,True,False,0.375,70.50687783019934,72.59105190746817,0.3725357337141586,95.92061805081093
RA-MTM,1,4,0.01736811731057356,0.002050973804822457,0.07030434708476199,0.002050973804822457,True,True,0.7690631808278867,68.63231384008257,70.7164879173514,4.423861837855634,1139.0573393533798
RA-MTM,1,3,0.01736811731057356,0.030892907521108775,0.07030434708476219,0.030892907521108775,True,True,0.14150943396226415,25.704971127938553,23.620797050669726,1.2340246179281504,317.7370472933112
RA-MTM,2,5,0.03118127958778724,,,,False,False,,71.94690677139417,75.68866032192864,0.03822138081216424,5.995038628175683
RA-MTM,2,6,0.012672663044898986,,,,False,False,,73.6536077387362,75.17432730412408,0.01911069040608212,2.9975193140878416
RA-MTM,2,7,0.026277477859983498,,,,False,False,,77.49368491525576,74.34038757205774,0.15288552324865695,23.980154512702732
RA-MTM,2,4,0.03118127958778724,0.0485493968983608,0.49565082574675534,0.04649842309353834,True,True,0.7376623376623377,69.98626759783863,66.24451404730416,5.522989527357733,866.2830817713863
RA-MTM,2,8,0.03118127958778724,,,,False,False,,34.399485489869626,30.657731939335157,0.01911069040608212,2.9975193140878416
RA-MTM,2,3,0.03118127958778724,0.013813162277213683,0.49565082574675534,0.04470606979832246,True,True,0.29245283018867924,23.44356637693211,19.701812826397642,0.5924314025885457,92.92309873672309
RA-MTM,3,9,0.0422859957269484,,,,False,True,,77.06700967342024,71.99269018618644,0.03065096239043122,2.9975193140878416
RA-MTM,3,10,0.00951736542973786,,,,False,False,,83.89381354278834,82.7517296912198,0.03065096239043122,2.9975193140878416
RA-MTM,3,11,0.0002830512781919481,,,,False,False,,82.18711257544632,82.22107872882935,0.03065096239043122,2.9975193140878416
RA-MTM,3,12,0.007268395530563155,,,,False,False,,80.4804116081043,81.35261907177188,0.03065096239043122,2.9975193140878416
RA-MTM,3,4,0.032400424392789874,0.06358170398057711,0.47241617565111926,0.01708328088703877,True,False,0.296551724137931,69.27896043164114,73.16701135877592,2.6666337279675165,260.78418032564224
RA-MTM,3,3,0.030149853257183425,0.0010314263306038167,0.4724161756511194,0.04367464346771864,True,True,0.24545454545454545,26.703230184308417,23.085247793446406,3.2490020133857094,317.7370472933112
RA-MTM,3,13,0.0422859957269484,,,,False,True,,78.26170035055966,83.33601983779347,0.30650962390431225,29.975193140878417
RA-MTM,4,14,0.04157597099552521,,,,False,False,,66.64394305143858,71.63305957090161,0.5466245477382751,83.93054079445956
RA-MTM,4,15,0.024963709981249003,,,,False,True,,92.1261358558499,95.12178105359978,1.6593959484911922,254.78914169746653
RA-MTM,4,4,0.03774211884779284,0.005341694455002965,0.45110638906436806,0.02242497534204174,True,False,0.10112359550561797,69.77474190386796,74.3037961656031,0.2147453580400366,32.972712454966256
RA-MTM,4,3,0.021107875419772763,0.00904197783741066,0.4511063890643679,0.03463266563030798,True,True,0.7142857142857143,31.10298088171584,28.57003583134311,2.8502565703495777,437.6378198568249
RA-MTM,4,13,0.050491451316614186,0.09277744704356258,0.45110638906436806,0.09277744704356258,True,True,0.18181818181818182,75.85680353294137,69.79782937494767,1.0737267902001832,164.86356227483128
RA-MTM,5,14,0.008333333333333333,0.03324263766219187,0.8228250038684783,0.03324263766219187,True,False,0.09688581314878893,72.11226188241702,73.11226188241702,2.4778817879496855,866.2830817713863
RA-MTM,5,15,0.008333333333333333,0.016630376647915668,0.8228250038684782,0.016630376647915668,True,True,0.2828282828282828,96.69407079785356,97.69407079785356,0.36010738786812035,125.89581119168935
RA-MTM,5,3,0.008333333333333333,0.01277454208643943,0.8228250038684781,0.02185812354386855,True,True,0.3569682151589242,50.569329618110096,49.569329618110096,3.5067600390014584,1225.9853994619273
RA-MTM,6,14,0.008333333333333333,0.0,1.0042026041970349,0.03324263766219187,True,True,0.1903820816864295,66.45016037525777,67.45016037525777,4.767984805987942,4550.234318785344
RA-MTM,6,3,0.008333333333333333,0.0,1.004202604197035,0.02185812354386855,True,True,0.8147410358565738,53.50297699483943,52.50297699483943,1.5767644088313222,1504.7546956720964
RA-MTM,7,14,0.008333333333333333,0.0,0.8656164409108883,0.03324263766219187,True,True,0.22661396574440051,65.65592762433113,66.65592762433113,2.567757329291561,1031.1466440462175
RA-MTM,7,16,0.008333333333333333,,,,False,False,,82.18711257544632,83.18711257544632,0.007464410840963839,2.9975193140878416
RA-MTM,7,3,0.008333333333333333,0.0,0.8656164409108881,0.02185812354386855,True,True,0.9328214971209213,55.15026556804789,54.15026556804789,3.769527474686739,1513.74725361436
RA-MTM,8,14,0.01639352149419609,0.008060188160862758,0.17246926035094295,0.025182449501329116,True,True,0.6471816283924844,62.933991550599224,64.90121412990275,2.795458812469874,1333.8960947690896
RA-MTM,8,17,0.04811546763028964,,,,False,False,,92.68988775908957,86.91603164345482,0.16333017780722858,77.93550216628388
RA-MTM,8,18,0.06478213429695642,,,,False,False,,79.74896833638631,87.52282445202108,0.2638410564578308,125.89581119168935
RA-MTM,8,3,0.05989589224291413,0.0515625589095808,0.17246926035094284,0.07342068245344935,True,True,0.9343629343629344,54.594874602421854,47.40736753327216,3.122119168084331,1489.7670991016573
RA-MTM,9,19,0.003274868372700664,,,,False,True,,57.43994854898696,57.83293275371104,0.035297631236824834,11.990077256351366
RA-MTM,9,14,0.008333333333333333,0.008060188160862758,0.3398442521142586,0.03324263766219187,True,False,0.36444444444444446,65.49375932682875,66.49375932682875,1.4913249197558494,506.5807640808452
RA-MTM,9,17,0.008333333333333333,0.05644880096362297,0.3398442521142584,0.05644880096362297,True,True,0.14285714285714285,98.64458618910157,99.64458618910157,0.1235417093288869,41.96527039722978
RA-MTM,9,18,0.008333333333333333,0.0564488009636231,0.3398442521142582,0.0564488009636231,True,False,0.19607843137254902,74.19256593894947,75.19256593894947,0.16766374837491793,56.95286696766899
RA-MTM,9,3,0.008333333333333333,0.0515625589095808,0.3398442521142583,0.02185812354386855,True,True,0.8843283582089553,53.329560546743174,52.329560546743174,4.526921206122784,1537.7274081270627
RA-MTM,10,14,0.021791708112778706,0.013458374779445373,0.9610902600544751,0.019784262882746498,True,False,0.5795454545454546,68.94641636106707,71.56142133460051,5.721810201000643,743.3847898937847
RA-MTM,10,20,0.020372252667345117,,,,False,False,,70.24020580405215,67.79553548397074,0.0230718153266155,2.9975193140878416
RA-MTM,10,21,0.021791708112778706,,,,False,False,,29.279382587843553,26.66437761431011,0.25378996859277053,32.972712454966256
RA-MTM,10,3,0.021791708112778706,0.013458374779445373,0.9610902600544753,0.035316498323313926,True,True,0.029239766081871343,41.3400694237272,38.725064450193756,0.3460772298992325,44.962789711317626
RA-MTM,11,22,0.10046513117078157,,,,False,True,,20.745877751133428,8.69006201063964,0.06725882559879078,8.992557942263524
RA-MTM,11,23,0.11513367466927082,,,,False,True,,48.053093228605825,61.86913418891832,0.06725882559879078,8.992557942263524
RA-MTM,11,14,0.1132951308025584,0.1350868389153371,0.028675799976665958,0.1548711017980836,True,False,0.5673076923076923,73.59695376471659,60.00153806840958,5.403125656436193,722.4021546951698
RA-MTM,11,21,0.012259891782791084,0.009531816329987623,0.02867579997666636,0.009531816329987623,True,True,0.10714285714285714,23.049924057045157,21.578737043110227,0.4483921706586052,59.950386281756835
RA-MTM,11,24,0.03106288510885419,,,,False,False,,38.45290028730694,34.725354074244436,0.35871373652688415,47.960309025405465
RA-MTM,12,22,0.0824816149486718,0.017983516222109763,0.49011799343850126,0.017983516222109763,True,True,0.5,21.030327912357098,11.132534118516482,0.08239934045219821,17.985115884527048
RA-MTM,12,23,0.0824816149486718,0.19761528961794267,0.49011799343850093,0.19761528961794264,True,True,0.041666666666666664,39.555901178434894,29.658107384594278,0.6454615002088862,140.88340776212854
RA-MTM,12,14,0.022284710373950033,0.13557984117650843,0.49011799343850126,0.01929126062157517,True,True,0.42720763723150357,81.0493119305516,83.7234771754256,4.902760756905796,1070.1143951293595
RA-MTM,12,21,0.0824816149486718,0.0947415067314629,0.49011799343850126,0.10427332306145051,True,True,0.3181818181818182,22.452578718475454,32.35037251231607,0.12359901067829734,26.977673826790575
RA-MTM,12,24,0.06422666004318286,0.09528954515203705,0.4901179934385012,0.09528954515203705,True,False,0.37209302325581395,40.710309997018044,48.41750920219999,0.5905286065740873,128.8933305057772
RA-MTM,13,22,0.008333333333333333,0.07414828161533847,1.085540207100757,0.09213179783744824,True,True,0.46153846153846156,22.19000933888437,21.19000933888437,0.06029366943907194,38.96775108314194
RA-MTM,13,23,0.008333333333333333,0.07414828161533847,1.085540207100757,0.12346700800260416,True,True,0.3829787234042553,37.71807070414579,36.71807070414579,0.08348354230025345,53.95534765358115
RA-MTM,13,14,0.008333333333333333,0.0139513770406167,1.085540207100757,0.03324263766219187,True,True,0.5837479270315091,85.01258742104602,86.01258742104602,2.77350879419731,1792.5165498245292
RA-MTM,13,24,0.008333333333333333,0.055893326709849527,1.0855402071007572,0.039396218442187526,True,True,0.058186738836265225,49.782888931635846,50.782888931635846,3.4274632088826285,2215.166773110915
RA-MTM,14,23,0.008333333333333333,0.0,1.7488344245110214,0.12346700800260416,True,True,0.08866995073891626,33.86981967241864,32.86981967241864,5.4116978596987835,608.4964207598318
RA-MTM,14,25,0.008333333333333333,,,,False,False,,95.84072031418253,96.84072031418253,0.02665861014629943,2.9975193140878416
RA-MTM,14,14,0.008333333333333333,0.0,1.7488344245110206,0.03324263766219187,True,False,0.0016722408026755853,94.13401934684052,95.13401934684052,0.02665861014629943,2.9975193140878416
RA-MTM,14,24,0.008333333333333333,0.0,1.7488344245110212,0.039396218442187526,True,False,0.035182679296346414,39.5195883918957,40.5195883918957,0.6931238638037852,77.93550216628388
RA-MTM,14,26,0.008333333333333333,,,,False,True,,53.66082497844392,54.66082497844392,0.186610271024096,20.98263519861489
RA-MTM,15,23,0.008333333333333333,0.0,1.8973300468549341,0.12346700800260416,True,True,0.6157635467980296,29.443225880708376,28.443225880708376,0.4997439520179005,374.6899142609802
RA-MTM,15,25,0.008333333333333333,0.0,1.8973300468549343,0.0,True,True,0.0016778523489932886,85.35424557860121,86.35424557860121,2.3827791632213495,1786.5215111963535
RA-MTM,15,24,0.008333333333333333,0.0,1.8973300468549341,0.039396218442187526,True,True,0.03002309468822171,48.22652242621104,49.22652242621104,3.4622260995800147,2595.851726000071
RA-MTM,16,23,0.01703092243685876,0.008697589103525426,1.4034539814027167,0.13216459710612957,True,True,0.296,21.207148282847488,19.163437590424437,0.6019377460213148,110.90821462125014
RA-MTM,16,27,0.01703092243685873,,,,False,True,,99.55530477251516,101.5990154649382,0.27656599141519866,50.957828339493304
RA-MTM,16,25,0.005341734595727369,0.0029915987376059644,1.4034539814027167,0.0029915987376059644,True,True,0.06711409395973154,97.93142899917652,98.5724371506638,0.6507435092122322,119.90077256351367
RA-MTM,16,28,0.01703092243685876,,,,False,True,,19.81494995076505,21.858660643188102,0.17895446503336385,32.972712454966256
RA-MTM,16,24,0.01188407650959474,0.003550743176261406,1.403453981402717,0.04294696161844893,True,True,0.32909930715935337,47.08296846822199,48.50905764937336,4.636547503137154,854.2930045150348
RA-MTM,17,23,0.008333333333333333,0.008697589103525426,0.0717241807984455,0.12346700800260416,True,True,0.6756756756756757,20.199733441583984,19.199733441583984,0.3785649889510301,74.93798285219604
RA-MTM,17,29,0.008333333333333333,,,,False,True,,65.8228621238728,66.8228621238728,0.2574241924867004,50.957828339493304
RA-MTM,17,27,0.008333333333333333,0.008697589103525397,0.07172418079844578,0.008697589103525397,True,True,0.38636363636363635,98.71108103198503,99.71108103198503,0.6662743805538128,131.89084981986502
RA-MTM,17,25,0.008333333333333333,0.0029915987376059644,0.07172418079844589,0.0,True,True,0.225,100.39192289376126,101.39192289376126,0.1362833960223708,26.977673826790575
RA-MTM,17,28,0.0014091676536162427,0.018440090090475002,0.07172418079844567,0.018440090090475002,True,True,0.08148148148148149,26.510734351933138,26.34163423349919,2.044250940335562,404.6651074018586
RA-MTM,17,24,0.008333333333333333,0.020217409842928073,0.07172418079844595,0.02272955177552086,True,True,0.58,57.200649207005156,56.200649207005156,2.8619513164697867,566.531150362602
RA-MTM,18,29,0.0128014108511931,0.004468077517859766,0.030554668321972428,0.004468077517859766,True,True,0.56,62.40489681761831,63.94106611976148,0.3231122285324625,65.94542490993251
RA-MTM,18,23,0.0128014108511931,0.004468077517859766,0.030554668321972622,0.12793508552046393,True,True,0.29069767441860467,22.710568399585302,21.17439909744213,1.2630750751723534,257.7866610115544
RA-MTM,18,27,0.01280141085119304,0.0044680775178597065,0.03055466832197251,0.0042295115856656905,True,True,0.4174757281553398,95.23835526688534,96.7745245690285,1.4980657868323264,305.74697003695985
RA-MTM,18,25,0.012801410851193159,0.004468077517859825,0.03055466832197251,0.004468077517859825,True,True,0.5555555555555556,100.96082321620861,102.49699251835179,0.07343459739374147,14.987596570439209
RA-MTM,18,28,0.0128014108511931,0.011392243197576857,0.03055466832197243,0.02983233328805186,True,True,0.35323383084577115,34.86041932776491,33.32425002562174,2.012107968588517,410.6601460300343
RA-MTM,18,24,0.0128014108511931,0.004468077517859766,0.03055466832197251,0.018261474257661094,True,True,0.42328042328042326,62.60271897519656,61.06654967305339,1.1749535582998636,239.80154512702734
RA-MTM,19,23,0.044473183449279044,0.03167177259808594,0.05471043220130867,0.15960685811854985,True,True,0.6515151515151515,25.128996144534533,19.792214130621048,2.047694123120154,395.6725494595951
RA-MTM,19,30,0.06818766205420713,,,,False,True,,42.07963984290873,33.89712039640388,0.031025668532123542,5.995038628175683
RA-MTM,19,29,0.07346598908026068,0.08626739993145378,0.054710432201308584,0.08179932241359401,True,True,0.7241379310344828,61.15811851355352,52.342199823922236,0.4343593594497296,83.93054079445956
RA-MTM,19,27,0.03986228378749861,0.027060872936305578,0.05471043220130872,0.022831361350639887,True,True,0.7021276595744681,92.37784878624217,97.161322840742,2.1407711287165245,413.6576653441221
RA-MTM,19,28,0.07308825530299418,0.08588966615418728,0.05471043220130864,0.05605733286613542,True,False,0.26455026455026454,46.530448247937954,55.301038884297256,1.5823090951383008,305.74697003695985
RA-MTM,19,24,0.07003402666797078,0.08283543751916386,0.054710432201308556,0.10109691177682496,True,True,0.0875,60.487628847812005,68.8917120479685,0.1085898398624324,20.98263519861489
RA-MTM,20,23,0.01244334646304317,0.03202983698623587,0.38154644207264776,0.127577021132314,True,True,0.42424242424242425,21.20302979595719,19.70982822039201,0.59316520205322,167.86108158891912
RA-MTM,20,29,0.01244334646304317,0.08590933554330385,0.38154644207264765,0.004110013129709837,True,True,0.6363636363636364,60.465463900184204,61.958665475749385,0.46605837304181574,131.89084981986502
RA-MTM,20,27,0.01244334646304317,0.027418937324455446,0.38154644207264776,0.004587575973815561,True,True,0.7246376811594203,93.28066886316955,94.77387043873473,1.0592235750950358,299.7519314087842
RA-MTM,20,31,0.003426300516637356,,,,False,True,,22.782907937961,22.371751875964517,0.32835930827946114,92.92309873672309
RA-MTM,20,28,0.01244334646304317,0.08553160176603734,0.38154644207264754,0.029474268899901932,True,True,0.27371273712737126,59.860866768966666,58.367665193401486,3.8979427563497313,1103.0871075843256
RA-MTM,21,29,0.1366576852285238,0.149101031691567,0.0755379056671523,0.14499101856185714,True,True,0.7586206896551724,60.23540702997822,43.83648480255536,0.5696524062840826,173.8561202170948
RA-MTM,21,27,0.07019352664127396,0.05775018017823079,0.07553790566715245,0.05316260420441523,True,True,0.9230769230769231,93.79267915337212,102.215902350325,0.9821593211794528,299.7519314087842
RA-MTM,21,32,0.0033480292521225865,,,,False,True,,99.51669162845768,99.11492811820297,0.25536142350665775,77.93550216628388
RA-MTM,21,31,0.11999101856185715,0.1234173190784945,0.07553790566715257,0.1234173190784945,True,True,0.20567375886524822,30.42127604081338,44.82019826823624,1.3652014564394392,416.65518465821
RA-MTM,21,28,0.008518322723377618,0.020961669186420787,0.0755379056671524,0.008512599713481143,True,True,0.6731234866828087,68.20061888951962,69.22281761632493,3.1723746074096324,968.1987384503728
RA-MTM,22,33,0.0436460946012752,,,,False,True,,20.745877751133435,15.508346398980411,0.3500551290934766,71.94046353810819
RA-MTM,22,29,0.05182037886828675,0.18847806409681056,0.3954534726939175,0.04348704553495342,True,True,0.7466666666666667,61.30925005713909,67.5276955213335,1.064751017659325,218.81890992841244
RA-MTM,22,27,0.06464121847779818,0.005552308163475791,0.3954534726939175,0.04761029604093944,True,True,0.78,94.35282716316642,102.1097733805022,1.1376791695537989,233.80650649885163
RA-MTM,22,32,0.0025200596962246637,0.00586808894834725,0.3954534726939172,0.00586808894834725,True,True,0.1111111111111111,100.96082321620861,101.26323037975557,0.05834252151557943,11.990077256351366
RA-MTM,22,31,0.008788844713632097,0.12877986327548924,0.3954534726939176,0.005362544196994741,True,False,0.1497005988023952,43.67363414259611,42.618972776960256,0.7730384100814276,158.8685236466556
RA-MTM,22,28,0.06458353523779614,0.07310185796117376,0.3954534726939176,0.0816144576746549,True,True,0.6184615384615385,73.7713112537253,66.02128702518976,2.9608829669156567,608.4964207598318
RA-MTM,23,33,0.05486182027154053,0.011215725670265334,0.0,0.011215725670265334,True,True,0.1935483870967742,23.240286857248694,16.65686842466383,0.18961319492563317,38.96775108314194
RA-MTM,23,29,0.05486182027154053,0.0030414414032537826,1.942890293094024e-16,0.0465284869382072,True,True,0.8295454545454546,60.58182987523021,67.16524830781508,1.2835354733427475,263.78169963973005
RA-MTM,23,27,0.05357861358831381,0.011062604889484361,1.1102230246251565e-16,0.03654769115145508,True,True,0.7564102564102564,94.9150519929123,101.34448562350995,0.8605521923547969,176.85363953118267
RA-MTM,23,31,0.012860137328557819,0.004071292614925722,0.0,0.009433836811920464,True,False,0.2,43.68393875221023,42.14072227278329,0.3646407594723715,74.93798285219604
RA-MTM,23,34,0.001895397646012409,,,,False,True,,22.07331183684389,22.300759554365378,0.13127067341005372,26.977673826790575
RA-MTM,23,28,0.046484529815705854,0.018099005422090288,0.0,0.06351545225256462,True,True,0.7142857142857143,70.04899864173584,64.47085506385113,3.5151369213136614,722.4021546951698
RA-MTM,24,29,0.04397664713792994,0.010885173133610593,0.2772833652308822,0.03564331380459661,True,True,0.8,61.163659750460496,66.44085740701209,1.2158927066726812,329.72712454966256
RA-MTM,24,27,0.04297780279840945,0.010600810789904358,0.27728336523088215,0.025946880361550722,True,True,0.06779661016949153,89.86726692848544,95.02460326429457,0.044214280242642956,11.990077256351366
RA-MTM,24,35,0.04397664713792994,,,,False,True,,99.49793667277257,104.77513432932416,0.2321249712738755,62.947905595844674
RA-MTM,24,34,0.04397664713792994,0.04587204478394235,0.2772833652308823,0.04587204478394235,True,False,0.05,28.85270734600805,23.575509689456457,0.13264284072792884,35.970231769054095
RA-MTM,24,28,0.04397664713792994,0.002507882677775915,0.27728336523088243,0.0610075695747887,True,True,0.5644028103044496,67.73411328291996,62.45691562636837,4.719874415902136,1279.9407471155084
RA-MTM,25,27,0.059299292110044394,0.016321489311634945,0.029186621086531472,0.04226836967318567,True,True,0.15384615384615385,93.60888058765838,100.7247956408637,0.27912602298697275,77.93550216628388
RA-MTM,25,29,0.07776613915994547,0.033789492022015526,0.02918662108653166,0.06943280582661213,True,True,0.8608695652173913,61.13233044948662,70.46426714868008,1.116504091947891,311.74200866513553
RA-MTM,25,36,0.11653637168554033,,,,False,False,,44.24025064199066,58.2246152442555,0.5045739646302968,140.88340776212854
RA-MTM,25,34,0.05929095234120781,0.01531430520327787,0.029186621086531472,0.061186349987220216,True,True,0.14864864864864866,25.49190920826262,18.376994927317682,0.7836999876172696,218.81890992841244
RA-MTM,25,28,0.13320303835220712,0.08922639121427718,0.02918662108653175,0.15023396078906587,True,True,0.7142857142857143,72.66762506845357,56.68326046618872,3.6608451476368344,1022.154086103954
RA-MTM,26,27,0.06465311904901382,0.0053538269389694195,0.1612258473063587,0.04762219661215508,True,True,0.75,93.2806688631695,101.03904314905115,0.37841446609260027,89.92557942263525
RA-MTM,26,29,0.08767605625365722,0.009909917093711761,0.1612258473063588,0.07934272292032389,True,True,0.6442307692307693,63.235089893319966,73.75621664375883,0.8451256409401404,200.83379404388538
RA-MTM,26,36,0.1424911935500305,0.025954821864490184,0.16122584730635914,0.025954821864490184,True,True,0.37037037037037035,43.62580953114434,60.724752757148,1.273995369178421,302.749450722872
RA-MTM,26,34,0.07127130873792643,0.011980356396718624,0.16122584730635903,0.07316670638393884,True,True,0.5555555555555556,30.87829191514292,22.32573486659175,1.1983124759599009,284.76433483834495
RA-MTM,26,28,0.15915786021669717,0.025954821864490066,0.1612258473063592,0.17618878265355595,True,True,0.5971014492753624,78.34297182519501,59.244028599191346,2.648901262648202,629.4790559584467
RA-MTM,27,36,0.04459165925455384,0.18708285280458437,0.1899049098384758,0.16112803094009417,True,True,0.562874251497006,41.290290645513025,35.939291534966564,2.440288159545871,479.6030902540547
RA-MTM,27,29,0.07333648365175739,0.16101253990541461,0.18990490983847583,0.08166981698509072,True,True,0.6931818181818182,65.34905059276704,56.548672554556155,1.2506476817672587,245.79658375520302
RA-MTM,27,27,0.1579976321799556,0.22265075122896943,0.18990490983847597,0.17502855461681435,True,True,0.40540540540540543,94.8259251444116,75.86620928281692,1.1286332737899651,221.81642924250028
RA-MTM,27,37,0.1746642988466223,,,,False,False,,55.909802854128586,76.86951871572326,0.8846044578353782,173.8561202170948
RA-MTM,27,28,0.09584521189488378,0.25500307211158096,0.18990490983847574,0.07881428945802502,True,True,0.2,85.92560040867173,97.42702583605778,0.6405756418807911,125.89581119168935
RA-MTM,28,36,0.2579345297282346,0.3025261889827885,0.07410797215372178,0.1413981580426943,True,True,0.7192118226600985,37.37943955983187,68.33158312722003,2.676691075001877,566.531150362602
RA-MTM,28,29,0.09880787058921522,0.1721443542409726,0.07410797215372167,0.09047453725588189,True,True,0.5104166666666666,69.45458154924391,81.31152601994974,0.8922303583339591,188.84371678753402
RA-MTM,28,27,0.059985134035038,0.21798276621499363,0.07410797215372186,0.04295421159817927,True,True,0.8378378378378378,94.93231496059728,102.13053104480184,0.8780679716937374,185.84619747344618
RA-MTM,28,28,0.10912994591580336,0.20497515781068715,0.07410797215372167,0.12616086835266213,True,True,0.18518518518518517,75.24460016591942,62.14900665602302,1.6711616235461457,353.70727906236533
RA-MTM,28,38,0.06519283996751445,,,,False,True,,22.20876429456945,14.385623498467714,0.198273412963102,41.96527039722978
RA-MTM,28,39,0.2746011963949011,,,,False,True,,100.10747273253759,67.15532916514945,0.028324773280443142,5.995038628175683
RA-MTM,29,36,0.1237111066602294,0.13422342306800522,1.2666960627992923,0.007174734974689064,True,True,0.8068669527896996,36.81240754714625,51.65774034637378,0.9257747282000435,695.4244808683792
RA-MTM,29,29,0.05336904571005689,0.045438824879158325,1.2666960627992925,0.04503571237672356,True,True,0.631578947368421,71.07500519025201,77.47929067545884,0.36711756463105166,275.7717768960814
RA-MTM,29,27,0.03757287328737403,0.022412260747663972,1.2666960627992923,0.020541950850515297,True,True,0.8529411764705882,95.62738269326479,100.13612748774968,0.25538613191725335,191.84123610162186
RA-MTM,29,28,0.13795324432487727,0.028823298409073907,1.266696062799292,0.15498416676173604,True,True,0.09816971713810316,66.28156828579131,49.727178966806036,4.796470790070915,3603.0182155335856
RA-MTM,30,36,0.0063409939055958375,0.13005210056582522,0.08324489419415274,0.12287736559113617,True,True,0.9193548387096774,35.83339408948072,35.07247482080922,1.0581810037019141,731.3947126374334
RA-MTM,30,27,0.008333333333333333,0.029239539954040696,0.08324489419415304,0.008697589103525397,True,True,0.03125,91.57396789582747,92.57396789582747,0.008673614784441919,5.995038628175683
RA-MTM,30,29,0.008333333333333333,0.04503571237672356,0.08324489419415304,0.0,True,False,0.010869565217391304,73.6536077387362,74.6536077387362,0.0043368073922209595,2.9975193140878416
RA-MTM,30,40,0.008333333333333333,,,,False,False,,71.94690677139417,72.94690677139417,0.0043368073922209595,2.9975193140878416
RA-MTM,30,28,0.008333333333333333,0.12961991099154394,0.0832448941941531,0.025364255770192093,True,True,0.9602595296025953,66.88018217122739,65.88018217122739,5.269220981548466,3641.9859666167276
RA-MTM,31,36,0.008333333333333333,0.0019923394277374957,0.11237617635101056,0.12486970501887366,True,True,0.8344827586206897,35.97581346665078,34.97581346665078,1.1162417677873842,863.2855624572984
RA-MTM,31,27,0.008333333333333333,0.0,0.11237617635101094,0.008697589103525397,True,True,0.08333333333333333,96.5518457172417,97.5518457172417,0.09302014731561534,71.94046353810819
RA-MTM,31,29,0.008333333333333333,0.0,0.11237617635101049,0.0,True,True,0.013333333333333334,74.85967642232453,75.85967642232453,0.29068796036129796,224.81394855658812
RA-MTM,31,41,0.008333333333333333,,,,False,True,,100.96082321620861,101.96082321620861,0.01550335788593589,11.990077256351366
RA-MTM,31,28,0.008333333333333333,0.0,0.11237617635101081,0.025364255770192093,True,True,0.9454545454545454,66.0748144383322,65.0748144383322,4.82929598146903,3734.9090653534504
RA-MTM,32,36,0.035727088383619925,0.02739375505028659,0.8844275013281708,0.15226346006916025,True,True,0.7569832402234636,34.99507908257843,30.707828476544037,3.200531778481315,1022.154086103954
RA-MTM,32,29,0.035727088383619925,0.02739375505028659,0.8844275013281708,0.02739375505028659,True,True,0.44,77.01529146228866,81.30254206832305,0.3097288817885143,98.91813736489877
RA-MTM,32,27,0.035727088383619925,0.02739375505028659,0.884427501328171,0.018696165946761194,True,True,0.19230769230769232,90.23298856434444,94.52023917037883,0.06570006583392729,20.98263519861489
RA-MTM,32,42,0.035727088383619925,,,,False,True,,100.27814282927179,104.56539343530618,0.04692861845280521,14.987596570439209
RA-MTM,32,43,0.028622969141507266,,,,False,False,,44.63969129392178,41.204934996940906,0.14078585535841565,44.962789711317626
RA-MTM,32,28,0.035727088383619925,0.02739375505028659,0.8844275013281709,0.052758010820478686,True,True,0.22070626003210272,82.36709195018425,78.07984134414986,2.581074014904287,824.3178113741565
RA-MTM,33,36,0.008333333333333333,0.02739375505028659,0.1635636797233978,0.12486970501887366,True,True,0.8504398826979472,34.17584881139034,33.17584881139034,3.205535317591614,869.280601085474
RA-MTM,33,27,0.008333333333333333,0.02739375505028659,0.1635636797233977,0.008697589103525397,True,True,0.1590909090909091,94.94858117216286,95.94858117216286,0.48635708266907246,131.89084981986502
RA-MTM,33,44,0.0061304234683021855,,,,False,False,,59.13867427816381,58.40302346196755,1.182731996490699,320.7345666073991
RA-MTM,33,28,0.008333333333333333,0.02739375505028659,0.16356367972339747,0.025364255770192093,True,True,0.48363636363636364,84.8177418860111,83.8177418860111,1.4701248180678783,398.67006877368294
RA-MTM,34,36,0.008333333333333333,0.0,0.09784102582460974,0.12486970501887366,True,True,0.8135593220338984,33.77253411411133,32.77253411411133,2.455708621849478,734.3922319515211
RA-MTM,34,27,0.008333333333333333,0.0,0.0978410258246094,0.008697589103525397,True,True,0.23655913978494625,90.0049041032711,91.0049041032711,1.864333892506135,557.5385924203385
RA-MTM,34,44,0.008333333333333333,0.0022029098650311477,0.09784102582460952,0.0022029098650311477,True,False,0.14146341463414633,73.81487082226454,72.81487082226454,1.2729591631627908,380.68495288915585
RA-MTM,34,28,0.008333333333333333,0.0,0.09784102582460963,0.025364255770192093,True,True,0.5639097744360902,85.19090627796831,84.19090627796831,0.7517475373008609,224.81394855658812
RA-MTM,35,36,0.09977239827750006,0.09143906494416673,0.3257870312499712,0.2163087699630404,True,True,0.6938775510204082,32.34140491160425,20.368717118304243,2.3601911740027894,509.57828339493307
RA-MTM,35,45,0.12842281109731235,,,,False,True,,64.26675241835505,79.67748975003254,0.13883477494134056,29.975193140878417
RA-MTM,35,27,0.11175614443064556,0.1200894777639789,0.32578703124997127,0.1287870668675043,True,True,0.6129032258064516,92.15783927939185,78.74710194771438,1.5827164343312823,341.7172018060139
RA-MTM,35,46,0.020221082223005026,,,,False,True,,19.039176783791405,21.465706650552008,0.027766954988268106,5.995038628175683
RA-MTM,35,44,0.09132553760275618,0.08299220426942285,0.3257870312499711,0.08519511413445399,True,False,0.20618556701030927,86.39803832664533,75.4389738143146,1.485532091872344,320.7345666073991
RA-MTM,35,28,0.09459282860239095,0.08625949526905761,0.3257870312499711,0.11162375103924971,True,True,0.72,88.22377710808202,76.8726376757951,0.749707784683239,161.86604296074344
RA-MTM,36,36,0.08843593127322762,0.011336467004272452,0.08442867961679067,0.20497230295876795,True,True,0.8135593220338984,31.754664123260124,21.14235237047281,2.281088408185021,452.6254164272641
RA-MTM,36,45,0.1596802458964418,0.03125743479912947,0.08442867961679079,0.03125743479912947,True,True,0.2727272727272727,60.853350483671015,80.01497999124403,0.0604261829982787,11.990077256351366
RA-MTM,36,27,0.0893340659176836,0.022422078512961956,0.08442867961679074,0.10636498835454233,True,True,0.5789473684210527,89.9707033507486,79.25061544062656,0.9970320194715985,197.83627472979754
RA-MTM,36,46,0.009053951005978255,0.029275033228983283,0.08442867961679079,0.029275033228983283,True,True,0.0273972602739726,23.5747930531661,22.48831893244871,1.1027778397185863,218.81890992841244
RA-MTM,36,44,0.1430135792297752,0.05168804162701903,0.08442867961679063,0.13688315576147303,True,True,0.2785714285714286,94.89255311010363,77.73092360253061,1.0876712939690165,215.8213906143246
RA-MTM,36,28,0.11090311546573754,0.01631028686334659,0.08442867961679063,0.1279340379025963,True,True,0.8305084745762712,89.51960562032316,76.21123176443466,0.8157534704767624,161.86604296074344
RA-MTM,37,36,0.07707744391774574,0.011358487355481875,0.1909299313305548,0.19361381560328608,True,True,0.5496688741721855,29.238257263329274,19.988963993199786,1.5176201291930804,248.79410306929086
RA-MTM,37,27,0.08579253059377716,0.17512659651146076,0.19092993133055472,0.06876160815691842,True,True,0.7837837837837838,91.8066998459196,102.10180351717285,1.2067822714065457,197.83627472979754
RA-MTM,37,47,0.12644065291587553,,,,False,False,,72.45891706159678,87.63179541150184,0.1828457986979615,29.975193140878417
RA-MTM,37,48,0.0191100707141126,,,,False,False,,84.74716402645934,87.04037251215286,0.1828457986979615,29.975193140878417
RA-MTM,37,46,0.0003215042350208049,0.00937545524099906,0.19092993133055458,0.01989957798798422,True,True,0.477124183006536,28.320060475481352,28.35864098368385,2.7975407200788105,458.6204550554398
RA-MTM,37,44,0.10977398624920909,0.03323959298056612,0.1909299313305548,0.1036435627809069,True,True,0.18055555555555555,99.51669162845764,86.34381327855255,0.23769953830734994,38.96775108314194
RA-MTM,37,49,0.05722750782816348,,,,False,True,,83.89381354278835,77.02651260340873,0.09142289934898075,14.987596570439209
RA-MTM,37,28,0.0850598308677719,0.02584328459796564,0.1909299313305548,0.10209075330463066,True,True,0.12962962962962962,95.84072031418252,85.63354061004989,0.12799205908857303,20.98263519861489
RA-MTM,38,36,0.02898703802316073,0.048090405894585006,0.3987180945615698,0.14552340970870106,True,True,0.8795180722891566,29.209244191925386,25.730799629146098,0.8958736802356021,218.81890992841244
RA-MTM,38,27,0.02898703802316073,0.05680549257061642,0.3987180945615698,0.011956115586302,True,True,0.5303030303030303,90.91566895128122,94.3941135140605,0.4295284768252887,104.91317599307446
RA-MTM,38,50,0.02898703802316073,,,,False,False,,75.90145779328422,79.37990235606351,0.5031619299953383,122.89829187760151
RA-MTM,38,51,0.015721502706599704,,,,False,False,,88.51194557206678,90.39852589685874,0.2086281173151402,50.957828339493304
RA-MTM,38,46,0.0009453323867488095,0.0006238281517280046,0.39871809456156965,0.01927574983625622,True,True,0.6,35.48701122254804,35.6004511089579,2.6385320719267735,644.4666525288859
RA-MTM,38,28,0.02898703802316073,0.05607279284461117,0.39871809456156937,0.04601796046001949,True,True,0.051470588235294115,79.8153002017137,76.33685563893441,1.6690249385211215,407.66262671594643
RA-MTM,39,36,0.050981638088908925,0.021994600065748198,0.39010972002496974,0.16751800977444925,True,True,0.6947368421052632,33.25522006858349,27.13742349791442,1.5952512311545577,263.78169963973005
RA-MTM,39,27,0.038075965318416984,0.009088927295256255,0.3901097200249699,0.021045042881558253,True,True,0.05,98.03505012933655,102.60416596754659,0.1268949842963853,20.98263519861489
RA-MTM,39,52,0.0491188669396904,,,,False,False,,94.13401934684052,100.02828337960337,0.03625570979896722,5.995038628175683
RA-MTM,39,53,0.04712721536157562,,,,False,False,,92.42731837949847,98.08258422288755,0.01812785489948361,2.9975193140878416
RA-MTM,39,54,0.046553414125693963,,,,False,False,,90.72061741215646,96.30702710723973,0.01812785489948361,2.9975193140878416
RA-MTM,39,50,0.050981638088908925,0.021994600065748198,0.3901097200249697,0.021994600065748198,True,True,0.10810810810810811,77.30289517297159,83.42069174364066,2.229726152636484,368.6948756328045
RA-MTM,39,51,0.050981638088908925,0.035260135382309224,0.3901097200249699,0.035260135382309224,True,True,0.012658227848101266,97.30360685761849,103.42140342828756,1.1420548586674677,188.84371678753402
RA-MTM,39,46,0.0197326756471844,0.01878734326043559,0.3901097200249697,0.000488406575820625,True,True,0.2372093023255814,25.899445378009347,28.267366455671475,0.9245205998736643,152.87348501847993
RA-MTM,39,55,0.027672973238616016,,,,False,False,,43.78634081025076,40.46558402161684,0.07251141959793445,11.990077256351366
RA-MTM,39,56,0.050981638088908925,,,,False,True,,76.21365918974924,70.09586261908017,0.07251141959793445,11.990077256351366
RA-MTM,39,28,0.050981638088908925,0.021994600065748198,0.3901097200249697,0.06801256052576769,True,True,0.04411764705882353,86.45386499380139,80.33606842313232,0.10876712939690167,17.985115884527048
RA-MTM,40,36,0.08281747417077127,0.03183583608186235,0.41494385206270845,0.1993538458563116,True,True,0.6692913385826772,36.45027939417576,26.512182493683206,1.484431891769035,371.69239494689236
RA-MTM,40,50,0.08281747417077127,0.03183583608186235,0.4149438520627086,0.053830436147610544,True,True,0.41414141414141414,83.14102624742874,93.0791231479213,3.555453805285511,890.263236284089
RA-MTM,40,51,0.06615080750410461,0.11713244559301354,0.41494385206270856,0.08187231021070432,True,True,0.47619047619047616,99.53857241009031,91.60047550959776,0.3591367480086375,89.92557942263525
RA-MTM,40,46,0.009035684654009479,0.010696990993174922,0.4149438520627086,0.011185397568995548,True,False,0.32,35.46617359445839,36.55045575293953,0.5746187968138199,143.88092707621638
RA-MTM,40,57,0.011656363808849927,,,,False,False,,60.28445016122367,58.885686504161676,0.21548204880518249,53.95534765358115
RA-MTM,40,28,0.045578617519897925,0.005403020569011,0.41494385206270845,0.0626095399567567,True,True,0.26666666666666666,91.24575617133861,85.77632206895086,0.15562592413707627,38.96775108314194
RA-MTM,41,36,0.034016885852484906,0.04880058831828637,0.16966315992203065,0.15055325753802523,True,True,0.5978835978835979,41.398877097508276,37.31685079521009,1.798352484455142,533.5584379076358
RA-MTM,41,50,0.034016885852484906,0.04880058831828637,0.16966315992203093,0.005029847829324178,True,True,0.8461538461538461,82.79977446115889,86.88180076345708,3.546189449684015,1052.1292792448323
RA-MTM,41,46,0.020185521356652282,0.011149836702642801,0.16966315992203088,3.556086635274625e-05,True,False,0.4098360655737705,40.46276524226894,42.88502780506721,0.383917946119637,113.90573393533798
RA-MTM,41,57,0.002294811378679166,0.00936155243017076,0.16966315992203068,0.00936155243017076,True,False,0.22580645161290322,66.82680386936809,66.55142650392659,0.20206207690507214,59.950386281756835
RA-MTM,41,58,0.02027604934619897,,,,False,False,,87.47372288892042,85.04059696737654,0.4142272576553978,122.89829187760151
RA-MTM,42,50,0.05305484280439501,0.019037956951910098,0.21418635771019295,0.024067804781234277,True,True,0.7236467236467237,84.76732191190038,91.13390304842778,2.0714219801595024,761.3699057783117
RA-MTM,42,36,0.05305484280439495,0.01903795695191004,0.21418635771019306,0.16959121448993528,True,True,0.6230366492146597,43.631186176856,37.264605040328604,1.0764870133112374,395.6725494595951
RA-MTM,42,46,0.03638817613772828,0.016202654781076003,0.21418635771019268,0.016167093914723256,True,True,0.2786885245901639,33.90772419419479,38.274305330722186,0.9623141482630762,353.70727906236533
RA-MTM,42,58,0.017551426603551926,0.0027246227426470427,0.21418635771019257,0.0027246227426470427,True,True,0.14963503649635038,81.15312585800552,79.04695466557929,2.234526073085448,821.3202920600686
RA-MTM,43,50,0.008333333333333333,0.044721509471061675,0.3128460900520608,0.0206537046898274,True,True,0.547244094488189,90.20492359468616,91.20492359468616,1.5499475234795743,416.65518465821
RA-MTM,43,46,0.008333333333333333,0.04472150947106161,0.31284609005206077,0.02855441555633836,True,False,0.405982905982906,42.593267859146735,41.593267859146735,2.3527980392387784,632.4765752725345
RA-MTM,43,58,0.008333333333333333,0.009218093270218592,0.3128460900520605,0.011942716012865636,True,True,0.6825938566552902,85.90444755910916,84.90444755910916,2.4420036521009116,656.4567297852373
RA-MTM,44,50,0.011405609363219918,0.0030722760298865855,0.09777366864476822,0.017581428659940813,True,True,0.775,92.00358572553769,93.37225884912408,1.7829237134666538,434.640300542737
RA-MTM,44,46,0.011405609363219918,0.0030722760298865855,0.09777366864476802,0.03162669158622495,True,False,0.5933333333333334,50.2775574107595,48.90888428717311,3.2830388379006656,800.3376568614538
RA-MTM,44,58,0.011405609363219918,0.0030722760298865855,0.09777366864476833,0.00887043998297905,True,True,0.4748858447488584,91.47550437848082,90.10683125489443,1.2787866634519447,311.74200866513553
RA-MTM,45,59,0.034820416299756886,,,,False,True,,21.769898331538645,17.59144837556782,0.14686919478748295,29.975193140878417
RA-MTM,45,60,0.034820416299756886,,,,False,True,,63.413401934684046,59.23495197871322,0.029373838957496585,5.995038628175683
RA-MTM,45,50,0.03482041629975695,0.02341480693653703,0.17768117723745222,0.005833378276596217,True,True,0.9078947368421053,92.15660029502352,96.33505025099436,2.1296033244185026,434.640300542737
RA-MTM,45,46,0.02850703440712472,0.03991264377034464,0.1776811772374523,0.008285952184119694,True,False,0.6048632218844985,58.522166978470096,61.94301110732506,3.8332859839533047,782.3525409769267
RA-MTM,45,61,0.03482041629975683,,,,False,True,,71.94690677139417,76.12535672736499,0.014686919478748292,2.9975193140878416
RA-MTM,45,58,0.0015995776101008848,0.009806031753119034,0.17768117723745203,0.018676471736098085,True,True,0.125,95.4468662447959,95.2549169315838,0.19092995322372783,38.96775108314194
RA-MTM,46,59,0.008333333333333333,0.026487082966423554,0.19630779876869464,0.026487082966423554,True,True,0.37037037037037035,22.579001012352638,21.579001012352638,0.48255839098625386,80.93302148037172
RA-MTM,46,50,0.008333333333333333,0.026487082966423613,0.19630779876869453,0.0206537046898274,True,True,0.5655172413793104,94.80004899263253,95.80004899263253,1.4655477059582525,245.79658375520302
RA-MTM,46,46,0.003587820786510084,0.0320948551936348,0.1963077987686947,0.02380890300951511,True,False,0.5793103448275863,65.7871890669263,65.35665057254509,3.520889000899704,590.5113048753047
RA-MTM,46,62,0.008333333333333333,,,,False,True,,23.981498335052677,24.981498335052677,0.8578815839755622,143.88092707621638
RA-MTM,46,63,0.0016102263806272296,,,,False,True,,75.36030870607823,75.16708154040296,0.017872532999490882,2.9975193140878416
RA-MTM,47,59,0.04048021767333646,0.03214688434000313,0.46116183866427446,0.005659801373579576,True,True,0.5,20.258248903321423,15.400622782521047,0.23666027266643794,62.947905595844674
RA-MTM,47,50,0.04048021767333646,0.03214688434000313,0.4611618386642743,0.011493179650175734,True,True,0.6585365853658537,96.69407079785353,101.5516969186539,0.6085549868565547,161.86604296074344
RA-MTM,47,64,0.032604999611355365,,,,False,False,,67.2534791112036,71.16607906456625,0.0450781471745596,11.990077256351366
RA-MTM,47,62,0.01221505913715797,0.0038817258038246353,0.4611618386642744,0.0038817258038246353,True,True,0.3380281690140845,29.627934193850006,31.093741290308962,1.600274224696866,425.6477426004735
RA-MTM,47,46,0.032742160817864865,0.029154340031354784,0.4611618386642745,0.05296324304086989,True,True,0.49722222222222223,73.4939164201545,69.56485712201072,3.854181583424846,1025.1516054180418
RA-MTM,48,50,0.06638890299520574,0.025908685321869265,0.5556273049170336,0.037401864972045,True,True,0.2962962962962963,97.01407722923015,104.98074558865484,0.31429098277742484,47.960309025405465
RA-MTM,48,64,0.049722236328539185,0.017117236717183813,0.5556273049170342,0.017117236717183813,True,False,0.06451612903225806,70.26773323900932,76.23440159843402,1.2178775582625214,185.84619747344618
RA-MTM,48,62,0.01740431001743718,0.029619369154595145,0.5556273049170337,0.02573764335077051,True,False,0.07746478873239436,35.485567923632736,33.397050721540275,0.2160750506594796,32.972712454966256
RA-MTM,48,65,0.024512492593679238,,,,False,False,,28.42603210417254,25.48453299293103,0.11785911854153432,17.985115884527048
RA-MTM,48,46,0.06638890299520574,0.033646742177340865,0.5556273049170342,0.08660998521821076,True,True,0.5702479338842975,82.2769389421485,74.31027058272382,4.478646504578305,683.4344036120278
RA-MTM,49,66,0.10282166887062001,,,,False,True,,47.56546438079382,35.22686411631942,0.13835901714559143,20.98263519861489
RA-MTM,49,67,0.08263904976072295,,,,False,True,,91.57396789582747,101.49065386711422,0.03953114775588327,5.995038628175683
RA-MTM,49,64,0.05832250949788739,0.00860027316934821,0.006211200092640867,0.025717509886532024,True,False,0.1774193548387097,73.03298920515728,80.03169034490377,0.21742131265735795,32.972712454966256
RA-MTM,49,62,0.011948179208433036,0.029352489225870214,0.006211200092640645,0.003614845875099704,True,False,0.05813953488372093,45.70637939851054,47.140160903522506,1.581245910235331,239.80154512702734
RA-MTM,49,65,0.08615500220395343,0.11066749479763267,0.006211200092640645,0.11066749479763267,True,True,0.13333333333333333,25.561212623276997,35.89981288775141,0.5534360685823657,83.93054079445956
RA-MTM,49,46,0.05035196866970194,0.016036934325503793,0.006211200092640506,0.07057305089270696,True,True,0.7763713080168776,84.56588231749298,78.52364607712875,3.8147557584427347,578.5212276189534
RA-MTM,50,66,0.1047829390609119,0.001961270190291901,0.012539349252735033,0.001961270190291901,True,True,0.2,42.93299032657975,30.35903763927032,0.1000749087510925,14.987596570439209
RA-MTM,50,68,0.08811627239424527,,,,False,True,,20.380156115274424,30.954108802583857,0.280209744503059,41.96527039722978
RA-MTM,50,69,0.08176617770164504,,,,False,False,,77.06700967342024,86.87895099761765,0.020014981750218496,2.9975193140878416
RA-MTM,50,62,0.030974760311232488,0.019026581102799454,0.012539349252735144,0.022641426977899157,True,False,0.36363636363636365,55.77444381189112,59.491415049239016,2.9021723537816824,434.640300542737
RA-MTM,50,65,0.06706049835377494,0.019094503850178503,0.012539349252734908,0.09157299094745416,True,False,0.48717948717948717,29.79139287804616,37.83865268049915,0.6004494525065549,89.92557942263525
RA-MTM,50,46,0.0073852134640125895,0.04296675520568935,0.01253934925273531,0.027606295687017616,True,True,0.6321243523316062,86.64971592447995,85.76349030879844,2.441827773526657,365.6973563187167
RA-MTM,51,68,0.008333333333333333,0.0964496057275786,0.3525655656253981,0.0964496057275786,True,True,0.23333333333333334,21.51389318643734,20.51389318643734,0.8440908046322745,179.8511588452705
RA-MTM,51,62,0.008333333333333333,0.022641426977899157,0.352565565625398,0.0,True,False,0.4101694915254237,64.7233421605407,65.7233421605407,3.8124768009224397,812.3277341178051
RA-MTM,51,65,0.008333333333333333,0.0587271650204416,0.3525655656253978,0.03284582592701257,True,True,0.5357142857142857,30.77274593426782,31.77274593426782,0.7878180843234561,167.86108158891912
RA-MTM,51,46,0.008333333333333333,0.015718546797345922,0.3525655656253981,0.011887748889671694,True,True,0.5245901639344263,89.06725085004385,90.06725085004385,0.9003635249410926,191.84123610162186
RA-MTM,52,68,0.008333333333333333,0.0,0.07474128439781547,0.0964496057275786,True,True,0.32432432432432434,21.06027003459118,20.06027003459118,0.49609150239327565,113.90573393533798
RA-MTM,52,62,0.0041521448469940955,0.004181188486339238,0.07474128439781544,0.004181188486339238,True,False,0.5620253164556962,72.25766446197959,72.75592184361888,4.517043679686142,1037.1416826743932
RA-MTM,52,65,0.008333333333333333,0.0,0.07474128439781538,0.03284582592701257,True,True,0.7432432432432432,30.027525477637315,31.027525477637315,0.953017886176556,218.81890992841244
RA-MTM,52,46,0.008333333333333333,0.0,0.07474128439781513,0.011887748889671694,True,True,0.453125,95.36990625422611,96.36990625422611,0.3785961465632894,86.9280601085474
RA-MTM,53,68,0.008333333333333333,0.0,0.8829037158414178,0.0964496057275786,True,True,0.64,22.60773335187018,21.60773335187018,1.3889003256320773,131.89084981986502
RA-MTM,53,70,0.005513312229049798,,,,False,False,,58.42458372245351,59.08618118993949,0.4103569143912956,38.96775108314194
RA-MTM,53,65,0.008333333333333333,0.0,0.8829037158414179,0.03284582592701257,True,False,0.1506849315068493,29.434537221238283,30.434537221238283,0.34722508140801933,32.972712454966256
RA-MTM,53,62,0.0037990338735482965,0.00035311097344579897,0.882903715841418,0.004534299459785037,True,False,0.37283236994219654,81.34037721180384,81.79626127662964,4.072003227421319,386.6799915173316
RA-MTM,53,46,0.008333333333333333,0.0,0.8829037158414179,0.011887748889671694,True,True,0.13793103448275862,100.10747273253759,101.10747273253759,0.1262636659665525,11.990077256351366
RA-MTM,54,68,0.008333333333333333,0.0,0.12604072089536478,0.0964496057275786,True,True,0.5294117647058824,23.657308813069818,22.657308813069818,0.946146812736206,101.91565667898661
RA-MTM,54,70,0.007748122996023395,0.0022348107669735977,0.1260407208953649,0.0022348107669735977,True,False,0.13793103448275862,59.74201031889016,60.67178507841297,2.393194879273933,257.7866610115544
RA-MTM,54,62,0.008333333333333333,0.004534299459785037,0.12604072089536492,0.0,True,True,0.5695364238410596,86.59609007441315,87.59609007441315,3.0054075228091253,323.7320859214869
RA-MTM,55,70,0.008333333333333333,0.0005852103373099382,0.19823701209985406,0.002820021104283536,True,False,0.32926829268292684,68.39127975609829,69.39127975609829,4.478646504578304,395.6725494595951
RA-MTM,55,62,0.008333333333333333,0.0,0.198237012099854,0.0,True,False,0.23148148148148148,87.58028763224715,88.58028763224715,0.8482285046549818,74.93798285219604
RA-MTM,55,71,0.008333333333333333,,,,False,True,,55.278127323687066,54.278127323687066,1.0178742055859782,89.92557942263525
RA-MTM,56,72,0.008333333333333333,,,,False,True,,19.039176783791405,18.039176783791405,0.01701005151426076,5.995038628175683
RA-MTM,56,73,0.008333333333333333,,,,False,True,,20.380156115274424,19.380156115274424,0.11907036059982533,41.96527039722978
RA-MTM,56,70,0.008333333333333333,0.0,1.3836169833491743,0.002820021104283536,True,True,0.20583468395461912,78.72351355348762,79.72351355348762,5.2050757633637925,1834.481820221759
RA-MTM,56,74,0.008333333333333333,,,,False,True,,23.81793949234907,24.81793949234907,0.21262564392825953,74.93798285219604
RA-MTM,56,71,0.008333333333333333,0.016666666666666666,1.383616983349174,0.016666666666666666,True,True,0.28125,64.86318017575951,65.86318017575951,0.7909673954131254,278.7692962101693
RA-MTM,57,72,0.010168421078985516,0.0018350877456521826,0.6485788610800687,0.0018350877456521826,True,True,0.3333333333333333,19.323626945015075,18.103416415536813,0.09761152638183482,17.985115884527048
RA-MTM,57,73,0.012337491537607785,0.004004158204274451,0.6485788610800687,0.004004158204274451,True,True,0.35714285714285715,19.039176783791405,17.55867779927847,0.08134293865152903,14.987596570439209
RA-MTM,57,75,0.012337491537607785,,,,False,True,,98.57144186192976,100.05194084644269,0.5694005705607031,104.91317599307446
RA-MTM,57,76,0.008776177290261462,,,,False,False,,69.07044446688514,70.12358574171651,1.447904307997217,266.7792189538179
RA-MTM,57,70,0.011201188655841913,0.0028678553225085796,0.6485788610800689,0.005687876426792115,True,False,0.20588235294117646,81.11703815941446,82.46118079811549,2.0498420540185314,377.68743357506804
RA-MTM,57,77,0.010448994855816332,,,,False,True,,97.64223800193243,98.89611738463039,0.2928345791455045,53.95534765358115
RA-MTM,57,71,0.010286970396728278,0.018620303730061613,0.6485788610800687,0.0019536370633949454,True,True,0.7586206896551724,68.71801304939574,67.48357660178834,1.8058132380639444,332.72464386375043
RA-MTM,58,72,0.02175362645356955,0.011585205374584037,0.2564295289476765,0.013420293120236218,True,True,0.5454545454545454,20.590723117738698,17.98028794331035,0.13847666937105535,32.972712454966256
RA-MTM,58,76,0.02175362645356955,0.030529803743831015,0.2564295289476766,0.030529803743831015,True,False,0.45348837209302323,72.04231241553131,69.43187724110297,2.026794888067265,482.6006095681425
RA-MTM,58,70,0.02175362645356955,0.010552437797727639,0.2564295289476766,0.016240314224519756,True,True,0.31088082901554404,89.49770569539955,92.10814086982789,1.5987760918294571,380.68495288915585
RA-MTM,58,71,0.02175362645356955,0.03204059685029783,0.25642952894767657,0.030086959786902887,True,True,0.5414634146341464,70.47331618007931,73.08375135450765,2.5807015655514864,614.4914593880076
RA-MTM,59,72,0.07674843139636019,0.05499480494279063,0.10714463745132785,0.06841509806302686,True,True,0.4230769230769231,21.139731820520048,11.929920052956826,0.2940525482803937,77.93550216628388
RA-MTM,59,76,0.11451528555420024,0.13626891200776978,0.10714463745132802,0.10573910826393877,True,True,0.47368421052631576,71.76958719037168,85.51142145687571,2.6125437943373435,692.4269615542914
RA-MTM,59,78,0.018447804732380894,,,,False,True,,27.690385135490637,29.904121703376344,0.6559633769331858,173.8561202170948
RA-MTM,59,70,0.09784861888753357,0.11960224534110313,0.10714463745132774,0.10336193111658337,True,True,0.3103448275862069,95.92199178881785,84.18015752231382,0.7125119439101847,188.84371678753402
RA-MTM,59,71,0.009534835603489712,0.03128846205705926,0.10714463745132756,0.0012015022701563774,True,True,0.6869565217391305,68.65474588903496,67.51056561661619,2.069677551358156,548.5460344780751
RA-MTM,60,72,0.08816514247812861,0.01141671108176842,0.35336999622476256,0.07983180914479528,True,True,0.8571428571428571,20.811520096031195,10.231702998655763,0.418689034480459,77.93550216628388
RA-MTM,60,76,0.134552284438645,0.020036998884444775,0.3533699962247628,0.12577610714838355,True,True,0.6133333333333333,69.55887458784056,85.70514872047796,4.074166373982928,758.372386464224
RA-MTM,60,78,0.008977752829406487,0.009470051902974407,0.3533699962247625,0.009470051902974407,True,True,0.015151515151515152,20.366610869501866,21.443941209030644,0.1449308196278512,26.977673826790575
RA-MTM,60,79,0.00586123124502779,,,,False,False,,52.225028926552994,51.52168117714966,0.1449308196278512,26.977673826790575
RA-MTM,60,70,0.11788561777197834,0.020036998884444775,0.35336999622476234,0.12339893000102814,True,True,0.11904761904761904,98.20807972049565,84.06180558785825,0.49920615649593186,92.92309873672309
RA-MTM,60,71,0.008354969665928812,0.0011798659375608978,0.3533699962247622,2.163633259547974e-05,True,True,0.36065573770491804,64.78393452967083,63.78133816975937,1.062826010604242,197.83627472979754
RA-MTM,61,72,0.06125362772464723,0.026911514753481375,0.3002925800437105,0.05292029439131389,True,True,0.7777777777777778,20.202836534251876,12.852401207294209,0.26237684722936805,65.94542490993251
RA-MTM,61,76,0.12259570472832546,0.011956579710319559,0.3002925800437105,0.11381952743806399,True,True,0.7758620689655172,69.78421699598377,84.49570156338282,3.124669726095201,785.3500602910145
RA-MTM,61,80,0.0843960183508538,,,,False,True,,92.25664828276426,102.38417048486671,0.1192622032860764,29.975193140878417
RA-MTM,61,78,0.0012791101662619948,0.007698642663144491,0.3002925800437106,0.0171686945661189,True,True,0.1956521739130435,23.15752042237759,23.31101364232903,0.5486061351159514,137.8858884480407
RA-MTM,61,71,0.035429988511472034,0.027075018845543218,0.3002925800437104,0.0270966551781387,True,True,0.37714285714285717,67.42171106369877,63.17011244232212,2.0870885575063367,524.5658799653722
RA-MTM,61,70,0.1098236957622311,0.008061922009747254,0.3002925800437105,0.1153370079912809,True,True,0.4117647058823529,96.34269118693018,83.16384769546245,0.20274574558632982,50.957828339493304
RA-MTM,62,72,0.07638877651660825,0.01513514879196102,0.1269307085931706,0.06805544318327492,True,True,0.8076923076923077,20.81414578982711,11.647492607834119,0.2626137920041086,74.93798285219604
RA-MTM,62,76,0.10327521839849574,0.019320486329829713,0.1269307085931707,0.09449904110823427,True,True,0.6,74.52369058483218,86.91671679265167,3.214392814130289,917.2409101108796
RA-MTM,62,78,0.00379949215766248,0.002520381991400485,0.12693070859317057,0.014648312574718414,True,True,0.5348837209302325,25.74690849264726,26.20284755156676,0.9033914444941336,257.7866610115544
RA-MTM,62,71,0.02521228434544085,0.010217704166031183,0.1269307085931707,0.016878951012107516,True,True,0.5108225108225108,73.94786652620897,70.92239240475607,1.827791992348596,521.5683606512845
RA-MTM,62,70,0.08660855173182908,0.02321514403040202,0.1269307085931704,0.09212186396087887,True,True,0.7647058823529411,95.97200500397805,85.57897879615857,0.13655917184213648,38.96775108314194
RA-MTM,63,72,0.08270768209398888,0.006318905577380626,0.13069719138864722,0.07437434876065555,True,True,0.8064516129032258,21.68181053967583,11.756888688397165,0.3711079729422588,92.92309873672309
RA-MTM,63,81,0.087004396061511,,,,False,True,,94.79044279581821,105.23097032319953,0.31125184827415253,77.93550216628388
RA-MTM,63,76,0.1501107288034171,0.046835510404921385,0.13069719138864733,0.14133455151315566,True,True,0.5620915032679739,66.25128842689237,84.26457588330243,2.0590506885828552,515.5733220231087
RA-MTM,63,78,0.003321574871033158,0.00047791728662932207,0.1306971913886475,0.015126229861347736,True,True,0.5826771653543307,30.62990248374028,31.02849146826426,1.376690867366444,344.7147211201018
RA-MTM,63,71,0.04642187725592788,0.021209592910487036,0.13069719138864738,0.03808854392259455,True,False,0.5347826086956522,80.41366911217472,74.84304384146337,2.1428492631182037,536.5559572217236
RA-MTM,63,82,0.012409015625777038,,,,False,True,,21.59922823480444,20.110146359711194,0.047884899734485,11.990077256351366
RA-MTM,63,70,0.13344406213675059,0.0468355104049215,0.13069719138864722,0.13895737436580038,True,True,0.23076923076923078,99.25412224886657,83.2408347924565,0.03591367480086375,8.992557942263524
RA-MTM,64,72,0.04418868269182686,0.03851899940216201,0.8524060849645435,0.03585534935849353,True,True,0.7878787878787878,22.45257871847545,17.149936795456227,0.14292274981089248,83.93054079445956
RA-MTM,64,76,0.04418868269182686,0.10592204611159026,0.8524060849645433,0.035412505401565396,True,True,0.8019323671497585,66.4447066378737,71.74734856089292,1.0259811682853355,602.5013821316561
RA-MTM,64,78,0.004664435651752245,0.001342860780719087,0.8524060849645434,0.01378336908062865,True,True,0.460431654676259,23.77139310233066,24.33112538054093,0.44918578511994783,263.78169963973005
RA-MTM,64,71,0.027522016025160075,0.01889986123076781,0.8524060849645436,0.01918868269182674,True,True,0.19691969196919692,73.13352394560775,69.83088202258854,4.639884984932188,2724.745056505848
RA-MTM,64,82,0.03196691360444763,0.044375929230224674,0.8524060849645435,0.044375929230224674,True,True,0.23529411764705882,25.66519230406044,29.501221936594156,0.08677452667089901,50.957828339493304
RA-MTM,65,72,0.012116346592639863,0.032072336099187,0.3251130232085117,0.00378301325930653,True,True,0.75,21.88367839602811,20.429716804911326,0.1483738680525663,62.947905595844674
RA-MTM,65,76,0.012116346592639833,0.03207233609918703,0.32511302320851165,0.0033401693023783706,True,True,0.4427860696517413,66.73092179255111,68.1848833836679,0.6288225836513526,266.7792189538179
RA-MTM,65,78,0.012116346592639863,0.007451910940887619,0.3251130232085116,0.006331458139741031,True,True,0.52,21.625895437419167,23.07985702853595,0.45218702644591635,191.84123610162186
RA-MTM,65,71,0.012116346592639833,0.03963836261779991,0.3251130232085117,0.020449679925973168,True,True,0.7033898305084746,78.64918739421805,80.10314898533483,4.938730179463993,2095.2660005474013
RA-MTM,65,82,0.012116346592639863,0.01985056701180777,0.3251130232085119,0.0245253622184169,True,True,0.68,25.93424869185318,27.388210282969965,0.1766355572054361,74.93798285219604
RA-MTM,66,72,0.008333333333333333,0.00378301325930653,0.05846937365014515,0.0,True,True,0.19047619047619047,19.46585202562691,18.46585202562691,0.02996339652807208,11.990077256351366
RA-MTM,66,76,0.005541330634959844,0.01765767722759968,0.05846937365014515,0.014317507925221306,True,False,0.2523809523809524,69.94594701657944,69.28098734038426,1.3034077489711358,521.5683606512845
RA-MTM,66,78,0.008333333333333333,0.00378301325930653,0.05846937365014537,0.01011447139904756,True,True,0.26556016597510373,27.29649349715568,28.29649349715568,1.805294640816343,722.4021546951698
RA-MTM,66,71,0.008333333333333333,0.0037830132593065003,0.05846937365014515,0.016666666666666666,True,True,0.6123032904148784,84.3284640227889,85.3284640227889,3.206083428503713,1282.9382664295963
RA-MTM,67,72,0.05987205021222775,0.05153871687889442,0.13353139262452252,0.05153871687889442,True,True,0.25,19.039176783791405,11.854530758324074,0.006554492990515768,2.9975193140878416
RA-MTM,67,76,0.05987205021222775,0.06541338084718759,0.1335313926245224,0.05109587292196629,True,True,0.42962962962962964,76.52760788621097,83.7122539116783,2.6545696611588867,1213.9953222055758
RA-MTM,67,78,0.030284675338340783,0.021951342005007448,0.1335313926245227,0.01183687060595989,True,True,0.7403846153846154,29.782350753715896,33.41651179431679,1.9794568831357622,905.2508328545282
RA-MTM,67,71,0.043205383545561325,0.05153871687889466,0.13353139262452235,0.03487205021222799,True,True,0.6,87.30721547747241,82.12256945200505,1.7041681775341,779.3550216628388
RA-MTM,68,83,0.07935695398142238,,,,False,True,,47.19974274493482,37.67690826716413,0.02398770969685922,5.995038628175683
RA-MTM,68,84,0.06621501054580499,,,,False,False,,75.36030870607823,83.30610997157483,0.07196312909057764,17.985115884527048
RA-MTM,68,76,0.05163324102369558,0.008238809188532177,0.6042436554182773,0.04285706373343411,True,False,0.04197530864197531,85.60051451013037,91.79650343297384,0.20389553242330336,50.957828339493304
RA-MTM,68,78,0.06269028731475566,0.03240561197641488,0.6042436554182774,0.044242482582374766,True,True,0.7632978723404256,31.74251611688844,39.26535059465912,4.329781600283089,1082.1044723857108
RA-MTM,68,71,0.041829053581659656,0.001376329963901668,0.6042436554182775,0.033495720248326324,True,True,0.532319391634981,87.37882530826998,82.35933887847082,1.7151212433254344,428.64526191456133
RA-MTM,69,83,0.08684666720442008,0.007489713222997688,0.44560634166267876,0.007489713222997688,True,True,0.038461538461538464,41.652964601073215,31.231364536542806,0.3994273113445541,155.87100433256776
RA-MTM,69,84,0.08684666720442008,0.02063165665861509,0.4456063416626783,0.02063165665861509,True,False,0.06,77.7667570700305,88.1883571345609,0.7681294448933733,299.7519314087842
RA-MTM,69,76,0.07018000053775329,0.12181324156144886,0.44560634166267876,0.07895617782801476,True,True,0.022222222222222223,95.6855656807877,87.26396561625731,0.9294366283209817,362.6998370046288
RA-MTM,69,78,0.025404558320912863,0.0372857289938428,0.4456063416626789,0.006956753588531968,True,True,0.7794759825327511,33.865671530921254,36.9142185294308,3.4873076798159146,1360.8737685958802
RA-MTM,69,71,0.04503389010562771,0.0032048365239680503,0.44560634166267876,0.03670055677229437,True,True,0.6923076923076923,89.85864722663018,84.45458041395486,0.7604481504444396,296.7544120946963
RA-MTM,70,83,0.07519327601032112,0.011653391194098953,0.20407673072770516,0.004163677971101265,True,True,0.3269230769230769,36.60815732995931,27.584964208720777,0.10647654161098469,50.957828339493304
RA-MTM,70,84,0.07519327601032112,0.011653391194098953,0.20407673072770516,0.008978265464516137,True,True,0.3009118541033435,85.25188961741114,94.27508273864967,2.054370920494293,983.1863350208121
RA-MTM,70,76,0.05852660934365458,0.011653391194098717,0.20407673072770538,0.06730278663391603,True,True,0.14049586776859505,100.2580639943619,93.23487087312336,0.10647654161098469,50.957828339493304
RA-MTM,70,78,0.018609632357903295,0.006794925963009568,0.20407673072770513,0.00016182762552240012,True,True,0.7766323024054983,37.392097358467616,39.62525324141601,3.632729066727713,1738.561202170948
RA-MTM,70,71,0.040289163427689324,0.0047447266779383785,0.2040767307277052,0.03195583009435599,True,True,0.7171717171717171,92.86000313178238,88.02530352045966,0.44469614437528904,212.82387130023676
RA-MTM,71,85,0.04559639267847981,,,,False,True,,20.745877751133428,15.27431062971585,0.02434047013357773,8.992557942263524
RA-MTM,71,83,0.054985708149594095,0.02020756786072703,0.2588167637033721,0.024371245831828297,True,True,0.65,34.82616073170514,28.227875753753846,0.1298158407124146,47.960309025405465
RA-MTM,71,86,0.05557263015218546,,,,False,True,,94.13401934684052,100.80273496510277,0.008113490044525912,2.9975193140878416
RA-MTM,71,84,0.05243608099295874,0.022757195017362383,0.25881676370337214,0.013778929552846245,True,False,0.3079268292682927,85.3301460400564,91.62247575921145,0.8194624944971172,302.749450722872
RA-MTM,71,78,0.024675824217166683,0.006066191859263389,0.2588167637033722,0.006228019484785788,True,True,0.8008982035928144,41.09753342751207,44.05863233357207,5.054704297739644,1867.4545326767252
RA-MTM,71,71,0.04420777951539042,0.003918616087701092,0.2588167637033722,0.03587444618205708,True,True,0.5352112676056338,95.88563349753365,90.5806999556868,0.3083126216919847,113.90573393533798
RA-MTM,72,83,0.05839469177252958,0.003408983622935491,0.03641331357010147,0.020962262208892805,True,True,0.2191780821917808,39.49620892658963,32.48884591388608,0.5711056629861977,218.81890992841244
RA-MTM,72,87,0.05839469177252958,,,,False,True,,95.84072031418253,102.84808332688608,0.00782336524638627,2.9975193140878416
RA-MTM,72,84,0.05839469177252958,0.005958610779570842,0.036413313570101746,0.007820318773275403,True,False,0.5779816513761468,87.88412848051759,94.89149149322114,0.5554589324934252,212.82387130023676
RA-MTM,72,78,0.0012505817367185776,0.02592640595388526,0.036413313570101614,0.019698386469099473,True,True,0.8215297450424929,44.1454430499856,43.99537324157937,5.186891158354097,1987.355305240239
RA-MTM,72,71,0.05839469177252958,0.014186912257139165,0.03641331357010191,0.05006135843919625,True,True,0.07894736842105263,99.25412224886657,92.24675923616302,0.023470095739158807,8.992557942263524
RA-MTM,73,83,0.008333333333333333,0.06672802510586291,1.6678301327229772,0.08769028731475573,True,True,0.42424242424242425,45.84180241004967,46.84180241004967,4.768929148393564,344.7147211201018
RA-MTM,73,87,0.008333333333333333,0.05006135843919625,1.667830132722977,0.05006135843919625,True,True,0.037037037037037035,97.35778784070875,98.35778784070875,1.119661626144576,80.93302148037172
RA-MTM,73,84,0.008333333333333333,0.05006135843919625,1.667830132722977,0.05788167721247165,True,False,0.1267605633802817,90.91025085297224,91.91025085297224,0.37322054204819194,26.977673826790575
RA-MTM,73,78,0.008333333333333333,0.007082751596614756,1.667830132722977,0.02678113806571423,True,False,0.0015082956259426848,27.572681620501527,26.572681620501527,0.04146894911646577,2.9975193140878416
RA-MTM,73,88,0.008333333333333333,,,,False,False,,25.865980653159504,24.865980653159504,0.04146894911646577,2.9975193140878416
RA-MTM,74,83,0.10941132209920482,0.11774465543253815,0.2425616371713112,0.03005436811778243,True,True,0.775,43.94307865419036,30.81372000228578,3.1886431951399383,293.7568927806085
RA-MTM,74,87,0.05629730001024456,0.047963966676911225,0.2425616371713114,0.002097391762285028,True,True,0.48148148148148145,97.15356721213794,103.90924321336729,0.4229832809879509,38.96775108314194
RA-MTM,74,89,0.061588342697463716,,,,False,False,,89.77245020807756,97.1630513317732,0.2928345791455045,26.977673826790575
RA-MTM,74,90,0.09274465543253821,,,,False,True,,21.030327912357098,32.15968656426168,0.19522305276366964,17.985115884527048
RA-MTM,74,91,0.008597677302179581,,,,False,False,,37.81288742455368,38.84460870081523,1.8871561767154734,173.8561202170948
RA-MTM,74,92,0.030676985046216267,,,,False,True,,75.2051540726835,71.52391586713755,0.3579089300667277,32.972712454966256
RA-MTM,75,83,0.08813048245343964,0.021280839645765177,0.984668029318892,0.008773528472017253,True,True,0.6836734693877551,43.59529219450353,33.01963430009077,0.8143643628216297,200.83379404388538
RA-MTM,75,87,0.0801497993132204,0.023852499302975852,0.9846680293188919,0.021755107540690825,True,True,0.03757225433526012,87.32694612449363,96.94492204208008,4.205523425914684,1037.1416826743932
RA-MTM,75,90,0.07146381578677301,0.021280839645765208,0.9846680293188919,0.021280839645765208,True,True,0.3333333333333333,25.202263610304275,33.777921504717035,0.2187844556834229,53.95534765358115
RA-MTM,75,91,0.028434904206609702,0.01983722690443012,0.984668029318892,0.01983722690443012,True,False,0.24096385542168675,44.14664434780075,47.558832852593916,0.5469611392085572,134.88836913395286
RA-MTM,75,93,0.012165328044041364,,,,False,True,,93.39197544799616,91.9321360827112,0.5591158311909695,137.8858884480407
RA-MTM,76,83,0.06580707333726525,0.022323409116174395,0.3577702343001474,0.013549880644157141,True,True,0.373134328358209,41.56762955270615,33.67078075223432,0.43457186402871684,74.93798285219604
RA-MTM,76,87,0.05442471433855035,0.025725084974670055,0.3577702343001474,0.003969977433979229,True,True,0.8112676056338028,90.15746355761263,96.68842927823867,5.162713744661156,890.263236284089
RA-MTM,76,94,0.03258759199120404,,,,False,False,,49.11978133319459,53.03029237213907,0.2781259929783787,47.960309025405465
RA-MTM,76,90,0.04914040667059861,0.022323409116174395,0.35777023430014737,0.0436042487619396,True,False,0.47368421052631576,28.42603210417254,34.32288090464437,0.17382874561148673,29.975193140878417
RA-MTM,76,91,0.03029207094438746,0.00185716673777776,0.3577702343001473,0.02169439364220788,True,False,0.37777777777777777,44.43890294482271,48.0739514581492,0.2955088675395274,50.957828339493304
RA-MTM,77,83,0.04539841676139904,0.020408656575866206,0.2579902826443776,0.03395853722002335,True,True,0.36363636363636365,44.38368614882047,38.93587613745259,0.44998221381696907,59.950386281756835
RA-MTM,77,87,0.0453984167613991,0.009026297577151255,0.2579902826443776,0.012996275011130484,True,True,0.6174496644295302,94.81669973377723,100.26450974514512,4.1623354778069634,554.5410731062507
RA-MTM,77,91,0.03810117404522847,0.007809103100841004,0.2579902826443776,0.029503496743048883,True,False,0.2077922077922078,52.49949838036532,57.07163926579273,1.7099324125044821,227.81146787067595
RA-MTM,77,95,0.04539841676139904,,,,False,False,,36.10618645721165,41.553996468579534,0.022499110690848447,2.9975193140878416
RA-MTM,78,96,0.0427637033527225,,,,False,True,,19.892527267462416,14.760882865135716,0.12201440797729353,5.995038628175683
RA-MTM,78,83,0.0427637033527225,0.002634713408676544,0.9975161717967409,0.03659325062869989,True,True,0.8095238095238095,43.691524089842865,38.559879687516165,1.098129671795642,53.95534765358115
RA-MTM,78,91,0.0427637033527225,0.0046625293074940306,0.9975161717967411,0.03416602605054291,True,False,0.40625,56.64445233539536,61.77609673772206,3.59942503533016,176.85363953118267
RA-MTM,78,95,0.0427637033527225,0.002634713408676544,0.9975161717967418,0.002634713408676544,True,False,0.04,36.58406272806742,41.71570713039412,1.5251800997161693,74.93798285219604
RA-MTM,79,91,0.004751522594746938,0.03801218075797556,3.138833117194664,0.0038461547074326438,True,True,0.024583333333333332,60.014222508061174,60.584405219430806,6.344749214819264,7194.04635381082
RA-MTM,80,97,0.008333333333333333,,,,False,True,,19.721857170728214,18.721857170728214,0.013703562019048085,14.987596570439209
RA-MTM,80,91,0.008333333333333333,0.003581810738586396,0.03605904981570239,0.0002643439688462479,True,True,0.9625,61.189518856026346,62.189518856026346,6.331045652800215,6924.269615542914
RA-MTM,81,97,0.008333333333333333,0.0,4.656122513162019,0.0,True,True,0.6,19.039176783791405,18.039176783791405,0.8651930747480814,8.992557942263524
RA-MTM,81,91,0.008333333333333333,0.0,4.656122513162019,0.0002643439688462479,True,False,0.005627705627705628,46.3463922612638,47.3463922612638,3.74916999057502,38.96775108314194
RA-MTM,81,98,0.008333333333333333,,,,False,False,,44.63969129392178,45.63969129392178,0.28839769158269385,2.9975193140878416
RA-MTM,81,99,0.008333333333333333,,,,False,False,,42.25030993964294,43.25030993964294,1.4419884579134692,14.987596570439209
RA-MTM,82,100,0.008333333333333333,,,,False,True,,21.20099800909131,20.20099800909131,0.9151080598297013,89.92557942263525
RA-MTM,82,101,0.008333333333333333,,,,False,False,,92.65487850847744,93.65487850847744,0.45755402991485067,44.962789711317626
RA-MTM,82,102,0.008333333333333333,,,,False,False,,62.87610718570601,63.87610718570601,1.6471945076934624,161.86604296074344
RA-MTM,82,99,0.005094581037205259,0.013427914370538592,2.2464956263430027,0.013427914370538592,True,False,0.045871559633027525,52.09280744488329,51.48145772041866,3.324892617381248,326.72960523557475
RA-MTM,83,100,0.008333333333333333,0.0,0.6688150799004143,0.0,True,True,0.25675675675675674,27.274686213505298,26.274686213505298,0.9845300505754031,188.84371678753402
RA-MTM,83,102,0.008333333333333333,0.0,0.6688150799004143,0.0,True,False,0.07308970099667775,74.47840746273056,75.47840746273056,4.203787041345769,806.3326954896294
RA-MTM,83,103,0.006578600767395315,,,,False,True,,99.71958614905076,100.5090182411382,0.17190207232268942,32.972712454966256
RA-MTM,83,99,0.00043352198919042925,0.0046610590480148295,0.6688150799004142,0.008766855322523763,True,False,0.5221238938053098,54.66317316561307,54.611150526910215,0.9845300505754031,188.84371678753402
RA-MTM,84,100,0.09168316129198285,0.08334982795864952,0.2777810014690694,0.08334982795864952,True,False,0.008928571428571428,40.20226877883252,29.200289423794576,0.591860934218215,149.8759657043921
RA-MTM,84,102,0.01737336036750842,0.009040027034175087,0.27778100146906953,0.009040027034175087,True,False,0.5175438596491229,81.38419651752415,83.46899976162516,5.007143503486098,1267.950669859157
RA-MTM,84,99,0.014022754656870855,0.014456276646061283,0.2777810014690693,0.005689421323537521,True,False,0.5441176470588235,57.07422691312796,58.75695747195246,0.49716318474330057,125.89581119168935
RA-MTM,84,104,0.07501649462531619,,,,False,True,,20.9084207004041,29.910400055442043,0.24858159237165028,62.947905595844674
RA-MTM,85,105,0.049097402174051535,,,,False,False,,48.05309322860583,42.16140496771965,0.2138679510613235,80.93302148037172
RA-MTM,85,102,0.02251748486942861,0.0051441245019201885,0.40172678599755707,0.014184151536095277,True,True,0.6666666666666666,85.14379171605295,87.84588990038438,3.936754506573252,1489.7670991016573
RA-MTM,85,99,0.049097402174051535,0.03507464751718068,0.40172678599755707,0.0407640688407182,True,True,0.1,39.371715383894966,45.26340364478115,2.1941267571846894,830.3128500023321
RA-MTM,86,106,0.0845655976233425,,,,False,True,,57.38708612964447,47.239214414843374,0.9559422150327692,338.7196824919261
RA-MTM,86,107,0.0845655976233425,,,,False,False,,75.36030870607823,85.50818042087933,0.03383866247903608,11.990077256351366
RA-MTM,86,102,0.04000501514161906,0.06252250001104767,0.06578774053800329,0.0483383484749524,True,True,0.4704761904761905,89.21872056089542,84.41811874390113,2.326408045433731,824.3178113741565
RA-MTM,86,99,0.06789893095667576,0.01880152878262423,0.06578774053800318,0.05956559762334243,True,True,0.6933333333333334,40.58746832676891,48.73534004157,3.028560291873729,1073.1119144434472
RA-MTM,87,108,0.09428350011827788,,,,False,True,,46.871531020445964,35.55751100625262,0.13218227530873466,38.96775108314194
RA-MTM,87,106,0.11687586407687961,0.032310266453537115,0.18392283816092836,0.032310266453537115,True,True,0.12244897959183673,69.09146476834118,55.06636107911563,0.5287291012349387,155.87100433256776
RA-MTM,87,102,0.04711210404711122,0.08711711918873029,0.18392283816092814,0.03877877071377789,True,True,0.45357142857142857,93.39703483821552,99.05048732386886,1.3421584877502288,395.6725494595951
RA-MTM,87,99,0.12158585792876699,0.05368692697209122,0.18392283816092803,0.11325252459543365,True,True,0.7922374429223744,43.6284609783772,58.21876392982924,4.341679350525361,1279.9407471155084
RA-MTM,88,108,0.08030406553875542,0.013979434579522465,0.535518236356362,0.013979434579522465,True,True,0.14606741573033707,40.094880852797495,30.458392988146844,0.5297210882916648,266.7792189538179
RA-MTM,88,106,0.16403724393018795,0.047161379853308344,0.5355182363563622,0.07947164630684546,True,True,0.13227513227513227,82.27789454179427,62.593425270171714,2.237922799973774,1127.0672620970283
RA-MTM,88,102,0.057850246922531906,0.010738142875420683,0.5355182363563621,0.04951691358919857,True,True,0.6041666666666666,94.25469517281418,101.19672480351801,0.5892403116952225,296.7544120946963
RA-MTM,88,99,0.18070391059685456,0.05911805266808757,0.5355182363563618,0.17237057726352123,True,True,0.7969052224371374,42.715402952257264,64.39987222387981,2.9878650148586035,1504.7546956720964
RA-MTM,89,108,0.0507780811758123,0.02952598436294312,0.12366333014942643,0.04350541894246559,True,True,0.7416666666666667,40.785391609341055,34.69202186824358,0.8082483076202883,359.702317690541
RA-MTM,89,109,0.0507780811758123,,,,False,True,,91.92534750675082,98.0187172478483,0.11450184357954084,50.957828339493304
RA-MTM,89,106,0.034111414509145635,0.19814865843933357,0.12366333014942699,0.11867701213248812,True,False,0.31382978723404253,83.41651581463339,87.50988555573086,0.7947775024932837,353.70727906236533
RA-MTM,89,102,0.0507780811758123,0.1086283280983442,0.12366333014942651,0.05911141450914563,True,True,0.811965811965812,92.71428579878608,86.6209160576886,0.7611004896757715,338.7196824919261
RA-MTM,89,99,0.015851682519921913,0.16485222807693264,0.12366333014942638,0.00751834918658858,True,True,0.7933333333333333,44.55643758819775,46.45863949058838,3.8661210714503795,1720.576086286421
RA-MTM,90,108,0.02049811313270773,0.03027996804310457,0.03135052988407587,0.07378538698557016,True,True,0.926829268292683,41.532620302094,39.072846726169075,0.7637198128949114,350.70975974827746
RA-MTM,90,109,0.02049811313270773,0.03027996804310457,0.03135052988407572,0.03027996804310457,True,True,0.15,94.13401934684053,96.59379292276546,0.039165118609995456,17.985115884527048
RA-MTM,90,106,0.02049811313270773,0.013613301376437903,0.03135052988407616,0.10506371075605021,True,True,0.27184466019417475,90.92210294302316,93.38187651894809,0.9399628466398909,431.6427812286492
RA-MTM,90,102,0.02049811313270773,0.03027996804310457,0.03135052988407594,0.028831446466041064,True,True,0.48672566371681414,93.01690598639848,90.55713241047356,0.3590135872582917,164.86356227483128
RA-MTM,90,99,0.0061395504752457695,0.009712132044676143,0.03135052988407608,0.0021937828580875637,True,True,0.8160237388724035,46.61946441603849,47.35621047306798,4.242887849416174,1948.387554157097
RA-MTM,91,108,0.008333333333333333,0.012164779799374395,0.15591279482065762,0.08595016678494455,True,True,0.7627118644067796,43.92700297788885,42.92700297788885,0.508250157173022,272.7742575819936
RA-MTM,91,109,0.008333333333333333,0.012164779799374395,0.155912794820658,0.042444747842478966,True,True,0.09090909090909091,97.94565150723771,98.94565150723771,0.167554996870227,89.92557942263525
RA-MTM,91,106,0.00042004037176480345,0.02091815350447253,0.1559127948206575,0.08414555725157769,True,True,0.4114285714285714,95.79101057726962,95.74060573265784,0.5752721559211128,308.74448935104766
RA-MTM,91,99,0.002677090966664686,0.0034624595085810837,0.1559127948206576,0.005656242366668647,True,True,0.7052401746724891,55.652778128140824,55.974029044140586,5.093671904854902,2733.7376144481113
RA-MTM,92,108,0.0855903957354605,0.07725706240212717,1.2986963018019049,0.008693104382817386,True,True,0.6293706293706294,40.661395377089306,30.390547888834046,2.9063044790462436,425.6477426004735
RA-MTM,92,109,0.0651581101099745,0.056824776776641175,1.2986963018019049,0.014380028934162207,True,True,0.16666666666666666,95.15803992724574,102.97701314044268,0.10233466475514942,14.987596570439209
RA-MTM,92,110,0.04333645013363257,,,,False,False,,95.73405150372366,100.93442551975957,0.3274709272164781,47.960309025405465
RA-MTM,92,106,0.01579596410593922,0.015375923734174417,1.2986963018019044,0.06876963351740327,True,True,0.24369747899159663,98.04046822764556,96.14495253493286,0.9210119827963447,134.88836913395286
RA-MTM,92,111,0.06892372906879378,,,,False,True,,23.525362183661866,31.79620967191712,0.716342653286046,104.91317599307446
RA-MTM,92,99,0.0055212946442352384,0.008198385610899923,1.2986963018019047,0.01385462797756857,True,True,0.07346491228070176,45.42935890567704,44.76680354836881,1.3712845077190021,200.83379404388538
RA-MTM,93,112,0.09890442751747687,,,,False,True,,41.226289359237725,29.3577580571405,0.01682957351410945,2.9975193140878416
RA-MTM,93,110,0.029980913717086822,0.01335553641654575,0.1956728899688187,0.01335553641654575,True,True,0.07692307692307693,91.18011382644083,94.77782347249125,3.5005512909347662,623.4840173302711
RA-MTM,93,108,0.09890442751747687,0.01331403178201637,0.19567288996881915,0.004620927399198986,True,False,0.035211267605633804,43.95701090698496,32.08847960488774,0.08414786757054725,14.987596570439209
RA-MTM,93,106,0.027202614975996298,0.042998579081935516,0.19567288996881915,0.11176821259933879,True,True,0.2222222222222222,100.27814282927179,103.54245662639134,0.1682957351410945,29.975193140878417
RA-MTM,93,113,0.06344763313171663,,,,False,False,,25.01263016948849,32.626346145294484,0.0673182940564378,11.990077256351366
RA-MTM,93,111,0.08223776085081039,0.013314031782016606,0.19567288996881904,0.013314031782016606,True,True,0.8292682926829268,23.476599298880664,33.34513060097791,0.673182940564378,119.90077256351367
RA-MTM,93,99,0.037569841642237436,0.043091136286472674,0.19567288996881899,0.029236508308904105,True,True,0.4666666666666667,52.51556823495886,57.023949232027356,1.8344235130379303,326.72960523557475
RA-MTM,94,112,0.10253666480379202,0.0036322372863151504,0.2183575809982683,0.0036322372863151504,True,True,0.2,39.86092858536411,27.556528808909064,0.06764124962493885,14.987596570439209
RA-MTM,94,110,0.04559032224513224,0.015609408528045422,0.21835758099826874,0.00225387211149967,True,True,0.6645367412140575,89.45558666320004,94.9264253326159,4.234342226521171,938.2235453094944
RA-MTM,94,108,0.10253666480379202,0.0036322372863151504,0.2183575809982684,0.008253164685514135,True,False,0.42857142857142855,43.95701090698497,31.652611130529927,0.06764124962493885,14.987596570439209
RA-MTM,94,114,0.06044962007137276,,,,False,False,,37.94169504473042,45.195649453295154,0.7169972460243518,158.8685236466556
RA-MTM,94,111,0.08604190523116989,0.0038041443803595123,0.2183575809982683,0.01711817616237612,True,True,0.4,21.91923466618107,32.244263293921456,0.2164519987998043,47.960309025405465
RA-MTM,94,99,0.0505350524377544,0.012965210795516964,0.21835758099826852,0.04220171910442107,True,True,0.6173913043478261,56.16546406038741,62.229670352917935,1.0416752442240582,230.8089871847638
RA-MTM,95,112,0.0981943809508047,0.0043422838529873315,0.002134472528632969,0.0007100465666721807,True,True,0.038461538461538464,40.37293887556673,28.58961316147017,1.7624303374497956,389.6775108314194
RA-MTM,95,110,0.06327470748933983,0.01768438524420759,0.002134472528632636,0.01993825735570726,True,True,0.8466453674121406,90.04437740622846,97.63734230494924,3.5926464571091983,794.342618233278
RA-MTM,95,115,0.08152771428413805,,,,False,True,,19.770620055509415,29.55394576960598,0.09490009509345051,20.98263519861489
RA-MTM,95,111,0.07443393523622023,0.011607969994949664,0.002134472528632858,0.0055102061674264565,True,True,0.5517241379310345,22.74683750594821,31.67890973429464,0.3931575368157237,86.9280601085474
RA-MTM,95,99,0.03914372980441906,0.01139132263333534,0.002134472528632525,0.03081039647108573,True,False,0.04716981132075472,52.972407781532844,57.66965535806313,0.4609433190253311,101.91565667898661
RA-MTM,95,116,0.049827767952774535,,,,False,True,,54.879897097973924,60.85922925230687,0.04067146932576451,8.992557942263524
RA-MTM,96,112,0.04791583088428085,0.05027855006652384,0.5159407244327613,0.05098859663319602,True,True,0.5721649484536082,34.926124645506604,29.176224939392903,1.416238664022157,524.5658799653722
RA-MTM,96,110,0.047915830884280905,0.015358876605058924,0.515940724432761,0.004579380750648335,True,True,0.8389261744966443,90.88947828525035,96.63937799136406,2.2902602395329743,848.2979658868592
RA-MTM,96,111,0.04791583088428085,0.026518104351939385,0.5159407244327614,0.021007898184512926,True,True,0.2553191489361702,26.4604495294247,32.2103492355384,0.72025852055984,266.7792189538179
RA-MTM,96,99,0.018702996286207117,0.020440733518211948,0.5159407244327612,0.010369662952873782,True,True,0.12916666666666668,60.49688762340338,62.741247177748235,1.9179917907042925,710.4120774388184
RA-MTM,97,117,0.0480777853410222,,,,False,True,,23.305929202146462,17.5365949612238,0.0816920499762137,17.985115884527048
RA-MTM,97,112,0.04807778534102217,0.00016195445674132002,0.520223386224762,0.0508266421764547,True,True,0.19428571428571428,40.071756351918125,34.302422110995465,0.4629216165318776,101.91565667898661
RA-MTM,97,110,0.04807778534102217,0.00016195445674126082,0.5202233862247619,0.004741335207389596,True,True,0.8664596273291926,90.26979074153785,96.0391249824605,4.329678648739327,953.2111418799336
RA-MTM,97,111,0.0480777853410222,0.00016195445674134964,0.5202233862247623,0.020845943727771578,True,True,0.5275590551181102,31.506220992851706,37.27555523377437,1.42961087458374,314.73952797922334
RA-MTM,97,99,0.02631102308106108,0.007608026794853965,0.520223386224762,0.017977689747727746,True,False,0.004219409282700422,73.6536077387362,76.81093050846353,0.013615341662702283,2.9975193140878416
RA-MTM,97,118,0.027558237973797854,,,,False,False,,71.94690677139417,75.25389532824991,0.013615341662702283,2.9975193140878416
RA-MTM,97,119,0.02895956455157259,,,,False,True,,70.24020580405215,73.71535355024086,0.013615341662702283,2.9975193140878416
RA-MTM,98,112,0.029378185475620634,0.018699599865401536,0.16936241215144932,0.06952624204185624,True,True,0.3333333333333333,35.628310186355876,32.1029279292814,0.5747055448205856,149.8759657043921
RA-MTM,98,110,0.029378185475620693,0.018699599865401477,0.1693624121514494,0.01395826465801188,True,True,0.8962264150943396,90.92422384334816,94.44960610042264,3.2758216054773377,854.2930045150348
RA-MTM,98,111,0.028379018063755503,0.019698767277266695,0.16936241215144981,0.04054471100503827,True,True,0.4090909090909091,31.81029524185317,35.21577740950383,2.3562927337644006,614.4914593880076
RA-MTM,98,120,0.02598735522087227,,,,False,True,,53.1731961306319,56.29167875713657,0.05747055448205855,14.987596570439209
RA-MTM,98,119,0.010108832541924311,0.018850732009648277,0.16936241215144965,0.018850732009648277,True,True,0.14285714285714285,71.94690677139417,73.15996667642509,0.08045877627488196,20.98263519861489
RA-MTM,99,110,0.0324172382321662,0.0030390527565455016,0.3822508707813966,0.010919211901466379,True,True,0.8771929824561403,91.99040293185894,95.88047151971888,1.960676518794581,749.3798285219603
RA-MTM,99,111,0.026929225975445982,0.05530824403920149,0.3822508707813965,0.09585295504423975,True,True,0.33511586452762926,46.101681460799284,42.87017434374577,4.2664321048970075,1630.6505068637857
RA-MTM,99,121,0.0324172382321662,,,,False,True,,96.75096083009826,92.86089224223832,0.11764059112767485,44.962789711317626
RA-MTM,100,110,0.04615857091607107,0.013741332683904872,0.3913501146365106,0.0028221207824384938,True,True,0.864,93.01202148868052,98.55104999860905,2.5054219934204043,647.4641718429738
RA-MTM,100,122,0.019983016607524492,,,,False,True,,20.745877751133428,18.34791575823049,0.03479752768639449,8.992557942263524
RA-MTM,100,123,0.04615857091607107,,,,False,True,,100.96082321620861,95.42179470628008,0.011599175895464832,2.9975193140878416
RA-MTM,100,111,0.02780877705407588,0.0008795510786298995,0.3913501146365105,0.09673250612286965,True,True,0.5665467625899281,48.75769454539841,45.4206412989093,3.7929305178170005,980.1888157067242
RA-MTM,101,124,0.07056872040832379,,,,False,True,,38.77170819272333,30.303461743724476,1.319352056352604,533.5584379076358
RA-MTM,101,110,0.04457642931398039,0.0015821416020906772,0.447821573719761,0.0012399791803478165,True,True,0.5654450261780105,89.49197142781331,94.84114294549096,2.831418458015139,1145.0523779815555
RA-MTM,101,122,0.053902053741657095,0.07388507034918158,0.44782157371976083,0.07388507034918158,True,True,0.034482758620689655,24.826266270755738,31.29451271975459,0.6448518477678458,260.78418032564224
RA-MTM,101,111,0.015275064725990125,0.043083841780066,0.4478215737197609,0.05364866434280365,True,True,0.5446685878962536,56.30078689853619,58.133794665655,1.5491268526836754,626.4815366443589
RA-MTM,102,124,0.03977221461882022,0.03079650578950357,0.06665368913377906,0.03079650578950357,True,True,0.6269230769230769,36.48932340906393,31.716657654805502,1.698867276099147,734.3922319515211
RA-MTM,102,110,0.03977221461882022,0.004804214695160169,0.066653689133779,0.0035642355148123527,True,True,0.7077244258872651,84.985945583817,89.75861133807543,3.023290336241748,1306.918420942299
RA-MTM,102,122,0.03977221461882022,0.014129839122836874,0.06665368913377911,0.05975523122634471,True,True,0.5031847133757962,30.1270058870604,34.899671641318825,1.0331886699541752,446.63037779908836
RA-MTM,102,111,0.01251553356538538,0.0027595311606047447,0.066653689133779,0.05640819550340839,True,True,0.40669856459330145,60.86338990112596,62.36525392897221,0.589402932524194,254.78914169746653
RA-MTM,103,124,0.03290317250384458,0.0726753871226648,0.2635671734648565,0.10347189291216836,True,True,0.7877551020408163,36.283046661081265,40.231427361542615,1.7418728285350182,578.5212276189534
RA-MTM,103,110,0.03290317250384464,0.00686904211497558,0.26356717346485625,0.010433277629787933,True,True,0.8245967741935484,82.36542461681027,86.31380531727163,4.232841225818257,1405.8365583071977
RA-MTM,103,122,0.03290317250384458,0.0726753871226648,0.26356717346485614,0.012920155896320088,True,True,0.2214765100671141,25.452234964106896,21.503854263645547,0.29783317793603936,98.91813736489877
RA-MTM,103,125,0.03290317250384458,,,,False,False,,41.226289359237725,37.277908658776376,0.07220198252994894,23.980154512702732
RA-MTM,104,124,0.008333333333333333,0.04123650583717791,0.9028292655298222,0.062235387074990454,True,True,0.616822429906542,40.72431848649005,39.72431848649005,0.559830813072288,458.6204550554398
RA-MTM,104,110,0.008333333333333333,0.024569839170511306,0.9028292655298225,0.03500311680029924,True,True,0.7334754797441365,85.82873615111208,86.82873615111208,1.2587045731821376,1031.1466440462175
RA-MTM,104,126,0.008333333333333333,,,,False,False,,65.12010290202608,66.12010290202608,0.007318049844082194,5.995038628175683
RA-MTM,104,122,0.008333333333333333,0.024569839170511216,0.9028292655298218,0.011649683274191159,True,True,0.026720647773279354,55.97577877174092,54.97577877174092,4.518895778720757,3701.9363528984845
RA-MTM,105,124,0.008333333333333333,0.0,0.14563265923788948,0.062235387074990454,True,True,0.34591194968553457,47.74532748039661,46.74532748039661,0.2581919293555538,182.84867815935834
RA-MTM,105,110,0.008333333333333333,0.0,0.1456326592378894,0.03500311680029924,True,True,0.8866279069767442,87.80523641548366,88.80523641548366,1.2909596467777686,914.2433907967917
RA-MTM,105,126,0.008333333333333333,0.0,0.1456326592378896,0.0,True,False,0.125,63.73340836606069,64.73340836606069,0.06772247327358787,47.960309025405465
RA-MTM,105,122,0.008333333333333333,0.0,0.14563265923788957,0.011649683274191159,True,True,0.895245769540693,58.54693588187799,57.54693588187799,4.727875165412354,3348.229073836119
RA-MTM,106,127,0.026920883574704273,,,,False,True,,19.892527267462416,16.662021238497903,0.009723753585929907,5.995038628175683
RA-MTM,106,124,0.026920883574704273,0.01858755024137094,0.1385951783458037,0.043647836833619516,True,True,0.041666666666666664,60.85335048367101,57.622844454706495,0.06806627510150934,41.96527039722978
RA-MTM,106,110,0.021546631952643124,0.013213298619309791,0.13859517834580415,0.021789818180989448,True,True,0.8918032786885246,89.17705697845734,91.76265281277452,1.3224304876864672,815.3252534318929
RA-MTM,106,126,0.026920883574704273,0.01858755024137094,0.13859517834580393,0.01858755024137094,True,False,0.0625,61.70670096734203,64.93720699630654,0.0048618767929649535,2.9975193140878416
RA-MTM,106,128,0.008333574057911382,,,,False,False,,60.0,58.999971113050634,0.0048618767929649535,2.9975193140878416
RA-MTM,106,122,0.026920883574704273,0.03525421690803761,0.13859517834580368,0.046903900182228765,True,True,0.9001782531194296,59.485467491619076,62.71597352058359,4.934804944859427,3042.482103799159
RA-MTM,107,127,0.06932567258000505,0.04240478900530077,1.121869150832377,0.04240478900530077,True,True,0.5,20.319202509297924,12.000121799697318,0.05971528672771073,11.990077256351366
RA-MTM,107,124,0.09579681789407234,0.12271770146877661,1.121869150832377,0.16636553830239614,True,True,0.5652173913043478,61.93943291743412,73.4350510647228,0.32843407700240895,65.94542490993251
RA-MTM,107,110,0.05548724075647857,0.03394060880383544,1.1218691508323773,0.012150790622845993,True,True,0.7904411764705882,91.49061738346886,98.14908627424629,3.2096966616144518,644.4666525288859
RA-MTM,107,126,0.09444958963440139,0.06752870605969713,1.121869150832377,0.08611625630106806,True,False,0.010869565217391304,63.19078876503077,74.52473952115893,1.3734515947373467,275.7717768960814
RA-MTM,107,129,0.007141408519930289,,,,False,True,,21.31477807358078,20.457809051189145,0.5822240455951796,116.90325324942582
RA-MTM,107,130,0.05491362167771475,,,,False,True,,58.29329903265798,51.70366443133221,0.07464410840963841,14.987596570439209
RA-MTM,107,122,0.11246348456073889,0.13938436813544317,1.1218691508323773,0.0924804679532144,True,True,0.04729064039408867,86.16941483257773,72.67379668528906,0.7165834407325287,143.88092707621638
RA-MTM,108,127,0.03769513403579796,0.03163053854420708,0.11122563511022465,0.010774250461093688,True,True,0.5,19.892527267462416,15.36911118316666,0.02671473353608111,5.995038628175683
RA-MTM,108,124,0.09808979495725,0.002292977063177659,0.11122563511022421,0.1686585153655738,True,True,0.3728813559322034,61.417429616945086,73.18820501181509,0.788084639314393,176.85363953118267
RA-MTM,108,110,0.04656712093783568,0.008920119818642883,0.11122563511022443,0.00323067080420311,True,True,0.7162790697674418,93.4247410227503,99.01279553529058,2.0570344822782456,461.6179743695276
RA-MTM,108,131,0.1448707753089611,,,,False,False,,54.026546614302916,71.41103965137825,0.05342946707216222,11.990077256351366
RA-MTM,108,126,0.06125870749840298,0.03319088213599842,0.11122563511022454,0.05292537416506964,True,False,0.021739130434782608,65.12010290202608,72.47114780183443,0.02671473353608111,5.995038628175683
RA-MTM,108,132,0.07117540965575272,,,,False,False,,63.413401934684046,71.95445109337437,0.013357366768040555,2.9975193140878416
RA-MTM,108,129,0.03494088063747786,0.02779947211754757,0.11122563511022454,0.02779947211754757,True,True,0.1989795918367347,32.37930883464844,28.186403158151098,2.618043886535949,587.513785561217
RA-MTM,108,122,0.16153744197562775,0.04907395741488886,0.11122563511022439,0.14155442536810325,True,True,0.6935483870967742,90.09183284524096,70.70733980816563,0.7613699057783117,170.85860090300696
RA-MTM,109,127,0.060777631001114225,0.023082496965316265,0.33043903581704503,0.033856747426409955,True,True,0.3333333333333333,21.030327912357098,13.737012192223391,0.05759227729034127,17.985115884527048
RA-MTM,109,124,0.15281879435844145,0.05472899940119144,0.33043903581704526,0.22338751476676524,True,True,0.3010204081632653,59.38175628223837,77.72001160525134,1.8813477248178152,587.513785561217
RA-MTM,109,110,0.06509092859414131,0.018523807656305635,0.3304390358170449,0.021754478460508746,True,True,0.8896103896103896,93.52359345341158,101.33450488470854,1.315023664796126,410.6601460300343
RA-MTM,109,129,0.018328374283400707,0.016612506354077152,0.33043903581704526,0.011186965763470417,True,True,0.6506849315068494,40.06859709467706,37.869192180668975,2.745231884172934,857.2905238291227
RA-MTM,109,122,0.1487499997530057,0.012787442222622047,0.33043903581704526,0.1287669831454812,True,True,0.631578947368421,94.51328622847207,76.66328625811138,0.34555366374204766,107.9106953071623
RA-MTM,110,127,0.10241669054256736,0.1631943215436816,0.7317024570715094,0.12933757411727162,True,True,0.6666666666666666,20.935511191949207,33.22551405705729,0.17956837400431877,26.977673826790575
RA-MTM,110,124,0.08341399557242651,0.06940479878601492,0.7317024570715093,0.1539827159807503,True,True,0.45365853658536587,51.784410049363395,61.79408951805458,2.0351082387156127,305.74697003695985
RA-MTM,110,110,0.046926285509946555,0.018164643084194763,0.7317024570715092,0.0035898353763139804,True,True,0.8026315789473685,91.53036604629686,97.16152030749045,2.7334296931768525,410.6601460300343
RA-MTM,110,133,0.09260919961973127,,,,False,True,,22.708583863576752,11.595479909209,0.39904083112070843,59.950386281756835
RA-MTM,110,129,0.10969917757579119,0.09137080329239049,0.7317024570715094,0.1025577690558609,True,True,0.17482517482517482,44.46902119718757,31.30511988809263,0.997602077801771,149.8759657043921
RA-MTM,111,127,0.12477990174978254,0.022363211207215183,0.15145162285809305,0.1517007853244868,True,True,0.8181818181818182,21.211341651317618,36.18492986129152,0.18862767935949162,32.972712454966256
RA-MTM,111,124,0.08258732625309761,0.0008266693193289024,0.15145162285809327,0.1531560466614214,True,True,0.8130841121495327,50.4832869973211,60.393766147692816,1.5776133182793843,275.7717768960814
RA-MTM,111,110,0.046356246449993206,0.0005700390599533496,0.15145162285809322,0.0030197963163606308,True,True,0.8011695906432749,90.11179426006372,95.6745438340629,2.932303015497552,512.5758027090209
RA-MTM,111,133,0.09287716584394048,0.00026796622420922255,0.15145162285809333,0.00026796622420922255,True,True,0.2972972972972973,24.829769351558983,13.684509450286125,0.4801431838241605,83.93054079445956
RA-MTM,111,129,0.14144656841644926,0.03174739084065807,0.15145162285809333,0.13430515989651898,True,True,0.5324675324675324,52.31984564696089,35.34625743698698,1.1660620178586754,203.83131335797322
RA-MTM,112,127,0.1606924052394942,0.035912503489711686,0.31879162603643085,0.1876132888141985,True,True,0.9090909090909091,21.428558138070237,40.711646766809544,0.23586428307878302,29.975193140878417
RA-MTM,112,134,0.0911490826901801,,,,False,True,,43.53535537387694,54.47324529669855,0.4009692812339311,50.957828339493304
RA-MTM,112,124,0.07549921706613857,0.007088109186959042,0.31879162603643096,0.14606793747446237,True,True,0.25,60.29681755953775,69.35672360747438,0.5424878510812009,68.94294422402035
RA-MTM,112,110,0.04772153717930472,0.0013652907293115154,0.3187916260364309,0.004385087045672146,True,True,0.7953216374269005,91.02179993580512,96.74838439732169,3.207754249871449,407.66262671594643
RA-MTM,112,135,0.12447501470894323,,,,False,False,,39.1782481984273,24.24124643335411,0.23586428307878302,29.975193140878417
RA-MTM,112,129,0.17735907190616082,0.03591250348971157,0.3187916260364309,0.17021766338623054,True,True,0.4387755102040816,61.00531700816037,39.72222837942107,1.7218092664751161,218.81890992841244
RA-MTM,113,127,0.13784756446929192,0.022844840770202317,1.526541073642702,0.16476844804399618,True,True,0.9090909090909091,21.676805551501804,38.21851328781683,0.056374993023434496,32.972712454966256
RA-MTM,113,124,0.041237024984886024,0.03426219208125255,1.526541073642702,0.11180574539320981,True,True,0.425531914893617,65.58556680221027,70.53400980039659,0.22549997209373798,131.89084981986502
RA-MTM,113,110,0.02508507462353222,0.022636462555772497,1.5265410736427023,0.01825137551010035,True,True,0.7720588235294118,92.84993004760223,95.8601390024261,0.538124933405511,314.73952797922334
RA-MTM,113,136,0.028461592230384684,,,,False,True,,19.608077106238746,16.192686038592583,0.015374998097300314,8.992557942263524
RA-MTM,113,129,0.15451423113595866,0.022844840770202168,1.526541073642702,0.14737282261602838,True,True,0.06790697674418604,54.8687836963262,36.32707596001116,5.5093743181992805,3222.33326264443
RA-MTM,114,127,0.013890249089543616,0.15173781355883553,0.44291033859020934,0.013030634485160656,True,True,0.6363636363636364,21.233506598945436,19.5666767082002,0.05586571635689917,20.98263519861489
RA-MTM,114,124,0.013890249089543616,0.027346775895342408,0.44291033859020956,0.08445896949786741,True,True,0.3282442748091603,68.19216464324172,69.85899453398696,1.0375061609138418,389.6775108314194
RA-MTM,114,110,0.013890249089543616,0.011194825533988605,0.44291033859020945,0.029446201044088956,True,True,0.5428571428571428,94.82268815822418,96.48951804896942,0.45490654747760756,170.85860090300696
RA-MTM,114,137,0.002296685705549084,,,,False,True,,25.66519230406044,25.38959001939455,0.13567388258104085,50.957828339493304
RA-MTM,114,129,0.013890249089543616,0.14062398204641505,0.4429103385902094,0.006748840569613327,True,True,0.5432558139534883,67.60124865763126,65.93441876688603,4.660796907489874,1750.5512794272995
RA-MTM,115,127,0.06517093825094891,0.051280689161405296,0.5108256237659907,0.03825005467624464,True,True,0.8571428571428571,21.030327912357098,13.209815322243228,0.07980816622414168,17.985115884527048
RA-MTM,115,124,0.08218507870868166,0.06829482961913805,0.5108256237659907,0.15275379911700546,True,True,0.6785714285714286,67.76998071974133,77.63219016478313,2.021806877678256,455.6229357413519
RA-MTM,115,110,0.06978835189025277,0.055898102800709164,0.5108256237659906,0.026451901756620207,True,True,0.3333333333333333,96.02037304758694,104.39497527441728,0.252725859709782,56.95286696766899
RA-MTM,115,138,0.092884802258326,,,,False,False,,58.76738263469744,69.91355890569656,0.23942449867242507,53.95534765358115
RA-MTM,115,137,0.0072536882722241455,0.004957002566675061,0.5108256237659906,0.004957002566675061,True,True,0.4146341463414634,33.02579934542361,32.15535675275671,0.5453558025316348,122.89829187760151
RA-MTM,115,129,0.10955146892499266,0.09566121983544905,0.5108256237659909,0.10241006040506238,True,True,0.4126712328767123,81.69847204952681,68.5522957785277,3.2056280100030246,722.4021546951698
RA-MTM,116,124,0.07819097509670936,0.16037605380539102,0.584020182106642,0.007622254688385569,True,True,0.2894736842105263,72.14085006313756,62.75793305153244,1.0495073889174722,131.89084981986502
RA-MTM,116,139,0.07819097509670936,,,,False,False,,66.82680386936809,57.44388685776297,0.023852440657215274,2.9975193140878416
RA-MTM,116,140,0.05761374694498187,,,,False,False,,50.22106472766192,43.307415094264094,2.647620912950896,332.72464386375043
RA-MTM,116,138,0.04397506715528318,0.04890973510304283,0.5840201821066422,0.04890973510304283,True,False,0.1111111111111111,59.61211341651317,64.88912147514715,0.5247536944587361,65.94542490993251
RA-MTM,116,137,0.07819097509670936,0.0854446633689335,0.5840201821066422,0.08048766080225844,True,True,0.03773584905660377,56.22087642945696,65.60379344106208,0.3339341692010138,41.96527039722978
RA-MTM,116,129,0.05059354700743176,0.16014501593242442,0.5840201821066422,0.05773495552736205,True,True,0.3070539419087137,89.75194929555693,95.82317493644874,1.7650806086339306,221.81642924250028
RA-MTM,117,124,0.059022913326356986,0.13721388842306634,0.26294246627602513,0.12959163373468077,True,False,0.022727272727272728,75.36030870607823,82.44305830524107,0.018337425476356257,2.9975193140878416
RA-MTM,117,141,0.08108770195454215,,,,False,False,,73.6536077387362,83.38413197328126,0.018337425476356257,2.9975193140878416
RA-MTM,117,140,0.11200972651945182,0.16962347346443368,0.26294246627602497,0.16962347346443368,True,False,0.5680473372781065,50.98994878929178,64.431115971626,2.823963523358864,461.6179743695276
RA-MTM,117,142,0.06849141008502671,,,,False,True,,24.7459581433413,16.526988933138096,0.5867976152434002,95.92061805081093
RA-MTM,117,129,0.12867639318611848,0.17926994019355025,0.26294246627602486,0.1215349846661882,True,True,0.46835443037974683,77.94196396680444,62.50079678447022,2.897313225264289,473.60805162587894
