method,t,track,reference,motion,growth,trajectory,eligible,boundary,iou,q,x,width,area
TMTM,0,0,0.08474333367049673,,,,False,True,,19.039176783791405,8.869976743331797,0.05,2.9975193140878416
TMTM,0,1,0.2133248991073486,,,,False,True,,63.76896463621363,38.1699767433318,2.4000000000000004,143.88092707621638
TMTM,0,2,0.180881276449918,,,,False,False,,68.67572991732196,46.9699767433318,0.6000000000000001,35.970231769054095
TMTM,0,3,0.5430453265472232,,,,False,True,,20.404537557665027,85.56997674333181,0.75,44.962789711317626
TMTM,0,4,0.06409581731945971,,,,False,True,,65.81147482166696,58.1199767433318,21.6,1294.9283436859475
TMTM,1,5,0.30272441690051977,,,,False,False,,71.94690677139417,35.6199767433318,0.1,5.995038628175683
TMTM,1,6,0.31486359162837,,,,False,False,,73.6536077387362,35.8699767433318,0.05,2.9975193140878416
TMTM,1,7,0.22353090143269963,,,,False,False,,77.49368491525576,50.6699767433318,0.4,23.980154512702732
TMTM,1,4,0.0984690904542236,0.03437327313476389,0.0,0.03437327313476389,True,True,0.5572354211663066,69.98626759783863,58.1699767433318,14.450000000000001,866.2830817713863
TMTM,1,8,0.045662572887815236,,,,False,False,,34.399485489869626,28.919976743331798,0.05,2.9975193140878416
TMTM,1,3,0.03813675305333071,0.5049085734938925,2.220446049250313e-16,0.5049085734938925,True,True,0.21052631578947367,23.44356637693211,28.019976743331796,1.55,92.92309873672309
TMTM,2,9,0.09811638590088988,,,,False,False,,66.64394305143858,54.8699767433318,1.4000000000000001,83.93054079445956
TMTM,2,10,0.34380132593765084,,,,False,True,,92.1261358558499,50.8699767433318,4.25,254.78914169746653
TMTM,2,11,0.137123043004468,,,,False,False,,69.77474190386796,53.3199767433318,0.55,32.972712454966256
TMTM,2,3,0.5163916321801331,0.47825487912680237,0.0,0.026653694367090117,True,True,0.17218543046357615,31.10298088171584,93.06997674333181,7.300000000000001,437.6378198568249
TMTM,2,4,0.07177644341992023,0.17024553387414385,0.0,0.13587226073937994,True,True,0.12418300653594772,75.85680353294137,84.4699767433318,2.75,164.86356227483128
TMTM,3,10,0.18358486359938303,0.16021646233826778,0.0,0.16021646233826778,True,True,0.055994729907773384,66.45016037525777,44.4199767433318,75.9,4550.234318785344
TMTM,3,3,0.3455583312374364,0.17083330094269664,0.0,0.19748699530978678,True,True,0.2908366533864542,53.50297699483943,94.9699767433318,25.1,1504.7546956720964
TMTM,4,10,0.16761679006056188,0.015968073538821178,2.220446049250313e-16,0.17618453587708896,True,True,0.29314888010540185,62.933991550599224,42.8199767433318,22.25,1333.8960947690896
TMTM,4,12,0.31724925846464813,,,,False,False,,92.68988775908957,54.6199767433318,1.3,77.93550216628388
TMTM,4,13,0.13899159660878765,,,,False,False,,79.74896833638631,63.06997674333179,2.1,125.89581119168935
TMTM,4,3,0.2402091845075829,0.10534914672985352,1.1102230246251565e-16,0.3028361420396403,True,True,0.8992395437262357,54.594874602421854,83.4199767433318,24.85,1489.7670991016573
TMTM,5,10,0.21813699681446058,0.05052020675389871,0.0,0.12566432912319023,True,False,0.41140529531568226,68.94641636106707,42.769976743331796,12.4,743.3847898937847
TMTM,5,14,0.16600190883933627,,,,False,False,,70.24020580405215,50.3199767433318,0.05,2.9975193140878416
TMTM,5,15,0.27992161796240206,,,,False,False,,29.279382587843553,62.869976743331804,0.55,32.972712454966256
TMTM,5,3,0.1852492276633716,0.054959956844211295,0.0,0.3577960988838516,True,True,0.030181086519114688,41.3400694237272,63.56997674333179,0.75,44.962789711317626
TMTM,6,16,0.08841959307521084,,,,False,True,,21.030327912357098,10.419976743331796,0.30000000000000004,17.985115884527048
TMTM,6,17,0.23113270362585914,,,,False,True,,39.555901178434894,11.819976743331797,2.35,140.88340776212854
TMTM,6,10,0.31607779322683166,0.09794079641237108,0.0,0.027723532710819163,True,True,0.23469387755102042,81.0493119305516,43.1199767433318,17.85,1070.1143951293595
TMTM,6,18,0.3797283168738029,,,,False,True,,22.452578718475454,68.0199767433318,0.45,26.977673826790575
TMTM,6,19,0.23883055621928134,,,,False,False,,40.710309997018044,69.3699767433318,2.15,128.8933305057772
TMTM,7,17,0.16416535774239038,0.06696734588346877,0.0,0.06696734588346877,True,True,0.2315270935960591,33.86981967241864,14.169976743331798,10.15,608.4964207598318
TMTM,7,20,0.44975619642375614,,,,False,False,,95.84072031418253,41.8699767433318,0.05,2.9975193140878416
TMTM,7,10,0.4347003550292393,0.11862256180240767,8.881784197001252e-16,0.0908990290915885,True,False,0.0028011204481792717,94.13401934684052,41.9699767433318,0.05,2.9975193140878416
TMTM,7,19,0.3150032362619675,0.07617268004268621,2.220446049250313e-16,0.07617268004268621,True,False,0.5333333333333333,39.5195883918957,77.31997674333181,1.3,77.93550216628388
TMTM,7,21,0.20465959804073233,,,,False,True,,53.66082497844392,78.2199767433318,0.35000000000000003,20.98263519861489
TMTM,8,17,0.26260690383736923,0.4267722615797596,0.0,0.4937396074632284,True,True,0.18226600985221675,21.207148282847488,52.7199767433318,1.85,110.90821462125014
TMTM,8,22,0.6207110669098613,,,,False,True,,99.55530477251516,25.069976743331797,0.8500000000000001,50.957828339493304
TMTM,8,10,0.5950954354653727,0.16039508043613335,0.0,0.25129410952772185,True,True,0.025,97.93142899917652,26.519976743331796,2.0,119.90077256351367
TMTM,8,23,0.3825418899380562,,,,False,True,,19.81494995076505,65.7199767433318,0.55,32.972712454966256
TMTM,8,19,0.21739173562591507,0.09761150063605246,4.440892098500626e-16,0.02143882059336626,True,True,0.0912280701754386,47.08296846822199,73.1699767433318,14.25,854.2930045150348
TMTM,9,24,0.2794576672857209,,,,False,True,,62.40489681761831,28.869976743331797,1.1,65.94542490993251
TMTM,9,17,0.14507840286455412,0.11752850097281513,0.0,0.3762111064904133,True,True,0.43023255813953487,22.710568399585302,40.1199767433318,4.3,257.7866610115544
TMTM,9,22,0.6126531543629461,0.0080579125469152,2.220446049250313e-16,0.008057912546915229,True,True,0.16666666666666666,95.23835526688534,21.7199767433318,5.1000000000000005,305.74697003695985
TMTM,9,10,0.6374237206073068,0.042328285141934076,0.0,0.29362239466965595,True,True,0.125,100.96082321620861,24.4699767433318,0.25,14.987596570439209
TMTM,9,25,0.23257964512972407,,,,False,True,,34.86041932776491,62.769976743331796,6.8500000000000005,410.6601460300343
TMTM,9,19,0.046810481401126994,0.1705812542247881,2.220446049250313e-16,0.19202007481815433,True,True,0.2807017543859649,62.60271897519656,68.2199767433318,4.0,239.80154512702734
TMTM,10,17,0.1109745578947884,0.034103844969765734,1.6653345369377348e-16,0.3421072615206475,True,True,0.6511627906976745,21.20302979595719,34.519976743331796,2.8000000000000003,167.86108158891912
TMTM,10,24,0.2629542736928966,0.5424119409786174,0.0,0.5424119409786174,True,True,0.5,60.465463900184204,92.0199767433318,2.2,131.89084981986502
TMTM,10,22,0.626339100998648,0.013685946635701818,2.255140518769849e-16,0.005628034088786649,True,True,0.7264957264957265,93.28066886316955,18.119976743331797,5.0,299.7519314087842
TMTM,10,25,0.23197557337809,0.0006040717516340758,0.0,0.0006040717516340758,True,True,0.05660377358490566,22.782907937961,50.6199767433318,1.55,92.92309873672309
TMTM,10,19,0.00632591645304276,0.04048456494808424,2.220446049250313e-16,0.23250463976623859,True,True,0.21739130434782608,59.860866768966666,60.6199767433318,18.400000000000002,1103.0871075843256
TMTM,11,17,0.5102008249349864,0.399226267040198,1.1102230246251565e-16,0.7413335285608456,True,True,0.42857142857142855,20.745877751133435,81.9699767433318,1.2000000000000002,71.94046353810819
TMTM,11,24,0.262589389051606,0.0003648846412906082,0.0,0.5420470563373269,True,True,0.6027397260273972,61.30925005713909,92.81997674333181,3.6500000000000004,218.81890992841244
TMTM,11,22,0.6756904201652886,0.04935131916664061,1.3877787807814457e-16,0.0549793532554272,True,True,0.78,94.35282716316642,13.269976743331796,3.9000000000000004,233.80650649885163
TMTM,11,26,0.6907570539406401,,,,False,True,,100.96082321620861,18.069976743331797,0.2,11.990077256351366
TMTM,11,27,0.14996952167279745,,,,False,False,,43.67363414259611,61.6699767433318,2.6500000000000004,158.8685236466556
TMTM,11,19,0.1545944542532792,0.16092037070632195,2.220446049250313e-16,0.3934250104725605,True,True,0.43107769423558895,73.7713112537253,55.2199767433318,10.15,608.4964207598318
TMTM,12,24,0.2920306917260725,0.5546200807776784,1.6653345369377348e-16,0.01257302444035157,True,True,0.6636363636363637,61.163659750460496,26.119976743331797,5.5,329.72712454966256
TMTM,12,22,0.08043924845705301,0.7561296686223415,4.440892098500626e-16,0.7011503153669144,True,True,0.05128205128205128,89.86726692848544,99.5199767433318,0.2,11.990077256351366
TMTM,12,26,0.06976700058799364,0.7605240545286338,0.0,0.7605240545286338,True,True,0.19047619047619047,99.49793667277257,107.8699767433318,1.05,62.947905595844674
TMTM,12,28,0.16264391164436456,,,,False,False,,28.85270734600805,48.3699767433318,0.6000000000000001,35.970231769054095
TMTM,12,19,0.06928447116323469,0.0853099830900445,0.0,0.308115027382516,True,True,0.47540983606557374,67.73411328291996,59.4199767433318,21.35,1279.9407471155084
TMTM,13,22,0.43175576766531415,0.5121950161223672,0.0,0.18895529924454724,True,True,0.13333333333333333,93.2806688631695,41.4699767433318,1.5,89.92557942263525
TMTM,13,24,0.29637594291656805,0.004345251190495573,0.0,0.016918275630847114,True,True,0.6090909090909091,63.235089893319966,27.669976743331798,3.35,200.83379404388538
TMTM,13,29,0.09754860656510456,,,,False,True,,43.62580953114434,31.919976743331794,5.050000000000001,302.749450722872
TMTM,13,28,0.4207640402349073,0.2581201285905428,4.440892098500626e-16,0.2581201285905428,True,True,0.12631578947368421,30.87829191514292,81.3699767433318,4.75,284.76433483834495
TMTM,13,19,0.038941625682193386,0.0303428454810413,1.1102230246251565e-16,0.27777218190147474,True,True,0.454337899543379,78.34297182519501,73.6699767433318,10.5,629.4790559584467
TMTM,14,29,0.05882885680416727,0.03871974976093728,1.1102230246251565e-16,0.03871974976093728,True,True,0.4427860696517413,37.37943955983187,30.3199767433318,9.450000000000001,566.531150362602
TMTM,14,24,0.37903837338260093,0.08266243046603287,0.0,0.09958070609688002,True,True,0.3684210526315789,69.45458154924391,23.9699767433318,3.1500000000000004,188.84371678753402
TMTM,14,22,0.6284361518105457,0.19668038414523156,2.220446049250313e-16,0.007725084900684346,True,True,0.4838709677419355,94.93231496059728,19.519976743331796,3.1,185.84619747344618
TMTM,14,19,0.011461471478436517,0.0504030971606299,2.220446049250313e-16,0.22736908474084483,True,True,0.2713178294573643,75.24460016591942,76.6199767433318,5.9,353.70727906236533
TMTM,14,28,0.3359267704063529,0.08483726982855447,2.220446049250313e-16,0.17328285876198832,True,True,0.05825242718446602,22.20876429456945,62.519976743331796,0.7000000000000001,41.96527039722978
TMTM,14,30,0.2211457999100483,,,,False,True,,100.10747273253759,73.5699767433318,0.1,5.995038628175683
TMTM,15,29,0.12636181121790768,0.06753295441374041,1.6653345369377348e-16,0.028813204652803126,True,True,0.7673469387755102,35.83339408948072,20.669976743331798,12.200000000000001,731.3947126374334
TMTM,15,22,0.515866592937464,0.11256955887308179,0.0,0.10484447397239745,True,True,0.03225806451612903,91.57396789582747,29.669976743331794,0.1,5.995038628175683
TMTM,15,24,0.34111359162837,0.037924781754230946,0.0,0.06165592434264908,True,False,0.015873015873015872,73.6536077387362,32.7199767433318,0.05,2.9975193140878416
TMTM,15,31,0.3260577502338531,,,,False,False,,71.94690677139417,32.8199767433318,0.05,2.9975193140878416
TMTM,15,19,0.01324828810087008,0.0017868166224335625,0.0,0.22558226811841126,True,True,0.097119341563786,66.88018217122739,68.4699767433318,60.75,3641.9859666167276
TMTM,16,29,0.18979251949372192,0.06343070827581425,0.0,0.09224391292861736,True,True,0.6619318181818182,34.99507908257843,12.219976743331797,17.05,1022.154086103954
TMTM,16,24,0.37246095599130713,0.031347364362937155,0.0,0.09300328870558623,True,True,0.030303030303030304,77.01529146228866,32.3199767433318,1.6500000000000001,98.91813736489877
TMTM,16,22,0.473858431841772,0.042008161095691915,0.0,0.14685263506808935,True,True,0.2857142857142857,90.23298856434444,33.3699767433318,0.35000000000000003,20.98263519861489
TMTM,16,32,0.5838180507161665,,,,False,True,,100.27814282927179,30.2199767433318,0.25,14.987596570439209
TMTM,16,33,0.13483571207841685,,,,False,False,,44.63969129392178,60.8199767433318,0.75,44.962789711317626
TMTM,16,19,0.11872596005710369,0.13197424815797376,0.0,0.357556516276385,True,True,0.22633744855967078,82.36709195018425,68.1199767433318,13.75,824.3178113741565
TMTM,17,29,0.1375213114231628,0.05227120807055914,0.0,0.03997270485805823,True,True,0.7084548104956269,33.77253411411133,17.269976743331796,12.25,734.3922319515211
TMTM,17,24,0.12637560533383915,0.49883656132514625,0.0,0.4058332726195601,True,True,0.12307692307692308,90.0049041032711,105.1699767433318,9.3,557.5385924203385
TMTM,17,34,0.14370745065777282,,,,False,False,,73.81487082226454,56.5699767433318,6.3500000000000005,380.68495288915585
TMTM,17,19,0.1960077461219709,0.07728178606486721,0.0,0.43483830234125226,True,True,0.2727272727272727,85.19090627796831,61.6699767433318,3.75,224.81394855658812
TMTM,18,29,0.14320572816606938,0.005684416742906606,0.0,0.045657121600964835,True,True,0.6032388663967612,31.754664123260124,14.569976743331797,7.550000000000001,452.6254164272641
TMTM,18,35,0.4223614478361602,,,,False,True,,60.853350483671015,10.169976743331796,0.2,11.990077256351366
TMTM,18,24,0.55333938839514,0.6797149937289791,2.220446049250313e-16,0.27388172110941905,True,True,0.3548387096774194,89.9707033507486,23.569976743331797,3.3000000000000003,197.83627472979754
TMTM,18,36,0.15954319741804748,,,,False,True,,23.5747930531661,42.7199767433318,3.6500000000000004,218.81890992841244
TMTM,18,37,0.24227146972309868,,,,False,True,,94.89255311010363,65.8199767433318,3.6,215.8213906143246
TMTM,18,19,0.22416357397492798,0.028155827852957078,1.6653345369377348e-16,0.4629941301942093,True,True,0.6538461538461539,89.51960562032316,62.619976743331804,2.7,161.86604296074344
TMTM,19,29,0.13324389540494658,0.009961832761122806,1.1102230246251565e-16,0.035695288839842035,True,True,0.48344370860927155,29.209244191925386,13.219976743331795,3.6500000000000004,218.81890992841244
TMTM,19,24,0.5295474350662451,0.023791953328894788,2.220446049250313e-16,0.2500897677805243,True,True,0.5303030303030303,90.91566895128122,27.369976743331797,1.75,104.91317599307446
TMTM,19,38,0.04140432458372985,,,,False,False,,75.90145779328422,80.8699767433318,2.0500000000000003,122.89829187760151
TMTM,19,39,0.051183073572791456,,,,False,False,,88.51194557206678,82.3699767433318,0.8500000000000001,50.957828339493304
TMTM,19,36,0.14360804600653132,0.015935151411516173,0.0,0.015935151411516173,True,True,0.2857142857142857,35.48701122254804,52.7199767433318,10.75,644.4666525288859
TMTM,19,19,0.1524610288198492,0.0717025451550788,0.0,0.39129158503913053,True,True,0.39705882352941174,79.8153002017137,61.519976743331796,6.800000000000001,407.66262671594643
TMTM,20,29,0.188169188757033,0.05492529335208642,0.0,0.09062058219192845,True,True,0.48120300751879697,36.45027939417576,13.869976743331797,6.2,371.69239494689236
TMTM,20,24,0.04899125413252546,0.5785386891987706,0.0,0.3284489214182464,True,True,0.11784511784511785,83.14102624742874,89.0199767433318,14.850000000000001,890.263236284089
TMTM,20,40,0.1672382972229876,,,,False,True,,99.53857241009031,79.4699767433318,1.5,89.92557942263525
TMTM,20,36,0.13544835957394508,0.008159686432586237,2.220446049250313e-16,0.02409483784410241,True,False,0.22325581395348837,35.46617359445839,51.7199767433318,2.4000000000000004,143.88092707621638
TMTM,20,41,0.05720394514909888,,,,False,False,,60.28445016122367,53.4199767433318,0.9,53.95534765358115
TMTM,20,19,0.3993814952333901,0.24692046641354093,0.0,0.6382120514526713,True,True,0.09558823529411764,91.24575617133861,43.3199767433318,0.65,38.96775108314194
TMTM,21,24,0.10127212359526183,0.05228086946273637,1.3877787807814457e-16,0.38072979088098274,True,True,0.8552188552188552,84.76732191190038,96.9199767433318,12.700000000000001,761.3699057783117
TMTM,21,29,0.2717600786127017,0.08359088985566868,2.0816681711721685e-16,0.17421147204759713,True,True,0.4301675977653631,43.631186176856,11.019976743331796,6.6000000000000005,395.6725494595951
TMTM,21,36,0.10968543790947508,0.025762921664470008,3.3306690738754696e-16,0.049857759508572415,True,True,0.26717557251908397,33.90772419419479,47.0699767433318,5.9,353.70727906236533
TMTM,21,41,0.20194290928894768,0.1447389641398488,0.0,0.1447389641398488,True,True,0.050359712230215826,81.15312585800552,56.9199767433318,13.700000000000001,821.3202920600686
TMTM,22,24,0.06263659181495089,0.03863553178031095,0.0,0.3420942591006718,True,True,0.5287356321839081,92.00358572553769,99.5199767433318,7.25,434.640300542737
TMTM,22,36,0.004103494438102473,0.10558194347137259,0.0,0.155439702979945,True,False,0.23397435897435898,50.2775574107595,50.769976743331796,13.350000000000001,800.3376568614538
TMTM,22,41,0.2617127302929085,0.05976982100396082,0.0,0.20450878514380963,True,True,0.3695652173913043,91.47550437848082,60.0699767433318,5.2,311.74200866513553
TMTM,23,42,0.180491868908507,,,,False,True,,22.579001012352638,0.9199767433317962,1.35,80.93302148037172
TMTM,23,24,0.07349939792249399,0.010862806107543104,0.0,0.3529570652082149,True,True,0.5655172413793104,94.80004899263253,103.6199767433318,4.1000000000000005,245.79658375520302
TMTM,23,36,0.07472676936328752,0.07883026380139,1.6653345369377348e-16,0.234269966781335,True,False,0.32193732193732194,65.7871890669263,56.8199767433318,9.850000000000001,590.5113048753047
TMTM,23,43,0.16740398673565934,,,,False,True,,23.981498335052677,44.0699767433318,2.4000000000000004,143.88092707621638
TMTM,23,41,0.11283609968955363,0.14887663060335488,0.0,0.055632154540454753,True,True,0.009615384615384616,75.36030870607823,61.81997674333179,0.05,2.9975193140878416
TMTM,24,24,0.06879916261751369,0.004700235304980301,2.220446049250313e-16,0.3482568299032346,True,True,0.1951219512195122,97.01407722923015,105.2699767433318,0.8,47.960309025405465
TMTM,24,44,0.34289797079731266,,,,False,False,,70.26773323900932,29.119976743331797,3.1,185.84619747344618
TMTM,24,45,0.2348700734974922,,,,False,False,,35.485567923632736,63.6699767433318,0.55,32.972712454966256
TMTM,24,43,0.29744953865966056,0.1300455519240012,0.0,0.13004555192400122,True,False,0.10204081632653061,28.42603210417254,64.1199767433318,0.30000000000000004,17.985115884527048
TMTM,24,36,0.2613080183234725,0.186581248960185,0.0,0.42085121574151996,True,True,0.24633431085043989,82.2769389421485,50.9199767433318,11.4,683.4344036120278
TMTM,25,46,0.35927511319373295,,,,False,True,,42.93299032657975,-0.18002325666820385,0.25,14.987596570439209
TMTM,25,47,0.08675149476618856,,,,False,True,,20.380156115274424,9.969976743331797,0.7000000000000001,41.96527039722978
TMTM,25,48,0.4078919410840704,,,,False,False,,77.06700967342024,28.119976743331797,0.05,2.9975193140878416
TMTM,25,49,0.034129441095339,,,,False,False,,55.77444381189112,59.8699767433318,7.25,434.640300542737
TMTM,25,43,0.2873215322107136,0.010128006448946921,2.220446049250313e-16,0.11991754547505427,True,False,0.125,29.79139287804616,64.2699767433318,1.5,89.92557942263525
TMTM,25,36,0.3619144931762346,0.10060647485276206,2.220446049250313e-16,0.521457690594282,True,True,0.5350877192982456,86.64971592447995,43.2199767433318,6.1000000000000005,365.6973563187167
TMTM,26,47,0.05866911076049487,0.028082384005693687,0.0,0.028082384005693687,True,True,0.20930232558139536,21.06027003459118,14.019976743331796,1.9000000000000001,113.90573393533798
TMTM,26,49,0.1407307309887316,0.1748601720840706,2.220446049250313e-16,0.1748601720840706,True,False,0.2367758186397985,72.25766446197959,55.3699767433318,17.3,1037.1416826743932
TMTM,26,43,0.2991037605474541,0.011782228336740422,1.1102230246251565e-16,0.13169977381179473,True,True,0.410958904109589,30.027525477637315,65.9199767433318,3.6500000000000004,218.81890992841244
TMTM,26,36,0.21124941259078595,0.15066508058544864,2.220446049250313e-16,0.3707926100088334,True,True,0.23770491803278687,95.36990625422611,70.0199767433318,1.4500000000000002,86.9280601085474
TMTM,27,47,0.005105566085516481,0.06377467684601136,0.0,0.09185706085170504,True,True,0.44,23.657308813069818,24.269976743331796,1.7000000000000002,101.91565667898661
TMTM,27,50,0.03810027979631965,,,,False,False,,59.74201031889016,55.1699767433318,4.3,257.7866610115544
TMTM,27,49,0.22105094442567796,0.08032021343694637,0.0,0.25518038552101696,True,True,0.24043715846994534,86.59609007441315,60.0699767433318,5.4,323.7320859214869
TMTM,28,51,0.11932666700383007,,,,False,True,,19.039176783791405,4.719976743331796,0.1,5.995038628175683
TMTM,28,52,0.12050149476618857,,,,False,True,,20.380156115274424,5.919976743331796,0.7000000000000001,41.96527039722978
TMTM,28,49,0.20252947341796515,0.018521471007712797,0.0,0.23665891451330415,True,True,0.17073170731707318,78.72351355348762,54.4199767433318,30.6,1834.481820221759
TMTM,28,53,0.5958503104248561,,,,False,True,,23.81793949234907,95.31997674333181,1.25,74.93798285219604
TMTM,28,54,0.06047330472976912,,,,False,True,,64.86318017575951,72.1199767433318,4.65,278.7692962101693
TMTM,29,51,0.0968395531200575,0.022487113883772565,0.0,0.022487113883772572,True,True,0.18181818181818182,20.590723117738698,8.969976743331797,0.55,32.972712454966256
TMTM,29,55,0.21560279726832926,,,,False,False,,72.04231241553131,46.1699767433318,8.05,482.6006095681425
TMTM,29,49,0.2773144079338979,0.07478493451593274,2.220446049250313e-16,0.3114438490292369,True,True,0.2016260162601626,89.49770569539955,56.2199767433318,6.3500000000000005,380.68495288915585
TMTM,29,54,0.0491944953062293,0.10966780003599842,2.220446049250313e-16,0.10966780003599842,True,True,0.45365853658536587,70.47331618007931,64.5699767433318,10.25,614.4914593880076
TMTM,30,51,0.07784619460582833,0.018993358514229185,2.220446049250313e-16,0.04148047239800176,True,True,0.4230769230769231,20.811520096031195,11.469976743331797,1.3,77.93550216628388
TMTM,30,55,0.3103241487042397,0.09472135143591043,1.6653345369377348e-16,0.09472135143591043,True,True,0.29375,69.55887458784056,32.3199767433318,12.65,758.372386464224
TMTM,30,56,0.23086138228191613,,,,False,True,,20.366610869501866,48.0699767433318,0.45,26.977673826790575
TMTM,30,57,0.07954123180649002,,,,False,False,,52.225028926552994,61.769976743331796,0.45,26.977673826790575
TMTM,30,58,0.24031752480969867,,,,False,True,,98.20807972049565,69.3699767433318,1.55,92.92309873672309
TMTM,30,54,0.009282981552825238,0.03991151375340406,2.220446049250313e-16,0.06975628628259437,True,True,0.2904761904761905,64.78393452967083,63.6699767433318,3.3000000000000003,197.83627472979754
TMTM,31,51,0.1132847420541276,0.03543854744829928,1.1796119636642288e-16,0.006041924949702482,True,True,0.9615384615384616,20.81414578982711,7.219976743331797,1.25,74.93798285219604
TMTM,31,55,0.4146142820125032,0.10429013330826352,1.942890293094024e-16,0.19901148474417393,True,True,0.46335078534031415,74.52369058483218,24.769976743331796,15.3,917.2409101108796
TMTM,31,56,0.1910255687557045,0.039835813526211614,0.0,0.039835813526211614,True,True,0.10465116279069768,25.74690849264726,48.6699767433318,4.3,257.7866610115544
TMTM,31,54,0.05689908152397637,0.047616099971151134,0.0,0.11737238625374549,True,True,0.2631578947368421,73.94786652620897,67.1199767433318,8.700000000000001,521.5683606512845
TMTM,31,58,0.20085023550538542,0.03946728930431327,0.0,0.03946728930431327,True,True,0.3333333333333333,95.97200500397805,71.8699767433318,0.65,38.96775108314194
TMTM,32,51,0.16860501645953047,0.05532027440540286,1.942890293094024e-16,0.049278349455700386,True,True,0.65625,22.45257871847545,2.219976743331796,1.4000000000000001,83.93054079445956
TMTM,32,55,0.3214560824545158,0.0931581995579874,1.6653345369377348e-16,0.10585328518618654,True,True,0.584375,66.4447066378737,27.869976743331797,10.05,602.5013821316561
TMTM,32,56,0.09915486367500952,0.09187070508069499,0.0,0.1317065186069066,True,True,0.6571428571428571,23.77139310233066,35.6699767433318,4.4,263.78169963973005
TMTM,32,54,0.07177956001896628,0.014880478494989902,0.0,0.1322528647487354,True,True,0.19141914191419143,73.13352394560775,64.5199767433318,45.45,2724.745056505848
TMTM,32,59,0.5171232036605946,,,,False,True,,25.66519230406044,87.7199767433318,0.8500000000000001,50.957828339493304
TMTM,33,51,0.17329896068579262,0.004693944226262148,2.220446049250313e-16,0.05397229368196254,True,True,0.14285714285714285,19.46585202562691,-1.330023256668204,0.2,11.990077256351366
TMTM,33,55,0.24688308561039699,0.07457299684411882,1.3877787807814457e-16,0.031280288342067725,True,False,0.24172185430463577,69.94594701657944,40.3199767433318,8.700000000000001,521.5683606512845
TMTM,33,56,0.41602902705146766,0.3168741633764582,0.0,0.18516764476955153,True,True,0.3651452282157676,27.29649349715568,77.2199767433318,12.05,722.4021546951698
TMTM,33,54,0.24090406066214254,0.16912450064317627,0.0,0.3013773653919117,True,True,0.47084708470847086,84.3284640227889,55.4199767433318,21.400000000000002,1282.9382664295963
TMTM,34,60,0.3119147166800252,,,,False,True,,47.19974274493482,9.769976743331796,0.1,5.995038628175683
TMTM,34,55,0.3211694330228869,0.07428634741248992,0.0,0.10556663575455764,True,False,0.034482758620689655,75.36030870607823,36.8199767433318,0.30000000000000004,17.985115884527048
TMTM,34,61,0.4010878147233214,,,,False,False,,85.60051451013037,37.4699767433318,0.8500000000000001,50.957828339493304
TMTM,34,56,0.324812171887028,0.09121685516443966,0.0,0.09395078960511188,True,True,0.6314363143631436,31.74251611688844,70.7199767433318,18.05,1082.1044723857108
TMTM,34,54,0.2442404047078182,0.0033363440456756284,2.220446049250313e-16,0.3047137094375873,True,True,0.3187066974595843,87.37882530826998,58.0699767433318,7.15,428.64526191456133
TMTM,35,62,0.19073483822189596,,,,False,True,,36.60815732995931,13.719976743331795,0.8500000000000001,50.957828339493304
TMTM,35,61,0.45734927395066116,0.056261459227339765,4.440892098500626e-16,0.056261459227339765,True,True,0.02373887240356083,85.25188961741114,30.369976743331797,16.400000000000002,983.1863350208121
TMTM,35,63,0.4744840604252509,,,,False,True,,100.2580639943619,43.3199767433318,0.8500000000000001,50.957828339493304
TMTM,35,56,0.25398232820720157,0.07082984367982643,0.0,0.02312094592528545,True,True,0.6224137931034482,37.392097358467616,67.8699767433318,29.0,1738.561202170948
TMTM,35,54,0.34408355323708817,0.09984314852926997,1.1102230246251565e-16,0.40455685796685725,True,True,0.4965034965034965,92.86000313178238,51.5699767433318,3.5500000000000003,212.82387130023676
TMTM,36,62,0.015218601527148578,0.1755162366947474,2.220446049250313e-16,0.1755162366947474,True,True,0.2328767123287671,39.49620892658963,37.6699767433318,3.6500000000000004,218.81890992841244
TMTM,36,64,0.6522561964237562,,,,False,True,,95.84072031418253,17.569976743331797,0.05,2.9975193140878416
TMTM,36,61,0.5705345978098816,0.11318532385922042,0.0,0.16944678308656017,True,False,0.21646341463414634,87.88412848051759,19.419976743331798,3.5500000000000003,212.82387130023676
TMTM,36,56,0.211037780777885,0.042944547429316596,1.942890293094024e-16,0.019823601504031143,True,True,0.7168508287292817,44.1454430499856,69.4699767433318,33.15,1987.355305240239
TMTM,36,54,0.10903454587945637,0.2350490073576318,4.440892098500626e-16,0.1695078506092255,True,True,0.04225352112676056,99.25412224886657,86.1699767433318,0.15000000000000002,8.992557942263524
TMTM,37,62,0.4789741507428454,0.49419275226999393,0.0,0.6697089889647413,True,True,0.5132743362831859,43.94307865419036,101.4199767433318,4.9,293.7568927806085
TMTM,37,64,0.644863253906718,0.007392942517038244,0.0,0.007392942517038274,True,True,0.07692307692307693,97.15356721213794,19.769976743331796,0.65,38.96775108314194
TMTM,37,61,0.578353945539548,0.007819347729666415,0.0,0.17726613081622655,True,False,0.1267605633802817,89.77245020807756,20.369976743331797,0.45,26.977673826790575
TMTM,37,65,0.3374137402581225,,,,False,True,,21.030327912357098,61.519976743331796,0.30000000000000004,17.985115884527048
TMTM,37,56,0.21130907765648435,0.0002712968785993771,4.440892098500626e-16,0.01955230462543177,True,False,0.08748114630467571,37.81288742455368,63.1699767433318,2.9000000000000004,173.8561202170948
TMTM,37,66,0.030709811077930856,,,,False,True,,75.2051540726835,71.5199767433318,0.55,32.972712454966256
TMTM,38,62,0.2941471067447863,0.7731212574876316,0.0,0.10341226852289033,True,True,0.25510204081632654,41.56762955270615,6.269976743331796,1.25,74.93798285219604
TMTM,38,64,0.579062390119007,0.06580086378771097,0.0,0.07319380630474927,True,True,0.04377104377104377,90.15746355761263,20.669976743331798,14.850000000000001,890.263236284089
TMTM,38,67,0.1391682950844767,,,,False,False,,49.11978133319459,65.8199767433318,0.8,47.960309025405465
TMTM,38,56,0.2941162053263272,0.08280712766984281,0.0,0.06325482304441107,True,False,0.07936507936507936,28.42603210417254,63.7199767433318,0.5,29.975193140878417
TMTM,38,68,0.17109228165424242,,,,False,False,,44.43890294482271,64.9699767433318,0.8500000000000001,50.957828339493304
TMTM,39,69,0.1843545877010885,,,,False,True,,19.892527267462416,-2.230023256668204,0.1,5.995038628175683
TMTM,39,62,0.35392956122092556,0.05978245447613928,0.0,0.16319472299902957,True,True,0.3870967741935484,43.691524089842865,1.219976743331796,0.9,53.95534765358115
TMTM,39,70,0.002296036732803704,,,,False,False,,56.64445233539536,56.9199767433318,2.95,176.85363953118267
TMTM,39,68,0.1873826167938698,0.01629033513962739,1.6653345369377348e-16,0.01629033513962739,True,False,0.13513513513513514,36.58406272806742,59.0699767433318,1.25,74.93798285219604
TMTM,40,69,0.17043233689497014,0.013922250806118353,0.0,0.013922250806118353,True,True,0.4,19.721857170728214,-0.7300232566682041,0.25,14.987596570439209
TMTM,40,70,0.033496184272454536,0.035792221005258244,4.440892098500626e-16,0.035792221005258244,True,True,0.02554112554112554,61.189518856026346,57.1699767433318,115.5,6924.269615542914
TMTM,41,71,0.08192517721466261,,,,False,True,,21.20099800909131,11.369976743331797,1.5,89.92557942263525
TMTM,41,72,0.41862418137621366,,,,False,False,,92.65487850847744,42.4199767433318,0.75,44.962789711317626
TMTM,41,73,0.06213442035311842,,,,False,False,,62.87610718570601,55.4199767433318,2.7,161.86604296074344
TMTM,41,70,0.06230974415373757,0.09580592842619211,4.440892098500626e-16,0.060013707420933864,True,False,0.047186147186147186,52.09280744488329,59.5699767433318,5.45,326.72960523557475
TMTM,42,74,0.185685766962506,,,,False,False,,40.20226877883252,17.919976743331798,2.5,149.8759657043921
TMTM,42,72,0.20595183145160287,0.21267234992461076,0.0,0.21267234992461076,True,False,0.03546099290780142,81.38419651752415,56.6699767433318,21.150000000000002,1267.950669859157
TMTM,42,70,0.09371458191836529,0.03140483776462772,1.1102230246251565e-16,0.09141854518556158,True,False,0.3853211009174312,57.07422691312796,68.3199767433318,2.1,125.89581119168935
TMTM,42,75,0.4642629670243975,,,,False,True,,20.9084207004041,76.6199767433318,1.05,62.947905595844674
TMTM,43,76,0.25597591155260563,,,,False,True,,57.38708612964447,26.669976743331798,5.65,338.7196824919261
TMTM,43,77,0.3445027663562203,,,,False,False,,75.36030870607823,34.019976743331796,0.2,11.990077256351366
TMTM,43,72,0.31832286514636354,0.11237103369476067,1.6653345369377348e-16,0.1003013162298501,True,True,0.259927797833935,89.21872056089542,51.019976743331796,13.75,824.3178113741565
TMTM,43,70,0.21902090347135747,0.1253063215529922,0.0,0.2167248667385538,True,True,0.0582010582010582,40.58746832676891,66.8699767433318,17.900000000000002,1073.1119144434472
TMTM,44,78,0.19895753424554746,,,,False,True,,40.094880852797495,16.2199767433318,4.45,266.7792189538179
TMTM,44,76,0.4533993149871873,0.19742340343458162,0.0,0.19742340343458162,True,True,0.05161290322580645,82.27789454179427,27.869976743331797,18.8,1127.0672620970283
TMTM,44,72,0.07737265357901985,0.2409502115673437,0.0,0.3412515277971938,True,True,0.2896551724137931,94.25469517281418,84.9699767433318,4.95,296.7544120946963
TMTM,44,70,0.22628811492562118,0.007267211454263686,0.0,0.22399207819281747,True,True,0.7131474103585658,42.715402952257264,69.8699767433318,25.1,1504.7546956720964
TMTM,45,78,0.2517720296563517,0.052814495410804255,2.220446049250313e-16,0.052814495410804255,True,True,0.7606837606837606,41.532620302094,11.319976743331797,5.8500000000000005,350.70975974827746
TMTM,45,79,0.5422003550292395,,,,False,True,,94.13401934684053,29.0699767433318,0.30000000000000004,17.985115884527048
TMTM,45,76,0.4837677183307614,0.03036840334357412,1.1102230246251565e-16,0.22779180677815575,True,True,0.21779859484777517,90.92210294302316,32.8699767433318,7.2,431.6427812286492
TMTM,45,72,0.027057743692222403,0.050314909886797446,0.0,0.39156643768399124,True,True,0.5098039215686274,93.01690598639848,89.7699767433318,2.75,164.86356227483128
TMTM,45,70,0.2120876027274442,0.014200512198176973,0.0,0.2097915659946405,True,True,0.7219730941704036,46.61946441603849,72.0699767433318,32.5,1948.387554157097
TMTM,46,78,0.2553451552813126,0.0035731256249608673,1.942890293094024e-16,0.05638762103576512,True,True,0.8111888111888111,40.661395377089306,10.019976743331796,7.1000000000000005,425.6477426004735
TMTM,46,79,0.4924005265326162,0.049799828496623275,2.498001805406602e-16,0.04979982849662334,True,True,0.2222222222222222,95.15803992724574,36.0699767433318,0.25,14.987596570439209
TMTM,46,80,0.49261728966993223,,,,False,False,,95.73405150372366,36.6199767433318,0.8,47.960309025405465
TMTM,46,76,0.470587429035948,0.013180289294813363,0.0,0.2146115174833424,True,True,0.055865921787709494,98.04046822764556,41.5699767433318,2.25,134.88836913395286
TMTM,46,81,0.3945384546639161,,,,False,True,,23.525362183661866,70.8699767433318,1.75,104.91317599307446
TMTM,46,70,0.23367181531378964,0.02158421258634545,0.0,0.23137577858098593,True,True,0.10307692307692308,45.42935890567704,73.4699767433318,3.35,200.83379404388538
TMTM,47,78,0.2186745986836026,0.036670556597710006,0.0,0.019717064438055112,True,True,0.035211267605633804,39.86092858536411,13.619976743331797,0.25,14.987596570439209
TMTM,47,76,0.461963415998902,0.008624013037046,0.0,0.20598750444629638,True,True,0.09146341463414634,89.45558666320004,34.019976743331796,15.65,938.2235453094944
TMTM,47,82,0.2503086180304431,,,,False,False,,43.95701090698497,13.919976743331798,0.25,14.987596570439209
TMTM,47,83,0.2356523474883448,,,,False,False,,37.94169504473042,66.2199767433318,2.6500000000000004,158.8685236466556
TMTM,47,81,0.3837561839762561,0.010782270687660075,1.1102230246251565e-16,0.010782270687660045,True,True,0.45714285714285713,21.91923466618107,67.9699767433318,0.8,47.960309025405465
TMTM,47,70,0.12670427235787,0.10696754295591966,0.0,0.12440823562506627,True,True,0.38461538461538464,56.16546406038741,71.3699767433318,3.85,230.8089871847638
TMTM,48,78,0.2063012325181234,0.01237336616547918,0.0,0.007343698272575949,True,True,0.02857142857142857,34.926124645506604,10.169976743331796,8.75,524.5658799653722
TMTM,48,76,0.4847458461826546,0.022782430183752568,0.0,0.22876993463004897,True,True,0.7685459940652819,90.88947828525035,32.7199767433318,14.15,848.2979658868592
TMTM,48,81,0.3009127267825591,0.08284345719369697,0.0,0.09362572788135702,True,True,0.1797752808988764,26.4604495294247,62.56997674333179,4.45,266.7792189538179
TMTM,48,70,0.08560907599940346,0.04109519635846652,0.0,0.08331303926659975,True,True,0.32489451476793246,60.49688762340338,70.7699767433318,11.850000000000001,710.4120774388184
TMTM,49,78,0.23340277869186732,0.02710154617374392,2.220446049250313e-16,0.03444524444631985,True,True,0.2857142857142857,35.628310186355876,7.619976743331797,2.5,149.8759657043921
TMTM,49,76,0.5396187258334696,0.054872879650815096,2.203098814490545e-16,0.2836428142808641,True,True,0.8996655518394648,90.92422384334816,26.169976743331798,14.25,854.2930045150348
TMTM,49,81,0.27758067917898865,0.023332047603570476,0.0,0.1169577754849275,True,True,0.2782608695652174,31.81029524185317,65.1199767433318,10.25,614.4914593880076
TMTM,49,84,0.1437231717724992,,,,False,True,,53.1731961306319,70.4199767433318,0.25,14.987596570439209
TMTM,49,70,0.0043910835671863895,0.09000015956658984,0.0,0.006687120299990094,True,True,0.029535864978902954,71.94690677139417,71.4199767433318,0.35000000000000003,20.98263519861489
TMTM,50,76,0.575350372877906,0.035731647044436314,0.0,0.3193744613253004,True,True,0.7578947368421053,93.01202148868052,23.9699767433318,10.8,647.4641718429738
TMTM,50,85,0.4152008249349864,,,,False,True,,20.745877751133428,70.5699767433318,0.15000000000000002,8.992557942263524
TMTM,50,86,0.1770070539406401,,,,False,True,,100.96082321620861,79.7199767433318,0.05,2.9975193140878416
TMTM,50,81,0.1126023516494449,0.16497832752954372,1.6653345369377348e-16,0.28193610301447125,True,True,0.20361990950226244,48.75769454539841,62.269976743331796,16.35,980.1888157067242
TMTM,51,87,0.5360887777855656,,,,False,True,,36.48932340906393,100.81997674333181,12.25,734.3922319515211
TMTM,51,76,0.5288830736707101,0.04646729920719596,0.0,0.27290716211810445,True,True,0.4954128440366973,84.985945583817,21.519976743331796,21.8,1306.918420942299
TMTM,51,85,0.2461914238022617,0.1690094011327247,4.440892098500626e-16,0.1690094011327247,True,True,0.020134228187919462,30.1270058870604,59.6699767433318,7.45,446.63037779908836
TMTM,51,81,0.03922155701838192,0.07338079463106298,0.0,0.3553168976455342,True,True,0.23723723723723725,60.86338990112596,65.5699767433318,4.25,254.78914169746653
TMTM,52,87,0.4841304854736813,0.051958292311884334,0.0,0.051958292311884334,True,True,0.5669291338582677,40.72431848649005,98.81997674333181,7.65,458.6204550554398
TMTM,52,76,0.5304896617315024,0.0016065880607923392,0.0,0.27451375017889673,True,True,0.7607223476297968,85.82873615111208,22.169976743331798,17.2,1031.1466440462175
TMTM,52,88,0.28541771798911897,,,,False,False,,65.12010290202608,30.869976743331797,0.1,5.995038628175683
TMTM,52,85,0.0657849830965907,0.180406440705671,4.440892098500626e-16,0.3494158418383957,True,True,0.12064777327935222,55.97577877174092,63.869976743331804,61.75,3701.9363528984845
TMTM,53,89,0.1314379210344218,,,,False,True,,19.892527267462416,4.119976743331796,0.1,5.995038628175683
TMTM,53,90,0.2772218854971733,,,,False,True,,60.85335048367101,94.1199767433318,0.7000000000000001,41.96527039722978
TMTM,53,76,0.5154756686260462,0.01501399310545614,1.3877787807814457e-16,0.25949975707344064,True,True,0.7906976744186046,89.17705697845734,27.319976743331797,13.600000000000001,815.3252534318929
TMTM,53,91,0.19738936853341862,,,,False,False,,61.70670096734203,38.019976743331796,0.05,2.9975193140878416
TMTM,53,92,0.181916860472235,,,,False,False,,60.0,38.1699767433318,0.05,2.9975193140878416
TMTM,53,85,0.03445424376427274,0.03133073933231797,0.0,0.38074658117071364,True,True,0.8159806295399515,59.485467491619076,63.619976743331804,50.75,3042.482103799159
TMTM,54,89,0.10143792103442183,0.030000000000000006,0.0,0.029999999999999995,True,True,1.0,19.892527267462416,7.719976743331797,0.1,5.995038628175683
TMTM,54,90,0.21664544061344404,0.49386732611061734,0.0,0.49386732611061734,True,True,0.23728813559322035,61.417429616945086,35.4199767433318,2.95,176.85363953118267
TMTM,54,76,0.5617063689951541,0.046230700369107945,0.0,0.30573045744254856,True,True,0.5661764705882353,93.4247410227503,26.019976743331796,7.7,461.6179743695276
TMTM,54,93,0.129221415591426,,,,False,False,,54.026546614302916,38.519976743331796,0.2,11.990077256351366
TMTM,54,94,0.23458438465578565,,,,False,False,,65.12010290202608,36.9699767433318,0.1,5.995038628175683
TMTM,54,95,0.21911187659460207,,,,False,False,,63.413401934684046,37.1199767433318,0.05,2.9975193140878416
TMTM,54,85,0.34908889923902797,0.3146346554747552,0.0,0.06611192569595842,True,True,0.19310344827586207,32.37930883464844,74.2699767433318,9.8,587.513785561217
TMTM,54,96,0.07851546751590964,,,,False,True,,90.09183284524096,80.6699767433318,2.85,170.85860090300696
TMTM,55,89,0.022212787071811756,0.07922513396261006,0.0,0.10922513396261006,True,True,0.2222222222222222,20.935511191949207,18.269976743331796,0.45,26.977673826790575
TMTM,55,90,0.12970361088359664,0.0869418297298474,1.1102230246251565e-16,0.4069254963807699,True,True,0.29838709677419356,51.784410049363395,36.2199767433318,5.1000000000000005,305.74697003695985
TMTM,55,76,0.5109199108580422,0.05078645813711198,0.0,0.2549439993054366,True,True,0.7321428571428571,91.53036604629686,30.2199767433318,6.8500000000000005,410.6601460300343
TMTM,55,97,0.42259494066462544,,,,False,True,,22.708583863576752,73.4199767433318,1.0,59.950386281756835
TMTM,55,85,0.25625796288453523,0.09283093635449274,0.0,0.15894286205045116,True,True,0.20588235294117646,44.46902119718757,75.2199767433318,2.5,149.8759657043921
TMTM,56,89,0.00826182171051301,0.030474608782324768,0.0,0.13969974274493482,True,True,0.9,21.428558138070237,22.419976743331798,0.5,29.975193140878417
TMTM,56,98,0.07554482192120951,,,,False,True,,43.53535537387694,34.4699767433318,0.8500000000000001,50.957828339493304
TMTM,56,90,0.20647367346838294,0.07677006258478632,0.0,0.48369555896555627,True,True,0.22549019607843138,60.29681755953775,35.519976743331796,1.1500000000000001,68.94294422402035
TMTM,56,76,0.5116818599372777,0.0007619490792354947,1.1188966420050406e-16,0.2557059483846721,True,True,0.9090909090909091,91.02179993580512,29.619976743331797,6.800000000000001,407.66262671594643
TMTM,56,99,0.24284773787420413,,,,False,False,,39.1782481984273,68.3199767433318,0.5,29.975193140878417
TMTM,56,85,0.07887216445976192,0.17738579842477328,1.6653345369377348e-16,0.3363286604752245,True,True,0.16037735849056603,61.00531700816037,70.4699767433318,3.6500000000000004,218.81890992841244
TMTM,57,89,0.04677941546344699,0.05504123717396,1.6653345369377348e-16,0.08465850557097483,True,True,0.7,21.233506598945436,15.619976743331797,0.35000000000000003,20.98263519861489
TMTM,57,90,0.2685182324992494,0.062044559030866434,2.220446049250313e-16,0.5457401179964226,True,True,0.1417910447761194,68.19216464324172,35.9699767433318,6.5,389.6775108314194
TMTM,57,76,0.5296059284574366,0.01792406852015886,1.1102230246251565e-16,0.27363001690483096,True,True,0.41911764705882354,94.82268815822418,31.269976743331796,2.85,170.85860090300696
TMTM,57,100,0.211706536993928,,,,False,True,,25.66519230406044,51.0699767433318,0.8500000000000001,50.957828339493304
TMTM,57,85,0.012343932619162128,0.09121609707892404,0.0,0.4275447575541485,True,True,0.125,67.60124865763126,66.1199767433318,29.200000000000003,1750.5512794272995
TMTM,58,90,0.23850727766504806,0.030010954834201322,0.0,0.5157291631622214,True,True,0.3384615384615385,72.14085006313756,43.519976743331796,2.2,131.89084981986502
TMTM,58,101,0.18422355938363577,,,,False,False,,66.82680386936809,44.7199767433318,0.05,2.9975193140878416
TMTM,58,102,0.01375906653608432,,,,False,False,,50.22106472766192,48.5699767433318,5.550000000000001,332.72464386375043
TMTM,58,103,0.050767805609844764,,,,False,False,,59.61211341651317,53.519976743331796,1.1,65.94542490993251
TMTM,58,104,0.12374250261562363,,,,False,True,,56.22087642945696,71.0699767433318,0.7000000000000001,41.96527039722978
TMTM,58,85,0.1369331046018761,0.12458917198271398,0.0,0.5521339295368625,True,True,0.1267123287671233,89.75194929555693,73.3199767433318,3.7,221.81642924250028
ST-MTM,0,0,0.2034965645942504,,,,False,True,,19.039176783791405,-5.3804109675186425,0.012489663808699092,2.9975193140878416
ST-MTM,0,1,0.36385913908215817,,,,False,True,,63.76896463621363,20.10586794635465,0.5995038628175706,143.88092707621638
ST-MTM,0,2,0.17714964322939503,,,,False,False,,68.67572991732196,47.41777272979456,0.1498759657043962,35.970231769054095
ST-MTM,0,3,0.669237308458831,,,,False,True,,20.404537557665027,100.71301457272475,0.1873449571304775,44.962789711317626
ST-MTM,0,4,0.07526803844697269,,,,False,True,,65.81147482166696,74.84363943530369,5.395534765358121,1294.9283436859475
ST-MTM,1,5,0.4636418641167552,,,,False,False,,71.94690677139417,16.309883077383542,0.03822138081216764,5.995038628175683
ST-MTM,1,6,0.44528842841026267,,,,False,False,,73.6536077387362,20.218996329504677,0.019110690406080266,2.9975193140878416
ST-MTM,1,7,0.2560525749353715,,,,False,False,,77.49368491525576,46.76737592301118,0.15288552324865634,23.980154512702732
ST-MTM,1,4,0.0018961638434561224,0.07337187460351657,0.4253464786619927,0.07337187460351657,True,True,0.5572354211663066,69.98626759783863,70.21380725905337,5.522989527357737,866.2830817713863
ST-MTM,1,8,0.5004481558290715,,,,False,False,,34.399485489869626,94.45326418935821,0.019110690406080266,2.9975193140878416
ST-MTM,1,3,0.6824940031003578,0.013256694641526826,0.42534647866205966,0.013256694641526796,True,True,0.21052631578947367,23.44356637693211,105.34284674897505,0.5924314025885451,92.92309873672309
ST-MTM,2,9,0.29960818698746616,,,,False,False,,66.64394305143858,30.690960612942646,0.5466245477382756,83.93054079445956
ST-MTM,2,10,0.37678735354382353,,,,False,True,,92.1261358558499,46.91165343059107,1.6593959484911949,254.78914169746653
ST-MTM,2,11,0.23448931681724983,,,,False,False,,69.77474190386796,41.63602388579798,0.2147453580400338,32.972712454966256
ST-MTM,2,3,0.5930789059653124,0.08941509713504538,0.021309786586755086,0.07615840249351855,True,True,0.17218543046357615,31.10298088171584,102.27244959755333,2.850256570349586,437.6378198568249
ST-MTM,2,4,0.02143832602187802,0.023334489865334145,0.021309786586763746,0.09670636446885071,True,True,0.12418300653594772,75.85680353294137,73.28420441031601,1.0737267902001975,164.86356227483128
ST-MTM,3,10,0.13990635792667766,0.23688099561714585,1.8270276080655157,0.23688099561714585,True,True,0.055994729907773384,66.45016037525777,49.661397424056446,4.767984805987936,4550.234318785344
ST-MTM,3,3,0.3834977384104045,0.20958116755490788,1.8270276080655243,0.2857395700484265,True,True,0.2908366533864542,53.50297699483943,99.52270560408797,1.576764408831309,1504.7546956720964
ST-MTM,4,10,0.18487654721884936,0.04497018929217168,0.6931471805599467,0.19191080632497418,True,True,0.29314888010540185,62.933991550599224,40.7488058843373,2.7954588124698745,1333.8960947690896
ST-MTM,4,12,0.2751790165019448,,,,False,False,,92.68988775908957,59.6684057788562,0.16333017780722514,77.93550216628388
ST-MTM,4,13,0.0005977952710118472,,,,False,False,,79.74896833638631,79.82070376890773,0.26384105645783507,125.89581119168935
ST-MTM,4,3,0.44867018781462986,0.06517244940422534,0.6931471805599559,0.22056712064420114,True,True,0.8992395437262357,54.594874602421854,108.43529714017744,3.122119168084339,1489.7670991016573
ST-MTM,5,10,0.21691025083494153,0.03203370361609217,1.3009345121687343,0.159877102708882,True,False,0.41140529531568226,68.94641636106707,42.91718626087408,5.72181020100065,743.3847898937847
ST-MTM,5,14,0.003768233160503461,,,,False,False,,70.24020580405215,70.69239378331257,0.02307181532660252,2.9975193140878416
ST-MTM,5,15,0.711511807233966,,,,False,False,,29.279382587843553,114.66079945591947,0.2537899685927698,32.972712454966256
ST-MTM,5,3,0.5410570611759951,0.09238687336136522,1.3009345121687432,0.12818024728283592,True,True,0.030181086519114688,41.3400694237272,106.26691676484661,0.3460772298992367,44.962789711317626
ST-MTM,6,16,0.17491195440928642,,,,False,True,,21.030327912357098,0.04089338324273027,0.08239934045219824,17.985115884527048
ST-MTM,6,17,0.23011378138485494,,,,False,True,,39.555901178434894,11.942247412252302,0.645461500208885,140.88340776212854
ST-MTM,6,10,0.3177677156990496,0.1008574648641081,0.5187937934151692,0.059019637844773896,True,True,0.23469387755102042,81.0493119305516,42.91718604666564,4.902760756905792,1070.1143951293595
ST-MTM,6,18,0.5939824208713014,,,,False,True,,22.452578718475454,93.73046922303162,0.12359901067830492,26.977673826790575
ST-MTM,6,19,0.3830398624118447,,,,False,False,,40.710309997018044,86.67509348643941,0.5905286065740825,128.8933305057772
ST-MTM,7,17,0.2622380856162065,0.03212430423135153,0.6632942174102658,0.03212430423135153,True,True,0.2315270935960591,33.86981967241864,2.4012493984738668,5.411697859698784,608.4964207598318
ST-MTM,7,20,0.43636474691243177,,,,False,False,,95.84072031418253,43.47695068469072,0.02665861014629911,2.9975193140878416
ST-MTM,7,10,0.4090593393805634,0.09129162368151374,0.663294217410253,0.03227198583673984,True,False,0.0028011204481792717,94.13401934684052,45.046898621172915,0.02665861014629911,2.9975193140878416
ST-MTM,7,19,0.4547232561390945,0.07168339372724979,0.6632942174102606,0.07168339372724979,True,False,0.5333333333333333,39.5195883918957,94.08637912858704,0.6931238638037769,77.93550216628388
ST-MTM,7,21,0.39573514326102044,,,,False,True,,53.66082497844392,101.14904216976637,0.186610271024108,20.98263519861489
ST-MTM,8,17,0.18685821630443478,0.07537986931177171,0.4938760654522172,0.04325556508042017,True,True,0.18226600985221675,21.207148282847488,-1.2158376736846852,0.6019377460213149,110.90821462125014
ST-MTM,8,22,0.062185564160431875,,,,False,True,,99.55530477251516,107.01757247176698,0.2765659914151968,50.957828339493304
ST-MTM,8,10,0.0559929224484159,0.35306641693214746,0.4938760654522252,0.3207944310954076,True,True,0.025,97.93142899917652,91.21227830536661,0.6507435092122194,119.90077256351367
ST-MTM,8,23,0.0257308684364611,,,,False,True,,19.81494995076505,22.902654163140383,0.17895446503336387,32.972712454966256
ST-MTM,8,19,0.037125984312236564,0.4175972718268579,0.49387606545220586,0.34591387809960816,True,True,0.0912280701754386,47.08296846822199,51.53808658569038,4.636547503137152,854.2930045150348
ST-MTM,9,24,0.09614979942537817,,,,False,True,,62.40489681761831,73.94287274866369,0.3231122285324659,65.94542490993251
ST-MTM,9,17,0.16439303913599876,0.3512512554404335,0.10227884912041907,0.3945068205208537,True,True,0.43023255813953487,22.710568399585302,42.43773309590515,1.2630750751723525,257.7866610115544
ST-MTM,9,22,0.018530921184925712,0.04365464297550616,0.10227884912042007,0.04365464297550616,True,True,0.16666666666666666,95.23835526688534,97.46206580907642,1.4980657868323135,305.74697003695985
ST-MTM,9,10,0.021673835543728853,0.07766675799214476,0.10227884912038832,0.39846118908755235,True,True,0.125,100.96082321620861,103.56168348145607,0.07343459739374225,14.987596570439209
ST-MTM,9,25,0.163218666863662,,,,False,True,,34.86041932776491,15.274179304125472,2.0121079685885164,410.6601460300343
ST-MTM,9,19,0.4792675103710549,0.5163934946832915,0.10227884912041785,0.8623073727828996,True,True,0.2807017543859649,62.60271897519656,5.090617730669965,1.1749535582998636,239.80154512702734
ST-MTM,10,17,0.22078965498918518,0.05639661585318644,0.3268360098713481,0.4509034363740401,True,True,0.6511627906976745,21.20302979595719,47.69778839465941,0.5931652020532141,167.86108158891912
ST-MTM,10,24,0.12832913415122782,0.03217933472584965,0.32683600987134426,0.03217933472584965,True,True,0.5,60.465463900184204,75.86495999833154,0.4660583730418182,131.89084981986502
ST-MTM,10,22,0.05696947509985577,0.038438553914930056,0.3268360098713204,0.005216089060576105,True,True,0.7264957264957265,93.28066886316955,100.11700587515224,1.0592235750950465,299.7519314087842
ST-MTM,10,25,0.06284450562281127,0.1003741612408507,0.3268360098713434,0.1003741612408507,True,True,0.05660377358490566,22.782907937961,15.241567263223647,0.3283593082794596,92.92309873672309
ST-MTM,10,19,0.53812266343244,0.05885515306138508,0.32683600987133876,0.9211625258442847,True,True,0.21739130434782608,59.860866768966666,-4.713852842926137,3.8979427563497318,1103.0871075843256
ST-MTM,11,17,0.31512482044019685,0.09433516545101167,0.31991556702677504,0.5452386018250518,True,True,0.42857142857142855,20.745877751133435,58.56085620395706,0.3500551290934766,71.94046353810819
ST-MTM,11,24,0.08825042448121033,0.04007870967001749,0.3199155670267543,0.007899374944167844,True,True,0.6027397260273972,61.30925005713909,71.89930099488433,1.0647510176593187,218.81890992841244
ST-MTM,11,22,0.04910212769789055,0.10607160279774633,0.3199155670267487,0.11128769185832242,True,True,0.78,94.35282716316642,88.46057183941956,1.1376791695537918,233.80650649885163
ST-MTM,11,26,0.9160044802197679,,,,False,True,,100.96082321620861,-8.959714410163539,0.058342521515580614,11.990077256351366
ST-MTM,11,27,0.1905397235515511,,,,False,False,,43.67363414259611,20.808867316409973,0.7730384100814263,158.8685236466556
ST-MTM,11,19,0.6143844907299431,0.07626182729750303,0.3199155670267651,0.9974243531417878,True,True,0.43107769423558895,73.7713112537253,0.04517236613213606,2.9608829669156567,608.4964207598318
ST-MTM,12,24,0.1822710795368147,0.27052150401802505,0.2772833652308809,0.27842087896219286,True,True,0.6636363636363637,61.163659750460496,39.29113020604273,1.2158927066726761,329.72712454966256
ST-MTM,12,22,0.25762909613333507,0.20852696843544455,0.2772833652309039,0.319814660293767,True,True,0.05128205128205128,89.86726692848544,58.951775392485224,0.044214280242641735,11.990077256351366
ST-MTM,12,26,0.3294292463223315,0.5865752338974364,0.27728336523089947,0.5865752338974365,True,True,0.19047619047619047,99.49793667277257,59.96642711409279,0.2321249712738762,62.947905595844674
ST-MTM,12,28,0.5234343718506287,,,,False,False,,28.85270734600805,-33.9594172760674,0.1326428407279252,35.970231769054095
ST-MTM,12,19,0.6208176256374867,0.006433134907543544,0.27728336523088265,1.0038574880493314,True,True,0.47540983606557374,67.73411328291996,-6.7640017935784265,4.719874415902134,1279.9407471155084
ST-MTM,13,22,0.21737482131132094,0.040254274822014165,0.13203922621987374,0.2795603854717528,True,True,0.13333333333333333,93.2806688631695,67.19569030581098,0.3784144660926074,89.92557942263525
ST-MTM,13,24,0.15426118869371372,0.028009890843100984,0.13203922621983027,0.2504109881190919,True,True,0.6090909090909091,63.235089893319966,44.72374725007432,0.8451256409401395,200.83379404388538
ST-MTM,13,29,0.0988314330037538,,,,False,True,,43.62580953114434,31.766037570693886,1.2739953691784187,302.749450722872
ST-MTM,13,28,0.4188531023676097,0.10458126948301905,0.13203922621985553,0.10458126948301902,True,True,0.12631578947368421,30.87829191514292,-19.384080368970242,1.1983124759599022,284.76433483834495
ST-MTM,13,19,0.9446570203404397,0.32383939470295314,0.13203922621982522,1.3276968827522846,True,True,0.454337899543379,78.34297182519501,-35.01587061565776,2.648901262648195,629.4790559584467
ST-MTM,14,29,0.04523003781939593,0.05360139518435787,0.11579693768475541,0.05360139518435787,True,True,0.4427860696517413,37.37943955983187,31.951835021504362,2.6766910750018766,566.531150362602
ST-MTM,14,24,0.18686490943744982,0.032603720743736096,0.1157969376847576,0.283014708862828,True,True,0.3684210526315789,69.45458154924391,47.03079241674993,0.8922303583339612,188.84371678753402
ST-MTM,14,22,0.27113271914231823,0.05375789783099734,0.11579693768473642,0.33331828330275015,True,True,0.4838709677419355,94.93231496059728,62.39638866351909,0.8780679716937385,185.84619747344618
ST-MTM,14,19,0.9322331115181418,0.012423908822297965,0.11579693768475341,1.3152729739299864,True,True,0.2713178294573643,75.24460016591942,-36.62337321625759,1.6711616235461406,353.70727906236533
ST-MTM,14,28,0.3139906919844504,0.10486241038315933,0.11579693768474542,0.20944367986617832,True,True,0.05825242718446602,22.20876429456945,-15.470118743564594,0.19827341296310053,41.96527039722978
ST-MTM,14,30,1.298018311416751,,,,False,True,,100.10747273253759,-55.65472463747253,0.02832477328044547,5.995038628175683
ST-MTM,15,29,0.2120942659827253,0.25732430380212123,1.1834511686051354,0.3109256989864791,True,True,0.7673469387755102,35.83339408948072,61.284706007407756,1.0581810037019181,731.3947126374334
ST-MTM,15,22,0.44474259610099265,0.17360987695867441,1.1834511686051368,0.5069281602614245,True,True,0.03225806451612903,91.57396789582747,38.204856363708345,0.008673614784441952,5.995038628175683
ST-MTM,15,24,0.3781305465344354,0.19126563709698557,1.1834511686051377,0.4742803459598136,True,False,0.015873015873015872,73.6536077387362,28.27794215460395,0.004336807392220976,2.9975193140878416
ST-MTM,15,31,0.3914376562243574,,,,False,False,,71.94690677139417,24.974388024471278,0.004336807392220976,2.9975193140878416
ST-MTM,15,19,0.7491003650588339,0.18313274645930783,1.1834511686051365,1.1321402274706787,True,True,0.097119341563786,66.88018217122739,-23.011861635832684,5.2692209815484645,3641.9859666167276
ST-MTM,16,29,0.26665473893416414,0.054560472951438815,0.772051324977158,0.36548617193791794,True,True,0.6619318181818182,34.99507908257843,66.99364775467812,3.20053177848132,1022.154086103954
ST-MTM,16,24,0.4101402792900729,0.03200973275563748,0.7720513249771614,0.5062900787154511,True,True,0.030303030303030304,77.01529146228866,27.79845794747991,0.30972888178851576,98.91813736489877
ST-MTM,16,22,0.472460801530245,0.027718205429252348,0.7720513249770886,0.5346463656906768,True,True,0.2857142857142857,90.23298856434444,33.537692380715036,0.06570006583392285,20.98263519861489
ST-MTM,16,32,0.5261837170940094,,,,False,True,,100.27814282927179,37.13609677799066,0.046928618452810156,14.987596570439209
ST-MTM,16,33,0.693826273199637,,,,False,False,,44.63969129392178,-38.61946149003465,0.14078585535841626,44.962789711317626
ST-MTM,16,19,0.8828437262037176,0.13374336114488378,0.7720513249771613,1.2658835886155624,True,True,0.22633744855967078,82.36709195018425,-23.57415519426188,2.5810740149042886,824.3178113741565
ST-MTM,17,29,0.070679431537598,0.19597530739656613,0.06572265389878784,0.16951086454135178,True,True,0.7084548104956269,33.77253411411133,42.25406589862309,2.4557086218494817,734.3922319515211
ST-MTM,17,24,0.2686522235036392,0.14148805578643367,0.06572265389878562,0.36480202292901737,True,True,0.12307692307692308,90.0049041032711,57.766637282834395,1.8643338925061386,557.5385924203385
ST-MTM,17,34,0.7053483764030111,,,,False,False,,73.81487082226454,-10.826934346096792,1.272959163162792,380.68495288915585
ST-MTM,17,19,0.9499471579568062,0.06710343175308846,0.06572265389878362,1.332987020368651,True,True,0.2727272727272727,85.19090627796831,-28.80275267684843,0.751747537300858,224.81394855658812
ST-MTM,18,29,0.43702017370679075,0.5076996052443887,0.41021571086676034,0.33818874070303695,True,True,0.6032388663967612,31.754664123260124,-20.687756721554766,2.2810884081850205,452.6254164272641
ST-MTM,18,35,0.13894494714275568,,,,False,True,,60.853350483671015,77.5267441408017,0.060426182998270406,11.990077256351366
ST-MTM,18,24,0.16464753899353385,0.10400468451010537,0.410215710866751,0.260797338418912,True,True,0.3548387096774194,89.9707033507486,70.21299867152453,0.9970320194715896,197.83627472979754
ST-MTM,18,36,0.2979962443844404,,,,False,True,,23.5747930531661,-12.18475627296675,1.1027778397185877,218.81890992841244
ST-MTM,18,37,0.5001646068932944,,,,False,True,,94.89255311010363,34.8728002829083,1.0876712939690236,215.8213906143246
ST-MTM,18,19,0.5652241576879466,0.3847230002688595,0.4102157108667678,0.9482640200997914,True,True,0.6538461538461539,89.51960562032316,21.692706697769562,0.8157534704767642,161.86604296074344
ST-MTM,19,29,0.5910741297479427,0.15405395604115193,0.2077881632310219,0.49224269674418886,True,True,0.48344370860927155,29.209244191925386,-41.71965137782774,0.8958736802355958,218.81890992841244
ST-MTM,19,24,0.8149205810181641,0.6502730420246302,0.20778816323100768,0.9110703804435423,True,True,0.5303030303030303,90.91566895128122,-6.874800770898467,0.42952847682528805,104.91317599307446
ST-MTM,19,38,0.6053287499386364,,,,False,False,,75.90145779328422,3.262007800647851,0.503161929995338,122.89829187760151
ST-MTM,19,39,0.6138751024460184,,,,False,False,,88.51194557206678,14.846933278544572,0.20862811731513986,50.957828339493304
ST-MTM,19,36,0.20242716429766372,0.5004234086821041,0.20778816323101545,0.5004234086821041,True,True,0.2857142857142857,35.48701122254804,59.77827093826769,2.6385320719267753,644.4666525288859
ST-MTM,19,19,0.2663827384199245,0.2988414192680222,0.20778816323101879,0.6494226008317692,True,True,0.39705882352941174,79.8153002017137,47.84937159132276,1.6690249385211189,407.66262671594643
ST-MTM,20,29,0.622981142184673,0.0319070124367304,0.024834132037731993,0.5241497091809193,True,True,0.48120300751879697,36.45027939417576,-38.30745766798501,1.4844318917690345,371.69239494689236
ST-MTM,20,24,0.7951034901022058,0.019817090915958173,0.024834132037736545,0.8912532895275841,True,True,0.11784511784511785,83.14102624742874,-12.271392564835965,3.555453805285513,890.263236284089
ST-MTM,20,40,0.7490648836822082,,,,False,True,,99.53857241009031,9.650786368225331,0.3591367480086376,89.92557942263525
ST-MTM,20,36,0.2743409112705055,0.07191374697284178,0.02483413203775897,0.5723371556549459,True,False,0.22325581395348837,35.46617359445839,68.38708294691905,0.5746187968138088,143.88092707621638
ST-MTM,20,41,0.06651800126806577,,,,False,False,,60.28445016122367,52.302290009055774,0.2154820488051854,53.95534765358115
ST-MTM,20,19,0.41683998744751566,0.1504572490275912,0.02483413203777962,0.7998798498593603,True,True,0.09558823529411764,91.24575617133861,41.22495767763673,0.15562592413706966,38.96775108314194
ST-MTM,21,24,0.7683139782564168,0.026789511845789156,0.3838495176322241,0.8644637776817949,True,True,0.8552188552188552,84.76732191190038,-7.430355478869625,2.071421980159503,761.3699057783117
ST-MTM,21,29,0.5844314272133061,0.03854971497136705,0.3838495176322241,0.48559999420955224,True,True,0.4301675977653631,43.631186176856,-26.500585088740728,1.0764870133112368,395.6725494595951
ST-MTM,21,36,0.24004764849496804,0.03429326277553747,0.3838495176322049,0.5380438928794085,True,True,0.26717557251908397,33.90772419419479,62.71344201359096,0.9623141482630757,353.70727906236533
ST-MTM,21,41,0.3318758715069357,0.2653578702388699,0.3838495176322372,0.2653578702388699,True,True,0.050359712230215826,81.15312585800552,41.32802127717324,2.2345260730854477,821.3202920600686
ST-MTM,22,24,0.8714693890776548,0.10315541082123812,0.41061975869682943,0.967619188503033,True,True,0.5287356321839081,92.00358572553769,-12.572740963780893,1.782923713466655,434.640300542737
ST-MTM,22,36,0.15279725031968852,0.08725039817527952,0.4106197586968322,0.45079349470412894,True,False,0.23397435897435898,50.2775574107595,68.61322744912212,3.2830388379006763,800.3376568614538
ST-MTM,22,41,0.4242073587660621,0.09233148725912639,0.41061975869682443,0.3576893574979963,True,True,0.3695652173913043,91.47550437848082,40.57062132655337,1.278786663451939,311.74200866513553
ST-MTM,23,42,0.8386561878901772,,,,False,True,,22.579001012352638,123.2177435591739,0.48255839098624165,80.93302148037172
ST-MTM,23,24,0.8047620212931901,0.06670736778446476,0.3739889760061461,0.9009118207185682,True,True,0.5655172413793104,94.80004899263253,-1.7713935625502855,1.4655477059582522,245.79658375520302
ST-MTM,23,36,0.08421545614116782,0.23701270646085634,0.3739889760061428,0.2137807882432726,True,False,0.32193732193732194,65.7871890669263,55.681334329986164,3.5208890008997002,590.5113048753047
ST-MTM,23,43,0.5180505730178859,,,,False,True,,23.981498335052677,86.14756709719899,0.8578815839755691,143.88092707621638
ST-MTM,23,41,0.27215951384682924,0.15204784491923284,0.37398897600612546,0.20564151257876345,True,True,0.009615384615384616,75.36030870607823,42.70116704445872,0.01787253299949043,2.9975193140878416
ST-MTM,24,24,0.8687432488991954,0.06398122760600537,0.09446546625276109,0.9648930483245736,True,True,0.1951219512195122,97.01407722923015,-7.235112638673303,0.3142909827774254,47.960309025405465
ST-MTM,24,44,0.3191587616738005,,,,False,False,,70.26773323900932,31.968681838153255,1.217877558262522,185.84619747344618
ST-MTM,24,45,0.41386814843881303,,,,False,False,,35.485567923632736,85.1497457362903,0.21607505065946953,32.972712454966256
ST-MTM,24,43,0.5370043460837234,0.01895377306583746,0.09446546625272667,0.018953773065837492,True,False,0.10204081632653061,28.42603210417254,92.86655363421934,0.11785911854153142,17.985115884527048
ST-MTM,24,36,0.23209059886123798,0.14787514272007016,0.09446546625276125,0.06590564552320241,True,True,0.24633431085043989,82.2769389421485,54.426067078799946,4.4786465045783075,683.4344036120278
ST-MTM,25,46,0.8086246609654737,,,,False,True,,42.93299032657975,139.9679496424366,0.1000749087510826,14.987596570439209
ST-MTM,25,47,0.8739738108211047,,,,False,True,,20.380156115274424,125.257013413807,0.280209744503054,41.96527039722978
ST-MTM,25,48,0.23629169504206365,,,,False,False,,77.06700967342024,48.712006268372605,0.020014981750222205,2.9975193140878416
ST-MTM,25,49,0.1920730228165025,,,,False,False,,55.77444381189112,78.82320654987141,2.9021723537816797,434.640300542737
ST-MTM,25,43,0.5396402612196272,0.0026359151359036954,0.018750549345396328,0.021589688201741217,True,False,0.125,29.79139287804616,94.54822422440141,0.6004494525065525,89.92557942263525
ST-MTM,25,36,0.282544324974883,0.05045372611364503,0.0187505493453739,0.015451919409557391,True,True,0.5350877192982456,86.64971592447995,52.74439692749399,2.4418277735266543,365.6973563187167
ST-MTM,26,47,0.9418230096249206,0.06784919880381582,0.427306850023236,0.06784919880381585,True,True,0.20930232558139536,21.06027003459118,134.07903118958166,0.4960915023932557,113.90573393533798
ST-MTM,26,49,0.014441382923825923,0.2065144057403284,0.4273068500232131,0.2065144057403284,True,False,0.2367758186397985,72.25766446197959,70.52469851112048,4.5170436796861395,1037.1416826743932
ST-MTM,26,43,0.618740405521399,0.0791001443017719,0.42730685002321167,0.10068983250351309,True,True,0.410958904109589,30.027525477637315,104.27637414020519,0.9530178861765535,218.81890992841244
ST-MTM,26,36,0.44064307482966364,0.15809874985478062,0.42730685002323066,0.14264683044522322,True,True,0.23770491803278687,95.36990625422611,42.492737274666474,0.37859614656328233,86.9280601085474
ST-MTM,27,47,0.9574538436622199,0.015630834037299212,0.7568629949461199,0.08348003284111509,True,True,0.44,23.657308813069818,138.5517700525362,0.9461468127362309,101.91565667898661
ST-MTM,27,50,0.29240146069843687,,,,False,False,,59.74201031889016,94.83018560270258,2.3931948792739206,257.7866610115544
ST-MTM,27,49,0.1712010868853934,0.15675970396156746,0.7568629949460528,0.3632741097018959,True,True,0.24043715846994534,86.59609007441315,66.05195964816595,3.005407522809122,323.7320859214869
ST-MTM,28,51,1.2420556916110157,,,,False,True,,19.039176783791405,168.08585977711328,0.01701005151426216,5.995038628175683
ST-MTM,28,52,1.119397221047507,,,,False,True,,20.380156115274424,154.70782264097525,0.11907036059983511,41.96527039722978
ST-MTM,28,49,0.10559628259849797,0.06560480428689543,1.185379971249319,0.2976693054150005,True,True,0.17073170731707318,78.72351355348762,66.05195964166786,5.205075763363794,1834.481820221759
ST-MTM,28,53,0.6790519246271738,,,,False,True,,23.81793949234907,105.30417044760992,0.21262564392824856,74.93798285219604
ST-MTM,28,54,0.10880928171870785,,,,False,True,,64.86318017575951,77.92029398200445,0.7909673954131335,278.7692962101693
ST-MTM,29,51,1.219293287448235,0.022762404162780747,0.39214933213243786,0.022762404162780806,True,True,0.18181818181818182,20.590723117738698,166.9059176115269,0.13847666937107306,32.972712454966256
ST-MTM,29,55,0.3421763810117869,,,,False,False,,72.04231241553131,113.10347813694574,2.0267948880672577,482.6006095681425
ST-MTM,29,49,0.08437019400141009,0.021226088597087887,0.39214933213238745,0.27644321681791256,True,True,0.2016260162601626,89.49770569539955,79.37328241523034,1.5987760918294498,380.68495288915585
ST-MTM,29,54,0.0391200152749852,0.14792929699369306,0.39214933213238434,0.14792929699369306,True,True,0.45365853658536587,70.47331618007931,65.77891434708108,2.580701565551493,614.4914593880076
ST-MTM,30,51,1.0940655511892383,0.1252277362589967,0.24622535877328777,0.1479901404217775,True,True,0.4230769230769231,20.811520096031195,152.09938623873978,0.41868903448045103,77.93550216628388
ST-MTM,30,55,0.44626476849096997,0.1040883874791831,0.24622535877343937,0.1040883874791831,True,True,0.29375,69.55887458784056,123.11064680675696,4.0741663739829335,758.372386464224
ST-MTM,30,56,0.19496100363995994,,,,False,True,,20.366610869501866,43.76193130629706,0.14493081962784515,26.977673826790575
ST-MTM,30,57,0.10194548257738952,,,,False,False,,52.225028926552994,64.45848683583974,0.14493081962785936,26.977673826790575
ST-MTM,30,58,0.08526944714951389,,,,False,True,,98.20807972049565,87.97574606255398,0.49920615649594424,92.92309873672309
ST-MTM,30,54,0.048286187756919334,0.08740620303190454,0.2462253587734441,0.06052309396178852,True,True,0.2904761904761905,64.78393452967083,70.57827706050115,1.0628260106042546,197.83627472979754
ST-MTM,31,51,1.1170883103515663,0.02302275916232812,0.42722328863682857,0.12496738125944944,True,True,0.9615384615384616,20.81414578982711,154.86474303201507,0.2626137920041174,74.93798285219604
ST-MTM,31,55,0.43163578585432394,0.014628982636646033,0.42722328863688136,0.08945940484253706,True,True,0.46335078534031415,74.52369058483218,126.31998488735105,3.214392814130292,917.2409101108796
ST-MTM,31,56,0.5629316428824204,0.3679706392424605,0.42722328863683967,0.3679706392424605,True,True,0.10465116279069768,25.74690849264726,93.29870563853771,0.9033914444941331,257.7866610115544
ST-MTM,31,54,0.11459142962506359,0.16287761738198292,0.42722328863689407,0.22340071134377143,True,True,0.2631578947368421,73.94786652620897,60.19689497120134,1.827791992348594,521.5683606512845
ST-MTM,31,58,0.44271955048528583,0.35745010333577193,0.4272232886369015,0.35745010333577193,True,True,0.3333333333333333,95.97200500397805,42.84565894574376,0.13655917184213706,38.96775108314194
ST-MTM,32,51,1.0706564043097024,0.04643190604186387,0.7217089030551163,0.17139928730131332,True,True,0.65625,22.45257871847545,150.93134723563975,0.1429227484561011,83.93054079445956
ST-MTM,32,55,0.5295299895120428,0.09789420365771886,0.7217089000017813,0.18735360850025592,True,True,0.584375,66.4447066378737,129.98830537931883,1.0259811616924992,602.5013821316561
ST-MTM,32,56,0.32527680503111717,0.23765483785130329,0.721708908595959,0.13031580139115725,True,True,0.6571428571428571,23.77139310233066,62.80460970606472,0.449185778373149,263.78169963973005
ST-MTM,32,54,0.14852120471814403,0.26311263434320764,0.7217088903464581,0.03971192299943619,True,True,0.19141914191419143,73.13352394560775,90.95606851178503,4.639884999916404,2724.745056505848
ST-MTM,32,59,0.30957847835003655,,,,False,True,,25.66519230406044,62.81460970606483,0.08677452638112015,50.957828339493304
ST-MTM,33,51,1.1795372093172285,0.10888080500752598,0.3835824063369848,0.06251848229378727,True,True,0.14285714285714285,19.46585202562691,161.01031714369432,0.02996339652804636,11.990077256351366
ST-MTM,33,55,0.4317890760575635,0.09774091345447929,0.38358240328453286,0.08961269504577665,True,False,0.24172185430463577,69.94594701657944,121.76063614348706,1.303407748971125,521.5683606512845
ST-MTM,33,56,0.2989555405869237,0.02632126444419347,0.38358241187871944,0.10399453694696374,True,True,0.3651452282157676,27.29649349715568,63.17115836758652,1.8052946408163422,722.4021546951698
ST-MTM,33,54,0.036747959627095976,0.11177324509104807,0.38358239362922125,0.07206132209161188,True,True,0.47084708470847086,84.3284640227889,88.73821917804042,3.2060834285037174,1282.9382664295963
ST-MTM,34,60,0.9343146776417861,,,,False,True,,47.19974274493482,159.31750406194914,0.023987709696882575,5.995038628175683
ST-MTM,34,55,0.4355398391782744,0.0037507631207108244,0.47071226279394685,0.09336345816648747,True,False,0.034482758620689655,75.36030870607823,127.62508940747115,0.07196312909059088,17.985115884527048
ST-MTM,34,61,0.29493044845016586,,,,False,False,,85.60051451013037,120.99216832415027,0.20389553242330294,50.957828339493304
ST-MTM,34,56,0.24734944126418484,0.051606099322738845,0.4707122627937543,0.0523884376242249,True,True,0.6314363143631436,31.74251611688844,61.42444906859062,4.329781600283084,1082.1044723857108
ST-MTM,34,54,0.02298626158908282,0.059734221216178794,0.47071226279374956,0.13179554330779067,True,True,0.3187066974595843,87.37882530826998,84.62047391758004,1.7151212433254273,428.64526191456133
ST-MTM,35,62,1.0687123556136386,,,,False,True,,36.60815732995931,164.85364000359596,0.10647654161095943,50.957828339493304
ST-MTM,35,61,0.376071831452897,0.08114138300273115,0.649683072390375,0.08114138300273115,True,True,0.02373887240356083,85.25188961741114,130.38050939175878,2.054370920494307,983.1863350208121
ST-MTM,35,63,0.008329192738648673,,,,False,True,,100.2580639943619,101.25756712299975,0.10647654161098785,50.957828339493304
ST-MTM,35,56,0.15790290797677317,0.08944653328741167,0.6496830723903848,0.03705809566318677,True,True,0.6224137931034482,37.392097358467616,56.340446315680396,3.6327290667277055,1738.561202170948
ST-MTM,35,54,0.10453222577919412,0.0815459641901113,0.6496830723903879,0.21334150749790198,True,True,0.4965034965034965,92.86000313178238,80.31613603827908,0.4446961443752855,212.82387130023676
ST-MTM,36,62,0.788728504553074,0.2799838510605647,0.22240345013353413,0.2799838510605647,True,True,0.2328767123287671,39.49620892658963,134.1436294729585,0.5711056629862128,218.81890992841244
ST-MTM,36,64,0.6033996745466976,,,,False,True,,95.84072031418253,168.24868125978625,0.007823365246395042,2.9975193140878416
ST-MTM,36,61,0.5453457890584814,0.16927395760558436,0.22240345013325924,0.2504153406083155,True,False,0.21646341463414634,87.88412848051759,153.32562316753535,0.5554589324934227,212.82387130023676
ST-MTM,36,56,0.3401053566023586,0.1822024486255854,0.22240345013327045,0.14514435296239864,True,True,0.7168508287292817,44.1454430499856,84.95808584226863,5.186891158354086,1987.355305240239
ST-MTM,36,54,0.3315894082439065,0.22705718246471238,0.22240345013318885,0.44039868996261433,True,True,0.04225352112676056,99.25412224886657,59.46339325959779,0.023470095739156704,8.992557942263524
ST-MTM,37,62,1.0005548142084186,0.21182630965534463,1.425268495551642,0.0681575414052201,True,True,0.5132743362831859,43.94307865419036,164.0096563592006,3.188643195139946,293.7568927806085
ST-MTM,37,64,0.48156719038021667,0.12183248416648099,1.425268495550609,0.12183248416648099,True,True,0.07692307692307693,97.15356721213794,154.94163005776394,0.4229832809879781,38.96775108314194
ST-MTM,37,61,0.48176923903181895,0.06357655002666245,1.4252684955516748,0.18683879058165306,True,False,0.1267605633802817,89.77245020807756,147.58475889189583,0.2928345791455058,26.977673826790575
ST-MTM,37,65,0.3285983657910064,,,,False,True,,21.030327912357098,60.462131807277856,0.1952230527636658,17.985115884527048
ST-MTM,37,56,0.30272572841745954,0.037379628184899025,1.425268495551671,0.10776472477749961,True,False,0.08748114630467571,37.81288742455368,74.13997483464883,1.8871561767154788,173.8561202170948
ST-MTM,37,66,0.1292077234483332,,,,False,True,,75.2051540726835,90.71008088648348,0.35790893006671354,32.972712454966256
ST-MTM,38,62,1.0328571330925778,0.032302318884159104,0.626897795018726,0.035855222521061,True,True,0.25510204081632654,41.56762955270615,165.51048552381548,0.43457186402872594,74.93798285219604
ST-MTM,38,64,0.4932581941655819,0.011691003785365221,0.626897795018805,0.11014148038111576,True,True,0.04377104377104377,90.15746355761263,149.34844685748246,5.1627137446611755,890.263236284089
ST-MTM,38,67,0.4022508890831135,,,,False,False,,49.11978133319459,97.38988802316821,0.27812599297837437,47.960309025405465
ST-MTM,38,56,0.415052476085474,0.11232674766801441,0.6268977950188246,0.22009147244551405,True,False,0.07936507936507936,28.42603210417254,78.23232923442941,0.17382874561147332,29.975193140878417
ST-MTM,38,68,0.3673275996078051,,,,False,False,,44.43890294482271,88.51821489775932,0.29550886753952454,50.957828339493304
ST-MTM,39,69,1.2763738393248367,,,,False,True,,19.892527267462416,173.05738798644282,0.12201440797730356,5.995038628175683
ST-MTM,39,62,0.9601446540664822,0.07271247902609558,1.2555064544410763,0.10856770154715652,True,True,0.3870967741935484,43.691524089842865,158.90888257782072,1.0981296717956184,53.95534765358115
ST-MTM,39,70,0.22899501064639458,,,,False,False,,56.64445233539536,84.1238536129627,3.599425035330171,176.85363953118267
ST-MTM,39,68,0.4877979647335593,0.12047036512575418,1.2555064544411358,0.12047036512575418,True,False,0.13513513513513514,36.58406272806742,95.11981849609454,1.5251800997161808,74.93798285219604
ST-MTM,40,69,1.178501050898785,0.09787278842605168,3.102774067380234,0.09787278842605171,True,True,0.4,19.721857170728214,161.14198327858242,0.013703562019031779,14.987596570439209
ST-MTM,40,70,0.290414495539973,0.06141948489357845,3.1027740673789648,0.06141948489357845,True,True,0.02554112554112554,61.189518856026346,96.03925832082311,6.3310456528002135,6924.269615542914
ST-MTM,41,71,0.8938817523033051,,,,False,True,,21.20099800909131,128.46680828548793,0.9151080598297199,89.92557942263525
ST-MTM,41,72,0.3600145515174401,,,,False,False,,92.65487850847744,49.453132326384626,0.45755402991484573,44.962789711317626
ST-MTM,41,73,0.12943282720611346,,,,False,False,,62.87610718570601,78.40804645043963,1.647194507693456,161.86604296074344
ST-MTM,41,70,0.3662204239650324,0.0758059284250594,2.409626886819013,0.13722541331863786,True,False,0.047186147186147186,52.09280744488329,96.03925832068718,3.324892617381238,326.72960523557475
ST-MTM,42,74,0.0017834709940794725,,,,False,False,,40.20226877883252,40.416285298122055,0.591860934218218,149.8759657043921
ST-MTM,42,72,0.1872716891643811,0.172742862353059,0.9465960813694743,0.172742862353059,True,False,0.03546099290780142,81.38419651752415,58.91159381779841,5.007143503486091,1267.950669859157
ST-MTM,42,70,0.24588808687258007,0.12033233709245235,0.9465960813694811,0.0168930762261855,True,False,0.3853211009174312,57.07422691312796,86.58079733783757,0.49716318474330023,125.89581119168935
ST-MTM,42,75,0.7632648504775955,,,,False,True,,20.9084207004041,112.50020275771556,0.24858159237166433,62.947905595844674
ST-MTM,43,76,0.4359762748305368,,,,False,True,,57.38708612964447,5.069933149980063,0.9559422150327688,338.7196824919261
ST-MTM,43,77,0.3931646231507714,,,,False,False,,75.36030870607823,28.180553927985663,0.033838662479034554,11.990077256351366
ST-MTM,43,72,0.27269965115196954,0.0854279619875884,0.3359390454595557,0.08731490036547059,True,True,0.259927797833935,89.21872056089542,56.49476242265908,2.3264080454337233,824.3178113741565
ST-MTM,43,70,0.40341800338506656,0.1575299165124865,0.3359390454595528,0.17442299273867198,True,True,0.0582010582010582,40.58746832676891,88.99762873297689,3.028560291873731,1073.1119144434472
ST-MTM,44,78,0.4530498323935356,,,,False,True,,40.094880852797495,-14.271099034426774,0.5297210882916659,266.7792189538179
ST-MTM,44,76,0.5771128022247398,0.14113652739420307,0.3515953981954335,0.14113652739420304,True,True,0.05161290322580645,82.27789454179427,13.024358274825488,2.2379227999737736,1127.0672620970283
ST-MTM,44,72,0.3227483316594172,0.050048680507447686,0.3515953981954332,0.037266219858022906,True,True,0.2896551724137931,94.25469517281418,55.52489537368412,0.589240311695221,296.7544120946963
ST-MTM,44,70,0.3274805642069128,0.07593743917815375,0.351595398195431,0.09848555356051823,True,True,0.7131474103585658,42.715402952257264,82.0130706570868,2.987865014858613,1504.7546956720964
ST-MTM,45,78,0.5193629511213789,0.06631311872784337,0.09231280026534983,0.06631311872784333,True,True,0.7606837606837606,41.532620302094,-20.79093383247147,0.7637198128949123,350.70975974827746
ST-MTM,45,79,0.7338927508848464,,,,False,True,,94.13401934684053,6.066889240658969,0.039165118609995275,17.985115884527048
ST-MTM,45,76,0.5749147483523047,0.0021980538724350575,0.09231280026535382,0.13893847352176797,True,True,0.21779859484777517,90.92210294302316,21.93233314074659,0.9399628466398937,431.6427812286492
ST-MTM,45,72,0.310536544670662,0.012211786988755217,0.0923128002653461,0.049478006846778125,True,True,0.5098039215686274,93.01690598639848,55.75252062591905,0.35901358725828914,164.86356227483128
ST-MTM,45,70,0.27314867417599686,0.05433189003091592,0.09231280026534816,0.0441536635296023,True,True,0.7219730941704036,46.61946441603849,79.39730531715811,4.242887849416178,1948.387554157097
ST-MTM,46,78,0.5219246854099376,0.002561734288558763,1.142783506981245,0.06887485301640209,True,True,0.8111888111888111,40.661395377089306,-21.96956687210322,2.9063044790462413,425.6477426004735
ST-MTM,46,79,0.7942116540862716,0.060318903201425154,1.1427835069812515,0.06031890320142518,True,True,0.2222222222222222,95.15803992724574,-0.14735856310684226,0.10233466475514941,14.987596570439209
ST-MTM,46,80,0.7303775904157235,,,,False,False,,95.73405150372366,8.088740653836847,0.32747092721647775,47.960309025405465
ST-MTM,46,76,0.5798292809879265,0.004914532635621782,1.1427835069812433,0.14385300615738975,True,True,0.055865921787709494,98.04046822764556,28.460954509094375,0.9210119827963439,134.88836913395286
ST-MTM,46,81,0.5839595839306578,,,,False,True,,23.525362183661866,93.6005122553408,0.7163426532860342,104.91317599307446
ST-MTM,46,70,0.29026838231785745,0.017119708141860576,1.1427835069812422,0.06127337167146288,True,True,0.10307692307692308,45.42935890567704,80.26156478381994,1.3712845077189968,200.83379404388538
ST-MTM,47,78,0.3769891978384735,0.14493548757146418,0.4140304709670777,0.07606063455506208,True,True,0.035211267605633804,39.86092858536411,-5.377775155252716,0.06764124962493945,14.987596570439209
ST-MTM,47,76,0.5667420800341051,0.013087200953821506,0.41403047096708656,0.1307658052035683,True,True,0.09146341463414634,89.45558666320004,21.44653705910743,4.234342226521171,938.2235453094944
ST-MTM,47,82,0.3412900912847814,,,,False,False,,43.95701090698497,3.002199952811206,0.06764124962493856,14.987596570439209
ST-MTM,47,83,0.33651562741077884,,,,False,False,,37.94169504473042,78.32357033402388,0.7169972460243628,158.8685236466556
ST-MTM,47,81,0.5769410432826386,0.007018540648019241,0.4140304709670358,0.007018540648019211,True,True,0.45714285714285713,21.91923466618107,91.1521598600977,0.21645199879981192,47.960309025405465
ST-MTM,47,70,0.14139232647662336,0.14887605584123406,0.41403047096708934,0.0876026841697712,True,True,0.38461538461538464,56.16546406038741,73.13254323758221,1.0416752442240522,230.8089871847638
ST-MTM,48,78,0.31918357772796035,0.057805620110513184,0.5138062519041373,0.13386625466557522,True,True,0.02857142857142857,34.926124645506604,-3.3759046818486365,1.4162386640221567,524.5658799653722
ST-MTM,48,76,0.578075818285648,0.011333738251542958,0.5138062519041273,0.14209954345511128,True,True,0.7685459940652819,90.88947828525035,21.520380090972587,2.2902602395329765,848.2979658868592
ST-MTM,48,81,0.5298731072168356,0.04706793606580302,0.5138062519041657,0.05408647671382223,True,True,0.1797752808988764,26.4604495294247,90.04522239544497,0.7202585205598382,266.7792189538179
ST-MTM,48,70,0.09722399644635273,0.04416833003027065,0.5138062519041231,0.13177101420004184,True,True,0.32489451476793246,60.49688762340338,72.16376719696571,1.917991790704292,710.4120774388184
ST-MTM,49,78,0.3329145050036661,0.013730927275705773,0.3508609740733116,0.1201353273898695,True,True,0.2857142857142857,35.628310186355876,-4.321430414084058,0.5747055448205849,149.8759657043921
ST-MTM,49,76,0.5943883273409643,0.016312509055316258,0.35086097407331235,0.1584120525104275,True,True,0.8996655518394648,90.92422384334816,19.597624562432447,3.27582160547734,854.2930045150348
ST-MTM,49,81,0.5172239330517685,0.012649174165067063,0.35086097407331707,0.06673565087888929,True,True,0.2782608695652174,31.81029524185317,93.87716720806539,2.3562927337644055,614.4914593880076
ST-MTM,49,84,0.23988744979805332,,,,False,True,,53.1731961306319,81.9596901063983,0.05747055448205174,14.987596570439209
ST-MTM,49,70,0.006223359128809965,0.10344735557516269,0.3508609740734774,0.23521836977520452,True,True,0.029535864978902954,71.94690677139417,71.20010367593697,0.08045877627489517,20.98263519861489
ST-MTM,50,76,0.6286415284115038,0.034253201070539536,0.009099243855114014,0.19266525358096706,True,True,0.7578947368421053,93.01202148868052,17.57503807930006,2.5054219934204056,647.4641718429738
ST-MTM,50,85,0.8419267261291997,,,,False,True,,20.745877751133428,121.7770848866374,0.03479752768640765,8.992557942263524
ST-MTM,50,86,0.398682246740559,,,,False,True,,100.96082321620861,53.118953607341524,0.011599175895469216,2.9975193140878416
ST-MTM,50,81,0.39285049154863877,0.12437344150312969,0.009099243855115291,0.19110909238201898,True,True,0.20361990950226244,48.75769454539841,95.89975353123506,3.7929305178170125,980.1888157067242
ST-MTM,51,87,0.15469626971239103,,,,False,True,,36.48932340906393,17.925771043577004,1.6988672760991435,734.3922319515211
ST-MTM,51,76,0.3966828017952185,0.23195872661628536,0.5144752628535423,0.039293473035318334,True,True,0.4954128440366973,84.985945583817,37.384009368390785,3.023290336241743,1306.918420942299
ST-MTM,51,85,0.6386911604718054,0.20323556565739434,0.5144752628539218,0.20323556565739434,True,True,0.020134228187919462,30.1270058870604,106.76994514367705,1.0331886699541712,446.63037779908836
ST-MTM,51,81,0.2519544351999145,0.14089605634872432,0.5144752628535423,0.33200514873074327,True,True,0.23723723723723725,60.86338990112596,91.0979221251157,0.5894029325241945,254.78914169746653
ST-MTM,52,87,0.15770352042243382,0.003007250710042797,0.639262092064963,0.003007250710042797,True,True,0.5669291338582677,40.72431848649005,21.79989603579799,0.5598308130722884,458.6204550554398
ST-MTM,52,76,0.33390143606084177,0.06278136573437668,0.6392620920649599,0.102074838769695,True,True,0.7607223476297968,85.82873615111208,45.76056382381107,1.2587045731821433,1031.1466440462175
ST-MTM,52,88,0.03761852217483905,,,,False,False,,65.12010290202608,60.60588024104539,0.007318049844087682,5.995038628175683
ST-MTM,52,85,0.3211957262928813,0.3174954341789241,0.6392620920649643,0.5207309998363184,True,True,0.12064777327935222,55.97577877174092,94.51926592688667,4.518895778720747,3701.9363528984845
ST-MTM,53,89,0.16073439064050063,,,,False,True,,19.892527267462416,0.6044003906023411,0.009723753585929806,5.995038628175683
ST-MTM,53,90,0.2563097352697277,,,,False,True,,60.85335048367101,30.096182251303684,0.06806627510150776,41.96527039722978
ST-MTM,53,76,0.3678585059115293,0.0339570698506875,0.284227837583684,0.0681177689190075,True,True,0.7906976744186046,89.17705697845734,45.03403626907383,1.3224304876864608,815.3252534318929
ST-MTM,53,91,0.01305873573427198,,,,False,False,,61.70670096734203,60.13965267922939,0.004861876792958242,2.9975193140878416
ST-MTM,53,92,0.01564602859446538,,,,False,False,,60.0,61.877523431335845,0.004861876792958242,2.9975193140878416
ST-MTM,53,85,0.2980027166978095,0.023193009595071836,0.28422783758369424,0.5439240094313902,True,True,0.8159806295399515,59.485467491619076,95.24579349535621,4.9348049448594224,3042.482103799159
ST-MTM,54,89,0.20703974073739045,0.046305350096889825,1.010643630327265,0.04630535009688982,True,True,1.0,19.892527267462416,-4.952241621024438,0.026714736597726052,5.995038628175683
ST-MTM,54,90,0.301783129466117,0.04547339419638927,1.0106435035645696,0.0454733941963893,True,True,0.23728813559322035,61.417429616945086,25.20345408101105,0.7880846297331701,176.85363953118267
ST-MTM,54,76,0.3260311360497431,0.04182736986178621,1.010643539710912,0.1099451387807937,True,True,0.5661764705882353,93.4247410227503,54.30100469678113,2.057034531623941,461.6179743695276
ST-MTM,54,93,0.15494086638052926,,,,False,False,,54.026546614302916,35.433642648639406,0.05342946643462909,11.990077256351366
ST-MTM,54,94,0.25913555719732373,,,,False,False,,65.12010290202608,34.02383603834723,0.026714731409434478,5.995038628175683
ST-MTM,54,95,0.23324799405037197,,,,False,False,,63.413401934684046,35.42364264863941,0.013357367356263694,2.9975193140878416
ST-MTM,54,85,0.5337407152135042,0.23573799851569474,1.0106434951241505,0.3081860109156955,True,True,0.19310344827586207,32.37930883464844,96.42819466026894,2.618043832609473,587.513785561217
ST-MTM,54,96,0.21224384400231114,,,,False,True,,90.09183284524096,115.5610941255183,0.7613699190546015,170.85860090300696
ST-MTM,55,89,0.14738758248005543,0.3544273232174459,0.4012633066493623,0.3081219731205561,True,True,0.2222222222222222,20.935511191949207,38.62202108955586,0.1795683740043188,26.977673826790575
ST-MTM,55,90,0.22276623345581503,0.07901689601030194,0.40126343341207193,0.03354350181391267,True,True,0.29838709677419356,51.784410049363395,25.05246203466559,2.0351082387156154,305.74697003695985
ST-MTM,55,76,0.758446474392149,0.4324153383424058,0.40126339726571003,0.3224701995616121,True,True,0.7321428571428571,91.53036604629686,0.5167891192389903,2.733429693176853,410.6601460300343
ST-MTM,55,97,0.6254438138165113,,,,False,True,,22.708583863576752,97.7618415215581,0.39904083112071476,59.950386281756835
ST-MTM,55,85,0.5193343200526175,0.014406395160886732,0.401263441852455,0.32259240607658224,True,True,0.20588235294117646,44.46902119718757,106.78913960350167,0.9976020778017585,149.8759657043921
ST-MTM,56,89,0.18729315506217445,0.03990557258211901,0.16734000317833714,0.3480275457026751,True,True,0.9,21.428558138070237,43.90373674553117,0.23586428307878293,29.975193140878417
ST-MTM,56,98,0.10103655949398092,,,,False,True,,43.53535537387694,31.410968234599228,0.4009692812339338,50.957828339493304
ST-MTM,56,90,0.3331582912437946,0.11039205778797954,0.16734000317833098,0.0768485559740669,True,True,0.22549019607843138,60.29681755953775,20.317822610282402,0.5424878510811979,68.94294422402035
ST-MTM,56,76,0.7753364939810712,0.016890019588922278,0.1673400031783378,0.33936021915053444,True,True,0.9090909090909091,91.02179993580512,-2.018579341923425,3.2077542498714493,407.66262671594643
ST-MTM,56,99,0.4821756774704434,,,,False,False,,39.1782481984273,97.0393294948805,0.23586428307879714,29.975193140878417
ST-MTM,56,85,0.3981009568753922,0.12123336317722527,0.16734000317834413,0.4438257692538075,True,True,0.16037735849056603,61.00531700816037,108.77743183320743,1.7218092664751055,218.81890992841244
ST-MTM,57,89,0.13482920004008797,0.3221223551022624,1.0836307350524803,0.025905190600412662,True,True,0.7,21.233506598945436,5.05400259413488,0.05586571635689985,20.98263519861489
ST-MTM,57,90,0.2197689838052628,0.11338930743853176,1.0836307350524932,0.03654075146446489,True,True,0.1417910447761194,68.19216464324172,41.81988658661019,1.0375061609138356,389.6775108314194
ST-MTM,57,76,0.5425127634204621,0.2328237305606091,1.0836307350524967,0.10653648858992533,True,True,0.41911764705882354,94.82268815822418,29.72115654776873,0.4549065474776057,170.85860090300696
ST-MTM,57,100,0.8056415097644144,,,,False,True,,25.66519230406044,122.34217347579016,0.1356738825810453,50.957828339493304
ST-MTM,57,85,0.22320097864716917,0.17489997822822304,1.0836307350524876,0.6187257474820306,True,True,0.125,67.60124865763126,94.38536609529156,4.660796907489868,1750.5512794272995
ST-MTM,58,90,0.38994606790518643,0.17017708409992363,1.0948458058726358,0.13363633263545874,True,True,0.3384615384615385,72.14085006313756,25.34732191451519,1.049507388917469,131.89084981986502
ST-MTM,58,101,0.2527259882351347,,,,False,False,,66.82680386936809,36.499685281151926,0.023852440657208263,2.9975193140878416
ST-MTM,58,102,0.014090070595607606,,,,False,False,,50.22106472766192,48.530256256189006,2.6476209129508987,332.72464386375043
ST-MTM,58,103,0.10610004315533897,,,,False,False,,59.61211341651317,72.34411859515384,0.5247536944587239,65.94542490993251
ST-MTM,58,104,0.3477091317847847,,,,False,True,,56.22087642945696,97.94597224363112,0.33393416920100094,41.96527039722978
ST-MTM,58,85,0.1758831789375216,0.047317799709647564,1.0948458058726303,0.6660435471916781,True,True,0.1267123287671233,89.75194929555693,110.85793076805952,1.765080608633923,221.81642924250028
RA-MTM,0,0,0.0153171435057511,,,,False,True,,19.039176783791405,17.201119563101273,0.01248966380869934,2.9975193140878416
RA-MTM,0,1,0.0153171435057511,,,,False,True,,63.76896463621363,61.9309074155235,0.5995038628175683,143.88092707621638
RA-MTM,0,2,0.0153171435057511,,,,False,False,,68.67572991732196,70.51378713801209,0.14987596570439207,35.970231769054095
RA-MTM,0,3,0.013524790210535216,,,,False,True,,20.404537557665027,22.027512382929253,0.1873449571304901,44.962789711317626
RA-MTM,0,4,0.0153171435057511,,,,False,True,,65.81147482166696,67.6495320423571,5.395534765358114,1294.9283436859475
RA-MTM,1,5,0.026534078833704674,,,,False,False,,71.94690677139417,68.76281731134961,0.02497932761739868,5.995038628175683
RA-MTM,1,6,0.026534078833704674,,,,False,False,,73.6536077387362,76.83769719878076,0.01248966380869934,2.9975193140878416
RA-MTM,1,7,0.009867412167038125,,,,False,False,,77.49368491525576,76.30959545521118,0.09991731046959472,23.980154512702732
RA-MTM,1,4,0.0015431062966154486,0.013774037209135651,1.6653345369377348e-16,0.013774037209135651,True,True,0.5572354211663066,69.98626759783863,70.17144035343249,3.6095128407141095,866.2830817713863
RA-MTM,1,8,0.026534078833704674,,,,False,False,,34.399485489869626,31.215396029825065,0.01248966380869934,2.9975193140878416
RA-MTM,1,3,0.026534078833704674,0.04005886904423989,2.220446049250313e-16,0.04005886904423989,True,True,0.21052631578947367,23.44356637693211,20.25947691688755,0.38717957806967956,92.92309873672309
RA-MTM,2,9,0.041727880294221247,,,,False,False,,66.64394305143858,71.65128868674513,0.3497105866435815,83.93054079445956
RA-MTM,2,10,0.02511541715624273,,,,False,True,,92.1261358558499,95.13998591459902,1.061621423739444,254.78914169746653
RA-MTM,2,11,0.03857856772018356,,,,False,False,,69.77474190386796,74.40417003028999,0.13738630189569273,32.972712454966256
RA-MTM,2,3,0.020883612185187684,0.005650466648516991,2.220446049250313e-16,0.0344084023957229,True,True,0.17218543046357615,31.10298088171584,28.59694741949332,1.8234909160701036,437.6378198568249
RA-MTM,2,4,0.04988342085638872,0.05142652715300417,2.220446049250313e-16,0.06520056436213982,True,True,0.12418300653594772,75.85680353294137,69.87079303017472,0.6869315094784637,164.86356227483128
RA-MTM,3,10,0.008333333333333333,0.0167820838229094,0.0,0.0167820838229094,True,True,0.055994729907773384,66.45016037525777,67.45016037525777,18.959309661605598,4550.234318785344
RA-MTM,3,3,0.008333333333333333,0.01255027885185435,0.0,0.02185812354386855,True,True,0.2908366533864542,53.50297699483943,52.50297699483943,6.2698112319670685,1504.7546956720964
RA-MTM,4,10,0.01639352141097709,0.008060188077643755,0.0,0.008721895745265643,True,True,0.29314888010540185,62.933991550599224,64.90121411991647,5.557900394871207,1333.8960947690896
RA-MTM,4,12,0.048555182114379744,,,,False,False,,92.68988775908957,86.863265905364,0.32473125902618283,77.93550216628388
RA-MTM,4,13,0.06522184878104653,,,,False,False,,79.74896833638631,87.5755901901119,0.5245658799653723,125.89581119168935
RA-MTM,4,3,0.0598958931343389,0.05156255980100557,1.1102230246251565e-16,0.07342068334487412,True,True,0.8992395437262357,54.594874602421854,47.407367426301185,6.207362912923572,1489.7670991016573
RA-MTM,5,10,0.019046962562819302,0.0026534411518422136,0.0,0.00606845459342343,True,False,0.41140529531568226,68.94641636106707,71.23205186860538,3.0974366245574365,743.3847898937847
RA-MTM,5,14,0.019046962562819302,,,,False,False,,70.24020580405215,67.95457029651384,0.01248966380869934,2.9975193140878416
RA-MTM,5,15,0.019046962562819302,,,,False,False,,29.279382587843553,26.993747080305237,0.13738630189569273,32.972712454966256
RA-MTM,5,3,0.019046962562819302,0.0408489305715196,0.0,0.03257175277335452,True,True,0.030181086519114688,41.3400694237272,39.054433916188884,0.1873449571304901,44.962789711317626
RA-MTM,6,16,0.08240907397200511,,,,False,True,,21.030327912357098,11.141239035716485,0.07493798285219604,17.985115884527048
RA-MTM,6,17,0.08240907397200511,,,,False,True,,39.555901178434894,29.66681230179428,0.5870141990088689,140.88340776212854
RA-MTM,6,10,0.02981635995033803,0.010769397387518727,1.1102230246251565e-16,0.004700942794095298,True,True,0.23469387755102042,81.0493119305516,84.62727512459216,4.458809979705665,1070.1143951293595
RA-MTM,6,18,0.08240907397200509,,,,False,True,,22.452578718475454,32.341667595116064,0.11240697427829406,26.977673826790575
RA-MTM,6,19,0.07280113535453167,,,,False,False,,40.710309997018044,49.446446239561844,0.5370555437740716,128.8933305057772
RA-MTM,7,17,0.008333333333333333,0.07407574063867178,2.220446049250313e-16,0.07407574063867178,True,True,0.2315270935960591,33.86981967241864,32.86981967241864,2.535401753165966,608.4964207598318
RA-MTM,7,20,0.008333333333333333,,,,False,False,,95.84072031418253,96.84072031418253,0.01248966380869934,2.9975193140878416
RA-MTM,7,10,0.008333333333333333,0.021483026617004696,8.881784197001252e-16,0.0167820838229094,True,False,0.0028011204481792717,94.13401934684052,95.13401934684052,0.01248966380869934,2.9975193140878416
RA-MTM,7,19,0.008333333333333333,0.06446780202119834,0.0,0.06446780202119834,True,False,0.5333333333333333,39.5195883918957,40.5195883918957,0.32473125902618283,77.93550216628388
RA-MTM,7,21,0.008333333333333333,,,,False,True,,53.66082497844392,54.66082497844392,0.08742764666089538,20.98263519861489
RA-MTM,8,17,0.01684197624077847,0.008508642907445137,0.0,0.06556709773122664,True,True,0.18226600985221675,21.207148282847488,19.18611113395407,0.46211756092187556,110.90821462125014
RA-MTM,8,22,0.01684197624077844,,,,False,True,,99.55530477251516,101.57634192140857,0.21232428474788875,50.957828339493304
RA-MTM,8,10,0.005326819373648562,0.003006513959684772,0.0,0.01978859778259417,True,True,0.025,97.93142899917652,98.57064732401435,0.4995865523479736,119.90077256351367
RA-MTM,8,23,0.01684197624077847,,,,False,True,,19.81494995076505,21.835987099658468,0.13738630189569273,32.972712454966256
RA-MTM,8,19,0.011869156950260577,0.0035358236169272437,4.440892098500626e-16,0.060931978404271094,True,True,0.0912280701754386,47.08296846822199,48.50726730225326,3.559554185479312,854.2930045150348
RA-MTM,9,24,0.012567952436250411,,,,False,True,,62.40489681761831,63.91305110996836,0.27477260379138546,65.94542490993251
RA-MTM,9,17,0.012567952436250411,0.00427402380452806,2.220446049250313e-16,0.0698411215357547,True,True,0.43023255813953487,22.710568399585302,21.202414107235253,1.0741110875481432,257.7866610115544
RA-MTM,9,22,0.01256795243625047,0.004274023804527971,0.0,0.004274023804527971,True,True,0.16666666666666666,95.23835526688534,96.74650955923539,1.2739457084873327,305.74697003695985
RA-MTM,9,10,0.012567952436250352,0.00724113306260179,0.0,0.012547464719992381,True,True,0.125,100.96082321620861,102.46897750855865,0.0624483190434967,14.987596570439209
RA-MTM,9,25,0.012567952436250411,,,,False,True,,34.86041932776491,33.35226503541486,1.7110839417918096,410.6601460300343
RA-MTM,9,19,0.012567952436250411,0.02443710938651099,0.0,0.08536908779078207,True,True,0.2807017543859649,62.60271897519656,61.09456468284651,0.9991731046959472,239.80154512702734
RA-MTM,10,17,0.013257659337827061,0.0006897069015766514,1.6653345369377348e-16,0.06915141463417805,True,True,0.6511627906976745,21.20302979595719,19.61211067541794,0.699421173287163,167.86108158891912
RA-MTM,10,24,0.013257659337827061,0.0006897069015766514,0.0,0.0006897069015766514,True,True,0.5,60.465463900184204,62.05638302072345,0.5495452075827709,131.89084981986502
RA-MTM,10,22,0.013257659337827002,0.0006897069015765329,0.0,0.003584316902951438,True,True,0.7264957264957265,93.28066886316955,94.87158798370879,1.248966380869934,299.7519314087842
RA-MTM,10,25,0.004129504551524269,0.008438447884726141,0.0,0.008438447884726141,True,True,0.05660377358490566,22.782907937961,22.287367391778087,0.38717957806967956,92.92309873672309
RA-MTM,10,19,0.013257659337827061,0.0006897069015766514,2.220446049250313e-16,0.08605879469235873,True,True,0.21739130434782608,59.860866768966666,58.26994764842742,4.596196281601356,1103.0871075843256
RA-MTM,11,17,0.04075756785858926,0.02749990852076219,0.0,0.04165150611341586,True,True,0.42857142857142855,20.745877751133435,15.854969608102724,0.29975193140878414,71.94046353810819
RA-MTM,11,24,0.057201682070831636,0.04394402273300457,0.0,0.044633729634581225,True,True,0.6027397260273972,61.30925005713909,68.17345190563888,0.9117454580350518,218.81890992841244
RA-MTM,11,22,0.06113923658704768,0.04788157724922068,0.0,0.04429726034626924,True,True,0.78,94.35282716316642,101.68953555361215,0.9741937770785485,233.80650649885163
RA-MTM,11,26,0.00022771475562339088,,,,False,True,,100.96082321620861,100.9334974455338,0.04995865523479736,11.990077256351366
RA-MTM,11,27,0.02119607459676652,,,,False,False,,43.67363414259611,41.130105190984125,0.661952181861065,158.8685236466556
RA-MTM,11,19,0.05954226767700964,0.046284608339182576,0.0,0.1323434030315413,True,True,0.43107769423558895,73.7713112537253,66.62623913248414,2.535401753165966,608.4964207598318
RA-MTM,12,24,0.04477996207823907,0.012421719992592568,0.0,0.032212009641988656,True,True,0.6636363636363637,61.163659750460496,66.53725519984918,1.3738630189569274,329.72712454966256
RA-MTM,12,22,0.04345573455968754,0.01768350202736014,4.440892098500626e-16,0.026613758318909102,True,True,0.05128205128205128,89.86726692848544,95.08195507564794,0.04995865523479736,11.990077256351366
RA-MTM,12,26,0.041661779177936606,0.04188949393356,0.0,0.04188949393356,True,True,0.19047619047619047,99.49793667277257,104.49735017412496,0.26228293998268615,62.947905595844674
RA-MTM,12,28,0.04477996207823907,,,,False,False,,28.85270734600805,23.47911189661936,0.14987596570439207,35.970231769054095
RA-MTM,12,19,0.04477996207823907,0.014762305598770571,2.220446049250313e-16,0.11758109743277073,True,True,0.47540983606557374,67.73411328291996,62.360517833531276,5.333086446314619,1279.9407471155084
RA-MTM,13,22,0.06289669903495146,0.01944096447526391,0.0,0.04605472279417301,True,True,0.13333333333333333,93.2806688631695,100.82827274736367,0.3746899142609802,89.92557942263525
RA-MTM,13,24,0.08433595509591475,0.03955599301767568,1.6653345369377348e-16,0.07176800265966433,True,True,0.6090909090909091,63.235089893319966,73.35540450482974,0.8368074751828557,200.83379404388538
RA-MTM,13,29,0.14245097356323763,,,,False,True,,43.62580953114434,60.719926358732856,1.2614560446786331,302.749450722872
RA-MTM,13,28,0.07006094524605597,0.025280983167816906,4.440892098500626e-16,0.025280983167816906,True,True,0.12631578947368421,30.87829191514292,22.470978485616204,1.1865180618264373,284.76433483834495
RA-MTM,13,19,0.15911764022990435,0.11433767815166528,0.0,0.23191877558443602,True,True,0.454337899543379,78.34297182519501,59.248854997606486,2.6228293998268613,629.4790559584467
RA-MTM,14,29,0.25760172758154637,0.11515075401830875,0.0,0.11515075401830875,True,True,0.4427860696517413,37.37943955983187,68.29164686961744,2.360546459844175,566.531150362602
RA-MTM,14,24,0.11705922711100988,0.032723272015095145,1.1796119636642288e-16,0.10449127467475948,True,True,0.3684210526315789,69.45458154924391,83.5016888025651,0.7868488199480584,188.84371678753402
RA-MTM,14,22,0.08463777027092394,0.02174107123597248,2.220446049250313e-16,0.06779579403014549,True,True,0.4838709677419355,94.93231496059728,105.08884739310815,0.7743591561393591,185.84619747344618
RA-MTM,14,19,0.13432846068699553,0.02478917954290883,2.220446049250313e-16,0.2071295960415272,True,True,0.2713178294573643,75.24460016591942,59.12518488347996,1.4737803294265222,353.70727906236533
RA-MTM,14,28,0.06456233266064994,0.0054986125854060335,2.220446049250313e-16,0.019782370582410874,True,True,0.05825242718446602,22.20876429456945,14.461284375291456,0.17485529332179076,41.96527039722978
RA-MTM,14,30,0.27426839424821287,,,,False,True,,100.10747273253759,67.19526542275204,0.02497932761739868,5.995038628175683
RA-MTM,15,29,0.006290196665802424,0.25131153091574393,0.0,0.1361607768974352,True,True,0.7673469387755102,35.83339408948072,36.58821768937701,3.047477969322639,731.3947126374334
RA-MTM,15,22,0.008333333333333333,0.0763044369375906,0.0,0.008508642907445107,True,True,0.03225806451612903,91.57396789582747,92.57396789582747,0.02497932761739868,5.995038628175683
RA-MTM,15,24,0.008333333333333333,0.10872589377767655,0.0,0.004234619102917077,True,False,0.015873015873015872,73.6536077387362,74.6536077387362,0.01248966380869934,2.9975193140878416
RA-MTM,15,31,0.008333333333333333,,,,False,False,,71.94690677139417,72.94690677139417,0.01248966380869934,2.9975193140878416
RA-MTM,15,19,0.008333333333333333,0.1259951273536622,0.0,0.081134468687865,True,True,0.097119341563786,66.88018217122739,65.88018217122739,15.174941527569699,3641.9859666167276
RA-MTM,16,29,0.03672293583818937,0.04301313250399179,0.0,0.179173909401427,True,True,0.6619318181818182,34.99507908257843,30.588326781995704,4.258975358766475,1022.154086103954
RA-MTM,16,24,0.03672293583818937,0.028389602504856035,0.0,0.024154983401938956,True,True,0.030303030303030304,77.01529146228866,81.42204376287138,0.4121589056870782,98.91813736489877
RA-MTM,16,22,0.03672293583818937,0.028389602504856035,0.0,0.019880959597410926,True,True,0.2857142857142857,90.23298856434444,94.63974086492716,0.08742764666089538,20.98263519861489
RA-MTM,16,32,0.03672293583818937,,,,False,True,,100.27814282927179,104.68489512985451,0.0624483190434967,14.987596570439209
RA-MTM,16,33,0.02855657931929413,,,,False,False,,44.63969129392178,41.21290177560648,0.1873449571304901,44.962789711317626
RA-MTM,16,19,0.03672293583818937,0.028389602504856035,0.0,0.10952407119272103,True,True,0.22633744855967078,82.36709195018425,77.96033964960152,3.4346575473923187,824.3178113741565
RA-MTM,17,29,0.008333333333333333,0.028389602504856035,0.0,0.15078430689657096,True,True,0.7084548104956269,33.77253411411133,32.77253411411133,3.059967633131338,734.3922319515211
RA-MTM,17,24,0.008333333333333333,0.028389602504856035,0.0,0.004234619102917077,True,True,0.12307692307692308,90.0049041032711,91.0049041032711,2.3230774684180773,557.5385924203385
RA-MTM,17,34,0.008333333333333333,,,,False,False,,73.81487082226454,72.81487082226454,1.586187303704816,380.68495288915585
RA-MTM,17,19,0.008333333333333333,0.028389602504856035,0.0,0.081134468687865,True,True,0.2727272727272727,85.19090627796831,84.19090627796831,0.9367247856524504,224.81394855658812
RA-MTM,18,29,0.08192322640441559,0.07358989307108225,0.0,0.2243741999676532,True,True,0.6032388663967612,31.754664123260124,21.923876954730254,1.8859392351136004,452.6254164272641
RA-MTM,18,35,0.15875343354238355,,,,False,True,,60.853350483671015,79.90376250875704,0.04995865523479736,11.990077256351366
RA-MTM,18,24,0.089879249655365,0.09821258298869834,0.0,0.10244720209161541,True,True,0.3548387096774194,89.9707033507486,79.1851933921048,0.8243178113741564,197.83627472979754
RA-MTM,18,36,0.003762457709572361,,,,False,True,,23.5747930531661,23.123298128017417,0.9117454580350518,218.81890992841244
RA-MTM,18,37,0.14208676687571695,,,,False,True,,94.89255311010363,77.8421410850176,0.8992557942263525,215.8213906143246
RA-MTM,18,19,0.10850430701993971,0.10017097368660638,0.0,0.18130544237447138,True,True,0.6538461538461539,89.51960562032316,76.4990887779304,0.6744418456697643,161.86604296074344
RA-MTM,19,29,0.029027125133185075,0.052896101271230504,0.0,0.1714780986964227,True,True,0.48344370860927155,29.209244191925386,25.725989175943177,0.9117454580350518,218.81890992841244
RA-MTM,19,24,0.029027125133185075,0.11890637478855008,0.0,0.016459172696934664,True,True,0.5303030303030303,90.91566895128122,94.39892396726343,0.43713823330447693,104.91317599307446
RA-MTM,19,38,0.029027125133185075,,,,False,False,,75.90145779328422,79.38471280926643,0.512076216156673,122.89829187760151
RA-MTM,19,39,0.01569113283317899,,,,False,False,,88.51194557206678,90.39488151204826,0.21232428474788875,50.957828339493304
RA-MTM,19,36,0.0004897601109573675,0.004252217820529728,0.0,0.004252217820529728,True,True,0.2857142857142857,35.48701122254804,35.545782435862925,2.685277718870358,644.4666525288859
RA-MTM,19,19,0.029027125133185075,0.07947718188675464,0.0,0.10182826048771675,True,True,0.39705882352941174,79.8153002017137,76.33204518573149,1.69859427798311,407.66262671594643
RA-MTM,20,29,0.0829940674125948,0.053966942279409715,1.1102230246251565e-16,0.22544504097583243,True,True,0.48120300751879697,36.45027939417576,26.490991304664384,1.5487183122787183,371.69239494689236
RA-MTM,20,24,0.0829940674125948,0.053966942279409715,0.0,0.07042611497634438,True,True,0.11784511784511785,83.14102624742874,93.10031433694012,3.709430151183704,890.263236284089
RA-MTM,20,40,0.06632740074592801,,,,False,True,,99.53857241009031,91.57928432057895,0.3746899142609802,89.92557942263525
RA-MTM,20,36,0.007256442608328762,0.006766682497371394,0.0,0.011018900317901122,True,False,0.22325581395348837,35.46617359445839,36.33694670745784,0.5995038628175683,143.88092707621638
RA-MTM,20,41,0.011639792720863736,,,,False,False,,60.28445016122367,58.88767503472002,0.22481394855658812,53.95534765358115
RA-MTM,20,19,0.04337421383871801,0.01434708870553294,0.0,0.11617534919324969,True,True,0.09558823529411764,91.24575617133861,86.04085051069245,0.16236562951309141,38.96775108314194
RA-MTM,21,24,0.054183608211270474,0.028810459201324315,0.0,0.04161565577502006,True,True,0.8552188552188552,84.76732191190038,91.26935489725284,3.172374607409632,761.3699057783117
RA-MTM,21,29,0.054183608211270474,0.028810459201324315,0.0,0.1966345817745081,True,True,0.4301675977653631,43.631186176856,37.12915319150354,1.6486356227483128,395.6725494595951
RA-MTM,21,36,0.03751694154460381,0.030260498936275047,2.220446049250313e-16,0.04127939925417617,True,True,0.26717557251908397,33.90772419419479,38.40975717954725,1.4737803294265222,353.70727906236533
RA-MTM,21,41,0.016771328359872228,0.005131535639008492,0.0,0.005131535639008492,True,True,0.050359712230215826,81.15312585800552,79.14056645482086,3.422167883583619,821.3202920600686
RA-MTM,22,24,0.011455834270977761,0.042727773940292715,0.0,0.00111211816527265,True,True,0.5287356321839081,92.00358572553769,93.37828583805502,1.811001252261404,434.640300542737
RA-MTM,22,36,0.011455834270977761,0.04897277581558157,2.220446049250313e-16,0.0076933765614054,True,False,0.23397435897435898,50.2775574107595,48.90285729824217,3.3347402369227237,800.3376568614538
RA-MTM,22,41,0.011455834270977761,0.005315494088894468,0.0,0.0001839584498859755,True,True,0.3695652173913043,91.47550437848082,90.10080426596349,1.2989250361047313,311.74200866513553
RA-MTM,23,42,0.008333333333333333,,,,False,True,,22.579001012352638,21.579001012352638,0.33722092283488214,80.93302148037172
RA-MTM,23,24,0.008333333333333333,0.0031225009376444272,2.220446049250313e-16,0.004234619102917077,True,True,0.5655172413793104,94.80004899263253,95.80004899263253,1.024152432313346,245.79658375520302
RA-MTM,23,36,0.008333333333333333,0.0031225009376444272,1.6653345369377348e-16,0.004570875623760973,True,False,0.32193732193732194,65.7871890669263,64.7871890669263,2.46046377031377,590.5113048753047
RA-MTM,23,43,0.008333333333333333,,,,False,True,,23.981498335052677,24.981498335052677,0.5995038628175683,143.88092707621638
RA-MTM,23,41,0.0031581426112203084,0.008297691659757451,0.0,0.008481650109643428,True,True,0.009615384615384616,75.36030870607823,74.98133159273179,0.01248966380869934,2.9975193140878416
RA-MTM,24,24,0.06422794303862449,0.05589460970529115,2.220446049250313e-16,0.05165999060237407,True,True,0.1951219512195122,97.01407722923015,104.72143039386509,0.19983462093918944,47.960309025405465
RA-MTM,24,44,0.047561276371957936,,,,False,False,,70.26773323900932,75.97508640364427,0.7743591561393591,185.84619747344618
RA-MTM,24,45,0.02036718666698215,,,,False,False,,35.485567923632736,33.04150552359488,0.13738630189569273,32.972712454966256
RA-MTM,24,43,0.020881817465470163,0.029215150798803494,0.0,0.029215150798803494,True,False,0.10204081632653061,28.42603210417254,25.92021400831612,0.07493798285219604,17.985115884527048
RA-MTM,24,36,0.06422794303862449,0.05589460970529115,0.0,0.060465485329052125,True,True,0.24633431085043989,82.2769389421485,74.56958577751357,2.8476433483834493,683.4344036120278
RA-MTM,25,46,0.10463400047665268,,,,False,True,,42.93299032657975,30.376910269381426,0.0624483190434967,14.987596570439209
RA-MTM,25,47,0.08796733380998602,,,,False,True,,20.380156115274424,30.936236172472746,0.17485529332179076,41.96527039722978
RA-MTM,25,48,0.07526645092869089,,,,False,False,,77.06700967342024,86.09898378486315,0.01248966380869934,2.9975193140878416
RA-MTM,25,49,0.03127687796961164,,,,False,False,,55.77444381189112,59.527669168244515,1.811001252261404,434.640300542737
RA-MTM,25,43,0.046988248408130436,0.0678700658736006,2.220446049250313e-16,0.038654915074797104,True,False,0.125,29.79139287804616,35.42998268702181,0.3746899142609802,89.92557942263525
RA-MTM,25,36,0.011956577514452485,0.052271365524172,2.220446049250313e-16,0.008194119804880126,True,True,0.5350877192982456,86.64971592447995,85.21492662274565,1.5237389846613194,365.6973563187167
RA-MTM,26,47,0.008333333333333333,0.09630066714331935,2.220446049250313e-16,0.09630066714331935,True,True,0.20930232558139536,21.06027003459118,20.06027003459118,0.4746072247305749,113.90573393533798
RA-MTM,26,49,0.005917032895937643,0.025359845073674,0.0,0.025359845073674,True,False,0.2367758186397985,72.25766446197959,72.9677084094921,4.321423677809972,1037.1416826743932
RA-MTM,26,43,0.008333333333333333,0.038654915074797104,0.0,0.0,True,True,0.410958904109589,30.027525477637315,31.027525477637315,0.9117454580350518,218.81890992841244
RA-MTM,26,36,0.008333333333333333,0.02028991084778582,0.0,0.012095791042905694,True,True,0.23770491803278687,95.36990625422611,96.36990625422611,0.3622002504522808,86.9280601085474
RA-MTM,27,47,0.008333333333333333,0.0,0.0,0.09630066714331935,True,True,0.44,23.657308813069818,22.657308813069818,0.4246485694957775,101.91565667898661
RA-MTM,27,50,0.007934356596513403,,,,False,False,,59.74201031889016,60.69413311047177,1.0741110875481432,257.7866610115544
RA-MTM,27,49,0.008333333333333333,0.002416300437395691,2.220446049250313e-16,0.022943544636278308,True,True,0.24043715846994534,86.59609007441315,87.59609007441315,1.3488836913395286,323.7320859214869
RA-MTM,28,51,0.008333333333333333,,,,False,True,,19.039176783791405,18.039176783791405,0.02497932761739868,5.995038628175683
RA-MTM,28,52,0.008333333333333333,,,,False,True,,20.380156115274424,19.380156115274424,0.17485529332179076,41.96527039722978
RA-MTM,28,49,0.008333333333333333,0.0,0.0,0.022943544636278308,True,True,0.17073170731707318,78.72351355348762,79.72351355348762,7.643674250923996,1834.481820221759
RA-MTM,28,53,0.008333333333333333,,,,False,True,,23.81793949234907,24.81793949234907,0.3122415952174835,74.93798285219604
RA-MTM,28,54,0.008333333333333333,,,,False,True,,64.86318017575951,65.86318017575951,1.1615387342090386,278.7692962101693
RA-MTM,29,51,0.02171583530811662,0.013382501974783285,0.0,0.013382501974783285,True,True,0.18181818181818182,20.590723117738698,17.984822880764703,0.13738630189569273,32.972712454966256
RA-MTM,29,55,0.02171583530811662,,,,False,False,,72.04231241553131,69.43641217855732,2.0108358732005938,482.6006095681425
RA-MTM,29,49,0.02171583530811662,0.013382501974783285,0.0,0.009561042661495022,True,True,0.2016260162601626,89.49770569539955,92.10360593237354,1.586187303704816,380.68495288915585
RA-MTM,29,54,0.02171583530811662,0.013382501974783285,0.0,0.013382501974783285,True,True,0.45365853658536587,70.47331618007931,73.0792164170533,2.560381080783365,614.4914593880076
RA-MTM,30,51,0.07931291712703568,0.057597081818919066,0.0,0.07097958379370235,True,True,0.4230769230769231,20.811520096031195,11.293970040786913,0.32473125902618283,77.93550216628388
RA-MTM,30,55,0.13348321359613635,0.15519904890425298,0.0,0.15519904890425298,True,True,0.29375,69.55887458784056,85.57686021937693,3.1598849436009333,758.372386464224
RA-MTM,30,56,0.00901293116113481,,,,False,True,,20.366610869501866,21.448162608838043,0.11240697427829406,26.977673826790575
RA-MTM,30,57,0.004938234135611097,,,,False,False,,52.225028926552994,51.63244083027966,0.11240697427829406,26.977673826790575
RA-MTM,30,58,0.1168165469294698,,,,False,True,,98.20807972049565,84.19009408895927,0.38717957806967956,92.92309873672309
RA-MTM,30,54,0.0033974158381397503,0.025113251146256368,0.0,0.011730749171473083,True,True,0.2904761904761905,64.78393452967083,64.37624462909406,0.8243178113741564,197.83627472979754
RA-MTM,31,51,0.07753776987579641,0.0017751472512392693,0.0,0.06920443654246308,True,True,0.9615384615384616,20.81414578982711,11.509613404731539,0.3122415952174835,74.93798285219604
RA-MTM,31,55,0.10393485461620683,0.029548358979929527,0.0,0.12565068992432343,True,True,0.46335078534031415,74.52369058483218,86.995873138777,3.821837125461998,917.2409101108796
RA-MTM,31,56,0.004492864436654198,0.004520066724480613,0.0,0.004520066724480613,True,True,0.10465116279069768,25.74690849264726,26.286052225045765,1.0741110875481432,257.7866610115544
RA-MTM,31,54,0.022783290212355447,0.019385874374215697,2.220446049250313e-16,0.031116623545688782,True,True,0.2631578947368421,73.94786652620897,71.21387170072632,2.1732015027136855,521.5683606512845
RA-MTM,31,58,0.08726818794954028,0.029548358979929527,2.220446049250313e-16,0.029548358979929527,True,True,0.3333333333333333,95.97200500397805,85.49982245003322,0.16236562951309141,38.96775108314194
RA-MTM,32,51,0.052727912561033936,0.024809857314762478,0.0,0.044394579227700605,True,True,0.65625,22.45257871847545,16.125229211151378,0.3497105866435815,83.93054079445956
RA-MTM,32,55,0.052727912561033936,0.051206942055172885,1.6653345369377348e-16,0.07444374786915056,True,True,0.584375,66.4447066378737,72.77205614519777,2.510422425548567,602.5013821316561
RA-MTM,32,56,0.00432840237296519,0.00016446206368900818,0.0,0.004684528788169621,True,True,0.6571428571428571,23.77139310233066,24.290801387086482,1.0990904151655418,263.78169963973005
RA-MTM,32,54,0.03606124589436703,0.013277955682011585,0.0,0.04439457922770037,True,True,0.19141914191419143,73.13352394560775,68.8061744382837,11.3531044021077,2724.745056505848
RA-MTM,32,59,0.034925301313690406,,,,False,True,,25.66519230406044,29.85622846170329,0.21232428474788875,50.957828339493304
RA-MTM,33,51,0.008333333333333333,0.044394579227700605,2.220446049250313e-16,0.0,True,True,0.14285714285714285,19.46585202562691,18.46585202562691,0.04995865523479736,11.990077256351366
RA-MTM,33,55,0.0024173796356742844,0.055145292196708225,0.0,0.019298455672442334,True,False,0.24172185430463577,69.94594701657944,69.65586146029852,2.1732015027136855,521.5683606512845
RA-MTM,33,56,0.008333333333333333,0.004004930960368144,0.0,0.0006795978278014776,True,True,0.3651452282157676,27.29649349715568,28.29649349715568,3.0100089778965406,722.4021546951698
RA-MTM,33,54,0.008333333333333333,0.04439457922770037,0.0,0.0,True,True,0.47084708470847086,84.3284640227889,85.3284640227889,5.345576110123318,1282.9382664295963
RA-MTM,34,60,0.07954443174452439,,,,False,True,,47.19974274493482,37.65441093559189,0.02497932761739868,5.995038628175683
RA-MTM,34,55,0.0650608436836908,0.0674782233193651,0.0,0.08677667899180742,True,False,0.034482758620689655,75.36030870607823,83.16760994812113,0.07493798285219604,17.985115884527048
RA-MTM,34,61,0.05028377521231763,,,,False,False,,85.60051451013037,91.63456753560848,0.21232428474788875,50.957828339493304
RA-MTM,34,56,0.06287776507785765,0.05454443174452432,1.6653345369377348e-16,0.053864833916722844,True,True,0.6314363143631436,31.74251611688844,39.28784792623136,4.508768634940462,1082.1044723857108
RA-MTM,34,54,0.04313712780852429,0.051470461141857625,0.0,0.051470461141857625,True,True,0.3187066974595843,87.37882530826998,82.20236997124707,1.7860219246440054,428.64526191456133
RA-MTM,35,62,0.0774308661685461,,,,False,True,,36.60815732995931,27.31645338973378,0.21232428474788875,50.957828339493304
RA-MTM,35,61,0.0774308661685461,0.027147090956228463,0.0,0.027147090956228463,True,True,0.02373887240356083,85.25188961741114,94.54359355763667,4.096609729253384,983.1863350208121
RA-MTM,35,63,0.06076419950187966,,,,False,True,,100.2580639943619,92.96636005413635,0.21232428474788875,50.957828339493304
RA-MTM,35,56,0.02336071659719542,0.03951704848066224,1.1102230246251565e-16,0.014347785436060611,True,True,0.6224137931034482,37.392097358467616,40.19538335013107,7.244005009045616,1738.561202170948
RA-MTM,35,54,0.04010538760325986,0.0030317402052644363,0.0,0.04843872093659319,True,True,0.4965034965034965,92.86000313178238,88.0473566193912,0.8867661304176532,212.82387130023676
RA-MTM,36,62,0.058754385620041205,0.01867648054850489,0.0,0.01867648054850489,True,True,0.2328767123287671,39.49620892658963,32.445682652184686,0.9117454580350518,218.81890992841244
RA-MTM,36,64,0.058754385620041205,,,,False,True,,95.84072031418253,102.89124658858748,0.01248966380869934,2.9975193140878416
RA-MTM,36,61,0.058754385620041205,0.01867648054850489,0.0,0.008470610407723574,True,False,0.21646341463414634,87.88412848051759,94.93465475492253,0.8867661304176532,212.82387130023676
RA-MTM,36,56,0.0013746484933196375,0.02473536509051506,1.942890293094024e-16,0.010387579654454448,True,True,0.7168508287292817,44.1454430499856,43.980485230787245,8.280647105167663,1987.355305240239
RA-MTM,36,54,0.058754385620041205,0.018648998016781347,0.0,0.06708771895337454,True,True,0.04225352112676056,99.25412224886657,92.20359597446162,0.03746899142609802,8.992557942263524
RA-MTM,37,62,0.10723950833691433,0.048485122716873115,0.0,0.029808642168368225,True,True,0.5132743362831859,43.94307865419036,31.07433765376064,1.2239870532525354,293.7568927806085
RA-MTM,37,64,0.0672699455677126,0.008515559947671392,0.0,0.008515559947671392,True,True,0.07692307692307693,97.15356721213794,105.22596068026346,0.16236562951309141,38.96775108314194
RA-MTM,37,61,0.061943493092066856,0.003189107472025654,0.0,0.011659717879749228,True,False,0.1267605633802817,89.77245020807756,97.20566937912558,0.11240697427829406,26.977673826790575
RA-MTM,37,65,0.09057284167024772,,,,False,True,,21.030327912357098,31.899068912786824,0.07493798285219604,17.985115884527048
RA-MTM,37,56,0.00820411650205255,0.009578764995372187,0.0,0.0008088146590822612,True,False,0.08748114630467571,37.81288742455368,38.797381404799985,0.7244005009045617,173.8561202170948
RA-MTM,37,66,0.029948046272657555,,,,False,True,,75.2051540726835,71.61138851996459,0.13738630189569273,32.972712454966256
RA-MTM,38,62,0.06562867502858213,0.041610833308332186,0.0,0.011802191139963962,True,True,0.25510204081632654,41.56762955270615,33.692188549276295,0.3122415952174835,74.93798285219604
RA-MTM,38,64,0.053643335815785655,0.01362660975192694,0.0,0.005111049804255548,True,True,0.04377104377104377,90.15746355761263,96.59466385550691,3.709430151183704,890.263236284089
RA-MTM,38,67,0.03253273683938952,,,,False,False,,49.11978133319459,53.02370975392133,0.19983462093918944,47.960309025405465
RA-MTM,38,56,0.04896200836191562,0.04075789185986307,0.0,0.0399490772007808,True,False,0.07936507936507936,28.42603210417254,34.30147310760241,0.1248966380869934,29.975193140878417
RA-MTM,38,68,0.030415856287444143,,,,False,False,,44.43890294482271,48.088805699316005,0.21232428474788875,50.957828339493304
RA-MTM,39,69,0.04059052186549573,,,,False,True,,19.892527267462416,15.021664643602929,0.02497932761739868,5.995038628175683
RA-MTM,39,62,0.04059052186549573,0.025038153163086403,0.0,0.03684034430305037,True,True,0.3870967741935484,43.691524089842865,38.82066146598338,0.22481394855658812,53.95534765358115
RA-MTM,39,70,0.04059052186549573,,,,False,False,,56.64445233539536,61.515314959254844,0.7368901647132611,176.85363953118267
RA-MTM,39,68,0.04059052186549573,0.010174665578051585,1.6653345369377348e-16,0.010174665578051585,True,False,0.13513513513513514,36.58406272806742,41.45492535192691,0.3122415952174835,74.93798285219604
RA-MTM,40,69,0.008333333333333333,0.0322571885321624,0.0,0.0322571885321624,True,True,0.4,19.721857170728214,18.721857170728214,0.0624483190434967,14.987596570439209
RA-MTM,40,70,0.008333333333333333,0.0322571885321624,4.440892098500626e-16,0.0322571885321624,True,True,0.02554112554112554,61.189518856026346,62.189518856026346,28.851123398095474,6924.269615542914
RA-MTM,41,71,0.008333333333333333,,,,False,True,,21.20099800909131,20.20099800909131,0.3746899142609802,89.92557942263525
RA-MTM,41,72,0.008333333333333333,,,,False,False,,92.65487850847744,93.65487850847744,0.1873449571304901,44.962789711317626
RA-MTM,41,73,0.008333333333333333,,,,False,False,,62.87610718570601,63.87610718570601,0.6744418456697643,161.86604296074344
RA-MTM,41,70,0.005094611279019468,0.013427944612352801,0.0,0.045685133144515194,True,False,0.047186147186147186,52.09280744488329,51.481454091400956,1.361373355148228,326.72960523557475
RA-MTM,42,74,0.09173141504597014,,,,False,False,,40.20226877883252,29.1944989733161,0.624483190434967,149.8759657043921
RA-MTM,42,72,0.01680878449394155,0.008475451160608216,0.0,0.008475451160608216,True,False,0.03546099290780142,81.38419651752415,83.40125065679713,5.283127791079821,1267.950669859157
RA-MTM,42,70,0.012614721501504948,0.017709332780524414,1.1102230246251565e-16,0.02797580036399078,True,False,0.3853211009174312,57.07422691312796,58.58799349330855,0.5245658799653723,125.89581119168935
RA-MTM,42,75,0.07506474837930345,,,,False,True,,20.9084207004041,29.916190505920515,0.26228293998268615,62.947905595844674
RA-MTM,43,76,0.08654281548479137,,,,False,True,,57.38708612964447,47.00194827146951,1.4113320103830254,338.7196824919261
RA-MTM,43,77,0.08654281548479142,,,,False,False,,75.36030870607823,85.7454465642532,0.04995865523479736,11.990077256351366
RA-MTM,43,72,0.040370233727491704,0.05717901822143325,0.0,0.048703567060825036,True,True,0.259927797833935,89.21872056089542,84.37429251359642,3.4346575473923187,824.3178113741565
RA-MTM,43,70,0.06987614881812458,0.05726142731661964,0.0,0.029285626952628856,True,True,0.0582010582010582,40.58746832676891,48.97260618494386,4.471299643514363,1073.1119144434472
RA-MTM,44,78,0.08064375989018056,,,,False,True,,40.094880852797495,30.417629665975827,1.1115800789742414,266.7792189538179
RA-MTM,44,76,0.17205799280431222,0.08551517731952085,0.0,0.08551517731952085,True,True,0.05161290322580645,82.27789454179427,61.6309354052768,4.696113592070951,1127.0672620970283
RA-MTM,44,72,0.04839130229479736,0.08876153602228906,2.220446049250313e-16,0.040057968961464026,True,True,0.2896551724137931,94.25469517281418,100.06165144818986,1.2364767170612345,296.7544120946963
RA-MTM,44,70,0.18464178049190874,0.11476563167378415,1.6653345369377348e-16,0.144051258626413,True,True,0.7131474103585658,42.715402952257264,64.87241661128631,6.2698112319670685,1504.7546956720964
RA-MTM,45,78,0.021734015907742096,0.058909743982438464,0.0,0.058909743982438464,True,True,0.7606837606837606,41.532620302094,38.92453839316495,1.4612906656178228,350.70975974827746
RA-MTM,45,79,0.021734015907742096,,,,False,True,,94.13401934684053,96.74210125576958,0.07493798285219604,17.985115884527048
RA-MTM,45,76,0.012954650390209703,0.18501264319452193,0.0,0.09949746587500106,True,True,0.21779859484777517,90.92210294302316,92.47666098984833,1.798511588452705,431.6427812286492
RA-MTM,45,72,0.021734015907742096,0.07012531820253945,0.0,0.030067349241075427,True,True,0.5098039215686274,93.01690598639848,90.40882407746943,0.6869315094784637,164.86356227483128
RA-MTM,45,70,0.021583796438384085,0.16305798405352465,1.6653345369377348e-16,0.019006725427111643,True,True,0.7219730941704036,46.61946441603849,49.20951998864458,8.11828147565457,1948.387554157097
RA-MTM,46,78,0.08411958673734328,0.06238557082960119,1.942890293094024e-16,0.003475826847162722,True,True,0.8111888111888111,40.661395377089306,30.567044968608112,1.7735322608353064,425.6477426004735
RA-MTM,46,79,0.06691207531415534,0.04517805940641324,1.3877787807814457e-16,0.04517805940641324,True,True,0.2222222222222222,95.15803992724574,103.18748896494438,0.0624483190434967,14.987596570439209
RA-MTM,46,80,0.04372555575206351,,,,False,False,,95.73405150372366,100.98111819397128,0.19983462093918944,47.960309025405465
RA-MTM,46,76,0.014044727385295866,0.02699937777550557,2.220446049250313e-16,0.0724980880994955,True,True,0.055865921787709494,98.04046822764556,96.35510094141006,0.5620348713914702,134.88836913395286
RA-MTM,46,81,0.06745292007067659,,,,False,True,,23.525362183661866,31.619712592143056,0.43713823330447693,104.91317599307446
RA-MTM,46,70,0.0031897842670085552,0.02477358070539264,0.0,0.04378030613250428,True,True,0.10307692307692308,45.42935890567704,45.046584793636015,0.8368074751828557,200.83379404388538
RA-MTM,47,78,0.10251394573249825,0.018394358995154972,0.0,0.021870185842317695,True,True,0.035211267605633804,39.86092858536411,27.559255097464316,0.0624483190434967,14.987596570439209
RA-MTM,47,76,0.039991485330687956,0.05403621271598382,0.0,0.1265343008154793,True,True,0.09146341463414634,89.45558666320004,94.25456490288259,3.9092647721228935,938.2235453094944
RA-MTM,47,82,0.10251394573249825,,,,False,False,,43.95701090698497,31.65533741908518,0.0624483190434967,14.987596570439209
RA-MTM,47,83,0.059719826676672486,,,,False,False,,37.94169504473042,45.10807424593112,0.661952181861065,158.8685236466556
RA-MTM,47,81,0.08584727906583153,0.018394358995154944,0.0,0.018394358995154944,True,True,0.45714285714285713,21.91923466618107,32.22090815408085,0.19983462093918944,47.960309025405465
RA-MTM,47,70,0.045334283783793755,0.04852406805080231,1.942890293094024e-16,0.004743761918298024,True,True,0.38461538461538464,56.16546406038741,61.60557811444266,0.9617041132698492,230.8089871847638
RA-MTM,48,78,0.049124970531066924,0.053388975201431335,0.0,0.03151878935911364,True,True,0.02857142857142857,34.926124645506604,29.031128181778573,2.185691166522384,524.5658799653722
RA-MTM,48,76,0.04912497053106695,0.009133485200378998,0.0,0.13566778601585833,True,True,0.7685459940652819,90.88947828525035,96.78447474897838,3.534574857861913,848.2979658868592
RA-MTM,48,81,0.049124970531066896,0.03672230853476464,2.220446049250313e-16,0.018327949539609693,True,True,0.1797752808988764,26.4604495294247,32.35544599315273,1.1115800789742414,266.7792189538179
RA-MTM,48,70,0.019303207419010645,0.02603107636478311,0.0,0.021287314446485083,True,True,0.32489451476793246,60.49688762340338,62.81327251368466,2.9600503226617434,710.4120774388184
RA-MTM,49,78,0.029642629217947084,0.01948234131311984,0.0,0.051001130672233476,True,True,0.2857142857142857,35.628310186355876,32.071194680202225,0.624483190434967,149.8759657043921
RA-MTM,49,76,0.029642629217947084,0.01948234131311987,2.203098814490545e-16,0.11618544470273845,True,True,0.8996655518394648,90.92422384334816,94.48133934950181,3.559554185479312,854.2930045150348
RA-MTM,49,81,0.02840317930478277,0.020721791226284127,0.0,0.03904974076589382,True,True,0.2782608695652174,31.81029524185317,35.2186767584271,2.560381080783365,614.4914593880076
RA-MTM,49,84,0.025913119046239667,,,,False,True,,53.1731961306319,56.28277041618066,0.0624483190434967,14.987596570439209
RA-MTM,49,70,0.00919410482253582,0.010109102596474824,0.0,0.03139641704295991,True,True,0.029535864978902954,71.94690677139417,73.05019935009847,0.08742764666089538,20.98263519861489
RA-MTM,50,76,0.04635985828812513,0.016717229070178044,1.1102230246251565e-16,0.1329026737729165,True,True,0.7578947368421053,93.01202148868052,98.57520448325553,2.697767382679057,647.4641718429738
RA-MTM,50,85,0.019095329007956668,,,,False,True,,20.745877751133428,18.454438270178628,0.03746899142609802,8.992557942263524
RA-MTM,50,86,0.04635985828812513,,,,False,True,,100.96082321620861,95.3976402216336,0.01248966380869934,2.9975193140878416
RA-MTM,50,81,0.019819607175547975,0.048222786480330744,1.1102230246251565e-16,0.08727252724622456,True,True,0.20361990950226244,48.75769454539841,46.37934168433265,4.084120065444684,980.1888157067242
RA-MTM,51,87,0.04205228919650169,,,,False,True,,36.48932340906393,31.443048705483726,3.059967633131338,734.3922319515211
RA-MTM,51,76,0.04205228919650163,0.004307569091623501,0.0,0.128595104681293,True,True,0.4954128440366973,84.985945583817,90.0322202873972,5.445493420592912,1306.918420942299
RA-MTM,51,85,0.03417625056355522,0.053271579571511886,4.440892098500626e-16,0.053271579571511886,True,True,0.020134228187919462,30.1270058870604,34.228155954687026,1.8609599074962015,446.63037779908836
RA-MTM,51,81,0.008515459363926621,0.028335066539474596,2.220446049250313e-16,0.05893746070674997,True,True,0.23723723723723725,60.86338990112596,61.88524502479716,1.061621423739444,254.78914169746653
RA-MTM,52,87,0.008333333333333333,0.03371895586316835,0.0,0.03371895586316835,True,True,0.5669291338582677,40.72431848649005,39.72431848649005,1.910918562730999,458.6204550554398
RA-MTM,52,76,0.008333333333333333,0.033718955863168296,0.0,0.0948761488181247,True,True,0.7607223476297968,85.82873615111208,86.82873615111208,4.296444350192573,1031.1466440462175
RA-MTM,52,88,0.008333333333333333,,,,False,False,,65.12010290202608,66.12010290202608,0.02497932761739868,5.995038628175683
RA-MTM,52,85,0.005935911357459034,0.04011216192101426,0.0,0.013159417650497633,True,True,0.12064777327935222,55.97577877174092,55.263469408845836,15.424734803743686,3701.9363528984845
RA-MTM,53,89,0.03202553234310542,,,,False,True,,19.892527267462416,16.049463386289766,0.02497932761739868,5.995038628175683
RA-MTM,53,90,0.03502540727892202,,,,False,True,,60.85335048367101,56.650301610200366,0.17485529332179076,41.96527039722978
RA-MTM,53,76,0.017986996678972033,0.0096536633456387,0.0,0.1045298121637634,True,True,0.7906976744186046,89.17705697845734,91.33549657993399,3.39718855596622,815.3252534318929
RA-MTM,53,91,0.018358740612255352,,,,False,False,,61.70670096734203,59.50365209387139,0.01248966380869934,2.9975193140878416
RA-MTM,53,92,8.247438146445537e-05,,,,False,False,,60.0,60.009896925775735,0.01248966380869934,2.9975193140878416
RA-MTM,53,85,0.03502540727892202,0.040961318636381056,0.0,0.05412073628687868,True,True,0.8159806295399515,59.485467491619076,63.68851636508972,12.67700876582983,3042.482103799159
RA-MTM,54,89,0.033240843180480185,0.0012153108373747685,0.0,0.0012153108373747685,True,True,1.0,19.892527267462416,15.903626085804794,0.02497932761739868,5.995038628175683
RA-MTM,54,90,0.08923904443310503,0.12426445171202705,0.0,0.12426445171202705,True,True,0.23728813559322035,61.417429616945086,72.12611494891769,0.7368901647132611,176.85363953118267
RA-MTM,54,76,0.042609953856447426,0.024622957177475393,2.220446049250313e-16,0.1291527693412388,True,True,0.5661764705882353,93.4247410227503,98.53793548552399,1.9234082265396983,461.6179743695276
RA-MTM,54,93,0.144815640016753,,,,False,False,,54.026546614302916,71.40442341631328,0.04995865523479736,11.990077256351366
RA-MTM,54,94,0.0714784513844967,,,,False,False,,65.12010290202608,73.69751706816568,0.02497932761739868,5.995038628175683
RA-MTM,54,95,0.0814041921143397,,,,False,False,,63.413401934684046,73.18190498840481,0.01248966380869934,2.9975193140878416
RA-MTM,54,85,0.027099594535846035,0.06212500181476806,0.0,0.00800426552788937,True,True,0.19310344827586207,32.37930883464844,29.127357490346917,2.447974106505071,587.513785561217
RA-MTM,54,96,0.16148230668341956,,,,False,True,,90.09183284524096,70.71395604323061,0.7119108370958623,170.85860090300696
RA-MTM,55,89,0.10437177579976967,0.13761261898024985,0.0,0.13639730814287507,True,True,0.2222222222222222,20.935511191949207,33.460124287921566,0.11240697427829406,26.977673826790575
RA-MTM,55,90,0.07737640441591433,0.011862640017190706,1.1102230246251565e-16,0.11240181169483635,True,True,0.29838709677419356,51.784410049363395,61.06957857927311,1.2739457084873327,305.74697003695985
RA-MTM,55,76,0.04449384586665417,0.001883892010206741,0.0,0.13103666135144554,True,True,0.7321428571428571,91.53036604629686,96.86962755029536,1.7110839417918096,410.6601460300343
RA-MTM,55,97,0.09311389245020715,,,,False,True,,22.708583863576752,11.534916769551893,0.2497932761739868,59.950386281756835
RA-MTM,55,85,0.10924055227673615,0.08214095774089011,0.0,0.09014522326877948,True,True,0.20588235294117646,44.46902119718757,31.360154923979234,0.624483190434967,149.8759657043921
RA-MTM,56,89,0.1597329974755027,0.055361221675733055,0.0,0.19175852981860814,True,True,0.9,21.428558138070237,40.59651783513056,0.1248966380869934,29.975193140878417
RA-MTM,56,98,0.09108831726817813,,,,False,True,,43.53535537387694,54.465953446058315,0.21232428474788875,50.957828339493304
RA-MTM,56,90,0.0748982193441406,0.0024781850717737084,0.0,0.10992362662306263,True,True,0.22549019607843138,60.29681755953775,69.28460388083462,0.2872622676000848,68.94294422402035
RA-MTM,56,76,0.04747178871462978,0.002977942847975612,0.0,0.13401460419942116,True,True,0.9090909090909091,91.02179993580512,96.7184145815607,1.69859427798311,407.66262671594643
RA-MTM,56,99,0.12453578353401763,,,,False,False,,39.1782481984273,24.233954174345183,0.1248966380869934,29.975193140878417
RA-MTM,56,85,0.17639966414216932,0.06715911186543316,0.0,0.15730433513421266,True,True,0.16037735849056603,61.00531700816037,39.83735731110005,0.9117454580350518,218.81890992841244
RA-MTM,57,89,0.017243704184343282,0.176976701659846,0.0,0.014781828158762137,True,True,0.7,21.233506598945436,19.164262096824242,0.08742764666089538,20.98263519861489
RA-MTM,57,90,0.017243704184343282,0.05765451515979733,0.0,0.0522691114632653,True,True,0.1417910447761194,68.19216464324172,70.26140914536292,1.6236562951309141,389.6775108314194
RA-MTM,57,76,0.017243704184343282,0.0302280845302865,0.0,0.10378651966913464,True,True,0.41911764705882354,94.82268815822418,96.89193266034538,0.7119108370958623,170.85860090300696
RA-MTM,57,100,0.0022967045699972804,,,,False,True,,25.66519230406044,25.389587755660767,0.21232428474788875,50.957828339493304
RA-MTM,57,85,0.017243704184343282,0.15915595995782603,0.0,0.0018516248236133848,True,True,0.125,67.60124865763126,65.53200415551007,7.293963664280414,1750.5512794272995
RA-MTM,58,90,0.07750447399544486,0.09474817817978813,2.220446049250313e-16,0.04247906671652283,True,True,0.3384615384615385,72.14085006313756,62.84031318368418,0.5495452075827709,131.89084981986502
RA-MTM,58,101,0.07750447399544486,,,,False,False,,66.82680386936809,57.52626698991471,0.01248966380869934,2.9975193140878416
RA-MTM,58,102,0.057770177461575874,,,,False,False,,50.22106472766192,43.28864343227281,1.3863526827656267,332.72464386375043
RA-MTM,58,103,0.03874568879199624,,,,False,False,,59.61211341651317,64.26159607155272,0.27477260379138546,65.94542490993251
RA-MTM,58,104,0.07750447399544486,,,,False,True,,56.22087642945696,65.52141330891034,0.17485529332179076,41.96527039722978
RA-MTM,58,85,0.05278995623131664,0.07003366041565992,0.0,0.0718852852392733,True,True,0.1267123287671233,89.75194929555693,96.08674404331492,0.9242351218437511,221.81642924250028
