method,t,track,reference,motion,growth,trajectory,eligible,boundary,iou,q,x,width,area
TMTM,0,0,0.06216506275003706,,,,False,True,,1.230523017559129,8.690330547563576,0.05,2.9975193140878416
TMTM,0,1,0.02184484472495966,,,,False,True,,35.36894918056842,37.99033054756358,2.4000000000000004,143.88092707621638
TMTM,0,2,0.1258429161937613,,,,False,False,,61.891480490814935,46.79033054756358,0.6000000000000001,35.970231769054095
TMTM,0,3,0.2524087889518057,,,,False,True,,55.101275873346914,85.3903305475636,0.75,44.962789711317626
TMTM,0,4,0.210575780233041,,,,False,True,,83.2094241755285,57.940330547563576,21.6,1294.9283436859475
TMTM,1,5,0.05255315059798012,,,,False,False,,41.74670861932119,35.440330547563576,0.1,5.995038628175683
TMTM,1,6,0.08639974041303405,,,,False,False,,46.05829939712766,35.690330547563576,0.05,2.9975193140878416
TMTM,1,7,0.16809957217722396,,,,False,False,,70.66227920883045,50.49033054756358,0.4,23.980154512702732
TMTM,1,4,0.21940688738829284,0.008831107155251832,0.0,0.008831107155251832,True,True,0.5572354211663066,84.31915703415872,57.99033054756358,14.450000000000001,866.2830817713863
TMTM,1,8,0.24418484151861125,,,,False,False,,58.042511529796926,28.740330547563577,0.05,2.9975193140878416
TMTM,1,3,0.21583725416005428,0.4682460431118599,2.220446049250313e-16,0.4682460431118599,True,True,0.21052631578947367,53.74080104677009,27.840330547563575,1.55,92.92309873672309
TMTM,2,9,0.05308857699128892,,,,False,False,,61.06095978651825,54.690330547563576,1.4000000000000001,83.93054079445956
TMTM,2,10,0.2816180922939132,,,,False,True,,84.48450162283316,50.690330547563576,4.25,254.78914169746653
TMTM,2,11,0.1693308326932012,,,,False,False,,73.46003047074772,53.14033054756358,0.55,32.972712454966256
TMTM,2,3,0.23532300573148604,0.45116025989154024,0.0,0.017085783220319624,True,True,0.17218543046357615,64.65156985978527,92.8903305475636,7.300000000000001,437.6378198568249
TMTM,2,4,0.12641577807113588,0.09299110931715694,0.0,0.08416000216190511,True,True,0.12418300653594772,99.46022391609988,84.29033054756357,2.75,164.86356227483128
TMTM,3,10,0.09012390266886357,0.19149418962504966,0.0,0.19149418962504966,True,True,0.055994729907773384,55.05519886782721,44.24033054756358,75.9,4550.234318785344
TMTM,3,3,0.13208340313619155,0.1032396025952945,0.0,0.12032538581561412,True,True,0.2908366533864542,78.94032217122059,94.79033054756357,25.1,1504.7546956720964
TMTM,4,10,0.02117974998836593,0.06894415268049764,2.220446049250313e-16,0.2604383423055473,True,True,0.29314888010540185,45.18190054616749,42.64033054756358,22.25,1333.8960947690896
TMTM,4,12,0.1804445987054301,,,,False,False,,76.09368239221519,54.440330547563576,1.3,77.93550216628388
TMTM,4,13,0.15980227168805883,,,,False,False,,82.06660315013063,62.89033054756357,2.1,125.89581119168935
TMTM,4,3,0.027343001958585945,0.1047404011776056,1.1102230246251565e-16,0.22506578699321972,True,True,0.8992395437262357,79.95917031253327,83.24033054756359,24.85,1489.7670991016573
TMTM,5,10,0.10069028895602497,0.07951053896765904,0.0,0.18092780333788827,True,False,0.41140529531568226,54.67316522228657,42.590330547563575,12.4,743.3847898937847
TMTM,5,14,0.23564803198713508,,,,False,False,,78.41809438601979,50.14033054756358,0.05,2.9975193140878416
TMTM,5,15,0.0035423346732784467,,,,False,False,,63.115410708357,62.69033054756358,0.55,32.972712454966256
TMTM,5,3,0.10741442967269758,0.13475743163128354,0.0,0.3598232186245032,True,True,0.030181086519114688,76.28006210828728,63.39033054756357,0.75,44.962789711317626
TMTM,6,16,0.059899013371524125,,,,False,True,,3.05244894298068,10.240330547563575,0.30000000000000004,17.985115884527048
TMTM,6,17,0.050662300907421895,,,,False,True,,17.719806656454203,11.640330547563575,2.35,140.88340776212854
TMTM,6,10,0.1866221099760569,0.08593182102003194,0.0,0.09499598231785633,True,True,0.23469387755102042,65.3349837446904,42.940330547563576,17.85,1070.1143951293595
TMTM,6,18,0.11409911457935328,,,,False,True,,54.14843679804119,67.84033054756358,0.45,26.977673826790575
TMTM,6,19,0.017695773400123353,,,,False,False,,71.31382335557838,69.19033054756358,2.15,128.8933305057772
TMTM,7,17,0.03188718809744631,0.018775112809975583,0.0,0.018775112809975583,True,True,0.2315270935960591,17.816793119257134,13.990330547563577,10.15,608.4964207598318
TMTM,7,20,0.3223771025721606,,,,False,False,,80.37558285622285,41.690330547563576,0.05,2.9975193140878416
TMTM,7,10,0.32183617384442176,0.13521406386836485,8.881784197001252e-16,0.04021808155050852,True,False,0.0028011204481792717,80.41067140889419,41.79033054756358,0.05,2.9975193140878416
TMTM,7,19,0.06489233933258637,0.08258811273270972,2.220446049250313e-16,0.08258811273270972,True,False,0.5333333333333333,69.35324982765323,77.1403305475636,1.3,77.93550216628388
TMTM,7,21,0.056256254018434974,,,,False,True,,84.79108102977577,78.04033054756357,0.35000000000000003,20.98263519861489
TMTM,8,17,0.3714519251797615,0.4033391132772078,0.0,0.4221142260871834,True,True,0.18226600985221675,7.9660995259922,52.54033054756358,1.85,110.90821462125014
TMTM,8,22,0.37772924330369073,,,,False,True,,70.21783974400647,24.890330547563575,0.8500000000000001,50.957828339493304
TMTM,8,10,0.46571815926120913,0.14388198541678734,0.0,0.1841000669672959,True,True,0.025,82.22650965890867,26.340330547563575,2.0,119.90077256351367
TMTM,8,23,0.21804416144489605,,,,False,True,,39.375031174176044,65.54033054756357,0.55,32.972712454966256
TMTM,8,19,0.011505825396442878,0.07639816472902924,4.440892098500626e-16,0.006189948003680475,True,True,0.0912280701754386,74.37102959513673,72.99033054756359,14.25,854.2930045150348
TMTM,9,24,0.03517078361189328,,,,False,True,,32.91082458099077,28.690330547563576,1.1,65.94542490993251
TMTM,9,17,0.22874387126137732,0.14270805391838418,0.0,0.2794061721687992,True,True,0.43023255813953487,12.491065996198298,39.940330547563576,4.3,257.7866610115544
TMTM,9,22,0.33708622230336055,0.040643021000330244,2.220446049250313e-16,0.040643021000330216,True,True,0.16666666666666666,61.99067722396684,21.540330547563578,5.1000000000000005,305.74697003695985
TMTM,9,10,0.4871983617576527,0.021480202496443588,0.0,0.20558026946373947,True,True,0.125,82.7541339584819,24.290330547563578,0.25,14.987596570439209
TMTM,9,25,0.035786748105773175,,,,False,True,,58.295920774870794,62.590330547563575,6.8500000000000005,410.6601460300343
TMTM,9,19,0.1769226752965513,0.16541684990010844,2.220446049250313e-16,0.15922690189642796,True,True,0.2807017543859649,89.27105158314973,68.04033054756357,4.0,239.80154512702734
TMTM,10,17,0.19238305124076416,0.036360820020613166,1.6653345369377348e-16,0.24304535214818607,True,True,0.6511627906976745,11.254364398671877,34.340330547563575,2.8000000000000003,167.86108158891912
TMTM,10,24,0.49498071699585117,0.5301515006077444,0.0,0.5301515006077444,True,True,0.5,32.44264450806144,91.84033054756358,2.2,131.89084981986502
TMTM,10,22,0.34013819920236704,0.003051976899006507,2.255140518769849e-16,0.03759104410132371,True,True,0.7264957264957265,58.75691445184762,17.940330547563576,5.0,299.7519314087842
TMTM,10,25,0.04849985552786755,0.01271310742209438,0.0,0.01271310742209438,True,True,0.05660377358490566,44.62034788421947,50.440330547563576,1.55,92.92309873672309
TMTM,10,19,0.18882771668322165,0.011905041386670352,2.220446049250313e-16,0.1711319432830983,True,True,0.21739130434782608,83.09965654955018,60.440330547563576,18.400000000000002,1103.0871075843256
TMTM,11,17,0.6250525697671788,0.4326695185264146,1.1102230246251565e-16,0.6757148706746007,True,True,0.42857142857142855,6.784022175502117,81.79033054756357,1.2000000000000002,71.94046353810819
TMTM,11,24,0.48502437985235713,0.009956337143494013,0.0,0.5201951634642504,True,True,0.6027397260273972,34.437404965280734,92.6403305475636,3.6500000000000004,218.81890992841244
TMTM,11,22,0.38157858672142125,0.04144038751905423,1.3877787807814457e-16,0.003849343417730526,True,True,0.78,58.87976095413413,13.090330547563575,3.9000000000000004,233.80650649885163
TMTM,11,26,0.5767540228449677,,,,False,True,,87.1008132889597,17.890330547563575,0.2,11.990077256351366
TMTM,11,27,0.02279232205757188,,,,False,False,,64.2254091944722,61.49033054756358,2.6500000000000004,158.8685236466556
TMTM,11,19,0.34353442169558757,0.15470670501236589,2.220446049250313e-16,0.3258386482954642,True,True,0.43107769423558895,96.26446115103408,55.04033054756358,10.15,608.4964207598318
TMTM,12,24,0.08229152006253872,0.5673158999148958,1.6653345369377348e-16,0.047120736450645434,True,True,0.6636363636363637,35.81531295506822,25.940330547563576,5.5,329.72712454966256
TMTM,12,22,0.4002232057516602,0.7818017924730813,4.440892098500626e-16,0.7779524490553509,True,True,0.05128205128205128,51.31354585736436,99.34033054756358,0.2,11.990077256351366
TMTM,12,26,0.18143150407753814,0.7581855269225058,0.0,0.7581855269225058,True,True,0.19047619047619047,85.918550058259,107.69033054756358,1.05,62.947905595844674
TMTM,12,28,0.10030055065535594,,,,False,False,,60.22639662620629,48.190330547563576,0.6000000000000001,35.970231769054095
TMTM,12,19,0.2434984575978661,0.10003596409772146,0.0,0.22580268419774274,True,True,0.47540983606557374,88.46014545930751,59.24033054756358,21.35,1279.9407471155084
TMTM,13,22,0.11847436369105685,0.518697569442717,0.0,0.2592548796126339,True,True,0.13333333333333333,55.5072541904904,41.29033054756358,1.5,89.92557942263525
TMTM,13,24,0.0758866861358342,0.0064048339267045225,0.0,0.04071590252394091,True,True,0.6090909090909091,36.59673288386368,27.490330547563577,3.35,200.83379404388538
TMTM,13,29,0.05178343250263042,,,,False,True,,25.526318647247923,31.740330547563573,5.050000000000001,302.749450722872
TMTM,13,28,0.1800940098060492,0.28039456046140515,4.440892098500626e-16,0.28039456046140515,True,True,0.12631578947368421,59.57904937083767,81.19033054756358,4.75,284.76433483834495
TMTM,13,19,0.2131986716477446,0.03029978595012152,1.1102230246251565e-16,0.1955028982476212,True,True,0.454337899543379,99.07417114529294,73.49033054756359,10.5,629.4790559584467
TMTM,14,29,0.08750451564532682,0.0357210831426964,1.1102230246251565e-16,0.0357210831426964,True,True,0.4427860696517413,19.63978867012436,30.14033054756358,9.450000000000001,566.531150362602
TMTM,14,24,0.13782510463575678,0.061938418499922585,0.0,0.1026543210238635,True,True,0.3684210526315789,40.32934310385439,23.790330547563578,3.1500000000000004,188.84371678753402
TMTM,14,22,0.3271703290035615,0.20869596531250464,2.220446049250313e-16,0.05055891430012925,True,True,0.4838709677419355,58.600770027990954,19.340330547563575,3.1,185.84619747344618
TMTM,14,19,0.16060099195474642,0.05259767969299815,2.220446049250313e-16,0.14290521855462307,True,True,0.2713178294573643,95.71244958213315,76.44033054756358,5.9,353.70727906236533
TMTM,14,28,0.04481502183550455,0.13527898797054463,2.220446049250313e-16,0.1451155724908605,True,True,0.05825242718446602,56.96252792730303,62.340330547563575,0.7000000000000001,41.96527039722978
TMTM,14,30,0.37313113767620604,,,,False,True,,118.16606706870829,73.39033054756356,0.1,5.995038628175683
TMTM,15,29,0.006355731865422391,0.08114878377990443,1.6653345369377348e-16,0.04542770063720803,True,True,0.7673469387755102,19.72764272371289,20.490330547563577,12.200000000000001,731.3947126374334
TMTM,15,22,0.1919169594772164,0.1352533695263451,0.0,0.18581228382647433,True,True,0.03225806451612903,52.52036568482954,29.490330547563573,0.1,5.995038628175683
TMTM,15,24,0.09195126741075874,0.04587383722499805,0.0,0.05678048379886545,True,False,0.015873015873015872,43.574482636854626,32.54033054756358,0.05,2.9975193140878416
TMTM,15,31,0.09141033868301988,,,,False,False,,43.609571189525965,32.64033054756358,0.05,2.9975193140878416
TMTM,15,19,0.08497369603370401,0.0756272959210424,0.0,0.06727792263358066,True,True,0.097119341563786,78.48717407160805,68.29033054756357,60.75,3641.9859666167276
TMTM,16,29,0.0895557376000149,0.09591146946543729,0.0,0.1413391701026453,True,True,0.6619318181818182,22.787019059565363,12.040330547563576,17.05,1022.154086103954
TMTM,16,24,0.10443066232505066,0.01247939491429193,0.0,0.06925987871315738,True,True,0.030303030303030304,44.67201002656966,32.14033054756358,1.6500000000000001,98.91813736489877
TMTM,16,22,0.15761721672644377,0.034299742750772626,0.0,0.22011202657724696,True,True,0.2857142857142857,52.10439655473683,33.190330547563576,0.35000000000000003,20.98263519861489
TMTM,16,32,0.35039522302344,,,,False,True,,72.08775731037638,30.040330547563578,0.25,14.987596570439209
TMTM,16,33,0.08284924196339129,,,,False,False,,70.58223958317053,60.64033054756358,0.75,44.962789711317626
TMTM,16,19,0.2604213797936717,0.17544768375996764,0.0,0.24272560639354832,True,True,0.22633744855967078,99.19089612280418,67.94033054756358,13.75,824.3178113741565
TMTM,17,29,0.02747690944194326,0.062078828158071635,0.0,0.07926034194457368,True,True,0.7084548104956269,20.387559680596766,17.090330547563575,12.25,734.3922319515211
TMTM,17,24,0.3878498307482613,0.49228049307331195,0.0,0.4230206143601546,True,True,0.12307692307692308,58.44835085777223,104.99033054756359,9.3,557.5385924203385
TMTM,17,34,0.24692195084517898,,,,False,False,,86.02096464898506,56.39033054756358,6.3500000000000005,380.68495288915585
TMTM,17,19,0.3688082439141107,0.10838686412043905,0.0,0.35111247051398736,True,True,0.2727272727272727,105.74731981725687,61.49033054756358,3.75,224.81394855658812
TMTM,18,29,0.009125978595752348,0.018350930846190914,0.0,0.06090941109838277,True,True,0.6032388663967612,15.485447979053857,14.390330547563575,7.550000000000001,452.6254164272641
TMTM,18,35,0.1785686036080073,,,,False,True,,31.41856298052445,9.990330547563575,0.2,11.990077256351366
TMTM,18,24,0.26576193490466815,0.6536117656529294,2.220446049250313e-16,0.23059115129277485,True,True,0.3548387096774194,55.28176273612375,23.390330547563575,3.3000000000000003,197.83627472979754
TMTM,18,36,0.06228078164653527,,,,False,True,,50.01402434514781,42.54033054756358,3.6500000000000004,218.81890992841244
TMTM,18,37,0.30608020655373214,,,,False,True,,102.36995533401142,65.64033054756356,3.6,215.8213906143246
TMTM,18,19,0.3893424655635748,0.020534221649464137,1.6653345369377348e-16,0.3716466921634515,True,True,0.6538461538461539,109.16142641519257,62.44033054756358,2.7,161.86604296074344
TMTM,19,29,0.016938270657787503,0.02606424925353985,1.1102230246251565e-16,0.03484516184484292,True,True,0.48344370860927155,11.007738068629074,13.040330547563574,3.6500000000000004,218.81890992841244
TMTM,19,24,0.2341125773157028,0.03164935758896534,2.220446049250313e-16,0.19894179370380952,True,True,0.5303030303030303,55.28383982544791,27.190330547563576,1.75,104.91317599307446
TMTM,19,38,0.1829688088119484,,,,False,False,,58.73407349012977,80.69033054756358,2.0500000000000003,122.89829187760151
TMTM,19,39,0.047958880242857896,,,,False,False,,76.43526491842063,82.19033054756358,0.8500000000000001,50.957828339493304
TMTM,19,36,0.07372846376293753,0.011447682116402251,0.0,0.011447682116402251,True,True,0.2857142857142857,61.38774619911608,52.54033054756358,10.75,644.4666525288859
TMTM,19,19,0.33076534619625203,0.058577119367322794,0.0,0.3130695727961287,True,True,0.39705882352941174,101.03217209111382,61.340330547563575,6.800000000000001,407.66262671594643
TMTM,20,29,0.028559962347556787,0.04549823300534429,0.0,0.08034339485018721,True,True,0.48120300751879697,17.11752602927039,13.690330547563576,6.2,371.69239494689236
TMTM,20,24,0.2862901058445099,0.5204026831602128,0.0,0.32146088945640316,True,True,0.11784511784511785,54.48551784622239,88.84033054756358,14.850000000000001,890.263236284089
TMTM,20,40,0.053601891981673686,,,,False,True,,85.72255758536441,79.29033054756357,1.5,89.92557942263525
TMTM,20,36,0.08871515273768053,0.014986688974743008,2.220446049250313e-16,0.02643437109114526,True,False,0.22325581395348837,62.18614887608524,51.54033054756358,2.4000000000000004,143.88092707621638
TMTM,20,41,0.22646928935474567,,,,False,False,,80.41664527013306,53.24033054756358,0.9,53.95534765358115
TMTM,20,19,0.5690158298207041,0.23825048362445198,0.0,0.5513200564205807,True,True,0.09558823529411764,111.42223012604806,43.14033054756358,0.65,38.96775108314194
TMTM,21,24,0.346227619106551,0.05993751326204109,1.3877787807814457e-16,0.3813984027184443,True,True,0.8552188552188552,55.19301625477747,96.74033054756359,12.700000000000001,761.3699057783117
TMTM,21,29,0.12849156076698537,0.0999315984194286,2.0816681711721685e-16,0.1802749932696158,True,True,0.4301675977653631,26.25931783960182,10.840330547563575,6.6000000000000005,395.6725494595951
TMTM,21,36,0.09082645884116865,0.002111306103488116,3.3306690738754696e-16,0.028545677194633374,True,True,0.26717557251908397,57.789505608503816,46.89033054756358,5.9,353.70727906236533
TMTM,21,41,0.3422131906419567,0.11574390128721106,0.0,0.11574390128721106,True,True,0.050359712230215826,97.80591342459839,56.74033054756358,13.700000000000001,821.3202920600686
TMTM,22,24,0.32818024716897914,0.01804737193757185,0.0,0.36335103078087244,True,True,0.5287356321839081,59.958700887286085,99.34033054756358,7.25,434.640300542737
TMTM,22,36,0.15589651135957083,0.06507005251840219,0.0,0.09361572971303556,True,False,0.23397435897435898,69.29791191071207,50.590330547563575,13.350000000000001,800.3376568614538
TMTM,22,41,0.3976488415994743,0.05543565095751758,0.0,0.17117955224472864,True,True,0.3695652173913043,107.6081915395005,59.89033054756358,5.2,311.74200866513553
TMTM,23,42,0.04410880433171483,,,,False,True,,6.033387067369355,0.7403305475635751,1.35,80.93302148037172
TMTM,23,24,0.357994349891859,0.02981410272287987,0.0,0.3931651335037523,True,True,0.5655172413793104,60.481008560540495,103.44033054756358,4.1000000000000005,245.79658375520302
TMTM,23,36,0.2136072036882588,0.05771069232868798,1.6653345369377348e-16,0.15132642204172353,True,False,0.32193732193732194,82.27319499015464,56.64033054756358,9.850000000000001,590.5113048753047
TMTM,23,43,0.06560184542806156,,,,False,True,,51.76255199893097,43.89033054756358,2.4000000000000004,143.88092707621638
TMTM,23,41,0.32522374185749586,0.07242509974197843,0.0,0.09875445250275021,True,True,0.009615384615384616,100.66717957046308,61.64033054756357,0.05,2.9975193140878416
TMTM,24,24,0.3937371705106388,0.035742820618779744,2.220446049250313e-16,0.428907954122532,True,True,0.1951219512195122,57.84187008628693,105.09033054756358,0.8,47.960309025405465
TMTM,24,44,0.27376375187073976,,,,False,False,,61.79198077205235,28.940330547563576,3.1,185.84619747344618
TMTM,24,45,0.06440136111125969,,,,False,False,,55.76216721421242,63.49033054756358,0.55,32.972712454966256
TMTM,24,43,0.0757230396981754,0.14132488512623695,0.0,0.14132488512623695,True,False,0.10204081632653061,54.853565783782535,63.94033054756358,0.30000000000000004,17.985115884527048
TMTM,24,36,0.40629309468958247,0.1926858910013237,0.0,0.3440123130430472,True,True,0.24633431085043989,99.49550191031348,50.74033054756358,11.4,683.4344036120278
TMTM,25,46,0.15404725045423465,,,,False,True,,18.126000602071734,-0.359669452436425,0.25,14.987596570439209
TMTM,25,47,0.06889244805148288,,,,False,True,,18.05742431374152,9.790330547563576,0.7000000000000001,41.96527039722978
TMTM,25,48,0.3056368120522432,,,,False,False,,64.61674799383276,27.940330547563576,0.05,2.9975193140878416
TMTM,25,49,0.0756064396603783,,,,False,False,,68.76310330680897,59.690330547563576,7.25,434.640300542737
TMTM,25,43,0.05271377032995842,0.023009269368216973,2.220446049250313e-16,0.11831561575801999,True,False,0.125,57.76467810796857,64.09033054756358,1.5,89.92557942263525
TMTM,25,36,0.51900786483972,0.1127147701501375,2.220446049250313e-16,0.4567270831931847,True,True,0.5350877192982456,105.32127432832998,43.04033054756358,6.1000000000000005,365.6973563187167
TMTM,26,47,0.08984575384813676,0.02095330579665388,0.0,0.02095330579665388,True,True,0.20930232558139536,24.621821009339985,13.840330547563575,1.9000000000000001,113.90573393533798
TMTM,26,49,0.23760710756709688,0.1620006679067186,2.220446049250313e-16,0.1620006679067186,True,False,0.2367758186397985,83.7031834556152,55.190330547563576,17.3,1037.1416826743932
TMTM,26,43,0.06821964770229107,0.015505877372332636,1.1102230246251565e-16,0.13382149313035263,True,True,0.410958904109589,57.55397282328866,65.74033054756359,3.6500000000000004,218.81890992841244
TMTM,26,36,0.36159389452218316,0.15741397031753687,2.220446049250313e-16,0.2993131128756479,True,True,0.23770491803278687,113.23159789022556,69.84033054756358,1.4500000000000002,86.9280601085474
TMTM,27,47,0.023913632816324436,0.06593212103181231,0.0,0.04497881523515844,True,True,0.44,26.959966485522507,24.090330547563575,1.7000000000000002,101.91565667898661
TMTM,27,50,0.13324981521298554,,,,False,False,,70.98030837312184,54.99033054756358,4.3,257.7866610115544
TMTM,27,49,0.32446640125808,0.08685929369098311,0.0,0.2488599615977017,True,True,0.24043715846994534,98.82629869853318,59.89033054756358,5.4,323.7320859214869
TMTM,28,51,0.022407111166134933,,,,False,True,,1.8514772076273829,4.540330547563575,0.1,5.995038628175683
TMTM,28,52,0.061245502046932306,,,,False,True,,13.089790793195451,5.740330547563575,0.7000000000000001,41.96527039722978
TMTM,28,49,0.2298242736616221,0.09464212759645789,0.0,0.1542178340012438,True,True,0.17073170731707318,81.81924338695823,54.24033054756358,30.6,1834.481820221759
TMTM,28,53,0.27049230131598684,,,,False,True,,62.681254389645176,95.1403305475636,1.25,74.93798285219604
TMTM,28,54,0.15783855148166712,,,,False,True,,90.88095672536363,71.94033054756358,4.65,278.7692962101693
TMTM,29,51,0.04068406608597415,0.01827695491983921,0.0,0.018276954919839213,True,True,0.18181818181818182,3.9082426172466787,8.790330547563576,0.55,32.972712454966256
TMTM,29,55,0.11712674453689532,,,,False,False,,60.04553989199102,45.99033054756358,8.05,482.6006095681425
TMTM,29,49,0.3226115059002301,0.09278723223860794,2.220446049250313e-16,0.24700506623985177,True,True,0.2016260162601626,94.75371125559118,56.04033054756358,6.3500000000000005,380.68495288915585
TMTM,29,54,0.24710702146995658,0.08926846998828945,2.220446049250313e-16,0.08926846998828945,True,True,0.45365853658536587,94.04317312395835,64.39033054756356,10.25,614.4914593880076
TMTM,30,51,0.03915600632910748,0.001528059756866662,2.220446049250313e-16,0.01674889516297255,True,True,0.4230769230769231,6.591609788070678,11.290330547563576,1.3,77.93550216628388
TMTM,30,55,0.13586956194648347,0.018742817409588143,1.6653345369377348e-16,0.018742817409588143,True,True,0.29375,48.444677981141595,32.14033054756358,12.65,758.372386464224
TMTM,30,56,0.050984096183892075,,,,False,True,,41.77223900549653,47.89033054756358,0.45,26.977673826790575
TMTM,30,57,0.0973212517077977,,,,False,False,,73.2688807524993,61.590330547563575,0.45,26.977673826790575
TMTM,30,58,0.36756037920858164,,,,False,True,,113.29757605259337,69.19033054756358,1.55,92.92309873672309
TMTM,30,54,0.2212984882064785,0.02580853326347808,2.220446049250313e-16,0.06345993672481137,True,True,0.2904761904761905,90.046149132341,63.49033054756358,3.3000000000000003,197.83627472979754
TMTM,31,51,0.00525237023507723,0.03390363609403025,1.1796119636642288e-16,0.0171547409310577,True,True,0.9615384615384616,6.410046119354308,7.040330547563576,1.25,74.93798285219604
TMTM,31,55,0.18598837274235017,0.050118810795866685,1.942890293094024e-16,0.06886162820545483,True,True,0.46335078534031415,46.90893527664559,24.590330547563575,15.3,917.2409101108796
TMTM,31,56,0.03612718883877892,0.014856907345113158,0.0,0.014856907345113158,True,True,0.10465116279069768,44.15506788691011,48.49033054756358,4.3,257.7866610115544
TMTM,31,54,0.21670555463318605,0.004592933573292453,0.0,0.05886700315151892,True,True,0.2631578947368421,92.9449971035459,66.94033054756358,8.700000000000001,521.5683606512845
TMTM,31,58,0.3589488514801572,0.008611527728424424,0.0,0.008611527728424424,True,True,0.3333333333333333,114.76419272518244,71.69033054756358,0.65,38.96775108314194
TMTM,32,51,0.03406374070999129,0.03931611094506852,1.942890293094024e-16,0.05647085187612622,True,True,0.65625,6.12797943276253,2.040330547563575,1.4000000000000001,83.93054079445956
TMTM,32,55,0.11980403421595666,0.06618433852639351,1.6653345369377348e-16,0.002677289679061327,True,True,0.584375,42.066814653478374,27.690330547563576,10.05,602.5013821316561
TMTM,32,56,0.07697256787400608,0.113099756712785,0.0,0.12795666405789816,True,True,0.6571428571428571,44.72703869244431,35.49033054756358,4.4,263.78169963973005
TMTM,32,54,0.15714572196492185,0.059559832668264194,0.0,0.0006928295167452821,True,True,0.19141914191419143,83.1978171833542,64.34033054756358,45.45,2724.745056505848
TMTM,32,59,0.18770232346418195,,,,False,True,,65.01605173186174,87.54033054756357,0.8500000000000001,50.957828339493304
TMTM,33,51,0.03311107259970196,0.0009526681102893268,2.220446049250313e-16,0.0555181837658369,True,True,0.14285714285714285,2.4636592595278106,-1.5096694524364251,0.2,11.990077256351366
TMTM,33,55,0.12495385632596061,0.0051498221100039505,1.3877787807814457e-16,0.007827111789065278,True,False,0.24172185430463577,55.13479330667885,40.14033054756358,8.700000000000001,521.5683606512845
TMTM,33,56,0.19183901951877083,0.2688115873927769,0.0,0.14085492333487876,True,True,0.3651452282157676,54.01964820531107,77.04033054756357,12.05,722.4021546951698
TMTM,33,54,0.3347289616429981,0.17758323967807624,0.0,0.17689041016133095,True,True,0.47084708470847086,95.40780594472335,55.24033054756358,21.400000000000002,1282.9382664295963
TMTM,34,60,0.09627266352642604,,,,False,True,,21.1430501707347,9.590330547563575,0.1,5.995038628175683
TMTM,34,55,0.1868576524027183,0.06190379607675768,0.0,0.06973090786582296,True,False,0.034482758620689655,59.06324883588977,36.64033054756358,0.30000000000000004,17.985115884527048
TMTM,34,61,0.27313407592158084,,,,False,False,,70.06641965815328,37.29033054756358,0.8500000000000001,50.957828339493304
TMTM,34,56,0.11665132702294959,0.07518769249582125,0.0,0.06566723083905751,True,True,0.6314363143631436,56.54217130480962,70.54033054756357,18.05,1082.1044723857108
TMTM,34,54,0.39255483415306147,0.05782587251006337,2.220446049250313e-16,0.23471628267139433,True,True,0.3187066974595843,104.99691064593095,57.89033054756358,7.15,428.64526191456133
TMTM,35,62,0.009467381920707441,,,,False,True,,14.676416378048467,13.540330547563574,0.8500000000000001,50.957828339493304
TMTM,35,61,0.2366727226868162,0.036461353234764654,4.440892098500626e-16,0.036461353234764654,True,True,0.02373887240356083,58.59105726998152,30.190330547563576,16.400000000000002,983.1863350208121
TMTM,35,63,0.43251023809668915,,,,False,True,,95.04155911916628,43.14033054756358,0.8500000000000001,50.957828339493304
TMTM,35,56,0.06472714349982181,0.05192418352312777,0.0,0.013743047315929739,True,True,0.6224137931034482,59.92307332758496,67.69033054756358,29.0,1738.561202170948
TMTM,35,54,0.48752084584459454,0.09496601169153311,1.1102230246251565e-16,0.32968229436292745,True,True,0.4965034965034965,109.89283204891493,51.39033054756358,3.5500000000000003,212.82387130023676
TMTM,36,62,0.14617825406668475,0.15564563598739217,2.220446049250313e-16,0.15564563598739217,True,True,0.2328767123287671,19.948940059561412,37.49033054756358,3.6500000000000004,218.81890992841244
TMTM,36,64,0.3178923725494078,,,,False,True,,55.53741525349251,17.390330547563575,0.05,2.9975193140878416
TMTM,36,61,0.32788993049033904,0.09121720780352284,0.0,0.05475585456875821,True,False,0.21646341463414634,58.58712220640426,19.240330547563577,3.5500000000000003,212.82387130023676
TMTM,36,56,0.018352055113613493,0.04637508838620832,1.942890293094024e-16,0.03263204107027858,True,True,0.7168508287292817,67.08808393392995,69.29033054756357,33.15,1987.355305240239
TMTM,36,54,0.26310272172843413,0.22441812411616044,4.440892098500626e-16,0.10526417024676699,True,True,0.04225352112676056,117.56265715497568,85.99033054756359,0.15000000000000002,8.992557942263524
TMTM,37,62,0.6442144231165255,0.4980361690498409,0.0,0.6536818050372329,True,True,0.5132743362831859,23.93459977358051,101.24033054756359,4.9,293.7568927806085
TMTM,37,64,0.31605211002130107,0.0018402625281067546,0.0,0.0018402625281067249,True,True,0.07692307692307693,57.5165837501197,19.590330547563575,0.65,38.96775108314194
TMTM,37,61,0.3070978517038964,0.02079207878644261,0.0,0.03396377578231557,True,False,0.1267605633802817,57.042072752031146,20.190330547563576,0.45,26.977673826790575
TMTM,37,65,0.09246135966162719,,,,False,True,,50.24496738816831,61.340330547563575,0.30000000000000004,17.985115884527048
TMTM,37,56,0.00577274171735116,0.012579313396262334,4.440892098500626e-16,0.04521135446654091,True,False,0.08748114630467571,62.29760154148144,62.99033054756358,2.9000000000000004,173.8561202170948
TMTM,37,66,0.24065363203334833,,,,False,True,,100.21876639156538,71.34033054756358,0.55,32.972712454966256
TMTM,38,62,0.11253628848002982,0.7567507115965555,0.0,0.10306890655932238,True,True,0.25510204081632654,19.594685165167153,6.090330547563575,1.25,74.93798285219604
TMTM,38,64,0.36098226929065785,0.04493015926935682,0.0,0.043089896741250064,True,True,0.04377104377104377,63.80820286244252,20.490330547563577,14.850000000000001,890.263236284089
TMTM,38,67,0.019544052929744992,,,,False,False,,67.98561689913296,65.64033054756356,0.8,47.960309025405465
TMTM,38,56,0.05514097886294594,0.04936823714559478,0.0,0.004156882679053868,True,False,0.07936507936507936,56.923413084010065,63.54033054756358,0.5,29.975193140878417
TMTM,38,68,0.05345463480187102,,,,False,False,,71.20488672378809,64.79033054756357,0.8500000000000001,50.957828339493304
TMTM,39,69,0.035363353197734544,,,,False,True,,1.83393293129172,-2.4096694524364253,0.1,5.995038628175683
TMTM,39,62,0.15604960818659844,0.04351331970656862,0.0,0.146582226265891,True,True,0.3870967741935484,19.766283529955388,1.040330547563575,0.9,53.95534765358115
TMTM,39,70,0.19016919912571162,,,,False,False,,79.56063444264898,56.74033054756358,2.95,176.85363953118267
TMTM,39,68,0.0554839215503673,0.00202928674849628,1.6653345369377348e-16,0.00202928674849628,True,False,0.13513513513513514,65.54840113360765,58.89033054756358,1.25,74.93798285219604
TMTM,40,69,0.030137059209090312,0.005226293988644233,0.0,0.005226293988644233,True,True,0.4,2.706777652654412,-0.9096694524364253,0.25,14.987596570439209
TMTM,40,70,0.040494720340849825,0.1496744787848618,4.440892098500626e-16,0.1496744787848618,True,True,0.02554112554112554,61.84969698846556,56.99033054756358,115.5,6924.269615542914
TMTM,41,71,0.14707422417487476,,,,False,True,,28.83923744854855,11.190330547563576,1.5,89.92557942263525
TMTM,41,72,0.32454913306995287,,,,False,False,,81.18622651595793,42.24033054756358,0.75,44.962789711317626
TMTM,41,73,0.09034238111650085,,,,False,False,,66.08141628154368,55.24033054756358,2.7,161.86604296074344
TMTM,41,70,0.13537349156268993,0.0948787712218401,4.440892098500626e-16,0.0547957075630217,True,False,0.047186147186147186,75.63514953508637,59.39033054756358,5.45,326.72960523557475
TMTM,42,74,0.165543823367645,,,,False,False,,37.605589351680976,17.740330547563577,2.5,149.8759657043921
TMTM,42,72,0.17742128164597665,0.14712785142397625,0.0,0.14712785142397625,True,False,0.03546099290780142,77.78088434508078,56.49033054756358,21.150000000000002,1267.950669859157
TMTM,42,70,0.08667167269444237,0.04870181886824755,1.1102230246251565e-16,0.10349752643126925,True,False,0.3853211009174312,78.54093127089665,68.14033054756356,2.1,125.89581119168935
TMTM,42,75,0.17613762976850048,,,,False,True,,55.30381497534352,76.44033054756358,1.05,62.947905595844674
TMTM,43,76,0.05704894510513154,,,,False,True,,33.33620396017936,26.490330547563577,5.65,338.7196824919261
TMTM,43,77,0.22312753136247362,,,,False,False,,60.61563431106041,33.840330547563575,0.2,11.990077256351366
TMTM,43,72,0.3530872798644095,0.17566599821843287,1.6653345369377348e-16,0.028538146794456647,True,True,0.259927797833935,93.21080413129272,50.840330547563575,13.75,824.3178113741565
TMTM,43,70,0.020017799140409902,0.06665387355403248,0.0,0.17015139998530174,True,True,0.0582010582010582,69.09246644441276,66.69033054756358,17.900000000000002,1073.1119144434472
TMTM,44,78,0.02577411146965035,,,,False,True,,19.13322392392162,16.040330547563578,4.45,266.7792189538179
TMTM,44,76,0.23614429479476826,0.17909534968963672,0.0,0.17909534968963672,True,True,0.05161290322580645,56.02764592293577,27.690330547563576,18.8,1127.0672620970283
TMTM,44,72,0.1419280917757631,0.21115918808864642,0.0,0.1826210412941898,True,True,0.2896551724137931,101.82170156065514,84.79033054756357,4.95,296.7544120946963
TMTM,44,70,0.01070693665557177,0.030724735795981672,0.0,0.2008761357812834,True,True,0.7131474103585658,68.40549814889496,69.69033054756358,25.1,1504.7546956720964
TMTM,45,78,0.08428270259499758,0.05850859112534724,2.220446049250313e-16,0.05850859112534724,True,True,0.7606837606837606,21.254254858963286,11.140330547563575,5.8500000000000005,350.70975974827746
TMTM,45,79,0.23787529857337528,,,,False,True,,57.43536637636861,28.89033054756358,0.30000000000000004,17.985115884527048
TMTM,45,76,0.31355729224564366,0.07741299745087536,1.1102230246251565e-16,0.2565083471405121,True,True,0.21779859484777517,70.31720561704081,32.690330547563576,7.2,431.6427812286492
TMTM,45,72,0.09266903948968827,0.049259052286074835,0.0,0.23188009358026462,True,True,0.5098039215686274,100.71061528632617,89.59033054756358,2.75,164.86356227483128
TMTM,45,70,0.01645171673505613,0.005744780079484357,0.0,0.20662091586076775,True,True,0.7219730941704036,69.91612453935683,71.89033054756356,32.5,1948.387554157097
TMTM,46,78,0.09618411148504359,0.011901408890046,1.942890293094024e-16,0.07041000001539324,True,True,0.8111888111888111,21.382423925768805,9.840330547563575,7.1000000000000005,425.6477426004735
TMTM,46,79,0.16798236232543384,0.06989293624794145,2.498001805406602e-16,0.06989293624794145,True,True,0.2222222222222222,56.04821402661564,35.89033054756358,0.25,14.987596570439209
TMTM,46,80,0.23548626703314746,,,,False,False,,64.69868259154127,36.440330547563576,0.8,47.960309025405465
TMTM,46,76,0.3704968321966729,0.05693953995102928,0.0,0.31344788709154137,True,True,0.055865921787709494,85.84995041116433,41.39033054756358,2.25,134.88836913395286
TMTM,46,81,0.10885792124251985,,,,False,True,,57.627379998461194,70.69033054756358,1.75,104.91317599307446
TMTM,46,70,0.027210467017533328,0.043662183752589456,0.0,0.1629587321081783,True,True,0.10307692307692308,76.55558658966757,73.29033054756357,3.35,200.83379404388538
TMTM,47,78,0.02508464764271192,0.07109946384233166,0.0,0.0006894638269384264,True,True,0.035211267605633804,16.450488264689007,13.440330547563576,0.25,14.987596570439209
TMTM,47,76,0.2403612945744209,0.13013553762225202,0.0,0.18331234946928937,True,True,0.09146341463414634,62.68368589649408,33.840330547563575,15.65,938.2235453094944
TMTM,47,82,0.08811799019656616,,,,False,False,,24.314489371151517,13.740330547563577,0.25,14.987596570439209
TMTM,47,83,0.02449154300087753,,,,False,False,,63.10134538745827,66.04033054756357,2.6500000000000004,158.8685236466556
TMTM,47,81,0.10626036228513236,0.002597558957387491,1.1102230246251565e-16,0.002597558957387491,True,True,0.45714285714285713,55.03908707334769,67.79033054756357,0.8,47.960309025405465
TMTM,47,70,0.1185555121909322,0.09134504517339886,0.0,0.07161368693477943,True,True,0.38461538461538464,85.41699201047544,71.19033054756358,3.85,230.8089871847638
TMTM,48,78,0.0654433206349281,0.040358672992216175,0.0,0.03966920916527775,True,True,0.02857142857142857,17.843529023754947,9.990330547563575,8.75,524.5658799653722
TMTM,48,76,0.2608760702113172,0.02051477563689629,0.0,0.20382712510618567,True,True,0.7685459940652819,63.84545897292164,32.54033054756358,14.15,848.2979658868592
TMTM,48,81,0.06312855507008196,0.0431318072150504,0.0,0.0457293661724379,True,True,0.1797752808988764,54.81490393915374,62.39033054756357,4.45,266.7792189538179
TMTM,48,70,0.12545900067656426,0.0069034884856320625,0.0,0.06471019844914737,True,True,0.32489451476793246,85.64541062875129,70.59033054756358,11.850000000000001,710.4120774388184
TMTM,49,78,0.07477488741447227,0.00933156677954418,2.220446049250313e-16,0.049000775944821925,True,True,0.2857142857142857,16.41331703730025,7.440330547563576,2.5,149.8759657043921
TMTM,49,76,0.31878642964042453,0.057910359429107286,2.203098814490545e-16,0.261737484535293,True,True,0.8996655518394648,64.24470210441451,25.990330547563577,14.25,854.2930045150348
TMTM,49,81,0.07955412586594596,0.016425570795863997,0.0,0.029303795376573898,True,True,0.2782608695652174,55.39383544365006,64.94033054756358,10.25,614.4914593880076
TMTM,49,84,0.12281826054876734,,,,False,True,,84.97852181341567,70.24033054756359,0.25,14.987596570439209
TMTM,49,70,0.2251100780664095,0.09965107738984523,0.0,0.03494087894069787,True,True,0.029535864978902954,98.25353991553273,71.24033054756359,0.35000000000000003,20.98263519861489
TMTM,50,76,0.3422796414782813,0.02349321183785683,0.0,0.2852306963731498,True,True,0.7578947368421053,64.86388752495733,23.790330547563578,10.8,647.4641718429738
TMTM,50,85,0.15230543747565478,,,,False,True,,52.11367805048499,70.39033054756356,0.15000000000000002,8.992557942263524
TMTM,50,86,0.25446489811601414,,,,False,True,,110.07611832148527,79.54033054756357,0.05,2.9975193140878416
TMTM,50,81,0.09831664598296855,0.1778707718489145,1.6653345369377348e-16,0.2071745672254884,True,True,0.20361990950226244,73.8883280655198,62.090330547563575,16.35,980.1888157067242
TMTM,51,87,0.6586358637596743,,,,False,True,,21.60402689640268,100.6403305475636,12.25,734.3922319515211
TMTM,51,76,0.3280662145382215,0.014213426940059826,0.0,0.2710172694330899,True,True,0.4954128440366973,60.70827629215015,21.340330547563575,21.8,1306.918420942299
TMTM,51,85,0.011402623706988873,0.1409028137686659,4.440892098500626e-16,0.1409028137686659,True,True,0.020134228187919462,58.122015702724916,59.49033054756358,7.45,446.63037779908836
TMTM,51,81,0.19138227156052423,0.09306562557755568,0.0,0.3002401928030441,True,True,0.23723723723723725,88.35620313482647,65.39033054756356,4.25,254.78914169746653
TMTM,52,87,0.639323707876267,0.01931215588340729,0.0,0.01931215588340732,True,True,0.5669291338582677,21.921485602411554,98.6403305475636,7.65,458.6204550554398
TMTM,52,76,0.3038080236156142,0.02425819092260732,0.0,0.24675907851048265,True,True,0.7607223476297968,58.44729338143728,21.990330547563577,17.2,1031.1466440462175
TMTM,52,88,0.18644923086392992,,,,False,False,,53.06423825123517,30.690330547563576,0.1,5.995038628175683
TMTM,52,85,0.0632725720451973,0.07467519575218619,4.440892098500626e-16,0.21557800952085207,True,True,0.12064777327935222,71.28303919298726,63.69033054756358,61.75,3701.9363528984845
TMTM,53,89,0.017553313468932127,,,,False,True,,1.83393293129172,3.9403305475635753,0.1,5.995038628175683
TMTM,53,90,0.5217539609039787,,,,False,True,,31.329855239086132,93.94033054756358,0.7000000000000001,41.96527039722978
TMTM,53,76,0.278153672618703,0.02565435099691117,1.3877787807814457e-16,0.2211047275135715,True,True,0.7906976744186046,60.518771261807935,27.140330547563575,13.600000000000001,815.3252534318929
TMTM,53,91,0.11192685199007896,,,,False,False,,51.27155278637305,37.840330547563575,0.05,2.9975193140878416
TMTM,53,92,0.11096925659567335,,,,False,False,,51.30664133904438,37.99033054756358,0.05,2.9975193140878416
TMTM,53,85,0.1117808895919516,0.04850831754675428,0.0,0.2640863270676064,True,True,0.8159806295399515,76.85403729859777,63.44033054756358,50.75,3042.482103799159
TMTM,54,89,0.04755331346893213,0.030000000000000006,0.0,0.030000000000000006,True,True,1.0,1.83393293129172,7.540330547563576,0.1,5.995038628175683
TMTM,54,90,0.008790481222370044,0.5129634796816087,0.0,0.5129634796816087,True,True,0.23728813559322035,34.185472800879175,35.24033054756358,2.95,176.85363953118267
TMTM,54,76,0.30131588265172826,0.023162210033025262,0.0,0.24426693754659673,True,True,0.5661764705882353,61.998236465770965,25.840330547563575,7.7,461.6179743695276
TMTM,54,93,0.015114831965064527,,,,False,False,,36.52655071175583,38.340330547563575,0.2,11.990077256351366
TMTM,54,94,0.07352047852377072,,,,False,False,,45.612787970416065,36.79033054756358,0.1,5.995038628175683
TMTM,54,95,0.07773750137993396,,,,False,False,,46.26883071315565,36.940330547563576,0.05,2.9975193140878416
TMTM,54,85,0.0826427733822842,0.1944236629742358,0.0,0.06966266409337057,True,True,0.19310344827586207,64.17319774168948,74.09033054756358,9.8,587.513785561217
TMTM,54,96,0.2407846338841368,,,,False,True,,109.38448661366,80.49033054756359,2.85,170.85860090300696
TMTM,55,89,0.12127473225410425,0.07372141878517209,0.0,0.1037214187851721,True,True,0.2222222222222222,3.5373626770710667,18.090330547563575,0.45,26.977673826790575
TMTM,55,90,0.07125550071701578,0.062465019494645745,1.1102230246251565e-16,0.45049846018696293,True,True,0.29838709677419356,27.489670461521683,36.04033054756358,5.1000000000000005,305.74697003695985
TMTM,55,76,0.23444145369555383,0.06687442895617443,0.0,0.1773925085904223,True,True,0.7321428571428571,58.17330499103004,30.040330547563578,6.8500000000000005,410.6601460300343
TMTM,55,97,0.143274145968448,,,,False,True,,56.047433031349826,73.24033054756359,1.0,59.950386281756835
TMTM,55,85,0.013313761639494714,0.09595653502177891,0.0,0.1656191991151495,True,True,0.20588235294117646,76.63798194430294,75.04033054756357,2.5,149.8759657043921
TMTM,56,89,0.1537576992121469,0.03248296695804268,0.0,0.13620438574321478,True,True,0.9,3.789406642105947,22.240330547563577,0.5,29.975193140878417
TMTM,56,98,0.11958648572841986,,,,False,True,,19.939952260153195,34.29033054756358,0.8500000000000001,50.957828339493304
TMTM,56,90,0.033036013868478785,0.038219486848537,0.0,0.4887179470355,True,True,0.22549019607843138,31.37600888334612,35.340330547563575,1.1500000000000001,68.94294422402035
TMTM,56,76,0.23451004958340724,6.859588785340283e-05,1.1188966420050406e-16,0.1774611044782757,True,True,0.9090909090909091,57.58153649757244,29.440330547563576,6.800000000000001,407.66262671594643
TMTM,56,99,0.004243180001512788,,,,False,False,,67.63114894738203,68.14033054756356,0.5,29.975193140878417
TMTM,56,85,0.15253275772290137,0.13921899608340665,1.6653345369377348e-16,0.30483819519855615,True,True,0.16037735849056603,88.59426147431174,70.29033054756357,3.6500000000000004,218.81890992841244
TMTM,57,89,0.10104946324099398,0.05270823597115293,1.6653345369377348e-16,0.08349614977206186,True,True,0.7,3.314394958644298,15.440330547563576,0.35000000000000003,20.98263519861489
TMTM,57,90,0.050996259667545965,0.08403227353602476,2.220446049250313e-16,0.5727502205715247,True,True,0.1417910447761194,41.90988170766909,35.79033054756358,6.5,389.6775108314194
TMTM,57,76,0.22514329232525535,0.009366757258151873,1.1102230246251565e-16,0.1680943472201238,True,True,0.41911764705882354,58.10752562659422,31.090330547563575,2.85,170.85860090300696
TMTM,57,100,0.11771434320248465,,,,False,True,,65.01605173186174,50.89033054756358,0.8500000000000001,50.957828339493304
TMTM,57,85,0.15887331033818577,0.006340552615284404,0.0,0.31117874781384053,True,True,0.125,85.00512778814587,65.94033054756358,29.200000000000003,1750.5512794272995
TMTM,58,90,0.0031512839021845688,0.0478449757653614,0.0,0.5249052448061633,True,True,0.3384615384615385,43.71848461582572,43.340330547563575,2.2,131.89084981986502
TMTM,58,101,0.0345178318376871,,,,False,False,,48.68247036808603,44.54033054756358,0.05,2.9975193140878416
TMTM,58,102,0.04283044798704309,,,,False,False,,43.25067678911841,48.39033054756358,5.550000000000001,332.72464386375043
TMTM,58,103,0.12518583749134957,,,,False,False,,68.36263104652552,53.340330547563575,1.1,65.94542490993251
TMTM,58,104,0.13314252873104132,,,,False,True,,86.86743399528852,70.89033054756356,0.7000000000000001,41.96527039722978
TMTM,58,85,0.2950338909858264,0.13616058064764058,0.0,0.44733932846148117,True,True,0.1267123287671233,108.54439746586273,73.14033054756356,3.7,221.81642924250028
ST-MTM,0,0,0.0565881681737153,,,,False,True,,1.230523017559129,-5.560057163286707,0.012489663808699092,2.9975193140878416
ST-MTM,0,1,0.12868939524985018,,,,False,True,,35.36894918056842,19.9262217505864,0.5995038628175706,143.88092707621638
ST-MTM,0,2,0.12211128297323987,,,,False,False,,61.891480490814935,47.23812653402615,0.1498759657043962,35.970231769054095
ST-MTM,0,3,0.3786007708634144,,,,False,True,,55.101275873346914,100.53336837695664,0.1873449571304775,44.962789711317626
ST-MTM,0,4,0.07121192446660914,,,,False,True,,83.2094241755285,74.6639932395354,5.395534765358121,1294.9283436859475
ST-MTM,1,5,0.2134705978142149,,,,False,False,,41.74670861932119,16.130236881615403,0.03822138081216764,5.995038628175683
ST-MTM,1,6,0.216824577194926,,,,False,False,,46.05829939712766,20.03935013373654,0.019110690406080266,2.9975193140878416
ST-MTM,1,7,0.20062124567989514,,,,False,False,,70.66227920883045,46.58772972724304,0.15288552324865634,23.980154512702732
ST-MTM,1,4,0.11904163309061305,0.047829708624003923,0.4253464786619927,0.047829708624003923,True,True,0.5572354211663066,84.31915703415872,70.03416106328515,5.522989527357737,866.2830817713863
ST-MTM,1,8,0.30192588719827607,,,,False,False,,58.042511529796926,94.27361799359005,0.019110690406080266,2.9975193140878416
ST-MTM,1,3,0.42851999588697337,0.049919225023558944,0.42534647866205966,0.049919225023558944,True,True,0.21052631578947367,53.74080104677009,105.16320055320689,0.5924314025885451,92.92309873672309
ST-MTM,2,9,0.2545803780778643,,,,False,False,,61.06095978651825,30.511314417174525,0.5466245477382756,83.93054079445956
ST-MTM,2,10,0.31460411990008513,,,,False,True,,84.48450162283316,46.73200723482295,1.6593959484911949,254.78914169746653
ST-MTM,2,11,0.26669710650598216,,,,False,False,,73.46003047074772,41.45637769002987,0.2147453580400338,32.972712454966256
ST-MTM,2,3,0.3120102795166659,0.11650971637030748,0.021309786586755086,0.06659049134674853,True,True,0.17218543046357615,64.65156985978527,102.09280340178518,2.850256570349586,437.6378198568249
ST-MTM,2,4,0.21963054751293393,0.10058891442232086,0.021309786586737323,0.14841862304632478,True,True,0.12418300653594772,99.46022391609988,73.10455821454781,1.073726790200169,164.86356227483128
ST-MTM,3,10,0.04644539699615748,0.2681587229039276,1.8270276080655157,0.2681587229039276,True,True,0.055994729907773384,55.05519886782721,49.48175122828831,4.767984805987936,4550.234318785344
ST-MTM,3,3,0.17002281030916025,0.14198746920750563,1.8270276080655243,0.20857796055425418,True,True,0.2908366533864542,78.94032217122059,99.34305940831982,1.576764408831309,1504.7546956720964
ST-MTM,4,10,0.03843950714665247,0.00800588984950501,0.6931471805599467,0.2761646127534326,True,True,0.29314888010540185,45.18190054616749,40.569159688569194,2.7954588124698745,1333.8960947690896
ST-MTM,4,12,0.1383743567427259,,,,False,False,,76.09368239221519,59.488759583088076,0.16333017780722514,77.93550216628388
ST-MTM,4,13,0.02021287980825844,,,,False,False,,82.06660315013063,79.64105757313962,0.26384105645783507,125.89581119168935
ST-MTM,4,3,0.23580400526563317,0.0657811949564729,0.6931471805599559,0.14279676559778126,True,True,0.8992395437262357,79.95917031253327,108.25565094440925,3.122119168084339,1489.7670991016573
ST-MTM,5,10,0.09946354297650532,0.061024035829852843,1.3009345121687343,0.2151405769235798,True,False,0.41140529531568226,54.67316522228657,42.73754006510593,5.72181020100065,743.3847898937847
ST-MTM,5,14,0.0658778899872947,,,,False,False,,78.41809438601979,70.51274758754442,0.02307181532660252,2.9975193140878416
ST-MTM,5,15,0.42804785459828626,,,,False,False,,63.115410708357,114.48115326015134,0.2537899685927698,32.972712454966256
ST-MTM,5,3,0.24839340383992656,0.012589398574293397,1.3009345121687432,0.13020736702348787,True,True,0.030181086519114688,76.28006210828728,106.08727056907847,0.3460772298992367,44.962789711317626
ST-MTM,6,16,0.026593347962551053,,,,False,True,,3.05244894298068,-0.13875281252544655,0.08239934045219825,17.985115884527048
ST-MTM,6,17,0.04964337866641729,,,,False,True,,17.719806656454203,11.762601216484128,0.645461500208885,140.88340776212854
ST-MTM,6,10,0.1883120324482744,0.08884848947176908,0.5187937934151692,0.1262920874518107,True,True,0.23469387755102042,65.3349837446904,42.73753985089748,4.902760756905792,1070.1143951293595
ST-MTM,6,18,0.3283532185768524,,,,False,True,,54.14843679804119,93.55082302726348,0.12359901067830492,26.977673826790575
ST-MTM,6,19,0.12651353279244074,,,,False,False,,71.31382335557838,86.49544729067127,0.5905286065740825,128.8933305057772
ST-MTM,7,17,0.1299599159712618,0.0803165373048445,0.6632942174102663,0.0803165373048445,True,True,0.2315270935960591,17.816793119257134,2.221603202705718,5.411697859698785,608.4964207598318
ST-MTM,7,20,0.3089856530608358,,,,False,False,,80.37558285622285,43.29730448892255,0.02665861014629911,2.9975193140878416
ST-MTM,7,10,0.2961951581957453,0.10788312574747091,0.663294217410253,0.01840896170433979,True,False,0.0028011204481792717,80.41067140889419,44.86725242540475,0.02665861014629911,2.9975193140878416
ST-MTM,7,19,0.2046123592097138,0.07809882641727306,0.6632942174102606,0.07809882641727306,True,False,0.5333333333333333,69.35324982765323,93.90673293281888,0.6931238638037769,77.93550216628388
ST-MTM,7,21,0.13481929120185362,,,,False,True,,84.79108102977577,100.9693959739982,0.186610271024108,20.98263519861489
ST-MTM,8,17,0.07801319496204202,0.051946721009219786,0.4938760654522176,0.02836981629562474,True,True,0.18226600985221675,7.9660995259922,-1.3954838694528433,0.6019377460213149,110.90821462125014
ST-MTM,8,22,0.3051673877666032,,,,False,True,,70.21783974400647,106.83792627599885,0.2765659914151968,50.957828339493304
ST-MTM,8,10,0.07338435375574832,0.36957951195149363,0.4938760654522252,0.38798847365583344,True,True,0.025,82.22650965890867,91.03263210959847,0.6507435092122194,119.90077256351367
ST-MTM,8,23,0.1387668600566984,,,,False,True,,39.375031174176044,22.723007967372236,0.17895446503336387,32.972712454966256
ST-MTM,8,19,0.191771576710121,0.3963839359198348,0.49387606545220586,0.3182851095025617,True,True,0.0912280701754386,74.37102959513673,51.358440389922215,4.636547503137152,854.2930045150348
ST-MTM,9,24,0.3404366830992063,,,,False,True,,32.91082458099077,73.76322655289553,0.3231122285324659,65.94542490993251
ST-MTM,9,17,0.24805850753282246,0.32607170249486456,0.10227884912041907,0.2977018861992397,True,True,0.43023255813953487,12.491065996198298,42.258086900136995,1.2630750751723525,257.7866610115544
ST-MTM,9,22,0.2940978532445117,0.011069534522091473,0.10227884912042007,0.011069534522091473,True,True,0.16666666666666666,61.99067722396684,97.28241961330825,1.4980657868323135,305.74697003695985
ST-MTM,9,10,0.17189919439338344,0.09851484063763512,0.10227884912038832,0.48650331429346855,True,True,0.125,82.7541339584819,103.38203728568791,0.07343459739374225,14.987596570439209
ST-MTM,9,25,0.3600115638876123,,,,False,True,,58.295920774870794,15.09453310835732,2.012107968588518,410.6601460300343
ST-MTM,9,19,0.7030006670687325,0.5112290903586116,0.10227884912041785,0.8295141998611733,True,True,0.2807017543859649,89.27105158314973,4.9109715349018135,1.1749535582998636,239.80154512702734
ST-MTM,10,17,0.30219814833516406,0.05413964080234156,0.3268360098713481,0.35184152700158133,True,True,0.6511627906976745,11.254364398671877,47.51814219889156,0.5931652020532141,167.86108158891912
ST-MTM,10,24,0.36035557745417945,0.019918894354973085,0.32683600987134426,0.019918894354973085,True,True,0.5,32.44264450806144,75.68531380256297,0.4660583730418182,131.89084981986502
ST-MTM,10,22,0.3431703768961383,0.04907252365162655,0.3268360098713204,0.03800298912953508,True,True,0.7264957264957265,58.75691445184762,99.93735967938422,1.0592235750950465,299.7519314087842
ST-MTM,10,25,0.2463202234730333,0.11369134041457898,0.32683600987134453,0.11369134041457898,True,True,0.05660377358490566,44.62034788421947,15.061921067455474,0.3283593082794596,92.92309873672309
ST-MTM,10,19,0.733276296568704,0.03027562949997137,0.32683600987133876,0.8597898293611447,True,True,0.21739130434782608,83.09965654955018,-4.893499038694302,3.8979427563497318,1103.0871075843256
ST-MTM,11,17,0.42997656527239037,0.1277784169372263,0.31991556702677504,0.47961994393880764,True,True,0.42857142857142855,6.784022175502117,58.38121000818896,0.3500551290934766,71.94046353810819
ST-MTM,11,24,0.310685415281962,0.04967016217221746,0.3199155670267543,0.029751267817244374,True,True,0.6027397260273972,34.437404965280734,71.71965479911617,1.0647510176593187,218.81890992841244
ST-MTM,11,22,0.24500970574597752,0.09816067115016078,0.3199155670267487,0.06015768202062569,True,True,0.78,58.87976095413413,88.28092564365143,1.1376791695537918,233.80650649885163
ST-MTM,11,26,0.8020014491240951,,,,False,True,,87.1008132889597,-9.13936060593171,0.058342521515580614,11.990077256351366
ST-MTM,11,27,0.3633015672819198,,,,False,False,,64.2254091944722,20.629221120641827,0.7730384100814263,158.8685236466556
ST-MTM,11,19,0.8033244581722514,0.0700481616035474,0.3199155670267651,0.9298379909646921,True,True,0.43107769423558895,96.26446115103408,-0.1344738296360832,2.9608829669156567,608.4964207598318
ST-MTM,12,24,0.027468092126719766,0.28321732315524223,0.2772833652308809,0.3129685909724866,True,True,0.6636363636363637,35.81531295506822,39.111484010274594,1.2158927066726761,329.72712454966256
ST-MTM,12,22,0.06215486116127291,0.1828548445847046,0.2772833652309039,0.2430125266053303,True,True,0.05128205128205128,51.31354585736436,58.77212919671711,0.044214280242641735,11.990077256351366
ST-MTM,12,26,0.21776474283278618,0.5842367062913089,0.27728336523089947,0.5842367062913089,True,True,0.19047619047619047,85.918550058259,59.78678091832466,0.2321249712738762,62.947905595844674
ST-MTM,12,28,0.7863788341503489,,,,False,False,,60.22639662620629,-34.13906347183557,0.1326428407279252,35.970231769054095
ST-MTM,12,19,0.7950316120721186,0.008292846100132782,0.27728336523088254,0.9215451448645593,True,True,0.47540983606557374,88.46014545930751,-6.943647989346721,4.719874415902135,1279.9407471155084
ST-MTM,13,22,0.09590658266293654,0.033751721501663626,0.13203922621987374,0.20926080510366668,True,True,0.13333333333333333,55.5072541904904,67.01604411004278,0.3784144660926074,89.92557942263525
ST-MTM,13,24,0.06622806808702025,0.03875997596030049,0.13203922621983027,0.2742086150121861,True,True,0.6090909090909091,36.59673288386368,44.54410105430611,0.8451256409401395,200.83379404388538
ST-MTM,13,29,0.05050060606398133,,,,False,True,,25.526318647247923,31.586391374925682,1.2739953691784223,302.749450722872
ST-MTM,13,28,0.6595231327964673,0.12685570135388152,0.13203922621985553,0.12685570135388152,True,True,0.12631578947368421,59.57904937083767,-19.563726564738403,1.1983124759599022,284.76433483834495
ST-MTM,13,19,1.1189140663059904,0.32388245423387185,0.1320392262198251,1.2454275990984311,True,True,0.454337899543379,99.07417114529294,-35.19551681142592,2.648901262648195,629.4790559584467
ST-MTM,14,29,0.10110333463009846,0.05060272856611713,0.11579693768475263,0.05060272856611713,True,True,0.4427860696517413,19.63978867012436,31.772188825736176,2.6766910750018766,566.531150362602
ST-MTM,14,24,0.05434835930939451,0.01187970877762575,0.1157969376847576,0.28608832378981186,True,True,0.3684210526315789,40.32934310385439,46.85114622098173,0.8922303583339612,188.84371678753402
ST-MTM,14,22,0.030133103664665897,0.06577347899827064,0.11579693768473642,0.2750342841019373,True,True,0.4838709677419355,58.600770027990954,62.21674246775086,0.8780679716937385,185.84619747344618
ST-MTM,14,19,1.104295574951324,0.014618491354666396,0.11579693768475341,1.2308091077437646,True,True,0.2713178294573643,95.71244958213315,-36.80301941202574,1.6711616235461406,353.70727906236533
ST-MTM,14,28,0.6051024405552983,0.05442069224116895,0.11579693768474542,0.18127639359505057,True,True,0.05825242718446602,56.96252792730303,-15.649764939332773,0.19827341296310053,41.96527039722978
ST-MTM,14,30,1.4500036491829082,,,,False,True,,118.16606706870829,-55.83437083324072,0.02832477328044547,5.995038628175683
ST-MTM,15,29,0.34481180906605535,0.24370847443595692,1.1834511686051354,0.29431120300207403,True,True,0.7673469387755102,19.72764272371289,61.105059811639535,1.0581810037019181,731.3947126374334
ST-MTM,15,22,0.1207929626407451,0.150926066305411,1.1834511686051368,0.4259603504073483,True,True,0.03225806451612903,52.52036568482954,38.02521016794013,0.008673614784441952,5.995038628175683
ST-MTM,15,24,0.12896822231682403,0.18331658162621853,1.1834511686051377,0.46940490541603036,True,False,0.015873015873015872,43.574482636854626,28.09829595883574,0.004336807392220976,2.9975193140878416
ST-MTM,15,31,0.15679024467352415,,,,False,False,,43.609571189525965,24.794741828703067,0.004336807392220976,2.9975193140878416
ST-MTM,15,19,0.8473223491934071,0.2569732257579169,1.1834511686051365,0.9738358819858478,True,True,0.097119341563786,78.48717407160805,-23.191507831600806,5.2692209815484645,3641.9859666167276
ST-MTM,16,29,0.3668915208278715,0.022079711761816185,0.772051324977158,0.3163909147638902,True,True,0.6619318181818182,22.787019059565363,66.81400155890995,3.20053177848132,1022.154086103954
ST-MTM,16,24,0.14210998562381597,0.013141763306991934,0.7720513249771614,0.48254666872302227,True,True,0.030303030303030304,44.67201002656966,27.618811751711743,0.30972888178851576,98.91813736489877
ST-MTM,16,22,0.15621958641491637,0.03542662377417128,0.7720513249770886,0.4613869741815196,True,True,0.2857142857142857,52.10439655473683,33.358046184946865,0.06570006583392285,20.98263519861489
ST-MTM,16,32,0.2927608894012825,,,,False,True,,72.08775731037638,36.95645058222248,0.046928618452810156,14.987596570439209
ST-MTM,16,33,0.9115112272414447,,,,False,False,,70.58223958317053,-38.799107685802845,0.14078585535841626,44.962789711317626
ST-MTM,16,19,1.024539145940286,0.1772167967468789,0.7720513249771613,1.1510526787327267,True,True,0.22633744855967078,99.19089612280418,-23.75380139003015,2.5810740149042886,824.3178113741565
ST-MTM,17,29,0.18072383351881768,0.18616768730905386,0.06572265389878784,0.13022322745483636,True,True,0.7084548104956269,20.387559680596766,42.07441970285489,2.4557086218494817,734.3922319515211
ST-MTM,17,24,0.007177998089217219,0.13493198753459876,0.06572265389878562,0.3476146811884236,True,True,0.12307692307692308,58.44835085777223,57.58699108706617,1.8643338925061386,557.5385924203385
ST-MTM,17,34,0.8085628765904171,,,,False,False,,86.02096464898506,-11.006580541865002,1.272959163162792,380.68495288915585
ST-MTM,17,19,1.1227476557489455,0.09820850980865957,0.06572265389878362,1.2492611885413862,True,True,0.2727272727272727,105.74731981725687,-28.98239887261661,0.751747537300858,224.81394855658812
ST-MTM,18,29,0.30294042413647804,0.4836642576552957,0.41021571086676034,0.35344103020045936,True,True,0.6032388663967612,15.485447979053857,-20.867402917323503,2.2810884081850205,452.6254164272641
ST-MTM,18,35,0.38273779137090197,,,,False,True,,31.41856298052445,77.34709794503269,0.060426182998270406,11.990077256351366
ST-MTM,18,24,0.12292991449693234,0.13010791258614957,0.410215710866751,0.217506768602274,True,True,0.3548387096774194,55.28176273612375,70.03335247575563,0.9970320194715896,197.83627472979754
ST-MTM,18,36,0.5198202234490289,,,,False,True,,50.01402434514781,-12.364402468735651,1.1027778397185877,218.81890992841244
ST-MTM,18,37,0.5639733437239339,,,,False,True,,102.36995533401142,34.69315408713935,1.0876712939690236,215.8213906143246
ST-MTM,18,19,0.7304030492765995,0.3923446064723461,0.4102157108667678,0.8569165820690402,True,True,0.6538461538461539,109.16142641519257,21.513060502000624,0.8157534704767642,161.86604296074344
ST-MTM,19,29,0.44089196368521383,0.1379515395487358,0.2077881632310219,0.4913925697491951,True,True,0.48344370860927155,11.007738068629074,-41.899297573596584,0.8958736802355958,218.81890992841244
ST-MTM,19,24,0.519485723267627,0.6424156377645593,0.20778816323100768,0.8599224063668333,True,True,0.5303030303030303,55.28383982544791,-7.054446966667326,0.42952847682528805,104.91317599307446
ST-MTM,19,38,0.4637642657104231,,,,False,False,,58.73407349012977,3.0823616048789897,0.503161929995338,122.89829187760151
ST-MTM,19,39,0.5147331486303746,,,,False,False,,76.43526491842063,14.667287082775685,0.20862811731513986,50.957828339493304
ST-MTM,19,36,0.014909345471810316,0.5049108779772185,0.20778816323101545,0.5049108779772186,True,True,0.2857142857142857,61.38774619911608,59.59862474249884,2.6385320719267753,644.4666525288859
ST-MTM,19,19,0.44468705579633216,0.2857159934802674,0.20778816323101879,0.571200588588773,True,True,0.39705882352941174,101.03217209111382,47.66972539555396,1.6690249385211189,407.66262671594643
ST-MTM,20,29,0.46337191577520176,0.022479952089987907,0.024834132037731993,0.5138725218391831,True,True,0.48120300751879697,17.11752602927039,-38.487103863753816,1.4844318917690345,371.69239494689236
ST-MTM,20,24,0.5578046383902265,0.038318915122599564,0.024834132037736545,0.8982413214894329,True,True,0.11784511784511785,54.48551784622239,-12.451038760604794,3.555453805285513,890.263236284089
ST-MTM,20,40,0.6354284784408992,,,,False,True,,85.72255758536441,9.471140172456497,0.3591367480086376,89.92557942263525
ST-MTM,20,36,0.05017739895887452,0.06508674443068484,0.02483413203775897,0.5699976224079034,True,False,0.22325581395348837,62.18614887608524,68.20743675115018,0.5746187968138088,143.88092707621638
ST-MTM,20,41,0.23578334547371796,,,,False,False,,80.41664527013306,52.122643813286906,0.2154820488051854,53.95534765358115
ST-MTM,20,19,0.586474322034835,0.14178726623850277,0.02483413203777962,0.7129878548272757,True,True,0.09558823529411764,111.42223012604806,41.04531148186787,0.15562592413706966,38.96775108314194
ST-MTM,21,24,0.523358482745133,0.034446155645093575,0.3838495176322241,0.8637951658443394,True,True,0.8552188552188552,55.19301625477747,-7.6100016746384895,2.071421980159503,761.3699057783117
ST-MTM,21,29,0.44116290936759495,0.022209006407606768,0.3838495176322241,0.4916635154315763,True,True,0.4301675977653631,26.25931783960182,-26.680231284509574,1.0764870133112368,395.6725494595951
ST-MTM,21,36,0.03953575174431947,0.01064164721455505,0.3838495176322049,0.5593559751933483,True,True,0.26717557251908397,57.789505608503816,62.53379581782215,0.9623141482630757,353.70727906236533
ST-MTM,21,41,0.47214615285994993,0.23636280738623197,0.3838495176322372,0.23636280738623197,True,True,0.050359712230215826,97.80591342459839,41.148375081404396,2.2345260730854477,821.3202920600686
ST-MTM,22,24,0.6059257337236318,0.08256725097849883,0.41061975869682943,0.9463624168228381,True,True,0.5287356321839081,59.958700887286085,-12.752387159549732,1.782923713466655,434.640300542737
ST-MTM,22,36,0.007202755477989934,0.046738507222309406,0.4106197586968322,0.5126174679710389,True,False,0.23397435897435898,69.29791191071207,68.43358125335328,3.2830388379006763,800.3376568614538
ST-MTM,22,41,0.5601434700726331,0.08799731721268315,0.41061975869682443,0.3243601245989151,True,True,0.3695652173913043,107.6081915395005,40.390975130784526,1.278786663451939,311.74200866513553
ST-MTM,23,42,0.9750392524669639,,,,False,True,,6.033387067369355,123.03809736340503,0.48255839098624165,80.93302148037172
ST-MTM,23,24,0.5202670693238302,0.08565866439980162,0.3739889760061461,0.8607037524230365,True,True,0.5655172413793104,60.481008560540495,-1.951039758319128,1.4655477059582522,245.79658375520302
ST-MTM,23,36,0.22309589046614425,0.21589313498815432,0.3739889760061428,0.29672433298288464,True,False,0.32193732193732194,82.27319499015464,55.501688134217325,3.5208890008997002,590.5113048753047
ST-MTM,23,43,0.2850447408541597,,,,False,True,,51.76255199893097,85.96792090143013,0.8578815839755691,143.88092707621638
ST-MTM,23,41,0.4845471560147766,0.07559631405785645,0.37398897600612546,0.24876381054105867,True,True,0.009615384615384616,100.66717957046308,42.52152084868988,0.01787253299949043,2.9975193140878416
ST-MTM,24,24,0.5438052410060759,0.023538171682245576,0.09446546625276109,0.8842419241052821,True,True,0.1951219512195122,57.84187008628693,-7.414758834442161,0.3142909827774254,47.960309025405465
ST-MTM,24,44,0.2500245427472325,,,,False,False,,61.79198077205235,31.789035642384448,1.2178775582625185,185.84619747344618
ST-MTM,24,45,0.24339943605257536,,,,False,False,,55.76216721421242,84.97009954052146,0.21607505065946953,32.972712454966256
ST-MTM,24,43,0.31527784712223306,0.030233106268073347,0.09446546625272667,0.030233106268073347,True,False,0.10204081632653061,54.853565783782535,92.6869074384505,0.11785911854153142,17.985115884527048
ST-MTM,24,36,0.377075675227353,0.1539797847612088,0.09446546625276125,0.14274454822167584,True,True,0.24633431085043989,99.49550191031348,54.246420883031114,4.4786465045783075,683.4344036120278
ST-MTM,25,46,1.0138525237049667,,,,False,True,,18.126000602071734,139.78830344666775,0.1000749087510826,14.987596570439209
ST-MTM,25,47,0.8918328575358053,,,,False,True,,18.05742431374152,125.07736721803816,0.280209744503054,41.96527039722978
ST-MTM,25,48,0.1340365660102415,,,,False,False,,64.61674799383276,48.53236007260378,0.020014981750222205,2.9975193140878416
ST-MTM,25,49,0.08233714206077991,,,,False,False,,68.76310330680897,78.64356035410256,2.9021723537816797,434.640300542737
ST-MTM,25,43,0.30503249933886667,0.010245347783366417,0.018750549345396328,0.01998775848470693,True,False,0.125,57.76467810796857,94.36857802863257,0.6004494525065525,89.92557942263525
ST-MTM,25,36,0.4396376966383736,0.06256202141102053,0.0187505493453739,0.0801825268106553,True,True,0.5350877192982456,105.32127432832998,52.56475073172515,2.4418277735266543,365.6973563187167
ST-MTM,26,47,0.9106463665372734,0.01881350900146801,0.427306850023236,0.01881350900146804,True,True,0.20930232558139536,24.621821009339985,133.8993849938128,0.4960915023932557,113.90573393533798
ST-MTM,26,49,0.11131775950219662,0.19365490156297654,0.4273068500232131,0.19365490156297654,True,False,0.2367758186397985,83.7031834556152,70.34505231535161,4.5170436796861395,1037.1416826743932
ST-MTM,26,43,0.3878562926762305,0.08282379333736388,0.42730685002321167,0.10281155182207082,True,True,0.410958904109589,57.55397282328866,104.09672794443632,0.9530178861765535,218.81890992841244
ST-MTM,26,36,0.5909875567610655,0.15134986012269186,0.42730685002323066,0.07116733331203662,True,True,0.23770491803278687,113.23159789022556,42.313091078897706,0.37859614656328233,86.9280601085474
ST-MTM,27,47,0.9284346447603736,0.01778827822310018,0.7568629949461199,0.03660178722456824,True,True,0.44,26.959966485522507,138.37212385676733,0.9461468127362309,101.91565667898661
ST-MTM,27,50,0.19725192528176622,,,,False,False,,70.98030837312184,94.65053940693379,2.3931948792739206,257.7866610115544
ST-MTM,27,49,0.2746165437178009,0.16329878421560431,0.7568629949460528,0.35695368577858083,True,True,0.24043715846994534,98.82629869853318,65.87231345239707,3.005407522809122,323.7320859214869
ST-MTM,28,51,1.3837894697809745,,,,False,True,,1.8514772076273829,167.90621358134433,0.01701005151426216,5.995038628175683
ST-MTM,28,52,1.1786532137667571,,,,False,True,,13.089790793195451,154.5281764452063,0.11907036059983511,41.96527039722978
ST-MTM,28,49,0.1328910828421603,0.1417254608756406,1.185379971249319,0.21522822490294022,True,True,0.17073170731707318,81.81924338695823,65.872313445899,5.205075763363794,1834.481820221759
ST-MTM,28,53,0.35369391551829804,,,,False,True,,62.681254389645176,105.12452425184094,0.21262564392824856,74.93798285219604
ST-MTM,28,54,0.10950257449273479,,,,False,True,,90.88095672536363,77.74064778623546,0.7909673954131335,278.7692962101693
ST-MTM,29,51,1.3568169066542606,0.026972563126713867,0.39214933213243786,0.026972563126713804,True,True,0.18181818181818182,3.9082426172466787,166.72627141575796,0.13847666937107306,32.972712454966256
ST-MTM,29,55,0.44065243374321494,,,,False,False,,60.04553989199102,112.92383194117681,2.0267948880672577,482.6006095681425
ST-MTM,29,49,0.1296672919677486,0.0032237908744117286,0.39214933213238745,0.2120044340285285,True,True,0.2016260162601626,94.75371125559118,79.19363621946135,1.5987760918294498,380.68495288915585
ST-MTM,29,54,0.23703254143871805,0.12752996694598326,0.39214933213238434,0.12752996694598326,True,True,0.45365853658536587,94.04317312395835,65.59926815131219,2.580701565551493,614.4914593880076
ST-MTM,30,51,1.2110677521241682,0.14574915453009255,0.24622535877328777,0.17272171765680636,True,True,0.4230769230769231,6.591609788070678,151.91974004297086,0.41868903448045103,77.93550216628388
ST-MTM,30,55,0.6207193552487204,0.18006692150550538,0.24622535877343937,0.18006692150550538,True,True,0.29375,48.444677981141595,122.93100061098804,4.0741663739829335,758.372386464224
ST-MTM,30,56,0.01508371754193026,,,,False,True,,41.77223900549653,43.58228511052816,0.14493081962784515,26.977673826790575
ST-MTM,30,57,0.07491700093690395,,,,False,False,,73.2688807524993,64.27884064007083,0.14493081962785936,26.977673826790575
ST-MTM,30,58,0.21251230154840262,,,,False,True,,113.29757605259337,87.79609986678506,0.49920615649594424,92.92309873672309
ST-MTM,30,54,0.16372931889673956,0.0733032225419785,0.2462253587734441,0.054226744404004754,True,True,0.2904761904761905,90.046149132341,70.39863086473225,1.0628260106042546,197.83627472979754
ST-MTM,31,51,1.235625422640765,0.02455767051659691,0.42722328863682857,0.14816404714020948,True,True,0.9615384615384616,6.410046119354308,154.68509683624612,0.2626137920041174,74.93798285219604
ST-MTM,31,55,0.6602616951244715,0.039542339875751155,0.42722328863688136,0.21960926138125653,True,True,0.46335078534031415,46.90893527664559,126.14033869158217,3.214392814130292,917.2409101108796
ST-MTM,31,56,0.4080332629654893,0.3929495454235591,0.42722328863683967,0.3929495454235591,True,True,0.10465116279069768,44.15506788691011,93.11905944276883,0.9033914444941331,257.7866610115544
ST-MTM,31,54,0.2743979027342794,0.11066858383753982,0.42722328863689407,0.16489532824154457,True,True,0.2631578947368421,92.9449971035459,60.01724877543238,1.827791992348594,521.5683606512845
ST-MTM,31,58,0.600818166460063,0.38830586491166036,0.4272232886369015,0.38830586491166036,True,True,0.3333333333333333,114.76419272518244,42.66601274997488,0.13655917184213706,38.96775108314194
ST-MTM,32,51,1.2051976800592357,0.030427742581529294,0.7217089030551163,0.17859178972173878,True,True,0.65625,6.12797943276253,150.75170103987082,0.1429227484561011,83.93054079445956
ST-MTM,32,55,0.7311820377505963,0.07092034262612484,0.7217089000018091,0.29052960400738137,True,True,0.584375,42.066814653478374,129.80865918354993,1.0259811616924708,602.5013821316561
ST-MTM,32,56,0.1491493734820961,0.25888388948339325,0.721708908595959,0.13406565594016584,True,True,0.6571428571428571,44.72703869244431,62.62496351029584,0.449185778373149,263.78169963973005
ST-MTM,32,54,0.06315504277218231,0.3375529455064617,0.7217088903464612,0.1726576172649171,True,True,0.19141914191419143,83.1978171833542,90.77642231601608,4.63988499991639,2724.745056505848
ST-MTM,32,59,0.019842401846381877,,,,False,True,,65.01605173186174,62.63496351029591,0.08677452638112726,50.957828339493304
ST-MTM,33,51,1.319725097403313,0.1145274173440772,0.3835824063369848,0.06406437237766151,True,True,0.14285714285714285,2.4636592595278106,160.83067094792537,0.02996339652804636,11.990077256351366
ST-MTM,33,55,0.5537183053419937,0.17746373240860264,0.38358240328456045,0.1130658715987788,True,False,0.24172185430463577,55.13479330667885,121.5809899477181,1.303407748971125,521.5683606512845
ST-MTM,33,56,0.07476553305422169,0.07438384042787441,0.38358241187871944,0.05968181551229144,True,True,0.3651452282157676,54.01964820531107,62.991512171817675,1.8052946408163422,722.4021546951698
ST-MTM,33,54,0.05707694135376495,0.12023198412594725,0.3835823936292243,0.05242563313896985,True,True,0.47084708470847086,95.40780594472335,88.55857298227156,3.2060834285037174,1282.9382664295963
ST-MTM,34,60,1.149956730795379,,,,False,True,,21.1430501707347,159.1378578661802,0.023987709696882575,5.995038628175683
ST-MTM,34,55,0.569851619798437,0.016133314456443414,0.47071226279394685,0.1291991860552221,True,False,0.034482758620689655,59.06324883588977,127.44544321170223,0.07196312909059088,17.985115884527048
ST-MTM,34,61,0.4228841872519007,,,,False,False,,70.06641965815328,120.81252212838136,0.20389553242330294,50.957828339493304
ST-MTM,34,56,0.0391885964001009,0.03557693665412079,0.4707122627937543,0.024104878858170645,True,True,0.6314363143631436,56.54217130480962,61.24480287282173,4.329781600283084,1082.1044723857108
ST-MTM,34,54,0.1713006910343315,0.11422374968056653,0.47071226279374956,0.06179811654159669,True,True,0.3187066974595843,104.99691064593095,84.44082772181117,1.7151212433254273,428.64526191456133
ST-MTM,35,62,1.2499798119148218,,,,False,True,,14.676416378048467,164.67399380782706,0.10647654161095943,50.957828339493304
ST-MTM,35,61,0.5967483827167364,0.1738641954648357,0.649683072390375,0.1738641954648357,True,True,0.02373887240356083,58.59105726998152,130.20086319598988,2.054370920494307,983.1863350208121
ST-MTM,35,63,0.05030301506720439,,,,False,True,,95.04155911916628,101.0779209272308,0.10647654161098785,50.957828339493304
ST-MTM,35,56,0.03135227673061157,0.07054087313071247,0.6496830723903848,0.04643599427254183,True,True,0.6224137931034482,59.92307332758496,56.16080011991157,3.6327290667277055,1738.561202170948
ST-MTM,35,54,0.2479695183867065,0.07666882735237503,0.6496830723903879,0.1384669438939717,True,True,0.4965034965034965,109.89283204891493,80.13648984251014,0.4446961443752855,212.82387130023676
ST-MTM,36,62,0.9501253601469017,0.2998544517679199,0.22240345013353413,0.29985445176791997,True,True,0.2328767123287671,19.948940059561412,133.9639832771896,0.5711056629862128,218.81890992841244
ST-MTM,36,64,0.9377634984210406,,,,False,True,,55.53741525349251,168.06903506401738,0.007823365246395042,2.9975193140878416
ST-MTM,36,61,0.7879904563780186,0.1912420736612822,0.22240345013325924,0.3651062691261179,True,False,0.21646341463414634,58.58712220640426,153.1459769717665,0.5554589324934227,212.82387130023676
ST-MTM,36,56,0.14741963093808141,0.17877190766869297,0.22240345013327045,0.13233591339615114,True,True,0.7168508287292817,67.08808393392995,84.77843964649972,5.186891158354086,1987.355305240239
ST-MTM,36,54,0.48565758409288995,0.23768806570618342,0.22240345013318885,0.37615500960015513,True,True,0.04225352112676056,117.56265715497568,59.28374706382889,0.023470095739156704,8.992557942263524
ST-MTM,37,62,1.1657950865820934,0.21566972643519178,1.425268495551642,0.08418472533272829,True,True,0.5132743362831859,23.93459977358051,163.83001016343172,3.188643195139946,293.7568927806085
ST-MTM,37,64,0.8103783342656281,0.12738516415541248,1.425268495550609,0.12738516415541254,True,True,0.07692307692307693,57.5165837501197,154.76198386199508,0.4229832809879781,38.96775108314194
ST-MTM,37,61,0.7530253328674649,0.034965123510553656,1.4252684955516748,0.33014114561556424,True,False,0.1267605633802817,57.042072752031146,147.40511269612693,0.2928345791455058,26.977673826790575
ST-MTM,37,65,0.08364598519450564,,,,False,True,,50.24496738816831,60.28248561150899,0.1952230527636658,17.985115884527048
ST-MTM,37,56,0.09718939247832085,0.05023023845976056,1.425268495551671,0.0821056749363906,True,False,0.08748114630467571,62.29760154148144,73.96032863887994,1.8871561767154788,173.8561202170948
ST-MTM,37,66,0.08073609750708985,,,,False,True,,100.21876639156538,90.5304346907146,0.35790893006671354,32.972712454966256
ST-MTM,38,62,1.2144679513573287,0.04867286477523534,0.626897795018726,0.03551186055749298,True,True,0.25510204081632654,19.594685165167153,165.3308393280466,0.43457186402872594,74.93798285219604
ST-MTM,38,64,0.7113383149939255,0.09904001927170256,0.626897795018805,0.2264251834271151,True,True,0.04377104377104377,63.80820286244252,149.1688006617136,5.1627137446611755,890.263236284089
ST-MTM,38,67,0.2435385410688865,,,,False,False,,67.98561689913296,97.21024182739934,0.27812599297837437,47.960309025405465
ST-MTM,38,56,0.17607724962208735,0.0788878571437665,0.6268977950188246,0.1609935320801571,True,False,0.07936507936507936,56.923413084010065,78.05268303866055,0.17382874561147332,29.975193140878417
ST-MTM,38,68,0.14278068315168635,,,,False,False,,71.20488672378809,88.33856870199045,0.29550886753952454,50.957828339493304
ST-MTM,39,69,1.4253650738281853,,,,False,True,,1.83393293129172,172.87774179067395,0.12201440797730356,5.995038628175683
ST-MTM,39,62,1.1580246071008038,0.056443344256524926,1.2555064544410763,0.09195520481401781,True,True,0.3870967741935484,19.766283529955388,158.72923638205185,1.0981296717956184,53.95534765358115
ST-MTM,39,70,0.03652977478787385,,,,False,False,,79.56063444264898,83.94420741719384,3.599425035330171,176.85363953118267
ST-MTM,39,68,0.2449314263893168,0.10215074323763046,1.2555064544411358,0.10215074323763046,True,False,0.13513513513513514,65.54840113360765,94.94017230032567,1.5251800997161808,74.93798285219604
ST-MTM,40,69,1.3187963285846596,0.1065687452435258,3.102774067380234,0.10656874524352583,True,True,0.4,2.706777652654412,160.96233708281355,0.013703562019031779,14.987596570439209
ST-MTM,40,70,0.2834159594715722,0.24688618468369838,3.1027740673789648,0.24688618468369838,True,True,0.02554112554112554,61.84969698846556,95.85961212505423,6.3310456528002135,6924.269615542914
ST-MTM,41,71,0.8287327053430874,,,,False,True,,28.83923744854855,128.28716208971903,0.9151080598297057,89.92557942263525
ST-MTM,41,72,0.26593950321118487,,,,False,False,,81.18622651595793,49.273486130615744,0.45755402991484573,44.962789711317626
ST-MTM,41,73,0.10122486644272553,,,,False,False,,66.08141628154368,78.22840025467075,1.647194507693456,161.86604296074344
ST-MTM,41,70,0.16853718824859942,0.11487877122297281,2.409626886819013,0.13200741346072556,True,False,0.047186147186147186,75.63514953508637,95.8596121249183,3.324892617381238,326.72960523557475
ST-MTM,42,74,0.02192541458893468,,,,False,False,,37.605589351680976,40.23663910235314,0.591860934218218,149.8759657043921
ST-MTM,42,72,0.15874113935876052,0.10719836385242433,0.9465960813694743,0.10719836385242433,True,False,0.03546099290780142,77.78088434508078,58.731947622029516,5.007143503486091,1267.950669859157
ST-MTM,42,70,0.06550183225976708,0.10303535598883234,0.9465960813694811,0.02897205747189323,True,False,0.3853211009174312,78.54093127089665,86.4011511420687,0.49716318474330023,125.89581119168935
ST-MTM,42,75,0.47513951322169296,,,,False,True,,55.30381497534352,112.32055656194667,0.24858159237166433,62.947905595844674
ST-MTM,43,76,0.2370493083830682,,,,False,True,,33.33620396017936,4.890286954211177,0.9559422150327688,338.7196824919261
ST-MTM,43,77,0.2717893881570305,,,,False,False,,60.61563431106041,28.000907732216746,0.033838662479034554,11.990077256351366
ST-MTM,43,72,0.30746406587002034,0.14872292651125985,0.3359390454595557,0.04152456265883551,True,True,0.259927797833935,93.21080413129272,56.315116226890275,2.3264080454337233,824.3178113741565
ST-MTM,43,70,0.16437930077329313,0.09887746851352605,0.3359390454595528,0.12784952598541927,True,True,0.0582010582010582,69.09246644441276,88.81798253720794,3.028560291873731,1073.1119144434472
ST-MTM,44,78,0.27986640961764386,,,,False,True,,19.13322392392162,-14.450745230195645,0.5297210882916659,266.7792189538179
ST-MTM,44,76,0.35985778203232627,0.12280847364925811,0.3515953981954335,0.1228084736492581,True,True,0.05161290322580645,56.02764592293577,12.844712079056611,2.2379227999737736,1127.0672620970283
ST-MTM,44,72,0.38730376985616616,0.07983970398614577,0.3515953981954332,0.12136426664498128,True,True,0.2896551724137931,101.82170156065514,55.34524917791521,0.589240311695221,296.7544120946963
ST-MTM,44,70,0.11189938593685807,0.052479914836435056,0.351595398195431,0.07536961114898423,True,True,0.7131474103585658,68.40549814889496,81.83342446131793,2.987865014858613,1504.7546956720964
ST-MTM,45,78,0.35187362406003075,0.07200721444238689,0.09231280026534983,0.0720072144423869,True,True,0.7606837606837606,21.254254858963286,-20.970580028240406,0.7637198128949123,350.70975974827746
ST-MTM,45,79,0.42956769442898823,,,,False,True,,57.43536637636861,5.8872430448900275,0.039165118609995275,17.985115884527048
ST-MTM,45,76,0.4047043222671931,0.04484654023486677,0.09231280026535382,0.1676550138841249,True,True,0.21779859484777517,70.31720561704081,21.752686944977643,0.9399628466398937,431.6427812286492
ST-MTM,45,72,0.37614784046813365,0.011155929388032485,0.0923128002653461,0.1102083372569488,True,True,0.5098039215686274,100.71061528632617,55.57287443015014,0.35901358725828914,164.86356227483128
ST-MTM,45,70,0.07751278818360442,0.03438659775325365,0.09231280026534816,0.04098301339573058,True,True,0.7219730941704036,69.91612453935683,79.21765912138936,4.242887849416178,1948.387554157097
ST-MTM,46,78,0.3627636416136744,0.010890017553643657,1.142783506981245,0.08289723199603057,True,True,0.8111888111888111,21.382423925768805,-22.149213067872125,2.9063044790462413,425.6477426004735
ST-MTM,46,79,0.46979348987909497,0.04022579545010677,1.1427835069812515,0.04022579545010677,True,True,0.2222222222222222,56.04821402661564,-0.3270047588757596,0.10233466475514941,14.987596570439209
ST-MTM,46,80,0.4732465677789446,,,,False,False,,64.69868259154127,7.909094458067918,0.32747092721647864,47.960309025405465
ST-MTM,46,76,0.47973868414865706,0.075034361881464,1.1427835069812433,0.24268937576558886,True,True,0.055865921787709494,85.84995041116433,28.28130831332548,0.9210119827963439,134.88836913395286
ST-MTM,46,81,0.29827905050925596,,,,False,True,,57.627379998461194,93.4208660595719,0.7163426532860342,104.91317599307446
ST-MTM,46,70,0.029386099986529027,0.0481266881970754,1.1427835069812422,0.00714367480134482,True,True,0.10307692307692308,76.55558658966757,80.08191858805105,1.3712845077189968,200.83379404388538
ST-MTM,47,78,0.1833992467975883,0.17936439481608613,0.4140304709670777,0.09646716282005556,True,True,0.035211267605633804,16.450488264689007,-5.55742135102159,0.06764124962493945,14.987596570439209
ST-MTM,47,76,0.34513995860962926,0.13459872553902785,0.41403047096708656,0.10809065022656104,True,True,0.09146341463414634,62.68368589649408,21.266890863338574,4.234342226521171,938.2235453094944
ST-MTM,47,82,0.1790994634509098,,,,False,False,,24.314489371151517,2.8225537570423422,0.06764124962493856,14.987596570439209
ST-MTM,47,83,0.12535482292330602,,,,False,False,,63.10134538745827,78.14392413825499,0.7169972460243628,158.8685236466556
ST-MTM,47,81,0.2994452215915095,0.001166171082253579,0.4140304709670358,0.001166171082253579,True,True,0.45714285714285713,55.03908707334769,90.97251366432883,0.21645199879981192,47.960309025405465
ST-MTM,47,70,0.10386745807218437,0.1332535580587134,0.41403047096708934,0.1403972328600582,True,True,0.38461538461538464,85.41699201047544,72.95289704181332,1.0416752442240522,230.8089871847638
ST-MTM,48,78,0.17832566584477041,0.005073580952817891,0.5138062519041369,0.10154074377287345,True,True,0.02857142857142857,17.843529023754947,-3.5555508776175033,1.4162386640221576,524.5658799653722
ST-MTM,48,76,0.3542060423143161,0.00906608370468686,0.5138062519041273,0.11715673393124794,True,True,0.7685459940652819,63.84545897292164,21.34073389520371,2.2902602395329765,848.2979658868592
ST-MTM,48,81,0.2920889355043528,0.007356286087156742,0.5138062519041657,0.0061901150049031625,True,True,0.1797752808988764,54.81490393915374,89.86557619967607,0.7202585205598382,266.7792189538179
ST-MTM,48,70,0.11384408022962032,0.009976622157435954,0.5138062519041231,0.15037385501749417,True,True,0.32489451476793246,85.64541062875129,71.98412100119685,1.917991790704292,710.4120774388184
ST-MTM,49,78,0.1742866137262764,0.004039052118494017,0.35086097407331096,0.10557979589136744,True,True,0.2857142857142857,16.41331703730025,-4.501076609852919,0.5747055448205849,149.8759657043921
ST-MTM,49,76,0.3735560311479245,0.01934998883360842,0.35086097407331235,0.1365067227648563,True,True,0.8996655518394648,64.24470210441451,19.417978366663572,3.27582160547734,854.2930045150348
ST-MTM,49,81,0.31919737973872025,0.02710844423436747,0.35086097407331707,0.020918329229464305,True,True,0.2782608695652174,55.39383544365006,93.69752101229649,2.3562927337644055,614.4914593880076
ST-MTM,49,84,0.026653982523218645,,,,False,True,,84.97852181341567,81.78004391062943,0.05747055448205174,14.987596570439209
ST-MTM,49,70,0.2269423536280384,0.11309827339841808,0.3508609740734774,0.2634721284159122,True,True,0.029535864978902954,98.25353991553273,71.02045748016812,0.08045877627489517,20.98263519861489
ST-MTM,50,76,0.39557079701188397,0.022014765863959458,0.009099243855114014,0.15852148862881574,True,True,0.7578947368421053,64.86388752495733,17.395391883531257,2.5054219934204056,647.4641718429738
ST-MTM,50,85,0.579031338669863,,,,False,True,,52.11367805048499,121.59743869086856,0.03479752768640765,8.992557942263524
ST-MTM,50,86,0.4761400909159381,,,,False,True,,110.07611832148527,52.93930741157269,0.011599175895469216,2.9975193140878416
ST-MTM,50,81,0.18193149391621913,0.13726588582250113,0.009099243855115291,0.1163475565930368,True,True,0.20361990950226244,73.8883280655198,95.7201073354661,3.7929305178170125,980.1888157067242
ST-MTM,51,87,0.032149183738287145,,,,False,True,,21.60402689640268,17.746124847808222,1.6988672760991435,734.3922319515211
ST-MTM,51,76,0.19586594266273483,0.19970485434914917,0.5144752628535423,0.04118336572033338,True,True,0.4954128440366973,60.70827629215015,37.204363172621974,3.023290336241743,1306.918420942299
ST-MTM,51,85,0.403902360376527,0.17512897829333607,0.5144752628539218,0.17512897829333607,True,True,0.020134228187919462,58.122015702724916,106.59029894790815,1.0331886699541712,446.63037779908836
ST-MTM,51,81,0.021350606621002775,0.16058088729521636,0.5144752628535423,0.27692844388825316,True,True,0.23723723723723725,88.35620313482647,90.9182759293468,0.5894029325241945,254.78914169746653
ST-MTM,52,87,0.002510298019853104,0.02963888571843404,0.639262092064963,0.02963888571843404,True,True,0.5669291338582677,21.921485602411554,21.62024984002918,0.5598308130722884,458.6204550554398
ST-MTM,52,76,0.10721979794495837,0.08864614471777645,0.6392620920649599,0.12982951043810984,True,True,0.7607223476297968,58.44729338143728,45.58091762804227,1.2587045731821433,1031.1466440462175
ST-MTM,52,88,0.06134996495034528,,,,False,False,,53.06423825123517,60.4262340452766,0.007318049844087682,5.995038628175683
ST-MTM,52,85,0.19213817115108778,0.21176418922543921,0.6392620920649643,0.3868931675187753,True,True,0.12064777327935222,71.28303919298726,94.33961973111779,4.518895778720747,3701.9363528984845
ST-MTM,53,89,0.011743156137152155,,,,False,True,,1.83393293129172,0.42475419483346144,0.009723753585929917,5.995038628175683
ST-MTM,53,90,0.011777659862927692,,,,False,True,,31.329855239086132,29.91653605553481,0.06806627510150776,41.96527039722978
ST-MTM,53,76,0.13053650990419133,0.023316711959232943,0.284227837583684,0.10651279847887689,True,True,0.7906976744186046,60.518771261807935,44.85439007330498,1.3224304876864608,815.3252534318929
ST-MTM,53,91,0.07240378080906235,,,,False,False,,51.27155278637305,59.96000648346053,0.004861876792958242,2.9975193140878416
ST-MTM,53,92,0.08659363247102168,,,,False,False,,51.30664133904438,61.697877235566985,0.004861876792958242,2.9975193140878416
ST-MTM,53,85,0.15176758334158022,0.04037058780950756,0.28422783758369424,0.4272637553282828,True,True,0.8159806295399515,76.85403729859777,95.0661472995874,4.9348049448594224,3042.482103799159
ST-MTM,54,89,0.05804850623404411,0.046305350096891955,1.0106436226688293,0.046305350096891955,True,True,1.0,1.83393293129172,-5.131887816793573,0.026714736393133265,5.995038628175683
ST-MTM,54,90,0.07634720763031,0.0645695477673823,1.01064350088626,0.0645695477673823,True,True,0.23728813559322035,34.185472800879175,25.023807885241975,0.7880846276224354,176.85363953118267
ST-MTM,54,76,0.06564064970632214,0.06489586019786918,1.010643539292051,0.17140865867674607,True,True,0.5661764705882353,61.998236465770965,54.12135850101231,2.05703453076233,461.6179743695276
ST-MTM,54,93,0.01060461882404417,,,,False,False,,36.52655071175583,35.25399645287053,0.05342946660032055,11.990077256351366
ST-MTM,54,94,0.09807165106531326,,,,False,False,,45.612787970416065,33.84418984257847,0.026714731543307835,5.995038628175683
ST-MTM,54,95,0.09187361883570938,,,,False,False,,46.26883071315565,35.243996452870526,0.01335736726890957,2.9975193140878416
ST-MTM,54,85,0.2672945893567524,0.11552700601517216,1.0106434961088189,0.3117367493131107,True,True,0.19310344827586207,64.17319774168948,96.24854846449976,2.618043835187379,587.513785561217
ST-MTM,54,96,0.049974677634077126,,,,False,True,,109.38448661366,115.38144792974926,0.7613699194414352,170.85860090300696
ST-MTM,55,89,0.2908751018059644,0.3489236080400085,0.4012633143077866,0.30261825794311653,True,True,0.2222222222222222,3.5373626770710667,38.44237489378679,0.1795683740043188,26.977673826790575
ST-MTM,55,90,0.021807121855209596,0.0545400857751004,0.40126343609038173,0.010029461992281904,True,True,0.29838709677419356,27.489670461521683,24.872815838896532,2.0351082387156154,305.74697003695985
ST-MTM,55,76,0.48196801722966714,0.41632736752334504,0.4012633976845708,0.24491870884659897,True,True,0.7321428571428571,58.17330499103004,0.33714292346997665,2.733429693176853,410.6601460300343
ST-MTM,55,97,0.3461230191203267,,,,False,True,,56.047433031349826,97.58219532578903,0.39904083112071476,59.950386281756835
ST-MTM,55,85,0.24976259552858054,0.01753199382817184,0.4012634408677862,0.3292687431412825,True,True,0.20588235294117646,76.63798194430294,106.6094934077326,0.9976020778017585,149.8759657043921
ST-MTM,56,89,0.3327890325638012,0.0419139307578368,0.16734000317833714,0.34453218870095337,True,True,0.9,3.789406642105947,43.72409054976209,0.23586428307878293,29.975193140878417
ST-MTM,56,98,0.09409474815564133,,,,False,True,,19.939952260153195,31.231322038830154,0.4009692812339338,50.957828339493304
ST-MTM,56,90,0.09364860390693991,0.07184148205173031,0.16734000317833098,0.08187094404401221,True,True,0.22549019607843138,31.37600888334612,20.13817641451333,0.5424878510811979,68.94294422402035
ST-MTM,56,76,0.4981646836272074,0.016196666397540256,0.1673400031783378,0.2611153752441392,True,True,0.9090909090909091,57.58153649757244,-2.1982255376924473,3.2077542498714493,407.66262671594643
ST-MTM,56,99,0.24357111959774483,,,,False,False,,67.63114894738203,96.85968329911141,0.23586428307879714,29.975193140878417
ST-MTM,56,85,0.1666960346927219,0.08306656083585864,0.16734000317834413,0.41233530397714113,True,True,0.16037735849056603,88.59426147431174,108.59778563743836,1.7218092664751055,218.81890992841244
ST-MTM,57,89,0.012999678664345612,0.31978935389945556,1.0836307350524803,0.024742834801497766,True,True,0.7,3.314394958644298,4.874356398365771,0.05586571635689985,20.98263519861489
ST-MTM,57,90,0.0022470109735670835,0.09140159293337283,1.0836307350524932,0.009530648889360609,True,True,0.1417910447761194,41.90988170766909,41.64024039084104,1.0375061609138356,389.6775108314194
ST-MTM,57,76,0.2380501272882885,0.26011455633891895,1.0836307350524967,0.0010008189052202947,True,True,0.41911764705882354,58.10752562659422,29.541510351999598,0.4549065474776057,170.85860090300696
ST-MTM,57,100,0.47622062956799405,,,,False,True,,65.01605173186174,122.16252728002102,0.1356738825810453,50.957828339493304
ST-MTM,57,85,0.07667160092814017,0.09002443376458172,1.0836307350524876,0.5023597377417228,True,True,0.125,85.00512778814587,94.20571989952269,4.660796907489868,1750.5512794272995
ST-MTM,58,90,0.1545900741423297,0.15234306316876262,1.0948458058726358,0.142812414279402,True,True,0.3384615384615385,43.71848461582572,25.16767571874616,1.049507388917469,131.89084981986502
ST-MTM,58,101,0.10302026068919261,,,,False,False,,48.68247036808603,36.320039085382916,0.023852440657208263,2.9975193140878416
ST-MTM,58,102,0.042499443927513286,,,,False,False,,43.25067678911841,48.35061006042,2.6476209129508987,332.72464386375043
ST-MTM,58,103,0.03168201127382761,,,,False,False,,68.36263104652552,72.16447239938483,0.5247536944587239,65.94542490993251
ST-MTM,58,104,0.0908241004381131,,,,False,True,,86.86743399528852,97.7663260478621,0.33393416920100094,41.96527039722978
ST-MTM,58,85,0.017782392553565056,0.05888920837457512,1.0948458058726303,0.5612489461162979,True,True,0.1267123287671233,108.54439746586273,110.67828457229054,1.765080608633923,221.81642924250028
RA-MTM,0,0,0.01022833834672462,,,,False,True,,1.230523017559129,0.003122415952174829,0.01248966380869934,2.9975193140878416
RA-MTM,0,1,0.07678766207402302,,,,False,True,,35.36894918056842,44.58346862945118,0.5995038628175683,143.88092707621638
RA-MTM,0,2,0.035665357416964895,,,,False,False,,61.891480490814935,66.17132338085072,0.14987596570439207,35.970231769054095
RA-MTM,0,3,0.09345432874068955,,,,False,True,,55.101275873346914,43.88675642446417,0.1873449571304901,44.962789711317626
RA-MTM,0,4,0.034611790787140606,,,,False,True,,83.2094241755285,87.36283906998537,5.395534765358114,1294.9283436859475
RA-MTM,1,5,0.07835487565971774,,,,False,False,,41.74670861932119,51.14929369848732,0.02497932761739868,5.995038628175683
RA-MTM,1,6,0.07835487565971774,,,,False,False,,46.05829939712766,55.46088447629379,0.01248966380869934,2.9975193140878416
RA-MTM,1,7,0.04826806954483587,,,,False,False,,70.66227920883045,76.45444755421076,0.09991731046959472,23.980154512702732
RA-MTM,1,4,0.044553799528105745,0.009942008740965135,1.6653345369377348e-16,0.009942008740965135,True,True,0.5572354211663066,84.31915703415872,89.66561297753141,3.6095128407141095,866.2830817713863
RA-MTM,1,8,0.07835487565971774,,,,False,False,,58.042511529796926,48.639926450630796,0.01248966380869934,2.9975193140878416
RA-MTM,1,3,0.07835487565971774,0.01509945308097181,2.220446049250313e-16,0.01509945308097181,True,True,0.21052631578947367,53.74080104677009,44.33821596760396,0.38717957806967956,92.92309873672309
RA-MTM,2,9,0.027641293537272738,,,,False,False,,61.06095978651825,64.37791501099098,0.3497105866435815,83.93054079445956
RA-MTM,2,10,0.027641293537272797,,,,False,True,,84.48450162283316,87.8014568473059,1.061621423739444,254.78914169746653
RA-MTM,2,11,0.020329842524327072,,,,False,False,,73.46003047074772,75.89961157366697,0.13738630189569273,32.972712454966256
RA-MTM,2,3,0.027641293537272738,0.05071358212244501,2.220446049250313e-16,0.06581303520341682,True,True,0.17218543046357615,64.65156985978527,61.33461463531254,1.8234909160701036,437.6378198568249
RA-MTM,2,4,0.02764129353727268,0.016912505990833063,2.220446049250313e-16,0.0069704972498679275,True,True,0.12418300653594772,99.46022391609988,102.7771791405726,0.6869315094784637,164.86356227483128
RA-MTM,3,10,0.008333333333333333,0.03597462687060613,0.0,0.03597462687060613,True,True,0.055994729907773384,55.05519886782721,54.05519886782721,18.959309661605598,4550.234318785344
RA-MTM,3,3,0.008333333333333333,0.03597462687060607,0.0,0.10178766207402289,True,True,0.2908366533864542,78.94032217122059,79.94032217122059,6.2698112319670685,1504.7546956720964
RA-MTM,4,10,0.02460021688218183,0.016266883548848494,0.0,0.05224151041945462,True,True,0.29314888010540185,45.18190054616749,42.22987452030567,5.557900394871207,1333.8960947690896
RA-MTM,4,12,0.026210062649248182,,,,False,False,,76.09368239221519,72.9484748743054,0.32473125902618283,77.93550216628388
RA-MTM,4,13,0.016131176687810247,,,,False,False,,82.06660315013063,80.1308619475934,0.5245658799653723,125.89581119168935
RA-MTM,4,3,0.026210062649248182,0.017876729315914847,1.1102230246251565e-16,0.11966439138993774,True,True,0.8992395437262357,79.95917031253327,83.10437783044306,6.207362912923572,1489.7670991016573
RA-MTM,5,10,0.008333333333333333,0.016266883548848494,0.0,0.03597462687060613,True,False,0.41140529531568226,54.67316522228657,53.67316522228657,3.0974366245574365,743.3847898937847
RA-MTM,5,14,0.008333333333333333,,,,False,False,,78.41809438601979,79.41809438601979,0.01248966380869934,2.9975193140878416
RA-MTM,5,15,0.008333333333333274,,,,False,False,,63.115410708357,64.11541070835699,0.13738630189569273,32.972712454966256
RA-MTM,5,3,0.008333333333333333,0.017876729315914847,0.0,0.10178766207402289,True,True,0.030181086519114688,76.28006210828728,77.28006210828728,0.1873449571304901,44.962789711317626
RA-MTM,6,16,0.025280953727230257,,,,False,True,,3.05244894298068,0.018734495713049013,0.07493798285219604,17.985115884527048
RA-MTM,6,17,0.038441580157229066,,,,False,True,,17.719806656454203,13.106817037586715,0.5870141990088689,140.88340776212854
RA-MTM,6,10,0.04053252496565799,0.04886585829899133,1.1102230246251565e-16,0.012891231428385197,True,True,0.23469387755102042,65.3349837446904,70.19888674056936,4.458809979705665,1070.1143951293595
RA-MTM,6,18,0.010716326359024286,,,,False,True,,54.14843679804119,52.862477634958275,0.11240697427829406,26.977673826790575
RA-MTM,6,19,0.02729932430777898,,,,False,False,,71.31382335557838,68.0379044386449,0.5370555437740716,128.8933305057772
RA-MTM,7,17,0.02647611709344796,0.011965463063781101,2.220446049250313e-16,0.011965463063781101,True,True,0.2315270935960591,17.816793119257134,14.639659068043379,2.535401753165966,608.4964207598318
RA-MTM,7,20,0.026981525224340195,,,,False,False,,80.37558285622285,83.61336588314367,0.01248966380869934,2.9975193140878416
RA-MTM,7,10,0.030907827551281977,0.009624697414376016,8.881784197001252e-16,0.0032665340140091816,True,False,0.0028011204481792717,80.41067140889419,84.11961071504803,0.01248966380869934,2.9975193140878416
RA-MTM,7,19,0.030907827551281977,0.0036085032435029993,0.0,0.0036085032435029993,True,False,0.5333333333333333,69.35324982765323,65.64431052149939,0.32473125902618283,77.93550216628388
RA-MTM,7,21,0.030907827551281977,,,,False,True,,84.79108102977577,81.08214172362193,0.08742764666089538,20.98263519861489
RA-MTM,8,17,0.030677864095538267,0.004201747002090291,0.0,0.007763716061690795,True,True,0.18226600985221675,7.9660995259922,4.2847558345276076,0.46211756092187556,110.90821462125014
RA-MTM,8,22,0.03165066445286276,,,,False,True,,70.21783974400647,74.01591947835,0.21232428474788875,50.957828339493304
RA-MTM,8,10,0.03165066445286276,0.0007428369015807827,0.0,0.004009370915589964,True,True,0.025,82.22650965890867,86.0245893932522,0.4995865523479736,119.90077256351367
RA-MTM,8,23,0.03165066445286276,,,,False,True,,39.375031174176044,35.57695143983251,0.13738630189569273,32.972712454966256
RA-MTM,8,19,0.03165066445286276,0.0007428369015807827,4.440892098500626e-16,0.004351340145083782,True,True,0.0912280701754386,74.37102959513673,70.5729498607932,3.559554185479312,854.2930045150348
RA-MTM,9,24,0.12611891929514166,,,,False,True,,32.91082458099077,17.776554265573772,0.27477260379138546,65.94542490993251
RA-MTM,9,17,0.05102257660175295,0.08170044069729121,2.220446049250313e-16,0.08946415675898202,True,True,0.43023255813953487,12.491065996198298,18.613775188408653,1.0741110875481432,257.7866610115544
RA-MTM,9,22,0.12645272526032797,0.09480206080746521,0.0,0.09480206080746521,True,True,0.16666666666666666,61.99067722396684,77.1650042552062,1.2739457084873327,305.74697003695985
RA-MTM,9,10,0.06224291971083638,0.030592255257973613,0.0,0.03460162617356358,True,True,0.125,82.7541339584819,90.22328432378227,0.0624483190434967,14.987596570439209
RA-MTM,9,25,0.04193705182341218,,,,False,True,,58.295920774870794,53.26347455606133,1.7110839417918096,410.6601460300343
RA-MTM,9,19,0.1097860585936612,0.07813539414079844,0.0,0.08248673428588221,True,True,0.2807017543859649,89.27105158314973,76.09672455191038,0.9991731046959472,239.80154512702734
RA-MTM,10,17,0.06540421102455715,0.014381634422804193,1.6653345369377348e-16,0.10384579118178622,True,True,0.6511627906976745,11.254364398671877,19.102869721618735,0.699421173287163,167.86108158891912
RA-MTM,10,24,0.11793346984716825,0.008185449447973408,0.0,0.008185449447973408,True,True,0.5,32.44264450806144,18.290628126401252,0.5495452075827709,131.89084981986502
RA-MTM,10,22,0.11793346984716825,0.008519255413159735,0.0,0.08628280539430548,True,True,0.7264957264957265,58.75691445184762,72.90893083350781,1.248966380869934,299.7519314087842
RA-MTM,10,25,0.011341273025332358,0.03059577879807982,0.0,0.03059577879807982,True,True,0.05660377358490566,44.62034788421947,43.25939512117959,0.38717957806967956,92.92309873672309
RA-MTM,10,19,0.10126680318050157,0.008519255413159618,2.220446049250313e-16,0.0739674788727226,True,True,0.21739130434782608,83.09965654955018,70.94764016788999,4.596196281601356,1103.0871075843256
RA-MTM,11,17,0.0850367528426749,0.019632541818117733,0.0,0.12347833299990395,True,True,0.42857142857142855,6.784022175502117,16.988432516623103,0.29975193140878414,71.94046353810819
RA-MTM,11,24,0.15209872330015492,0.034165253452986676,0.0,0.025979804005013266,True,True,0.6027397260273972,34.437404965280734,16.185558169262144,0.9117454580350518,218.81890992841244
RA-MTM,11,22,0.17213357389456618,0.05420010404739794,0.0,0.1404829094417034,True,True,0.78,58.87976095413413,79.53578982148207,0.9741937770785485,233.80650649885163
RA-MTM,11,26,0.06934217979629978,,,,False,True,,87.1008132889597,78.77975171340373,0.04995865523479736,11.990077256351366
RA-MTM,11,27,0.05581751169020226,,,,False,False,,64.2254091944722,57.527307791647935,0.661952181861065,158.8685236466556
RA-MTM,11,19,0.15546690722789952,0.05420010404739794,0.0,0.12816758292012054,True,True,0.43107769423558895,96.26446115103408,77.60843228368614,2.535401753165966,608.4964207598318
RA-MTM,12,24,0.05980911800351692,0.21190784130367182,0.0,0.18592803729865856,True,True,0.6636363636363637,35.81531295506822,42.99240711549025,1.3738630189569274,329.72712454966256
RA-MTM,12,22,0.07647578467018364,0.24860935856474983,4.440892098500626e-16,0.1081264491230464,True,True,0.05128205128205128,51.31354585736436,42.13645169694232,0.04995865523479736,11.990077256351366
RA-MTM,12,26,0.06516238968101469,0.13450456947731446,0.0,0.13450456947731446,True,True,0.19047619047619047,85.918550058259,93.73803681998076,0.26228293998268615,62.947905595844674
RA-MTM,12,28,0.055063655524755305,,,,False,False,,60.22639662620629,66.83403528917692,0.14987596570439207,35.970231769054095
RA-MTM,12,19,0.003761620371038532,0.15922852759893805,2.220446049250313e-16,0.031060944678817513,True,True,0.47540983606557374,88.46014545930751,88.91153990383214,5.333086446314619,1279.9407471155084
RA-MTM,13,22,0.008333333333333333,0.0681424513368503,0.0,0.039983997786196095,True,True,0.13333333333333333,55.5072541904904,54.5072541904904,0.3746899142609802,89.92557942263525
RA-MTM,13,24,0.008333333333333333,0.06814245133685025,1.6653345369377348e-16,0.11778558596180831,True,True,0.6090909090909091,36.59673288386368,35.59673288386368,0.8368074751828557,200.83379404388538
RA-MTM,13,29,0.008333333333333333,,,,False,True,,25.526318647247923,24.526318647247923,1.2614560446786331,302.749450722872
RA-MTM,13,28,0.008333333333333333,0.046730322191421966,4.440892098500626e-16,0.046730322191421966,True,True,0.12631578947368421,59.57904937083767,60.57904937083767,1.1865180618264373,284.76433483834495
RA-MTM,13,19,0.008333333333333333,0.0045717129622948015,0.0,0.035632657641112314,True,True,0.454337899543379,99.07417114529294,100.07417114529294,2.6228293998268613,629.4790559584467
RA-MTM,14,29,0.018231440471055117,0.009898107137721783,0.0,0.009898107137721783,True,True,0.4427860696517413,19.63978867012436,17.452015813597747,2.360546459844175,566.531150362602
RA-MTM,14,24,0.018231440471055117,0.009898107137721783,1.1796119636642288e-16,0.10788747882408653,True,True,0.3684210526315789,40.32934310385439,38.14157024732778,0.7868488199480584,188.84371678753402
RA-MTM,14,22,0.018231440471055117,0.009898107137721783,2.220446049250313e-16,0.049882104923917876,True,True,0.4838709677419355,58.600770027990954,56.41299717146434,0.7743591561393591,185.84619747344618
RA-MTM,14,19,0.018231440471055176,0.009898107137721842,2.220446049250313e-16,0.04553076477883415,True,True,0.2713178294573643,95.71244958213315,97.90022243865977,1.4737803294265222,353.70727906236533
RA-MTM,14,28,0.018231440471055117,0.009898107137721783,2.220446049250313e-16,0.036832215053700185,True,True,0.05825242718446602,56.96252792730303,59.15030078382964,0.17485529332179076,41.96527039722978
RA-MTM,14,30,0.015230734161561444,,,,False,True,,118.16606706870829,119.99375516809566,0.02497932761739868,5.995038628175683
RA-MTM,15,29,0.010296484496804167,0.00793495597425095,0.0,0.001963151163470833,True,True,0.7673469387755102,19.72764272371289,18.49206458409639,3.047477969322639,731.3947126374334
RA-MTM,15,22,0.00027358321692692774,0.018505023687982045,0.0,0.031377081235935834,True,True,0.03225806451612903,52.52036568482954,52.553195670860774,0.02497932761739868,5.995038628175683
RA-MTM,15,24,0.010296484496804167,0.00793495597425095,0.0,0.11582243479833748,True,False,0.015873015873015872,43.574482636854626,42.338904497238126,0.01248966380869934,2.9975193140878416
RA-MTM,15,31,0.006370182169862441,,,,False,False,,43.609571189525965,42.84514932914247,0.01248966380869934,2.9975193140878416
RA-MTM,15,19,0.010296484496804226,0.00793495597425095,0.0,0.03759580880458321,True,True,0.097119341563786,78.48717407160805,79.72275221122456,15.174941527569699,3641.9859666167276
RA-MTM,16,29,0.027129643895566633,0.016833159398762464,0.0,0.018796310562233298,True,True,0.6619318181818182,22.787019059565363,19.531461792097367,4.258975358766475,1022.154086103954
RA-MTM,16,24,0.10847666287495568,0.11877314737175985,0.0,0.23459558217009732,True,True,0.030303030303030304,44.67201002656966,57.68920957156434,0.4121589056870782,98.91813736489877
RA-MTM,16,22,0.05346490923131704,0.05319132601439011,0.0,0.021814244778454277,True,True,0.2857142857142857,52.10439655473683,58.520185662494875,0.08742764666089538,20.98263519861489
RA-MTM,16,32,0.1251433295416223,,,,False,True,,72.08775731037638,57.0705577653817,0.0624483190434967,14.987596570439209
RA-MTM,16,33,0.11366309473541053,,,,False,False,,70.58223958317053,84.2218109514198,0.1873449571304901,44.962789711317626
RA-MTM,16,19,0.05138078716175431,0.041084302664950084,0.0,0.07868011146953328,True,True,0.22633744855967078,99.19089612280418,105.3565905822147,3.4346575473923187,824.3178113741565
RA-MTM,17,29,0.15794396855234502,0.18507361244791165,0.0,0.16627730188567835,True,True,0.7084548104956269,20.387559680596766,39.34083590687817,3.059967633131338,734.3922319515211
RA-MTM,17,24,0.17461063521901182,0.2830872980939675,0.0,0.04849171592387016,True,True,0.12307692307692308,58.44835085777223,37.495074631490816,2.3230774684180773,557.5385924203385
RA-MTM,17,34,0.02923107072106994,,,,False,False,,86.02096464898506,89.52869313551345,1.586187303704816,380.68495288915585
RA-MTM,17,19,0.02792055357580535,0.02346023358594896,0.0,0.055219877883584324,True,True,0.2727272727272727,105.74731981725687,109.09778624635351,0.9367247856524504,224.81394855658812
RA-MTM,18,29,0.06215453947524039,0.09578942907710464,0.0,0.07048787280857373,True,True,0.6032388663967612,15.485447979053857,22.943992716082704,1.8859392351136004,452.6254164272641
RA-MTM,18,35,0.07882120614190705,,,,False,True,,31.41856298052445,21.960018243495604,0.04995865523479736,11.990077256351366
RA-MTM,18,24,0.0700973913402701,0.10451324387874171,0.0,0.05602152795487155,True,True,0.3548387096774194,55.28176273612375,46.87007577529134,0.8243178113741564,197.83627472979754
RA-MTM,18,36,0.0772797566202934,,,,False,True,,50.01402434514781,59.28759513958302,0.9117454580350518,218.81890992841244
RA-MTM,18,37,0.016969264468513146,,,,False,True,,102.36995533401142,104.406267070233,0.8992557942263525,215.8213906143246
RA-MTM,18,19,0.028335032987462226,0.0004144794116568799,0.0,0.05563435729524121,True,True,0.6538461538461539,109.16142641519257,112.56163037368803,0.6744418456697643,161.86604296074344
RA-MTM,19,29,0.015705737343490626,0.07786027681873102,0.0,0.0073724040101572925,True,True,0.48344370860927155,11.007738068629074,9.123049587410199,0.9117454580350518,218.81890992841244
RA-MTM,19,24,0.06902628728654629,0.0010711040537238147,0.0,0.057092632008595365,True,True,0.5303030303030303,55.28383982544791,47.00068535106236,0.43713823330447693,104.91317599307446
RA-MTM,19,38,0.02792992791092856,,,,False,False,,58.73407349012977,55.38248214081834,0.512076216156673,122.89829187760151
RA-MTM,19,39,0.05946633008420458,,,,False,False,,76.43526491842063,69.29930530831608,0.21232428474788875,50.957828339493304
RA-MTM,19,36,0.07613299675087136,0.001146759869422039,0.0,0.001146759869422039,True,True,0.2857142857142857,61.38774619911608,70.52370580922064,2.685277718870358,644.4666525288859
RA-MTM,19,19,0.03322859589821287,0.004893562910750641,0.0,0.06052792020599185,True,True,0.39705882352941174,101.03217209111382,105.01960359889937,1.69859427798311,407.66262671594643
RA-MTM,20,29,0.02072899797066712,0.005023260627176492,1.1102230246251565e-16,0.012395664637333785,True,True,0.48120300751879697,17.11752602927039,14.630046272790336,1.5487183122787183,371.69239494689236
RA-MTM,20,24,0.060073087725975034,0.008953199560571256,0.0,0.06604583156916662,True,True,0.11784511784511785,54.48551784622239,47.27674731910539,3.709430151183704,890.263236284089
RA-MTM,20,40,0.1024817015192145,,,,False,True,,85.72255758536441,73.42475340305867,0.3746899142609802,89.92557942263525
RA-MTM,20,36,0.09985127476035889,0.023718278009487528,0.0,0.02257151814006549,True,False,0.22325581395348837,62.18614887608524,74.16830184732831,0.5995038628175683,143.88092707621638
RA-MTM,20,41,0.05407767379820652,,,,False,False,,80.41664527013306,86.90596612591784,0.22481394855658812,53.95534765358115
RA-MTM,20,19,0.025600980368209982,0.007627615530002884,0.0,0.05290030467598896,True,True,0.09558823529411764,111.42223012604806,114.49434777023326,0.16236562951309141,38.96775108314194
RA-MTM,21,24,0.008333333333333333,0.051739754392641696,0.0,0.11778558596180831,True,True,0.8552188552188552,55.19301625477747,54.19301625477747,3.172374607409632,761.3699057783117
RA-MTM,21,29,0.008333333333333333,0.012395664637333785,0.0,0.0,True,True,0.4301675977653631,26.25931783960182,25.25931783960182,1.6486356227483128,395.6725494595951
RA-MTM,21,36,0.008333333333333333,0.09151794142702556,2.220446049250313e-16,0.06894642328696007,True,True,0.26717557251908397,57.789505608503816,58.789505608503816,1.4737803294265222,353.70727906236533
RA-MTM,21,41,0.008333333333333333,0.04574434046487319,0.0,0.04574434046487319,True,True,0.050359712230215826,97.80591342459839,98.80591342459839,3.422167883583619,821.3202920600686
RA-MTM,22,24,0.008333333333333333,0.0,0.0,0.11778558596180831,True,True,0.5287356321839081,59.958700887286085,58.958700887286085,1.811001252261404,434.640300542737
RA-MTM,22,36,0.008333333333333333,0.0,2.220446049250313e-16,0.06894642328696007,True,False,0.23397435897435898,69.29791191071207,70.29791191071207,3.3347402369227237,800.3376568614538
RA-MTM,22,41,0.008333333333333333,0.0,0.0,0.04574434046487319,True,True,0.3695652173913043,107.6081915395005,108.6081915395005,1.2989250361047313,311.74200866513553
RA-MTM,23,42,0.021548188065941012,,,,False,True,,6.033387067369355,3.447604499456433,0.33722092283488214,80.93302148037172
RA-MTM,23,24,0.04843487764746778,0.04010154431413445,2.220446049250313e-16,0.07768404164767387,True,True,0.5655172413793104,60.481008560540495,54.66882324284436,1.024152432313346,245.79658375520302
RA-MTM,23,36,0.03635811612224119,0.02802478278890786,1.6653345369377348e-16,0.04092164049805221,True,False,0.32193732193732194,82.27319499015464,86.63616892482358,2.46046377031377,590.5113048753047
RA-MTM,23,43,0.04843487764746778,,,,False,True,,51.76255199893097,57.5747373166271,0.5995038628175683,143.88092707621638
RA-MTM,23,41,0.030579564081966975,0.02224623074863364,0.0,0.02349810971623955,True,True,0.009615384615384616,100.66717957046308,104.33672726029911,0.01248966380869934,2.9975193140878416
RA-MTM,24,24,0.04021141363757372,0.008223464009894066,2.220446049250313e-16,0.08590750565756794,True,True,0.1951219512195122,57.84187008628693,53.016500449778086,0.19983462093918944,47.960309025405465
RA-MTM,24,44,0.04021141363757372,,,,False,False,,61.79198077205235,56.9666111355435,0.7743591561393591,185.84619747344618
RA-MTM,24,45,0.04021141363757372,,,,False,False,,55.76216721421242,60.587536850721264,0.13738630189569273,32.972712454966256
RA-MTM,24,43,0.04021141363757372,0.008223464009894066,0.0,0.008223464009894066,True,False,0.10204081632653061,54.853565783782535,59.67893542029138,0.07493798285219604,17.985115884527048
RA-MTM,24,36,0.03747842685939832,0.0011203107371571264,0.0,0.039801329760895086,True,True,0.24633431085043989,99.49550191031348,103.99291313344128,2.8476433483834493,683.4344036120278
RA-MTM,25,46,0.038423562296482805,,,,False,True,,18.126000602071734,13.515173126493798,0.0624483190434967,14.987596570439209
RA-MTM,25,47,0.007762410957461855,,,,False,True,,18.05742431374152,18.988913628636944,0.17485529332179076,41.96527039722978
RA-MTM,25,48,0.039370269918256776,,,,False,False,,64.61674799383276,59.89231560364195,0.01248966380869934,2.9975193140878416
RA-MTM,25,49,0.030359269947222482,,,,False,False,,68.76310330680897,72.40621570047567,1.811001252261404,434.640300542737
RA-MTM,25,43,0.039370269918256776,0.0008411437193169391,2.220446049250313e-16,0.009064607729211005,True,False,0.125,57.76467810796857,62.489110498159384,0.3746899142609802,89.92557942263525
RA-MTM,25,36,0.017705493018492408,0.01977293384090591,2.220446049250313e-16,0.05957426360180099,True,True,0.5350877192982456,105.32127432832998,107.44593349054907,1.5237389846613194,365.6973563187167
RA-MTM,26,47,0.006010585060029576,0.013772996017491431,2.220446049250313e-16,0.013772996017491431,True,True,0.20930232558139536,24.621821009339985,23.900550802136436,0.4746072247305749,113.90573393533798
RA-MTM,26,49,0.008333333333333333,0.022025936613889147,0.0,0.022025936613889147,True,False,0.2367758186397985,83.7031834556152,84.7031834556152,4.321423677809972,1037.1416826743932
RA-MTM,26,43,0.008333333333333333,0.04770360325159011,0.0,0.05676821098080111,True,True,0.410958904109589,57.55397282328866,56.55397282328866,0.9117454580350518,218.81890992841244
RA-MTM,26,36,0.008333333333333333,0.009372159685159077,0.0,0.06894642328696007,True,True,0.23770491803278687,113.23159789022556,114.23159789022556,0.3622002504522808,86.9280601085474
RA-MTM,27,47,0.0033284149839625837,0.002682170076066992,0.0,0.011090825941424439,True,True,0.44,26.959966485522507,26.560556687446997,0.4246485694957775,101.91565667898661
RA-MTM,27,50,0.0014456798311287618,,,,False,False,,70.98030837312184,70.80682679338639,1.0741110875481432,257.7866610115544
RA-MTM,27,49,0.004912577958926434,0.0034207553744068993,2.220446049250313e-16,0.025446691988296046,True,True,0.24043715846994534,98.82629869853318,99.41580805360435,1.3488836913395286,323.7320859214869
RA-MTM,28,51,0.008333333333333333,,,,False,True,,1.8514772076273829,0.8514772076273829,0.02497932761739868,5.995038628175683
RA-MTM,28,52,0.008333333333333333,,,,False,True,,13.089790793195451,12.089790793195451,0.17485529332179076,41.96527039722978
RA-MTM,28,49,0.008333333333333333,0.0034207553744068993,0.0,0.022025936613889147,True,True,0.17073170731707318,81.81924338695823,82.81924338695823,7.643674250923996,1834.481820221759
RA-MTM,28,53,0.008333333333333333,,,,False,True,,62.681254389645176,61.681254389645176,0.3122415952174835,74.93798285219604
RA-MTM,28,54,0.008333333333333333,,,,False,True,,90.88095672536363,91.88095672536363,1.1615387342090386,278.7692962101693
RA-MTM,29,51,0.0059728899462050365,0.002360443387128297,0.0,0.002360443387128297,True,True,0.18181818181818182,3.9082426172466787,3.1914958237020743,0.13738630189569273,32.972712454966256
RA-MTM,29,55,0.011775433185371753,,,,False,False,,60.04553989199102,58.63248790974641,2.0108358732005938,482.6006095681425
RA-MTM,29,49,0.011775433185371753,0.020108766518705086,0.0,0.04213470313259424,True,True,0.2016260162601626,94.75371125559118,93.34065927334657,1.586187303704816,380.68495288915585
RA-MTM,29,54,0.011775433185371753,0.00344209985203842,0.0,0.00344209985203842,True,True,0.45365853658536587,94.04317312395835,95.45622510620296,2.560381080783365,614.4914593880076
RA-MTM,30,51,0.012335319481030955,0.00636242953482592,0.0,0.004001986147697622,True,True,0.4230769230769231,6.591609788070678,5.111371450346963,0.32473125902618283,77.93550216628388
RA-MTM,30,55,0.04162713314631195,0.0298516999609402,0.0,0.0298516999609402,True,True,0.29375,48.444677981141595,43.44942200358416,3.1598849436009333,758.372386464224
RA-MTM,30,56,0.038550247311154646,,,,False,True,,41.77223900549653,46.39826868283509,0.11240697427829406,26.977673826790575
RA-MTM,30,57,0.017377722898065193,,,,False,False,,73.2688807524993,75.35420750026712,0.11240697427829406,26.977673826790575
RA-MTM,30,58,0.018369997514218993,,,,False,True,,113.29757605259337,115.50197575429965,0.38717957806967956,92.92309873672309
RA-MTM,30,54,0.010866964048091414,0.0009084691372803396,0.0,0.0025336307147580802,True,True,0.2904761904761905,90.046149132341,91.35018481811197,0.8243178113741564,197.83627472979754
RA-MTM,31,51,0.014903016450678493,0.002567696969647537,0.0,0.006569683117345159,True,True,0.9615384615384616,6.410046119354308,4.621684145272889,0.3122415952174835,74.93798285219604
RA-MTM,31,55,0.026991060179116743,0.01463607296719521,0.0,0.01521562699374499,True,True,0.46335078534031415,46.90893527664559,43.670008055151584,3.821837125461998,917.2409101108796
RA-MTM,31,56,0.026991060179116743,0.011559187132037903,0.0,0.011559187132037903,True,True,0.10465116279069768,44.15506788691011,47.39399510840412,1.0741110875481432,257.7866610115544
RA-MTM,31,54,0.01487206036924474,0.004005096321153327,2.220446049250313e-16,0.006538727035911407,True,True,0.2631578947368421,92.9449971035459,94.72964434785527,2.1732015027136855,521.5683606512845
RA-MTM,31,58,0.012452370562608905,0.005917626951610089,2.220446049250313e-16,0.005917626951610089,True,True,0.3333333333333333,114.76419272518244,116.25847719269551,0.16236562951309141,38.96775108314194
RA-MTM,32,51,0.008333333333333333,0.006569683117345159,0.0,0.0,True,True,0.65625,6.12797943276253,5.12797943276253,0.3497105866435815,83.93054079445956
RA-MTM,32,55,0.008333333333333333,0.01865772684578341,1.6653345369377348e-16,0.00344209985203842,True,True,0.584375,42.066814653478374,41.066814653478374,2.510422425548567,602.5013821316561
RA-MTM,32,56,0.008333333333333333,0.01865772684578341,0.0,0.030216913977821315,True,True,0.6571428571428571,44.72703869244431,45.72703869244431,1.0990904151655418,263.78169963973005
RA-MTM,32,54,0.008333333333333333,0.006538727035911407,0.0,0.0,True,True,0.19141914191419143,83.1978171833542,84.1978171833542,11.3531044021077,2724.745056505848
RA-MTM,32,59,0.008333333333333333,,,,False,True,,65.01605173186174,66.01605173186174,0.21232428474788875,50.957828339493304
RA-MTM,33,51,0.011169406328269875,0.002836072994936541,2.220446049250313e-16,0.002836072994936541,True,True,0.14285714285714285,2.4636592595278106,1.1233305001354257,0.04995865523479736,11.990077256351366
RA-MTM,33,55,0.011169406328269875,0.019502739661603208,0.0,0.022944839513641627,True,False,0.24172185430463577,55.13479330667885,56.475122066071236,2.1732015027136855,521.5683606512845
RA-MTM,33,56,0.011169406328269875,0.019502739661603208,0.0,0.04971965363942452,True,True,0.3651452282157676,54.01964820531107,52.679319445918686,3.0100089778965406,722.4021546951698
RA-MTM,33,54,0.011169406328269816,0.002836072994936482,0.0,0.002836072994936482,True,True,0.47084708470847086,95.40780594472335,96.74813470411573,5.345576110123318,1282.9382664295963
RA-MTM,34,60,0.026375591694612826,,,,False,True,,21.1430501707347,17.97797916738116,0.02497932761739868,5.995038628175683
RA-MTM,34,55,0.041466892738526204,0.05263629906679608,0.0,0.02969145955315445,True,False,0.034482758620689655,59.06324883588977,54.08722170726663,0.07493798285219604,17.985115884527048
RA-MTM,34,61,0.06040492256880376,,,,False,False,,70.06641965815328,62.81782894989683,0.21232428474788875,50.957828339493304
RA-MTM,34,56,0.07168550659694055,0.08285491292521042,1.6653345369377348e-16,0.033135259285785895,True,True,0.6314363143631436,56.54217130480962,65.14443209644249,4.508768634940462,1082.1044723857108
RA-MTM,34,54,0.0179447812132756,0.006775374885005784,0.0,0.009611447879942265,True,True,0.3187066974595843,104.99691064593095,107.15028439152402,1.7860219246440054,428.64526191456133
RA-MTM,35,62,0.018433368384773365,,,,False,True,,14.676416378048467,12.464412171875663,0.21232428474788875,50.957828339493304
RA-MTM,35,61,0.052692481321262426,0.007712441247541335,0.0,0.007712441247541335,True,True,0.02373887240356083,58.59105726998152,52.26795951143003,4.096609729253384,983.1863350208121
RA-MTM,35,63,0.07344185638975015,,,,False,True,,95.04155911916628,103.8545818859363,0.21232428474788875,50.957828339493304
RA-MTM,35,56,0.034634079905089384,0.03705142669185116,1.1102230246251565e-16,0.003916167406065263,True,True,0.6224137931034482,59.92307332758496,64.07916291619568,7.244005009045616,1738.561202170948
RA-MTM,35,54,0.056775189723083486,0.07471997093635908,0.0,0.06510852305641682,True,True,0.4965034965034965,109.89283204891493,103.07980928214491,0.8867661304176532,212.82387130023676
RA-MTM,36,62,0.16939209606042505,0.1878254644451984,0.0,0.1878254644451984,True,True,0.2328767123287671,19.948940059561412,40.27599158681242,0.9117454580350518,218.81890992841244
RA-MTM,36,64,0.14482707147965576,,,,False,True,,55.53741525349251,38.15816667593382,0.01248966380869934,2.9975193140878416
RA-MTM,36,61,0.16050632097254186,0.10781383965127946,0.0,0.10010139840373812,True,False,0.21646341463414634,58.58712220640426,39.326363689699235,0.8867661304176532,212.82387130023676
RA-MTM,36,56,0.08518016865553962,0.05054608875045024,1.942890293094024e-16,0.04662992134438498,True,True,0.7168508287292817,67.08808393392995,77.3097041725947,8.280647105167663,1987.355305240239
RA-MTM,36,54,0.018586243645511993,0.07536143336859548,0.0,0.01025291031217866,True,True,0.04225352112676056,117.56265715497568,119.79300639243712,0.03746899142609802,8.992557942263524
RA-MTM,37,62,0.027795144152380727,0.19718724021280576,0.0,0.009361775767607364,True,True,0.5132743362831859,23.93459977358051,20.59918247529482,1.2239870532525354,293.7568927806085
RA-MTM,37,64,0.04090809552891651,0.10391897595073925,0.0,0.10391897595073925,True,True,0.07692307692307693,57.5165837501197,52.60761228664972,0.16236562951309141,38.96775108314194
RA-MTM,37,61,0.04169294680274393,0.11881337416979794,0.0,0.01871197576605983,True,False,0.1267605633802817,57.042072752031146,52.038919135701875,0.11240697427829406,26.977673826790575
RA-MTM,37,65,0.04169294680274393,,,,False,True,,50.24496738816831,55.248121004497584,0.07493798285219604,17.985115884527048
RA-MTM,37,56,0.04169294680274393,0.0434872218527957,0.0,0.003142699491589281,True,False,0.08748114630467571,62.29760154148144,67.30075515781071,0.7244005009045617,173.8561202170948
RA-MTM,37,66,0.04169294680274393,,,,False,True,,100.21876639156538,105.22192000789465,0.13738630189569273,32.972712454966256
RA-MTM,38,62,0.03839985135393294,0.010604707201552207,0.0,0.019966482969159573,True,True,0.25510204081632654,19.594685165167153,14.9867030026952,0.3122415952174835,74.93798285219604
RA-MTM,38,64,0.04309738114895894,0.0021892856200424284,0.0,0.10172969033069681,True,True,0.04377104377104377,63.80820286244252,58.63651712456745,3.709430151183704,890.263236284089
RA-MTM,38,67,0.043097381148958884,,,,False,False,,67.98561689913296,73.15730263700803,0.19983462093918944,47.960309025405465
RA-MTM,38,56,0.04309738114895894,0.0014044343462150148,0.0,0.004547133837804296,True,False,0.07936507936507936,56.923413084010065,62.09509882188514,0.1248966380869934,29.975193140878417
RA-MTM,38,68,0.043097381148958884,,,,False,False,,71.20488672378809,76.37657246166316,0.21232428474788875,50.957828339493304
RA-MTM,39,69,0.008333333333333333,,,,False,True,,1.83393293129172,0.8339329312917201,0.02497932761739868,5.995038628175683
RA-MTM,39,62,0.008333333333333333,0.030066518020599602,0.0,0.01010003505144003,True,True,0.3870967741935484,19.766283529955388,18.766283529955388,0.22481394855658812,53.95534765358115
RA-MTM,39,70,0.008333333333333333,,,,False,False,,79.56063444264898,80.56063444264898,0.7368901647132611,176.85363953118267
RA-MTM,39,68,0.008333333333333333,0.03476404781562555,1.6653345369377348e-16,0.03476404781562555,True,False,0.13513513513513514,65.54840113360765,66.54840113360765,0.3122415952174835,74.93798285219604
RA-MTM,40,69,0.0004943201333542387,0.007839013199979095,0.0,0.007839013199979095,True,True,0.4,2.706777652654412,2.6474592366519034,0.0624483190434967,14.987596570439209
RA-MTM,40,70,0.0004943201334081474,0.007839013199925186,4.440892098500626e-16,0.007839013199925186,True,True,0.02554112554112554,61.84969698846556,61.90901540447454,28.851123398095474,6924.269615542914
RA-MTM,41,71,0.008333333333333333,,,,False,True,,28.83923744854855,27.83923744854855,0.3746899142609802,89.92557942263525
RA-MTM,41,72,0.008333333333333333,,,,False,False,,81.18622651595793,82.18622651595793,0.1873449571304901,44.962789711317626
RA-MTM,41,73,0.008333333333333333,,,,False,False,,66.08141628154368,65.08141628154368,0.6744418456697643,161.86604296074344
RA-MTM,41,70,0.008333333333333333,0.00882765346674148,0.0,0.016666666666666666,True,False,0.047186147186147186,75.63514953508637,74.63514953508637,1.361373355148228,326.72960523557475
RA-MTM,42,74,0.013299485383105865,,,,False,False,,37.605589351680976,36.00965110570827,0.624483190434967,149.8759657043921
RA-MTM,42,72,0.013299485383105865,0.004966152049772532,0.0,0.004966152049772532,True,False,0.03546099290780142,77.78088434508078,79.37682259105348,5.283127791079821,1267.950669859157
RA-MTM,42,70,0.013299485383105865,0.004966152049772532,1.1102230246251565e-16,0.021632818716439198,True,False,0.3853211009174312,78.54093127089665,76.94499302492395,0.5245658799653723,125.89581119168935
RA-MTM,42,75,0.013299485383105865,,,,False,True,,55.30381497534352,53.70787672937082,0.26228293998268615,62.947905595844674
RA-MTM,43,76,0.008333333333333333,,,,False,True,,33.33620396017936,32.33620396017936,1.4113320103830254,338.7196824919261
RA-MTM,43,77,0.008333333333333333,,,,False,False,,60.61563431106041,59.61563431106041,0.04995865523479736,11.990077256351366
RA-MTM,43,72,0.008333333333333333,0.004966152049772532,0.0,0.0,True,True,0.259927797833935,93.21080413129272,94.21080413129272,3.4346575473923187,824.3178113741565
RA-MTM,43,70,0.008333333333333333,0.021632818716439198,0.0,0.0,True,True,0.0582010582010582,69.09246644441276,70.09246644441276,4.471299643514363,1073.1119144434472
RA-MTM,44,78,0.008333333333333333,,,,False,True,,19.13322392392162,18.13322392392162,1.1115800789742414,266.7792189538179
RA-MTM,44,76,0.008333333333333333,0.0,0.0,0.0,True,True,0.05161290322580645,56.02764592293577,55.02764592293577,4.696113592070951,1127.0672620970283
RA-MTM,44,72,0.008333333333333333,0.0,2.220446049250313e-16,0.0,True,True,0.2896551724137931,101.82170156065514,102.82170156065514,1.2364767170612345,296.7544120946963
RA-MTM,44,70,0.008333333333333333,0.0,1.6653345369377348e-16,0.0,True,True,0.7131474103585658,68.40549814889496,69.40549814889496,6.2698112319670685,1504.7546956720964
RA-MTM,45,78,0.022417830598794927,0.014084497265461593,0.0,0.014084497265461593,True,True,0.7606837606837606,21.254254858963286,18.564115187107895,1.4612906656178228,350.70975974827746
RA-MTM,45,79,0.022417830598794927,,,,False,True,,57.43536637636861,54.74522670451322,0.07493798285219604,17.985115884527048
RA-MTM,45,76,0.022417830598794927,0.014084497265461593,0.0,0.014084497265461593,True,True,0.21779859484777517,70.31720561704081,67.62706594518542,1.798511588452705,431.6427812286492
RA-MTM,45,72,0.022417830598794927,0.014084497265461593,0.0,0.014084497265461593,True,True,0.5098039215686274,100.71061528632617,103.40075495818157,0.6869315094784637,164.86356227483128
RA-MTM,45,70,0.022417830598794927,0.014084497265461593,1.6653345369377348e-16,0.014084497265461593,True,True,0.7219730941704036,69.91612453935683,72.60626421121222,8.11828147565457,1948.387554157097
RA-MTM,46,78,0.04190167816568389,0.01948384756688896,1.942890293094024e-16,0.033568344832350556,True,True,0.8111888111888111,21.382423925768805,16.35422254588674,1.7735322608353064,425.6477426004735
RA-MTM,46,79,0.09680077713170215,0.11921860773049708,1.3877787807814457e-16,0.11921860773049708,True,True,0.2222222222222222,56.04821402661564,67.6643072824199,0.0624483190434967,14.987596570439209
RA-MTM,46,80,0.09680077713170215,,,,False,False,,64.69868259154127,76.31477584734553,0.19983462093918944,47.960309025405465
RA-MTM,46,76,0.058557213291320666,0.08097504389011559,2.220446049250313e-16,0.066890546624654,True,True,0.055865921787709494,85.84995041116433,92.87681600612281,0.5620348713914702,134.88836913395286
RA-MTM,46,81,0.09680077713170215,,,,False,True,,57.627379998461194,46.011286742656935,0.43713823330447693,104.91317599307446
RA-MTM,46,70,0.09680077713170215,0.11921860773049708,0.0,0.10513411046503549,True,True,0.10307692307692308,76.55558658966757,64.93949333386331,0.8368074751828557,200.83379404388538
RA-MTM,47,78,0.04099245715341994,0.0009092210122639462,0.0,0.03265912382008661,True,True,0.035211267605633804,16.450488264689007,11.531393406278614,0.0624483190434967,14.987596570439209
RA-MTM,47,76,0.046549473630882986,0.10510668692220365,0.0,0.03821614029754965,True,True,0.09146341463414634,62.68368589649408,57.097749060788125,3.9092647721228935,938.2235453094944
RA-MTM,47,82,0.04359426784178302,,,,False,False,,24.314489371151517,19.083177230137554,0.0624483190434967,14.987596570439209
RA-MTM,47,83,0.04654947363088304,,,,False,False,,63.10134538745827,68.68728222316423,0.661952181861065,158.8685236466556
RA-MTM,47,81,0.046549473630882986,0.14335025076258515,0.0,0.14335025076258515,True,True,0.45714285714285713,55.03908707334769,60.625023909053645,0.19983462093918944,47.960309025405465
RA-MTM,47,70,0.028419667454415414,0.12522044458611756,1.942890293094024e-16,0.02008633412108208,True,True,0.38461538461538464,85.41699201047544,88.82735210500529,0.9617041132698492,230.8089871847638
RA-MTM,48,78,0.034162401968097916,0.006830055185322026,0.0,0.02582906863476458,True,True,0.02857142857142857,17.843529023754947,13.744040787583197,2.185691166522384,524.5658799653722
RA-MTM,48,76,0.052883724033237316,0.006334250402354335,0.0,0.044550390699903984,True,True,0.7685459940652819,63.84545897292164,57.49941208893316,3.534574857861913,848.2979658868592
RA-MTM,48,81,0.052883724033237316,0.006334250402354335,2.220446049250313e-16,0.14968450116493948,True,True,0.1797752808988764,54.81490393915374,61.160950823142215,1.1115800789742414,266.7792189538179
RA-MTM,48,70,0.0483356071983156,0.01991593974390019,0.0,0.040002273864982264,True,True,0.32489451476793246,85.64541062875129,91.44568349254916,2.9600503226617434,710.4120774388184
RA-MTM,49,78,0.026733660224945395,0.007428741743152519,0.0,0.018400326891612064,True,True,0.2857142857142857,16.41331703730025,13.205277810306802,0.624483190434967,149.8759657043921
RA-MTM,49,76,0.053670210322208804,0.0007864862889714885,2.203098814490545e-16,0.04533687698887547,True,True,0.8996655518394648,64.24470210441451,57.80427686574946,3.559554185479312,854.2930045150348
RA-MTM,49,81,0.053670210322208804,0.0007864862889714885,0.0,0.15047098745391096,True,True,0.2782608695652174,55.39383544365006,61.83426068231512,2.560381080783365,614.4914593880076
RA-MTM,49,84,0.044934219332750186,,,,False,True,,84.97852181341567,90.37062813334569,0.0624483190434967,14.987596570439209
RA-MTM,49,70,0.03667894488028066,0.011656662318034942,0.0,0.028345611546947324,True,True,0.029535864978902954,98.25353991553273,102.6550133011664,0.08742764666089538,20.98263519861489
RA-MTM,50,76,0.06639174403332758,0.012721533711118779,1.1102230246251565e-16,0.058058410699994255,True,True,0.7578947368421053,64.86388752495733,56.896878240958024,2.697767382679057,647.4641718429738
RA-MTM,50,85,0.06639174403332758,,,,False,True,,52.11367805048499,60.0806873344843,0.03746899142609802,8.992557942263524
RA-MTM,50,86,0.05208138350856568,,,,False,True,,110.07611832148527,116.32588434251315,0.01248966380869934,2.9975193140878416
RA-MTM,50,81,0.05508845489550798,0.0014182445732991767,1.1102230246251565e-16,0.15188923202721014,True,True,0.20361990950226244,73.8883280655198,80.49894265298076,4.084120065444684,980.1888157067242
RA-MTM,51,87,0.02880364133936464,,,,False,True,,21.60402689640268,18.147589935678923,3.059967633131338,734.3922319515211
RA-MTM,51,76,0.02880364133936464,0.03758810269396295,0.0,0.020470308006031303,True,True,0.4954128440366973,60.70827629215015,57.251839331426396,5.445493420592912,1306.918420942299
RA-MTM,51,85,0.02880364133936464,0.03758810269396295,4.440892098500626e-16,0.03758810269396295,True,True,0.020134228187919462,58.122015702724916,61.57845266344867,1.8609599074962015,446.63037779908836
RA-MTM,51,81,0.02880364133936458,0.026284813556143406,2.220446049250313e-16,0.12560441847106674,True,True,0.23723723723723725,88.35620313482647,91.81264009555022,1.061621423739444,254.78914169746653
RA-MTM,52,87,0.008333333333333333,0.020470308006031303,0.0,0.020470308006031303,True,True,0.5669291338582677,21.921485602411554,20.921485602411554,1.910918562730999,458.6204550554398
RA-MTM,52,76,0.008333333333333333,0.020470308006031303,0.0,0.0,True,True,0.7607223476297968,58.44729338143728,57.44729338143728,4.296444350192573,1031.1466440462175
RA-MTM,52,88,0.008333333333333333,,,,False,False,,53.06423825123517,52.06423825123517,0.02497932761739868,5.995038628175683
RA-MTM,52,85,0.008333333333333333,0.020470308006031303,0.0,0.058058410699994255,True,True,0.12064777327935222,71.28303919298726,72.28303919298726,15.424734803743686,3701.9363528984845
RA-MTM,53,89,0.012023911039112148,,,,False,True,,1.83393293129172,0.39106360659826245,0.02497932761739868,5.995038628175683
RA-MTM,53,90,0.012036853960169876,,,,False,True,,31.329855239086132,29.885432763865747,0.17485529332179076,41.96527039722978
RA-MTM,53,76,0.054487663089649925,0.046154329756316594,0.0,0.046154329756316594,True,True,0.7906976744186046,60.518771261807935,53.98025169104994,3.39718855596622,815.3252534318929
RA-MTM,53,91,0.033842653830171855,,,,False,False,,51.27155278637305,55.33267124599367,0.01248966380869934,2.9975193140878416
RA-MTM,53,92,0.03782099642298326,,,,False,False,,51.30664133904438,55.845160909802374,0.01248966380869934,2.9975193140878416
RA-MTM,53,85,0.041668815756808426,0.03333548242347509,0.0,0.024722928276519163,True,True,0.8159806295399515,76.85403729859777,81.85429518941478,12.67700876582983,3042.482103799159
RA-MTM,54,89,0.01523073416156142,0.003206823122449273,0.0,0.003206823122449272,True,True,1.0,1.83393293129172,0.006244831904349684,0.02497932761739868,5.995038628175683
RA-MTM,54,90,0.004324125482765358,0.016360979442935235,0.0,0.016360979442935235,True,True,0.23728813559322035,34.185472800879175,34.70436785881102,0.7368901647132611,176.85363953118267
RA-MTM,54,76,0.020990792149431906,0.03349687094021802,2.220446049250313e-16,0.012657458816098572,True,True,0.5661764705882353,61.998236465770965,59.47934140783914,1.9234082265396983,461.6179743695276
RA-MTM,54,93,0.020990792149431906,,,,False,False,,36.52655071175583,34.007655653824,0.04995865523479736,11.990077256351366
RA-MTM,54,94,0.020990792149431906,,,,False,False,,45.612787970416065,43.093892912484236,0.02497932761739868,5.995038628175683
RA-MTM,54,95,0.020990792149431906,,,,False,False,,46.26883071315565,43.74993565522382,0.01248966380869934,2.9975193140878416
RA-MTM,54,85,0.020990792149431906,0.020678023607376517,0.0,0.04540095188389568,True,True,0.19310344827586207,64.17319774168948,66.6920927996213,2.447974106505071,587.513785561217
RA-MTM,54,96,0.01948740160336051,,,,False,True,,109.38448661366,111.72297480606326,0.7119108370958623,170.85860090300696
RA-MTM,55,89,0.021317046934048574,0.006086312772487155,0.0,0.009293135894936428,True,True,0.2222222222222222,3.5373626770710667,0.9793170449852376,0.11240697427829406,26.977673826790575
RA-MTM,55,90,0.021317046934048574,0.02564117241681393,1.1102230246251565e-16,0.009280192973878698,True,True,0.29838709677419356,27.489670461521683,24.931624829435854,1.2739457084873327,305.74697003695985
RA-MTM,55,76,0.021317046934048574,0.0003262547846166678,0.0,0.01298371360071524,True,True,0.7321428571428571,58.17330499103004,55.61525935894421,1.7110839417918096,410.6601460300343
RA-MTM,55,97,0.021317046934048574,,,,False,True,,56.047433031349826,58.605478663435655,0.2497932761739868,59.950386281756835
RA-MTM,55,85,0.021317046934048515,0.0003262547846166086,0.0,0.04507469709927907,True,True,0.20588235294117646,76.63798194430294,79.19602757638876,0.624483190434967,149.8759657043921
RA-MTM,56,89,0.008333333333333333,0.01298371360071524,0.0,0.0036905777057788134,True,True,0.9,3.789406642105947,2.789406642105947,0.1248966380869934,29.975193140878417
RA-MTM,56,98,0.008333333333333333,,,,False,True,,19.939952260153195,18.939952260153195,0.21232428474788875,50.957828339493304
RA-MTM,56,90,0.008333333333333333,0.01298371360071524,0.0,0.003703520626836543,True,True,0.22549019607843138,31.37600888334612,30.37600888334612,0.2872622676000848,68.94294422402035
RA-MTM,56,76,0.008333333333333333,0.01298371360071524,0.0,0.0,True,True,0.9090909090909091,57.58153649757244,56.58153649757244,1.69859427798311,407.66262671594643
RA-MTM,56,99,0.008333333333333333,,,,False,False,,67.63114894738203,68.63114894738203,0.1248966380869934,29.975193140878417
RA-MTM,56,85,0.008333333333333333,0.012983713600715182,0.0,0.058058410699994255,True,True,0.16037735849056603,88.59426147431174,89.59426147431174,0.9117454580350518,218.81890992841244
RA-MTM,57,89,0.008333333333333333,0.0,0.0,0.0036905777057788134,True,True,0.7,3.314394958644298,2.314394958644298,0.08742764666089538,20.98263519861489
RA-MTM,57,90,0.008333333333333333,0.0,0.0,0.003703520626836543,True,True,0.1417910447761194,41.90988170766909,40.90988170766909,1.6236562951309141,389.6775108314194
RA-MTM,57,76,0.008333333333333333,0.0,0.0,0.0,True,True,0.41911764705882354,58.10752562659422,57.10752562659422,0.7119108370958623,170.85860090300696
RA-MTM,57,100,0.008333333333333333,,,,False,True,,65.01605173186174,66.01605173186174,0.21232428474788875,50.957828339493304
RA-MTM,57,85,0.008333333333333333,0.0,0.0,0.058058410699994255,True,True,0.125,85.00512778814587,86.00512778814587,7.293963664280414,1750.5512794272995
RA-MTM,58,90,0.006182638975500865,0.0021506943578324684,2.220446049250313e-16,0.005854214984669011,True,True,0.3384615384615385,43.71848461582572,42.97656793876562,0.5495452075827709,131.89084981986502
RA-MTM,58,101,0.010484027691165743,,,,False,False,,48.68247036808603,47.42438704514614,0.01248966380869934,2.9975193140878416
RA-MTM,58,102,0.010484027691165743,,,,False,False,,43.25067678911841,41.99259346617852,1.3863526827656267,332.72464386375043
RA-MTM,58,103,0.010484027691165802,,,,False,False,,68.36263104652552,69.62071436946542,0.27477260379138546,65.94542490993251
RA-MTM,58,104,0.010484027691165802,,,,False,True,,86.86743399528852,88.12551731822842,0.17485529332179076,41.96527039722978
RA-MTM,58,85,0.010484027691165802,0.0021506943578324684,0.0,0.05590771634216178,True,True,0.1267123287671233,108.54439746586273,109.80248078880263,0.9242351218437511,221.81642924250028
