method,t,track,reference,motion,growth,trajectory,eligible,boundary,iou,q,x,width,area
RA-MTM,0,0,3.2566542055671256e-16,,,,False,True,,19.039176783791405,19.039176783791365,0.01248966380869934,2.9975193140878416
RA-MTM,0,1,0.007030705347341678,,,,False,True,,63.76896463621363,62.92527999453263,0.5995038628175683,143.88092707621638
RA-MTM,0,2,0.0069369149974939145,,,,False,False,,68.67572991732196,69.50815971702123,0.14987596570439207,35.970231769054095
RA-MTM,0,3,2.6645352591003756e-16,,,,False,True,,20.404537557665027,20.40453755766506,0.1873449571304901,44.962789711317626
RA-MTM,0,4,9.379034984734839e-05,,,,False,True,,65.81147482166696,65.82272966364864,5.395534765358114,1294.9283436859475
RA-MTM,1,1,0.010448202377108019,0.0034174970297663402,0.0,0.0034174970297663402,True,True,0.5625,67.07964845712246,65.8258641718695,0.33722092283488214,80.93302148037172
RA-MTM,1,2,0.010410676084618467,0.0034737610871245534,0.0,0.0034737610871245534,True,False,0.375,70.50687783019934,71.75615896035356,0.3996692418783789,95.92061805081093
RA-MTM,1,4,3.753023426327218e-05,5.626011558407621e-05,0.0,5.626011558407621e-05,True,True,0.7690631808278867,68.63231384008257,68.63681746819417,4.746072247305749,1139.0573393533798
RA-MTM,1,3,4.061481521470493e-10,4.061484186005752e-10,0.0,4.061484186005752e-10,True,True,0.14150943396226415,25.704971127938553,25.704971079200774,1.32390436372213,317.7370472933112
RA-MTM,2,5,0.01624927324290972,,,,False,False,,71.94690677139417,69.996993982245,0.02497932761739868,5.995038628175683
RA-MTM,2,6,0.01820006367016115,,,,False,False,,73.6536077387362,75.83761537915554,0.01248966380869934,2.9975193140878416
RA-MTM,2,7,0.01820142733058153,,,,False,False,,77.49368491525576,75.30951363558597,0.09991731046959472,23.980154512702732
RA-MTM,2,4,0.011827911887410399,0.011790381653147127,0.0,0.011734121537563051,True,True,0.7376623376623377,69.98626759783863,71.40561702432788,3.6095128407141095,866.2830817713863
RA-MTM,2,8,4.391219309951566e-07,,,,False,False,,34.399485489869626,34.39943279523791,0.01248966380869934,2.9975193140878416
RA-MTM,2,3,2.429588293513992e-09,2.835736445661041e-09,2.220446049250313e-16,2.429588027060466e-09,True,True,0.29245283018867924,23.44356637693211,23.443566668482706,0.38717957806967956,92.92309873672309
RA-MTM,3,9,0.03680447901552597,,,,False,True,,77.06700967342024,81.48354715528336,0.01248966380869934,2.9975193140878416
RA-MTM,3,10,0.029511732145802702,,,,False,False,,83.89381354278834,80.35240568529201,0.01248966380869934,2.9975193140878416
RA-MTM,3,11,0.019559971283025016,,,,False,False,,82.18711257544632,79.83991602148332,0.01248966380869934,2.9975193140878416
RA-MTM,3,12,0.00960821042024745,,,,False,False,,80.4804116081043,79.32742635767461,0.01248966380869934,2.9975193140878416
RA-MTM,3,4,0.003599800433492106,0.008228111453918293,0.0,0.0035060100836447577,True,False,0.296551724137931,69.27896043164114,69.71093648366019,1.0866007513568428,260.78418032564224
RA-MTM,3,3,4.154853172622097e-09,1.7252648791081052e-09,0.0,4.154852906168571e-09,True,True,0.24545454545454545,26.703230184308417,26.703230682890798,1.32390436372213,317.7370472933112
RA-MTM,3,13,0.021875432585052222,,,,False,True,,78.26170035055966,80.88675226076593,0.1248966380869934,29.975193140878417
RA-MTM,4,14,0.037821611762581496,,,,False,False,,66.64394305143858,71.18253646294836,0.3497105866435815,83.93054079445956
RA-MTM,4,15,0.0,,,,False,True,,92.1261358558499,92.1261358558499,1.061621423739444,254.78914169746653
RA-MTM,4,4,0.0183702006211418,0.014770400187649694,0.0,0.018276410271294452,True,False,0.10112359550561797,69.77474190386796,71.97916597840498,0.13738630189569273,32.972712454966256
RA-MTM,4,3,7.163539687364088e-10,3.438499203885688e-09,1.6653345369377348e-16,7.163537022828829e-10,True,True,0.7142857142857143,31.10298088171584,31.102980967678317,1.8234909160701036,437.6378198568249
RA-MTM,4,13,0.04527856328352928,0.06715399586858149,2.220446049250313e-16,0.06715399586858149,True,True,0.18181818181818182,75.85680353294137,70.42337593891786,0.6869315094784637,164.86356227483128
RA-MTM,5,14,0.004202401599614328,0.03361921016296717,0.0,0.03361921016296717,True,False,0.09688581314878893,72.11226188241702,72.61655007437074,3.6095128407141095,866.2830817713863
RA-MTM,5,15,1.1453305859276953e-09,1.1453305859276953e-09,0.0,1.1453305859276953e-09,True,True,0.2828282828282828,96.69407079785356,96.69407066041389,0.5245658799653723,125.89581119168935
RA-MTM,5,3,9.722495993476818e-10,2.5589563061127286e-10,0.0,9.722493328941558e-10,True,True,0.3569682151589242,50.569329618110096,50.56932973478005,5.10827249775803,1225.9853994619273
RA-MTM,6,14,0.0004770191141483101,0.0037253824854660187,2.220446049250313e-16,0.037344592648433185,True,True,0.1903820816864295,66.45016037525777,66.50740266895556,18.959309661605598,4550.234318785344
RA-MTM,6,3,1.0085495052258863e-05,1.0086467301858211e-05,0.0,1.0085495052525318e-05,True,True,0.8147410358565738,53.50297699483943,53.50176673543316,6.2698112319670685,1504.7546956720964
RA-MTM,7,14,7.531880749726365e-05,0.0004017003066510464,0.0,0.037746292955084235,True,True,0.22661396574440051,65.65592762433113,65.6649658812308,4.296444350192573,1031.1466440462175
RA-MTM,7,16,0.0,,,,False,False,,82.18711257544632,82.18711257544632,0.01248966380869934,2.9975193140878416
RA-MTM,7,3,1.5924465872766783e-06,8.493048464982185e-06,0.0,1.5924465875431318e-06,True,True,0.9328214971209213,55.15026556804789,55.15007447445742,6.307280223393167,1513.74725361436
RA-MTM,8,14,1.5063761499452728e-05,6.025504599781091e-05,0.0,0.037806548001082046,True,True,0.6471816283924844,62.933991550599224,62.93579920197916,5.557900394871207,1333.8960947690896
RA-MTM,8,17,0.05688851544771308,,,,False,False,,92.68988775908957,85.863265905364,0.32473125902618283,77.93550216628388
RA-MTM,8,18,0.05688851544771308,,,,False,False,,79.74896833638631,86.57559019011188,0.5245658799653723,125.89581119168935
RA-MTM,8,3,3.1848931746717806e-07,1.2739572698095004e-06,0.0,3.184893177336316e-07,True,True,0.9343629343629344,54.594874602421854,54.59483638370376,6.207362912923572,1489.7670991016573
RA-MTM,9,19,1.1625626091434545e-09,,,,False,True,,57.43994854898696,57.439948688494475,0.04995865523479736,11.990077256351366
RA-MTM,9,14,2.025185411724806e-06,1.3038576087727922e-05,0.0,0.03781958657716977,True,False,0.36444444444444446,65.49375932682875,65.49400234907816,2.1107531836701883,506.5807640808452
RA-MTM,9,17,0.007687531105252887,0.049200984342460195,0.0,0.049200984342460195,True,True,0.14285714285714285,98.64458618910157,97.72208245647123,0.17485529332179076,41.96527039722978
RA-MTM,9,18,0.007687638175168369,0.04920087727254471,1.1102230246251565e-16,0.04920087727254471,True,False,0.19607843137254902,74.19256593894947,75.11508251996968,0.23730361236528744,56.95286696766899
RA-MTM,9,3,4.497315178042527e-08,2.7351616568675276e-07,0.0,4.49731520468788e-08,True,True,0.8843283582089553,53.329560546743174,53.32955514996496,6.407197533862761,1537.7274081270627
RA-MTM,10,14,0.009523451002366557,0.009521425816954832,0.0,0.028298160760214942,True,False,0.5795454545454546,68.94641636106707,70.08923048135105,3.0974366245574365,743.3847898937847
RA-MTM,10,20,0.011903807456605265,,,,False,False,,70.24020580405215,68.81174890925952,0.01248966380869934,2.9975193140878416
RA-MTM,10,21,1.7763568394002506e-16,,,,False,False,,29.279382587843553,29.279382587843575,0.13738630189569273,32.972712454966256
RA-MTM,10,3,8.994630521878358e-09,3.597852125854691e-08,0.0,8.994630788331885e-09,True,True,0.029239766081871343,41.3400694237272,41.34006834437154,0.1873449571304901,44.962789711317626
RA-MTM,11,22,3.390107157959695e-09,,,,False,True,,20.745877751133428,20.74587734432057,0.03746899142609802,8.992557942263524
RA-MTM,11,23,0.11489576974358619,,,,False,True,,48.053093228605825,34.26560085937548,0.03746899142609802,8.992557942263524
RA-MTM,11,14,0.0022674881051810776,0.007255962897185479,1.1449174941446927e-16,0.03555412365740042,True,False,0.5673076923076923,73.59695376471659,73.86905233733832,3.0100089778965406,722.4021546951698
RA-MTM,11,21,0.09822910307691955,0.09822910307691937,0.0,0.09822910307691937,True,True,0.10714285714285714,23.049924057045157,34.8374164262755,0.2497932761739868,59.950386281756835
RA-MTM,11,24,4.624940785902254e-09,,,,False,False,,38.45290028730694,38.452899732314044,0.19983462093918944,47.960309025405465
RA-MTM,12,22,4.820380835231693e-10,2.9080690744365258e-09,0.0,2.9080690744365258e-09,True,True,0.5,21.030327912357098,21.030327854512528,0.07493798285219604,17.985115884527048
RA-MTM,12,23,0.07500166635801873,0.039894103385567446,0.0,0.039894103385567446,True,True,0.041666666666666664,39.555901178434894,30.555701215472645,0.5870141990088689,140.88340776212854
RA-MTM,12,14,0.0002519431227993844,0.002015544982381693,0.0,0.03756966863978211,True,True,0.42720763723150357,81.0493119305516,81.07954510528752,4.458809979705665,1070.1143951293595
RA-MTM,12,21,0.07314981491932485,0.025079288157594703,0.0,0.07314981491932467,True,True,0.3181818181818182,22.452578718475454,31.230556508794436,0.11240697427829406,26.977673826790575
RA-MTM,12,24,5.821071624723118e-10,4.042833623429942e-09,0.0,4.042833623429942e-09,True,False,0.37209302325581395,40.710309997018044,40.710309927165184,0.5370555437740716,128.8933305057772
RA-MTM,13,22,5.4836609327442905e-11,4.272014741957264e-10,2.220446049250313e-16,3.335270548632252e-09,True,True,0.46153846153846156,22.19000933888437,22.190009332303976,0.16236562951309141,38.96775108314194
RA-MTM,13,23,0.008333333186137477,0.06666833317188127,0.0,0.10656243655744871,True,True,0.3829787234042553,37.71807070414579,36.71807072180929,0.22481394855658812,53.95534765358115
RA-MTM,13,14,2.7998255181789963e-05,0.00022394486761759442,0.0,0.03779361350739971,True,True,0.5837479270315091,85.01258742104602,85.01594721166784,7.468818957602205,1792.5165498245292
RA-MTM,13,24,6.922153339417036e-09,7.504260501889348e-09,0.0,1.154709412531929e-08,True,True,0.058186738836265225,49.782888931635846,49.782889762294246,9.229861554628812,2215.166773110915
RA-MTM,14,23,0.001436779699314883,0.006896553486822595,0.0,0.1134589900442713,True,True,0.08866995073891626,33.86981967241864,33.69740610850086,2.535401753165966,608.4964207598318
RA-MTM,14,25,6.276539465943643e-09,,,,False,False,,95.84072031418253,95.8407195609978,0.01248966380869934,2.9975193140878416
RA-MTM,14,14,4.828019811498052e-06,2.317023537029191e-05,0.0,0.03781678374277,True,False,0.0016722408026755853,94.13401934684052,94.1345987092179,0.01248966380869934,2.9975193140878416
RA-MTM,14,24,3.2219145869779216e-11,6.889934193547257e-09,0.0,4.6571599317720334e-09,True,False,0.035182679296346414,39.5195883918957,39.519588395762,0.32473125902618283,77.93550216628388
RA-MTM,14,26,8.05463375996851e-09,,,,False,True,,53.66082497844392,53.66082401188787,0.08742764666089538,20.98263519861489
RA-MTM,15,23,0.00015964211618045473,0.0012771375831344281,2.220446049250313e-16,0.11473612762740573,True,True,0.6157635467980296,29.443225880708376,29.42406882676672,1.5612079760874173,374.6899142609802
RA-MTM,15,25,4.995810580036657e-10,5.776958407939977e-09,0.0,5.776958407939977e-09,True,True,0.0016778523489932886,85.35424557860121,85.35424551865148,7.443839629984806,1786.5215111963535
RA-MTM,15,24,4.0796717115654247e-10,3.7574802528676326e-10,0.0,5.032907957058796e-09,True,True,0.03002309468822171,48.22652242621104,48.2265224751671,10.816048858333629,2595.851726000071
RA-MTM,16,23,0.007721001578819919,0.007561359462639464,0.0,0.10717476816476627,True,True,0.296,21.207148282847488,20.280628093389097,0.46211756092187556,110.90821462125014
RA-MTM,16,27,1.4306389554500735e-09,,,,False,True,,99.55530477251516,99.55530494419183,0.21232428474788875,50.957828339493304
RA-MTM,16,25,1.919590294126768e-09,2.4191713521304335e-09,0.0,8.19612976007041e-09,True,True,0.06711409395973154,97.93142899917652,97.93142922952735,0.4995865523479736,119.90077256351367
RA-MTM,16,28,0.009296284236070325,,,,False,True,,19.81494995076505,20.93050405909349,0.13738630189569273,32.972712454966256
RA-MTM,16,24,7.237215271516106e-10,1.131688698308153e-09,0.0,3.901219258750644e-09,True,True,0.32909930715935337,47.08296846822199,47.08296838137541,3.559554185479312,854.2930045150348
RA-MTM,17,23,0.0010072743165827033,0.006713727262237216,1.6653345369377348e-16,0.11388849542700348,True,True,0.6756756756756757,20.199733441583984,20.07886052359406,0.3122415952174835,74.93798285219604
RA-MTM,17,29,5.43934839688139e-08,,,,False,True,,65.8228621238728,65.82285559665472,0.21232428474788875,50.957828339493304
RA-MTM,17,27,6.793286913146327e-07,6.778980523591827e-07,0.0,6.778980523591827e-07,True,True,0.38636363636363635,98.71108103198503,98.71116255142799,0.5495452075827709,131.89084981986502
RA-MTM,17,25,1.2735856612285563e-07,1.2927815641698242e-07,0.0,1.21082026656912e-07,True,True,0.225,100.39192289376126,100.39190761073333,0.11240697427829406,26.977673826790575
RA-MTM,17,28,0.001211878557995346,0.00808440567807498,0.0,0.00808440567807498,True,True,0.08148148148148149,26.510734351933138,26.65615977889258,1.686104614174411,404.6651074018586
RA-MTM,17,24,1.1224008081474797e-07,1.1296380234189958e-07,1.6653345369377348e-16,1.1686502160065023e-07,True,True,0.58,57.200649207005156,57.200662675814854,2.360546459844175,566.531150362602
RA-MTM,18,29,0.004234623951923607,0.004234678345407575,0.0,0.004234678345407575,True,True,0.56,62.40489681761831,62.91305169184914,0.27477260379138546,65.94542490993251
RA-MTM,18,23,0.00011197204404123084,0.0008953022725414724,0.0,0.11478379769954496,True,True,0.29069767441860467,22.710568399585302,22.697131754300354,1.0741110875481432,257.7866610115544
RA-MTM,18,27,8.646284695619973e-07,1.54395716087663e-06,0.0,8.660591085174474e-07,True,True,0.4174757281553398,95.23835526688534,95.23825151146899,1.2739457084873327,305.74697003695985
RA-MTM,18,25,1.551924360872666e-08,1.428778097315823e-07,0.0,2.17957830746703e-08,True,True,0.5555555555555556,100.96082321620861,100.96082507851784,0.0624483190434967,14.987596570439209
RA-MTM,18,28,0.00013574966910236222,0.0010761288888929835,0.0,0.009160534566967964,True,True,0.35323383084577115,34.86041932776491,34.87670928805719,1.7110839417918096,410.6601460300343
RA-MTM,18,24,0.004234614253910429,0.004234726493991244,0.0,0.004234609628969643,True,True,0.42328042328042326,62.60271897519656,62.09456526472731,0.9991731046959472,239.80154512702734
RA-MTM,19,23,1.4605658661714927e-05,9.736638537951591e-05,1.6653345369377348e-16,0.11488116408492448,True,True,0.6515151515151515,25.128996144534533,25.127243465495127,1.6486356227483128,395.6725494595951
RA-MTM,19,30,1.1073826300389555e-10,,,,False,True,,42.07963984290873,42.079639856197325,0.02497932761739868,5.995038628175683
RA-MTM,19,29,0.06443823874784022,0.06867286269976383,0.0,0.06443818435435625,True,True,0.7241379310344828,61.15811851355352,53.42552986381269,0.3497105866435815,83.93054079445956
RA-MTM,19,27,1.1186176666437102e-07,7.527667028976263e-07,0.0,1.1329240561982109e-07,True,True,0.7021276595744681,92.37784878624217,92.37783536283017,1.7235736056005087,413.6576653441221
RA-MTM,19,28,0.06500829741381224,0.06487254774470988,0.0,0.055712013177741916,True,False,0.26455026455026454,46.530448247937954,54.331443937595424,1.2739457084873327,305.74697003695985
RA-MTM,19,24,0.0005523394509670728,0.0036822748029433565,0.0,0.0005523348260262869,True,True,0.0875,60.487628847812005,60.421348113695956,0.08742764666089538,20.98263519861489
RA-MTM,20,23,1.9676278172120475e-06,1.2638030844502879e-05,0.0,0.11489380211576898,True,True,0.42424242424242425,21.20302979595719,21.202793680619124,0.699421173287163,167.86108158891912
RA-MTM,20,29,0.004962843472619719,0.06940108222045994,0.0,0.004962897866103688,True,True,0.6363636363636364,60.465463900184204,61.06100511689857,0.5495452075827709,131.89084981986502
RA-MTM,20,27,1.7235134800822987e-08,9.462663186354803e-08,0.0,1.866577375627306e-08,True,True,0.7246376811594203,93.28066886316955,93.28066679495338,1.248966380869934,299.7519314087842
RA-MTM,20,31,5.531243048769359e-09,,,,False,True,,22.782907937961,22.782907274211833,0.38717957806967956,92.92309873672309
RA-MTM,20,28,0.004885808536367738,0.06989410595017999,0.0,0.014182092772438063,True,True,0.27371273712737126,59.860866768966666,59.27456974460254,4.596196281601356,1103.0871075843256
RA-MTM,21,29,0.12853653532766618,0.1334993788002859,0.0,0.1285364809341822,True,True,0.7586206896551724,60.23540702997822,44.81102279065828,0.7244005009045617,173.8561202170948
RA-MTM,21,27,0.02557463405565533,0.02557465129079013,0.0,0.025574632625016372,True,True,0.9230769230769231,93.79267915337212,96.86163524005076,1.248966380869934,299.7519314087842
RA-MTM,21,32,0.029570673319841253,,,,False,True,,99.51669162845768,95.96821083007673,0.32473125902618283,77.93550216628388
RA-MTM,21,31,0.12920718910352783,0.12920719463477087,0.0,0.12920719463477087,True,True,0.20567375886524822,30.42127604081338,45.92613873323672,1.7360632694092082,416.65518465821
RA-MTM,21,28,0.0006602443968064382,0.004225564139561299,0.0,0.009956528632876764,True,True,0.6731234866828087,68.20061888951962,68.12138956190284,4.034161410209887,968.1987384503728
RA-MTM,22,33,4.804083649408615e-10,,,,False,True,,20.745877751133435,20.74587769348443,0.29975193140878414,71.94046353810819
RA-MTM,22,29,0.04926603333077697,0.17780256865844316,0.0,0.049266087724260936,True,True,0.7466666666666667,61.30925005713909,67.22117405683233,0.9117454580350518,218.81890992841244
RA-MTM,22,27,0.03042286364384843,0.004848229588193102,0.0,0.030422862213209476,True,True,0.78,94.35282716316642,98.00357080042824,0.9741937770785485,233.80650649885163
RA-MTM,22,32,0.03094408769882264,0.0013734143789813893,0.0,0.0013734143789813893,True,True,0.1111111111111111,100.96082321620861,97.24753269234989,0.04995865523479736,11.990077256351366
RA-MTM,22,31,0.016853110405950153,0.11235407869757766,1.1102230246251565e-16,0.0168531159371932,True,False,0.1497005988023952,43.67363414259611,45.696007391310125,0.661952181861065,158.8685236466556
RA-MTM,22,28,0.06593269999744358,0.06527245560063714,0.0,0.0752289842335139,True,True,0.6184615384615385,73.7713112537253,65.85938725403207,2.535401753165966,608.4964207598318
RA-MTM,23,33,0.006727395038712706,0.006727394558304341,1.1102230246251565e-16,0.006727394558304341,True,True,0.1935483870967742,23.240286857248694,22.43299945260317,0.16236562951309141,38.96775108314194
RA-MTM,23,29,0.04472321837135371,0.004542814959423266,0.0,0.044723272764837674,True,True,0.8295454545454546,60.58182987523021,65.94861607979266,1.0990904151655418,263.78169963973005
RA-MTM,23,27,0.00396819577159917,0.02645466787224926,0.0,0.0039681943409602145,True,True,0.7564102564102564,94.9150519929123,95.3912354855042,0.7368901647132611,176.85363953118267
RA-MTM,23,31,0.002198235666393581,0.01465487473955657,1.1102230246251565e-16,0.0021982411976366302,True,False,0.2,43.68393875221023,43.94772703217746,0.3122415952174835,74.93798285219604
RA-MTM,23,34,0.007736506389226072,,,,False,True,,22.07331183684389,23.001692603551017,0.11240697427829406,26.977673826790575
RA-MTM,23,28,0.046897145085072485,0.01903555491237109,0.0,0.05619342932114281,True,True,0.7142857142857143,70.04899864173584,64.42134123152714,3.0100089778965406,722.4021546951698
RA-MTM,24,29,0.03629970911280876,0.008423509258544943,0.0,0.03629976350629273,True,True,0.8,61.163659750460496,65.51962484399755,1.3738630189569274,329.72712454966256
RA-MTM,24,27,0.0005364433533985154,0.003431752418200655,0.0,0.00053644192275956,True,True,0.06779661016949153,89.86726692848544,89.93164013089326,0.04995865523479736,11.990077256351366
RA-MTM,24,35,1.8101500150654223e-09,,,,False,True,,99.49793667277257,99.49793645555457,0.26228293998268615,62.947905595844674
RA-MTM,24,34,0.0010452741915104962,0.006691232197715576,0.0,0.006691232197715576,True,False,0.05,28.85270734600805,28.97814024898931,0.14987596570439207,35.970231769054095
RA-MTM,24,28,0.03659354837700247,0.010303596708070017,1.1102230246251565e-16,0.04588983261307279,True,True,0.5644028103044496,67.73411328291996,63.34288747767967,5.333086446314619,1279.9407471155084
RA-MTM,25,27,7.249234505692925e-05,0.00046395100834158615,0.0,7.24909144179738e-05,True,True,0.15384615384615385,93.60888058765838,93.61757966906521,0.32473125902618283,77.93550216628388
RA-MTM,25,29,0.004905366096329781,0.03139434301647898,1.1796119636642288e-16,0.00490542048981375,True,True,0.8608695652173913,61.13233044948662,61.7209743810462,1.2989250361047313,311.74200866513553
RA-MTM,25,36,0.13202682707274735,,,,False,False,,44.24025064199066,60.083469890720345,0.5870141990088689,140.88340776212854
RA-MTM,25,34,0.00014125326913019264,0.0009040209223803035,0.0,0.007595253120095879,True,True,0.14864864864864866,25.49190920826262,25.508859600558242,0.9117454580350518,218.81890992841244
RA-MTM,25,28,0.11913043805980887,0.08253688968280641,1.3877787807814457e-16,0.1284267222958792,True,True,0.7142857142857143,72.66762506845357,58.37197250127651,4.258975358766475,1022.154086103954
RA-MTM,26,27,8.054705006325472e-06,6.443764005060378e-05,0.0,8.053274367370022e-06,True,True,0.75,93.2806688631695,93.28163542777025,0.3746899142609802,89.92557942263525
RA-MTM,26,29,0.0014378263061817147,0.0034675397901480663,0.0,0.0014378806996656834,True,True,0.6442307692307693,63.235089893319966,63.40762905006177,0.8368074751828557,200.83379404388538
RA-MTM,26,36,0.1510543801384395,0.019027553065692142,0.0,0.019027553065692142,True,True,0.37037037037037035,43.62580953114434,61.75233514775708,1.2614560446786331,302.749450722872
RA-MTM,26,34,1.5694807681132515e-05,0.00012555846144906012,0.0,0.00772081158154494,True,True,0.5555555555555556,30.87829191514292,30.880175292064656,1.1865180618264373,284.76433483834495
RA-MTM,26,28,0.15051423365470254,0.03138379559489367,2.220446049250313e-16,0.15981051789077286,True,True,0.5971014492753624,78.34297182519501,60.2812637866307,2.6228293998268613,629.4790559584467
RA-MTM,27,36,0.02041273825119069,0.1306416418872488,1.1102230246251565e-16,0.11161408882155666,True,True,0.562874251497006,41.290290645513025,43.73981923565591,1.9983462093918944,479.6030902540547
RA-MTM,27,29,0.0001943024001680745,0.00124352390601364,0.0,0.00019435679365204333,True,True,0.6931818181818182,65.34905059276704,65.37236688078721,1.024152432313346,245.79658375520302
RA-MTM,27,27,0.157617838316542,0.1576258930215483,1.1102230246251565e-16,0.15761783974718094,True,True,0.40540540540540543,94.8259251444116,75.91178454642656,0.9242351218437511,221.81642924250028
RA-MTM,27,37,0.17428450498320877,,,,False,False,,55.909802854128586,76.82394345211364,0.7244005009045617,173.8561202170948
RA-MTM,27,28,0.0203397757048549,0.13017445794984764,0.0,0.029636059940925226,True,True,0.2,85.92560040867173,83.48482732408914,0.5245658799653723,125.89581119168935
RA-MTM,28,36,0.26723344054048,0.24682070228928932,0.0,0.13520661346773266,True,True,0.7192118226600985,37.37943955983187,69.44745242468947,2.360546459844175,566.531150362602
RA-MTM,28,29,0.020499941044297525,0.02030563864412945,1.6653345369377348e-16,0.02049999543778149,True,True,0.5104166666666666,69.45458154924391,71.91457447455961,0.7868488199480584,188.84371678753402
RA-MTM,28,27,0.0248870271026122,0.1327308112139298,1.3877787807814457e-16,0.024887028533251154,True,True,0.8378378378378378,94.93231496059728,91.94587170828382,0.7743591561393591,185.84619747344618
RA-MTM,28,28,0.06483923971804183,0.04449946401318693,0.0,0.07413552395411216,True,True,0.18518518518518517,75.24460016591942,67.4638913997544,1.4737803294265222,353.70727906236533
RA-MTM,28,38,3.848773152033876e-16,,,,False,True,,22.20876429456945,22.208764294569495,0.17485529332179076,41.96527039722978
RA-MTM,28,39,0.26463668128927925,,,,False,True,,100.10747273253759,68.35107097782408,0.02497932761739868,5.995038628175683
RA-MTM,29,36,0.1491616375121951,0.11807180302828488,0.0,0.01713481043944777,True,True,0.8068669527896996,36.81240754714625,54.711804048609665,2.8976020036182466,695.4244808683792
RA-MTM,29,29,0.002277784442500419,0.018222156601797105,1.6653345369377348e-16,0.002277838835984388,True,True,0.631578947368421,71.07500519025201,71.34833932335206,1.149049070400339,275.7717768960814
RA-MTM,29,27,0.0027652392019979527,0.022121787900614247,0.0,0.002765240632636908,True,True,0.8529411764705882,95.62738269326479,95.29555398902504,0.7993384837567578,191.84123610162186
RA-MTM,29,28,0.13789423927166963,0.07305499955362779,4.440892098500626e-16,0.14719052350773995,True,True,0.09816971713810316,66.28156828579131,49.734259573190954,15.012575898056607,3603.0182155335856
RA-MTM,30,36,0.008333333333333333,0.14082830417886177,2.1510571102112408e-16,0.12369349373941402,True,True,0.9193548387096774,35.83339408948072,36.83339408948072,3.047477969322639,731.3947126374334
RA-MTM,30,27,0.00037474321365221406,0.0023904959883457384,0.0,0.0003747446442911695,True,True,0.03125,91.57396789582747,91.5289987101892,0.02497932761739868,5.995038628175683
RA-MTM,30,29,0.00030706889389939815,0.001970715548601021,0.0,0.000307123287383367,True,False,0.010869565217391304,73.6536077387362,73.69045600600413,0.01248966380869934,2.9975193140878416
RA-MTM,30,40,0.00041111345070407406,,,,False,False,,71.94690677139417,71.99624038547866,0.01248966380869934,2.9975193140878416
RA-MTM,30,28,0.008333333333333333,0.1295609059383363,0.0,0.01762961756940366,True,True,0.9602595296025953,66.88018217122739,65.88018217122739,15.174941527569699,3641.9859666167276
RA-MTM,31,36,0.0011261232212746108,0.007207210112058723,0.0,0.13090070385147273,True,True,0.8344827586206897,35.97581346665078,36.11094825320373,3.59702317690541,863.2855624572984
RA-MTM,31,27,5.063559044664601e-05,0.00032410762320556806,0.0,5.0637021085601455e-05,True,True,0.08333333333333333,96.5518457172417,96.5457694463881,0.29975193140878414,71.94046353810819
RA-MTM,31,29,4.149823838991059e-05,0.0002655706555094876,0.0,4.15526318738794e-05,True,True,0.013333333333333334,74.85967642232453,74.86465621093132,0.9367247856524504,224.81394855658812
RA-MTM,31,41,5.8719762089746535e-09,,,,False,True,,100.96082321620861,100.96082251157146,0.04995865523479736,11.990077256351366
RA-MTM,31,28,0.0011261263755854383,0.007207206957747895,0.0,0.010422410611655764,True,True,0.9454545454545454,66.0748144383322,65.93967927326194,15.562121105639376,3734.9090653534504
RA-MTM,32,36,0.00017780922590855398,0.0009483139953660568,0.0,0.1318490178468388,True,True,0.7569832402234636,34.99507908257843,35.016416189687455,4.258975358766475,1022.154086103954
RA-MTM,32,29,0.028303043589182408,0.028261545350792498,0.0,0.028303097982666378,True,True,0.44,77.01529146228866,80.41165669299055,0.4121589056870782,98.91813736489877
RA-MTM,32,27,7.999907178894243e-06,4.2635683267751766e-05,0.0,8.001337817849693e-06,True,True,0.19230769230769232,90.23298856434444,90.23202857548297,0.08742764666089538,20.98263519861489
RA-MTM,32,42,9.497784484816899e-09,,,,False,True,,100.27814282927179,100.27814168953765,0.0624483190434967,14.987596570439209
RA-MTM,32,43,9.755803335546413e-09,,,,False,False,,44.63969129392178,44.63969246461818,0.1873449571304901,44.962789711317626
RA-MTM,32,28,0.02847616142052954,0.027350035044944102,0.0,0.037772445656599866,True,True,0.22070626003210272,82.36709195018425,78.9499525797207,3.4346575473923187,824.3178113741565
RA-MTM,33,36,2.52685522450354e-05,0.00015254067366351858,0.0,0.1320015585205023,True,True,0.8504398826979472,34.17584881139034,34.17888103765974,3.622002504522808,869.280601085474
RA-MTM,33,27,1.1549009010754693e-06,6.845006277818774e-06,0.0,1.1563315400309194e-06,True,True,0.1590909090909091,94.94858117216286,94.94844258405473,0.5495452075827709,131.89084981986502
RA-MTM,33,44,4.601714155209417e-07,,,,False,False,,59.13867427816381,59.138729498733674,1.3363940275308295,320.7345666073991
RA-MTM,33,28,0.00406909185210497,0.02440706956842457,0.0,0.013365376088175295,True,True,0.48363636363636364,84.8177418860111,84.32945086375851,1.6611252865570123,398.67006877368294
RA-MTM,34,36,2.433506856351168e-06,2.283504538868423e-05,0.0,0.132024393565891,True,True,0.8135593220338984,33.77253411411133,33.77282613493409,3.059967633131338,734.3922319515211
RA-MTM,34,27,8.213074482436393e-07,3.3359345283182996e-07,0.0,8.227380871990893e-07,True,True,0.23655913978494625,90.0049041032711,90.00480554637731,2.3230774684180773,557.5385924203385
RA-MTM,34,44,8.478969390305716e-07,3.8772552350963e-07,0.0,3.8772552350963e-07,True,False,0.14146341463414633,73.81487082226454,73.81497256989722,1.586187303704816,380.68495288915585
RA-MTM,34,28,0.00045219851032598515,0.0036168933417789853,2.220446049250313e-16,0.00974848274639631,True,True,0.5639097744360902,85.19090627796831,85.13664245672919,0.9367247856524504,224.81394855658812
RA-MTM,35,36,0.054625633972124395,0.054628067478980746,0.0,0.18665246104487174,True,True,0.6938775510204082,32.34140491160425,25.786328834949323,2.123242847478888,509.57828339493307
RA-MTM,35,45,0.12824277682961036,,,,False,True,,64.26675241835505,79.6558856379083,0.1248966380869934,29.975193140878417
RA-MTM,35,27,0.11157611016294358,0.11157528885549534,0.0,0.11157611159358254,True,True,0.6129032258064516,92.15783927939185,78.76870605983862,1.4238216741917247,341.7172018060139
RA-MTM,35,46,0.06486839662443326,,,,False,True,,19.039176783791405,26.823384378723397,0.02497932761739868,5.995038628175683
RA-MTM,35,44,0.08921449062502482,0.08921533852196385,0.0,0.08921495079644035,True,False,0.20618556701030927,86.39803832664533,75.69229945164236,1.3363940275308295,320.7345666073991
RA-MTM,35,28,0.09326289804420528,0.0928106995338793,0.0,0.10255918228027561,True,True,0.72,88.22377710808202,77.03222934277738,0.6744418456697643,161.86604296074344
RA-MTM,36,36,0.03851134197784892,0.016114291994275477,0.0,0.17053816905059627,True,True,0.8135593220338984,31.754664123260124,27.133303085918254,1.8859392351136004,452.6254164272641
RA-MTM,36,45,0.15875343354238355,0.030510656712773178,0.0,0.030510656712773178,True,True,0.2727272727272727,60.853350483671015,79.90376250875704,0.04995865523479736,11.990077256351366
RA-MTM,36,27,0.08987924965536488,0.0216968605075787,0.0,0.08987925108600384,True,True,0.5789473684210527,89.9707033507486,79.18519339210481,0.8243178113741564,197.83627472979754
RA-MTM,36,46,0.03964942671699433,0.025218969907438934,0.0,0.025218969907438934,True,True,0.0273972602739726,23.5747930531661,28.33272425920542,0.9117454580350518,218.81890992841244
RA-MTM,36,44,0.14208676687571695,0.052872276250692116,0.0,0.14208722704713245,True,True,0.2785714285714286,94.89255311010363,77.8421410850176,0.8992557942263525,215.8213906143246
RA-MTM,36,28,0.10850430701993971,0.015241408975734434,0.0,0.11780059125601004,True,True,0.8305084745762712,89.51960562032316,76.4990887779304,0.6744418456697643,161.86604296074344
RA-MTM,37,36,0.008884687219240147,0.029626654758608772,0.0,0.1409115142919875,True,True,0.5496688741721855,29.238257263329274,28.172094797020456,1.0366420961220453,248.79410306929086
RA-MTM,37,27,0.014979872695080469,0.07489937696028441,0.0,0.014979874125719423,True,True,0.7837837837837838,91.8066998459196,90.00911512250994,0.8243178113741564,197.83627472979754
RA-MTM,37,47,0.12606036154936612,,,,False,False,,72.45891706159678,87.58616044752071,0.1248966380869934,29.975193140878417
RA-MTM,37,48,0.018450831524786437,,,,False,False,,84.74716402645934,86.96126380943372,0.1248966380869934,29.975193140878417
RA-MTM,37,46,0.009074370718769693,0.03057505599822464,0.0,0.055794025905663576,True,True,0.477124183006536,28.320060475481352,29.408984961733715,1.910918562730999,458.6204550554398
RA-MTM,37,44,0.10939369488269944,0.0326930719930175,0.0,0.10939415505411496,True,True,0.18055555555555555,99.51669162845764,86.3894482425337,0.16236562951309141,38.96775108314194
RA-MTM,37,49,1.1069251589409153e-09,,,,False,True,,83.89381354278835,83.89381367561937,0.0624483190434967,14.987596570439209
RA-MTM,37,28,0.08412419337874048,0.02438011364119923,0.0,0.09342047761481082,True,True,0.12962962962962962,95.84072031418252,85.74581710873366,0.08742764666089538,20.98263519861489
RA-MTM,38,36,0.0014028431570461742,0.007481844062193973,0.0,0.13342967022979352,True,True,0.8795180722891566,29.209244191925386,29.040903013079845,0.9117454580350518,218.81890992841244
RA-MTM,38,27,0.0023652436843584943,0.012614629010721974,0.0,0.0023652451149974497,True,True,0.5303030303030303,90.91566895128122,90.6318397091582,0.43713823330447693,104.91317599307446
RA-MTM,38,50,0.015256895312011782,,,,False,False,,75.90145779328422,77.73228523072564,0.512076216156673,122.89829187760151
RA-MTM,38,51,3.0949154942542617e-09,,,,False,False,,88.51194557206678,88.51194520067692,0.21232428474788875,50.957828339493304
RA-MTM,38,46,0.0014327932638643404,0.007641577454905354,0.0,0.06343560336056893,True,True,0.6,35.48701122254804,35.65894641421176,2.685277718870358,644.4666525288859
RA-MTM,38,28,0.026130688287691703,0.05799350509104879,0.0,0.03542697252376203,True,True,0.051470588235294115,79.8153002017137,76.67961760719069,1.69859427798311,407.66262671594643
RA-MTM,39,36,0.03453786629662637,0.033135023139580194,0.0,0.1665646933693737,True,True,0.6947368421052632,33.25522006858349,29.110676112988326,1.0990904151655418,263.78169963973005
RA-MTM,39,27,0.0062621484513458135,0.0038969047669873192,0.0,0.006262149881984769,True,True,0.05,98.03505012933655,97.28359231517506,0.08742764666089538,20.98263519861489
RA-MTM,39,52,5.488077224669041e-07,,,,False,False,,94.13401934684052,94.13395348991382,0.02497932761739868,5.995038628175683
RA-MTM,39,53,7.369121428032106e-07,,,,False,False,,92.42731837949847,92.42722995004134,0.01248966380869934,2.9975193140878416
RA-MTM,39,54,7.369121428032106e-07,,,,False,False,,90.72061741215646,90.72052898269932,0.01248966380869934,2.9975193140878416
RA-MTM,39,50,0.04087707740261557,0.025620182090603787,0.0,0.025620182090603787,True,True,0.10810810810810811,77.30289517297159,82.20814446128546,1.5362286484700187,368.6948756328045
RA-MTM,39,51,0.005821288118406661,0.005821291213322155,2.220446049250313e-16,0.005821291213322155,True,True,0.012658227848101266,97.30360685761849,98.00216143182729,0.7868488199480584,188.84371678753402
RA-MTM,39,46,0.03454372126942736,0.03311092800556302,0.0,0.030324675355005905,True,True,0.2372093023255814,25.899445378009347,30.04469193034063,0.6369728542436663,152.87348501847993
RA-MTM,39,55,2.7040383846118253e-07,,,,False,False,,43.78634081025076,43.78630836179015,0.04995865523479736,11.990077256351366
RA-MTM,39,56,1.7501276460052394e-06,,,,False,True,,76.21365918974924,76.21344917443172,0.04995865523479736,11.990077256351366
RA-MTM,39,28,0.04290426825288745,0.01677357996519575,0.0,0.05220055248895778,True,True,0.04411764705882353,86.45386499380139,81.3053528034549,0.07493798285219604,17.985115884527048
RA-MTM,40,36,0.008421123751828751,0.02611674254479762,0.0,0.1404479508245761,True,True,0.6692913385826772,36.45027939417576,35.43974454395631,1.5487183122787183,371.69239494689236
RA-MTM,40,50,0.07895925231292118,0.03808217491030561,0.0,0.0637023570009094,True,True,0.41414141414141414,83.14102624742874,92.61613652497928,3.709430151183704,890.263236284089
RA-MTM,40,51,0.07036221584560162,0.07618350396400828,1.1102230246251565e-16,0.07036221275068613,True,True,0.47619047619047616,99.53857241009031,91.09510650861812,0.3746899142609802,89.92557942263525
RA-MTM,40,46,0.00842188744393327,0.02612183382549409,1.1796119636642288e-16,0.056446509180499996,True,False,0.32,35.46617359445839,36.47680008773038,0.5995038628175683,143.88092707621638
RA-MTM,40,57,0.0,,,,False,False,,60.28445016122367,60.28445016122367,0.22481394855658812,53.95534765358115
RA-MTM,40,28,0.008102154214954164,0.03480211403793329,2.220446049250313e-16,0.01739843845102449,True,True,0.26666666666666666,91.24575617133861,90.27349766554411,0.16236562951309141,38.96775108314194
RA-MTM,41,36,0.008793927851384175,0.0003728040995554238,0.0,0.1408207549241315,True,True,0.5978835978835979,41.398877097508276,40.343605755342175,2.2231601579484828,533.5584379076358
RA-MTM,41,50,0.030448003211223807,0.04851124910169737,1.6653345369377348e-16,0.015191107899212023,True,True,0.8461538461538461,82.79977446115889,86.45353484650575,4.383871996853468,1052.1292792448323
RA-MTM,41,46,0.008794019656191665,0.0003721322122583951,1.3877787807814457e-16,0.0560743769682416,True,False,0.4098360655737705,40.46276524226894,41.518047601011936,0.4746072247305749,113.90573393533798
RA-MTM,41,57,8.188855341965488e-09,8.188855341965488e-09,0.0,8.188855341965488e-09,True,False,0.22580645161290322,66.82680386936809,66.82680485203073,0.2497932761739868,59.950386281756835
RA-MTM,41,58,0.022868125797226687,,,,False,False,,87.47372288892042,84.72954779325322,0.512076216156673,122.89829187760151
RA-MTM,42,50,0.0033831114679137167,0.02706489174331009,1.6653345369377348e-16,0.011873783844098066,True,True,0.7236467236467237,84.76732191190038,85.17329528805003,3.172374607409632,761.3699057783117
RA-MTM,42,36,0.04585026977767003,0.03705634192628585,0.0,0.1778770968504174,True,True,0.6230366492146597,43.631186176856,38.129153803535594,1.6486356227483128,395.6725494595951
RA-MTM,42,46,0.045850279978204254,0.03705626032201259,0.0,0.01901811664622901,True,True,0.2786885245901639,33.90772419419479,39.4097577915793,1.4737803294265222,353.70727906236533
RA-MTM,42,58,0.0025409028663585078,0.02032722293086818,0.0,0.02032722293086818,True,True,0.14963503649635038,81.15312585800552,80.8482175140425,3.422167883583619,821.3202920600686
RA-MTM,43,50,0.0003759339506782311,0.0030071775172354855,0.0,0.014880961361333551,True,True,0.547244094488189,90.20492359468616,90.25003566876755,1.7360632694092082,416.65518465821
RA-MTM,43,46,0.005094505538207391,0.04075577443999687,0.0,0.059773891086225876,True,False,0.405982905982906,42.593267859146735,43.20460852373162,2.635319063635561,632.4765752725345
RA-MTM,43,58,0.0002823803613483259,0.0022585225050101815,0.0,0.022585745435878362,True,True,0.6825938566552902,85.90444755910916,85.87056191574736,2.7352363741051553,656.4567297852373
RA-MTM,44,50,0.0031276983592738597,0.0027517644085956285,0.0,0.012129196952737923,True,True,0.775,92.00358572553769,92.37890952865055,1.811001252261404,434.640300542737
RA-MTM,44,46,0.0005660561709118994,0.004528449367295491,1.6653345369377348e-16,0.06430234045352137,True,False,0.5933333333333334,50.2775574107595,50.34548415126893,3.3347402369227237,800.3376568614538
RA-MTM,44,58,0.0031173035160149947,0.002834923154666669,0.0,0.01975082228121169,True,True,0.4748858447488584,91.47550437848082,91.10142795655902,1.2989250361047313,311.74200866513553
RA-MTM,45,59,7.864468720697459e-09,,,,False,True,,21.769898331538645,21.76989927527489,0.1248966380869934,29.975193140878417
RA-MTM,45,60,0.02869835627882266,,,,False,True,,63.413401934684046,59.96959918122533,0.02497932761739868,5.995038628175683
RA-MTM,45,50,0.017849404731926675,0.014721706372652814,0.0,0.00259250941991489,True,True,0.9078947368421053,92.15660029502352,94.29852886285472,1.811001252261404,434.640300542737
RA-MTM,45,46,0.02307189665147676,0.02250584048056486,1.1102230246251565e-16,0.04179649997295651,True,False,0.6048632218844985,58.522166978470096,61.29079457664731,3.259802254070528,782.3525409769267
RA-MTM,45,61,7.88422269693001e-09,,,,False,True,,71.94690677139417,71.94690582528744,0.01248966380869934,2.9975193140878416
RA-MTM,45,58,0.01784732585320666,0.014730022337191666,0.0,0.0050207999440200265,True,True,0.125,95.4468662447959,93.3051871424111,0.16236562951309141,38.96775108314194
RA-MTM,46,59,1.7497634473192154e-07,1.6711187601122408e-07,0.0,1.6711187601122408e-07,True,True,0.37037037037037035,22.579001012352638,22.579022009514006,0.33722092283488214,80.93302148037172
RA-MTM,46,50,0.003077447855200788,0.014771956876725886,2.220446049250313e-16,0.012179447456810995,True,True,0.5655172413793104,94.80004899263253,95.16934273525662,1.024152432313346,245.79658375520302
RA-MTM,46,46,0.003977916509539151,0.019093980141937607,0.0,0.06089048011489411,True,False,0.5793103448275863,65.7871890669263,66.264539048071,2.46046377031377,590.5113048753047
RA-MTM,46,62,2.419485552647889e-07,,,,False,True,,23.981498335052677,23.981469301226046,0.5995038628175683,143.88092707621638
RA-MTM,46,63,5.077334617927439e-08,,,,False,True,,75.36030870607823,75.36031479887977,0.01248966380869934,2.9975193140878416
RA-MTM,47,59,2.157642322586639e-08,1.5339992150605516e-07,1.1102230246251565e-16,1.3711954505168934e-08,True,True,0.5,20.258248903321423,20.25825149249221,0.26228293998268615,62.947905595844674
RA-MTM,47,50,0.00041587217825499087,0.002661575676945797,0.0,0.014841023133756792,True,True,0.6585365853658537,96.69407079785353,96.74397545924413,0.6744418456697643,161.86604296074344
RA-MTM,47,64,0.03523624369199266,,,,False,False,,67.2534791112036,71.48182835424272,0.04995865523479736,11.990077256351366
RA-MTM,47,62,3.143978724769643e-08,2.1050876801709252e-07,0.0,2.1050876801709252e-07,True,True,0.3380281690140845,29.627934193850006,29.627930421075536,1.7735322608353064,425.6477426004735
RA-MTM,47,46,0.029937033211368914,0.03391494972090806,1.1102230246251565e-16,0.09480542983580217,True,True,0.49722222222222223,73.4939164201545,69.90147243479024,4.271465022575174,1025.1516054180418
RA-MTM,48,50,5.642349146780153e-05,0.00035944868678718935,2.220446049250313e-16,0.015200471820543982,True,True,0.2962962962962963,97.01407722923015,97.02084804820629,0.19983462093918944,47.960309025405465
RA-MTM,48,64,0.05625304725451971,0.02101680356252705,0.0,0.02101680356252705,True,False,0.06451612903225806,70.26773323900932,77.01809890955168,0.7743591561393591,185.84619747344618
RA-MTM,48,62,2.3186148840892428e-07,2.0042170116122784e-07,0.0,1.0087066855864653e-08,True,False,0.07746478873239436,35.485567923632736,35.48554010025413,0.13738630189569273,32.972712454966256
RA-MTM,48,65,5.372508660173025e-10,,,,False,False,,28.42603210417254,28.426032039702434,0.07493798285219604,17.985115884527048
RA-MTM,48,46,0.055536172156062706,0.025599138944693796,1.6653345369377348e-16,0.12040456878049598,True,True,0.5702479338842975,82.2769389421485,75.61259828342098,2.8476433483834493,683.4344036120278
RA-MTM,49,66,0.10229933383274278,,,,False,True,,47.56546438079382,35.289544320864685,0.08742764666089538,20.98263519861489
RA-MTM,49,67,5.505521964247843e-13,,,,False,True,,91.57396789582747,91.5739678957614,0.02497932761739868,5.995038628175683
RA-MTM,49,64,0.05284765732854192,0.0034053899259777866,0.0,0.017611413636549264,True,False,0.1774193548387097,73.03298920515728,79.37470808458231,0.13738630189569273,32.972712454966256
RA-MTM,49,62,3.6672916733001176e-08,1.951885716759231e-07,0.0,2.0527563853178777e-07,True,False,0.05813953488372093,45.70637939851054,45.706374997760534,0.9991731046959472,239.80154512702734
RA-MTM,49,65,0.08614680213261504,0.08614680266986591,0.0,0.08614680266986591,True,True,0.13333333333333333,25.561212623276997,35.8988288791908,0.3497105866435815,83.93054079445956
RA-MTM,49,46,0.052734559059619456,0.0028016130964432524,0.0,0.11760295568405273,True,True,0.7763713080168776,84.56588231749298,78.23773523033864,2.4105051150789722,578.5212276189534
RA-MTM,50,66,0.1002621114113952,0.002037222421347599,1.6653345369377348e-16,0.002037222421347599,True,True,0.2,42.93299032657975,30.901536957212326,0.0624483190434967,14.987596570439209
RA-MTM,50,68,0.09233922287524352,,,,False,True,,20.380156115274424,31.460862860303646,0.17485529332179076,41.96527039722978
RA-MTM,50,69,0.04282953894973905,,,,False,False,,77.06700967342024,82.20655434738893,0.01248966380869934,2.9975193140878416
RA-MTM,50,62,5.790460555488153e-09,3.0882456177513024e-08,0.0,2.361580947093008e-07,True,False,0.36363636363636365,55.77444381189112,55.77444311703585,1.811001252261404,434.640300542737
RA-MTM,50,65,0.0199523660901173,0.06619443604249774,2.0816681711721685e-16,0.019952366627368167,True,False,0.48717948717948717,29.79139287804616,32.18567680886024,0.3746899142609802,89.92557942263525
RA-MTM,50,46,0.04439348949340432,0.008341069566215135,0.0,0.10926188611783759,True,True,0.6321243523316062,86.64971592447995,81.32249718527143,1.5237389846613194,365.6973563187167
RA-MTM,51,68,0.008333333333333333,0.08400588954191018,2.220446049250313e-16,0.08400588954191018,True,True,0.23333333333333334,21.51389318643734,22.51389318643734,0.7493798285219604,179.8511588452705
RA-MTM,51,62,5.04191414544645e-10,6.2946519700327976e-09,1.1102230246251565e-16,2.4245274667933356e-07,True,False,0.4101694915254237,64.7233421605407,64.72334222104367,3.3846988921575214,812.3277341178051
RA-MTM,51,65,0.0022169283001439353,0.017735437789973368,1.1102230246251565e-16,0.002216928837394801,True,True,0.5357142857142857,30.77274593426782,31.038777330285093,0.699421173287163,167.86108158891912
RA-MTM,51,46,0.004932612628310669,0.039460876865093655,0.0,0.06980100925274393,True,True,0.5245901639344263,89.06725085004385,88.47533733464657,0.7993384837567578,191.84123610162186
RA-MTM,52,68,0.0009259430281158683,0.007407390305217465,0.0,0.09141327984712765,True,True,0.32432432432432434,21.06027003459118,21.171383197965085,0.4746072247305749,113.90573393533798
RA-MTM,52,62,2.3638905351693514e-09,1.8596991206247063e-09,0.0,2.4431244579995827e-07,True,False,0.5620253164556962,72.25766446197959,72.25766474564645,4.321423677809972,1037.1416826743932
RA-MTM,52,65,0.0002463029987319546,0.0019706253014119806,0.0,0.00024630353598282064,True,True,0.7432432432432432,30.027525477637315,30.05708183748515,0.9117454580350518,218.81890992841244
RA-MTM,52,46,0.0005480652997862971,0.0043845473285243726,0.0,0.06541646192421956,True,True,0.453125,95.36990625422611,95.30413841825175,0.3622002504522808,86.9280601085474
RA-MTM,53,68,0.00012512314934799799,0.0008008198787678704,0.0,0.09221409972589552,True,True,0.64,22.60773335187018,22.62274812979194,0.5495452075827709,131.89084981986502
RA-MTM,53,70,5.220324320968454e-10,,,,False,False,,58.42458372245351,58.42458365980962,0.16236562951309141,38.96775108314194
RA-MTM,53,65,3.3288742246255036e-05,0.0002130142564856996,0.0,3.328927949712105e-05,True,False,0.1506849315068493,29.434537221238283,29.438531870307834,0.13738630189569273,32.972712454966256
RA-MTM,53,62,8.841417079944828e-10,1.4797488271748686e-09,2.220446049250313e-16,2.428326969727834e-07,True,False,0.37283236994219654,81.34037721180384,81.34037731790085,1.6111666313222148,386.6799915173316
RA-MTM,53,46,7.406328146094172e-05,0.00047400201832535535,2.220446049250313e-16,0.06494245990589421,True,True,0.13793103448275862,100.10747273253759,100.09858513876227,0.04995865523479736,11.990077256351366
RA-MTM,54,68,1.3853552657187388e-05,0.00011126959669081061,0.0,0.09232536932258632,True,True,0.5294117647058824,23.657308813069818,23.65897123938868,0.4246485694957775,101.91565667898661
RA-MTM,54,70,6.515367429571484e-07,6.520587753892452e-07,0.0,6.520587753892452e-07,True,False,0.13793103448275862,59.74201031889016,59.742088503299314,1.0741110875481432,257.7866610115544
RA-MTM,54,62,6.148255293917752e-07,6.157096710997697e-07,0.0,3.7287697412698625e-07,True,True,0.5695364238410596,86.59609007441315,86.59601629534963,1.3488836913395286,323.7320859214869
RA-MTM,55,70,1.0180543803528508e-07,5.497313049218633e-07,1.6653345369377348e-16,1.0232747046738193e-07,True,False,0.32926829268292684,68.39127975609829,68.39129197275085,1.6486356227483128,395.6725494595951
RA-MTM,55,62,9.744471268409901e-08,5.173808167076762e-07,0.0,1.4450384258068994e-07,True,False,0.23148148148148148,87.58028763224715,87.58027593888163,0.3122415952174835,74.93798285219604
RA-MTM,55,71,1.5374273705977732e-10,,,,False,True,,55.278127323687066,55.27812730523794,0.3746899142609802,89.92557942263525
RA-MTM,56,72,8.857334569493483e-09,,,,False,True,,19.039176783791405,19.039177846671553,0.02497932761739868,5.995038628175683
RA-MTM,56,73,1.6997007416345392e-08,,,,False,True,,20.380156115274424,20.380158154915314,0.17485529332179076,41.96527039722978
RA-MTM,56,70,1.6597312442930465e-08,8.520812559235462e-08,0.0,1.711934487502731e-08,True,True,0.20583468395461912,78.72351355348762,78.72351554516511,7.643674250923996,1834.481820221759
RA-MTM,56,74,2.5359331298583733e-07,,,,False,True,,23.81793949234907,23.817969923546627,0.3122415952174835,74.93798285219604
RA-MTM,56,71,2.012692753794454e-07,2.0111553264238561e-07,0.0,2.0111553264238561e-07,True,True,0.28125,64.86318017575951,64.86315602344646,1.1615387342090386,278.7692962101693
RA-MTM,57,72,0.0010412346350862597,0.00104122577775169,2.220446049250313e-16,0.00104122577775169,True,True,0.3333333333333333,19.323626945015075,19.448575101225426,0.07493798285219604,17.985115884527048
RA-MTM,57,73,0.0010412354836658367,0.001041252480673253,0.0,0.001041252480673253,True,True,0.35714285714285715,19.039176783791405,18.914228525751504,0.0624483190434967,14.987596570439209
RA-MTM,57,75,8.961019185941647e-08,,,,False,True,,98.57144186192976,98.57145261515278,0.43713823330447693,104.91317599307446
RA-MTM,57,76,0.0035340185352694675,,,,False,False,,69.07044446688514,69.49452669111747,1.1115800789742414,266.7792189538179
RA-MTM,57,70,1.8877865315403142e-08,2.280552872472678e-09,2.220446049250313e-16,1.9399897747499987e-08,True,False,0.20588235294117646,81.11703815941446,81.1170404247583,1.5736976398961169,377.68743357506804
RA-MTM,57,77,7.599798479418496e-08,,,,False,True,,97.64223800193243,97.6422471216906,0.22481394855658812,53.95534765358115
RA-MTM,57,71,0.0028997462392769792,0.0028995449700015994,0.0,0.002899746085534242,True,True,0.7586206896551724,68.71801304939574,68.3700435006825,1.3863526827656267,332.72464386375043
RA-MTM,58,72,0.00011569273723181321,0.0009255418978544465,1.1102230246251565e-16,0.00011568387989724371,True,True,0.5454545454545454,20.590723117738698,20.604606246206515,0.13738630189569273,32.972712454966256
RA-MTM,58,76,0.013347264625006024,0.01688128316027549,0.0,0.01688128316027549,True,False,0.45348837209302323,72.04231241553131,70.44064066053059,2.0108358732005938,482.6006095681425
RA-MTM,58,70,2.0975406300749453e-09,1.6780324685328196e-08,2.203098814490545e-16,2.619573062171791e-09,True,True,0.31088082901554404,89.49770569539955,89.49770594710442,1.586187303704816,380.68495288915585
RA-MTM,58,71,0.013417739324560666,0.016317485563837646,1.1102230246251565e-16,0.013417739478303404,True,True,0.5414634146341464,70.47331618007931,72.08344489902659,2.560381080783365,614.4914593880076
RA-MTM,59,72,1.5634153679962754e-05,0.00010005858355185045,0.0,1.5625296345393263e-05,True,True,0.4230769230769231,21.139731820520048,21.141607918961643,0.32473125902618283,77.93550216628388
RA-MTM,59,76,0.10564146997227344,0.11898873459727947,1.6653345369377348e-16,0.10210745143700398,True,True,0.47368421052631576,71.76958719037168,84.4465635870445,2.8851123398095475,692.4269615542914
RA-MTM,59,78,5.921189464667501e-17,,,,False,True,,27.690385135490637,27.690385135490644,0.7244005009045617,173.8561202170948
RA-MTM,59,70,0.10744515409760638,0.10744515619514701,0.0,0.10744515357557395,True,True,0.3103448275862069,95.92199178881785,83.02857329710508,0.7868488199480584,188.84371678753402
RA-MTM,59,71,0.0018132080168326088,0.011604531307728058,0.0,0.001813208170575346,True,True,0.6869565217391305,68.65474588903496,68.87233085105487,2.2856084769919796,548.5460344780751
RA-MTM,60,72,0.004391454484846087,0.004407088638526051,0.0,0.004391463342180657,True,True,0.8571428571428571,20.811520096031195,20.284545557849665,0.32473125902618283,77.93550216628388
RA-MTM,60,76,0.1250322486894118,0.019390778717138346,1.942890293094024e-16,0.12149823015414232,True,True,0.6133333333333333,69.55887458784056,84.56274443056998,3.1598849436009333,758.372386464224
RA-MTM,60,78,0.0043934937222826305,0.004393493722282571,0.0,0.004393493722282571,True,True,0.015151515151515152,20.366610869501866,20.89383011617578,0.11240697427829406,26.977673826790575
RA-MTM,60,79,5.921189464667501e-17,,,,False,False,,52.225028926552994,52.225028926553,0.11240697427829406,26.977673826790575
RA-MTM,60,70,0.12526751183619436,0.017822357738587986,0.0,0.12526751131416194,True,True,0.11904761904761904,98.20807972049565,83.17597830015232,0.38717957806967956,92.92309873672309
RA-MTM,60,71,0.00023650539350003423,0.0015767026233325747,2.220446049250313e-16,0.00023650554724277128,True,True,0.36065573770491804,64.78393452967083,64.81231517689083,0.8243178113741564,197.83627472979754
RA-MTM,61,72,0.0005734011075175201,0.0038180533773285673,0.0,0.0005734099648520896,True,True,0.7777777777777778,20.202836534251876,20.134028401349774,0.27477260379138546,65.94542490993251
RA-MTM,61,76,0.11635811225379555,0.008674136435616238,0.0,0.11282409371852609,True,True,0.7758620689655172,69.78421699598377,83.74719046643924,3.2722919178792274,785.3500602910145
RA-MTM,61,80,1.9439174986738786e-07,,,,False,True,,92.25664828276426,92.25667160977424,0.1248966380869934,29.975193140878417
RA-MTM,61,78,0.0005732914387468924,0.003820202283535738,2.220446049250313e-16,0.0005732914387468331,True,True,0.1956521739130435,23.15752042237759,23.226315395027218,0.5745245352001696,137.8858884480407
RA-MTM,61,71,3.136893475013854e-05,0.00020513645874989568,0.0,3.13690884928756e-05,True,True,0.37714285714285717,67.42171106369877,67.42547533586878,2.185691166522384,524.5658799653722
RA-MTM,61,70,0.1163887897595643,0.00887872207663006,2.220446049250313e-16,0.11638878923753188,True,True,0.4117647058823529,96.34269118693018,82.37603641578247,0.21232428474788875,50.957828339493304
RA-MTM,62,72,6.37152320626851e-05,0.000509685875454835,0.0,6.37240893972546e-05,True,True,0.8076923076923077,20.81414578982711,20.806499961979586,0.3122415952174835,74.93798285219604
RA-MTM,62,76,0.09559981663981425,0.020758295613981303,1.942890293094024e-16,0.09206579810454478,True,True,0.6,74.52369058483218,85.99566858160989,3.821837125461998,917.2409101108796
RA-MTM,62,78,6.37019348574519e-05,0.0005095895038894404,1.1102230246251565e-16,6.370193485739269e-05,True,True,0.5348837209302325,25.74690849264726,25.754552724830155,1.0741110875481432,257.7866610115544
RA-MTM,62,71,3.4864921591548635e-06,2.7882442590983677e-05,1.1102230246251565e-16,3.4866459018919233e-06,True,True,0.5108225108225108,73.94786652620897,73.94828490526807,2.1732015027136855,521.5683606512845
RA-MTM,62,70,0.09560322592593286,0.020785563833631452,0.0,0.09560322540390041,True,True,0.7647058823529411,95.97200500397805,84.49961789286611,0.16236562951309141,38.96775108314194
RA-MTM,63,72,0.002655956632577805,0.00259224140051512,0.0,0.0026559654899123747,True,True,0.8064516129032258,21.68181053967583,21.363095743766493,0.38717957806967956,92.92309873672309
RA-MTM,63,81,1.1592196832073872e-10,,,,False,True,,94.79044279581821,94.79044278190757,0.32473125902618283,77.93550216628388
RA-MTM,63,76,0.1418716478455964,0.04627183120578214,0.0,0.13833762931032692,True,True,0.5620915032679739,66.25128842689237,83.27588616836394,2.1482221750962864,515.5733220231087
RA-MTM,63,78,9.488915020335515e-06,5.421301983711639e-05,0.0,9.488915020276304e-06,True,True,0.5826771653543307,30.62990248374028,30.63104115354272,1.436311338000424,344.7147211201018
RA-MTM,63,71,5.188064915747266e-07,2.967685667580137e-06,2.1510571102112408e-16,5.189602343117865e-07,True,False,0.5347826086956522,80.41366911217472,80.4137313689537,2.2356498217571814,536.5559572217236
RA-MTM,63,82,0.003109600560734756,,,,False,True,,21.59922823480444,21.97238030209261,0.04995865523479736,11.990077256351366
RA-MTM,63,70,0.1418721572677768,0.04626893134184395,0.0,0.14187215674574435,True,True,0.23076923076923078,99.25412224886657,82.22946337673335,0.03746899142609802,8.992557942263524
RA-MTM,64,72,0.0002954672296313336,0.0023604894029464712,0.0,0.0002954760869659031,True,True,0.7878787878787878,22.45257871847545,22.41712265091969,0.3497105866435815,83.93054079445956
RA-MTM,64,76,0.05227636416338382,0.08959528368221256,0.0,0.04874234562811435,True,True,0.8019323671497585,66.4447066378737,72.71787033747975,2.510422425548567,602.5013821316561
RA-MTM,64,78,1.2085431723818374e-06,8.280371847953679e-06,1.6653345369377348e-16,1.2085431723226256e-06,True,True,0.460431654676259,23.77139310233066,23.771538127511345,1.0990904151655418,263.78169963973005
RA-MTM,64,71,0.03651279429201715,0.03651331309850872,0.0,0.036512794138274414,True,True,0.19691969196919692,73.13352394560775,68.75198863056569,11.3531044021077,2724.745056505848
RA-MTM,64,82,0.00034499772405522934,0.002764602836679527,2.220446049250313e-16,0.002764602836679527,True,True,0.23529411764705882,25.66519230406044,25.706592030947068,0.21232428474788875,50.957828339493304
RA-MTM,65,72,0.004279632336729003,0.003984165107097671,0.0,0.004279641194063573,True,True,0.75,21.88367839602811,21.37012251562063,0.26228293998268615,62.947905595844674
RA-MTM,65,76,0.005808485742331134,0.04646787842105269,0.0,0.0022744672070616665,True,True,0.4427860696517413,66.73092179255111,67.42794008163085,1.1115800789742414,266.7792189538179
RA-MTM,65,78,0.004246936951136041,0.004245728407963659,0.0,0.004246936951135982,True,True,0.52,21.625895437419167,22.135527871555492,0.7993384837567578,191.84123610162186
RA-MTM,65,71,0.004056977180995602,0.032455817111021544,1.1102230246251565e-16,0.004056977027252866,True,True,0.7033898305084746,78.64918739421805,78.16235013249857,8.73027500228084,2095.2660005474013
RA-MTM,65,82,3.833224030476145e-05,0.00030666548375046787,1.6653345369377348e-16,0.003071268320429995,True,True,0.68,25.93424869185318,25.938848560689753,0.3122415952174835,74.93798285219604
RA-MTM,66,72,0.00047550868467312785,0.003804123652055876,0.0,0.00047551754200769736,True,True,0.19047619047619047,19.46585202562691,19.408790983466133,0.04995865523479736,11.990077256351366
RA-MTM,66,76,0.0006453750117117352,0.005163110730619399,0.0,0.0028886435235577325,True,False,0.2523809523809524,69.94594701657944,70.02339201798485,2.1732015027136855,521.5683606512845
RA-MTM,66,78,0.00047188928294182494,0.0037750476681942167,0.0,0.00047188928294176574,True,True,0.26556016597510373,27.29649349715568,27.3531202111087,3.0100089778965406,722.4021546951698
RA-MTM,66,71,0.0004507766026681755,0.0036062005783274267,0.0,0.00045077644892543844,True,True,0.6123032904148784,84.3284640227889,84.27437083046873,5.345576110123318,1282.9382664295963
RA-MTM,67,72,5.283429829582668e-05,0.0004226743863773012,0.0,5.284315563039617e-05,True,True,0.25,19.039176783791405,19.032836667995905,0.01248966380869934,2.9975193140878416
RA-MTM,67,76,0.05566087018713025,0.05501549517541851,2.220446049250313e-16,0.05212685165186078,True,True,0.42962962962962964,76.52760788621097,83.2069123086666,5.058313842523233,1213.9953222055758
RA-MTM,67,78,5.2432142547657416e-05,0.0004194571403941675,0.0,5.2432142547598205e-05,True,True,0.7403846153846154,29.782350753715896,29.788642610821615,3.771878470227201,905.2508328545282
RA-MTM,67,71,0.05563924814168395,0.05518847153901577,0.0,0.05563924798794121,True,True,0.6,87.30721547747241,80.63050570047034,3.2473125902618283,779.3550216628388
RA-MTM,68,83,0.07792418013464797,,,,False,True,,47.19974274493482,37.84884112877706,0.02497932761739868,5.995038628175683
RA-MTM,68,84,0.05395367797293993,,,,False,False,,75.36030870607823,81.83475006283102,0.07493798285219604,17.985115884527048
RA-MTM,68,76,0.009596701756401652,0.046064168430728594,0.0,0.006062683221132185,True,False,0.04197530864197531,85.60051451013037,86.75211872089857,0.21232428474788875,50.957828339493304
RA-MTM,68,78,0.06449801668773407,0.06444558454518641,0.0,0.06449801668773401,True,True,0.7632978723404256,31.74251611688844,39.48227811941653,4.508768634940462,1082.1044723857108
RA-MTM,68,71,0.05424429351927505,0.0013949546224088986,1.1102230246251565e-16,0.05424429336553231,True,True,0.532319391634981,87.37882530826998,80.86951008595697,1.7860219246440054,428.64526191456133
RA-MTM,69,83,0.04185937939407473,0.036064800740573236,0.0,0.036064800740573236,True,True,0.038461538461538464,41.652964601073215,36.62983907378425,0.6494625180523657,155.87100433256776
RA-MTM,69,84,0.08795359390078279,0.03399991592784287,0.0,0.03399991592784287,True,False,0.06,77.7667570700305,88.32118833812443,1.248966380869934,299.7519314087842
RA-MTM,69,76,0.0712869272341159,0.08088362899051754,0.0,0.07482094576938536,True,True,0.022222222222222223,95.6855656807877,87.1311344126938,1.51124932085262,362.6998370046288
RA-MTM,69,78,0.04036758345552881,0.024130433232205265,1.6653345369377348e-16,0.040367583455528745,True,True,0.7794759825327511,33.865671530921254,38.70978154558471,5.6703073691495005,1360.8737685958802
RA-MTM,69,71,0.038917241532009685,0.015327051987265368,0.0,0.038917241378266944,True,True,0.6923076923076923,89.85864722663018,85.18857824278902,1.2364767170612345,296.7544120946963
RA-MTM,70,83,0.006666793287273857,0.03519258610680088,0.0,0.07125738684737411,True,True,0.3269230769230769,36.60815732995931,35.80814213548645,0.21232428474788875,50.957828339493304
RA-MTM,70,84,0.07320281968180413,0.014750774218978671,0.0,0.019249141708864197,True,True,0.3009118541033435,85.25188961741114,94.03622797922763,4.096609729253384,983.1863350208121
RA-MTM,70,76,0.06499224598862163,0.00629468124549426,2.220446049250313e-16,0.0685262645238911,True,True,0.14049586776859505,100.2580639943619,92.45899447572731,0.21232428474788875,50.957828339493304
RA-MTM,70,78,0.006501059170560097,0.03386652428496871,1.6653345369377348e-16,0.006501059170560038,True,True,0.7766323024054983,37.392097358467616,38.17222445893483,7.244005009045616,1738.561202170948
RA-MTM,70,71,0.010682861685169935,0.028234379846839748,0.0,0.010682861531427197,True,True,0.7171717171717171,92.86000313178238,91.57805972956199,0.8867661304176532,212.82387130023676
RA-MTM,71,85,9.898910830289747e-07,,,,False,True,,20.745877751133428,20.74599653806339,0.03746899142609802,8.992557942263524
RA-MTM,71,83,0.0010526524788906737,0.005614140808383183,0.0,0.07687152765575729,True,True,0.65,34.82616073170514,34.699842434238256,0.19983462093918944,47.960309025405465
RA-MTM,71,86,9.861425757170159e-07,,,,False,True,,94.13401934684052,94.1341376839496,0.01248966380869934,2.9975193140878416
RA-MTM,71,84,0.05280872484727593,0.020394094834528195,2.220446049250313e-16,0.001144953125663998,True,False,0.3079268292682927,85.3301460400564,91.66719302172952,1.2614560446786331,302.749450722872
RA-MTM,71,78,0.001026486355633279,0.005474572814926818,0.0,0.0010264863556332198,True,True,0.8008982035928144,41.09753342751207,41.22071179018806,7.781060552819688,1867.4545326767252
RA-MTM,71,71,0.04293713577630361,0.032254274091133676,0.0,0.04293713562256087,True,True,0.5352112676056338,95.88563349753365,90.73317720437721,0.4746072247305749,113.90573393533798
RA-MTM,72,83,0.00017869083499662727,0.0008739616438940464,0.0,0.07774548929965135,True,True,0.2191780821917808,39.49620892658963,39.474766026390036,0.9117454580350518,218.81890992841244
RA-MTM,72,87,3.0597782085806104e-10,,,,False,True,,95.84072031418253,95.8407202774652,0.01248966380869934,2.9975193140878416
RA-MTM,72,84,0.05108805408696071,0.0017206707603152202,1.6653345369377348e-16,0.0028656238859792182,True,False,0.5779816513761468,87.88412848051759,94.01469497095287,0.8867661304176532,212.82387130023676
RA-MTM,72,78,0.0001751575768751697,0.0008513287787581092,2.0816681711721685e-16,0.0001751575768751105,True,True,0.8215297450424929,44.1454430499856,44.16646195921062,8.280647105167663,1987.355305240239
RA-MTM,72,71,0.04975405048645527,0.006816914710151659,0.0,0.04975405033271253,True,True,0.07894736842105263,99.25412224886657,93.28363619049193,0.03746899142609802,8.992557942263524
RA-MTM,73,83,2.415598247379099e-05,0.00015453485252283627,1.6653345369377348e-16,0.07790002415217417,True,True,0.42424242424242425,45.84180241004967,45.83890369215281,1.436311338000424,344.7147211201018
RA-MTM,73,87,4.223091541651532e-08,4.253689323737338e-08,0.0,4.253689323737338e-08,True,True,0.037037037037037035,97.35778784070875,97.3577929084186,0.33722092283488214,80.93302148037172
RA-MTM,73,84,0.006903775134144396,0.04418427895281631,0.0,0.04704990283879553,True,False,0.1267605633802817,90.91025085297224,91.73870386906957,0.11240697427829406,26.977673826790575
RA-MTM,73,78,2.367771575375599e-05,0.00015147986112141372,0.0,2.3677715753696777e-05,True,False,0.0015082956259426848,27.572681620501527,27.575522946391978,0.01248966380869934,2.9975193140878416
RA-MTM,73,88,1.560342581067668e-08,,,,False,False,,25.865980653159504,25.865978780748407,0.01248966380869934,2.9975193140878416
RA-MTM,74,83,0.09057284167024768,0.0905486856877739,1.3877787807814457e-16,0.012648661535599714,True,True,0.775,43.94307865419036,33.07433765376064,1.2239870532525354,293.7568927806085
RA-MTM,74,87,1.1758770431432216e-08,3.047214498508311e-08,0.0,1.2064748252290277e-08,True,True,0.48148148148148145,97.15356721213794,97.1535686231904,0.16236562951309141,38.96775108314194
RA-MTM,74,89,3.031973368668635e-09,,,,False,False,,89.77245020807756,89.77245057191436,0.11240697427829406,26.977673826790575
RA-MTM,74,90,0.10723950833691433,,,,False,True,,21.030327912357098,33.89906891278682,0.07493798285219604,17.985115884527048
RA-MTM,74,91,2.622461892087813e-09,,,,False,False,,37.81288742455368,37.81288710985825,0.7244005009045617,173.8561202170948
RA-MTM,74,92,1.2561388966029577e-10,,,,False,True,,75.2051540726835,75.20515405760983,0.13738630189569273,32.972712454966256
RA-MTM,75,83,0.07870068195776601,0.011872159712481671,0.0,0.0007765018231180439,True,True,0.6836734693877551,43.59529219450353,34.15121035957161,0.8368074751828557,200.83379404388538
RA-MTM,75,87,0.030102479602829035,0.030102467844058605,0.0,0.030102479908806858,True,True,0.03757225433526012,87.32694612449363,90.93924367683312,4.321423677809972,1037.1416826743932
RA-MTM,75,90,0.08095293421001827,0.026286574126896056,0.0,0.026286574126896056,True,True,0.3333333333333333,25.202263610304275,34.91661571550647,0.22481394855658812,53.95534765358115
RA-MTM,75,91,3.5438674217402877e-10,2.268075149913784e-09,0.0,2.268075149913784e-09,True,False,0.24096385542168675,44.14664434780075,44.14664430527434,0.5620348713914702,134.88836913395286
RA-MTM,75,93,0.03480599020346323,,,,False,True,,93.39197544799616,89.21525662358057,0.5745245352001696,137.8858884480407
RA-MTM,76,83,0.057143164346654333,0.02155751761111168,2.220446049250313e-16,0.020781015787993636,True,True,0.373134328358209,41.56762955270615,34.71044983110763,0.3122415952174835,74.93798285219604
RA-MTM,76,87,0.004067902505785171,0.026034577097043866,1.3877787807814457e-16,0.004067902811762991,True,True,0.8112676056338028,90.15746355761263,90.64561185830685,3.709430151183704,890.263236284089
RA-MTM,76,94,4.050910717978695e-11,,,,False,False,,49.11978133319459,49.119781328333495,0.19983462093918944,47.960309025405465
RA-MTM,76,90,0.05744751904384347,0.02350541516617479,0.0,0.04979198929307085,True,False,0.47368421052631576,28.42603210417254,35.319734389433755,0.1248966380869934,29.975193140878417
RA-MTM,76,91,6.441385499063775e-10,2.897518077323487e-10,0.0,1.9783233421814356e-09,True,False,0.37777777777777777,44.43890294482271,44.43890286752608,0.21232428474788875,50.957828339493304
RA-MTM,77,83,0.03840743735975991,0.01873572698689442,1.3877787807814457e-16,0.03951674277488806,True,True,0.36363636363636365,44.38368614882047,39.774793665649284,0.2497932761739868,59.950386281756835
RA-MTM,77,87,0.0005811289293979153,0.003486773576387255,0.0,0.0005811292353757362,True,True,0.6174496644295302,94.81669973377723,94.88643520530498,2.3105878046093777,554.5410731062507
RA-MTM,77,91,9.201978438492612e-11,5.521187655214514e-10,0.0,2.5304421077028867e-09,True,False,0.2077922077922078,52.49949838036532,52.49949836932294,0.9492144494611497,227.81146787067595
RA-MTM,77,95,0.03528481619527752,,,,False,False,,36.10618645721165,40.34036440064495,0.01248966380869934,2.9975193140878416
RA-MTM,78,96,4.1568621137836694e-10,,,,False,True,,19.892527267462416,19.89252721758007,0.02497932761739868,5.995038628175683
RA-MTM,78,83,0.03248023220490411,0.0059272051548558006,0.0,0.04544394792974386,True,True,0.8095238095238095,43.691524089842865,39.79389622525437,0.22481394855658812,53.95534765358115
RA-MTM,78,91,3.160143554244617e-10,4.0803413980938783e-10,0.0,2.9384762475122746e-09,True,False,0.40625,56.64445233539536,56.64445237331708,0.7368901647132611,176.85363953118267
RA-MTM,78,95,0.03203414485942056,0.0032506713358569548,0.0,0.0032506713358569548,True,False,0.04,36.58406272806742,40.42816011119789,0.3122415952174835,74.93798285219604
RA-MTM,79,91,3.511271273737293e-11,2.809016426870888e-10,0.0,2.657574604825186e-09,True,True,0.024583333333333332,60.014222508061174,60.0142225122747,29.975193140878414,7194.04635381082
RA-MTM,80,97,5.921189464667501e-17,,,,False,True,,19.721857170728214,19.721857170728207,0.0624483190434967,14.987596570439209
RA-MTM,80,91,7.0224714932010105e-12,2.809024124417192e-11,0.0,2.629484363581014e-09,True,True,0.9625,61.189518856026346,61.18951885686904,28.851123398095474,6924.269615542914
RA-MTM,81,97,1.7615890491503212e-07,1.7615890485582023e-07,2.220446049250313e-16,1.7615890485582023e-07,True,True,0.6,19.039176783791405,19.039155644722815,0.03746899142609802,8.992557942263524
RA-MTM,81,91,1.8464130088583867e-07,1.8464832335733187e-07,0.0,1.8201883899375086e-07,True,False,0.005627705627705628,46.3463922612638,46.346370104307695,0.16236562951309141,38.96775108314194
RA-MTM,81,98,5.3423510948391595e-08,,,,False,False,,44.63969129392178,44.639684883100465,0.01248966380869934,2.9975193140878416
RA-MTM,81,99,6.666051692860719e-08,,,,False,False,,42.25030993964294,42.25030194038091,0.0624483190434967,14.987596570439209
RA-MTM,82,100,1.743813093924018e-10,,,,False,True,,21.20099800909131,21.200998030017068,0.3746899142609802,89.92557942263525
RA-MTM,82,101,7.381634266797239e-10,,,,False,False,,92.65487850847744,92.65487841989783,0.1873449571304901,44.962789711317626
RA-MTM,82,102,4.071974757380303e-10,,,,False,False,,62.87610718570601,62.87610723456971,0.6744418456697643,161.86604296074344
RA-MTM,82,99,2.218782455543078e-08,4.447269237317642e-08,0.0,4.447269237317642e-08,True,False,0.045871559633027525,52.09280744488329,52.092804782344345,1.361373355148228,326.72960523557475
RA-MTM,83,100,3.9022657697766285e-10,5.646078863700647e-10,0.0,5.646078863700647e-10,True,True,0.25675675675675674,27.274686213505298,27.27468616667811,0.7868488199480584,188.84371678753402
RA-MTM,83,102,1.222715913703117e-09,8.155184379650867e-10,0.0,8.155184379650867e-10,True,False,0.07308970099667775,74.47840746273056,74.47840760945647,3.3597195645401223,806.3326954896294
RA-MTM,83,103,1.4637772475604532e-11,,,,False,True,,99.71958614905076,99.71958614729422,0.13738630189569273,32.972712454966256
RA-MTM,83,99,3.9900251399179375e-09,1.8197799415512843e-08,0.0,6.267049178868925e-08,True,False,0.5221238938053098,54.66317316561307,54.66317268681005,0.7868488199480584,188.84371678753402
RA-MTM,84,100,0.07698284316521944,0.07698284277499286,0.0,0.07698284333960075,True,False,0.008928571428571428,40.20226877883252,30.964327599006186,0.624483190434967,149.8759657043921
RA-MTM,84,102,4.367492915472818e-09,3.1447770017697015e-09,0.0,3.960295439734788e-09,True,False,0.5175438596491229,81.38419651752415,81.3841970416233,5.283127791079821,1267.950669859157
RA-MTM,84,99,4.978193916353272e-09,9.88168776435335e-10,0.0,6.168232301225392e-08,True,False,0.5441176470588235,57.07422691312796,57.07422631574469,0.5245658799653723,125.89581119168935
RA-MTM,84,104,0.08981332026005416,,,,False,True,,20.9084207004041,31.6860191316106,0.26228293998268615,62.947905595844674
RA-MTM,85,105,0.045828870328909053,,,,False,False,,48.05309322860583,42.553628789136745,0.33722092283488214,80.93302148037172
RA-MTM,85,102,6.89604225575143e-10,3.6778886898976754e-09,0.0,2.8240674983711264e-10,True,True,0.6666666666666666,85.14379171605295,85.14379179880545,6.207362912923572,1489.7670991016573
RA-MTM,85,99,0.03859273212252437,0.03859273710071829,2.220446049250313e-16,0.0385927987830413,True,True,0.1,39.371715383894966,44.00284323859789,3.459636875009717,830.3128500023321
RA-MTM,86,106,0.08261134326578391,,,,False,True,,57.38708612964447,47.473724937750404,1.4113320103830254,338.7196824919261
RA-MTM,86,107,0.07050724963900225,,,,False,False,,75.36030870607823,83.8211786627585,0.04995865523479736,11.990077256351366
RA-MTM,86,102,0.05640579957328088,0.05640580026288511,0.0,0.05640579998047836,True,True,0.4704761904761905,89.21872056089542,82.45002461210171,3.4346575473923187,824.3178113741565
RA-MTM,86,99,0.07380762103713198,0.03521488891460762,0.0,0.07380768769764892,True,True,0.6933333333333334,40.58746832676891,49.444382851224745,4.471299643514363,1073.1119144434472
RA-MTM,87,108,5.561181145215717e-13,,,,False,True,,46.871531020445964,46.8715310205127,0.16236562951309141,38.96775108314194
RA-MTM,87,106,0.11503984159810846,0.03242849833232455,0.0,0.03242849833232455,True,True,0.12244897959183673,69.09146476834118,55.28668377656817,0.6494625180523657,155.87100433256776
RA-MTM,87,102,0.0080579713680617,0.048347828205219184,1.1102230246251565e-16,0.008057971775259177,True,True,0.45357142857142857,93.39703483821552,92.43007827404811,1.6486356227483128,395.6725494595951
RA-MTM,87,99,0.1137821669940226,0.039974545956890616,1.942890293094024e-16,0.11378223365453953,True,True,0.7922374429223744,43.6284609783772,57.28232101765991,5.333086446314619,1279.9407471155084
RA-MTM,88,108,6.181721801112871e-14,4.94300896510443e-13,2.220446049250313e-16,4.94300896510443e-13,True,True,0.14606741573033707,40.094880852797495,40.09488085280491,1.1115800789742414,266.7792189538179
RA-MTM,88,106,0.17841975745944857,0.06337991586134013,0.0,0.09580841419366468,True,True,0.13227513227513227,82.27789454179427,60.86752364666044,4.696113592070951,1127.0672620970283
RA-MTM,88,102,0.0008953301520068162,0.007162641216054884,0.0,0.0008953305592042919,True,True,0.6041666666666666,94.25469517281418,94.14725555457336,1.2364767170612345,296.7544120946963
RA-MTM,88,99,0.1782800158367723,0.0644978488427497,1.942890293094024e-16,0.17828008249728924,True,True,0.7969052224371374,42.715402952257264,64.10900485266994,6.2698112319670685,1504.7546956720964
RA-MTM,89,108,9.042755285311917e-10,9.042137113131806e-10,1.6653345369377348e-16,9.037194104166701e-10,True,True,0.7416666666666667,40.785391609341055,40.78539171785412,1.4987596570439208,359.702317690541
RA-MTM,89,109,8.548951768716506e-10,,,,False,True,,91.92534750675082,91.9253474041634,0.21232428474788875,50.957828339493304
RA-MTM,89,106,0.03549603362127118,0.21391579108071976,2.220446049250313e-16,0.11810737688705508,True,False,0.31382978723404253,83.41651581463339,87.67603984918593,1.4737803294265222,353.70727906236533
RA-MTM,89,102,0.05216270028793784,0.05126737013593103,0.0,0.05216270069513532,True,True,0.811965811965812,92.71428579878608,86.45476176423354,1.4113320103830254,338.7196824919261
RA-MTM,89,99,0.024091897343674815,0.1541881184930975,0.0,0.02409196400419174,True,True,0.7933333333333333,44.55643758819775,47.44746526943873,7.169067026193421,1720.576086286421
RA-MTM,90,108,1.8753806803791423e-09,9.711051518479507e-10,1.1449174941446927e-16,1.8748245622646207e-09,True,True,0.926829268292683,41.532620302094,41.532620527139684,1.4612906656178228,350.70975974827746
RA-MTM,90,109,0.0008481827682640386,0.0008481836231592155,2.220446049250313e-16,0.0008481836231592155,True,True,0.15,94.13401934684053,94.23580127903222,0.07493798285219604,17.985115884527048
RA-MTM,90,106,0.012050667907970573,0.023445365713300602,1.6653345369377348e-16,0.09466201117375447,True,True,0.27184466019417475,90.92210294302316,92.36818309197963,1.798511588452705,431.6427812286492
RA-MTM,90,102,0.01475069724084707,0.037412003047090775,1.1102230246251565e-16,0.014750697648044545,True,True,0.48672566371681414,93.01690598639848,91.24682231749684,0.6869315094784637,164.86356227483128
RA-MTM,90,99,0.0026768686495141597,0.021415028694160655,1.942890293094024e-16,0.0026769353100310886,True,True,0.8160237388724035,46.61946441603849,46.94068865398019,8.11828147565457,1948.387554157097
RA-MTM,91,108,3.555356128022898e-09,5.43073680840204e-09,0.0,3.5559122461374196e-09,True,True,0.7627118644067796,43.92700297788885,43.92700255124611,1.13655940659164,272.7742575819936
RA-MTM,91,109,9.424169843524529e-05,0.0007539410698287933,2.220446049250313e-16,9.424255333042215e-05,True,True,0.09090909090909091,97.94565150723771,97.95696051104994,0.3746899142609802,89.92557942263525
RA-MTM,91,106,0.0013389684995879965,0.010711699408382576,1.1102230246251565e-16,0.0839503117653719,True,True,0.4114285714285714,95.79101057726962,95.95168679722018,1.286435372296032,308.74448935104766
RA-MTM,91,99,0.000297427744715506,0.002379440904798654,1.6653345369377348e-16,0.00029749440523243467,True,True,0.7052401746724891,55.652778128140824,55.688469457506685,11.390573393533797,2733.7376144481113
RA-MTM,92,108,0.06929028803651124,0.06929028448115512,0.0,0.06929028803706737,True,True,0.6293706293706294,40.661395377089306,32.346560812707956,1.7735322608353064,425.6477426004735
RA-MTM,92,109,7.964675363562416e-06,8.627702307168287e-05,0.0,7.965530258739287e-06,True,True,0.16666666666666666,95.15803992724574,95.15899568828937,0.0624483190434967,14.987596570439209
RA-MTM,92,110,8.216853488936712e-06,,,,False,False,,95.73405150372366,95.73503752614234,0.19983462093918944,47.960309025405465
RA-MTM,92,106,0.00021141558342054149,0.001127552916167455,2.220446049250313e-16,0.08282275884920445,True,True,0.24369747899159663,98.04046822764556,98.06583809765603,0.5620348713914702,134.88836913395286
RA-MTM,92,111,0.08228221877150863,,,,False,True,,23.525362183661866,33.3992284362429,0.43713823330447693,104.91317599307446
RA-MTM,92,99,4.695651020731143e-05,0.0002504712345081946,0.0,4.702317072424004e-05,True,True,0.07346491228070176,45.42935890567704,45.43499368690192,0.8368074751828557,200.83379404388538
RA-MTM,93,112,0.07156585956998805,,,,False,True,,41.226289359237725,32.63838621083916,0.01248966380869934,2.9975193140878416
RA-MTM,93,110,1.2274260335232156e-06,6.989427455413496e-06,0.0,6.989427455413496e-06,True,True,0.07692307692307693,91.18011382644083,91.18026111756485,2.5978500722094626,623.4840173302711
RA-MTM,93,108,0.08973888367425839,0.020448595637747147,0.0,0.08973888367481452,True,False,0.035211267605633804,43.95701090698496,33.188344866073955,0.0624483190434967,14.987596570439209
RA-MTM,93,106,3.149304343412022e-05,0.00017992253998642128,0.0,0.08264283630921802,True,True,0.2222222222222222,100.27814282927179,100.28192199448388,0.1248966380869934,29.975193140878417
RA-MTM,93,113,0.07253180366795865,,,,False,False,,25.01263016948849,33.716446609643526,0.04995865523479736,11.990077256351366
RA-MTM,93,111,0.0908517745022996,0.008569555730790974,0.0,0.008569555730790974,True,True,0.8292682926829268,23.476599298880664,34.378812239156616,0.4995865523479736,119.90077256351367
RA-MTM,93,99,6.995318095981418e-06,3.996119211133002e-05,0.0,7.0619786129100245e-06,True,True,0.4666666666666667,52.51556823495886,52.51640767313038,1.361373355148228,326.72960523557475
RA-MTM,94,112,0.056400329044353485,0.01516553052563457,0.0,0.01516553052563457,True,True,0.2,39.86092858536411,33.09288910004169,0.0624483190434967,14.987596570439209
RA-MTM,94,110,1.5982441183837182e-07,1.067601621684844e-06,0.0,8.05702907709834e-06,True,True,0.6645367412140575,89.45558666320004,89.45560584212946,3.9092647721228935,938.2235453094944
RA-MTM,94,108,0.08584727906583153,0.0038916046084268648,0.0,0.08584727906638764,True,False,0.42857142857142855,43.95701090698497,33.655337419085186,0.0624483190434967,14.987596570439209
RA-MTM,94,114,1.4569949987238337e-09,,,,False,False,,37.94169504473042,37.94169486989102,0.661952181861065,158.8685236466556
RA-MTM,94,111,0.10251394573249825,0.01166217123019866,0.0,0.020231726960989634,True,True,0.4,21.91923466618107,34.22090815408086,0.19983462093918944,47.960309025405465
RA-MTM,94,99,9.10485033026968e-07,6.08483306295445e-06,0.0,9.771455499555752e-07,True,True,0.6173913043478261,56.16546406038741,56.16557331859137,0.9617041132698492,230.8089871847638
RA-MTM,95,112,0.09804204085627195,0.04164171181191847,4.440892098500626e-16,0.026476181286283897,True,True,0.038461538461538464,40.37293887556673,28.607893972814097,1.6236562951309141,389.6775108314194
RA-MTM,95,110,2.4680908339291817e-08,1.3514350349908e-07,0.0,8.19217258059742e-06,True,True,0.8466453674121406,90.04437740622846,90.04438036793746,3.309760909305325,794.342618233278
RA-MTM,95,115,0.08137537418960529,,,,False,True,,19.770620055509415,29.53566495826205,0.08742764666089538,20.98263519861489
RA-MTM,95,111,0.06204123541602149,0.04047271031647677,0.0,0.020240983355487133,True,True,0.5517241379310345,22.74683750594821,30.19178575587079,0.3622002504522808,86.9280601085474
RA-MTM,95,99,1.442524852753498e-07,7.662325477516182e-07,2.220446049250313e-16,2.10913002203957e-07,True,False,0.04716981132075472,52.972407781532844,52.97242509183108,0.4246485694957775,101.91565667898661
RA-MTM,95,116,5.134594971423212e-11,,,,False,True,,54.879897097973924,54.87989709181241,0.03746899142609802,8.992557942263524
RA-MTM,96,112,0.0427916845355362,0.05525035632073575,0.0,0.028774175034451854,True,True,0.5721649484536082,34.926124645506604,29.79112250124226,2.185691166522384,524.5658799653722
RA-MTM,96,110,3.6194369812392324e-07,3.3726278978463144e-07,0.0,7.854909790812788e-06,True,True,0.8389261744966443,90.88947828525035,90.88952171849412,3.534574857861913,848.2979658868592
RA-MTM,96,111,0.03879158985993095,0.02324964555609054,0.0,0.04349062891157767,True,True,0.2553191489361702,26.4604495294247,31.115440312616414,1.1115800789742414,266.7792189538179
RA-MTM,96,99,3.3775381448701105e-07,4.820062997623609e-07,0.0,2.7109329755840385e-07,True,True,0.12916666666666668,60.49688762340338,60.49684709294564,2.9600503226617434,710.4120774388184
RA-MTM,97,117,9.720034448731004e-07,,,,False,True,,23.305929202146462,23.305812561733077,0.07493798285219604,17.985115884527048
RA-MTM,97,112,0.03994105788658656,0.002850626648949639,0.0,0.031624801683401496,True,True,0.19428571428571428,40.071756351918125,35.27882940552774,0.4246485694957775,101.91565667898661
RA-MTM,97,110,6.927166893433422e-08,2.92672029189589e-07,0.0,8.147581820002377e-06,True,True,0.8664596273291926,90.26979074153785,90.26979905413812,3.97171309116639,953.2111418799336
RA-MTM,97,111,0.039221868583569464,0.00043027872363851454,0.0,0.04306035018793916,True,True,0.5275590551181102,31.506220992851706,36.21284522288004,1.3114146999134306,314.73952797922334
RA-MTM,97,99,4.916133988785987e-08,2.885924745991512e-07,0.0,1.7499177040747327e-08,True,False,0.004219409282700422,73.6536077387362,73.65360183937541,0.01248966380869934,2.9975193140878416
RA-MTM,97,118,4.847826613030293e-07,,,,False,False,,71.94690677139417,71.94696494531352,0.01248966380869934,2.9975193140878416
RA-MTM,97,119,4.847826613030293e-07,,,,False,True,,70.24020580405215,70.24026397797151,0.01248966380869934,2.9975193140878416
RA-MTM,98,112,0.02135789647903946,0.018583161407547108,1.6653345369377348e-16,0.0502079630909486,True,True,0.3333333333333333,35.628310186355876,33.06536260887114,0.624483190434967,149.8759657043921
RA-MTM,98,110,8.69359529550214e-09,6.057807363883209e-08,1.249000902703301e-16,8.20815989364121e-06,True,True,0.8962264150943396,90.92422384334816,90.9242248865796,3.559554185479312,854.2930045150348
RA-MTM,98,111,0.021260695290187984,0.01796117329338148,1.1102230246251565e-16,0.06102152348132064,True,True,0.4090909090909091,31.81029524185317,34.36157867667573,2.560381080783365,614.4914593880076
RA-MTM,98,120,3.2315205326464515e-10,,,,False,True,,53.1731961306319,53.17319616941015,0.0624483190434967,14.987596570439209
RA-MTM,98,119,6.993622937064478e-08,4.148464319323845e-07,0.0,4.148464319323845e-07,True,True,0.14285714285714285,71.94690677139417,71.94691516374169,0.08742764666089538,20.98263519861489
RA-MTM,99,110,0.023192368811375038,0.023192360117779743,0.0,0.0231841519578861,True,True,0.8771929824561403,91.99040293185894,94.77348718922394,3.1224159521748347,749.3798285219603
RA-MTM,99,111,0.0033569491913700844,0.0179037460988179,2.220446049250313e-16,0.07892526958013854,True,True,0.33511586452762926,46.101681460799284,46.504515363763694,6.79437711193244,1630.6505068637857
RA-MTM,99,121,0.027540948901672142,,,,False,True,,96.75096083009826,93.44604696189761,0.1873449571304901,44.962789711317626
RA-MTM,100,110,0.03637828884794535,0.01318592003657031,0.0,0.03637007199445641,True,True,0.864,93.01202148868052,97.37741615043396,2.697767382679057,647.4641718429738
RA-MTM,100,122,3.0056241318021645e-08,,,,False,True,,20.745877751133428,20.745881357882386,0.03746899142609802,8.992557942263524
RA-MTM,100,123,0.039674761061638246,,,,False,True,,100.96082321620861,96.19985188881202,0.01248966380869934,2.9975193140878416
RA-MTM,100,111,0.0006714178267921867,0.002685531364577898,0.0,0.08161080094471644,True,True,0.5665467625899281,48.75769454539841,48.83826468461347,4.084120065444684,980.1888157067242
RA-MTM,101,124,0.06853216117322386,,,,False,True,,38.77170819272333,30.547848851936468,2.2231601579484828,533.5584379076358
RA-MTM,101,110,0.005196898305683461,0.031181390542261885,1.1102230246251565e-16,0.0051886814521945246,True,True,0.5654450261780105,89.49197142781331,90.11559922449533,4.771051574923148,1145.0523779815555
RA-MTM,101,122,0.05874185673755884,0.05874182668131753,0.0,0.05874182668131753,True,True,0.034482758620689655,24.826266270755738,31.8752890792628,1.0866007513568428,260.78418032564224
RA-MTM,101,111,9.591693567004475e-05,0.000575500891122142,1.6653345369377348e-16,0.08218630183583858,True,True,0.5446685878962536,56.30078689853619,56.31229693081659,2.610339736018162,626.4815366443589
RA-MTM,102,124,0.034262861665149795,0.034269299508074065,0.0,0.034269299508074065,True,True,0.6269230769230769,36.48932340906393,32.37778000924595,3.059967633131338,734.3922319515211
RA-MTM,102,110,0.0005774331450753086,0.004619465160608153,0.0,0.0005692162915863719,True,True,0.7077244258872651,84.985945583817,85.05523756122604,5.445493420592912,1306.918420942299
RA-MTM,102,122,0.03317505006118697,0.02556680667637187,1.1102230246251565e-16,0.033175020004945655,True,True,0.5031847133757962,30.1270058870604,34.108011894402836,1.8609599074962015,446.63037779908836
RA-MTM,102,111,1.065743729652032e-05,8.525949837352442e-05,2.220446049250313e-16,0.08227156133421211,True,True,0.40669856459330145,60.86338990112596,60.864668793601545,1.061621423739444,254.78914169746653
RA-MTM,103,124,0.020713812570911826,0.054976674236061625,0.0,0.08924597374413569,True,True,0.7877551020408163,36.283046661081265,38.768704169590684,2.4105051150789722,578.5212276189534
RA-MTM,103,110,8.2493327993897e-05,0.0004949398170814115,0.0,7.42764745049603e-05,True,True,0.8245967741935484,82.36542461681027,82.37532381616954,5.85765232627999,1405.8365583071977
RA-MTM,103,122,0.0047392897820986764,0.028435760279088295,2.220446049250313e-16,0.004739259725857359,True,True,0.2214765100671141,25.452234964106896,26.020949737958738,0.4121589056870782,98.91813736489877
RA-MTM,103,125,0.029876589966951528,,,,False,False,,41.226289359237725,37.64109856320354,0.09991731046959472,23.980154512702732
RA-MTM,104,124,0.002959113090796587,0.01775469948011524,1.3877787807814457e-16,0.07149127426402044,True,True,0.616822429906542,40.72431848649005,41.07941205738564,1.910918562730999,458.6204550554398
RA-MTM,104,110,1.2529739876399049e-05,6.996358811749796e-05,0.0,4.312886387462337e-06,True,True,0.7334754797441365,85.82873615111208,85.83023971989725,4.296444350192573,1031.1466440462175
RA-MTM,104,126,3.1654646903689353e-09,,,,False,False,,65.12010290202608,65.12010252217031,0.02497932761739868,5.995038628175683
RA-MTM,104,122,0.0006770503880733377,0.004062239394025339,0.0,0.0006770203318320196,True,True,0.026720647773279354,55.97577877174092,56.05702481830972,15.424734803743686,3701.9363528984845
RA-MTM,105,124,0.00032879034342183646,0.0026303227473747507,1.1102230246251565e-16,0.06886095151664569,True,True,0.34591194968553457,47.74532748039661,47.78478232160723,0.7618694923306597,182.84867815935834
RA-MTM,105,110,1.3921933195604197e-06,1.1137546556838628e-05,0.0,6.824660169376292e-06,True,True,0.8866279069767442,87.80523641548366,87.80540347868201,3.8093474616532985,914.2433907967917
RA-MTM,105,126,0.00041631007184985693,0.00041631323731454727,0.0,0.00041631323731454727,True,False,0.125,63.73340836606069,63.78336557468267,0.19983462093918944,47.960309025405465
RA-MTM,105,122,0.00034108260267113146,0.0010181329907444693,0.0,0.0003411126589124495,True,True,0.895245769540693,58.54693588187799,58.50600596955746,13.950954474317163,3348.229073836119
RA-MTM,106,127,5.166226113573202e-09,,,,False,True,,19.892527267462416,19.89252788740955,0.02497932761739868,5.995038628175683
RA-MTM,106,124,0.016080240923392768,0.016409031266814603,2.220446049250313e-16,0.05245192024983109,True,True,0.041666666666666664,60.85335048367101,58.923721572863876,0.17485529332179076,41.96527039722978
RA-MTM,106,110,2.1942803580069873e-07,1.172765283759721e-06,0.0,7.997425453136012e-06,True,True,0.8918032786885246,89.17705697845734,89.17708330982164,3.39718855596622,815.3252534318929
RA-MTM,106,126,0.018582486027426508,0.018998796099276363,0.0,0.018582482861961815,True,False,0.0625,61.70670096734203,59.47680264405085,0.01248966380869934,2.9975193140878416
RA-MTM,106,128,8.92307678370822e-05,,,,False,False,,60.0,59.98929230785955,0.01248966380869934,2.9975193140878416
RA-MTM,106,122,0.03480166186375087,0.035142744466421995,0.0,0.034801631807509545,True,True,0.9001782531194296,59.485467491619076,63.66166691526918,12.67700876582983,3042.482103799159
RA-MTM,107,127,6.771176212320521e-13,5.165548995951971e-09,0.0,5.165548995951971e-09,True,True,0.5,20.319202509297924,20.319202509379178,0.04995865523479736,11.990077256351366
RA-MTM,107,124,0.09561896263248262,0.1116992035558754,0.0,0.16415112380570648,True,True,0.5652173913043478,61.93943291743412,73.41370843333203,0.27477260379138546,65.94542490993251
RA-MTM,107,110,3.105100283562479e-08,1.8837703296507395e-07,1.3877787807814457e-16,8.185802486101086e-06,True,True,0.7904411764705882,91.49061738346886,91.4906211095892,2.685277718870358,644.4666525288859
RA-MTM,107,126,0.09346884490620741,0.11205133093363392,0.0,0.0934688480716721,True,False,0.010869565217391304,63.19078876503077,74.40705015377566,1.149049070400339,275.7717768960814
RA-MTM,107,129,9.19302885667624e-10,,,,False,True,,21.31477807358078,21.314777963264433,0.48709688853927424,116.90325324942582
RA-MTM,107,130,2.5311545452192757e-10,,,,False,True,,58.29329903265798,58.29329900228412,0.0624483190434967,14.987596570439209
RA-MTM,107,122,0.11228562929914941,0.14708729116290029,0.0,0.11228565935539073,True,True,0.04729064039408867,86.16941483257773,72.6951393166798,0.5995038628175683,143.88092707621638
RA-MTM,108,127,9.090655161969608e-09,9.091332279590839e-09,0.0,1.425688127554281e-08,True,True,0.5,19.892527267462416,19.892526176583797,0.02497932761739868,5.995038628175683
RA-MTM,108,124,0.09788461936165582,0.002265656729173197,0.0,0.16641678053487968,True,True,0.3728813559322034,61.417429616945086,73.16358394034378,0.7368901647132611,176.85363953118267
RA-MTM,108,110,1.2735169837204315e-08,1.8315832998420472e-08,0.0,8.204118319099508e-06,True,True,0.7162790697674418,93.4247410227503,93.42474255097068,1.9234082265396983,461.6179743695276
RA-MTM,108,131,0.144815640016753,,,,False,False,,54.026546614302916,71.40442341631328,0.04995865523479736,11.990077256351366
RA-MTM,108,126,0.06117103334521955,0.03229781156098787,0.0,0.061171036510684236,True,False,0.021739130434782608,65.12010290202608,72.46062690345242,0.02497932761739868,5.995038628175683
RA-MTM,108,132,0.07109677407506254,,,,False,False,,63.413401934684046,71.94501482369155,0.01248966380869934,2.9975193140878416
RA-MTM,108,129,1.7258748563619973e-08,1.81780514492876e-08,0.0,1.81780514492876e-08,True,True,0.1989795918367347,32.37930883464844,32.37931090569827,2.447974106505071,587.513785561217
RA-MTM,108,122,0.16148230668341956,0.04919667738427016,0.0,0.1614823367396609,True,True,0.6935483870967742,90.09183284524096,70.71395604323061,0.7119108370958623,170.85860090300696
RA-MTM,109,127,2.686839550847253e-09,6.403815611122355e-09,2.220446049250313e-16,7.853065664420456e-09,True,True,0.3333333333333333,21.030327912357098,21.030327589936352,0.07493798285219604,17.985115884527048
RA-MTM,109,124,0.14794983503277664,0.05006521567112081,0.0,0.21648199620600048,True,True,0.3010204081632653,59.38175628223837,77.13573648617157,2.447974106505071,587.513785561217
RA-MTM,109,110,3.861436207823014e-10,1.3121313457986616e-08,0.0,8.217239632557493e-06,True,True,0.8896103896103896,93.52359345341158,93.52359340707434,1.7110839417918096,410.6601460300343
RA-MTM,109,129,1.6320428860202204e-09,1.5626705677599753e-08,1.6653345369377348e-16,2.5513457716878445e-09,True,True,0.6506849315068494,40.06859709467706,40.068597290522206,3.572043849288011,857.2905238291227
RA-MTM,109,122,0.15501625202670877,0.006466054656710796,0.0,0.1550162820829501,True,True,0.631578947368421,94.51328622847207,75.91133598526702,0.44962789711317624,107.9106953071623
RA-MTM,110,127,0.1009072189817784,0.10090722166861796,1.6653345369377348e-16,0.10090721381555229,True,True,0.6666666666666666,20.935511191949207,33.044377469762615,0.11240697427829406,26.977673826790575
RA-MTM,110,124,0.01999322117673703,0.1279566138560396,2.220446049250313e-16,0.0885253823499609,True,True,0.45365853658536587,51.784410049363395,54.18359659057184,1.2739457084873327,305.74697003695985
RA-MTM,110,110,2.9778005246801815e-10,8.836356831428324e-11,0.0,8.21715126898918e-06,True,True,0.8026315789473685,91.53036604629686,91.53036601056326,1.7110839417918096,410.6601460300343
RA-MTM,110,133,3.0355658727406384e-11,,,,False,True,,22.708583863576752,22.708583859934073,0.2497932761739868,59.950386281756835
RA-MTM,110,129,0.10090721890502727,0.10090722053707016,0.0,0.10090721798572438,True,True,0.17482517482517482,44.46902119718757,32.3601549285843,0.624483190434967,149.8759657043921
RA-MTM,111,127,0.13272989597400328,0.03182267699222487,0.0,0.13272989080777717,True,True,0.8181818181818182,21.211341651317618,37.13892916819801,0.13738630189569273,32.972712454966256
RA-MTM,111,124,0.002221467583350704,0.017771753593386327,0.0,0.07075362875657457,True,True,0.8130841121495327,50.4832869973211,50.749863107323186,1.149049070400339,275.7717768960814
RA-MTM,111,110,1.7232371381699826e-09,2.021017190638001e-09,0.0,8.215130251798542e-06,True,True,0.8011695906432749,90.11179426006372,90.11179446685217,2.135732511287587,512.5758027090209
RA-MTM,111,133,3.24233842737461e-09,3.2119827686472036e-09,0.0,3.2119827686472036e-09,True,True,0.2972972972972973,24.829769351558983,24.829768962478372,0.3497105866435815,83.93054079445956
RA-MTM,111,129,0.1327298944915391,0.03182267558651185,0.0,0.13272989357223622,True,True,0.5324675324675324,52.31984564696089,36.3922583079762,0.849297138991555,203.83131335797322
RA-MTM,112,127,0.16806633260031248,0.035336436626309184,0.0,0.16806632743408637,True,True,0.9090909090909091,21.428558138070237,41.59651805010773,0.1248966380869934,29.975193140878417
RA-MTM,112,134,3.98605428427364e-07,,,,False,True,,43.53535537387694,43.53540320652835,0.21232428474788875,50.957828339493304
RA-MTM,112,124,0.000350937634891757,0.001870529948458947,0.0,0.06888309880811562,True,True,0.25,60.29681755953775,60.33893007572476,0.2872622676000848,68.94294422402035
RA-MTM,112,110,1.836549485526954e-07,1.853781856908654e-07,0.0,8.400508437489407e-06,True,True,0.7953216374269005,91.02179993580512,91.0217778972113,1.69859427798311,407.66262671594643
RA-MTM,112,135,3.9177453394027375e-07,,,,False,False,,39.1782481984273,39.17829521137137,0.1248966380869934,29.975193140878417
RA-MTM,112,129,0.16806632901735952,0.035336434525820394,0.0,0.16806632809805663,True,True,0.4387755102040816,61.00531700816037,40.83735752607723,0.9117454580350518,218.81890992841244
RA-MTM,113,127,0.15451217469165787,0.013554157908654604,0.0,0.15451216952543176,True,True,0.9090909090909091,21.676805551501804,40.21826651450075,0.13738630189569273,32.972712454966256
RA-MTM,113,124,4.752817355928585e-05,0.0003034094613324712,0.0,0.06857968934678314,True,True,0.425531914893617,65.58556680221027,65.59127018303738,0.5495452075827709,131.89084981986502
RA-MTM,113,110,7.561025808418738e-08,2.592652066368828e-07,0.0,8.141243230852525e-06,True,True,0.7720588235294118,92.84993004760223,92.8499391208332,1.3114146999134306,314.73952797922334
RA-MTM,113,136,4.419734385881687e-09,,,,False,True,,19.608077106238746,19.60807657587062,0.03746899142609802,8.992557942263524
RA-MTM,113,129,0.15451217421572766,0.013554154801631847,0.0,0.15451217329642478,True,True,0.06790697674418604,54.8687836963262,36.32732279043888,13.42638859435179,3222.33326264443
RA-MTM,114,127,0.017243704184343282,0.13726847050731458,0.0,0.01724369901811717,True,True,0.6363636363636364,21.233506598945436,23.30275110106663,0.08742764666089538,20.98263519861489
RA-MTM,114,124,0.0005770375176764967,0.0005295093441172109,0.0,0.06910919869090035,True,True,0.3282442748091603,68.19216464324172,68.2614091453629,1.6236562951309141,389.6775108314194
RA-MTM,114,110,1.172903353581963e-06,1.0972930954977755e-06,0.0,7.043950135354748e-06,True,True,0.5428571428571428,94.82268815822418,94.82282890662661,0.7119108370958623,170.85860090300696
RA-MTM,114,137,2.7952587474307694e-07,,,,False,True,,25.66519230406044,25.66515876095547,0.21232428474788875,50.957828339493304
RA-MTM,114,129,0.017243704184343282,0.13726847003138437,0.0,0.017243703265040395,True,True,0.5432558139534883,67.60124865763126,65.53200415551007,7.293963664280414,1750.5512794272995
RA-MTM,115,127,0.002249025501640093,0.014994678682703188,0.0,0.0022490203354139796,True,True,0.8571428571428571,21.030327912357098,21.30021097255391,0.07493798285219604,17.985115884527048
RA-MTM,115,124,0.027170976452712027,0.02659393893503553,1.942890293094024e-16,0.09570313762593588,True,True,0.6785714285714286,67.76998071974133,71.03049789406677,1.8984288989222995,455.6229357413519
RA-MTM,115,110,9.637568912997571e-07,2.091464622822059e-07,2.220446049250313e-16,7.253096597636955e-06,True,True,0.3333333333333333,96.02037304758694,96.0204886984139,0.23730361236528744,56.95286696766899
RA-MTM,115,138,0.09266581311017769,,,,False,False,,58.76738263469744,69.88728020791876,0.22481394855658812,53.95534765358115
RA-MTM,115,137,7.129579201385165e-07,4.3343204539543955e-07,0.0,4.3343204539543955e-07,True,True,0.4146341463414634,33.02579934542361,33.02571379047319,0.512076216156673,122.89829187760151
RA-MTM,115,129,0.10933247977684447,0.0920887755925012,0.0,0.10933247885754159,True,True,0.4126712328767123,81.69847204952681,68.57857447630548,3.0100089778965406,722.4021546951698
RA-MTM,116,124,0.0695024909283554,0.09667346738106743,0.0,0.0009703297551315455,True,True,0.2894736842105263,72.14085006313756,63.800551151734915,0.5495452075827709,131.89084981986502
RA-MTM,116,139,0.032846116993936886,,,,False,False,,66.82680386936809,62.885269830095666,0.01248966380869934,2.9975193140878416
RA-MTM,116,140,7.876316487909207e-09,,,,False,False,,50.22106472766192,50.2210656728199,1.3863526827656267,332.72464386375043
RA-MTM,116,138,0.040787643233877444,0.05187816987630024,0.0,0.05187816987630024,True,False,0.1111111111111111,59.61211341651317,64.50663060457846,0.27477260379138546,65.94542490993251
RA-MTM,116,137,0.07529622876079566,0.07529694171871579,0.0,0.0752965082866704,True,True,0.03773584905660377,56.22087642945696,65.25642388075244,0.17485529332179076,41.96527039722978
RA-MTM,116,129,0.017263016753177495,0.09206946302366698,0.0,0.01726301583387461,True,True,0.3070539419087137,89.75194929555693,87.68038728517563,0.9242351218437511,221.81642924250028
RA-MTM,117,124,0.011086861919419277,0.058415629008936126,0.0,0.05744529925380458,True,False,0.022727272727272728,75.36030870607823,74.02988527574792,0.01248966380869934,2.9975193140878416
RA-MTM,117,141,0.0010830607907718578,,,,False,False,,73.6536077387362,73.52364044384358,0.01248966380869934,2.9975193140878416
RA-MTM,117,140,0.11695434689037712,0.11695433901406063,1.6653345369377348e-16,0.11695433901406063,True,False,0.5680473372781065,50.98994878929178,65.02447041613704,1.9234082265396983,461.6179743695276
RA-MTM,117,142,4.588921835117314e-15,,,,False,True,,24.7459581433413,24.745958143341852,0.3996692418783789,95.92061805081093
RA-MTM,117,129,0.1199307277312163,0.1026677109780388,0.0,0.11993072681191341,True,True,0.46835443037974683,77.94196396680444,63.55027663905848,1.9733668817744956,473.60805162587894
