method,t,track,reference,motion,growth,trajectory,eligible,boundary,iou,q,x,width,area
TMTM,0,0,0.08474333367049673,,,,False,True,,19.039176783791405,8.869976743331797,0.05,2.9975193140878416
TMTM,0,1,0.2133248991073486,,,,False,True,,63.76896463621363,38.1699767433318,2.4000000000000004,143.88092707621638
TMTM,0,2,0.180881276449918,,,,False,False,,68.67572991732196,46.9699767433318,0.6000000000000001,35.970231769054095
TMTM,0,3,0.5430453265472232,,,,False,True,,20.404537557665027,85.56997674333181,0.75,44.962789711317626
TMTM,0,4,0.06409581731945971,,,,False,True,,65.81147482166696,58.1199767433318,21.6,1294.9283436859475
TMTM,1,1,0.24129889476017924,0.027973995652830652,0.0,0.027973995652830652,True,True,0.6041666666666666,64.8258441145533,35.8699767433318,1.4500000000000002,86.9280601085474
TMTM,1,2,0.18605059202207486,0.005169315572156859,2.220446049250313e-16,0.005169315572156859,True,False,0.5714285714285714,68.69604778598078,46.3699767433318,1.05,62.947905595844674
TMTM,1,3,0.48814756076371507,0.054897765783508135,2.220446049250313e-16,0.054897765783508135,True,True,0.3409090909090909,22.142269451685994,80.7199767433318,2.2,131.89084981986502
TMTM,1,4,0.08206925541001268,0.017973438090552976,2.3592239273284576e-16,0.017973438090552976,True,True,0.8878923766816144,67.01828739253332,57.1699767433318,20.5,1228.9829187760151
TMTM,2,1,0.2804972642815889,0.03919836952140964,1.1102230246251565e-16,0.06717236517424029,True,True,0.6470588235294118,67.07964845712246,33.419976743331794,1.35,80.93302148037172
TMTM,2,2,0.20864084239056288,0.022590250368488007,0.0,0.027759565940644867,True,False,0.5588235294117647,70.50687783019934,45.4699767433318,1.6,95.92061805081093
TMTM,2,4,0.10676947580625645,0.024700220396243762,1.249000902703301e-16,0.04267365848679674,True,True,0.8676122931442081,68.63231384008257,55.8199767433318,19.0,1139.0573393533798
TMTM,2,3,0.5026250467949437,0.014477486031228655,0.0,0.04042027975227948,True,True,0.41509433962264153,25.704971127938553,86.0199767433318,5.300000000000001,317.7370472933112
TMTM,3,1,0.29389065480874454,0.013393390527155683,1.249000902703301e-16,0.08056575570139597,True,True,0.5,69.38685532038114,34.1199767433318,1.2000000000000002,71.94046353810819
TMTM,3,2,0.21459643086516986,0.0059555884746069765,0.0,0.033715154415251844,True,False,0.6590909090909091,72.32154844715218,46.5699767433318,2.0500000000000003,122.89829187760151
TMTM,3,4,0.1074237424687799,0.0006542666625234617,0.0,0.0433279251493202,True,True,0.9166666666666666,69.41082583958539,56.519976743331796,17.8,1067.1168758152717
TMTM,3,3,0.49160152406037055,0.0110235227345731,1.3877787807814457e-16,0.05144380248685264,True,True,0.5916666666666667,26.327793856087336,85.31997674333181,4.25,254.78914169746653
TMTM,4,1,0.31605775023385313,0.022167095425108543,0.0,0.10273285112650452,True,False,0.08333333333333333,71.94690677139417,34.019976743331796,0.1,5.995038628175683
TMTM,4,5,0.32819692496170333,,,,False,False,,73.6536077387362,34.269976743331796,0.05,2.9975193140878416
TMTM,4,2,0.23686423476603297,0.022267803900863116,2.220446049250313e-16,0.05598295831611496,True,False,0.08888888888888889,77.49368491525576,49.0699767433318,0.4,23.980154512702732
TMTM,4,4,0.11180242378755695,0.004378681318777033,0.0,0.04770660646809723,True,True,0.7916666666666666,69.98626759783863,56.5699767433318,14.450000000000001,866.2830817713863
TMTM,4,6,0.05899590622114858,,,,False,False,,34.399485489869626,27.319976743331797,0.05,2.9975193140878416
TMTM,4,3,0.521470086386664,0.029868562326293445,0.0,0.021575240160559162,True,True,0.36470588235294116,23.44356637693211,86.0199767433318,1.55,92.92309873672309
TMTM,5,4,0.11334623284741714,0.0015438090598602016,0.0,0.049250415527957433,True,False,0.5507900677200903,72.52152468502186,58.9199767433318,19.900000000000002,1193.012687006961
TMTM,5,3,0.0059324969757754255,0.5155375894108887,0.0,0.5371128295714478,True,True,0.17647058823529413,19.608077106238746,20.319976743331797,0.45,26.977673826790575
TMTM,5,7,0.01317333299616994,,,,False,True,,19.039176783791405,20.619976743331797,0.1,5.995038628175683
TMTM,5,8,0.08128111581192053,,,,False,True,,78.77371064076226,69.0199767433318,0.2,11.990077256351366
TMTM,6,9,0.3499752744174037,,,,False,True,,77.06700967342024,35.0699767433318,0.05,2.9975193140878416
TMTM,6,10,0.22353197332880448,,,,False,False,,83.89381354278834,57.0699767433318,0.05,2.9975193140878416
TMTM,6,11,0.20847613193428766,,,,False,False,,82.18711257544632,57.1699767433318,0.05,2.9975193140878416
TMTM,6,12,0.1930036238731042,,,,False,False,,80.4804116081043,57.3199767433318,0.05,2.9975193140878416
TMTM,6,4,0.08090819740257782,0.03243803544483933,0.0,0.016812380083118108,True,False,0.2185929648241206,69.27896043164114,59.5699767433318,4.3500000000000005,260.78418032564224
TMTM,6,3,0.07361044534147183,0.07954294231724726,0.0,0.616655771888695,True,True,0.08490566037735849,26.703230184308417,17.869976743331797,5.300000000000001,317.7370472933112
TMTM,6,8,0.017431030060232187,0.06385008575168835,0.0,0.06385008575168835,True,True,0.4,78.26170035055966,76.1699767433318,0.5,29.975193140878417
TMTM,7,13,0.2049430661357256,,,,False,True,,50.61314467961887,26.019976743331796,0.30000000000000004,17.985115884527048
TMTM,7,14,0.23871582117226833,,,,False,False,,86.965875284004,58.3199767433318,1.5,89.92557942263525
TMTM,7,4,0.07822404173688297,0.00268415566569485,2.220446049250313e-16,0.01412822441742326,True,False,0.4835164835164835,69.70686175175776,60.3199767433318,2.4000000000000004,143.88092707621638
TMTM,7,3,0.09891160818132066,0.02530116283984884,1.942890293094024e-16,0.6419569347285439,True,True,0.8373983739837398,28.639369725090276,16.769976743331796,6.0,359.702317690541
TMTM,7,8,0.03690420038278847,0.05433523044302066,3.3306690738754696e-16,0.11818531619470901,True,True,0.4166666666666667,77.99147269739719,82.4199767433318,1.2000000000000002,71.94046353810819
TMTM,8,15,0.03686638590088987,,,,False,False,,66.64394305143858,62.2199767433318,1.4000000000000001,83.93054079445956
TMTM,8,14,0.2825513259376508,0.04383550476538248,2.220446049250313e-16,0.04383550476538248,True,True,0.22340425531914893,92.1261358558499,58.2199767433318,4.25,254.78914169746653
TMTM,8,4,0.07587304300446801,0.0023509987324149624,2.220446049250313e-16,0.011777225685008297,True,False,0.22916666666666666,69.77474190386796,60.6699767433318,0.55,32.972712454966256
TMTM,8,3,0.08485836781986703,0.014053240361453648,1.6653345369377348e-16,0.6279036943670903,True,True,0.821917808219178,31.10298088171584,20.919976743331798,7.300000000000001,437.6378198568249
TMTM,8,8,0.13302644341992031,0.09612224303713184,2.220446049250313e-16,0.21430755923184083,True,True,0.43636363636363634,75.85680353294137,91.81997674333181,2.75,164.86356227483128
TMTM,9,15,0.02322957228152956,0.01363681361936031,2.220446049250313e-16,0.01363681361936031,True,False,0.2153846153846154,69.55752541711534,66.7699767433318,6.5,389.6775108314194
TMTM,9,14,0.26928204596861627,0.013269279969034523,1.3877787807814457e-16,0.030566224796347956,True,True,0.5612244897959183,94.08382225956575,61.769976743331796,3.4000000000000004,203.83131335797322
TMTM,9,3,0.22618760037015315,0.14132923255028612,0.0,0.7692329269173764,True,True,0.45482866043613707,48.462488787750175,21.319976743331797,16.05,962.2036998221971
TMTM,10,15,0.031185709492376763,0.007956137210847203,0.0,0.005680676408513108,True,False,0.44982698961937717,72.11226188241702,68.3699767433318,14.450000000000001,866.2830817713863
TMTM,10,14,0.305617450454348,0.036335404485731713,2.220446049250313e-16,0.06690162928207967,True,True,0.5492957746478874,96.69407079785356,60.019976743331796,2.1,125.89581119168935
TMTM,10,3,0.26499460728981916,0.038807006919666015,0.0,0.8080399338370424,True,True,0.784841075794621,50.569329618110096,18.769976743331796,20.450000000000003,1225.9853994619273
TMTM,11,15,0.011079456720141323,0.02010625277223544,0.0,0.025786929180748548,True,True,0.46537842190016104,70.14951154974875,68.8199767433318,31.05,1861.4594940485497
TMTM,11,14,0.11783576196790134,0.18778168848644666,0.0,0.120880059204367,True,True,0.30952380952380953,98.86026817947996,84.7199767433318,0.65,38.96775108314194
TMTM,11,3,0.29051427384939615,0.025519666559576968,0.0,0.8335596003966192,True,True,0.8450413223140496,52.231689605259334,17.369976743331797,24.200000000000003,1450.7993480185153
TMTM,12,15,0.02599846973395022,0.037077926454091546,0.0,0.0628648556348401,True,True,0.4090909090909091,66.45016037525777,69.5699767433318,75.9,4550.234318785344
TMTM,12,3,0.2873583354292303,0.00315593842016586,0.0,0.8304036619764534,True,True,0.9486166007905138,53.50297699483943,19.019976743331796,25.1,1504.7546956720964
TMTM,13,15,0.022489463129110612,0.003509006604839608,4.440892098500626e-16,0.05935584903000048,True,False,0.06324110671936758,66.47124116783853,69.1699767433318,4.800000000000001,287.76185415243276
TMTM,13,16,0.07537825768260689,,,,False,False,,81.36536766524462,72.3199767433318,1.35,80.93302148037172
TMTM,13,3,0.2815897665116971,0.005768568917533182,0.0,0.8246350930589202,True,True,0.9426386233269598,54.66074872473545,20.869976743331797,25.700000000000003,1540.7249274411506
TMTM,14,15,0.03261707599167221,0.010127612862561601,4.440892098500626e-16,0.06948346189256209,True,True,0.27906976744186046,65.65592762433113,69.5699767433318,17.2,1031.1466440462175
TMTM,14,16,0.03264279860095438,0.042735459081652515,0.0,0.042735459081652515,True,False,0.037037037037037035,82.18711257544632,78.2699767433318,0.05,2.9975193140878416
TMTM,14,3,0.25900240687263415,0.02258735963906296,1.1102230246251565e-16,0.8020477334198574,True,True,0.9709864603481625,55.15026556804789,24.069976743331797,25.25,1513.74725361436
TMTM,15,15,0.029521217668979343,0.003095858322692872,1.1102230246251565e-16,0.06638760356986921,True,True,0.5747899159663865,66.12743062305428,69.6699767433318,29.650000000000002,1777.52895325409
TMTM,15,17,0.005634693337862254,,,,False,False,,83.89381354278834,84.56997674333181,0.05,2.9975193140878416
TMTM,15,18,0.020690534732379008,,,,False,False,,82.18711257544632,84.6699767433318,0.05,2.9975193140878416
TMTM,15,3,0.23682823402741662,0.022174172845217506,0.0,0.7798735605746399,True,True,0.9689320388349515,54.78936482662179,26.369976743331797,25.450000000000003,1525.7373308707113
TMTM,16,15,0.03988320993943813,0.010361992270458783,1.1102230246251565e-16,0.07674959584032799,True,True,0.7357859531772575,62.933991550599224,67.7199767433318,22.25,1333.8960947690896
TMTM,16,19,0.10974925846464814,,,,False,False,,92.68988775908957,79.5199767433318,1.3,77.93550216628388
TMTM,16,18,0.06850840339121239,0.04781786865883338,0.0,0.04781786865883338,True,False,0.023809523809523808,79.74896833638631,87.9699767433318,2.1,125.89581119168935
TMTM,16,3,0.1993741488257505,0.03745408520166613,1.1449174941446927e-16,0.7424194753729736,True,True,0.9496124031007752,54.594874602421854,30.669976743331794,24.85,1489.7670991016573
TMTM,17,20,0.0841398384391658,,,,False,True,,53.1731961306319,63.269976743331796,0.5,29.975193140878417
TMTM,17,15,0.026788136004456693,0.013095073934981431,0.0,0.06365452190534657,True,False,0.3438202247191011,64.205400422797,67.4199767433318,7.65,458.6204550554398
TMTM,17,19,0.05801776284070617,0.05173149562394196,1.6653345369377348e-16,0.05173149562394196,True,True,0.3958333333333333,96.13210828421654,89.1699767433318,2.0500000000000003,122.89829187760151
TMTM,17,18,0.06936059221983548,0.0008521888286230942,0.0,0.048670057487456474,True,False,0.3835616438356164,75.99670567695155,84.31997674333181,2.95,176.85363953118267
TMTM,17,3,0.13226041152175583,0.06711373730399467,0.0,0.675305738068979,True,True,0.9475728155339805,54.141226125942495,38.269976743331796,25.3,1516.744772928448
TMTM,18,21,0.137333568286207,,,,False,True,,57.43994854898696,73.9199767433318,0.2,11.990077256351366
TMTM,18,15,0.03396847847085868,0.007180342466401987,2.0816681711721685e-16,0.07083486437174855,True,False,0.7692307692307693,65.49375932682875,69.5699767433318,8.450000000000001,506.5807640808452
TMTM,18,19,0.6660384120480815,0.6080206492073753,0.0,0.5562891535834333,True,True,0.34146341463414637,98.64458618910157,18.7199767433318,0.7000000000000001,41.96527039722978
TMTM,18,18,0.06564509003651947,0.0037155021833160146,0.0,0.04495455530414046,True,False,0.3220338983050847,74.19256593894947,82.06997674333181,0.9500000000000001,56.95286696766899
TMTM,18,3,0.09091319836176144,0.041347213159994387,2.185751579730777e-16,0.6339585249089846,True,True,0.9262759924385633,53.329560546743174,42.4199767433318,25.650000000000002,1537.7274081270627
TMTM,19,15,0.028626633465192224,0.0053418450056664565,2.220446049250313e-16,0.0654930193660821,True,True,0.4435695538057743,66.28478072750873,69.7199767433318,19.05,1142.0548586674677
TMTM,19,18,0.060264414820576796,0.005380675215942669,2.220446049250313e-16,0.039573880088197795,True,False,0.38095238095238093,72.28824696486258,79.5199767433318,0.5,29.975193140878417
TMTM,19,3,0.04933658293670635,0.04157661542505509,2.185751579730777e-16,0.5923819094839295,True,True,0.9343339587242027,51.99036669573656,46.0699767433318,25.900000000000002,1552.7150046975019
TMTM,20,15,0.01894633651887278,0.009680296946319444,0.0,0.05581272241976265,True,False,0.6422976501305483,68.94641636106707,71.2199767433318,12.4,743.3847898937847
TMTM,20,18,0.054751908839336255,0.11501632365991306,4.440892098500626e-16,0.07544244357171527,True,False,0.1,70.24020580405215,63.6699767433318,0.05,2.9975193140878416
TMTM,20,22,0.17533828462906872,,,,False,False,,29.279382587843553,50.3199767433318,0.55,32.972712454966256
TMTM,20,3,0.08066589433003829,0.13000247726674463,4.440892098500626e-16,0.4623794322171849,True,True,0.02895752895752896,41.3400694237272,51.019976743331796,0.75,44.962789711317626
TMTM,21,15,0.020564811414428993,0.0016184748955562138,0.0,0.057431197315318865,True,False,0.7761194029850746,70.50219937360032,72.9699767433318,11.4,683.4344036120278
TMTM,21,23,0.24249034413811962,,,,False,True,,21.721135446757444,50.8199767433318,0.35000000000000003,20.98263519861489
TMTM,21,22,0.13892799516625925,0.03641028946280948,0.0,0.03641028946280948,True,False,0.2,34.84861732338069,51.519976743331796,0.9500000000000001,56.95286696766899
TMTM,22,24,0.11104917506501359,,,,False,True,,20.745877751133428,7.419976743331796,0.15000000000000002,8.992557942263524
TMTM,22,25,0.27777597071061694,,,,False,True,,48.053093228605825,14.719976743331795,0.15000000000000002,8.992557942263524
TMTM,22,15,0.0031414751782065766,0.02370628659263557,0.0,0.03372491072268329,True,False,0.7116788321167883,73.59695376471659,73.2199767433318,12.05,722.4021546951698
TMTM,22,23,0.230583772385722,0.011906571752397621,2.220446049250313e-16,0.011906571752397621,True,True,0.35,23.049924057045157,50.7199767433318,1.0,59.950386281756835
TMTM,22,22,0.11014230380020719,0.028785691366052055,1.3877787807814457e-16,0.06519598082886154,True,False,0.4583333333333333,38.45290028730694,51.6699767433318,0.8,47.960309025405465
TMTM,23,24,0.09961060059898216,0.011438574466031425,2.220446049250313e-16,0.011438574466031425,True,True,0.3,22.623248815209656,10.669976743331796,0.5,29.975193140878417
TMTM,23,25,0.2683372539481173,0.009438716762499617,0.0,0.009438716762499648,True,True,0.09090909090909091,47.07044721710587,14.869976743331797,1.6500000000000001,98.91813736489877
TMTM,23,26,0.6204847173828333,,,,False,True,,100.27814282927179,25.819976743331797,0.25,14.987596570439209
TMTM,23,15,0.016579094186115265,0.013437619007908689,0.0,0.020287291714774607,True,False,0.6983050847457627,76.90946804566563,74.9199767433318,13.0,779.3550216628388
TMTM,23,23,0.2294781024945819,0.00110566989114013,1.3877787807814457e-16,0.013012241643537752,True,True,0.5652173913043478,23.73260444398197,51.269976743331796,0.8,47.960309025405465
TMTM,23,22,0.10123681232240364,0.008905491477803552,0.0,0.07410147230666508,True,False,0.7368421052631579,40.021559264643365,52.1699767433318,0.8500000000000001,50.957828339493304
TMTM,24,24,0.08841959307521084,0.011191007523771319,4.440892098500626e-16,0.022629581989802746,True,True,0.6,21.030327912357098,10.419976743331796,0.30000000000000004,17.985115884527048
TMTM,24,25,0.23113270362585914,0.03720455032225815,0.0,0.04664326708475779,True,True,0.3333333333333333,39.555901178434894,11.819976743331797,2.35,140.88340776212854
TMTM,24,15,0.03149445989349833,0.01491536570738307,1.6653345369377348e-16,0.005371926007391536,True,True,0.5984455958549223,81.0493119305516,77.2699767433318,17.85,1070.1143951293595
TMTM,24,23,0.2305616502071362,0.0010835477125543077,0.0,0.011928693930983444,True,True,0.47058823529411764,22.452578718475454,50.1199767433318,0.45,26.977673826790575
TMTM,24,22,0.08966388955261463,0.011572922769789015,2.220446049250313e-16,0.0856743950764541,True,False,0.3953488372093023,40.710309997018044,51.4699767433318,2.15,128.8933305057772
TMTM,25,24,0.08956793178266659,0.0011483387074557427,0.0,0.021481243282347004,True,True,0.5,22.168128557251787,11.419976743331796,0.6000000000000001,35.970231769054095
TMTM,25,25,0.21136048289847878,0.019772220727380378,0.0,0.06641548781213817,True,True,0.40425531914893614,37.63323469114925,12.269976743331796,0.9500000000000001,56.95286696766899
TMTM,25,15,0.03753726721094767,0.006042807317449336,1.6653345369377348e-16,0.0006708813100577989,True,True,0.6859344894026975,84.12444880864552,79.6199767433318,25.900000000000002,1552.7150046975019
TMTM,25,27,0.24939541229891155,,,,False,True,,19.892527267462416,49.8199767433318,0.1,5.995038628175683
TMTM,25,23,0.2012833007514358,0.029278349455700396,2.220446049250313e-16,0.041207043386683836,True,False,0.3333333333333333,25.8659806531595,50.019976743331796,0.15000000000000002,8.992557942263524
TMTM,25,22,0.061361238733893465,0.028302650818721155,0.0,0.11397704589517525,True,True,0.84,41.15662809526458,48.519976743331796,2.45,146.87844639030425
TMTM,26,24,0.08725027162960478,0.0023176601530618215,2.0816681711721685e-16,0.023798903435408823,True,True,0.9230769230769231,22.19000933888437,11.719976743331797,0.65,38.96775108314194
TMTM,26,25,0.22373411634011658,0.012373633441637822,1.1796119636642288e-16,0.05404185437050035,True,True,0.9473684210526315,37.71807070414579,10.869976743331797,0.9,53.95534765358115
TMTM,26,15,0.03702175564761845,0.0005155115633292221,0.0,0.00015536974672857677,True,True,0.8538205980066446,85.01258742104602,80.56997674333181,29.900000000000002,1792.5165498245292
TMTM,26,22,0.022190934902533734,0.08355217363642721,0.0,0.19752921953160246,True,True,0.06630581867388363,49.782888931635846,47.1199767433318,36.95,2215.166773110915
TMTM,27,24,0.07920868205137264,0.008041589578232125,1.942890293094024e-16,0.031840493013640954,True,True,0.8666666666666667,22.225018589496514,12.719976743331797,0.75,44.962789711317626
TMTM,27,25,0.19848143268366433,0.02525268365645224,0.0,0.07929453802695259,True,True,0.7222222222222222,37.28774866537152,13.469976743331795,0.65,38.96775108314194
TMTM,27,15,0.023998211024225686,0.01302354462339276,0.0,0.012868174876664185,True,True,0.9594155844155844,85.19976206623889,82.31997674333181,30.450000000000003,1825.4892622794955
TMTM,27,22,0.013501472188040254,0.008689462714493482,0.0,0.188839756817109,True,True,0.9364675984752223,49.04015340589663,47.4199767433318,39.25,2353.0526615589556
TMTM,28,24,0.16416535774239038,0.08495667569101774,0.0,0.053116182677376785,True,True,0.07389162561576355,33.86981967241864,14.169976743331798,10.15,608.4964207598318
TMTM,28,28,0.11308952975708948,,,,False,False,,95.84072031418253,82.2699767433318,0.05,2.9975193140878416
TMTM,28,15,0.0980336883625726,0.07403547733834692,0.0,0.06116730246168274,True,False,0.0016420361247947454,94.13401934684052,82.3699767433318,0.05,2.9975193140878416
TMTM,28,22,0.057503236261967496,0.07100470845000775,0.0,0.11783504836710122,True,False,0.033121019108280254,39.5195883918957,46.4199767433318,1.3,77.93550216628388
TMTM,28,29,0.05284040195926766,,,,False,True,,53.66082497844392,47.3199767433318,0.35000000000000003,20.98263519861489
TMTM,29,24,0.10730653569922909,0.05685882204316129,0.0,0.0037426393657845097,True,True,0.7241379310344828,30.84676102723929,17.9699767433318,7.3500000000000005,440.6353391709127
TMTM,29,28,0.02706434204811844,0.08602518770897104,0.0,0.08602518770897104,True,True,0.001644736842105263,85.11769778910602,81.8699767433318,30.400000000000002,1822.4917429654076
TMTM,29,22,0.0612811569592259,0.0037779206972584117,0.0,0.11405712766984281,True,False,0.07692307692307693,38.66623790822469,46.019976743331796,0.1,5.995038628175683
TMTM,29,30,0.024474886806267075,,,,False,False,,42.93299032657975,45.8699767433318,0.05,2.9975193140878416
TMTM,29,29,0.055712305168094466,0.0028719032088268055,0.0,0.0028719032088268055,True,True,0.3684210526315789,52.005453363503136,45.3199767433318,0.9500000000000001,56.95286696766899
TMTM,30,24,0.07519374281147148,0.032112792887757605,0.0,0.03585543225354212,True,True,0.8378378378378378,29.443225880708376,20.419976743331798,6.25,374.6899142609802
TMTM,30,28,0.027785573627245104,0.0007212315791266614,0.0,0.08530395612984437,True,True,0.9545454545454546,85.35424557860121,82.0199767433318,29.8,1786.5215111963535
TMTM,30,29,0.02505454735732702,0.03065775781076745,0.0,0.027785854601940645,True,True,0.021939953810623556,48.22652242621104,45.2199767433318,43.300000000000004,2595.851726000071
TMTM,31,24,0.0464445234751732,0.02874921933629828,1.6653345369377348e-16,0.0646046515898404,True,True,0.64,26.14331956035258,20.569976743331797,4.0,239.80154512702734
TMTM,31,28,0.0485659388905867,0.0763515125178318,1.942890293094024e-16,0.1616554686476762,True,True,0.8137535816618912,82.9920640764614,88.81997674333181,33.5,2008.3379404388538
TMTM,31,31,0.03605346264943338,,,,False,False,,46.3463922612638,42.019976743331796,0.05,2.9975193140878416
TMTM,31,29,0.07841546700729858,0.05336091964997157,0.0,0.025575065048030924,True,True,0.009237875288683603,51.679832784207626,42.269976743331796,0.4,23.980154512702732
TMTM,32,24,0.014273570504035918,0.06071809397920912,1.1102230246251565e-16,0.12532274556904952,True,True,0.4625,21.207148282847488,22.919976743331798,1.85,110.90821462125014
TMTM,32,32,0.10529440024319463,,,,False,True,,99.55530477251516,86.9199767433318,0.8500000000000001,50.957828339493304
TMTM,32,28,0.07967876879870595,0.12824470768929264,0.0,0.03341076095838354,True,True,0.05970149253731343,97.93142899917652,88.3699767433318,2.0,119.90077256351367
TMTM,32,33,0.13420855660472292,,,,False,True,,19.81494995076505,35.9199767433318,0.55,32.972712454966256
TMTM,32,29,0.03094159770741829,0.047473869299880296,0.0,0.021898804251849372,True,True,0.028070175438596492,47.08296846822199,43.3699767433318,14.25,854.2930045150348
TMTM,33,24,0.3477008249349864,0.33342725443095045,0.0,0.45875,True,True,0.8918918918918919,20.74587775113343,62.4699767433318,1.6500000000000001,98.91813736489877
TMTM,33,34,0.09830436131362248,,,,False,True,,65.9734533856971,77.7699767433318,0.2,11.990077256351366
TMTM,33,32,0.07011147772279287,0.03518292252040176,1.1102230246251565e-16,0.03518292252040176,True,True,0.5483870967741935,98.48335407006695,90.06997674333181,1.55,92.92309873672309
TMTM,33,28,0.08442657663677729,0.004747807838071339,2.7755575615628914e-16,0.028662953120312196,True,True,0.85,98.50116593974508,88.3699767433318,1.7000000000000002,101.91565667898661
TMTM,33,33,0.21196606935681608,0.07775751275209315,0.0,0.07775751275209315,True,True,0.14102564102564102,23.28404842051387,48.7199767433318,3.9000000000000004,233.80650649885163
TMTM,33,29,0.09642638713481594,0.06548478942739765,0.0,0.04358598517554828,True,True,0.7118055555555556,53.09114319950971,41.519976743331796,10.4,623.4840173302711
TMTM,34,24,0.38100202751456513,0.033301202579578755,1.6653345369377348e-16,0.49205120257957874,True,True,0.7575757575757576,20.199733441583984,65.9199767433318,1.25,74.93798285219604
TMTM,34,34,0.12164262182882506,0.02333826051520257,0.0,0.02333826051520257,True,True,0.23529411764705882,65.8228621238728,80.4199767433318,0.8500000000000001,50.957828339493304
TMTM,34,32,0.07825920240544354,0.008147724682650665,1.6653345369377348e-16,0.027035197837751095,True,True,0.7045454545454546,98.71108103198503,89.31997674333181,2.2,131.89084981986502
TMTM,34,28,0.10351621792024553,0.01908964128346824,0.0,0.009573311836843956,True,True,0.2647058823529412,100.39192289376126,87.9699767433318,0.45,26.977673826790575
TMTM,34,33,0.2071603532616555,0.004805716095160584,1.1102230246251565e-16,0.07295179665693258,True,True,0.5777777777777777,26.510734351933138,51.3699767433318,6.75,404.6651074018586
TMTM,34,29,0.11650560386394465,0.020079216729128706,1.249000902703301e-16,0.06366520190467699,True,True,0.7802690582959642,57.200649207005156,43.2199767433318,9.450000000000001,566.531150362602
TMTM,35,34,0.16435032257359955,0.04270770074477449,0.0,0.06604596125997707,True,True,0.47368421052631576,62.947938034499856,82.6699767433318,0.55,32.972712454966256
TMTM,35,24,0.4096119074622013,0.028609879947636124,0.0,0.5206610825272149,True,True,0.625,20.91654784786764,70.0699767433318,2.0,119.90077256351367
TMTM,35,32,0.05104600518149845,0.027213197223945093,1.1102230246251565e-16,0.05424839506169619,True,True,0.6197183098591549,97.59549736511161,91.4699767433318,3.5500000000000003,212.82387130023676
TMTM,35,28,0.05886809359201083,0.044648124328234694,1.249000902703301e-16,0.05422143616507865,True,True,0.8888888888888888,100.5341479743731,93.4699767433318,0.4,23.980154512702732
TMTM,35,33,0.19195504839615085,0.015205304865504636,0.0,0.05774649179142794,True,True,0.6416184971098265,30.035370935793697,53.0699767433318,7.45,446.63037779908836
TMTM,35,29,0.1293764942491613,0.012870890385216664,0.0,0.07653609228989365,True,True,0.7098445595854922,61.29515605323115,45.769976743331796,7.050000000000001,422.65022328638565
TMTM,36,34,0.3644576672857209,0.5288079898593204,0.0,0.46276202859934334,True,True,0.5,62.40489681761831,18.669976743331798,1.1,65.94542490993251
TMTM,36,24,0.4350784028645542,0.025466495402352893,0.0,0.5461275779295678,True,True,0.46511627906976744,22.710568399585302,74.9199767433318,4.3,257.7866610115544
TMTM,36,32,0.027653154362946117,0.023392850818552326,0.0,0.07764124588024851,True,True,0.6796116504854369,95.23835526688534,91.9199767433318,5.1000000000000005,305.74697003695985
TMTM,36,28,0.05242372060730673,0.006444372984704098,0.0,0.06066580914978274,True,True,0.625,100.96082321620861,94.6699767433318,0.25,14.987596570439209
TMTM,36,33,0.14507964512972407,0.0468754032664268,1.249000902703301e-16,0.010871088525001137,True,True,0.5714285714285714,34.86041932776491,52.269976743331796,6.8500000000000005,410.6601460300343
TMTM,36,29,0.13193951859887304,0.0025630243497117176,2.220446049250313e-16,0.07909911663960537,True,True,0.5673758865248227,62.60271897519656,46.769976743331796,4.0,239.80154512702734
TMTM,37,34,0.3561791021157728,0.008278565169948108,0.0,0.4544834634293953,True,True,0.7857142857142857,62.01146899722453,19.269976743331796,1.4000000000000001,83.93054079445956
TMTM,37,24,0.44918044186682604,0.014102039002271857,1.6653345369377348e-16,0.5602296169318397,True,True,0.7107438016528925,24.568323719312676,78.4699767433318,6.050000000000001,362.6998370046288
TMTM,37,32,0.01184937704554052,0.039502531408486634,1.6653345369377348e-16,0.11714377728873515,True,True,0.684931506849315,92.04805149786694,93.4699767433318,7.2,431.6427812286492
TMTM,37,33,0.0947927554651006,0.05028688966462346,0.0,0.03941580113962232,True,False,0.5654761904761905,40.494846087519726,51.8699767433318,6.300000000000001,377.68743357506804
TMTM,37,29,0.11446777468488266,0.017471743913990364,3.3306690738754696e-16,0.061627372725615005,True,True,0.425,61.55610970551772,47.8199767433318,1.7000000000000002,101.91565667898661
TMTM,38,24,0.45617483832331057,0.006994396456484578,0.0,0.5672240133883242,True,True,0.9022556390977443,25.128996144534533,79.8699767433318,6.6000000000000005,395.6725494595951
TMTM,38,35,0.34325280750352555,,,,False,True,,42.07963984290873,83.2699767433318,0.1,5.995038628175683
TMTM,38,34,0.1992654852481524,0.5554445873639253,0.0,0.10096112393452993,True,True,0.8666666666666667,61.15811851355352,85.06997674333181,1.4000000000000001,83.93054079445956
TMTM,38,32,0.005351066309080229,0.006498310736460292,1.1796119636642288e-16,0.11064546655227486,True,True,0.9583333333333334,92.37784878624217,93.0199767433318,6.9,413.6576653441221
TMTM,38,33,0.016579404128282012,0.07821335133681859,0.0,0.11762915247644092,True,False,0.5302013422818792,46.530448247937954,48.519976743331796,5.1000000000000005,305.74697003695985
TMTM,38,29,0.12264710087066841,0.00817932618578574,0.0,0.06980669891140075,True,True,0.20588235294117646,60.487628847812005,45.769976743331796,0.35000000000000003,20.98263519861489
TMTM,39,24,0.4663470456928735,0.010172207369562909,1.6653345369377348e-16,0.5773962207578871,True,True,0.7575757575757576,23.408331260186984,79.3699767433318,5.0,299.7519314087842
TMTM,39,35,0.3270049559683291,0.016247851535196388,0.0,0.016247851535196388,True,True,0.18181818181818182,44.32938202713231,83.56997674333181,0.55,32.972712454966256
TMTM,39,34,0.20620929585428296,0.006943810606130541,1.1102230246251565e-16,0.10790493454066047,True,True,0.4642857142857143,59.474861240817845,84.2199767433318,0.65,38.96775108314194
TMTM,39,32,0.01258140009867965,0.0072303337895994226,1.3877787807814457e-16,0.11787580034187428,True,True,0.7898550724637681,93.21020873149024,94.7199767433318,5.45,326.72960523557475
TMTM,39,36,0.17817333299616997,,,,False,True,,19.039176783791405,40.4199767433318,0.1,5.995038628175683
TMTM,39,33,0.04158766952428934,0.05816707365257135,0.0,0.17579622612901227,True,True,0.24113475177304963,56.11049708624652,51.1199767433318,21.150000000000002,1267.950669859157
TMTM,40,24,0.4855578912281217,0.019210845535248242,2.220446049250313e-16,0.5966070662931353,True,True,0.56,21.20302979595719,79.4699767433318,2.8000000000000003,167.86108158891912
TMTM,40,34,0.3203790596404367,0.5265883554947197,0.0,0.4186834209540592,True,True,0.29545454545454547,60.465463900184204,22.019976743331796,2.2,131.89084981986502
TMTM,40,32,0.02199423233468541,0.00941283223600576,0.0,0.12728863257788003,True,True,0.9174311926605505,93.28066886316955,95.9199767433318,5.0,299.7519314087842
TMTM,40,36,0.3386422400447567,0.1604689070485867,0.0,0.1604689070485867,True,True,0.06451612903225806,22.782907937961,63.4199767433318,1.55,92.92309873672309
TMTM,40,33,0.0540907502136239,0.012503080689334567,1.1102230246251565e-16,0.18829930681834683,True,True,0.8059360730593608,59.860866768966666,53.3699767433318,18.400000000000002,1103.0871075843256
TMTM,41,24,0.12400666632950325,0.3615512248986185,4.440892098500626e-16,0.23505584139451685,True,True,0.08928571428571429,19.039176783791405,33.919976743331794,0.25,14.987596570439209
TMTM,41,34,0.3280422056643014,0.007663146023864709,0.0,0.4263465669779239,True,True,0.8627450980392157,60.43504142304797,21.069976743331797,2.5500000000000003,152.87348501847993
TMTM,41,32,0.048056960959328286,0.026062728624642872,1.249000902703301e-16,0.1533513612025229,True,True,0.93,93.2531414282124,99.0199767433318,4.65,278.7692962101693
TMTM,41,36,0.3144002703070666,0.024241969737690106,2.220446049250313e-16,0.1362269373108966,True,True,0.33695652173913043,26.941944306483812,64.6699767433318,4.6000000000000005,275.7717768960814
TMTM,41,33,0.08615332828439068,0.03206257807076677,2.3592239273284576e-16,0.2203618848891136,True,True,0.8209718670076727,64.05837613745868,53.7199767433318,17.2,1031.1466440462175
TMTM,42,34,0.32596191905538685,0.0020802866089145943,0.0,0.4242662803690093,True,True,0.8793103448275862,60.23540702997822,21.119976743331797,2.9000000000000004,173.8561202170948
TMTM,42,32,0.041477479916330634,0.006579481042997651,0.0,0.14677188015952528,True,True,0.8921568627450981,93.79267915337212,98.7699767433318,5.0,299.7519314087842
TMTM,42,37,0.6299726240427156,,,,False,True,,99.51669162845768,23.919976743331798,1.3,77.93550216628388
TMTM,42,36,0.2858225058543201,0.02857776445274644,1.1102230246251565e-16,0.10764917285815016,True,True,0.6041666666666666,30.42127604081338,64.7199767433318,6.95,416.65518465821
TMTM,42,33,0.1256720178848985,0.03951868960050783,1.1102230246251565e-16,0.25988057448962143,True,True,0.8174386920980926,68.20061888951962,53.1199767433318,16.150000000000002,968.1987384503728
TMTM,43,34,0.31457805018906065,0.011383868866326216,1.6653345369377348e-16,0.4128824115026831,True,True,0.6896551724137931,60.469342766019075,22.7199767433318,2.0,119.90077256351367
TMTM,43,32,0.055873780897938256,0.014396300981607624,0.0,0.16116818114113288,True,True,0.85,94.41512303557921,101.1199767433318,4.25,254.78914169746653
TMTM,43,38,0.11692333299617,,,,False,True,,19.0391767837914,33.0699767433318,0.5,29.975193140878417
TMTM,43,37,0.057065521236583434,0.5729071028061322,0.0,0.5729071028061322,True,True,0.5172413793103449,99.91783929172182,93.06997674333181,0.9,53.95534765358115
TMTM,43,36,0.223837232831016,0.06198527302330413,0.0,0.04566389983484604,True,False,0.5705882352941176,35.55950880360988,62.4199767433318,6.4,383.6824722032437
TMTM,43,33,0.15745682132230396,0.031784803437405466,1.3877787807814457e-16,0.29166537792702685,True,True,0.8079268292682927,71.31479530200828,52.4199767433318,13.5,809.3302148037172
TMTM,44,38,0.093117491601653,0.023805841394516993,3.3306690738754696e-16,0.023805841394516993,True,True,0.3076923076923077,20.745877751133435,31.919976743331794,1.2000000000000002,71.94046353810819
TMTM,44,34,0.33449394428172746,0.019915894092666787,1.1102230246251565e-16,0.43279830559534993,True,True,0.547945205479452,61.30925005713909,21.169976743331798,3.6500000000000004,218.81890992841244
TMTM,44,32,0.053059579834711455,0.0028142010632267993,1.249000902703301e-16,0.15835398007790608,True,True,0.9176470588235294,94.35282716316642,100.7199767433318,3.9000000000000004,233.80650649885163
TMTM,44,37,0.04200705394064007,0.015058467295943364,2.220446049250313e-16,0.5879655701020756,True,True,0.2222222222222222,100.96082321620861,95.9199767433318,0.2,11.990077256351366
TMTM,44,36,0.15621952167279746,0.06761771115821856,2.220446049250313e-16,0.021953811323372523,True,False,0.302158273381295,43.67363414259611,62.4199767433318,2.6500000000000004,158.8685236466556
TMTM,44,33,0.1483444542532792,0.009112367069024786,0.0,0.28255301085800205,True,True,0.7518518518518519,73.7713112537253,55.9699767433318,10.15,608.4964207598318
TMTM,45,38,0.08717032701448252,0.005947164587170484,1.249000902703301e-16,0.029753005981687477,True,True,0.4838709677419355,21.909537501593896,32.3699767433318,1.1,65.94542490993251
TMTM,45,34,0.33431519917969077,0.00017874510203664447,2.0816681711721685e-16,0.43261956049331324,True,True,0.8780487804878049,61.13780064489469,21.019976743331796,4.05,242.79906444111518
TMTM,45,32,0.06428280084061626,0.011223221005904805,1.3877787807814457e-16,0.16957720108381089,True,True,0.782051282051282,94.10604064245786,101.81997674333181,3.0500000000000003,182.84867815935834
TMTM,45,39,0.19762865988055642,,,,False,True,,20.404537557665027,44.1199767433318,0.25,14.987596570439209
TMTM,45,33,0.015398877788281714,0.1637433320415609,0.0,0.11880967881644121,True,True,0.3644524236983842,56.37211140873799,58.2199767433318,27.85,1669.6182579469278
TMTM,46,38,0.06233074905069254,0.02483957796378998,1.1102230246251565e-16,0.05459258394547746,True,True,0.34615384615384615,23.240286857248694,30.7199767433318,0.65,38.96775108314194
TMTM,46,34,0.3288487760991535,0.005466423080537315,2.0816681711721685e-16,0.42715313741277594,True,True,0.9204545454545454,60.58182987523021,21.119976743331797,4.4,263.78169963973005
TMTM,46,32,0.05254103958682919,0.011741761253787075,1.1796119636642288e-16,0.15783543983002382,True,True,0.8461538461538461,94.9150519929123,101.2199767433318,2.95,176.85363953118267
TMTM,46,40,0.0669669832593464,,,,False,False,,43.68393875221023,51.7199767433318,1.25,74.93798285219604
TMTM,46,39,0.41372220755406597,0.2160935476735095,0.0,0.21609354767350952,True,True,0.2727272727272727,22.07331183684389,71.7199767433318,0.45,26.977673826790575
TMTM,46,33,0.09690851582003361,0.11230739360831533,2.220446049250313e-16,0.23111707242475654,True,True,0.43010752688172044,70.04899864173584,58.4199767433318,12.05,722.4021546951698
TMTM,47,41,0.030912453982796517,,,,False,True,,28.710482265396212,32.419976743331794,0.15000000000000002,8.992557942263524
TMTM,47,34,0.29499199735032877,0.03385677874882471,1.3877787807814457e-16,0.39329635866395124,True,True,0.8409090909090909,60.36901642537125,24.9699767433318,3.7,221.81642924250028
TMTM,47,32,0.058094169399946695,0.005553129813117508,1.1102230246251565e-16,0.16338856964314133,True,True,0.3898305084745763,95.0986764153382,102.06997674333181,1.1500000000000001,68.94294422402035
TMTM,47,40,0.02491303344837519,0.04205394981097121,2.220446049250313e-16,0.04205394981097121,True,False,0.09090909090909091,50.380412729526775,53.3699767433318,0.55,32.972712454966256
TMTM,47,39,0.16325548724378788,0.25046672031027806,1.1102230246251565e-16,0.03437317263676854,True,True,0.375,26.079318274077256,45.6699767433318,1.2000000000000002,71.94046353810819
TMTM,47,33,0.10977561948009834,0.012867103660064732,1.249000902703301e-16,0.24398417608482126,True,True,0.8132295719844358,72.4930510809436,59.3199767433318,11.25,674.4418456697643
TMTM,48,34,0.2920306917260725,0.0029613056242562643,0.0,0.39033505303969496,True,True,0.6727272727272727,61.163659750460496,26.119976743331797,5.5,329.72712454966256
TMTM,48,32,0.08043924845705301,0.022345079057106313,2.220446049250313e-16,0.18573364870024764,True,True,0.17391304347826086,89.86726692848544,99.5199767433318,0.2,11.990077256351366
TMTM,48,42,0.06976700058799364,,,,False,True,,99.49793667277257,107.8699767433318,1.05,62.947905595844674
TMTM,48,39,0.16264391164436456,0.0006115755994233159,0.0,0.03498474823619186,True,False,0.3333333333333333,28.85270734600805,48.3699767433318,0.6000000000000001,35.970231769054095
TMTM,48,33,0.06928447116323469,0.04049114831686366,0.0,0.2034930277679576,True,True,0.5269320843091335,67.73411328291996,59.4199767433318,21.35,1279.9407471155084
TMTM,49,32,0.6286715768150969,0.7091108252721499,0.0,0.5233771765719022,True,True,0.5,88.16056596114342,12.719976743331797,0.1,5.995038628175683
TMTM,49,34,0.2736679214854798,0.018362770240592702,0.0,0.37197228279910227,True,True,0.832,60.76012732158937,27.919976743331798,5.95,356.70479837645314
TMTM,49,43,0.020052605132549375,,,,False,False,,41.226289359237725,38.8199767433318,0.15000000000000002,8.992557942263524
TMTM,49,42,0.09250253879740751,0.022735538209413875,0.0,0.022735538209413875,True,True,0.34210526315789475,98.9696720876429,110.06997674333181,1.5,89.92557942263525
TMTM,49,44,0.043731727821974785,,,,False,False,,44.51778408196877,39.269976743331796,0.7000000000000001,41.96527039722978
TMTM,49,39,0.38675812146565536,0.2241142098212908,0.0,0.1891294615850989,True,True,0.18604651162790697,23.109002167453152,69.5199767433318,1.9500000000000002,116.90325324942582
TMTM,49,33,0.09417917112796405,0.024894699964729365,2.498001805406602e-16,0.22838772773268698,True,True,0.8253968253968254,70.32147727868748,59.019976743331796,18.900000000000002,1133.062300725204
TMTM,50,32,0.6257408653693882,0.0029307114457086817,0.0,0.5204464651261935,True,True,0.07692307692307693,93.60888058765838,18.519976743331796,1.3,77.93550216628388
TMTM,50,34,0.22301961421795688,0.0506483072675229,0.0,0.3213239755315794,True,True,0.8739495798319328,61.13233044948662,34.3699767433318,5.2,311.74200866513553
TMTM,50,43,0.050168949155490535,0.03011634402294116,0.0,0.03011634402294116,True,False,0.02040816326530612,44.24025064199066,38.2199767433318,2.35,140.88340776212854
TMTM,50,39,0.41523389612557654,0.0284757746599212,0.0,0.21760523624502015,True,True,0.5342465753424658,25.49190920826262,75.31997674333181,3.6500000000000004,218.81890992841244
TMTM,50,33,0.06456373604268144,0.029615435085282606,1.249000902703301e-16,0.19877229264740437,True,True,0.8435897435897436,72.66762506845357,64.9199767433318,17.05,1022.154086103954
TMTM,51,32,0.3824564354714635,0.24328442989792468,0.0,0.2771620352282689,True,True,0.5,92.16474899990742,46.269976743331796,0.65,38.96775108314194
TMTM,51,34,0.22662469106946184,0.0036050768515049586,0.0,0.32492905238308434,True,True,0.5673076923076923,61.21493967166722,34.019976743331796,2.95,176.85363953118267
TMTM,51,43,0.11507709607052127,0.06490814691503075,0.0,0.0950244909379719,True,True,0.4647887323943662,44.879228271794354,31.0699767433318,2.85,170.85860090300696
TMTM,51,39,0.4285326683558528,0.013298772230276217,1.6653345369377348e-16,0.23090400847529635,True,True,0.7684210526315789,27.896056540629473,79.31997674333181,4.75,284.76433483834495
TMTM,51,33,0.04958867691279932,0.014975059129882121,1.3877787807814457e-16,0.18379723351752225,True,True,0.7965616045845272,75.67061797286772,69.7199767433318,14.3,857.2905238291227
TMTM,52,32,0.43175576766531415,0.04929933219385063,2.220446049250313e-16,0.3264613674221195,True,True,0.43333333333333335,93.2806688631695,41.4699767433318,1.5,89.92557942263525
TMTM,52,34,0.25387594291656806,0.02725125184710624,0.0,0.3521803042301906,True,True,0.726027397260274,63.235089893319966,32.769976743331796,3.35,200.83379404388538
TMTM,52,43,0.12588193989843788,0.0108048438279166,1.1102230246251565e-16,0.1058293347658885,True,True,0.5643564356435643,43.62580953114434,28.519976743331796,5.050000000000001,302.749450722872
TMTM,52,39,0.4207640402349073,0.0077686281209454165,0.0,0.2231353803543509,True,True,0.7117117117117117,30.87829191514292,81.3699767433318,4.75,284.76433483834495
TMTM,52,33,0.038941625682193386,0.010647051230605935,0.0,0.1731501822869163,True,True,0.7342657342657343,78.34297182519501,73.6699767433318,10.5,629.4790559584467
TMTM,53,32,0.44427886521541193,0.012523097550097794,2.220446049250313e-16,0.3389844649722173,True,True,0.5263157894736842,94.43344056918123,41.1199767433318,2.85,170.85860090300696
TMTM,53,34,0.265236344295371,0.011360401378802957,0.0,0.36354070560899354,True,True,0.8356164383561644,63.94833805877632,32.1199767433318,3.35,200.83379404388538
TMTM,53,43,0.12698074843185694,0.00109880853341906,1.6653345369377348e-16,0.10692814329930757,True,True,0.6474358974358975,41.70766655515463,26.4699767433318,7.800000000000001,467.61301299770327
TMTM,53,39,0.29564276710844806,0.1251212731264593,2.220446049250313e-16,0.09801410722789165,True,False,0.13157894736842105,45.44284469031803,80.9199767433318,1.7000000000000002,101.91565667898661
TMTM,53,33,0.02709226127387462,0.011849364408318764,0.0,0.16130081787859754,True,True,0.5476190476190477,80.42104809619676,77.1699767433318,5.75,344.7147211201018
TMTM,54,43,0.11141928251817688,0.015561465913680047,2.1510571102112408e-16,0.09136667738562751,True,True,0.7954545454545454,41.290290645513025,27.919976743331798,8.0,479.6030902540547
TMTM,54,34,0.2610756154119604,0.004160728883410651,0.0,0.35937997672558286,True,True,0.7951807228915663,65.34905059276704,34.019976743331796,4.1000000000000005,245.79658375520302
TMTM,54,32,0.6321329033423316,0.18785403812691973,0.0,0.526838503099137,True,True,0.7702702702702703,94.8259251444116,18.9699767433318,3.7,221.81642924250028
TMTM,54,39,0.20175144907669348,0.09389131803175459,0.0,0.004122789196137067,True,False,0.13580246913580246,55.909802854128586,80.1199767433318,2.9000000000000004,173.8561202170948
TMTM,54,33,0.06963019721116599,0.042537935937291375,0.0,0.20383875381588892,True,True,0.3652173913043478,85.92560040867173,77.56997674333181,2.1,125.89581119168935
TMTM,55,43,0.08945292665514329,0.021966355863033606,0.0,0.06940032152259391,True,True,0.8041237113402062,39.65432794194899,28.919976743331798,9.5,569.5286696766899
TMTM,55,34,0.2779582860842934,0.016882670672333035,0.0,0.37626264739791593,True,True,0.32926829268292684,67.774971073447,34.419976743331794,1.35,80.93302148037172
TMTM,55,32,0.639837679634661,0.007704776292329285,1.3877787807814457e-16,0.5345432793914663,True,True,0.8783783783783784,95.00049829949111,18.2199767433318,3.25,194.8387554157097
TMTM,55,39,0.11415114590273205,0.08760030317396143,0.0,0.08347751397782437,True,False,0.23655913978494625,64.22183923500396,77.9199767433318,2.85,170.85860090300696
TMTM,55,45,0.006225274417403644,,,,False,True,,77.06700967342024,76.31997674333181,0.25,14.987596570439209
TMTM,55,33,0.17770078378768114,0.10807058657651515,2.220446049250313e-16,0.31190934039240403,True,True,0.14285714285714285,96.69407079785354,75.3699767433318,0.30000000000000004,17.985115884527048
TMTM,56,43,0.08549552347083396,0.0039574031843093195,1.1188966420050406e-16,0.06544291833828458,True,True,0.848780487804878,37.37943955983187,27.119976743331797,9.450000000000001,566.531150362602
TMTM,56,34,0.29987170671593427,0.02191342063164085,0.0,0.39817606802955674,True,True,0.42857142857142855,69.45458154924391,33.4699767433318,3.1500000000000004,188.84371678753402
TMTM,56,32,0.6284361518105457,0.01140152782411524,0.0,0.5231417515673511,True,True,0.9538461538461539,94.93231496059728,19.519976743331796,3.1,185.84619747344618
TMTM,56,39,0.010211471478436469,0.10393967442429558,0.0,0.18741718840211996,True,True,0.2323943661971831,75.24460016591942,76.4699767433318,5.9,353.70727906236533
TMTM,56,46,0.3359267704063529,,,,False,True,,22.20876429456945,62.519976743331796,0.7000000000000001,41.96527039722978
TMTM,56,33,0.17156246657671492,0.006138317210966211,2.220446049250313e-16,0.30577102318143784,True,True,0.3333333333333333,100.10747273253759,79.5199767433318,0.1,5.995038628175683
TMTM,57,43,0.08727101861167341,0.0017754951408394486,0.0,0.06721841347912404,True,True,0.8111587982832618,36.992498976732605,26.519976743331796,11.65,698.4220001824671
TMTM,57,32,0.6396355640343383,0.01119941222379263,1.1796119636642288e-16,0.5343411637911437,True,True,0.8769230769230769,94.2762444274524,17.519976743331796,3.0,179.8511588452705
TMTM,57,34,0.28576135945477965,0.014110347261154624,1.6653345369377348e-16,0.3840657207684021,True,True,0.7126436781609196,68.81133987790535,34.519976743331796,4.3,257.7866610115544
TMTM,57,46,0.3121212593908412,0.023805511015511715,1.1102230246251565e-16,0.023805511015511746,True,True,0.5,23.765425616430857,61.2199767433318,0.65,38.96775108314194
TMTM,57,39,0.024155586669213847,0.013944115190777377,0.0,0.1734730732113426,True,True,0.21851851851851853,72.17130634302615,75.06997674333181,27.0,1618.6604296074345
TMTM,58,43,0.12660359003178712,0.0393325714201137,2.237793284010081e-16,0.10655098489923773,True,True,0.9703389830508474,36.81240754714625,21.619976743331797,11.600000000000001,695.4244808683792
TMTM,58,34,0.30587523705766845,0.02011387760288882,2.0816681711721685e-16,0.40417959837129097,True,True,0.7623762376237624,71.07500519025201,34.3699767433318,4.6000000000000005,275.7717768960814
TMTM,58,32,0.543395049582775,0.09624051445156337,0.0,0.4381006493395803,True,True,0.7464788732394366,95.62738269326479,30.419976743331794,3.2,191.84123610162186
TMTM,58,39,0.05240340381283737,0.02824781714362352,0.0,0.14522525606771905,True,True,0.4492512479201331,66.28156828579131,72.5699767433318,60.1,3603.0182155335856
TMTM,59,43,0.11142585394775881,0.015177736084028304,2.0816681711721685e-16,0.09137324881520943,True,True,0.928,36.741079217062854,23.369976743331797,12.5,749.3798285219603
TMTM,59,34,0.31334183135135524,0.007466594293686768,1.6653345369377348e-16,0.4116461926649777,True,True,0.8108108108108109,70.02099650549442,32.419976743331794,5.45,326.72960523557475
TMTM,59,32,0.4898825681716127,0.053512481411162285,0.0,0.38458816792841805,True,True,0.484375,96.00588492392532,37.2199767433318,1.55,92.92309873672309
TMTM,59,39,0.03497888547156798,0.01742451834126939,0.0,0.16264977440898845,True,True,0.9648692810457516,66.62251048674364,70.8199767433318,60.150000000000006,3606.0157348476732
TMTM,60,43,0.12636181121790768,0.014935957270148877,0.0,0.10630920608535831,True,True,0.9448818897637795,35.83339408948072,20.669976743331798,12.200000000000001,731.3947126374334
TMTM,60,32,0.515866592937464,0.025984024765851228,0.0,0.4105721926942693,True,True,0.06451612903225806,91.57396789582747,29.669976743331794,0.1,5.995038628175683
TMTM,60,34,0.34111359162837,0.027771760277014758,0.0,0.4394179529419925,True,False,0.009174311926605505,73.6536077387362,32.7199767433318,0.05,2.9975193140878416
TMTM,60,47,0.3260577502338531,,,,False,False,,71.94690677139417,32.8199767433318,0.05,2.9975193140878416
TMTM,60,39,0.01324828810087008,0.021730597370697897,2.185751579730777e-16,0.18438037177968633,True,True,0.9819672131147541,66.88018217122739,68.4699767433318,60.75,3641.9859666167276
TMTM,61,43,0.1378163525037356,0.011454541285827938,0.0,0.11776374737118625,True,True,0.8872727272727273,35.85793904378007,19.319976743331797,13.75,824.3178113741565
TMTM,61,34,0.32709045527488406,0.01402313635348591,0.0,0.4253948165885066,True,True,0.008620689655172414,72.77083137631789,33.519976743331796,5.800000000000001,347.7122404341896
TMTM,61,39,0.002839199196560808,0.010409088904309272,1.1123914289701275e-16,0.1947894606839956,True,True,0.9707792207792207,66.4792728397445,66.8199767433318,60.650000000000006,3635.990927988552
TMTM,62,43,0.17713197269432485,0.03931562019058923,0.0,0.15707936756177548,True,True,0.9413793103448276,35.97581346665078,14.719976743331795,14.4,863.2855624572984
TMTM,62,48,0.5460989081159159,,,,False,True,,96.5518457172417,31.019976743331796,1.2000000000000002,71.94046353810819
TMTM,62,34,0.3394974973249394,0.012407042050055318,1.6653345369377348e-16,0.43780185863856186,True,True,0.5916666666666667,74.85967642232453,34.1199767433318,3.75,224.81394855658812
TMTM,62,49,0.5765903872739735,,,,False,True,,100.96082321620861,31.769976743331796,0.2,11.990077256351366
TMTM,62,39,0.01995968587499668,0.01712048667843587,0.0,0.17766897400555975,True,True,0.9423380726698263,66.0748144383322,68.4699767433318,62.300000000000004,3734.9090653534504
TMTM,63,43,0.19060606071579614,0.013474088021471283,0.0,0.17055345558324675,True,True,0.8470588235294118,36.49270402922733,13.619976743331797,17.0,1019.1565667898661
TMTM,63,34,0.3443987924106399,0.004901295085700497,0.0,0.4427031537242624,True,True,0.8433734939759037,75.44783183260859,34.1199767433318,3.9000000000000004,233.80650649885163
TMTM,63,49,0.578266979235121,0.0016765919611476518,2.220446049250313e-16,0.001676591961147622,True,True,0.1,97.31201425154633,27.919976743331798,1.4500000000000002,86.9280601085474
TMTM,63,39,0.02891161008020203,0.00895192420520535,2.1510571102112408e-16,0.1687170498003544,True,True,0.9461538461538461,64.75058353370756,68.2199767433318,64.2,3848.8147992887884
TMTM,64,43,0.18979251949372192,0.0008135412220742062,0.0,0.16973991436117253,True,True,0.8355795148247979,34.99507908257843,12.219976743331797,17.05,1022.154086103954
TMTM,64,34,0.3716276226579739,0.027228830247333965,0.0,0.46993198397159636,True,True,0.4050632911392405,77.01529146228866,32.419976743331794,1.6500000000000001,98.91813736489877
TMTM,64,50,0.4905250985084387,,,,False,True,,90.23298856434444,31.369976743331797,0.35000000000000003,20.98263519861489
TMTM,64,49,0.0053486159505001275,0.5836155951856212,0.0,0.5819390032244736,True,True,0.1724137931034483,100.27814282927179,100.9199767433318,0.25,14.987596570439209
TMTM,64,51,0.13233571207841682,,,,False,False,,44.63969129392178,60.519976743331796,0.75,44.962789711317626
TMTM,64,39,0.12122596005710377,0.1501375701373058,0.0,0.3188546199376602,True,True,0.21417445482866043,82.36709195018425,67.8199767433318,13.75,824.3178113741565
TMTM,65,43,0.15924384113613793,0.030548678357584007,0.0,0.13919123600358854,True,True,0.8563049853372434,33.42923767966835,14.319976743331797,14.600000000000001,875.2756397136498
TMTM,65,34,0.3939980406681711,0.022370418010197273,0.0,0.4923024019817936,True,True,0.6666666666666666,77.29974162351233,30.019976743331796,1.1,65.94542490993251
TMTM,65,50,0.49196171615182926,0.0014366176433905883,1.6653345369377348e-16,0.0014366176433905883,True,True,0.45454545454545453,88.25538268155131,29.2199767433318,0.45,26.977673826790575
TMTM,65,51,0.08146289478264475,0.05087281729577207,0.0,0.05087281729577207,True,False,0.09411764705882353,50.744429369414426,60.519976743331796,3.9000000000000004,233.80650649885163
TMTM,65,39,0.13956945954598143,0.01834349948887765,0.0,0.3371981194265378,True,True,0.7454545454545455,84.41831188884957,67.6699767433318,10.25,614.4914593880076
TMTM,66,43,0.17629893390048784,0.01705509276434993,1.1188966420050406e-16,0.15624632876793848,True,True,0.9207920792079208,34.17584881139034,13.019976743331796,14.5,869.280601085474
TMTM,66,50,0.5306550369069255,0.038693320755096273,2.220446049250313e-16,0.040129938398486865,True,True,0.1276595744680851,94.94858117216286,31.269976743331796,2.2,131.89084981986502
TMTM,66,51,0.024010853876399865,0.05745204090624488,1.1102230246251565e-16,0.10832485820201694,True,False,0.32142857142857145,59.13867427816381,62.019976743331796,5.3500000000000005,320.7345666073991
TMTM,66,39,0.1395647095223276,4.750023653817455e-06,0.0,0.337193369402884,True,True,0.6487804878048781,84.8177418860111,68.0699767433318,6.65,398.67006877368294
TMTM,67,43,0.12883906429209793,0.047459869608389924,0.0,0.10878645915954856,True,True,0.9149659863945578,34.13066445838355,18.669976743331798,13.65,818.3227727459807
TMTM,67,50,0.5484262887537074,0.017771251846781765,0.0,0.05790119024526863,True,True,0.5641025641025641,95.03113139377668,29.2199767433318,3.9000000000000004,233.80650649885163
TMTM,67,51,0.026455139415513904,0.05046599329191377,1.942890293094024e-16,0.1587908514939307,True,False,0.4268292682926829,66.54459347319347,63.369976743331804,6.3500000000000005,380.68495288915585
TMTM,67,39,0.13509204837330616,0.004472661149021443,0.0,0.3327207082538626,True,True,0.7293233082706767,85.23102254812854,69.0199767433318,4.8500000000000005,290.75937346652063
TMTM,68,43,0.1375213114231628,0.008682247131064861,1.249000902703301e-16,0.11746870629061341,True,True,0.8768115942028986,33.77253411411133,17.269976743331796,12.25,734.3922319515211
TMTM,68,50,0.12637560533383915,0.6748018940875464,0.0,0.6169007038422779,True,True,0.41935483870967744,90.0049041032711,105.1699767433318,9.3,557.5385924203385
TMTM,68,51,0.11204078399110617,0.08558564457559227,0.0,0.244376496069523,True,False,0.45977011494252873,73.81487082226454,60.3699767433318,6.3500000000000005,380.68495288915585
TMTM,68,39,0.2493410794553043,0.11424903108199812,1.1102230246251565e-16,0.44696973933586065,True,True,0.7731958762886598,85.19090627796831,55.269976743331796,3.75,224.81394855658812
TMTM,69,43,0.11895877114673344,0.018562540276429354,0.0,0.09890616601418406,True,True,0.8857142857142857,32.79502928093981,18.519976743331796,10.850000000000001,650.4616911570616
TMTM,69,50,0.1358989667414061,0.009523361407566948,0.0,0.6264240652498448,True,True,0.7112299465240641,90.26210073436307,106.56997674333181,6.7,401.66758808777075
TMTM,69,51,0.1678597234572053,0.05581893946609912,1.3877787807814457e-16,0.3001954355356221,True,False,0.4539877300613497,80.71314355819644,60.5699767433318,5.5,329.72712454966256
TMTM,69,39,0.25626526420135315,0.006924184746048863,1.6653345369377348e-16,0.4538939240819096,True,True,0.7733333333333333,87.07180844749418,56.3199767433318,2.9000000000000004,173.8561202170948
TMTM,70,43,0.12226190140227043,0.003303130255537005,0.0,0.10220929626972106,True,True,0.783410138248848,32.34140491160425,17.669976743331798,8.5,509.57828339493307
TMTM,70,52,0.5258064639585271,,,,False,True,,64.26675241835505,1.1699767433317962,0.5,29.975193140878417
TMTM,70,50,0.07801781219949953,0.05788115454190657,0.0,0.5685429107079382,True,True,0.7971014492753623,92.15783927939185,101.5199767433318,5.7,341.7172018060139
TMTM,70,53,0.0985899996628366,,,,False,True,,19.039176783791405,30.869976743331797,0.1,5.995038628175683
TMTM,70,51,0.21940051319427945,0.05154078973707416,1.1449174941446927e-16,0.35173622527269627,True,False,0.5069444444444444,86.39803832664533,60.0699767433318,5.3500000000000005,320.7345666073991
TMTM,70,39,0.26878166970625184,0.012516405504898683,1.1102230246251565e-16,0.4664103295868082,True,True,0.8983050847457628,88.22377710808202,55.9699767433318,2.7,161.86604296074344
TMTM,71,43,0.11941618277274027,0.002845718629530166,2.229119666630197e-16,0.0993635776401909,True,True,0.8729281767955801,32.39991867606063,18.069976743331797,8.450000000000001,506.5807640808452
TMTM,71,50,0.09590919574932132,0.017891383549821782,0.0,0.5864342942577601,True,True,0.7280701754385965,91.46087325341324,102.9699767433318,4.15,248.79410306929086
TMTM,71,53,0.1195118217105129,0.020921822047676297,0.0,0.020921822047676297,True,True,0.05714285714285714,21.428558138070247,35.769976743331796,1.75,104.91317599307446
TMTM,71,51,0.25133336678468404,0.03193285359040458,1.249000902703301e-16,0.38366907886310087,True,True,0.5223880597014925,91.52998075749389,61.369976743331804,4.8500000000000005,290.75937346652063
TMTM,71,39,0.2606910848021809,0.00809058490407093,0.0,0.45831974468273734,True,True,0.9107142857142857,88.85290691959351,57.5699767433318,2.6500000000000004,158.8685236466556
TMTM,72,43,0.14320572816606938,0.02378954539332912,1.249000902703301e-16,0.12315312303352002,True,True,0.893491124260355,31.754664123260124,14.569976743331797,7.550000000000001,452.6254164272641
TMTM,72,54,0.4223614478361602,,,,False,True,,60.853350483671015,10.169976743331796,0.2,11.990077256351366
TMTM,72,50,0.55333938839514,0.6492485841444613,0.0,0.06281428988670132,True,True,0.7738095238095238,89.9707033507486,23.569976743331797,3.3000000000000003,197.83627472979754
TMTM,72,53,0.4912098640847141,0.37169804237420123,0.0,0.3926198644218775,True,True,0.4794520547945205,23.5747930531661,82.5199767433318,3.6500000000000004,218.81890992841244
TMTM,72,51,0.2731048030564319,0.021771436271747883,1.6653345369377348e-16,0.40544051513484874,True,True,0.6095238095238096,94.89255311010363,62.119976743331804,3.6,215.8213906143246
TMTM,72,39,0.25499690730826136,0.005694177493919561,0.0,0.45262556718881775,True,True,0.9107142857142857,89.51960562032316,58.9199767433318,2.7,161.86604296074344
TMTM,73,43,0.14543008181094544,0.0022243536448760537,0.0,0.12537747667839608,True,True,0.8974358974358975,31.42158656064525,13.969976743331795,7.25,434.640300542737
TMTM,73,50,0.5522167160541008,0.0011226723410391473,0.0,0.061691617545662145,True,True,0.7121212121212122,89.4859826698239,23.2199767433318,2.35,140.88340776212854
TMTM,73,55,0.2435577502338531,,,,False,False,,71.94690677139417,42.7199767433318,0.2,11.990077256351366
TMTM,73,53,0.18439110024123007,0.30681876384348405,0.0,0.08580110057839345,True,True,0.6239316239316239,25.793044714384195,47.9199767433318,5.8500000000000005,350.70975974827746
TMTM,73,51,0.28324219482232116,0.01013739176588923,2.220446049250313e-16,0.415577906900738,True,True,0.5138888888888888,97.40904012201034,63.4199767433318,1.85,110.90821462125014
TMTM,73,39,0.19954088475176993,0.05545602255649141,0.0,0.39716954463232634,True,True,0.9298245614035088,89.71488291354419,65.7699767433318,2.8000000000000003,167.86108158891912
TMTM,74,43,0.135985670999979,0.009444410810966468,0.0,0.11593306586742962,True,True,0.5724137931034483,29.238257263329274,12.919976743331796,4.15,248.79410306929086
TMTM,74,50,0.5619726925215649,0.009755976467464162,0.0,0.07144759401312625,True,True,0.6617647058823529,91.8066998459196,24.369976743331797,3.3000000000000003,197.83627472979754
TMTM,74,56,0.07175883068112524,,,,False,False,,72.45891706159678,81.06997674333181,0.5,29.975193140878417
TMTM,74,57,0.04147656069272957,,,,False,False,,84.74716402645934,79.7699767433318,0.5,29.975193140878417
TMTM,74,53,0.1941659688987537,0.009774868657523654,0.0,0.0955759692359171,True,True,0.7307692307692307,28.320060475481352,51.6199767433318,7.65,458.6204550554398
TMTM,74,51,0.30997262404271536,0.026730429220394213,0.0,0.4423083361211322,True,True,0.35135135135135137,99.51669162845764,62.31997674333179,0.65,38.96775108314194
TMTM,74,58,0.16436530666213792,,,,False,True,,83.89381354278835,64.1699767433318,0.25,14.987596570439209
TMTM,74,39,0.26100619642375605,0.0614653116719861,0.0,0.45863485630431244,True,True,0.125,95.84072031418252,64.5199767433318,0.35000000000000003,20.98263519861489
TMTM,75,43,0.11983516059118961,0.016150510408789374,1.1275702593849246e-16,0.09978255545864023,True,True,0.9642857142857143,29.30019601427455,14.919976743331798,4.1000000000000005,245.79658375520302
TMTM,75,50,0.5491307683995788,0.012841924121986223,2.220446049250313e-16,0.05860566989114009,True,True,0.5303030303030303,90.91566895128125,25.019976743331796,1.75,104.91317599307446
TMTM,75,56,0.0599877457969639,0.011771084884161336,2.220446049250313e-16,0.011771084884161336,True,False,0.13793103448275862,74.32144724769613,81.5199767433318,1.1500000000000001,68.94294422402035
TMTM,75,57,0.033746749720251636,0.007729810972477935,1.942890293094024e-16,0.007729810972477935,True,False,0.05,84.669586709762,80.6199767433318,0.55,32.972712454966256
TMTM,75,53,0.17013480120673322,0.02403116769202051,1.6653345369377348e-16,0.0715448015438966,True,True,0.7614213197969543,31.953800598523813,52.3699767433318,9.700000000000001,581.5187469330413
TMTM,75,51,0.1628471801608273,0.14712544388188806,0.0,0.2951828922392441,True,True,0.065,81.81163836263107,62.269976743331796,10.0,599.5038628175683
TMTM,76,43,0.13324389540494658,0.01340873481375698,0.0,0.11319129027239722,True,True,0.8902439024390244,29.209244191925386,13.219976743331795,3.6500000000000004,218.81890992841244
TMTM,76,50,0.5295474350662451,0.01958333333333358,0.0,0.03902233655780651,True,True,1.0,90.91566895128122,27.369976743331797,1.75,104.91317599307446
TMTM,76,56,0.04890432458372977,0.011083421213234128,1.1102230246251565e-16,0.022854506097395463,True,False,0.23076923076923078,75.90145779328422,81.7699767433318,2.0500000000000003,122.89829187760151
TMTM,76,57,0.06868307357279152,0.034936323852539884,0.0,0.02720651288006195,True,False,0.16666666666666666,88.51194557206678,80.2699767433318,0.8500000000000001,50.957828339493304
TMTM,76,53,0.14360804600653132,0.02652675520020189,1.942890293094024e-16,0.045018046343694704,True,True,0.801762114537445,35.48701122254804,52.7199767433318,10.75,644.4666525288859
TMTM,76,51,0.1524610288198492,0.010386151340978126,1.6653345369377348e-16,0.284796740898266,True,True,0.68,79.8153002017137,61.519976743331796,6.800000000000001,407.66262671594643
TMTM,77,43,0.15388046445310036,0.020636569048153763,0.0,0.13382785932055097,True,True,0.6517857142857143,32.23563247770384,13.769976743331796,5.6000000000000005,335.72216317783824
TMTM,77,56,0.06207126504477785,0.013166940461048071,0.0,0.009687565636347392,True,False,0.304,76.52142493795846,83.9699767433318,6.1000000000000005,365.6973563187167
TMTM,77,57,0.13015315436294644,0.061470080790154924,0.0,0.08867659367021688,True,True,0.11475409836065574,95.23835526688538,79.6199767433318,2.5500000000000003,152.87348501847993
TMTM,77,53,0.0924948452572569,0.05111320074927441,0.0,0.0060951544055797054,True,True,0.8185483870967742,39.02059531246097,50.1199767433318,11.8,707.4145581247307
TMTM,77,51,0.17926865845413503,0.026807629634285846,0.0,0.31160437053255186,True,True,0.6470588235294118,79.782215757828,58.269976743331796,4.4,263.78169963973005
TMTM,78,43,0.16779369437709743,0.013913229923997092,0.0,0.14774108924454807,True,True,0.7699115044247787,33.25522006858349,13.119976743331797,4.4,263.78169963973005
TMTM,78,59,0.1409589448833729,,,,False,True,,98.03505012933655,81.1199767433318,0.35000000000000003,20.98263519861489
TMTM,78,60,0.10636702169590594,,,,False,False,,94.13401934684052,81.3699767433318,0.1,5.995038628175683
TMTM,78,61,0.09047784696805555,,,,False,False,,92.42731837949847,81.56997674333181,0.05,2.9975193140878416
TMTM,78,62,0.07500533890687215,,,,False,False,,90.72061741215646,81.7199767433318,0.05,2.9975193140878416
TMTM,78,56,0.06430901308633506,0.0022377480415572155,0.0,0.0074498175947901755,True,True,0.5408805031446541,77.30289517297159,85.0199767433318,6.15,368.6948756328045
TMTM,78,57,0.17361358428572243,0.04346042992277598,0.0,0.13213702359299287,True,True,0.4805194805194805,97.30360685761849,76.4699767433318,3.1500000000000004,188.84371678753402
TMTM,78,53,0.19642109471102043,0.10392624945376354,0.0,0.09783109504818382,True,True,0.21610169491525424,25.899445378009347,49.4699767433318,2.5500000000000003,152.87348501847993
TMTM,78,63,0.05903029944234195,,,,False,False,,43.78634081025076,50.8699767433318,0.2,11.990077256351366
TMTM,78,64,0.28036402038681196,,,,False,True,,76.21365918974924,42.5699767433318,0.2,11.990077256351366
TMTM,78,51,0.3631990687539133,0.18393041029977825,0.0,0.4955347808323301,True,True,0.06818181818181818,86.45386499380139,42.8699767433318,0.30000000000000004,17.985115884527048
TMTM,79,43,0.1545682761038179,0.013225418273279535,1.942890293094024e-16,0.13451567097126854,True,True,0.8073394495412844,34.368169875789945,15.819976743331797,5.45,326.72960523557475
TMTM,79,56,0.03299435057810764,0.031314662508227425,2.220446049250313e-16,0.0387644801030176,True,True,0.4641509433962264,82.56065467395888,86.5199767433318,13.25,794.342618233278
TMTM,79,57,0.16652391297103683,0.007089671314685593,0.0,0.12504735227830727,True,True,0.6533333333333333,98.30284629985623,78.31997674333181,3.0500000000000003,182.84867815935834
TMTM,79,53,0.19146478761991242,0.004956307091108,0.0,0.09287478795707584,True,True,0.6964285714285714,27.844202228942308,50.8199767433318,2.2,131.89084981986502
TMTM,79,63,0.05439112471449169,0.004639174727850263,0.0,0.004639174727850263,True,False,0.5,45.49304177759279,52.019976743331796,0.1,5.995038628175683
TMTM,79,51,0.23572698945117168,0.1274720793027416,0.0,0.3680627015295885,True,True,0.16666666666666666,87.3072154774724,59.019976743331796,0.05,2.9975193140878416
TMTM,80,43,0.188169188757033,0.033600912653215104,0.0,0.16811658362448365,True,True,0.7786259541984732,36.45027939417576,13.869976743331797,6.2,371.69239494689236
TMTM,80,56,0.04899125413252546,0.01599690355441782,2.0816681711721685e-16,0.022767576548599778,True,True,0.8922558922558923,83.14102624742874,89.0199767433318,14.850000000000001,890.263236284089
TMTM,80,57,0.1672382972229876,0.0007143842519507615,1.1102230246251565e-16,0.12576173653025802,True,True,0.4918032786885246,99.53857241009031,79.4699767433318,1.5,89.92557942263525
TMTM,80,53,0.13544835957394508,0.05601642804596736,1.942890293094024e-16,0.03685835991110847,True,False,0.4603174603174603,35.46617359445839,51.7199767433318,2.4000000000000004,143.88092707621638
TMTM,80,65,0.05720394514909888,,,,False,False,,60.28445016122367,53.4199767433318,0.9,53.95534765358115
TMTM,80,51,0.3993814952333901,0.16365450578221843,0.0,0.5317172073118069,True,True,0.07692307692307693,91.24575617133861,43.3199767433318,0.65,38.96775108314194
TMTM,81,43,0.219220881112237,0.031051692355203983,0.0,0.19916827597968764,True,True,0.6358974358974359,37.226482476800236,10.919976743331796,9.75,584.5162662471291
TMTM,81,56,0.0931762654972881,0.04418501136476263,0.0,0.02141743481616286,True,True,0.783641160949868,82.48882488365723,93.6699767433318,18.95,1136.059820039292
TMTM,81,53,0.10715567115841042,0.028292688415534666,1.1796119636642288e-16,0.008565671495573805,True,False,0.6206896551724138,37.96129620432255,50.8199767433318,2.3000000000000003,137.8858884480407
TMTM,81,66,0.23952596043091093,,,,False,False,,81.16309199504111,52.4199767433318,0.75,44.962789711317626
TMTM,81,65,0.08934884644637157,0.03214490129727269,0.0,0.03214490129727269,True,False,0.36363636363636365,64.59183831689639,53.8699767433318,2.1,125.89581119168935
TMTM,81,51,0.286367021695906,0.11301447353748409,0.0,0.4187027337743228,True,True,0.07692307692307693,94.13401934684052,59.769976743331796,0.05,2.9975193140878416
TMTM,82,43,0.27190750295147065,0.05268662183923367,1.249000902703301e-16,0.2518548978189213,True,True,0.6954545454545454,41.398877097508276,8.769976743331796,8.9,533.5584379076358
TMTM,82,56,0.09225168568477429,0.0009245798125138076,1.249000902703301e-16,0.02049285500364905,True,True,0.916010498687664,82.79977446115889,93.8699767433318,17.55,1052.1292792448323
TMTM,82,53,0.06756009584219053,0.039595575316219885,0.0,0.031029903820646076,True,False,0.6153846153846154,40.46276524226894,48.5699767433318,1.9000000000000001,113.90573393533798
TMTM,82,65,0.10130689271696909,0.011958046270597518,1.1102230246251565e-16,0.04410294756787021,True,False,0.47619047619047616,66.82680386936809,54.6699767433318,1.0,59.950386281756835
TMTM,82,66,0.2862812178799052,0.04675525744899425,2.220446049250313e-16,0.04675525744899425,True,False,0.3023255813953488,87.47372288892042,53.1199767433318,2.0500000000000003,122.89829187760151
TMTM,83,43,0.2461753357957825,0.025732167155688164,1.3877787807814457e-16,0.22612273066323313,True,True,0.8351648351648352,42.561017038825696,13.019976743331796,7.800000000000001,467.61301299770327
TMTM,83,56,0.09967804662069568,0.007426360935921394,0.0,0.027919215939570443,True,True,0.8176638176638177,83.35861114884833,95.31997674333181,14.350000000000001,860.2880431432105
TMTM,83,67,0.2151712618437716,,,,False,True,,21.649425322079207,47.4699767433318,0.8500000000000001,50.957828339493304
TMTM,83,53,0.07687785081979483,0.00931775497760429,0.0,0.021712148843041786,True,False,0.6739130434782609,39.69463464495642,48.9199767433318,1.9500000000000002,116.90325324942582
TMTM,83,65,0.09011273411148615,0.01119415860548294,4.440892098500626e-16,0.03290878896238727,True,False,0.05,68.53350483671014,57.7199767433318,0.05,2.9975193140878416
TMTM,83,66,0.2955368394442842,0.009255621564379032,0.0,0.05601087901337329,True,True,0.45555555555555555,90.8343974766459,55.3699767433318,4.5,269.7767382679057
TMTM,84,56,0.10127212359526183,0.0015940769745661498,0.0,0.029513292914136593,True,True,0.8784722222222222,84.76732191190038,96.9199767433318,12.700000000000001,761.3699057783117
TMTM,84,43,0.2717600786127017,0.025584742816919182,0.0,0.2517074734801523,True,True,0.7245508982035929,43.631186176856,11.019976743331796,6.6000000000000005,395.6725494595951
TMTM,84,53,0.10968543790947508,0.03280758708968025,0.0,0.011095438246638464,True,True,0.3305084745762712,33.90772419419479,47.0699767433318,5.9,353.70727906236533
TMTM,84,66,0.20194290928894768,0.09359393015533654,0.0,0.03758305114196325,True,True,0.3284671532846715,81.15312585800552,56.9199767433318,13.700000000000001,821.3202920600686
TMTM,85,56,0.10352684829272694,0.002254724697465112,0.0,0.03176801761160171,True,True,0.7913385826771654,85.84675494820456,98.2699767433318,10.05,602.5013821316561
TMTM,85,43,0.24659880654254904,0.025161272070152632,0.0,0.22654620140999968,True,True,0.5151515151515151,43.91183352843768,14.319976743331797,3.4000000000000004,203.83131335797322
TMTM,85,53,0.07745212631785835,0.032233311591616715,1.6653345369377348e-16,0.021137873344978252,True,True,0.5860215053763441,38.2757215851888,47.5699767433318,8.85,530.560918593548
TMTM,85,66,0.21860734027459797,0.01666443098565029,1.249000902703301e-16,0.02091862015631296,True,True,0.8041958041958042,84.30285757628356,58.0699767433318,12.100000000000001,725.3996740092576
TMTM,86,56,0.02262544290538031,0.08090140538734664,1.6653345369377348e-16,0.04913338777574493,True,True,0.642512077294686,90.20492359468616,92.9199767433318,6.95,416.65518465821
TMTM,86,53,0.04522257403487551,0.03222955228298285,1.942890293094024e-16,0.0533674256279611,True,False,0.7017543859649122,42.593267859146735,48.019976743331796,10.55,632.4765752725345
TMTM,86,66,0.22570392346481133,0.0070965831902133425,0.0,0.01382203696609962,True,True,0.8221343873517787,85.90444755910916,58.8199767433318,10.950000000000001,656.4567297852373
TMTM,87,56,0.05878159038888088,0.03615614748350057,0.0,0.012977240292244356,True,True,0.9041095890410958,90.96618589666609,98.0199767433318,6.95,416.65518465821
TMTM,87,53,0.028417573284906912,0.016805000749968595,0.0,0.0701724263779297,True,False,0.7606177606177607,46.65986794914297,50.0699767433318,12.25,734.3922319515211
TMTM,87,66,0.26102269526445193,0.035318771799640616,0.0,0.021496734833540997,True,True,0.6301369863013698,90.99270017506603,59.6699767433318,6.9,413.6576653441221
TMTM,88,56,0.06263659181495089,0.0038550014260700038,0.0,0.009122238866174352,True,True,0.8441558441558441,92.00358572553769,99.5199767433318,7.25,434.640300542737
TMTM,88,53,0.004103494438102473,0.02431407884680444,0.0,0.09448650522473413,True,False,0.7902097902097902,50.2775574107595,50.769976743331796,13.350000000000001,800.3376568614538
TMTM,88,66,0.2617127302929085,0.0006900350284565704,0.0,0.02218676986199757,True,True,0.7285714285714285,91.47550437848082,60.0699767433318,5.2,311.74200866513553
TMTM,89,68,0.17188250839834693,,,,False,True,,20.745877751133428,0.11997674333179598,0.15000000000000002,8.992557942263524
TMTM,89,56,0.10371674039586942,0.04108014858091854,1.1188966420050406e-16,0.03195790971474419,True,True,0.8766233766233766,91.57396789582747,104.0199767433318,7.2,431.6427812286492
TMTM,89,53,0.0183483017523141,0.022451796190416574,0.0,0.1169383014151507,True,False,0.780327868852459,54.47177295360949,52.269976743331796,13.8,827.3153306882442
TMTM,89,69,0.13283609968955343,,,,False,True,,75.36030870607821,59.4199767433318,0.15000000000000002,8.992557942263524
TMTM,89,66,0.2854504622188499,0.023737731925941398,1.1102230246251565e-16,0.045924501787938964,True,True,0.38461538461538464,94.77403220959378,60.519976743331796,2.0,119.90077256351367
TMTM,90,68,0.17708267990172374,0.005200171503376812,2.220446049250313e-16,0.005200171503376824,True,True,0.3,21.769898331538645,0.5199767433317959,0.5,29.975193140878417
TMTM,90,70,0.42661187659460204,,,,False,True,,63.413401934684046,12.219976743331797,0.1,5.995038628175683
TMTM,90,56,0.08344480373590232,0.020271936659967103,0.0,0.011685973054777084,True,True,0.8766233766233766,92.15660029502352,102.1699767433318,7.25,434.640300542737
TMTM,90,53,0.043351585292819135,0.025003283540505034,1.1796119636642288e-16,0.14194158495565573,True,False,0.7840531561461794,58.522166978470096,53.3199767433318,13.05,782.3525409769267
TMTM,90,71,0.10022441690051972,,,,False,True,,71.94690677139417,59.9199767433318,0.05,2.9975193140878416
TMTM,90,66,0.28397407917886747,0.0014763830399824466,0.0,0.04444811874795652,True,True,0.325,95.4468662447959,61.369976743331804,0.65,38.96775108314194
TMTM,91,68,0.17170868205137263,0.005373997850351094,0.0,0.00017382634697427808,True,True,0.6666666666666666,22.225018589496514,1.6199767433317964,0.75,44.962789711317626
TMTM,91,56,0.08144655203586097,0.001998251700041346,0.0,0.009687721354735739,True,True,0.7241379310344828,93.64639049902848,103.4199767433318,5.25,314.73952797922334
TMTM,91,53,0.05786468077674159,0.014513095483922456,1.249000902703301e-16,0.1564546804395782,True,False,0.7857142857142857,62.11373843654079,55.1699767433318,11.950000000000001,716.4071160669941
TMTM,91,72,0.16382281848603958,,,,False,True,,22.111238525007046,41.769976743331796,0.75,44.962789711317626
TMTM,91,73,0.11783609968955358,,,,False,True,,75.36030870607823,61.2199767433318,0.05,2.9975193140878416
TMTM,91,66,0.4361178792127897,0.15214380003392225,2.220446049250313e-16,0.19659191878187876,True,True,0.23076923076923078,99.25412224886657,46.9199767433318,0.15000000000000002,8.992557942263524
TMTM,92,68,0.180491868908507,0.008783186857134365,1.1102230246251565e-16,0.00860936051016008,True,True,0.5555555555555556,22.579001012352638,0.9199767433317962,1.35,80.93302148037172
TMTM,92,56,0.07349939792249399,0.007947154113366987,0.0,0.001740567241368751,True,True,0.780952380952381,94.80004899263253,103.6199767433318,4.1000000000000005,245.79658375520302
TMTM,92,53,0.0951434360299542,0.03727875525321262,2.498001805406602e-16,0.1937334356927908,True,False,0.744,65.7871890669263,54.3699767433318,9.850000000000001,590.5113048753047
TMTM,92,72,0.360320653402326,0.19649783491628642,4.440892098500626e-16,0.19649783491628642,True,True,0.3125,23.981498335052677,67.2199767433318,2.4000000000000004,143.88092707621638
TMTM,92,73,0.13325276635622027,0.01541666666666668,0.0,0.01541666666666668,True,True,1.0,75.36030870607823,59.3699767433318,0.05,2.9975193140878416
TMTM,93,68,0.17622722438980462,0.004264644518702387,1.6653345369377348e-16,0.004344715991457715,True,True,0.675,22.36724367010835,1.219976743331796,2.0,119.90077256351367
TMTM,93,56,0.07354878651935823,4.938859686423787e-05,0.0,0.001789955838232989,True,True,0.6707317073170732,96.24412236100882,105.06997674333181,2.75,164.86356227483128
TMTM,93,53,0.13565600091924282,0.0405125648892886,2.220446049250313e-16,0.23424600058207942,True,True,0.4900497512437811,70.24869685364094,53.9699767433318,20.1,1205.0027642633122
TMTM,93,72,0.3321311419483537,0.028189511453972336,0.0,0.16830832346231409,True,True,0.4528301886792453,26.864239709529357,66.7199767433318,5.300000000000001,317.7370472933112
TMTM,94,68,0.1394856013332469,0.03674162305655773,0.0,0.032396907065100025,True,True,0.525,20.258248903321423,3.519976743331796,1.05,62.947905595844674
TMTM,94,56,0.051049216212319,0.022499570307039227,1.1102230246251565e-16,0.020709614468806238,True,True,0.9122807017543859,96.69407079785353,102.81997674333181,2.7,161.86604296074344
TMTM,94,74,0.30402918639893173,,,,False,False,,67.2534791112036,30.769976743331796,0.2,11.990077256351366
TMTM,94,72,0.2936836879123483,0.03844745403600536,1.6653345369377348e-16,0.1298608694263087,True,True,0.7464788732394366,29.627934193850006,64.8699767433318,7.1000000000000005,425.6477426004735
TMTM,94,53,0.17311616397352256,0.037460163054279745,0.0,0.2717061636363592,True,True,0.8146341463414634,73.4939164201545,52.7199767433318,17.1,1025.1516054180418
TMTM,95,68,0.10526008608885176,0.03422551524439513,1.1102230246251565e-16,0.06662242230949515,True,True,0.47619047619047616,19.551187073994008,6.919976743331796,0.5,29.975193140878417
TMTM,95,56,0.736217227852298,0.787266444064617,0.0,0.8079760585334232,True,True,0.7222222222222222,97.06604408560756,8.719976743331797,1.9500000000000002,116.90325324942582
TMTM,95,74,0.13017773690065865,0.4342069232995904,0.0,0.4342069232995904,True,False,0.10810810810810811,68.94864831525277,84.56997674333181,1.85,110.90821462125014
TMTM,95,72,0.2497540937788515,0.043929594133496834,0.0,0.0859312752928119,True,False,0.007042253521126761,34.399485489869626,64.3699767433318,0.05,2.9975193140878416
TMTM,95,75,0.2648099351733683,,,,False,False,,32.6927845225276,64.4699767433318,0.05,2.9975193140878416
TMTM,95,53,0.20527469563974446,0.03215853166622189,1.1102230246251565e-16,0.30386469530258103,True,True,0.7762039660056658,77.10294022010113,52.4699767433318,14.25,854.2930045150348
TMTM,96,56,0.7357841707158196,0.0004330571364783727,2.220446049250313e-16,0.8075430013969449,True,True,0.41025641025641024,97.01407722923015,8.719976743331797,0.8,47.960309025405465
TMTM,96,74,0.12168536253602073,0.00849237436463793,0.0,0.4257145489349525,True,False,0.5967741935483871,70.26773323900932,84.8699767433318,3.1,185.84619747344618
TMTM,96,72,0.21570340683082556,0.03405068694802592,0.0,0.05188058834478599,True,False,0.09090909090909091,35.485567923632736,61.369976743331804,0.55,32.972712454966256
TMTM,96,76,0.27828287199299384,,,,False,False,,28.42603210417254,61.81997674333179,0.30000000000000004,17.985115884527048
TMTM,96,53,0.2804746849901392,0.07519998935039478,0.0,0.3790646846529758,True,True,0.7272727272727273,82.2769389421485,48.6199767433318,11.4,683.4344036120278
TMTM,97,77,0.33555518235579485,,,,False,True,,41.53659862602718,1.2699767433317959,0.55,32.972712454966256
TMTM,97,74,0.11843129586646448,0.0032540666695562476,0.0,0.42246048226539623,True,False,0.6451612903225806,71.00822123935606,85.2199767433318,2.0,119.90077256351367
TMTM,97,78,0.1732807282007839,,,,False,False,,41.226289359237725,62.019976743331796,0.05,2.9975193140878416
TMTM,97,79,0.1883365695953009,,,,False,False,,39.519588391895695,62.119976743331804,0.05,2.9975193140878416
TMTM,97,76,0.2804105499631494,0.0021276779701556057,2.220446049250313e-16,0.0021276779701555762,True,False,0.2777777777777778,27.07071074775387,60.7199767433318,0.8500000000000001,50.957828339493304
TMTM,97,53,0.3075398066497881,0.027065121659648857,1.249000902703301e-16,0.4061298063126247,True,True,0.8565400843881856,83.72475354130637,46.8199767433318,10.600000000000001,635.4740945866224
TMTM,98,77,0.39412906364551686,0.05857388128972201,0.0,0.05857388128972201,True,True,0.125,47.56546438079382,0.2699767433317959,0.35000000000000003,20.98263519861489
TMTM,98,80,0.6746165929374638,,,,False,True,,91.57396789582747,10.619976743331797,0.1,5.995038628175683
TMTM,98,74,0.10322489615145436,0.015206399715010121,2.220446049250313e-16,0.4072540825503861,True,False,0.275,73.03298920515728,85.4199767433318,0.55,32.972712454966256
TMTM,98,79,0.14011331120684378,0.048223258388457126,0.0,0.048223258388457126,True,False,0.0125,45.70637939851054,62.519976743331796,4.0,239.80154512702734
TMTM,98,76,0.28507303433378994,0.004662484370640593,0.0,0.006790162340796139,True,True,0.5,25.561212623276997,59.769976743331796,1.4000000000000001,83.93054079445956
TMTM,98,53,0.31996587978467644,0.012426073134888386,0.0,0.4185558794475131,True,True,0.9014084507042254,84.56588231749298,46.1699767433318,9.65,578.5212276189534
TMTM,99,77,0.5740023787450834,0.9681314423906002,3.3306690738754696e-16,0.9095575611008784,True,True,0.3333333333333333,44.639691293921786,113.5199767433318,0.25,14.987596570439209
TMTM,99,74,0.3915581789922951,0.4947830751437495,0.0,0.08752899259336336,True,False,0.15384615384615385,74.5069582224072,27.519976743331796,0.2,11.990077256351366
TMTM,99,79,0.0880324647798013,0.05208084642704248,1.6653345369377348e-16,0.1003041048154996,True,False,0.5564516129032258,51.40608096975564,61.9699767433318,5.65,338.7196824919261
TMTM,99,76,0.25601951146575824,0.029053522868031756,0.0,0.022263360527235588,True,True,0.675,27.39763536744081,58.1199767433318,1.9500000000000002,116.90325324942582
TMTM,99,53,0.3423433452679676,0.022377465483291146,1.3877787807814457e-16,0.4409333449308042,True,True,0.8290155440414507,85.45117817548791,44.3699767433318,8.0,479.6030902540547
TMTM,100,77,0.35927511319373295,0.9332774919388165,0.0,0.023719930837938108,True,True,0.6666666666666666,42.93299032657975,-0.18002325666820385,0.25,14.987596570439209
TMTM,100,81,0.08675149476618856,,,,False,True,,20.380156115274424,9.969976743331797,0.7000000000000001,41.96527039722978
TMTM,100,82,0.4078919410840704,,,,False,False,,77.06700967342024,28.119976743331797,0.05,2.9975193140878416
TMTM,100,79,0.0470461077620057,0.040986357017795606,0.0,0.14129046183329522,True,False,0.6753246753246753,55.77444381189112,61.4199767433318,7.25,434.640300542737
TMTM,100,76,0.2264881988773803,0.029531312588377913,1.1102230246251565e-16,0.0517946731156135,True,False,0.5681818181818182,29.79139287804616,56.9699767433318,1.5,89.92557942263525
TMTM,100,53,0.3619144931762346,0.019571147908266973,1.1102230246251565e-16,0.4605044928390712,True,True,0.7625,86.64971592447995,43.2199767433318,6.1000000000000005,365.6973563187167
TMTM,101,81,0.11740656292698046,0.030655068160791894,0.0,0.030655068160791894,True,True,0.2857142857142857,22.208764294569452,8.119976743331797,2.45,146.87844639030425
TMTM,101,79,0.004137987765152928,0.05118409552715863,0.0,0.19247455736045385,True,False,0.6308411214953271,59.96653527515015,59.4699767433318,10.200000000000001,611.4939400739197
TMTM,101,76,0.28185639820905867,0.05536819933167833,0.0,0.00357352621606483,True,False,0.7368421052631579,31.697208958244758,65.5199767433318,1.8,107.9106953071623
TMTM,101,53,0.37634339814558415,0.01442890496934955,1.6653345369377348e-16,0.47493339780842075,True,True,0.7049180327868853,88.0811845208019,42.9199767433318,4.3,257.7866610115544
TMTM,102,81,0.11286597035921285,0.004540592567767598,1.6653345369377348e-16,0.026114475593024298,True,True,0.703125,21.51389318643734,7.969976743331797,3.0,179.8511588452705
TMTM,102,79,0.05002804514340748,0.04589005737825455,0.0,0.23836461473870837,True,False,0.6379310344827587,64.7233421605407,58.7199767433318,13.55,812.3277341178051
TMTM,102,76,0.30122692340886653,0.019370525199807857,1.1102230246251565e-16,0.022944051415872715,True,True,0.6428571428571429,30.77274593426782,66.9199767433318,2.8000000000000003,167.86108158891912
TMTM,102,53,0.3853939508892671,0.009050552743682931,1.6653345369377348e-16,0.4839839505521037,True,True,0.7441860465116279,89.06725085004385,42.8199767433318,3.2,191.84123610162186
TMTM,103,81,0.07604917506501364,0.03681679529419921,0.0,0.010702319701174915,True,True,0.4603174603174603,20.745877751133435,11.619976743331797,1.6,95.92061805081093
TMTM,103,79,0.09654422031244897,0.046516175169041496,0.0,0.2848807899077499,True,False,0.7232142857142857,68.70528318082567,57.1199767433318,15.4,923.2359487390552
TMTM,103,76,0.2997936115134553,0.0014333118954112044,3.608224830031759e-16,0.021510739520461484,True,True,0.8,30.64474336171717,66.6199767433318,3.5,209.82635198614892
TMTM,103,53,0.40922784696805575,0.02383389607878866,1.6653345369377348e-16,0.5078178466308924,True,True,0.671875,92.42731837949849,43.3199767433318,2.15,128.8933305057772
TMTM,104,81,0.05866911076049487,0.017380064304518772,0.0,0.028082384005693687,True,True,0.5909090909090909,21.06027003459118,14.019976743331796,1.9000000000000001,113.90573393533798
TMTM,104,79,0.1407307309887316,0.04418651067628261,0.0,0.3290673005840325,True,False,0.782016348773842,72.25766446197959,55.3699767433318,17.3,1037.1416826743932
TMTM,104,76,0.2991037605474541,0.0006898509660012486,0.0,0.02082088855446026,True,True,0.8333333333333334,30.027525477637315,65.9199767433318,3.6500000000000004,218.81890992841244
TMTM,104,53,0.21124941259078595,0.19797843437726978,1.6653345369377348e-16,0.30983941225362255,True,True,0.6744186046511628,95.36990625422611,70.0199767433318,1.4500000000000002,86.9280601085474
TMTM,105,81,0.019753087192959918,0.03891602356753496,1.6653345369377348e-16,0.06699840757322864,True,True,0.6538461538461539,21.990347206486987,19.619976743331797,2.4000000000000004,143.88092707621638
TMTM,105,79,0.15504868179873602,0.014317950810004436,0.0,0.3433852513940369,True,True,0.7928176795580111,75.27581855918012,56.6699767433318,15.15,908.248352168616
TMTM,105,76,0.31908828462906863,0.01998452408161461,0.0,0.04080541263607482,True,False,0.0136986301369863,29.279382587843553,67.5699767433318,0.05,2.9975193140878416
TMTM,105,83,0.3341441260235856,,,,False,False,,27.572681620501527,67.6699767433318,0.05,2.9975193140878416
TMTM,105,53,0.2784232382540594,0.06717382566327347,0.0,0.377013237916896,True,True,0.5517241379310345,98.08076533381893,64.6699767433318,0.8,47.960309025405465
TMTM,106,81,0.030314638404486515,0.010561551211526599,1.249000902703301e-16,0.056436856361702044,True,True,0.7358490566037735,22.60773335187018,18.9699767433318,2.2,131.89084981986502
TMTM,106,84,0.028371724826014303,,,,False,False,,58.42458372245351,55.019976743331796,0.65,38.96775108314194
TMTM,106,76,0.14612866268411262,0.17295962194495604,0.0,0.1321542093088812,True,False,0.09090909090909091,29.434537221238283,46.9699767433318,0.55,32.972712454966256
TMTM,106,79,0.18933667057060036,0.03428798877186434,1.1102230246251565e-16,0.37767324016590126,True,False,0.42574257425742573,81.34037721180384,58.6199767433318,6.45,386.6799915173316
TMTM,106,53,0.2928124665767149,0.014389228322655493,0.0,0.3914024662395515,True,True,0.25,100.10747273253759,64.9699767433318,0.2,11.990077256351366
TMTM,107,85,0.429970986832984,,,,False,True,,51.46649516328988,-0.13002325666820402,0.05,2.9975193140878416
TMTM,107,81,0.014496358197176148,0.04481099660166266,1.1449174941446927e-16,0.1012478529633647,True,True,0.851063829787234,22.73041375967066,24.4699767433318,2.15,128.8933305057772
TMTM,107,84,0.013989456154144441,0.014382268671869862,2.220446049250313e-16,0.014382268671869862,True,False,0.19696969696969696,56.19871148182913,54.519976743331796,3.3000000000000003,197.83627472979754
TMTM,107,79,0.20765319594478124,0.01831652537418087,1.942890293094024e-16,0.39598976554008214,True,True,0.7341772151898734,84.78836025670554,59.8699767433318,7.25,434.640300542737
TMTM,108,81,0.005105566085516481,0.009390792111659666,1.3877787807814457e-16,0.09185706085170504,True,True,0.6382978723404256,23.657308813069818,24.269976743331796,1.7000000000000002,101.91565667898661
TMTM,108,84,0.03810027979631965,0.024110823642175205,1.6653345369377348e-16,0.009728554970305343,True,False,0.5510204081632653,59.74201031889016,55.1699767433318,4.3,257.7866610115544
TMTM,108,79,0.22105094442567796,0.013397748480896728,0.0,0.4093875140209789,True,True,0.7448275862068966,86.59609007441315,60.0699767433318,5.4,323.7320859214869
TMTM,109,84,0.07116698773833896,0.03306670794201931,0.0,0.042795262912324654,True,False,0.5950413223140496,63.860015271932475,55.3199767433318,5.3500000000000005,320.7345666073991
TMTM,109,79,0.2364742195491318,0.015423275123453865,0.0,0.4248107891444327,True,True,0.6203703703703703,88.09688308922762,59.7199767433318,3.35,200.83379404388538
TMTM,110,84,0.10684419177305404,0.03567720403471508,0.0,0.07847246694703974,True,False,0.5933333333333334,68.39127975609829,55.5699767433318,6.6000000000000005,395.6725494595951
TMTM,110,79,0.2334192574076279,0.003054962141503914,1.1102230246251565e-16,0.4217558270029288,True,False,0.373134328358209,87.58028763224715,59.5699767433318,1.25,74.93798285219604
TMTM,110,86,0.2024320784970395,,,,False,True,,55.278127323687066,79.56997674333181,1.5,89.92557942263525
TMTM,111,87,0.12599333367049673,,,,False,True,,19.039176783791405,3.9199767433317962,0.05,2.9975193140878416
TMTM,111,84,0.14001337409938444,0.03316918232633039,1.942890293094024e-16,0.11164164927337013,True,False,0.6473988439306358,72.57158163525793,55.769976743331796,7.65,458.6204550554398
TMTM,111,79,0.23031032278450497,0.003108934623122946,0.0,0.41864689237980585,True,False,0.04,87.3072154774724,59.6699767433318,0.05,2.9975193140878416
TMTM,111,88,0.11746985033027604,,,,False,True,,22.566358782964922,8.469976743331797,0.75,44.962789711317626
TMTM,111,86,0.12167486595635839,0.08075721254068112,0.0,0.08075721254068112,True,True,0.417910447761194,60.91899282856879,75.5199767433318,3.25,194.8387554157097
TMTM,112,87,0.11932666700383007,0.006666666666666665,0.0,0.0066666666666666576,True,True,0.5,19.039176783791405,4.719976743331796,0.1,5.995038628175683
TMTM,112,89,0.12050149476618857,,,,False,True,,20.380156115274424,5.919976743331796,0.7000000000000001,41.96527039722978
TMTM,112,84,0.20252947341796515,0.06251609931858072,0.0,0.17415774859195085,True,True,0.25,78.72351355348762,54.4199767433318,30.6,1834.481820221759
TMTM,112,88,0.5958503104248561,0.7133201607551322,0.0,0.7133201607551322,True,True,0.6,23.81793949234907,95.31997674333181,1.25,74.93798285219604
TMTM,112,86,0.06047330472976912,0.06120156122658926,0.0,0.1419587737672704,True,True,0.6808510638297872,64.86318017575951,72.1199767433318,4.65,278.7692962101693
TMTM,113,87,0.09974333367049673,0.019583333333333338,3.3306690738754696e-16,0.026250000000000002,True,True,0.6666666666666666,19.039176783791405,7.069976743331797,0.15000000000000002,8.992557942263524
TMTM,113,89,0.0976600003371634,0.022841494429025166,1.1102230246251565e-16,0.022841494429025166,True,True,0.25,19.039176783791405,7.319976743331797,0.30000000000000004,17.985115884527048
TMTM,113,90,0.626756839561419,,,,False,True,,99.68079749070208,24.4699767433318,0.8,47.960309025405465
TMTM,113,91,0.12737057363834633,,,,False,False,,67.95444557993336,52.6699767433318,2.8000000000000003,167.86108158891912
TMTM,113,84,0.17455924845585263,0.02797022496211253,0.0,0.14618752362983833,True,False,0.21895424836601307,78.41708655803411,57.4699767433318,6.7,401.66758808777075
TMTM,113,88,0.061422904237728,0.5344274061871281,0.0,0.17889275456800402,True,True,0.16,21.59922823480444,28.9699767433318,0.2,11.990077256351366
TMTM,113,92,0.006199538659660438,,,,False,False,,28.426032104172542,29.169976743331794,0.1,5.995038628175683
TMTM,113,86,0.029925040949510755,0.030548263780258367,1.942890293094024e-16,0.17250703754752875,True,True,0.839622641509434,67.37897182939051,70.9699767433318,5.1000000000000005,305.74697003695985
TMTM,114,87,0.09628041834736066,0.003462915323136073,0.0,0.029712915323136076,True,True,0.5,19.323626945015075,7.769976743331796,0.30000000000000004,17.985115884527048
TMTM,114,89,0.09099333367049672,0.006666666666666672,2.498001805406602e-16,0.029508161095691838,True,True,0.5714285714285714,19.039176783791405,8.119976743331797,0.25,14.987596570439209
TMTM,114,90,0.648345542654983,0.021588703093564022,0.0,0.021588703093564022,True,True,0.45714285714285713,98.57144186192976,20.769976743331796,1.75,104.91317599307446
TMTM,114,91,0.13958723102961113,0.012216657391264778,1.1102230246251565e-16,0.012216657391264778,True,False,0.6292134831460674,69.07044446688514,52.3199767433318,4.45,266.7792189538179
TMTM,114,84,0.19497551180068887,0.02041626334483624,0.0,0.16660378697467457,True,False,0.7105263157894737,81.11703815941446,57.7199767433318,6.300000000000001,377.68743357506804
TMTM,114,93,0.28101884382167186,,,,False,True,,97.64223800193243,63.9199767433318,0.9,53.95534765358115
TMTM,114,86,0.006683030782800496,0.023242010166710257,2.0816681711721685e-16,0.195749047714239,True,True,0.8849557522123894,68.71801304939574,69.5199767433318,5.550000000000001,332.72464386375043
TMTM,115,87,0.08396584173168026,0.012314576615680398,2.220446049250313e-16,0.042027491938816476,True,True,0.46153846153846156,20.745877751133428,10.669976743331796,0.65,38.96775108314194
TMTM,115,90,0.6925253818998509,0.04417983924486795,2.220446049250313e-16,0.06576854233843198,True,True,0.17142857142857143,99.82302257131391,16.7199767433318,0.30000000000000004,17.985115884527048
TMTM,115,91,0.17502109551074582,0.03543386448113471,0.0,0.04765052187239949,True,False,0.6390977443609023,70.3725082046213,49.3699767433318,6.45,386.6799915173316
TMTM,115,84,0.2434082117552726,0.04843269995458375,0.0,0.2150364869292583,True,False,0.5903614457831325,85.27896215396451,56.0699767433318,6.9,413.6576653441221
TMTM,115,93,0.3022987776496803,0.021279933828008406,1.942890293094024e-16,0.021279933828008406,True,True,0.28125,97.69583006129344,61.4199767433318,1.1500000000000001,68.94294422402035
TMTM,115,86,0.01628111939786443,0.022964150180664927,1.942890293094024e-16,0.21871319789490393,True,True,0.8461538461538461,67.22371107107553,65.2699767433318,6.45,386.6799915173316
TMTM,116,87,0.0968395531200575,0.012873711388377245,0.0,0.02915378055043923,True,True,0.8461538461538461,20.590723117738698,8.969976743331797,0.55,32.972712454966256
TMTM,116,91,0.21560279726832926,0.04058170175758343,0.0,0.08823222362998291,True,False,0.7261904761904762,72.04231241553131,46.1699767433318,8.05,482.6006095681425
TMTM,116,84,0.2773144079338979,0.033906196178625274,0.0,0.2489426831078836,True,True,0.5588235294117647,89.49770569539955,56.2199767433318,6.3500000000000005,380.68495288915585
TMTM,116,86,0.0491944953062293,0.032913375908364864,0.0,0.2516265738032688,True,True,0.6292682926829268,70.47331618007931,64.5699767433318,10.25,614.4914593880076
TMTM,117,87,0.0894536230922063,0.00738593002785121,0.0,0.03653971057829044,True,True,0.4074074074074074,21.50441151439655,10.769976743331796,1.35,80.93302148037172
TMTM,117,91,0.2524463150777836,0.03684351780945434,0.0,0.12507574143943725,True,False,0.7207207207207207,72.26353455266583,41.9699767433318,11.05,662.451768413413
TMTM,117,94,0.4307170414052891,,,,False,True,,23.43393177469712,75.1199767433318,2.0,119.90077256351367
TMTM,117,84,0.30014057503843544,0.022826167104537554,1.1102230246251565e-16,0.27176885021242114,True,True,0.5882352941176471,93.13684574794405,57.1199767433318,4.45,266.7792189538179
TMTM,117,86,0.037627515657093366,0.011566979649135925,1.1102230246251565e-16,0.2400595941541329,True,True,0.8097345132743363,68.985278622183,64.4699767433318,10.200000000000001,611.4939400739197
TMTM,118,87,0.09849795897656875,0.009044335884362464,1.1796119636642288e-16,0.027495374693927977,True,True,0.8928571428571429,21.139731820520048,9.319976743331797,1.3,77.93550216628388
TMTM,118,91,0.27999675372533234,0.027550438647548723,0.0,0.15262618008698597,True,True,0.674074074074074,71.76958719037168,38.1699767433318,11.55,692.4269615542914
TMTM,118,94,0.369829930065343,0.06088711133994608,3.3306690738754696e-16,0.06088711133994611,True,True,0.30666666666666664,27.690385135490637,72.0699767433318,2.9000000000000004,173.8561202170948
TMTM,118,84,0.3212667920457171,0.021126217007281647,1.6653345369377348e-16,0.29289506721970276,True,True,0.5510204081632653,95.92199178881785,57.3699767433318,3.1500000000000004,188.84371678753402
TMTM,118,86,0.04237307621419303,0.004745560557099656,1.249000902703301e-16,0.24480515471123254,True,True,0.8254716981132075,68.65474588903496,63.56997674333179,9.15,548.5460344780751
TMTM,119,87,0.07801528163620025,0.020482677340368512,0.0,0.04797805203429649,True,True,0.8387096774193549,21.681810539675826,12.319976743331797,1.55,92.92309873672309
TMTM,119,91,0.2974632095029762,0.01746645577764389,0.0,0.17009263586462986,True,True,0.7298245614035088,70.86556188368894,35.169976743331794,13.100000000000001,785.3500602910145
TMTM,119,94,0.2299473948674506,0.13988253519789234,2.220446049250313e-16,0.20076964653783846,True,False,0.013888888888888888,41.22628935923772,68.8199767433318,0.75,44.962789711317626
TMTM,119,84,0.32505190920923527,0.0037851171635181775,0.0,0.29668018438322097,True,True,0.4225352112676056,98.17620584844003,59.1699767433318,1.9000000000000001,113.90573393533798
TMTM,119,86,0.010390495367101535,0.052763571581294556,2.7755575615628914e-16,0.19204158312993796,True,True,0.7445652173913043,63.67311729927962,64.9199767433318,6.9,413.6576653441221
TMTM,120,87,0.07784619460582833,0.00016908703037192828,0.0,0.048147139064668415,True,True,0.78125,20.811520096031195,11.469976743331797,1.3,77.93550216628388
TMTM,120,91,0.3103241487042397,0.012860939201263476,1.1796119636642288e-16,0.18295357506589335,True,True,0.8197879858657244,69.55887458784056,32.3199767433318,12.65,758.372386464224
TMTM,120,95,0.23086138228191613,,,,False,True,,20.366610869501866,48.0699767433318,0.45,26.977673826790575
TMTM,120,96,0.09287456513982342,,,,False,False,,52.225028926552994,63.369976743331804,0.45,26.977673826790575
TMTM,120,84,0.3253175248096987,0.00026561560046343876,0.0,0.2969457999836844,True,True,0.35294117647058826,98.20807972049565,59.1699767433318,1.55,92.92309873672309
TMTM,120,86,0.004050351780508047,0.006340143586593487,0.0,0.19838172671653145,True,True,0.4782608695652174,64.78393452967083,65.2699767433318,3.3000000000000003,197.83627472979754
TMTM,121,87,0.03479917506501359,0.043047019540814725,1.942890293094024e-16,0.09119415860548315,True,True,0.8666666666666667,20.745877751133428,16.569976743331797,1.5,89.92557942263525
TMTM,121,91,0.33506769414871485,0.024743545444475146,0.0,0.20769712051036848,True,True,0.8235294117647058,69.32810004117758,29.119976743331797,15.25,914.2433907967917
TMTM,121,95,0.22277599717262792,0.00808538510928821,0.0,0.00808538510928821,True,True,0.32142857142857145,22.08685708261645,48.8199767433318,1.4000000000000001,83.93054079445956
TMTM,121,97,0.06574064221482599,,,,False,False,,59.43109967755267,67.3199767433318,0.6000000000000001,35.970231769054095
TMTM,121,86,0.0034869214132309404,0.0005634303672771068,0.0,0.19894515708380858,True,True,0.42424242424242425,65.85154617374408,66.2699767433318,1.4000000000000001,83.93054079445956
TMTM,121,84,0.3011484258114746,0.024169098998224097,0.0,0.2727767009854603,True,True,0.53125,97.35778784070875,61.2199767433318,0.9,53.95534765358115
TMTM,122,87,0.08527383159100066,0.050474656525987066,1.6653345369377348e-16,0.040719502079496074,True,True,0.7333333333333333,20.202836534251876,9.969976743331797,1.1,65.94542490993251
TMTM,122,91,0.3530353354387664,0.017967641290051586,0.0,0.22566476180042006,True,True,0.8231511254019293,69.78421699598377,27.419976743331798,13.100000000000001,785.3500602910145
TMTM,122,98,0.5973889294952706,,,,False,True,,92.25664828276426,20.569976743331797,0.5,29.975193140878417
TMTM,122,95,0.5146871360079518,0.2919111388353238,0.0,0.28382575372603563,True,True,0.6086956521739131,23.15752042237759,84.9199767433318,2.3000000000000003,137.8858884480407
TMTM,122,86,0.002097786003058033,0.005584707416288973,2.220446049250313e-16,0.20452986450009755,True,True,0.16,67.42171106369877,67.1699767433318,8.75,524.5658799653722
TMTM,122,84,0.28352262036331993,0.01762580544815471,2.3592239273284576e-16,0.2551508955373056,True,True,0.75,96.34269118693018,62.31997674333179,0.8500000000000001,50.957828339493304
TMTM,123,87,0.11257047206083831,0.19784430365183897,1.6653345369377348e-16,0.23856380573133507,True,True,0.7777777777777778,20.811520096031202,34.3199767433318,1.3,77.93550216628388
TMTM,123,91,0.3695372210351383,0.016501885596371904,0.0,0.24216664739679197,True,True,0.8297101449275363,68.8144432675484,24.4699767433318,12.15,728.3971933233455
TMTM,123,98,0.6112832596041307,0.013894330108860143,1.1102230246251565e-16,0.013894330108860114,True,True,0.4,91.57396789582748,18.2199767433318,0.2,11.990077256351366
TMTM,123,95,0.492463448350042,0.022223687657909757,1.6653345369377348e-16,0.26160206606812586,True,True,0.7076923076923077,24.474362941326767,83.56997674333181,3.25,194.8387554157097
TMTM,123,86,0.042859752438620544,0.04076196643556251,0.0,0.24529183093566007,True,True,0.6881188118811881,70.71314703596626,65.5699767433318,8.3,497.5882061385817
TMTM,123,84,0.2908502355053855,0.007327615142065606,1.6653345369377348e-16,0.2624785106793712,True,True,0.7647058823529411,95.97200500397805,61.06997674333179,0.65,38.96775108314194
TMTM,124,87,0.1132847420541276,0.2258552141149659,1.1796119636642288e-16,0.01270859161636914,True,True,0.9615384615384616,20.81414578982711,7.219976743331797,1.25,74.93798285219604
TMTM,124,91,0.4146142820125032,0.04507706097736488,0.0,0.28724370837415686,True,True,0.668693009118541,74.52369058483218,24.769976743331796,15.3,917.2409101108796
TMTM,124,95,0.46852556875570445,0.023937879594337522,0.0,0.23766418647378834,True,True,0.7558139534883721,25.74690849264726,81.9699767433318,4.3,257.7866610115544
TMTM,124,86,0.08731574819064308,0.04445599575202254,2.1510571102112408e-16,0.2897478266876826,True,True,0.7085427135678392,73.94786652620897,63.4699767433318,8.700000000000001,521.5683606512845
TMTM,124,84,0.31001690217205213,0.019166666666666644,0.0,0.28164517734603783,True,True,1.0,95.97200500397805,58.769976743331796,0.65,38.96775108314194
TMTM,125,87,0.1220400110854081,0.008755269031280507,0.0,0.003953322585088633,True,True,0.8333333333333334,21.31477807358077,6.669976743331796,1.5,89.92557942263525
TMTM,125,91,0.3775280449459748,0.0370862370665284,1.6653345369377348e-16,0.25015747130762844,True,True,0.6331168831168831,67.17334213684877,21.869976743331797,9.850000000000001,590.5113048753047
TMTM,125,99,0.5249774182096137,,,,False,True,,89.86726692848545,26.869976743331797,0.1,5.995038628175683
TMTM,125,95,0.4520155842041548,0.016509984551549728,0.0,0.22115420192223867,True,True,0.7049180327868853,28.328106638833237,82.56997674333181,6.1000000000000005,365.6973563187167
TMTM,125,86,0.12086677746628034,0.03355102927563725,2.185751579730777e-16,0.32329885596331986,True,True,0.765,76.92399003928544,62.4199767433318,8.950000000000001,536.5559572217236
TMTM,125,84,0.24467297028003318,0.06534393189201898,0.0,0.21630124545401888,True,True,0.6153846153846154,96.48073317693579,67.1199767433318,0.4,23.980154512702732
TMTM,126,87,0.14593194830286696,0.023891937217458845,2.1510571102112408e-16,0.019938614632370226,True,True,0.90625,21.68181053967583,4.169976743331796,1.55,92.92309873672309
TMTM,126,99,0.5610038837707201,0.036026465561106315,0.0,0.036026465561106315,True,True,0.07692307692307693,94.79044279581821,27.4699767433318,1.3,77.93550216628388
TMTM,126,91,0.36484426402967146,0.012683780916303355,2.498001805406602e-16,0.2374736903913251,True,True,0.8730964467005076,66.25128842689237,22.4699767433318,8.6,515.5733220231087
TMTM,126,95,0.43116728549659605,0.020848298707558725,0.0,0.20030590321467992,True,True,0.7555555555555555,30.62990248374028,82.3699767433318,5.75,344.7147211201018
TMTM,126,86,0.14869743640702435,0.027830658940744022,0.0,0.35112951490406386,True,False,0.7047619047619048,80.41366911217472,62.56997674333179,8.950000000000001,536.5559572217236
TMTM,126,100,0.627672904237728,,,,False,True,,21.59922823480444,96.9199767433318,0.2,11.990077256351366
TMTM,126,84,0.34403454587945637,0.09936157559942321,3.3306690738754696e-16,0.31566282105344207,True,True,0.375,99.25412224886657,57.9699767433318,0.15000000000000002,8.992557942263524
TMTM,127,87,0.15367718151396037,0.0077452332110934385,1.942890293094024e-16,0.027683847843463633,True,True,0.8857142857142857,22.111238525007042,3.6699767433317962,1.75,104.91317599307446
TMTM,127,99,0.6310240956245251,0.07002021185380505,2.220446049250313e-16,0.10604667741491133,True,True,0.23076923076923078,92.14286821827481,16.419976743331798,0.30000000000000004,17.985115884527048
TMTM,127,91,0.35967560875629906,0.00516865527337241,1.6653345369377348e-16,0.23230503511795272,True,True,0.7413793103448276,66.48104979408768,23.319976743331797,11.600000000000001,695.4244808683792
TMTM,127,101,0.003450369714533371,,,,False,False,,46.834021109075806,46.4199767433318,1.05,62.947905595844674
TMTM,127,95,0.4981936510078537,0.0670263655112577,0.0,0.2673322687259375,True,True,0.3217391304347826,23.23673862238935,83.0199767433318,1.85,110.90821462125014
TMTM,127,86,0.10485252149369527,0.04384491491332909,2.220446049250313e-16,0.30728459999073476,True,True,0.27838258164852253,75.65227932257523,63.06997674333179,32.15,1927.404918958482
TMTM,127,100,0.5821856480574873,0.04548725618024078,0.0,0.04548725618024072,True,True,0.26666666666666666,22.907698976433327,92.7699767433318,0.75,44.962789711317626
TMTM,128,87,0.16860501645953047,0.01492783494557007,1.3877787807814457e-16,0.042611682789033725,True,True,0.8,22.45257871847545,2.219976743331796,1.4000000000000001,83.93054079445956
TMTM,128,91,0.3214560824545158,0.03821952630178324,1.3877787807814457e-16,0.19408550881616946,True,True,0.8504273504273504,66.4447066378737,27.869976743331797,10.05,602.5013821316561
TMTM,128,95,0.5504048636750095,0.05221121266715585,0.0,0.3195434813930934,True,True,0.42045454545454547,23.77139310233066,89.81997674333181,4.4,263.78169963973005
TMTM,128,86,0.10886289335229957,0.0040103718586043035,1.1102230246251565e-16,0.3112949718493391,True,True,0.7073707370737073,73.13352394560775,60.0699767433318,45.45,2724.745056505848
TMTM,128,100,0.4800398703272613,0.10214577773022594,1.942890293094024e-16,0.1476330339104667,True,True,0.6,25.66519230406044,83.2699767433318,0.8500000000000001,50.957828339493304
TMTM,129,87,0.17136418043913595,0.0027591639796054946,0.0,0.04537084676863921,True,True,0.75,21.88367839602811,1.3199767433317957,1.05,62.947905595844674
TMTM,129,91,0.26272597808435333,0.05873010437016249,1.6653345369377348e-16,0.13535540444600697,True,True,0.6716417910447762,65.2970941134542,33.769976743331796,6.75,404.6651074018586
TMTM,129,95,0.533573743547254,0.01683112012775565,1.6653345369377348e-16,0.3027123612653378,True,True,0.6451612903225806,21.69112751766133,85.7199767433318,3.25,194.8387554157097
TMTM,129,86,0.1387882861829332,0.02992539283063363,0.0,0.3412203646799727,True,True,0.8490566037735849,75.22457108528378,58.5699767433318,42.75,2562.8790135451045
TMTM,129,100,0.45667204672084405,0.023367823606417263,0.0,0.17100085751688396,True,True,0.6071428571428571,26.71933113683051,81.5199767433318,1.4000000000000001,83.93054079445956
TMTM,130,87,0.1796975137724693,0.00833333333333333,0.0,0.05370418010197254,True,True,1.0,21.88367839602811,0.31997674333179615,1.05,62.947905595844674
TMTM,130,91,0.24759120874349433,0.015134769340858984,0.0,0.12022063510514798,True,True,0.635036496350365,66.73092179255111,37.019976743331796,4.45,266.7792189538179
TMTM,130,95,0.512450677549272,0.02112306599798194,0.0,0.2815892952673559,True,True,0.7671232876712328,21.625895437419167,83.1199767433318,3.2,191.84123610162186
TMTM,130,86,0.18232675542405208,0.043538469241118885,1.3877787807814457e-16,0.3847588339210916,True,True,0.8154205607476636,78.64918739421805,56.769976743331796,34.95,2095.2660005474013
TMTM,130,100,0.45779773376232186,0.001125687041477826,1.249000902703301e-16,0.16987517047540615,True,True,0.8928571428571429,25.93424869185318,80.8699767433318,1.25,74.93798285219604
TMTM,131,87,0.18037334441874145,0.0006758306462721575,0.0,0.054380010748244716,True,True,0.7142857142857143,21.31477807358077,-0.33002325666820376,0.75,44.962789711317626
TMTM,131,91,0.2261871650909047,0.02140404365258964,1.942890293094024e-16,0.09881659145255833,True,False,0.3356643356643357,67.41243655424036,40.269976743331796,5.1000000000000005,305.74697003695985
TMTM,131,95,0.48778924170007926,0.024661435849192663,0.0,0.25692785941816315,True,True,0.7619047619047619,21.98526773932228,80.5199767433318,4.2,251.7916223833787
TMTM,131,86,0.2246684341328225,0.04234167870877042,0.0,0.42710051262986204,True,True,0.7052932761087267,82.1801888392705,55.2199767433318,24.650000000000002,1477.7770218453059
TMTM,131,100,0.42480468337051536,0.032993050391806555,0.0,0.20286822086721265,True,True,0.36,27.193414738869965,78.1699767433318,0.45,26.977673826790575
TMTM,132,87,0.17329896068579262,0.007074383732948832,0.0,0.04730562701529588,True,True,0.26666666666666666,19.46585202562691,-1.330023256668204,0.2,11.990077256351366
TMTM,132,91,0.24688308561039699,0.020695920519492303,2.220446049250313e-16,0.11951251197205064,True,False,0.5862068965517241,69.94594701657944,40.3199767433318,8.700000000000001,521.5683606512845
TMTM,132,95,0.41602902705146766,0.07176021464861165,2.220446049250313e-16,0.18516764476955153,True,True,0.34854771784232363,27.29649349715568,77.2199767433318,12.05,722.4021546951698
TMTM,132,86,0.24090406066214254,0.01623562652932004,0.0,0.4433361391591821,True,True,0.8383233532934131,84.3284640227889,55.4199767433318,21.400000000000002,1282.9382664295963
TMTM,133,87,0.17654906787540312,0.003250107189610496,0.0,0.050555734204906375,True,True,0.5,20.105864888380168,-1.080023256668204,0.4,23.980154512702732
TMTM,133,91,0.27961047467605177,0.032727389065654755,0.0,0.1522399010377054,True,False,0.5878378378378378,72.97323370445801,39.4199767433318,14.8,887.2657169700011
TMTM,133,95,0.37642222129681774,0.039606805754649935,0.0,0.1455608390149016,True,True,0.8374558303886925,28.64931018771368,73.81997674333181,13.950000000000001,836.3078886305078
TMTM,133,86,0.22877997228795857,0.012124088374183965,1.1102230246251565e-16,0.4312120507849981,True,True,0.8314087759815243,85.12357341788683,57.6699767433318,18.25,1094.0945496420622
TMTM,134,87,0.17141000033716342,0.0051390675382396965,0.0,0.045416666666666675,True,True,0.125,19.039176783791405,-1.530023256668204,0.05,2.9975193140878416
TMTM,134,91,0.31881359285732647,0.03920311818127473,0.0,0.19144301921898013,True,True,0.7097560975609756,76.52760788621097,38.269976743331796,20.25,1213.9953222055758
TMTM,134,95,0.36573021658013255,0.010692004716685173,0.0,0.13486883429821642,True,True,0.8741935483870967,29.782350753715896,73.6699767433318,15.100000000000001,905.2508328545282
TMTM,134,86,0.23114365611783844,0.002363683829879844,0.0,0.4335757346148779,True,True,0.7123287671232876,87.30721547747241,59.5699767433318,13.0,779.3550216628388
TMTM,135,87,0.15932666700383008,0.012083333333333335,0.0,0.03333333333333335,True,True,1.0,19.039176783791405,-0.08002325666820376,0.05,2.9975193140878416
TMTM,135,91,0.35956908867878234,0.040755495821455885,0.0,0.232198515040436,True,True,0.7815126050420168,80.11826738478568,36.9699767433318,22.150000000000002,1327.9010561409139
TMTM,135,95,0.35168047776846584,0.014049738811666697,0.0,0.12081909548654973,True,True,0.8459302325581395,30.668319411115903,72.8699767433318,16.650000000000002,998.1739315912513
TMTM,135,86,0.23673954675901013,0.005595890641171704,0.0,0.43917162525604964,True,True,0.7099236641221374,88.17872235441301,59.769976743331796,9.4,563.5336310485142
TMTM,136,102,0.3119147166800252,,,,False,True,,47.19974274493482,9.769976743331796,0.1,5.995038628175683
TMTM,136,103,0.3211694330228869,,,,False,False,,75.36030870607823,36.8199767433318,0.30000000000000004,17.985115884527048
TMTM,136,91,0.4010878147233214,0.04151872604453904,0.0,0.273717241084975,True,False,0.03837471783295711,85.60051451013037,37.4699767433318,0.8500000000000001,50.957828339493304
TMTM,136,95,0.324812171887028,0.02686830588143785,0.0,0.09395078960511188,True,True,0.8858695652173914,31.74251611688844,70.7199767433318,18.05,1082.1044723857108
TMTM,136,86,0.2442404047078182,0.007500857948808045,1.6653345369377348e-16,0.4466724832048577,True,True,0.7513227513227513,87.37882530826998,58.0699767433318,7.15,428.64526191456133
TMTM,137,102,0.2968751989454213,0.015039517734603821,0.0,0.01503951773460385,True,True,0.06666666666666667,43.44500061678236,7.819976743331797,1.5,89.92557942263525
TMTM,137,103,0.3317321477009367,0.010562714678049782,2.220446049250313e-16,0.010562714678049782,True,False,0.13953488372093023,75.6778344674442,35.8699767433318,2.15,128.8933305057772
TMTM,137,91,0.4531649127463317,0.052077098023010276,2.220446049250313e-16,0.32579433910798533,True,True,0.10185185185185185,93.8997662728916,39.519976743331796,5.1000000000000005,305.74697003695985
TMTM,137,95,0.29443062637399625,0.03038154551303176,0.0,0.06356924409208012,True,True,0.8527315914489311,32.88830157845225,68.2199767433318,20.950000000000003,1255.9605926028057
TMTM,137,86,0.2805829380198866,0.03634253331206842,0.0,0.48301501651692613,True,True,0.7972027972027972,88.48992930571819,54.8199767433318,5.7,341.7172018060139
TMTM,138,102,0.29944156548117845,0.0025663665357571327,1.1102230246251565e-16,0.012473151198846703,True,True,0.5769230769230769,41.652964601073215,5.719976743331797,2.6,155.87100433256776
TMTM,138,103,0.34788983605582247,0.016157688354885794,0.0,0.026720403032935578,True,False,0.43,77.7667570700305,36.019976743331796,5.0,299.7519314087842
TMTM,138,91,0.4467965744787992,0.006368338267532477,0.0,0.31942600084045286,True,True,0.6159420289855072,95.6855656807877,42.0699767433318,6.050000000000001,362.6998370046288
TMTM,138,95,0.2704525434367545,0.02397808293724175,0.0,0.03959116115483837,True,True,0.9102844638949672,33.865671530921254,66.3199767433318,22.700000000000003,1360.8737685958802
TMTM,138,86,0.3115722540274865,0.03098931600759993,0.0,0.514004332524526,True,True,0.868421052631579,89.85864722663018,52.4699767433318,4.95,296.7544120946963
TMTM,139,102,0.2131294003877038,0.08631216509347467,0.0,0.09878531629232136,True,True,0.34615384615384615,39.04550478985625,13.469976743331795,0.9,53.95534765358115
TMTM,139,103,0.4216022410810245,0.07371240502520203,2.220446049250313e-16,0.1004328080581376,True,True,0.4098360655737705,82.01224567305474,31.419976743331794,12.200000000000001,731.3947126374334
TMTM,139,91,0.46133990492072585,0.014543330441926667,0.0,0.33396933128237954,True,True,0.5163934426229508,98.0807653338189,42.7199767433318,3.2,191.84123610162186
TMTM,139,95,0.26033381216517326,0.010118731271581242,0.0,0.029472429883257125,True,True,0.8598484848484849,35.879919283511015,67.1199767433318,26.400000000000002,1582.6901978383803
TMTM,139,86,0.33455860307814334,0.022986349050656805,0.0,0.5369906815751828,True,True,0.7777777777777778,92.117009112709,51.9699767433318,3.85,230.8089871847638
TMTM,140,102,0.5309318284447708,0.7440612288324746,2.3592239273284576e-16,0.842846545124796,True,True,0.5909090909090909,36.60815732995931,100.31997674333181,0.8500000000000001,50.957828339493304
TMTM,140,103,0.46484927395066117,0.043247032869636645,1.6653345369377348e-16,0.14367984092777425,True,True,0.7280966767371602,85.25188961741114,29.4699767433318,16.400000000000002,983.1863350208121
TMTM,140,91,0.4819840604252509,0.020644155504524992,0.0,0.3546134867869045,True,True,0.265625,100.2580639943619,42.4199767433318,0.8500000000000001,50.957828339493304
TMTM,140,95,0.24648232820720153,0.013851483957971726,0.0,0.015620945925285401,True,True,0.8972602739726028,37.392097358467616,66.9699767433318,29.0,1738.561202170948
TMTM,140,86,0.3515835532370881,0.0170249501589448,0.0,0.5540156317341276,True,True,0.922077922077922,92.86000313178238,50.6699767433318,3.5500000000000003,212.82387130023676
TMTM,141,102,0.15424032208169694,0.6851721505264677,2.220446049250313e-16,0.15767439459832824,True,True,0.5,34.22881539313543,15.719976743331795,0.5,29.975193140878417
TMTM,141,103,0.48634843659878807,0.021499162648126933,0.0,0.16517900357590118,True,True,0.8586387434554974,85.63178913518637,27.269976743331796,19.1,1145.0523779815555
TMTM,141,95,0.2425134561152405,0.003968872091961018,0.0,0.011652073833324384,True,True,0.8946540880503144,39.268362009502944,68.3699767433318,31.25,1873.449571304901
TMTM,141,86,0.35982396260195165,0.008240409364863529,1.3877787807814457e-16,0.5622560410989912,True,True,0.8169014084507042,94.398852255566,51.2199767433318,2.9000000000000004,173.8561202170948
TMTM,142,104,0.13270082493498644,,,,False,True,,20.745877751133428,36.6699767433318,0.15000000000000002,8.992557942263524
TMTM,142,102,0.02536513343022217,0.17960545551191912,1.6653345369377348e-16,0.33727985011024736,True,True,0.625,34.82616073170514,37.8699767433318,0.8,47.960309025405465
TMTM,142,105,0.6209503550292393,,,,False,True,,94.13401934684052,19.619976743331797,0.05,2.9975193140878416
TMTM,142,103,0.525918077472705,0.03956964087391697,2.220446049250313e-16,0.20474864444981816,True,False,0.2643979057591623,85.3301460400564,22.2199767433318,5.050000000000001,302.749450722872
TMTM,142,95,0.23727036096516438,0.005243095150076134,0.0,0.006408978683248249,True,True,0.8823529411764706,41.09753342751207,69.5699767433318,31.150000000000002,1867.4545326767252
TMTM,142,86,0.35763047295168204,0.0021934896502695976,1.6653345369377348e-16,0.5600625514487215,True,True,0.6551724137931034,95.88563349753365,52.9699767433318,1.9000000000000001,113.90573393533798
TMTM,143,102,0.01138747092254769,0.013977662507674479,0.0,0.32330218760257284,True,True,0.36363636363636365,37.15348023262607,38.519976743331796,2.2,131.89084981986502
TMTM,143,103,0.5323906776136806,0.006472600140975615,2.220446049250313e-16,0.21122124459079378,True,True,0.23433874709976799,82.60685805697348,18.7199767433318,21.55,1291.9308243718597
TMTM,143,95,0.22257239066556955,0.014697970299594824,2.1510571102112408e-16,0.008288991616346575,True,True,0.904047976011994,42.66128986346346,69.3699767433318,32.35,1939.3949962148336
TMTM,143,86,0.37105218345453456,0.013421710502852473,0.0,0.5734842619515741,True,True,0.4473684210526316,97.24623875787594,52.7199767433318,0.8500000000000001,50.957828339493304
TMTM,144,102,0.015218601527148578,0.026606072449696268,0.0,0.2966961151528766,True,True,0.5394736842105263,39.49620892658963,37.6699767433318,3.6500000000000004,218.81890992841244
TMTM,144,106,0.6522561964237562,,,,False,True,,95.84072031418253,17.569976743331797,0.05,2.9975193140878416
TMTM,144,103,0.5705345978098816,0.03814392019620092,0.0,0.24936516478699466,True,False,0.16473317865429235,87.88412848051759,19.419976743331798,3.5500000000000003,212.82387130023676
TMTM,144,95,0.21270444744455166,0.00986794322101788,0.0,0.018156934837364455,True,True,0.9013062409288825,44.1454430499856,69.6699767433318,33.15,1987.355305240239
TMTM,144,86,0.38570121254612305,0.014649029091588517,0.0,0.5881332910431626,True,True,0.17647058823529413,99.25412224886657,52.9699767433318,0.15000000000000002,8.992557942263524
TMTM,145,102,0.027668584851190243,0.012449983324041665,0.0,0.2842461318288349,True,True,0.7373737373737373,40.14020692547463,36.8199767433318,4.95,296.7544120946963
TMTM,145,103,0.5289631094369537,0.04157148837292786,0.0,0.20779367641406682,True,True,0.17794486215538846,82.99554987576624,19.519976743331796,19.950000000000003,1196.0102063210488
TMTM,145,95,0.40185435245000206,0.18914990500545042,0.0,0.17099297016808596,True,True,0.02564102564102564,21.147454449331555,69.3699767433318,0.8500000000000001,50.957828339493304
TMTM,145,107,0.338671617962402,,,,False,False,,29.279382587843553,69.9199767433318,0.05,2.9975193140878416
TMTM,145,108,0.3110599351733683,,,,False,False,,32.6927845225276,70.0199767433318,0.05,2.9975193140878416
TMTM,146,102,0.08601521388931559,0.05834662903812535,1.942890293094024e-16,0.22589950279070958,True,True,0.4861111111111111,45.84180241004967,35.519976743331796,5.75,344.7147211201018
TMTM,146,103,0.6273984258114746,0.0984353163745209,0.0,0.3062289927885878,True,True,0.06766917293233082,97.35778784070875,22.069976743331797,1.35,80.93302148037172
TMTM,146,109,0.5657522842470037,,,,False,False,,90.91025085297224,23.019976743331796,0.45,26.977673826790575
TMTM,146,110,0.35789412602358556,,,,False,False,,27.572681620501527,70.5199767433318,0.05,2.9975193140878416
TMTM,146,111,0.3729499674181025,,,,False,False,,25.865980653159504,70.6199767433318,0.05,2.9975193140878416
TMTM,147,102,0.08425088598689907,0.0017643279024165182,0.0,0.2276638306931261,True,True,0.7391304347826086,44.230083061759686,34.1199767433318,6.25,374.6899142609802
TMTM,147,103,0.6602802509523896,0.03288182514091496,0.0,0.3391108179295027,True,True,0.7142857142857143,97.30360685761855,18.069976743331797,1.05,62.947905595844674
TMTM,147,109,0.5735405631829384,0.007788278935934774,1.1102230246251565e-16,0.007788278935934774,True,False,0.09523809523809523,87.79484432528442,18.9699767433318,0.7000000000000001,41.96527039722978
TMTM,147,110,0.15659015405844207,0.20130397196514352,0.0,0.20130397196514352,True,True,0.0007716049382716049,50.87915825631875,69.6699767433318,64.8,3884.785031057843
TMTM,148,102,0.4789741507428454,0.5632250367297444,1.6653345369377348e-16,0.7908888674228706,True,True,0.7286821705426356,43.94307865419036,101.4199767433318,4.9,293.7568927806085
TMTM,148,103,0.644863253906718,0.015416997045671692,0.0,0.323693820883831,True,True,0.6190476190476191,97.15356721213794,19.769976743331796,0.65,38.96775108314194
TMTM,148,109,0.578353945539548,0.00481338235660953,1.6653345369377348e-16,0.012601661292544246,True,False,0.4375,89.77245020807756,20.369976743331797,0.45,26.977673826790575
TMTM,148,112,0.3374137402581225,,,,False,True,,21.030327912357098,61.519976743331796,0.30000000000000004,17.985115884527048
TMTM,148,110,0.21130907765648435,0.054718923598042285,0.0,0.14658504836710123,True,False,0.044753086419753084,37.81288742455368,63.1699767433318,2.9000000000000004,173.8561202170948
TMTM,148,113,0.030709811077930856,,,,False,True,,75.2051540726835,71.5199767433318,0.55,32.972712454966256
TMTM,149,102,0.4989491128382773,0.01997496209543197,1.6653345369377348e-16,0.8108638295183025,True,True,0.5849056603773585,40.44608320273853,100.31997674333181,3.5,209.82635198614892
TMTM,149,103,0.673562037818273,0.028698783911555024,0.0,0.35239260479538603,True,True,0.07692307692307693,97.54742128152455,16.7199767433318,0.05,2.9975193140878416
TMTM,149,114,0.6585061964237562,,,,False,False,,95.84072031418253,16.819976743331797,0.05,2.9975193140878416
TMTM,149,109,0.6139850066483632,0.03563106110881519,1.1102230246251565e-16,0.04823272240135949,True,False,0.6,90.94817754113538,17.269976743331796,0.75,44.962789711317626
TMTM,149,112,0.35080554088739924,0.013391800629276761,3.3306690738754696e-16,0.013391800629276732,True,True,0.6666666666666666,22.073311836843892,64.1699767433318,0.45,26.977673826790575
TMTM,149,110,0.17440435645292737,0.036904721203556964,2.0816681711721685e-16,0.18348976957065818,True,False,0.5189873417721519,41.39145396898051,62.31997674333179,3.1,185.84619747344618
TMTM,149,113,0.11951871684456966,0.0888089057666388,2.220446049250313e-16,0.0888089057666388,True,True,0.1320754716981132,89.36222276468015,75.0199767433318,2.45,146.87844639030425
TMTM,150,102,0.503955704573569,0.005006591735291662,1.1102230246251565e-16,0.8158704212535942,True,True,0.611764705882353,43.59529219450353,104.06997674333181,3.35,200.83379404388538
TMTM,150,109,0.5613080781763486,0.05267692847201459,0.0,0.004444206070655099,True,True,0.04335260115606936,87.32694612449363,19.9699767433318,17.3,1037.1416826743932
TMTM,150,112,0.32306427610856275,0.027741264778836545,0.0,0.014349464149559784,True,True,0.5,25.202263610304275,63.9699767433318,0.9,53.95534765358115
TMTM,150,110,0.1518611032960921,0.022543253156835284,1.6653345369377348e-16,0.20603302272749346,True,False,0.5285714285714286,44.14664434780075,62.369976743331804,2.25,134.88836913395286
TMTM,150,113,0.12184998920553637,0.0023312723609667076,2.3592239273284576e-16,0.09114017812760551,True,True,0.6379310344827587,93.39197544799616,78.7699767433318,2.3000000000000003,137.8858884480407
TMTM,151,102,0.5104625609771826,0.0065068564036135255,0.0,0.8223772776572076,True,True,0.8051948051948052,42.814469426069905,104.06997674333181,3.6,215.8213906143246
TMTM,151,109,0.591823781691177,0.030515703514828404,0.0,0.026071497444173274,True,True,0.9048991354466859,88.68883054627304,17.669976743331798,15.75,944.2185839376701
TMTM,151,112,0.30862137800817707,0.014442898100385636,1.942890293094024e-16,0.02879236224994545,True,True,0.782608695652174,26.385411382350554,63.4199767433318,1.1500000000000001,68.94294422402035
TMTM,151,110,0.140030085063121,0.011831018232971087,0.0,0.21786404096046455,True,False,0.62,45.06636653575728,61.869976743331804,1.8,107.9106953071623
TMTM,151,113,0.13090453513121172,0.009054545925675346,1.1102230246251565e-16,0.10019472405328085,True,True,0.45652173913043476,96.9785209590772,81.2699767433318,1.05,62.947905595844674
TMTM,152,102,0.2941471067447863,0.8046096677219688,0.0,0.01776760993523888,True,True,0.3472222222222222,41.56762955270615,6.269976743331796,1.25,74.93798285219604
TMTM,152,109,0.579062390119007,0.012761391572170074,1.1796119636642288e-16,0.013310105872003201,True,True,0.8773006134969326,90.15746355761263,20.669976743331798,14.850000000000001,890.263236284089
TMTM,152,115,0.13166829508447678,,,,False,False,,49.11978133319459,64.9199767433318,0.8,47.960309025405465
TMTM,152,112,0.2941162053263272,0.014505172681849891,2.220446049250313e-16,0.04329753493179531,True,False,0.43478260869565216,28.42603210417254,63.7199767433318,0.5,29.975193140878417
TMTM,152,110,0.1781756149875757,0.0381455299244547,2.220446049250313e-16,0.17971851103600986,True,False,0.4722222222222222,44.43890294482271,65.8199767433318,0.8500000000000001,50.957828339493304
TMTM,153,102,0.2796303370255908,0.014516769719195436,2.220446049250313e-16,0.03228437965443434,True,True,0.4489795918367347,36.6256171864027,3.0699767433317966,2.3000000000000003,137.8858884480407
TMTM,153,109,0.595455028136039,0.016392638017032043,0.0,0.02970274388903533,True,True,0.8496732026143791,91.82458011965647,20.369976743331797,13.450000000000001,806.3326954896294
TMTM,153,110,0.1260779913562276,0.052097623631348115,2.220446049250313e-16,0.23181613466735798,True,False,0.19101123595505617,49.74061778058449,64.8699767433318,4.45,266.7792189538179
TMTM,153,112,0.2944211892039601,0.0003049838776329435,2.220446049250313e-16,0.0429925510541624,True,False,0.2,31.839434038856588,67.1699767433318,0.1,5.995038628175683
TMTM,154,102,0.3484475783790723,0.06881724135348145,2.220446049250313e-16,0.03653286169904716,True,True,0.2222222222222222,44.38368614882047,2.5699767433317966,1.0,59.950386281756835
TMTM,154,109,0.614139358253712,0.018684330117672943,0.0,0.048387074006708275,True,True,0.6877323420074349,94.81669973377723,21.119976743331797,9.25,554.5410731062507
TMTM,154,110,0.08100398635805402,0.04507400499817358,0.0,0.27689013966553155,True,False,0.65,52.49949838036532,62.2199767433318,3.8000000000000003,227.81146787067595
TMTM,154,116,0.20136491905100123,,,,False,False,,36.10618645721165,60.269976743331796,0.05,2.9975193140878416
TMTM,155,102,0.3520532482702123,0.0036056698911400174,1.1102230246251565e-16,0.04013853159018712,True,True,0.7142857142857143,45.066366535757275,2.8199767433317966,1.4000000000000001,83.93054079445956
TMTM,155,109,0.6543953711516063,0.040256012897894364,0.0,0.08864308690460258,True,True,0.21621621621621623,97.54742128152455,19.019976743331796,2.0,119.90077256351367
TMTM,155,117,0.6461014552732259,,,,False,True,,98.75215137611892,21.2199767433318,0.8500000000000001,50.957828339493304
TMTM,155,110,0.03618403531968036,0.044819951038373655,0.0,0.3217100907039052,True,False,0.6162790697674418,55.17789250497015,59.519976743331796,3.1500000000000004,188.84371678753402
TMTM,155,116,0.1650590776564843,0.036305841394516904,0.0,0.036305841394516904,True,False,0.09090909090909091,37.81288742455368,57.6199767433318,0.55,32.972712454966256
TMTM,156,118,0.1843545877010885,,,,False,True,,19.892527267462416,-2.230023256668204,0.1,5.995038628175683
TMTM,156,102,0.35392956122092556,0.0018763129507132512,1.6653345369377348e-16,0.04201484454090038,True,True,0.6428571428571429,43.691524089842865,1.219976743331796,0.9,53.95534765358115
TMTM,156,110,0.013129370066137014,0.023054665253543345,0.0,0.34476475595744854,True,False,0.6486486486486487,56.64445233539536,58.2199767433318,2.95,176.85363953118267
TMTM,156,116,0.1623826167938698,0.002676460862614505,2.220446049250313e-16,0.03898230225713141,True,False,0.44,36.58406272806742,56.0699767433318,1.25,74.93798285219604
TMTM,157,102,0.344997299686085,0.008932261534840598,1.1102230246251565e-16,0.033082583006059825,True,True,0.4444444444444444,42.71965270566199,1.3199767433317957,0.4,23.980154512702732
TMTM,157,116,0.15173888347480205,0.010643733319067768,1.6653345369377348e-16,0.04962603557619918,True,False,0.6153846153846154,37.41131072635555,55.6199767433318,0.8500000000000001,50.957828339493304
TMTM,157,110,0.006381512888236015,0.006747857177900999,0.0,0.35151261313534954,True,False,0.631578947368421,56.95419519674348,57.7199767433318,3.25,194.8387554157097
TMTM,158,110,0.024952048039411482,0.0313335609276475,0.00041657988521626166,0.38284617406299704,True,True,0.027083333333333334,60.014222508061174,57.019976743331796,120.05000000000001,7194.04635381082
TMTM,159,119,0.18886340955479058,,,,False,True,,21.533585889906668,-1.130023256668204,0.65,38.96775108314194
TMTM,159,110,0.030695053619675564,0.005743005580264082,0.00041657988521631023,0.3885891796432611,True,True,0.96875,61.053383177692865,57.3699767433318,116.25,6969.232405254232
TMTM,160,119,0.17043233689497014,0.01843107265982045,1.1102230246251565e-16,0.018431072659820438,True,True,0.38461538461538464,19.721857170728214,-0.7300232566682041,0.25,14.987596570439209
TMTM,160,110,0.033496184272454536,0.002801130652778975,0.0,0.3913903102960401,True,True,0.9901245169600686,61.189518856026346,57.1699767433318,115.5,6924.269615542914
TMTM,161,119,0.18354917506501361,0.013116838170043447,0.0,0.005314234489776985,True,True,0.5,20.745877751133428,-1.280023256668204,0.5,29.975193140878417
TMTM,161,110,0.03050948629891348,0.00298669797354106,2.203098814490545e-16,0.38840361232249904,True,True,0.9892841834547793,60.98111509920142,57.3199767433318,116.55000000000001,6987.2175211387585
TMTM,162,119,0.16849333367049674,0.015055841394516857,2.220446049250313e-16,0.020370075884293855,True,True,0.3,19.039176783791405,-1.180023256668204,0.15000000000000002,8.992557942263524
TMTM,162,110,0.02188679598276669,0.00862269031614679,0.0,0.3797809220063523,True,False,0.005577005577005577,46.3463922612638,43.7199767433318,0.65,38.96775108314194
TMTM,162,120,0.10525237874508347,,,,False,False,,44.63969129392178,57.269976743331796,0.05,2.9975193140878416
TMTM,162,121,0.12683055669740717,,,,False,False,,42.25030993964294,57.4699767433318,0.25,14.987596570439209
TMTM,163,119,0.1757989606857926,0.0073056270152958664,1.6653345369377348e-16,0.013064448868997994,True,True,0.75,19.46585202562691,-1.630023256668204,0.2,11.990077256351366
TMTM,163,122,0.03513388571046257,,,,False,False,,54.486043028587304,50.269976743331796,1.9500000000000002,116.90325324942582
TMTM,163,121,0.07210781519003255,0.05472274150737461,0.0,0.05472274150737461,True,True,0.01824817518248175,49.46703892052789,58.1199767433318,13.700000000000001,821.3202920600686
TMTM,164,123,0.08192517721466261,,,,False,True,,21.20099800909131,11.369976743331797,1.5,89.92557942263525
TMTM,164,124,0.41862418137621366,,,,False,False,,92.65487850847744,42.4199767433318,0.75,44.962789711317626
TMTM,164,122,0.06213442035311842,0.027000534642655852,0.0,0.027000534642655852,True,False,0.056818181818181816,62.87610718570601,55.4199767433318,2.7,161.86604296074344
TMTM,164,121,0.06230974415373757,0.009798071036294983,1.1102230246251565e-16,0.06452081254366959,True,False,0.3978102189781022,52.09280744488329,59.5699767433318,5.45,326.72960523557475
TMTM,165,123,0.08171632408492752,0.00020885312973509447,0.0,0.00020885312973509447,True,True,0.46875,23.6259356335231,13.819976743331797,3.2,191.84123610162186
TMTM,165,122,0.10462460256004895,0.04249018220693053,0.0,0.06949071684958638,True,False,0.21264367816091953,69.67492905053767,57.1199767433318,7.8500000000000005,470.61053231179113
TMTM,165,125,0.4457542532204941,,,,False,True,,98.6604871297911,45.1699767433318,1.1500000000000001,68.94294422402035
TMTM,165,121,0.0748550196872906,0.012545275533553025,0.0,0.05197553701011657,True,False,0.7636363636363637,54.23737438085693,63.2199767433318,4.25,254.78914169746653
TMTM,166,123,0.11128924558477916,0.029572921499851645,1.1102230246251565e-16,0.029364068370116552,True,True,0.47674418604651164,27.274686213505298,13.919976743331798,3.1500000000000004,188.84371678753402
TMTM,166,122,0.14798692266165633,0.043362320101607385,0.0,0.11285303695119377,True,False,0.5,74.47840746273056,56.7199767433318,13.450000000000001,806.3326954896294
TMTM,166,125,0.23666341171432467,0.2090908415061694,1.1102230246251565e-16,0.2090908415061694,True,True,0.13333333333333333,99.71958614905076,71.3199767433318,0.55,32.972712454966256
TMTM,166,121,0.08672336314765605,0.011868343460365456,0.0,0.04010719354975111,True,False,0.6818181818181818,54.66317316561307,65.0699767433318,3.1500000000000004,188.84371678753402
TMTM,167,123,0.15286345507318533,0.041574209488406164,0.0,0.07093827785852272,True,False,0.23655913978494625,34.56359135211404,16.2199767433318,2.6,155.87100433256776
TMTM,167,122,0.18062377389643156,0.03263685123477522,1.942890293094024e-16,0.145489888185969,True,False,0.6878453038674033,78.19482961090358,56.519976743331796,17.1,1025.1516054180418
TMTM,167,121,0.09312258450658396,0.006399221358927913,0.0,0.0337079721908232,True,True,0.7631578947368421,55.745266602541726,66.9199767433318,3.5500000000000003,212.82387130023676
TMTM,168,123,0.185685766962506,0.03282231188932068,1.1796119636642288e-16,0.10376058974784338,True,False,0.25925925925925924,40.20226877883252,17.919976743331798,2.5,149.8759657043921
TMTM,168,122,0.20595183145160287,0.025328057555171313,0.0,0.17081794574114031,True,False,0.7505720823798627,81.38419651752415,56.6699767433318,21.150000000000002,1267.950669859157
TMTM,168,121,0.09371458191836529,0.0005919974117813235,0.0,0.03311597477904187,True,False,0.5915492957746479,57.07422691312796,68.3199767433318,2.1,125.89581119168935
TMTM,168,126,0.4642629670243975,,,,False,True,,20.9084207004041,76.6199767433318,1.05,62.947905595844674
TMTM,169,123,0.18787190543373883,0.0021861384712328126,1.3877787807814457e-16,0.1059467282190762,True,False,0.2777777777777778,44.314605395380454,21.769976743331796,2.1,125.89581119168935
TMTM,169,122,0.2538465328188077,0.04789470136720482,0.0,0.21871264710834512,True,True,0.7924151696606786,84.23156068158872,53.769976743331796,23.75,1423.8216741917247
TMTM,169,126,0.3604419694613127,0.10382099756308488,0.0,0.10382099756308485,True,True,0.1810344827586207,27.866940407974287,71.1199767433318,5.800000000000001,347.7122404341896
TMTM,169,121,0.07272231425561516,0.02099226766275013,0.0,0.05410824244179201,True,False,0.023809523809523808,58.29329903265798,67.0199767433318,0.05,2.9975193140878416
TMTM,169,127,0.08777815565013215,,,,False,False,,56.58659806531595,67.1199767433318,0.05,2.9975193140878416
TMTM,170,123,0.21110930404395029,0.023237398610211457,1.6653345369377348e-16,0.12918412682928765,True,False,0.21052631578947367,48.05309322860583,22.7199767433318,1.35,80.93302148037172
TMTM,170,122,0.28644845810600955,0.03260192528720189,0.0,0.251314572395547,True,True,0.8479087452471483,85.14379171605295,50.769976743331796,24.85,1489.7670991016573
TMTM,170,126,0.256652177995307,0.10378979146600568,1.1102230246251565e-16,0.20761078902909055,True,True,0.4187725631768953,39.371715383894966,70.1699767433318,13.850000000000001,830.3128500023321
TMTM,171,128,0.2240345605647507,,,,False,True,,51.95412401110188,25.069976743331797,0.35000000000000003,20.98263519861489
TMTM,171,123,0.2150998526678523,0.0039905486239020386,1.942890293094024e-16,0.1331746754531897,True,False,0.1111111111111111,51.931959063474075,26.119976743331797,1.6500000000000001,98.91813736489877
TMTM,171,122,0.30621354559234004,0.01976508748633048,1.3877787807814457e-16,0.2710796598818775,True,True,0.7121212121212122,87.3156022144126,50.5699767433318,20.35,1219.9903608337515
TMTM,171,126,0.2359520548365931,0.02070012315871388,1.6653345369377348e-16,0.22831091218780444,True,True,0.7486187845303868,41.35573016294063,69.6699767433318,17.8,1067.1168758152717
TMTM,172,123,0.25597591155260563,0.04087605888475331,0.0,0.17405073433794302,True,True,0.14960629921259844,57.38708612964447,26.669976743331798,5.65,338.7196824919261
TMTM,172,129,0.3445027663562203,,,,False,False,,75.36030870607823,34.019976743331796,0.2,11.990077256351366
TMTM,172,122,0.31832286514636354,0.012109319554023478,0.0,0.283188979435901,True,True,0.6715686274509803,89.21872056089542,51.019976743331796,13.75,824.3178113741565
TMTM,172,126,0.21902090347135747,0.016931151365235604,2.211772431870429e-16,0.24524206355304004,True,True,0.8839050131926122,40.58746832676891,66.8699767433318,17.900000000000002,1073.1119144434472
TMTM,173,123,0.2902720313153822,0.034296119762776585,0.0,0.2083468541007196,True,True,0.3123209169054441,63.95262050117766,29.119976743331797,17.25,1034.1441633603054
TMTM,173,122,0.29106071242535075,0.02726215272101277,0.0,0.2559268267148882,True,True,0.6294964028776978,91.49726223437389,56.5699767433318,8.9,533.5584379076358
TMTM,173,126,0.24237280875680486,0.023351905285447394,2.185751579730777e-16,0.22189015826759265,True,True,0.9124668435013262,41.085239692515216,70.1699767433318,18.150000000000002,1088.0995110138865
TMTM,174,130,0.1654296189759514,,,,False,True,,46.871531020445964,27.019976743331796,0.65,38.96775108314194
TMTM,174,123,0.33684573354174485,0.046573702226362666,0.0,0.2549205563270822,True,True,0.15072463768115943,69.09146476834118,28.669976743331798,2.6,155.87100433256776
TMTM,174,122,0.287725484124031,0.003335228301319759,1.6653345369377348e-16,0.25259159841356843,True,True,0.6847826086956522,93.39703483821552,58.8699767433318,6.6000000000000005,395.6725494595951
TMTM,174,126,0.24409596470795503,0.0017231559511501496,0.0,0.2201670023164425,True,True,0.7954545454545454,43.6284609783772,72.9199767433318,21.35,1279.9407471155084
TMTM,175,130,0.16730187275155453,0.0018722537756031166,2.220446049250313e-16,0.0018722537756031166,True,True,0.24074074074074073,42.99620147351834,22.919976743331798,2.7,161.86604296074344
TMTM,175,123,0.39737753509091644,0.060531801549171566,0.0,0.3154523578762538,True,True,0.3382352941176471,75.25528095424177,27.569976743331797,6.5,389.6775108314194
TMTM,175,122,0.2742189192652689,0.013506564858762064,1.1102230246251565e-16,0.23908503355480637,True,True,0.7642857142857142,93.92624705516407,61.019976743331796,5.75,344.7147211201018
TMTM,175,126,0.2666560165576696,0.022560051849714567,2.0816681711721685e-16,0.19760695046672794,True,True,0.8497942386831275,43.72125475641145,75.7199767433318,23.6,1414.8291162494613
TMTM,176,130,0.19895753424554746,0.031655661493992945,1.1102230246251565e-16,0.033527915269596066,True,True,0.5888888888888889,40.094880852797495,16.2199767433318,4.45,266.7792189538179
TMTM,176,123,0.4533993149871873,0.056021779896270815,0.0,0.3714741377725247,True,True,0.34574468085106386,82.27789454179427,27.869976743331797,18.8,1127.0672620970283
TMTM,176,122,0.2869559869123532,0.01273706764708423,1.3877787807814457e-16,0.2518221012018906,True,True,0.7983193277310925,94.25469517281418,59.8199767433318,4.95,296.7544120946963
TMTM,176,126,0.26795478159228786,0.0012987650346182396,2.1510571102112408e-16,0.1963081854321097,True,True,0.8949416342412452,42.715402952257264,74.8699767433318,25.1,1504.7546956720964
TMTM,177,130,0.1989741525986529,1.6618353105431656e-05,1.1102230246251565e-16,0.03354453362270148,True,True,0.5705128205128205,36.346875055170145,12.469976743331797,7.800000000000001,467.61301299770327
TMTM,177,123,0.4453110503423507,0.008088264644836585,0.0,0.3633858731276881,True,True,0.7565392354124748,82.30730278441388,28.869976743331797,24.85,1489.7670991016573
TMTM,177,122,0.27544777780599383,0.011508209106359324,0.0,0.24031389209553128,True,True,0.9038461538461539,93.82371008005106,60.769976743331796,4.95,296.7544120946963
TMTM,177,126,0.2812706454971242,0.013315863904836375,2.0816681711721685e-16,0.18299232152727332,True,True,0.8834244080145719,42.8174992836769,76.56997674333181,26.6,1594.6802750947318
TMTM,178,130,0.25429512388341047,0.05532097128475759,1.1102230246251565e-16,0.08886550490745909,True,True,0.6626506024096386,40.785391609341055,10.269976743331796,6.0,359.702317690541
TMTM,178,131,0.5358780896951586,,,,False,True,,91.92534750675082,27.619976743331797,0.8500000000000001,50.957828339493304
TMTM,178,123,0.4366378255941799,0.00867322474817076,0.0,0.35471264837951727,True,False,0.23742454728370221,83.41651581463339,31.019976743331796,5.9,353.70727906236533
TMTM,178,122,0.28078590879545234,0.005338130989458515,0.0,0.2456520230849898,True,True,0.8761061946902655,92.71428579878608,59.019976743331796,5.65,338.7196824919261
TMTM,178,126,0.26386282629278374,0.01740781920434049,0.0,0.2004001407316138,True,True,0.8809523809523809,44.55643758819775,76.2199767433318,28.700000000000003,1720.576086286421
TMTM,179,130,0.21872671715910974,0.03556840672430074,0.0,0.053297098183158344,True,True,0.8863636363636364,41.967182802424965,15.719976743331795,6.45,386.6799915173316
TMTM,179,131,0.521588779429816,0.014289310265342614,1.1102230246251565e-16,0.014289310265342673,True,True,0.3888888888888889,91.36063027490971,28.769976743331796,0.4,23.980154512702732
TMTM,179,123,0.45213309177815997,0.01549526618398005,1.942890293094024e-16,0.37020791456349733,True,False,0.5802469135802469,86.725947756711,32.4699767433318,6.9,413.6576653441221
TMTM,179,122,0.2831544501332493,0.0023685413377969294,0.0,0.24802056442278672,True,True,0.8879310344827587,92.29851075932172,58.3199767433318,5.300000000000001,317.7370472933112
TMTM,179,126,0.2602723977298581,0.0035904285629256333,0.0,0.20399056929453946,True,True,0.8800623052959502,45.637289015748834,76.8699767433318,31.650000000000002,1897.4297258176036
TMTM,180,130,0.2517720296563517,0.03304531249724197,1.249000902703301e-16,0.08634241068040031,True,True,0.8923076923076924,41.532620302094,11.319976743331797,5.8500000000000005,350.70975974827746
TMTM,180,132,0.5422003550292395,,,,False,True,,94.13401934684053,29.0699767433318,0.30000000000000004,17.985115884527048
TMTM,180,123,0.4837677183307614,0.031634626552601415,2.0816681711721685e-16,0.4018425411160988,True,True,0.532608695652174,90.92210294302316,32.8699767433318,7.2,431.6427812286492
TMTM,180,122,0.2983077436922224,0.015153293558973087,2.220446049250313e-16,0.2631738579817598,True,True,0.5188679245283019,93.01690598639848,57.2199767433318,2.75,164.86356227483128
TMTM,180,126,0.23542093606077763,0.024851461669080463,0.0,0.2288420309636199,True,True,0.9177877428998505,46.61946441603849,74.8699767433318,32.5,1948.387554157097
TMTM,181,130,0.23190927128543873,0.019862758370913003,0.0,0.06647965230948731,True,True,0.7748344370860927,39.94908929758444,12.119976743331797,7.550000000000001,452.6254164272641
TMTM,181,123,0.423999380538304,0.059768337792457396,0.0,0.3420742033236414,True,True,0.2727272727272727,85.29990240792827,34.419976743331794,26.400000000000002,1582.6901978383803
TMTM,181,126,0.14336203027566577,0.09205890578511185,0.0,0.32090093674873177,True,True,0.6166982922201139,56.8165331102519,74.0199767433318,52.7,3159.385357048585
TMTM,182,130,0.2663085519546421,0.03439928066920337,0.0,0.10087893297869067,True,True,0.6026490066225165,43.92700297788885,11.969976743331797,4.55,272.7742575819936
TMTM,182,133,0.5339639563658826,,,,False,True,,97.94565150723771,33.8699767433318,1.5,89.92557942263525
TMTM,182,123,0.48767528194948184,0.06367590141117786,0.0,0.4057501047348192,True,True,0.19507575757575757,95.79101057726962,37.269976743331796,5.15,308.74448935104766
TMTM,182,126,0.12514332179325816,0.018218708482407624,0.0,0.3391196452311394,True,True,0.8652751423149905,55.652778128140824,70.6699767433318,45.6,2733.7376144481113
TMTM,183,130,0.2215912279853205,0.04471732396932159,2.1510571102112408e-16,0.05616160900936909,True,True,0.8316831683168316,42.46092410157026,15.869976743331797,4.7,281.7668155242571
TMTM,183,133,0.512506410802977,0.021457545562905623,4.440892098500626e-16,0.021457545562905564,True,True,0.4,97.12074603968904,35.6199767433318,0.6000000000000001,35.970231769054095
TMTM,183,134,0.49517286309042274,,,,False,False,,95.84072031418253,36.4199767433318,0.9,53.95534765358115
TMTM,183,123,0.48506486061849685,0.002610421330984991,1.1102230246251565e-16,0.4031396834038342,True,True,0.38181818181818183,97.47776001755142,39.269976743331796,2.45,146.87844639030425
TMTM,183,135,0.5655336883625727,,,,False,False,,94.13401934684052,26.269976743331796,0.05,2.9975193140878416
TMTM,183,126,0.38917258266889654,0.2640292608756384,0.0,0.075090384355501,True,True,0.043859649122807015,23.519266823064214,70.2199767433318,2.0,119.90077256351367
TMTM,183,136,0.2691731877165469,,,,False,False,,39.41919421734617,71.7199767433318,0.8500000000000001,50.957828339493304
TMTM,184,130,0.2553451552813126,0.033753927295992095,1.6653345369377348e-16,0.08991553630536119,True,True,0.6503496503496503,40.661395377089306,10.019976743331796,7.1000000000000005,425.6477426004735
TMTM,184,133,0.4924005265326162,0.020105884270360856,3.3306690738754696e-16,0.04156342983326642,True,True,0.21428571428571427,95.15803992724574,36.0699767433318,0.25,14.987596570439209
TMTM,184,134,0.49261728966993223,0.002555573420490553,1.249000902703301e-16,0.002555573420490553,True,False,0.36,95.73405150372366,36.6199767433318,0.8,47.960309025405465
TMTM,184,123,0.470587429035948,0.014477431582548838,0.0,0.38866225182128544,True,True,0.5932203389830508,98.04046822764556,41.5699767433318,2.25,134.88836913395286
TMTM,184,126,0.3945384546639161,0.005365871995019618,0.0,0.06972451236048141,True,True,0.7441860465116279,23.525362183661866,70.8699767433318,1.75,104.91317599307446
TMTM,184,136,0.23367181531378964,0.03550137240275729,0.0,0.03550137240275729,True,True,0.2537313432835821,45.42935890567704,73.4699767433318,3.35,200.83379404388538
TMTM,185,130,0.2363732461615734,0.018971909119739176,0.0,0.07094362718562201,True,True,0.6903553299492385,38.384766282720605,10.019976743331796,9.55,572.5261889907778
TMTM,185,133,0.47842243433198095,0.013978092200635218,1.6653345369377348e-16,0.055541522033901634,True,True,0.18181818181818182,93.28066886316951,35.8699767433318,0.4,23.980154512702732
TMTM,185,134,0.4756780184714327,0.016939271198499504,0.0,0.019494844618990054,True,False,0.23809523809523808,93.45133895990372,36.3699767433318,0.5,29.975193140878417
TMTM,185,123,0.47600333180401805,0.00541590276807001,0.0,0.39407815458935536,True,True,0.7333333333333333,98.84037655981396,41.7199767433318,1.6500000000000001,98.91813736489877
TMTM,185,137,0.37540099643836317,,,,False,True,,19.721857170728214,64.7699767433318,0.5,29.975193140878417
TMTM,185,126,0.44612293344463666,0.05158447878072048,2.3592239273284576e-16,0.0181400335797609,True,True,0.8888888888888888,23.435224729975403,76.9699767433318,1.6500000000000001,98.91813736489877
TMTM,185,136,0.2098723869907344,0.02379942832305524,0.0,0.05930080072581253,True,True,0.6666666666666666,48.58529030444367,73.7699767433318,4.65,278.7692962101693
TMTM,186,138,0.2438026051325494,,,,False,True,,41.226289359237725,11.969976743331797,0.05,2.9975193140878416
TMTM,186,134,0.4671678090259086,0.008510209445524098,0.0,0.028005054064514152,True,True,0.04807692307692308,91.18011382644083,35.1199767433318,10.4,623.4840173302711
TMTM,186,130,0.2648919513637764,0.02851870520220297,4.440892098500626e-16,0.099462332387825,True,False,0.02617801047120419,43.95701090698496,12.169976743331796,0.25,14.987596570439209
TMTM,186,123,0.5888180507161667,0.11281471891214855,2.220446049250313e-16,0.506892873501504,True,True,0.30303030303030304,100.27814282927179,29.619976743331797,0.5,29.975193140878417
TMTM,186,139,0.32797788811536094,,,,False,False,,25.01263016948849,64.3699767433318,0.2,11.990077256351366
TMTM,186,126,0.37744481203709274,0.06867812140754387,1.942890293094024e-16,0.08681815498730477,True,True,0.825,23.476599298880664,68.7699767433318,2.0,119.90077256351367
TMTM,186,136,0.16712007090310774,0.042752316087626654,1.942890293094024e-16,0.10205311681343918,True,True,0.711864406779661,52.51556823495886,72.5699767433318,5.45,326.72960523557475
TMTM,187,140,0.04024376242893869,,,,False,True,,21.59922823480444,16.769976743331796,0.2,11.990077256351366
TMTM,187,130,0.22790245203242365,0.03698949933135274,4.440892098500626e-16,0.06247283305647224,True,True,0.07936507936507936,42.418270987222634,15.069976743331797,3.1500000000000004,188.84371678753402
TMTM,187,134,0.44636548626293343,0.020802322762975164,1.1102230246251565e-16,0.04880737682748932,True,True,0.5279187817258884,88.33383509488381,34.769976743331796,19.700000000000003,1181.0226097506095
TMTM,187,141,0.29775616493124973,,,,False,False,,31.789236951581824,67.5199767433318,0.8500000000000001,50.957828339493304
TMTM,187,126,0.38320518403990284,0.005760372002810055,2.185751579730777e-16,0.08105778298449469,True,True,0.5882352941176471,23.035354658543458,69.0199767433318,2.0500000000000003,122.89829187760151
TMTM,187,136,0.15578647322813383,0.011333597674973935,1.1102230246251565e-16,0.11338671448841312,True,True,0.7851239669421488,54.975599955955744,73.6699767433318,5.3500000000000005,320.7345666073991
TMTM,188,130,0.2186745986836026,0.009227853348821065,4.440892098500626e-16,0.05324497970765118,True,True,0.07936507936507936,39.86092858536411,13.619976743331797,0.25,14.987596570439209
TMTM,188,134,0.461963415998902,0.015597929735968564,1.3877787807814457e-16,0.03320944709152075,True,True,0.7944162436548223,89.45558666320004,34.019976743331796,15.65,938.2235453094944
TMTM,188,142,0.2503086180304431,,,,False,False,,43.95701090698497,13.919976743331798,0.25,14.987596570439209
TMTM,188,141,0.2356523474883448,0.06210381744290497,0.0,0.06210381744290494,True,False,0.029411764705882353,37.94169504473042,66.2199767433318,2.6500000000000004,158.8685236466556
TMTM,188,126,0.3837561839762561,0.0005509999363532655,1.1102230246251565e-16,0.08050678304814145,True,True,0.3902439024390244,21.91923466618107,67.9699767433318,0.8,47.960309025405465
TMTM,188,136,0.12670427235787,0.02908220087026384,0.0,0.14246891535867695,True,True,0.719626168224299,56.16546406038741,71.3699767433318,3.85,230.8089871847638
TMTM,189,130,0.19680409362435825,0.021870505059244334,0.0,0.03137447464840684,True,True,0.03731343283582089,37.73646797825479,14.119976743331797,6.7,401.66758808777075
TMTM,189,134,0.4733099339431029,0.011346517944200881,0.0,0.02186292914731987,True,True,0.8977635782747604,89.11716881650415,32.3199767433318,14.05,842.3029272586834
TMTM,189,141,0.17735900746960323,0.05829334001874156,1.1449174941446927e-16,0.1203971574616465,True,False,0.19318181818181818,45.886895846979414,67.1699767433318,2.6,155.87100433256776
TMTM,189,126,0.3397783597496471,0.04397782422660897,0.0,0.12448460727475043,True,True,0.8,22.196573573374145,62.9699767433318,1.0,59.950386281756835
TMTM,189,136,0.11550344856589086,0.011200823791979116,2.220446049250313e-16,0.15366973915065607,True,True,0.37662337662337664,55.40956291542489,69.2699767433318,1.4500000000000002,86.9280601085474
TMTM,190,130,0.24710801776862443,0.05030392414426621,0.0,0.08167839879267304,True,True,0.7718120805369127,40.37293887556673,10.719976743331797,6.5,389.6775108314194
TMTM,190,134,0.4747866721908055,0.001476738247702632,1.1796119636642288e-16,0.02038619089961724,True,True,0.9293286219081273,90.04437740622846,33.0699767433318,13.25,794.342618233278
TMTM,190,143,0.032088694268146804,,,,False,True,,19.770620055509415,15.919976743331798,0.35000000000000003,20.98263519861489
TMTM,190,126,0.41435949364486324,0.07458113389521612,3.3306690738754696e-16,0.04990347337953427,True,True,0.6896551724137931,22.74683750594821,72.4699767433318,1.4500000000000002,86.9280601085474
TMTM,190,141,0.11081307468165794,0.06654593278794531,1.6653345369377348e-16,0.1869430902495918,True,False,0.19444444444444445,52.972407781532844,66.2699767433318,1.7000000000000002,101.91565667898661
TMTM,190,136,0.1032506637113156,0.01225278485457526,0.0,0.16592252400523133,True,True,0.10344827586206896,54.879897097973924,67.2699767433318,0.15000000000000002,8.992557942263524
TMTM,191,130,0.2005885935742179,0.04651942419440656,1.6653345369377348e-16,0.035158974598266494,True,True,0.6962962962962963,36.640607972237945,12.569976743331797,4.95,296.7544120946963
TMTM,191,134,0.48252301913166235,0.0077363469408568385,0.0,0.012649843958760402,True,True,0.9252669039145908,90.52273903913128,32.6199767433318,13.8,827.3153306882442
TMTM,191,144,0.032660000337163396,,,,False,True,,19.039176783791405,15.119976743331797,0.1,5.995038628175683
TMTM,191,126,0.42364483615475507,0.009285342509891888,0.0,0.04061813086964244,True,True,0.4307692307692308,23.332596404761187,74.1699767433318,3.2,191.84123610162186
TMTM,191,141,0.08073634595273263,0.0300767287289253,2.220446049250313e-16,0.2170198189785171,True,True,0.1471861471861472,57.08161522900388,66.7699767433318,11.55,692.4269615542914
TMTM,192,130,0.2063012325181234,0.005712638943905501,0.0,0.04087161354217202,True,True,0.5657142857142857,34.926124645506604,10.169976743331796,8.75,524.5658799653722
TMTM,192,134,0.4847458461826546,0.0022228270509922154,2.185751579730777e-16,0.010427016907768186,True,True,0.8949152542372881,90.88947828525035,32.7199767433318,14.15,848.2979658868592
TMTM,192,126,0.40007939344922583,0.0235654427055293,0.0,0.06418357357517171,True,True,0.5773195876288659,26.4604495294247,74.4699767433318,4.45,266.7792189538179
TMTM,192,141,0.04810907599940346,0.03262726995332918,2.1510571102112408e-16,0.24964708893184628,True,True,0.813953488372093,60.49688762340338,66.2699767433318,11.850000000000001,710.4120774388184
TMTM,193,145,0.11721068635067056,,,,False,True,,23.135259105412263,9.069976743331797,0.5,29.975193140878417
TMTM,193,130,0.2362956671734414,0.02999443465531799,0.0,0.07086604819748997,True,True,0.07428571428571429,38.075456804144764,9.719976743331797,0.65,38.96775108314194
TMTM,193,134,0.48463304086194264,0.0001128053207119469,2.0816681711721685e-16,0.010539822228480133,True,True,0.9155844155844156,90.37594164676491,32.2199767433318,15.350000000000001,920.2384294249673
TMTM,193,126,0.38321371412177546,0.016865679327450332,1.6653345369377348e-16,0.08104925290262208,True,True,0.7321428571428571,29.08433104871875,75.06997674333181,5.25,314.73952797922334
TMTM,193,141,0.02185782509604266,0.026251250903360793,2.498001805406602e-16,0.27589833983520706,True,True,0.7716535433070866,64.44703773180667,67.0699767433318,10.65,638.4716139007103
TMTM,194,145,0.12404960382345555,0.0068389174727849925,4.440892098500626e-16,0.0068389174727849925,True,True,0.6,23.305929202146462,8.419976743331796,0.30000000000000004,17.985115884527048
TMTM,194,130,0.25501483007155273,0.018719162898111343,2.220446049250313e-16,0.08958521109560132,True,True,0.38235294117647056,40.071756351918125,9.469976743331797,1.7000000000000002,101.91565667898661
TMTM,194,134,0.5033317833183838,0.01869874245644111,0.0,0.008158920227960978,True,True,0.934984520123839,90.26979074153785,29.869976743331797,15.9,953.2111418799336
TMTM,194,126,0.3392812979206674,0.04393241620110804,0.0,0.12498166910373013,True,True,0.7073170731707317,31.506220992851706,72.2199767433318,5.25,314.73952797922334
TMTM,194,141,0.06986359162837003,0.09172141672441268,0.0,0.36761975655961976,True,False,0.004694835680751174,73.6536077387362,65.2699767433318,0.05,2.9975193140878416
TMTM,194,146,0.05439108356718639,,,,False,False,,71.94690677139417,65.4199767433318,0.05,2.9975193140878416
TMTM,194,147,0.039335242172669635,,,,False,True,,70.24020580405215,65.5199767433318,0.05,2.9975193140878416
TMTM,195,145,0.07563250839834693,0.04841709542510862,2.220446049250313e-16,0.04157817795232363,True,True,0.3333333333333333,20.745877751133428,11.669976743331796,0.5,29.975193140878417
TMTM,195,130,0.22530201558969173,0.029712814481861027,1.1102230246251565e-16,0.059872396613740324,True,True,0.47058823529411764,37.7062186140948,10.669976743331796,0.8,47.960309025405465
TMTM,195,134,0.537514216558007,0.034182433239623285,0.0,0.04234135346758426,True,True,0.9537037037037037,90.02168273029264,25.519976743331796,15.75,944.2185839376701
TMTM,195,148,0.37858959770179723,,,,False,True,,21.439225019116133,66.8699767433318,1.6,95.92061805081093
TMTM,195,126,0.2932728504965044,0.04600844742416301,2.220446049250313e-16,0.17099011652789312,True,False,0.17142857142857143,32.97723468375127,68.1699767433318,0.9,53.95534765358115
TMTM,195,146,0.033272755510363086,0.021118328056823305,0.0,0.021118328056823305,True,True,0.013888888888888888,65.71270740457537,61.7199767433318,3.6,215.8213906143246
TMTM,196,130,0.23340277869186732,0.008100763102175609,0.0,0.06797315971591592,True,True,0.2692307692307692,35.628310186355876,7.619976743331797,2.5,149.8759657043921
TMTM,196,134,0.5396187258334696,0.002104509275462648,1.249000902703301e-16,0.04444586274304688,True,True,0.8987341772151899,90.92422384334816,26.169976743331798,14.25,854.2930045150348
TMTM,196,148,0.2800806791789886,0.09850891852280866,0.0,0.09850891852280862,True,True,0.15609756097560976,31.81029524185317,65.4199767433318,10.25,614.4914593880076
TMTM,196,149,0.05788983843916581,,,,False,True,,53.1731961306319,60.1199767433318,0.25,14.987596570439209
TMTM,196,146,0.0043910835671863895,0.028881671943176694,4.440892098500626e-16,0.05,True,True,0.09722222222222222,71.94690677139417,71.4199767433318,0.35000000000000003,20.98263519861489
TMTM,197,134,0.5648618085936913,0.025243082760221528,0.0,0.06968894550326847,True,True,0.9157894736842105,91.60339377457474,23.819976743331797,13.05,782.3525409769267
TMTM,197,148,0.06457190769464667,0.21550877148434194,0.0,0.3140176900071506,True,True,0.1544837980406933,55.82134781997419,63.56997674333179,66.35000000000001,3977.7081297945656
TMTM,198,134,0.5605868849043928,0.004274923689298374,0.0,0.06541402181397006,True,True,0.9578544061302682,91.99040293185894,24.7199767433318,12.5,749.3798285219603
TMTM,198,148,0.13973579402110434,0.07516388632645767,0.0,0.2388538036806929,True,True,0.40994724943481536,46.101681460799284,62.869976743331804,27.200000000000003,1630.6505068637857
TMTM,198,150,0.16525820072305386,,,,False,True,,96.75096083009826,76.9199767433318,0.75,44.962789711317626
TMTM,199,134,0.5804630654224483,0.01987618051805547,0.0,0.08529020233202557,True,True,0.9442231075697212,91.97554459402559,22.319976743331797,11.9,713.4095967529063
TMTM,199,150,0.42959001211033665,0.2643318113872828,0.0,0.2643318113872828,True,True,0.47619047619047616,98.7207781965722,47.1699767433318,0.8,47.960309025405465
TMTM,199,148,0.12769729912749675,0.012038494893607598,1.942890293094024e-16,0.2508922985743005,True,True,0.8120184899845917,48.09630084803219,63.4199767433318,31.6,1894.4322065035158
TMTM,200,134,0.575350372877906,0.005112692544542312,0.0,0.08017750978748323,True,True,0.8916666666666667,93.01202148868052,23.9699767433318,10.8,647.4641718429738
TMTM,200,151,0.2785341582683198,,,,False,True,,20.745877751133428,54.1699767433318,0.15000000000000002,8.992557942263524
TMTM,200,150,0.1770070539406401,0.25258295816969656,0.0,0.01174885321758623,True,True,0.0625,100.96082321620861,79.7199767433318,0.05,2.9975193140878416
TMTM,200,148,0.1142690183161116,0.013428280811385147,0.0,0.26432057938568565,True,True,0.5174050632911392,48.75769454539841,62.4699767433318,16.35,980.1888157067242
TMTM,201,134,0.5702741305882694,0.005076242289636568,0.0,0.07510126749784665,True,True,0.9315068493150684,93.15287241392413,24.7199767433318,10.350000000000001,620.4864980161832
TMTM,201,152,0.0011133438675617077,,,,False,True,,38.203578007439205,38.0699767433318,4.15,248.79410306929086
TMTM,201,153,0.5131324863704055,,,,False,False,,91.69587510778047,30.119976743331797,0.35000000000000003,20.98263519861489
TMTM,201,151,0.4094264840778818,0.13089232580956203,0.0,0.13089232580956203,True,True,0.06666666666666667,22.338798653985982,71.4699767433318,2.25,134.88836913395286
TMTM,201,148,0.0930229997909968,0.021246018525114783,1.3877787807814457e-16,0.2855665979108004,True,True,0.7359050445103857,52.65721676841218,63.81997674333179,12.9,773.3599830346632
TMTM,202,152,0.4758189045884039,0.47693224845596566,0.0,0.47693224845596566,True,True,0.46629213483146065,38.77170819272333,95.8699767433318,8.9,533.5584379076358
TMTM,202,134,0.5401832890373459,0.030090841550923474,2.220446049250313e-16,0.04501042594692315,True,True,0.5418848167539267,89.49197142781331,24.669976743331798,19.1,1145.0523779815555
TMTM,202,151,0.2670309206048005,0.1423955634730813,0.0,0.011503237663519291,True,True,0.5172413793103449,24.826266270755738,56.8699767433318,4.3500000000000005,260.78418032564224
TMTM,202,148,0.06682658203996338,0.02619641775103343,1.3877787807814457e-16,0.31176301566183384,True,True,0.7360594795539034,56.30078689853619,64.3199767433318,10.450000000000001,626.4815366443589
TMTM,203,152,0.4958916578521747,0.02007275326377075,1.1102230246251565e-16,0.4970050017197364,True,True,0.5894039735099338,40.11297780107084,99.6199767433318,15.100000000000001,905.2508328545282
TMTM,203,134,0.6377007837876811,0.09751749475033525,0.0,0.1425279206972584,True,False,0.005235602094240838,96.69407079785354,20.169976743331798,0.1,5.995038628175683
TMTM,203,154,0.6720070539406401,,,,False,True,,100.96082321620861,20.319976743331797,0.05,2.9975193140878416
TMTM,203,155,0.4909460674448195,,,,False,False,,68.53350483671014,9.619976743331797,0.05,2.9975193140878416
TMTM,203,151,0.2424011889383606,0.02462973166643989,0.0,0.03613296932995918,True,True,0.6641221374045801,27.181834070728524,56.269976743331796,6.550000000000001,392.67503014550726
TMTM,203,148,0.032227446512480815,0.034599135527482554,0.0,0.3463621511893164,True,True,0.6822429906542056,59.502683161834106,63.369976743331804,7.550000000000001,452.6254164272641
TMTM,204,152,0.5360887777855656,0.04019711993339096,0.0,0.5372021216531273,True,True,0.7420382165605095,36.48932340906393,100.81997674333181,12.25,734.3922319515211
TMTM,204,134,0.5288830736707101,0.10881771011697117,0.0,0.03371021058028726,True,True,0.0045871559633027525,84.985945583817,21.519976743331796,21.8,1306.918420942299
TMTM,204,151,0.2461914238022617,0.0037902348639010873,1.942890293094024e-16,0.03234273446605809,True,True,0.7391304347826086,30.1270058870604,59.6699767433318,7.45,446.63037779908836
TMTM,204,148,0.03922155701838192,0.0069941105059011,0.0,0.3393680406834153,True,True,0.5629139072847682,60.86338990112596,65.5699767433318,4.25,254.78914169746653
TMTM,205,152,0.5276684593294948,0.008420318456070911,1.3877787807814457e-16,0.5287818031970565,True,True,0.8,34.59976162379243,97.9199767433318,9.8,587.513785561217
TMTM,205,134,0.5300381683796801,0.0011550947089700614,0.0,0.034865305289257326,True,True,0.8591836734693877,82.47455694889341,18.869976743331797,23.75,1423.8216741917247
TMTM,205,151,0.2525032342594275,0.006311810457165793,0.0,0.0260309240088923,True,True,0.7215909090909091,33.06958863220051,63.369976743331804,7.7,461.6179743695276
TMTM,205,148,0.07609542809472672,0.036873871076344794,2.220446049250313e-16,0.30249416960707054,True,True,0.27058823529411763,58.7385253719646,67.8699767433318,1.1500000000000001,68.94294422402035
TMTM,206,152,0.5286410840187544,0.0009726246892597009,1.1275702593849246e-16,0.5297544278863161,True,True,0.8177570093457944,36.283046661081265,99.7199767433318,9.65,578.5212276189534
TMTM,206,134,0.5182953989456539,0.011742769434026131,0.0,0.023122535855231163,True,True,0.9463917525773196,82.36542461681027,20.169976743331798,23.450000000000003,1405.8365583071977
TMTM,206,151,0.31848118149354093,0.06597794723411339,2.220446049250313e-16,0.039947023225221125,True,True,0.21428571428571427,25.452234964106896,63.6699767433318,1.6500000000000001,98.91813736489877
TMTM,206,156,0.19578072820078393,,,,False,False,,41.226289359237725,64.7199767433318,0.4,23.980154512702732
TMTM,207,152,0.4908726515248586,0.037768432493895845,0.0,0.4919859953924203,True,True,0.8545454545454545,37.76525856034877,96.6699767433318,10.75,644.4666525288859
TMTM,207,134,0.5502211561208854,0.031925757175231426,1.6653345369377348e-16,0.055048293030462624,True,True,0.7228144989339019,85.74651547783805,19.7199767433318,16.95,1016.1590474757783
TMTM,207,157,0.3070843846557857,,,,False,False,,65.12010290202608,28.269976743331796,0.05,2.9975193140878416
TMTM,207,151,0.053208340566081404,0.26527284092745945,0.0,0.2253258177022384,True,True,0.027138157894736843,54.43497587540203,60.8199767433318,60.800000000000004,3644.9834859308153
TMTM,208,152,0.4841304854736813,0.0067421660511772785,0.0,0.48524382934124305,True,True,0.6880733944954128,40.72431848649005,98.81997674333181,7.65,458.6204550554398
TMTM,208,134,0.5304896617315024,0.01973149438938302,0.0,0.035316798641079575,True,True,0.9348441926345609,85.82873615111208,22.169976743331798,17.2,1031.1466440462175
TMTM,208,157,0.28541771798911897,0.021666666666666678,0.0,0.021666666666666678,True,False,0.5,65.12010290202608,30.869976743331797,0.1,5.995038628175683
TMTM,208,151,0.0657849830965907,0.012576642530509297,0.0,0.2127491751717291,True,True,0.920846394984326,55.97577877174092,63.869976743331804,61.75,3701.9363528984845
TMTM,209,152,0.4682728246538633,0.015857660819818046,1.3877787807814457e-16,0.469386168521425,True,True,0.782051282051282,41.97723778486821,98.1699767433318,6.25,374.6899142609802
TMTM,209,134,0.5401757341195224,0.009686072388020031,0.0,0.045002871029099605,True,True,0.8488372093023255,87.99106483767449,23.169976743331798,14.600000000000001,875.2756397136498
TMTM,209,157,0.2733280609568276,0.012089657032291375,0.0,0.033756323698958056,True,False,0.05555555555555555,64.21934405815111,31.419976743331794,1.8,107.9106953071623
TMTM,209,151,0.04626185436440847,0.019523128732182236,1.1796119636642288e-16,0.23227230390391132,True,True,0.9548022598870056,56.66855421960278,62.2199767433318,59.35,3558.055425822268
TMTM,210,152,0.42062207719112654,0.04765074746273671,0.0,0.4217354210586883,True,True,0.34782608695652173,47.74532748039661,98.2199767433318,3.0500000000000003,182.84867815935834
TMTM,210,134,0.5140438306012656,0.026131903518256856,2.1510571102112408e-16,0.018870967510842777,True,True,0.9446254071661238,87.80523641548366,26.119976743331797,15.25,914.2433907967917
TMTM,210,157,0.2380285968560741,0.03529946410075351,1.1102230246251565e-16,0.06905578779971157,True,False,0.4444444444444444,63.73340836606069,35.169976743331794,0.8,47.960309025405465
TMTM,210,151,0.04185867384544834,0.00440318051896013,0.0,0.23667548442287145,True,True,0.9216013344453712,58.54693588187799,63.56997674333179,55.85,3348.229073836119
TMTM,211,158,0.10227125436775515,,,,False,True,,19.892527267462416,7.619976743331797,0.1,5.995038628175683
TMTM,211,152,0.3616175004128296,0.05900457677829696,0.0,0.3627308442803913,True,True,0.7702702702702703,49.12587669379224,92.5199767433318,3.5,209.82635198614892
TMTM,211,134,0.547196263437009,0.03315243283574348,1.249000902703301e-16,0.05202340034658626,True,True,0.9049180327868852,88.93352835577288,23.269976743331796,13.8,827.3153306882442
TMTM,211,157,0.21738936853341861,0.02063922832265549,0.0,0.08969501612236706,True,False,0.0625,61.70670096734203,35.6199767433318,0.05,2.9975193140878416
TMTM,211,159,0.20233352713890168,,,,False,False,,60.0,35.7199767433318,0.05,2.9975193140878416
TMTM,211,151,0.02735657133449975,0.014502102510948588,0.0,0.25117758693382003,True,True,0.9472743521000894,59.087188183191834,62.369976743331804,53.1,3183.365511561288
TMTM,212,158,0.1314379210344218,0.029166666666666674,0.0,0.029166666666666667,True,True,1.0,19.892527267462416,4.119976743331796,0.1,5.995038628175683
TMTM,212,152,0.2772218854971733,0.08439561491565631,2.220446049250313e-16,0.27833522936473504,True,True,0.06329113924050633,60.85335048367101,94.1199767433318,0.7000000000000001,41.96527039722978
TMTM,212,134,0.5154756686260462,0.031720594810962795,0.0,0.02030280553562349,True,True,0.9501779359430605,89.17705697845734,27.319976743331797,13.600000000000001,815.3252534318929
TMTM,212,157,0.19738936853341862,0.019999999999999987,0.0,0.10969501612236705,True,False,1.0,61.70670096734203,38.019976743331796,0.05,2.9975193140878416
TMTM,212,159,0.181916860472235,0.02041666666666669,0.0,0.02041666666666669,True,False,1.0,60.0,38.1699767433318,0.05,2.9975193140878416
TMTM,212,151,0.03445424376427274,0.0070976724297729865,0.0,0.24407991450404704,True,True,0.9429373246024322,59.485467491619076,63.619976743331804,50.75,3042.482103799159
TMTM,213,158,0.12820467345277692,0.0032332475816449083,0.0,0.025933419085021767,True,True,0.4,20.404537557665027,5.019976743331796,0.25,14.987596570439209
TMTM,213,152,0.2746850151995303,0.002536870297642994,2.220446049250313e-16,0.275798359067092,True,True,0.52,59.85777491938817,92.81997674333181,1.2000000000000002,71.94046353810819
TMTM,213,134,0.5436571683514047,0.02818149972535832,1.3877787807814457e-16,0.04848430526098184,True,True,0.8566176470588235,91.10883694550034,25.869976743331797,11.65,698.4220001824671
TMTM,213,159,0.21886642998525402,0.400783290457489,0.0,0.4211999571241557,True,False,0.05,60.25600514510131,86.5199767433318,1.0,59.950386281756835
TMTM,213,160,0.0176943935583567,,,,False,True,,59.14664951632899,61.269976743331796,0.1,5.995038628175683
TMTM,213,151,0.12308631406877453,0.15754055783304727,0.0,0.4016204723370943,True,True,0.019704433497536946,76.64033443158475,61.869976743331804,1.0,59.950386281756835
TMTM,214,158,0.7412564519502822,0.8694611254030592,1.3877787807814457e-16,0.8435277063180374,True,True,0.8,20.319202509297924,109.2699767433318,0.2,11.990077256351366
TMTM,214,152,0.17557880145085267,0.450263816650383,1.249000902703301e-16,0.17446545758329096,True,True,0.6428571428571429,61.93943291743412,40.8699767433318,1.1,65.94542490993251
TMTM,214,134,0.5235053386678088,0.020151829683595707,0.0,0.028332475577386045,True,True,0.890295358649789,91.49061738346886,28.669976743331798,10.75,644.4666525288859
TMTM,214,159,0.21017343351415807,0.4290398634994121,2.220446049250313e-16,0.007839906375256393,True,False,0.16666666666666666,63.19078876503077,37.9699767433318,4.6000000000000005,275.7717768960814
TMTM,214,161,0.3696266555812585,,,,False,True,,21.31477807358078,65.6699767433318,1.9500000000000002,116.90325324942582
TMTM,214,160,0.09605564758894847,0.07836125403059177,0.0,0.07836125403059177,True,True,0.4,58.29329903265798,69.8199767433318,0.25,14.987596570439209
TMTM,214,151,0.12499531741038274,0.0019090033416082027,3.3306690738754696e-16,0.4035294756787025,True,True,0.3877551020408163,86.16941483257773,71.1699767433318,2.4000000000000004,143.88092707621638
TMTM,215,158,0.11313250839834693,0.8543889603486292,2.7755575615628914e-16,0.010861254030591771,True,True,0.75,20.745877751133428,7.169976743331796,0.15000000000000002,8.992557942263524
TMTM,215,152,0.16274153455998744,0.012837266890865232,2.220446049250313e-16,0.16162819069242573,True,True,0.2727272727272727,56.448960890530294,36.9199767433318,3.1,185.84619747344618
TMTM,215,134,0.5590947978629125,0.03558945919510371,0.0,0.06392193477248978,True,True,0.8796296296296297,92.5613524868813,25.4699767433318,9.55,572.5261889907778
TMTM,215,159,0.19533395589734362,0.014839477616814456,0.0,0.006999571241558063,True,False,0.2608695652173913,62.56005145101303,39.1199767433318,1.2000000000000002,71.94046353810819
TMTM,215,161,0.4269120944150466,0.05728543883378808,2.220446049250313e-16,0.05728543883378811,True,True,0.3644859813084112,25.69052541352621,76.9199767433318,5.3500000000000005,320.7345666073991
TMTM,215,160,0.1126664728610983,0.016610825272149833,1.1102230246251565e-16,0.0949720793027416,True,True,0.7142857142857143,60.0,73.5199767433318,0.35000000000000003,20.98263519861489
TMTM,215,151,0.14139597839671225,0.016400660986329522,0.0,0.41993013666503204,True,True,0.7894736842105263,88.88749415093727,71.9199767433318,2.7,161.86604296074344
TMTM,216,158,0.10143792103442183,0.011694587363925101,1.6653345369377348e-16,0.0008333333333333304,True,True,0.6666666666666666,19.892527267462416,7.719976743331797,0.1,5.995038628175683
TMTM,216,152,0.2120621072801107,0.04932057272012328,0.0,0.210948763412549,True,True,0.44047619047619047,61.417429616945086,35.9699767433318,2.95,176.85363953118267
TMTM,216,134,0.5617063689951541,0.0026115711322416265,0.0,0.06653350590473141,True,True,0.806282722513089,93.4247410227503,26.019976743331796,7.7,461.6179743695276
TMTM,216,162,0.17672141559142596,,,,False,False,,54.026546614302916,32.8199767433318,0.2,11.990077256351366
TMTM,216,159,0.2575010513224523,0.0621670954251087,0.0,0.055167524183550636,True,False,0.08333333333333333,65.12010290202608,34.2199767433318,0.1,5.995038628175683
TMTM,216,163,0.24202854326126874,,,,False,False,,63.413401934684046,34.3699767433318,0.05,2.9975193140878416
TMTM,216,161,0.3732555659056947,0.053656528509351924,0.0,0.0036289103244361814,True,True,0.5459183673469388,32.37930883464844,77.1699767433318,9.8,587.513785561217
TMTM,216,151,0.16059880084924305,0.019202822452530792,0.0,0.43913295911756284,True,True,0.8813559322033898,90.09183284524096,70.8199767433318,2.85,170.85860090300696
TMTM,217,158,0.04854917506501358,0.05288874596940825,3.3306690738754696e-16,0.053722079302741574,True,True,0.6666666666666666,20.745877751133428,14.919976743331798,0.15000000000000002,8.992557942263524
TMTM,217,152,0.11908181210513374,0.09298029517497698,2.220446049250313e-16,0.11796846823757204,True,True,0.07575757575757576,49.75979419594785,35.4699767433318,0.6000000000000001,35.970231769054095
TMTM,217,164,0.11574847877180042,,,,False,False,,49.75979419594785,35.8699767433318,0.1,5.995038628175683
TMTM,217,134,0.5811306767205828,0.01942430772542864,0.0,0.08595781363016002,True,True,0.8974358974358975,93.90565794980174,24.169976743331798,7.1000000000000005,425.6477426004735
TMTM,217,161,0.34126483329931284,0.031990732606381835,1.6653345369377348e-16,0.028361822281945653,True,True,0.7628458498023716,36.61819674741427,77.56997674333181,12.5,749.3798285219603
TMTM,217,151,0.18059264741225114,0.019993846563008098,0.0,0.4591268056805709,True,True,0.8620689655172413,91.69109443280193,70.0199767433318,2.5500000000000003,152.87348501847993
TMTM,218,158,0.05550292640854417,0.006953751343530593,0.0,0.04676832795921098,True,True,0.5,21.030327912357098,14.369976743331797,0.30000000000000004,17.985115884527048
TMTM,218,152,0.1855148294908881,0.06643301738575437,0.0,0.1844014856233264,True,True,0.061224489795918366,59.38175628223837,37.1199767433318,9.8,587.513785561217
TMTM,218,134,0.5396134725839982,0.04151720413658463,1.1796119636642288e-16,0.04444060949357542,True,True,0.87248322147651,93.52359345341158,28.769976743331796,6.8500000000000005,410.6601460300343
TMTM,218,161,0.29084483040545617,0.05042000289385668,0.0,0.07878182517580233,True,True,0.8482758620689655,40.06859709467706,74.9699767433318,14.3,857.2905238291227
TMTM,218,151,0.23036091237616887,0.04976826496391773,1.6653345369377348e-16,0.5088950706444887,True,True,0.7058823529411765,94.51328622847207,66.8699767433318,1.8,107.9106953071623
TMTM,219,158,0.01653695642553963,0.03896596998300454,3.3306690738754696e-16,0.08573429794221553,True,True,0.6666666666666666,21.50441151439655,19.519976743331796,0.45,26.977673826790575
TMTM,219,152,0.1651519032036092,0.020362926287278902,1.1796119636642288e-16,0.1640385593360475,True,True,0.7897196261682243,55.8382051277649,36.019976743331796,9.35,560.5361117344264
TMTM,219,134,0.5461360841195239,0.006522611535525632,0.0,0.05096322102910105,True,True,0.8905109489051095,93.75630683767466,28.2199767433318,6.1000000000000005,365.6973563187167
TMTM,219,161,0.44066474314203624,0.14981991273658007,0.0,0.07103808756077777,True,True,0.04895104895104895,22.94020756628746,75.81997674333181,0.7000000000000001,41.96527039722978
TMTM,219,165,0.3560320144761099,,,,False,False,,33.54613500619861,76.2699767433318,0.1,5.995038628175683
TMTM,219,151,0.2503150924781413,0.01995418010197246,0.0,0.5288492507464612,True,True,0.5,97.35778784070875,67.3199767433318,0.9,53.95534765358115
TMTM,220,158,0.022212787071811756,0.0056758306462721285,0.0,0.0800584672959434,True,True,0.8,20.935511191949207,18.269976743331796,0.45,26.977673826790575
TMTM,220,152,0.12970361088359664,0.03544829232001258,2.220446049250313e-16,0.12859026701603493,True,True,0.5454545454545454,51.784410049363395,36.2199767433318,5.1000000000000005,305.74697003695985
TMTM,220,134,0.5109199108580422,0.035216173261481624,0.0,0.01574704776761943,True,True,0.8111888111888111,91.53036604629686,30.2199767433318,6.8500000000000005,410.6601460300343
TMTM,220,161,0.44384494066462543,0.003180197522589149,3.3306690738754696e-16,0.07421828508336693,True,True,0.7,22.708583863576752,75.9699767433318,1.0,59.950386281756835
TMTM,220,165,0.24750796288453525,0.10852405159157463,0.0,0.10852405159157463,True,True,0.04,44.46902119718757,74.1699767433318,2.5,149.8759657043921
TMTM,221,158,0.01994309326524994,0.0421558803370617,1.942890293094024e-16,0.1222143476330051,True,True,0.8181818181818182,21.676805551501804,24.069976743331797,0.55,32.972712454966256
TMTM,221,152,0.10067635751256626,0.029027253371030366,0.0,0.09956301364500456,True,True,0.7266187050359713,49.40113964483975,37.3199767433318,6.9,413.6576653441221
TMTM,221,134,0.5003926335897321,0.010527277268310146,0.0,0.005219770499309284,True,True,0.875,90.16709277409964,30.119976743331797,7.4,443.63285848500055
TMTM,221,161,0.3814700863866641,0.06237485427796132,0.0,0.011843430805405574,True,True,0.59375,23.44356637693211,69.2199767433318,1.55,92.92309873672309
TMTM,221,165,0.18185950621970187,0.06564845666483338,0.0,0.174172508256408,True,True,0.6266666666666667,49.99683599696757,71.8199767433318,3.6,215.8213906143246
TMTM,222,158,0.00242804089988183,0.022371134165131767,0.0,0.09984321346787332,True,True,0.8333333333333334,21.211341651317618,20.919976743331798,0.55,32.972712454966256
TMTM,222,152,0.11011091878324422,0.009434561270677952,1.6653345369377348e-16,0.1089975749156825,True,True,0.6666666666666666,50.4832869973211,37.269976743331796,4.6000000000000005,275.7717768960814
TMTM,222,134,0.4953484793060994,0.005044154283632688,1.942890293094024e-16,0.00017561621567659577,True,True,0.8654970760233918,90.11179426006372,30.669976743331794,8.55,512.5758027090209
TMTM,222,161,0.4086683949314402,0.02719830854477611,1.249000902703301e-16,0.039041739350181716,True,True,0.5526315789473685,24.829769351558983,73.8699767433318,1.4000000000000001,83.93054079445956
TMTM,222,165,0.15916775913642425,0.02269174708327763,2.3592239273284576e-16,0.19686425533968563,True,True,0.8421052631578947,52.31984564696089,71.4199767433318,3.4000000000000004,203.83131335797322
TMTM,223,158,0.09660546433733636,0.09903350523721818,0.0,0.19887671870509152,True,True,0.7857142857142857,21.477321022851438,33.0699767433318,0.7000000000000001,41.96527039722978
TMTM,223,152,0.11050257496078769,0.000391656177543472,0.0,0.10938923109322599,True,True,0.6666666666666666,50.180285738626324,36.9199767433318,6.9,413.6576653441221
TMTM,223,134,0.5205618280358099,0.02521334872971052,0.0,0.025388964945387116,True,True,0.8070175438596491,91.48739610762898,29.019976743331796,6.9,413.6576653441221
TMTM,223,161,0.26699492979924594,0.14167346513219423,1.1102230246251565e-16,0.10263172578201256,True,False,0.1111111111111111,33.83058516742229,65.8699767433318,0.6000000000000001,35.970231769054095
TMTM,223,165,0.09013468492719372,0.06903307420923052,1.3877787807814457e-16,0.26589732954891615,True,True,0.7083333333333334,56.80381455206856,67.6199767433318,2.75,164.86356227483128
TMTM,224,158,0.15742848837717968,0.06082302403984334,3.3306690738754696e-16,0.25969974274493485,True,True,0.7142857142857143,21.428558138070237,40.3199767433318,0.5,29.975193140878417
TMTM,224,166,0.08012815525454288,,,,False,True,,43.53535537387694,33.919976743331794,0.8500000000000001,50.957828339493304
TMTM,224,152,0.21105700680171627,0.10055443184092858,0.0,0.20994366293415456,True,True,0.16666666666666666,60.29681755953775,34.9699767433318,1.1500000000000001,68.94294422402035
TMTM,224,134,0.516265193270611,0.004296634765198881,0.0,0.021092330180188235,True,True,0.9432624113475178,91.02179993580512,29.0699767433318,6.800000000000001,407.66262671594643
TMTM,224,161,0.2736810712075375,0.0066861414082915495,2.498001805406602e-16,0.095945584373721,True,False,0.1,39.1782481984273,72.0199767433318,0.5,29.975193140878417
TMTM,224,165,0.07428883112642862,0.0158458538007651,0.0,0.28174318334968124,True,True,0.5802469135802469,61.00531700816037,69.9199767433318,3.6500000000000004,218.81890992841244
TMTM,225,158,0.14784515504384638,0.009583333333333322,0.0,0.2501164094116015,True,True,1.0,21.428558138070237,39.1699767433318,0.5,29.975193140878417
TMTM,225,166,0.0684933263278495,0.011634828926693371,1.942890293094024e-16,0.011634828926693371,True,True,0.8095238095238095,42.68917590267374,34.4699767433318,1.05,62.947905595844674
TMTM,225,152,0.2468283717578919,0.035771364956175646,1.1102230246251565e-16,0.2457150278903302,True,True,0.5111111111111111,62.389381354278825,32.769976743331796,2.25,134.88836913395286
TMTM,225,134,0.5332277933732509,0.016962600102639887,0.0,0.03805493028282812,True,True,0.8235294117647058,92.1073119481219,28.119976743331797,5.6000000000000005,335.72216317783824
TMTM,225,167,0.003826279392693266,,,,False,True,,100.96082321620861,101.4199767433318,0.1,5.995038628175683
TMTM,225,168,0.24072488680626697,,,,False,False,,42.932990326579755,71.8199767433318,0.2,11.990077256351366
TMTM,225,165,0.017819739649022164,0.05646909147740645,1.6653345369377348e-16,0.3382122748270877,True,True,0.5871559633027523,67.03160798544914,69.1699767433318,5.0,299.7519314087842
TMTM,226,158,0.18369309326524996,0.03584793822140358,1.942890293094024e-16,0.2859643476330051,True,True,0.9090909090909091,21.676805551501804,43.7199767433318,0.55,32.972712454966256
TMTM,226,152,0.2813799171573205,0.03455154539942864,1.1449174941446927e-16,0.28026657328975885,True,True,0.6792452830188679,65.58556680221027,31.8199767433318,2.2,131.89084981986502
TMTM,226,134,0.5398329442022536,0.006605150829002712,1.1102230246251565e-16,0.04466008111183086,True,True,0.9035087719298246,92.84993004760223,28.069976743331797,5.25,314.73952797922334
TMTM,226,169,0.2313491636424421,,,,False,True,,19.608077106238746,47.3699767433318,0.15000000000000002,8.992557942263524
TMTM,226,165,0.16250994205838007,0.1446902024093579,0.0,0.1935220724177298,True,True,0.09302325581395349,54.8687836963262,74.3699767433318,53.75,3222.33326264443
TMTM,227,158,0.19012971024112707,0.006436616975877119,1.3877787807814457e-16,0.2924009646088822,True,True,0.8181818181818182,21.50441151439655,44.3199767433318,0.45,26.977673826790575
TMTM,227,152,0.2528050170143789,0.02857490014294163,0.0,0.25169167314681723,True,True,0.38596491228070173,64.35657878505727,34.019976743331796,5.7,341.7172018060139
TMTM,227,134,0.5408947816087488,0.0010618374064951474,1.6653345369377348e-16,0.04572191851832604,True,True,0.7619047619047619,94.02735053638165,29.119976743331797,4.0,239.80154512702734
TMTM,227,170,0.26936749160165313,,,,False,True,,20.745877751133428,53.0699767433318,0.15000000000000002,8.992557942263524
TMTM,227,165,0.06267088807772563,0.09983905398065443,0.0,0.29336112639838424,True,True,0.6390697674418605,62.84947017400473,70.3699767433318,34.35,2059.2957687783473
TMTM,228,158,0.04677941546344699,0.23690912570457406,1.6653345369377348e-16,0.05549183890430817,True,True,0.7777777777777778,21.233506598945436,15.619976743331797,0.35000000000000003,20.98263519861489
TMTM,228,152,0.2685182324992494,0.015713215484870466,0.0,0.26740488863168765,True,True,0.5947712418300654,68.19216464324172,35.9699767433318,6.5,389.6775108314194
TMTM,228,134,0.5296059284574366,0.011288853151312199,1.6653345369377348e-16,0.03443306536701378,True,True,0.7125,94.82268815822418,31.269976743331796,2.85,170.85860090300696
TMTM,228,170,0.211706536993928,0.05766095460772511,0.0,0.05766095460772511,True,True,0.17647058823529413,25.66519230406044,51.0699767433318,0.8500000000000001,50.957828339493304
TMTM,228,165,0.012343932619162128,0.07501482069688775,1.3877787807814457e-16,0.368375947095272,True,True,0.8235294117647058,67.60124865763126,66.1199767433318,29.200000000000003,1750.5512794272995
TMTM,229,158,0.03264367667725029,0.014135738786196702,3.3306690738754696e-16,0.06962757769050487,True,True,0.7142857142857143,21.087217944601832,17.169976743331798,0.25,14.987596570439209
TMTM,229,152,0.24565098481116532,0.022867247688084073,0.0,0.2445376409436036,True,True,0.7078651685393258,66.24809492067163,36.769976743331796,8.700000000000001,521.5683606512845
TMTM,229,134,0.5195371257727556,0.010068802684681029,0.0,0.024364262682332754,True,True,0.12280701754385964,90.96443183606246,28.619976743331797,0.35000000000000003,20.98263519861489
TMTM,229,171,0.3224237206073068,,,,False,True,,100.96082321620861,62.269976743331796,0.05,2.9975193140878416
TMTM,229,170,0.18495282344757327,0.026753713546354727,0.0,0.08441466815407983,True,True,0.5,28.325637929623003,50.519976743331796,1.7000000000000002,101.91565667898661
TMTM,229,165,0.26854306672139905,0.2561991341022369,0.0,0.6245750811975089,True,True,0.02054794520547945,94.84514474989969,62.619976743331804,0.6000000000000001,35.970231769054095
TMTM,230,158,0.05550292640854417,0.022859249731293888,3.885780586188048e-16,0.04676832795921098,True,True,0.8333333333333334,21.030327912357098,14.369976743331797,0.30000000000000004,17.985115884527048
TMTM,230,152,0.24416669980341274,0.0014842850077525802,0.0,0.24305335593585103,True,True,0.8314606741573034,67.76998071974133,38.4699767433318,7.6000000000000005,455.6229357413519
TMTM,230,134,0.11958663586879285,0.39995048990396265,0.0,0.37558622722162993,True,True,0.3,96.02037304758694,81.6699767433318,0.9500000000000001,56.95286696766899
TMTM,230,172,0.05122838242804703,,,,False,False,,58.76738263469744,52.6199767433318,0.9,53.95534765358115
TMTM,230,170,0.1824514783159016,0.0025013451316716544,1.942890293094024e-16,0.08691601328575148,True,True,0.6304347826086957,33.02579934542361,54.9199767433318,2.0500000000000003,122.89829187760151
TMTM,230,165,0.16398746088495847,0.10455560583644055,4.440892098500626e-16,0.5200194753610684,True,True,0.04979253112033195,81.69847204952681,62.019976743331796,12.05,722.4021546951698
TMTM,231,158,0.01852125436775515,0.036981672040789025,2.220446049250313e-16,0.08375,True,True,0.3333333333333333,19.892527267462416,17.669976743331798,0.1,5.995038628175683
TMTM,231,152,0.23613226171348448,0.008034438089928268,0.0,0.23501891784592274,True,True,0.17105263157894737,70.30584814894993,41.9699767433318,1.3,77.93550216628388
TMTM,231,134,0.5618116090598311,0.44222497319103826,4.440892098500626e-16,0.06663874596940834,True,True,0.10526315789473684,94.98736983051153,27.569976743331797,0.1,5.995038628175683
TMTM,231,173,0.20089022605030243,,,,False,False,,66.82680386936809,42.7199767433318,0.1,5.995038628175683
TMTM,231,174,0.0013595184231711243,,,,False,False,,49.33311895411234,49.1699767433318,2.6,155.87100433256776
TMTM,231,172,0.06232562359198089,0.011097241163933862,0.0,0.011097241163933862,True,False,0.3333333333333333,59.2490515743695,51.769976743331796,2.5,149.8759657043921
TMTM,231,170,0.1457528075035255,0.03669867081237612,1.6653345369377348e-16,0.1236146840981276,True,True,0.4489795918367347,42.07963984290874,59.5699767433318,1.5,89.92557942263525
TMTM,231,165,0.1844643813853293,0.020476920500370827,1.1102230246251565e-16,0.5404963958614392,True,True,0.5767634854771784,86.00570250957132,63.869976743331804,6.95,416.65518465821
TMTM,232,152,0.23850727766504806,0.0023750159515635973,0.0,0.23739393379748636,True,True,0.48936170212765956,72.14085006313756,43.519976743331796,2.2,131.89084981986502
TMTM,232,173,0.18422355938363577,0.016666666666666666,0.0,0.016666666666666666,True,False,0.5,66.82680386936809,44.7199767433318,0.05,2.9975193140878416
TMTM,232,174,0.01375906653608432,0.012399548112913194,1.1102230246251565e-16,0.012399548112913194,True,False,0.45535714285714285,50.22106472766192,48.5699767433318,5.550000000000001,332.72464386375043
TMTM,232,172,0.050767805609844764,0.011557817982136124,2.220446049250313e-16,0.0004605768182022629,True,False,0.44,59.61211341651317,53.519976743331796,1.1,65.94542490993251
TMTM,232,170,0.15499250261562375,0.009239695112098248,2.220446049250313e-16,0.11437498898602935,True,True,0.15789473684210525,56.22087642945696,74.81997674333181,0.7000000000000001,41.96527039722978
TMTM,232,165,0.1431831046018761,0.0412812767834532,0.0,0.499215119077986,True,True,0.5323741007194245,89.75194929555693,72.5699767433318,3.7,221.81642924250028
TMTM,233,152,0.2574468177720928,0.01893954010704473,1.249000902703301e-16,0.2563334739045311,True,True,0.7142857142857143,73.01359487598293,42.1199767433318,2.0,119.90077256351367
TMTM,233,173,0.19630689271696913,0.012083333333333357,0.0,0.00458333333333331,True,False,1.0,66.82680386936809,43.269976743331796,0.05,2.9975193140878416
TMTM,233,174,0.03951474638429033,0.025755679848206016,0.0,0.03815522796111921,True,False,0.68,51.61174630944664,46.8699767433318,7.050000000000001,422.65022328638565
TMTM,233,172,0.01338915415419759,0.03737865145564718,0.0,0.03783922827384944,True,False,0.18181818181818182,60.42667524183551,58.8199767433318,0.2,11.990077256351366
TMTM,233,175,0.5093838152615662,,,,False,True,,22.793918911943862,83.9199767433318,1.25,74.93798285219604
TMTM,233,176,0.05944267852458888,,,,False,True,,69.38685532038113,76.5199767433318,0.2,11.990077256351366
TMTM,233,165,0.11801302409805838,0.025170080503817735,0.0,0.47404503857416824,True,True,0.5,91.78153963509881,77.6199767433318,1.85,110.90821462125014
TMTM,234,152,0.28450276635622024,0.02705594858412746,0.0,0.28338942248865856,True,False,0.025,75.36030870607823,41.2199767433318,0.05,2.9975193140878416
TMTM,234,177,0.2694469249617033,,,,False,False,,73.6536077387362,41.3199767433318,0.05,2.9975193140878416
TMTM,234,174,0.03433310038299986,0.0051816460012904745,0.0,0.03297358195982873,True,False,0.7878787878787878,50.98994878929178,46.8699767433318,7.7,461.6179743695276
TMTM,234,175,0.5022834883332542,0.00710032692831204,0.0,0.00710032692831201,True,True,0.78125,24.7459581433413,85.0199767433318,1.6,95.92061805081093
TMTM,234,165,0.018983439804394684,0.13699646390245307,0.0,0.3370485746717152,True,True,0.23417721518987342,77.94196396680444,80.2199767433318,7.9,473.60805162587894
TMTM,235,152,0.3012155208949404,0.01671275453872016,4.440892098500626e-16,0.3001021770273787,True,False,0.020833333333333332,74.11583925072465,37.9699767433318,2.4000000000000004,143.88092707621638
TMTM,235,174,0.035699063205618844,0.0013659628226189823,0.0,0.03433954478244772,True,True,0.6062992125984252,49.85386432800606,45.5699767433318,12.700000000000001,761.3699057783117
TMTM,235,175,0.5413802019948623,0.03909671366160813,0.0,0.03199638673329611,True,True,0.6923076923076923,22.904352503948335,87.8699767433318,1.7000000000000002,101.91565667898661
TMTM,235,165,0.06955777495554412,0.05057433515114944,1.6653345369377348e-16,0.2864742395205658,True,True,0.8253968253968254,73.97304374866651,82.31997674333181,9.35,560.5361117344264
ST-MTM,0,0,0.2034965645942504,,,,False,True,,19.039176783791405,-5.3804109675186425,0.012489663808699092,2.9975193140878416
ST-MTM,0,1,0.36385913908215817,,,,False,True,,63.76896463621363,20.10586794635465,0.5995038628175706,143.88092707621638
ST-MTM,0,2,0.17714964322939503,,,,False,False,,68.67572991732196,47.41777272979456,0.1498759657043962,35.970231769054095
ST-MTM,0,3,0.669237308458831,,,,False,True,,20.404537557665027,100.71301457272475,0.1873449571304775,44.962789711317626
ST-MTM,0,4,0.07526803844697269,,,,False,True,,65.81147482166696,74.84363943530369,5.395534765358121,1294.9283436859475
ST-MTM,1,1,0.408619454709589,0.04476031562743081,0.007905179507111615,0.04476031562743081,True,True,0.6041666666666666,64.8258441145533,15.791509549402626,0.3650748556146013,86.9280601085474
ST-MTM,1,2,0.18715609399072164,0.01000645076132661,0.007905179507096016,0.01000645076132661,True,False,0.5714285714285714,68.69604778598078,46.237316507094185,0.2643645506174721,62.947905595844674
ST-MTM,1,3,0.7063789302994865,0.0371416218406555,0.007905179507205817,0.0371416218406555,True,True,0.3409090909090909,22.142269451685994,106.90774108762437,0.5539066774842354,131.89084981986502
ST-MTM,1,4,0.05937866789602613,0.015889370550946563,0.007905179507114501,0.015889370550946563,True,True,0.8878923766816144,67.01828739253332,74.14372754005646,5.161403131102986,1228.9829187760151
ST-MTM,2,1,0.424574190648914,0.015954735939324987,0.07820952659187995,0.0607150515667558,True,True,0.6470588235294118,67.07964845712246,16.130745579252782,0.3143270253213206,80.93302148037172
ST-MTM,2,2,0.2005328894671593,0.013376795476437664,0.07820952659188524,0.023383246237764273,True,False,0.5588235294117647,70.50687783019934,46.44293109414023,0.3725357337141588,95.92061805081093
ST-MTM,2,4,0.047547782640562274,0.01183088525546386,0.07820952659187662,0.02772025580641042,True,True,0.8676122931442081,68.63231384008257,74.33804775695005,4.42386183785564,1139.0573393533798
ST-MTM,2,3,0.6705299927158005,0.03584893758368608,0.07820952659189573,0.001292684256969423,True,True,0.41509433962264153,25.704971127938553,106.1685702538346,1.2340246179281564,317.7370472933112
ST-MTM,3,1,0.43833296597166427,0.013758775322750279,0.07424912537576928,0.07447382688950607,True,True,0.5,69.38685532038114,16.786899403781433,0.3009367216515031,71.94046353810819
ST-MTM,3,2,0.2129481867969926,0.012415297329833309,0.07424912537577158,0.03579854356759758,True,False,0.6590909090909091,72.32154844715218,46.76776603151307,0.5141002328213204,122.89829187760151
ST-MTM,3,4,0.040317193540470225,0.007230589100092052,0.07424912537577433,0.03495084490650247,True,True,0.9166666666666666,69.41082583958539,74.24888906444181,4.463894704497335,1067.1168758152717
ST-MTM,3,3,0.6579078860696167,0.012622106646183736,0.07424912537578113,0.011329422389214371,True,True,0.5916666666666667,26.327793856087336,105.27674018444134,1.0658175558490939,254.78914169746653
ST-MTM,4,1,0.4547853502598303,0.016452384288166044,0.4214017003710775,0.09092621117767212,True,False,0.08333333333333333,71.94690677139417,17.37266474021453,0.03822138081216764,5.995038628175683
ST-MTM,4,5,0.4360251331700887,,,,False,False,,73.6536077387362,21.33059175832556,0.019110690406080266,2.9975193140878416
ST-MTM,4,2,0.24750159076228187,0.03455340396528926,0.4214017003709791,0.07035194753288684,True,False,0.08888888888888889,77.49368491525576,47.79349402378193,0.15288552324865634,23.980154512702732
ST-MTM,4,4,0.01006564774223726,0.030251545798232964,0.4214017003709805,0.06520239070473544,True,True,0.7916666666666666,69.98626759783863,71.1941453269071,5.522989527357737,866.2830817713863
ST-MTM,4,6,0.5097114511280112,,,,False,False,,34.399485489869626,95.56485962523097,0.019110690406080266,2.9975193140878416
ST-MTM,4,3,0.6939702023453971,0.036062316275780375,0.42140170037096836,0.02473289388656603,True,True,0.36470588235294116,23.44356637693211,106.71999065837976,0.5924314025885451,92.92309873672309
ST-MTM,5,4,0.11172366607897212,0.12178931382120937,0.2183126240445461,0.1869917045259448,True,False,0.5507900677200903,72.52152468502186,59.114684755545206,6.114310381351245,1193.012687006961
ST-MTM,5,3,0.8265947843625244,0.13262458201712726,0.21831262404453433,0.15735747590369337,True,True,0.17647058823529413,19.608077106238746,118.79945122974166,0.13826330008080845,26.977673826790575
ST-MTM,5,7,0.889858184617173,,,,False,True,,19.039176783791405,125.82215893785217,0.030725177795744685,5.995038628175683
ST-MTM,5,8,0.0666987129423718,,,,False,True,,78.77371064076226,70.76986508767764,0.06145035559146095,11.990077256351366
ST-MTM,6,9,0.6283575198668265,,,,False,True,,77.06700967342024,1.664107289401062,0.030650962390431413,2.9975193140878416
ST-MTM,6,10,0.33635536265841975,,,,False,False,,83.89381354278834,43.53117002377797,0.030650962390424752,2.9975193140878416
ST-MTM,6,11,0.3035711439160083,,,,False,False,,82.18711257544632,45.758575305525326,0.030650962390424752,2.9975193140878416
ST-MTM,6,12,0.2707943848967042,,,,False,False,,80.4804116081043,47.9850854204998,0.030650962390424752,2.9975193140878416
ST-MTM,6,4,0.07849270872055432,0.03323095735841779,0.6907287996956667,0.15376074716752702,True,False,0.2185929648241206,69.27896043164114,59.85983538517462,2.666633727967522,260.78418032564224
ST-MTM,6,3,0.6953601005955773,0.13123468376694708,0.6907287996956533,0.02612279213674628,True,True,0.08490566037735849,26.703230184308417,110.14644225577769,3.249002013385706,317.7370472933112
ST-MTM,6,8,0.00346685894035114,0.07016557188272295,0.6907287996957829,0.07016557188272295,True,True,0.4,78.26170035055966,78.6777234234018,0.30650962390430436,29.975193140878417
ST-MTM,7,13,0.3970377983798107,,,,False,True,,50.61314467961887,2.968608874041587,0.1669670846005067,17.985115884527048
ST-MTM,7,14,0.33965086553637547,,,,False,False,,86.965875284004,46.207771419638945,0.8348354230025308,89.92557942263525
ST-MTM,7,4,0.08450557939671348,0.00601287067615915,0.0966268356890696,0.15977361784368618,True,False,0.4835164835164835,69.70686175175776,59.56619222415214,1.3357366768040606,143.88092707621638
ST-MTM,7,3,0.6660311840726926,0.029328916522884718,0.0966268356890666,0.003206124386138498,True,True,0.8373983739837398,28.639369725090276,108.56311181381338,3.3393416920101515,359.702317690541
ST-MTM,7,8,0.021360203185222085,0.017893344244870945,0.09662683568904185,0.0880589161275939,True,True,0.4166666666666667,77.99147269739719,80.55469707962384,0.6678683384020303,71.94046353810819
ST-MTM,8,15,0.06319947867722622,,,,False,False,,66.64394305143858,59.06000561017144,0.5466245477382756,83.93054079445956
ST-MTM,8,14,0.4390693270831034,0.09941846154672795,0.35447955337529014,0.09941846154672795,True,True,0.22340425531914893,92.1261358558499,39.43781660587749,1.6593959484911949,254.78914169746653
ST-MTM,8,4,0.10518101399608243,0.02067543459936895,0.3544795533753138,0.18044905244305512,True,False,0.22916666666666666,69.77474190386796,57.15302022433807,0.2147453580400338,32.972712454966256
ST-MTM,8,3,0.6851495406749707,0.01911835660227815,0.35447955337529724,0.01591223221613968,True,True,0.821917808219178,31.10298088171584,113.32092576271232,2.850256570349586,437.6378198568249
ST-MTM,8,8,0.07602672130029736,0.05466651811507527,0.3544795533753138,0.14272543424266917,True,True,0.43636363636363634,75.85680353294137,84.98001008897705,1.073726790200169,164.86356227483128
ST-MTM,9,15,0.05161704295461066,0.011582435722615554,0.46807870083615044,0.011582435722615554,True,False,0.2153846153846154,69.55752541711534,63.363480262562064,1.5892435412842119,389.6775108314194
ST-MTM,9,14,0.4270127606246444,0.012056566458459036,0.4680787008361531,0.08736189508826891,True,True,0.5612244897959183,94.08382225956575,42.842290984608425,0.8312966215948165,203.83131335797322
ST-MTM,9,3,0.47625406619867156,0.2088954744762991,0.4680787008361542,0.19298324226015945,True,True,0.45482866043613707,48.462488787750175,105.61297673159076,3.924209051940238,962.2036998221971
ST-MTM,10,15,0.06635520003033998,0.014738157075729319,0.3547463030323294,0.0031557213531137646,True,False,0.44982698961937717,72.11226188241702,64.14963787877622,2.477881787949684,866.2830817713863
ST-MTM,10,14,0.4450372469817926,0.018024486357148223,0.35474630303231025,0.10538638144541715,True,True,0.5492957746478874,96.69407079785356,43.289601160038444,0.36010738786812624,125.89581119168935
ST-MTM,10,3,0.448418161015304,0.027835905183367576,0.35474630303232935,0.22081914744352701,True,True,0.784841075794621,50.569329618110096,104.37950893994658,3.506760039001449,1225.9853994619273
ST-MTM,11,15,0.04375646262494814,0.022598737405391846,0.41264646751683015,0.01944301605227808,True,True,0.46537842190016104,70.14951154974875,64.89873603475498,3.524230109483682,1861.4594940485497
ST-MTM,11,14,0.4809921386487566,0.035954891666963994,0.4126464675168573,0.14134127311238115,True,True,0.30952380952380953,98.86026817947996,41.14121154162917,0.07377615366068824,38.96775108314194
ST-MTM,11,3,0.4462259233093147,0.002192237705989264,0.41264646751682554,0.2230113851495163,True,True,0.8450413223140496,52.231689605259334,105.7788004023771,2.7467429516748894,1450.7993480185153
ST-MTM,12,15,0.03828310888977905,0.005473353735169084,0.5915561366802056,0.024916369787447164,True,True,0.4090909090909091,66.45016037525777,61.85618730848428,4.767984805987936,4550.234318785344
ST-MTM,12,3,0.4609864344484029,0.014760511139088214,0.5915561366802151,0.20825087401042808,True,True,0.9486166007905138,53.50297699483943,108.82134912864778,1.576764408831309,1504.7546956720964
ST-MTM,13,15,0.07829765585625724,0.040014546966478194,1.15408313482309,0.015098177179031029,True,False,0.06324110671936758,66.47124116783853,57.07552246508766,0.9561945441485875,287.76185415243276
ST-MTM,13,16,0.05662585184725053,,,,False,False,,81.36536766524462,74.57026544357456,0.2689297155417876,80.93302148037172
ST-MTM,13,3,0.4911772103942413,0.03019077594583835,1.1540831348230973,0.17806009806458972,True,True,0.9426386233269598,54.66074872473545,113.6020139720444,5.119624955128899,1540.7249274411506
ST-MTM,14,15,0.10379850044794618,0.025500844591688932,0.28846669391219826,0.04059902177071996,True,True,0.27906976744186046,65.65592762433113,53.200107570577586,2.5677573292915667,1031.1466440462175
ST-MTM,14,16,0.03534444097612557,0.02128141087112496,0.2884666939136493,0.02128141087112496,True,False,0.037037037037037035,82.18711257544632,77.94577965831125,0.007464410840952951,2.9975193140878416
ST-MTM,14,3,0.4912637423647492,8.653197050788227e-05,0.28846669391220436,0.17797356609408185,True,True,0.9709864603481625,55.15026556804789,114.1019146518178,3.7695274746867256,1513.74725361436
ST-MTM,15,15,0.12458302254843977,0.020784522100493596,0.26145887735268175,0.06138354387121356,True,True,0.5747899159663865,66.12743062305428,51.17746791724151,3.408003880786069,1777.52895325409
ST-MTM,15,17,0.03273473220012188,,,,False,False,,83.89381354278834,79.96564567877371,0.005747055448210858,2.9975193140878416
ST-MTM,15,18,0.0018143619672641145,,,,False,False,,82.18711257544632,81.96938913937463,0.005747055448210858,2.9975193140878416
ST-MTM,15,3,0.5111265789877673,0.019862836623018094,0.26145887735267875,0.15811072947106375,True,True,0.9689320388349515,54.78936482662179,116.12455430515386,2.925251223136769,1525.7373308707113
ST-MTM,16,15,0.1334317790625605,0.008848756514120737,0.08898961700173671,0.07023230038533429,True,True,0.7357859531772575,62.933991550599224,46.92217806309196,2.7954588124698745,1333.8960947690896
ST-MTM,16,19,0.21888289264656405,,,,False,False,,92.68988775908957,66.42394064150189,0.16333017780723935,77.93550216628388
ST-MTM,16,18,0.0526283176017575,0.054442679569021615,0.08898961700088082,0.054442679569021615,True,False,0.023809523809523808,79.74896833638631,86.06436644859721,0.26384105645783507,125.89581119168935
ST-MTM,16,3,0.5140832685993254,0.0029566896115581424,0.08898961700174193,0.1551540398595056,True,True,0.9496124031007752,54.594874602421854,116.2848668343409,3.122119168084339,1489.7670991016573
ST-MTM,17,20,0.002766641628401049,,,,False,True,,53.1731961306319,52.841199135223775,0.0825064917401761,29.975193140878417
ST-MTM,17,15,0.014185589652390954,0.14761736871495146,0.27261464032966765,0.07738506832961717,True,False,0.3438202247191011,64.205400422797,65.90767118108391,1.2623493236246475,458.6204550554398
ST-MTM,17,19,0.46042931729279835,0.24154642464623427,0.27261464032959304,0.24154642464623427,True,True,0.3958333333333333,96.13210828421654,40.880590209080744,0.3382766161347064,122.89829187760151
ST-MTM,17,18,0.13454811974474953,0.08191980214299205,0.2726146403296332,0.13636248171201365,True,False,0.3835616438356164,75.99670567695155,92.1424800463215,0.486788301267012,176.85363953118267
ST-MTM,17,3,0.5218615371102907,0.007778268510965347,0.27261464032965954,0.14737577134854027,True,True,0.9475728155339805,54.141226125942495,116.76461057917739,4.174828482052732,1516.744772928448
ST-MTM,18,21,0.041386761138061584,,,,False,True,,57.43994854898696,52.47353721241957,0.03529763123682983,11.990077256351366
ST-MTM,18,15,0.025201830250460234,0.011016240598069278,0.06722961178458452,0.08840130892768645,True,False,0.7692307692307693,65.49375932682875,68.51797895688398,1.49132491975584,506.5807640808452
ST-MTM,18,19,0.5098140770269656,0.04938475973416724,0.06722961178462628,0.2909311843804015,True,True,0.34146341463414637,98.64458618910157,37.466896945865706,0.12354170932889019,41.96527039722978
ST-MTM,18,18,0.1527247382542226,0.018176618509473032,0.06722961178453857,0.1545391002214867,True,False,0.3220338983050847,74.19256593894947,92.51953452945618,0.16766374837490616,56.95286696766899
ST-MTM,18,3,0.532178175407235,0.010316638296944269,0.06722961178459515,0.13705913305159598,True,True,0.9262759924385633,53.329560546743174,117.19094159561138,4.526921206122779,1537.7274081270627
ST-MTM,19,15,0.014138513658236106,0.03934034390869634,0.23448373645642473,0.04906096501899011,True,True,0.4435695538057743,66.28478072750873,64.5881590885204,2.6593503309638535,1142.0548586674677
ST-MTM,19,18,0.18247086560300949,0.0297461273487869,0.23448373645640397,0.1842852275702736,True,False,0.38095238095238093,72.28824696486258,94.18475083722372,0.06979922128513749,29.975193140878417
ST-MTM,19,3,0.5622098205039239,0.030031645096688802,0.23448373645643014,0.10702748795490713,True,True,0.9343339587242027,51.99036669573656,119.45554515620742,3.6155996625702755,1552.7150046975019
ST-MTM,20,15,0.05075786633059292,0.03661935267235682,1.1955739965109058,0.012441612346633294,True,False,0.6422976501305483,68.94641636106707,62.855472401395915,5.721810201000643,743.3847898937847
ST-MTM,20,18,0.16959932493198054,0.012871540671028943,1.1955739965103869,0.17141368689924466,True,False,0.1,70.24020580405215,90.59212479588982,0.02307181532660252,2.9975193140878416
ST-MTM,20,22,0.8736005802118054,,,,False,False,,29.279382587843553,134.1114522132602,0.25378996859279823,32.972712454966256
ST-MTM,20,3,0.695339903841155,0.13313008333723111,1.1955739965109187,0.02610259538232391,True,True,0.02895752895752896,41.3400694237272,124.78085788466579,0.3460772298992367,44.962789711317626
ST-MTM,21,15,0.02288609906240069,0.027871767268192234,0.07943683064803288,0.04031337961482553,True,False,0.7761194029850746,70.50219937360032,67.75586748611224,5.695286696766885,683.4344036120278
ST-MTM,21,23,0.9819461841489385,,,,False,True,,21.721135446757444,139.55467754463007,0.17485529332179794,20.98263519861489
ST-MTM,21,22,0.7863536650430265,0.08724691516877892,0.07943683064789842,0.08724691516877894,True,False,0.2,34.84861732338069,129.21105712854387,0.47460722473056194,56.95286696766899
ST-MTM,22,24,0.13662538133852037,,,,False,True,,20.745877751133428,37.14092351175587,0.06725882559878471,8.992557942263524
ST-MTM,22,25,0.032083661678153005,,,,False,True,,48.053093228605825,51.903132629984185,0.06725882559878471,8.992557942263524
ST-MTM,22,15,0.03673625297085614,0.05962235203325683,0.10811263062469709,0.09993573164808237,True,False,0.7116788321167883,73.59695376471659,78.00530412121932,5.4031256564362025,722.4021546951698
ST-MTM,22,23,0.914699318966279,0.06724686518265957,0.108112630624706,0.0672468651826596,True,True,0.35,23.049924057045157,132.81384233299863,0.4483921706586216,59.950386281756835
ST-MTM,22,22,0.7270796274232976,0.059274037619729,0.10811263062468487,0.14652095278850782,True,False,0.4583333333333333,38.45290028730694,125.70245557810264,0.3587137365268802,47.960309025405465
ST-MTM,23,24,0.06344500470580587,0.07318037663271451,0.186435579640174,0.07318037663271451,True,True,0.3,22.623248815209656,30.23664937990636,0.18606302682754716,29.975193140878417
ST-MTM,23,25,0.008712582050811631,0.040796243728964635,0.18643557964018243,0.040796243728964635,True,True,0.09090909090909091,47.07044721710587,46.02493737100848,0.6140079885309007,98.91813736489877
ST-MTM,23,26,0.27853419929036843,,,,False,True,,100.27814282927179,66.85403891442758,0.09303151341376292,14.987596570439209
ST-MTM,23,15,0.046909633769051,0.01017338079819486,0.18643557964028074,0.11010911244627722,True,False,0.6983050847457627,76.90946804566563,82.53862409795175,4.837638697516155,779.3550216628388
ST-MTM,23,23,0.9436106614610643,0.0289113424947853,0.1864355796402625,0.03833552268787426,True,True,0.5652173913043478,23.73260444398197,136.96588381930968,0.29770084292408683,47.960309025405465
ST-MTM,23,22,0.7481500354113336,0.021070407988036166,0.18643557964034985,0.12545054480047177,True,False,0.7368421052631579,40.021559264643365,129.7995635140034,0.3163071456067996,50.957828339493304
ST-MTM,24,24,0.13623599495985378,0.07279099025404792,0.3036824137982329,0.00038938637866658965,True,True,0.6,21.030327912357098,37.37864730753955,0.08239934045219854,17.985115884527048
ST-MTM,24,25,0.0839788154905822,0.09269139754139383,0.3036824137982361,0.051895153812429186,True,True,0.3333333333333333,39.555901178434894,49.63335903730476,0.6454615002088815,140.88340776212854
ST-MTM,24,15,0.0005209016585311588,0.046388732110519845,0.30368241379822297,0.06372038033575737,True,True,0.5984455958549223,81.0493119305516,81.11182012957534,4.902760756905792,1070.1143951293595
ST-MTM,24,23,0.9150088994650711,0.028601761995993187,0.30368241379844385,0.06693728468386742,True,True,0.47058823529411764,22.452578718475454,132.25364665428398,0.1235990106782765,26.977673826790575
ST-MTM,24,22,0.70398229213715,0.04416774327418368,0.30368241379814853,0.1696182880746554,True,False,0.3953488372093023,40.710309997018044,125.18818505347605,0.5905286065740825,128.8933305057772
ST-MTM,25,24,0.1661285055227481,0.02989251056289432,0.26635230564549023,0.02950312418422773,True,True,0.5,22.168128557251787,42.10354921998156,0.12626366596654748,35.970231769054095
ST-MTM,25,25,0.10236061330995809,0.018381797819375892,0.26635230564544365,0.07027695163180508,True,True,0.40425531914893614,37.63323469114925,49.91650828834422,0.19991747111370728,56.95286696766899
ST-MTM,25,15,0.05587053243547935,0.056391434094010505,0.2663523056454466,0.00732894624174687,True,True,0.6859344894026975,84.12444880864552,77.419984916388,5.450381580889513,1552.7150046975019
ST-MTM,25,27,0.9327724454282998,,,,False,True,,19.892527267462416,131.8252207188584,0.021043944327743702,5.995038628175683
ST-MTM,25,23,0.8892573475073049,0.02575155195776624,0.2663523056459929,0.09268883664163366,True,False,0.3333333333333333,25.8659806531595,132.57686235403608,0.03156591649161555,8.992557942263524
ST-MTM,25,22,0.6866010443932161,0.01738124774393389,0.2663523056454369,0.18699953581858927,True,True,0.84,41.15662809526458,123.54875342245052,0.5155766360300902,146.87844639030425
ST-MTM,26,24,0.10488617027384875,0.061242335248899354,0.819187901455198,0.031739211064671626,True,True,0.9230769230769231,22.19000933888437,34.77634977174622,0.060293669439076325,38.96775108314194
ST-MTM,26,25,0.07370691798166096,0.02865369532829713,0.8191879014552597,0.04162325630350795,True,True,0.9473684210526315,37.71807070414579,46.5629008619451,0.08348354230025734,53.95534765358115
ST-MTM,26,15,0.034225930111377895,0.09009646254685724,0.8191879014553087,0.09742540878860412,True,True,0.8538205980066446,85.01258742104602,89.11969903441137,2.773508794197312,1792.5165498245292
ST-MTM,26,22,0.6062246437285481,0.08037640066466813,0.8191879014553076,0.26737593648325736,True,True,0.06630581867388363,49.782888931635846,122.52984617906161,3.427463208882642,2215.166773110915
ST-MTM,27,24,0.10135176625270433,0.003534404021144422,0.03871451218082515,0.03527361508581605,True,True,0.8666666666666667,22.225018589496514,34.38723053982103,0.06692773433353238,44.962789711317626
ST-MTM,27,25,0.0726165404053831,0.0010903775762778642,0.038714512180651695,0.04053287872723009,True,True,0.7222222222222222,37.28774866537152,46.00173351401749,0.05800403642240326,38.96775108314194
ST-MTM,27,15,0.04768097634031936,0.01345504622894147,0.03871451218069165,0.11088045501754558,True,True,0.9594155844155844,85.19976206623889,90.92147922707721,2.7172660139415825,1825.4892622794955
ST-MTM,27,22,0.6053183263362661,0.0009063173922819227,0.038714512180695604,0.26828225387553933,True,True,0.9364675984752223,49.04015340589663,121.67835256624856,3.5025514301217413,2353.0526615589556
ST-MTM,28,24,0.021059970086599596,0.08029179616610473,1.7875489366917745,0.11556541125192078,True,True,0.07389162561576355,33.86981967241864,36.397016082810595,5.411697859698791,608.4964207598318
ST-MTM,28,28,0.14344103745649986,,,,False,False,,95.84072031418253,78.62779581940255,0.026658610146313322,2.9975193140878416
ST-MTM,28,15,0.10639816938582479,0.15407914572614417,1.7875489366922332,0.04319869070859858,True,False,0.0016420361247947454,94.13401934684052,81.36623902054154,0.026658610146313322,2.9975193140878416
ST-MTM,28,22,0.7475351570463151,0.142216830710049,1.7875489366917419,0.12606542316549027,True,False,0.033121019108280254,39.5195883918957,129.2238072374535,0.6931238638038053,77.93550216628388
ST-MTM,28,29,0.6886588520553246,,,,False,True,,53.66082497844392,136.29988722508287,0.186610271024108,20.98263519861489
ST-MTM,29,24,0.12126535679150781,0.10020538670490821,1.1831696766961697,0.015360024547012567,True,True,0.7241379310344828,30.84676102723929,45.398603842220226,1.2003579595604066,440.6353391709127
ST-MTM,29,28,0.08222140180309362,0.06121963565340624,1.1831696766966928,0.06121963565340624,True,True,0.001644736842105263,85.11769778910602,75.25112957273478,4.9647458463450675,1822.4917429654076
ST-MTM,29,22,0.7182329248111976,0.029302232235117447,1.1831696766962922,0.15536765540060776,True,False,0.07692307692307693,38.66623790822469,124.8541888855684,0.01633140081034412,5.995038628175683
ST-MTM,29,30,0.7032030732275416,,,,False,False,,42.93299032657975,127.31735911388475,0.008165700405186271,2.9975193140878416
ST-MTM,29,29,0.691992756335452,0.0033339042801274013,1.183169676696419,0.0033339042801273423,True,True,0.3684210526315789,52.005453363503136,135.04458412375737,0.15514830769825494,56.95286696766899
ST-MTM,30,24,0.12692645157866517,0.005661094787157358,0.7141603701587782,0.009698929759855208,True,True,0.8378378378378378,29.443225880708376,44.674400070148195,0.49974395201789434,374.6899142609802
ST-MTM,30,28,0.25538026992727886,0.33760167173037253,0.7141603701587594,0.39882130738377874,True,True,0.9545454545454546,85.35424557860121,115.99987796987467,2.3827791632213575,1786.5215111963535
ST-MTM,30,29,0.38994597560398725,0.30204678073146474,0.7141603701585777,0.2987128764513374,True,True,0.021939953810623556,48.22652242621104,95.02003949868951,3.462226099580022,2595.851726000071
ST-MTM,31,24,0.05594574792559571,0.07098070365306945,0.7375989431307866,0.08067963341292467,True,True,0.64,26.14331956035258,32.856809311424065,0.6687482703366783,239.80154512702734
ST-MTM,31,28,0.402688931687582,0.14730866176030316,0.7375989431307752,0.5461299691440819,True,True,0.8137535816618912,82.9920640764614,131.31473587897125,5.600766764069704,2008.3379404388538
ST-MTM,31,31,0.3346956354733281,,,,False,False,,46.3463922612638,86.50986851806317,0.008359353379205459,2.9975193140878416
ST-MTM,31,29,0.33202449636757864,0.05792147923640864,0.7375989431308358,0.356634355687746,True,True,0.009237875288683603,51.679832784207626,91.52277234831706,0.06687482703367209,23.980154512702732
ST-MTM,32,24,0.12449647768116004,0.06855072975556432,0.6658550382719521,0.012128903657360338,True,True,0.4625,21.207148282847488,36.14672560458669,0.6019377460213207,110.90821462125014
ST-MTM,32,32,0.37929609197263725,,,,False,True,,99.55530477251516,145.07083580923162,0.2765659914152252,50.957828339493304
ST-MTM,32,28,0.2976437978422825,0.10504513384529955,0.6658550382719621,0.44108483529878234,True,True,0.05970149253731343,97.93142899917652,133.64868474025042,0.6507435092122478,119.90077256351367
ST-MTM,32,33,0.34284139791329893,,,,False,True,,19.81494995076505,60.95591770036092,0.17895446503335677,32.972712454966256
ST-MTM,32,29,0.3234661569919105,0.008558339375668153,0.6658550382718813,0.3651926950634142,True,True,0.028070175438596492,47.08296846822199,85.89890730725125,4.636547503137166,854.2930045150348
ST-MTM,33,24,0.48537115589895685,0.36087467821779684,0.005141399500421626,0.3487457745604365,True,True,0.8918918918918919,20.74587775113343,78.99041645900826,0.5396307321882432,98.91813736489877
ST-MTM,33,34,0.4049842340698229,,,,False,True,,65.9734533856971,114.57156147407585,0.06540978571979394,11.990077256351366
ST-MTM,33,32,0.34072132268823124,0.03857476928440597,0.005141399500328547,0.03857476928440597,True,True,0.5483870967741935,98.48335407006695,139.3699127926547,0.5069258393283462,92.92309873672309
ST-MTM,33,28,0.37492556237710917,0.07728176453482666,0.005141399500410593,0.518366599833609,True,True,0.85,98.50116593974508,143.49223342499818,0.5559831786181917,101.91565667898661
ST-MTM,33,33,0.2667999569306708,0.07604144098262806,0.0051413995004536694,0.07604144098262809,True,True,0.14102564102564102,23.28404842051387,55.30004325219437,1.2754908215358256,233.80650649885163
ST-MTM,33,29,0.07102231376566195,0.39448847075757243,0.005141399500417143,0.7596811658209865,True,True,0.7118055555555556,53.09114319950971,44.568465547630275,3.4013088574288872,623.4840173302711
ST-MTM,34,24,0.5206319013210875,0.03526074542213067,0.07686558029884832,0.3840065199825672,True,True,0.7575757575757576,20.199733441583984,82.67556160011449,0.37856498895104096,74.93798285219604
ST-MTM,34,34,0.40403352852391416,0.0009507055459087847,0.07686558029900192,0.0009507055459087847,True,True,0.23529411764705882,65.8228621238728,114.30688554674249,0.25742419248669535,50.957828339493304
ST-MTM,34,32,0.3323042702608449,0.008417052427386313,0.07686558029884466,0.04699182171179229,True,True,0.7045454545454546,98.71108103198503,138.58759346328642,0.6662743805538298,131.89084981986502
ST-MTM,34,28,0.36780029299820477,0.007125269378904401,0.07686558029903479,0.5112413304547047,True,True,0.2647058823529412,100.39192289376126,144.52795805354583,0.13628339602234973,26.977673826790575
ST-MTM,34,33,0.2371561048250344,0.02964385210563645,0.07686558029886154,0.10568529308826455,True,True,0.5777777777777777,26.510734351933138,54.969466930937266,2.0442509403355587,404.6651074018586
ST-MTM,34,29,0.1331290154255837,0.06210670165992174,0.07686558029886617,0.8217878674809084,True,True,0.7802690582959642,57.200649207005156,41.22516735593511,2.861951316469785,566.531150362602
ST-MTM,35,34,0.42104714655737335,0.01701361803345923,0.002383791355265563,0.016062912487550443,True,True,0.47368421052631576,62.947938034499856,113.47359562138466,0.16617200324526493,32.972712454966256
ST-MTM,35,24,0.5295587525246428,0.00892685120355526,0.0023837913553014234,0.3929333711861224,True,True,0.625,20.91654784786764,84.46359815082478,0.6042618299827893,119.90077256351367
ST-MTM,35,32,0.3364824592222277,0.0041781889613827635,0.002383791355286602,0.042813632750409523,True,True,0.6197183098591549,97.59549736511161,137.97339247177894,1.0725647482194631,212.82387130023676
ST-MTM,35,28,0.3682107753725489,0.0004104823743441936,0.0023837913552588047,0.5116518128290488,True,True,0.8888888888888888,100.5341479743731,144.71944101907897,0.12085236599654081,23.980154512702732
ST-MTM,35,33,0.20812620475800622,0.02902990006702817,0.002383791355275902,0.1347151931552927,True,True,0.6416184971098265,30.035370935793697,55.010515506754444,2.250875316685878,446.63037779908836
ST-MTM,35,29,0.17202554893742777,0.03889653351184409,0.0023837913552759438,0.8606844009927525,True,True,0.7098445595854922,61.29515605323115,40.65209018073982,2.130022950689323,422.65022328638565
ST-MTM,36,34,0.427289341598762,0.006242195041388617,0.02817087696667675,0.02230510752893906,True,True,0.5,62.40489681761831,113.67961780946975,0.3231122285324659,65.94542490993251
ST-MTM,36,24,0.5251150875687298,0.004443664955913077,0.028170876966689518,0.3884897062302094,True,True,0.46511627906976744,22.710568399585302,85.72437890783287,1.2630750751723667,257.7866610115544
ST-MTM,36,32,0.3441737300519154,0.007691270829687724,0.028170876966700953,0.0351223619207218,True,True,0.6796116504854369,95.23835526688534,136.5392028731152,1.498065786832342,305.74697003695985
ST-MTM,36,28,0.36177263396369974,0.006438141408849182,0.028170876966935543,0.5052136714201996,True,True,0.625,100.96082321620861,144.37353929185258,0.07343459739371383,14.987596570439209
ST-MTM,36,33,0.16805267778355765,0.040073526974448576,0.02817087696669146,0.17478872012974128,True,True,0.5714285714285714,34.86041932776491,55.02674066179183,2.0121079685885235,410.6601460300343
ST-MTM,36,29,0.18044637973914313,0.00842083080171534,0.0281708769666974,0.8691052317944677,True,True,0.5673758865248227,62.60271897519656,40.949153406499384,1.1749535582998618,239.80154512702734
ST-MTM,37,34,0.4613115114092753,0.03402216981051331,0.04746653723895783,0.05632727733945237,True,True,0.7857142857142857,62.01146899722453,117.36885036633757,0.39216992939279294,83.93054079445956
ST-MTM,37,24,0.560537968069929,0.03542288050119922,0.04746653723892613,0.42391258673140864,True,True,0.7107438016528925,24.568323719312676,91.83287988770415,1.6947343377331947,362.6998370046288
ST-MTM,37,32,0.37773110992823244,0.03355737987631701,0.04746653723892569,0.001564982044404791,True,True,0.684931506849315,92.04805149786694,137.37578468925483,2.0168739225915715,431.6427812286492
ST-MTM,37,33,0.08779167626051278,0.08026100152304488,0.047466537238926576,0.25504972165278617,True,False,0.5654761904761905,40.494846087519726,51.02984723878126,1.7647646822676109,377.68743357506804
ST-MTM,37,29,0.22703648524072104,0.04659010550157792,0.047466537238919915,0.9156953372960456,True,True,0.425,61.55610970551772,34.311731476631195,0.4762063428341179,101.91565667898661
ST-MTM,38,24,0.5627469346721481,0.002208966602219172,0.10217696944022354,0.4261215533336277,True,True,0.9022556390977443,25.128996144534533,92.65862830519231,2.047694123120152,395.6725494595951
ST-MTM,38,35,0.5472429974256156,,,,False,True,,42.07963984290873,107.7487995339826,0.031025668532123518,5.995038628175683
ST-MTM,38,34,0.48363625602145605,0.02232474461218074,0.10217696944025517,0.07865202195163311,True,True,0.8666666666666667,61.15811851355352,119.19446923612824,0.43435935944972925,83.93054079445956
ST-MTM,38,32,0.40536904790839257,0.027637937980160152,0.10217696944023637,0.02607295593575536,True,True,0.9583333333333334,92.37784878624217,141.02213453524928,2.140771128716551,413.6576653441221
ST-MTM,38,33,0.001995851882383152,0.08579582437812962,0.10217696944023098,0.34084554603091577,True,False,0.5302013422818792,46.530448247937954,46.76995047382393,1.5823090951382994,305.74697003695985
ST-MTM,38,29,0.23511433245954957,0.008077847218828538,0.10217696944022969,0.9237731845148741,True,True,0.20588235294117646,60.487628847812005,32.273908952666055,0.10858983986243231,20.98263519861489
ST-MTM,39,24,0.5670705799753283,0.004323645303180198,0.4754897752825149,0.43044519863680797,True,True,0.7575757575757576,23.408331260186984,91.45680085722638,0.9642476010363623,299.7519314087842
ST-MTM,39,35,0.5453753530461469,0.0018676443794686767,0.4754897752825067,0.0018676443794686767,True,True,0.18181818181818182,44.32938202713231,109.77442439266994,0.10606723611400071,32.972712454966256
ST-MTM,39,34,0.5104842674508088,0.02684801142935278,0.47548977528240355,0.10550003338098589,True,True,0.4642857142857143,59.474861240817845,120.7329733349149,0.12535218813474103,38.96775108314194
ST-MTM,39,32,0.4441445603784774,0.03877551247008479,0.47548977528251263,0.06484846840584015,True,True,0.7898550724637681,93.21020873149024,146.50755597690753,1.0510298851296511,326.72960523557475
ST-MTM,39,36,0.29065930633620635,,,,False,True,,19.039176783791405,53.91829354413617,0.01928495202072611,5.995038628175683
ST-MTM,39,33,0.14323558049409346,0.14523143237647662,0.47548977528251624,0.4860769784073924,True,True,0.24113475177304963,56.11049708624652,38.9222274269553,4.078767352383807,1267.950669859157
ST-MTM,40,24,0.5872137663933737,0.020143186418045435,0.09394333320988202,0.4505883850548534,True,True,0.56,21.20302979595719,91.66868176316204,0.5931652020532283,167.86108158891912
ST-MTM,40,34,0.49306463809974965,0.01741962935105915,0.09394333320976211,0.08808040402992674,True,True,0.29545454545454547,60.465463900184204,119.63322047215416,0.4660583730418182,131.89084981986502
ST-MTM,40,32,0.4234136144831228,0.02073094589535458,0.09394333320983574,0.04411752251048557,True,True,0.9174311926605505,93.28066886316955,144.0903026011443,1.059223575095018,299.7519314087842
ST-MTM,40,36,0.29571979239600216,0.005060486059795781,0.09394333320992221,0.005060486059795781,True,True,0.06451612903225806,22.782907937961,58.26928302548126,0.3283593082794596,92.92309873672309
ST-MTM,40,33,0.18320419575640112,0.039968615262307654,0.09394333320987039,0.5260455936697,True,True,0.8059360730593608,59.860866768966666,37.87636327819853,3.8979427563497353,1103.0871075843256
ST-MTM,41,24,0.6325967608950204,0.04538299450164655,0.023649750883428133,0.49597137955649995,True,True,0.08928571428571429,19.039176783791405,94.95078809119384,0.05422862576767784,14.987596570439209
ST-MTM,41,34,0.49141055320656296,0.0016540848931867322,0.023649750883580678,0.08642631913674001,True,True,0.8627450980392157,60.43504142304797,119.40430780783552,0.5531319828303936,152.87348501847993
ST-MTM,41,32,0.4200946853915976,0.003318929091525173,0.0236497508835828,0.040798593418960395,True,True,0.93,93.2531414282124,143.66450367520412,1.0086524392789329,278.7692962101693
ST-MTM,41,36,0.25859275137990895,0.03712704101609319,0.023649750883592002,0.032066554956297406,True,True,0.33695652173913043,26.941944306483812,57.97307447207289,0.9978067141254172,275.7717768960814
ST-MTM,41,33,0.23760999203020633,0.054405796273805214,0.023649750883591135,0.5804513899435053,True,True,0.8209718670076727,64.05837613745868,35.54517709383392,3.7309294528167953,1031.1466440462175
ST-MTM,42,34,0.4270833168533802,0.06432723635318277,0.09918765655072154,0.022099082783557242,True,True,0.8793103448275862,60.23540702997822,111.48540505238384,0.5696524062840922,173.8561202170948
ST-MTM,42,32,0.26794256080809237,0.15215212458350524,0.09918765655070452,0.11135353116454484,True,True,0.8921568627450981,93.79267915337212,125.9457864503432,0.9821593211794664,299.7519314087842
ST-MTM,42,37,0.5262701625125208,,,,False,True,,99.51669162845768,36.36427212695518,0.25536142350665614,77.93550216628388
ST-MTM,42,36,0.3388166458505605,0.08022389447065154,0.09918765655073142,0.04815733951435413,True,True,0.6041666666666666,30.42127604081338,71.07927354288064,1.3652014564394506,416.65518465821
ST-MTM,42,33,0.1677001750302035,0.06990981700000282,0.0991876565507432,0.5105415729435024,True,True,0.8174386920980926,68.20061888951962,48.0765978858952,3.172374607409637,968.1987384503728
ST-MTM,43,34,0.4593131579800768,0.032229841126696655,0.15906469462965062,0.054328923910253894,True,True,0.6896551724137931,60.469342766019075,115.5869217236283,0.46059885407035495,119.90077256351367
ST-MTM,43,32,0.31069497490891784,0.042752414100825455,0.15906469462969372,0.06860111706371938,True,True,0.85,94.41512303557921,131.69852002464935,0.9787725648995433,254.78914169746653
ST-MTM,43,38,0.6836815633021495,,,,False,True,,19.0391767837914,101.08096438004934,0.11514971351758163,29.975193140878417
ST-MTM,43,37,0.5501692613190002,0.02389909880647944,0.15906469462968076,0.02389909880647938,True,True,0.5172413793103449,99.91783929172182,33.897527933441786,0.20726948433166115,53.95534765358115
ST-MTM,43,36,0.26990584719023397,0.06891079866032654,0.15906469462967476,0.020753459145972406,True,False,0.5705882352941176,35.55950880360988,67.94821046643796,1.4739163330251586,383.6824722032437
ST-MTM,43,33,0.22912200413569414,0.06142182910549063,0.1590646946296868,0.5719634020489931,True,True,0.8079268292682927,71.31479530200828,43.82015480572498,3.10904226497496,809.3302148037172
ST-MTM,44,38,0.6868028116858044,0.0031212483836548623,0.2363887780643118,0.003121248383654892,True,True,0.3076923076923077,20.745877751133435,103.16221515342995,0.3500551290934766,71.94046353810819
ST-MTM,44,34,0.4511712264693367,0.008141931510740127,0.2363887780642444,0.046186992399513765,True,True,0.547945205479452,61.30925005713909,115.44979723345949,1.0647510176593187,218.81890992841244
ST-MTM,44,32,0.3086004392830457,0.0020945356258721404,0.23638877806420372,0.07069565268959152,True,True,0.9176470588235294,94.35282716316642,131.3848798771319,1.1376791695537918,233.80650649885163
ST-MTM,44,37,0.5510738824975647,0.0009046211785644094,0.23638877806432412,0.024803719985043847,True,True,0.2222222222222222,100.96082321620861,34.83195731650085,0.05834252151558417,11.990077256351366
ST-MTM,44,36,0.17713581120366684,0.09277003598656712,0.23638877806423286,0.11352349513253952,True,False,0.302158273381295,43.67363414259611,64.92993148703613,0.7730384100814263,158.8685236466556
ST-MTM,44,33,0.24581494156126613,0.016692937425572,0.23638877806423128,0.588656339474565,True,True,0.7518518518518519,73.7713112537253,44.273518266373365,2.960882966915662,608.4964207598318
ST-MTM,45,38,0.5800124932900128,0.10679031839579162,0.5122039837361821,0.10366907001213667,True,True,0.4838709677419355,21.909537501593896,91.51103669639542,0.1922651277217824,65.94542490993251
ST-MTM,45,34,0.44139636517150194,0.009774861297834765,0.5122039837361216,0.036412131101679,True,True,0.8780487804878049,61.13780064489469,114.10536446547492,0.7078852429756921,242.79906444111518
ST-MTM,45,32,0.37907088420228113,0.07047044491923546,0.5122039837360935,0.00022520777035606916,True,True,0.782051282051282,94.10604064245786,139.5945467467316,0.5330987632286224,182.84867815935834
ST-MTM,45,39,0.07706838877815715,,,,False,True,,20.404537557665027,29.652744211043885,0.04369661993677454,14.987596570439209
ST-MTM,45,33,0.060938739891208724,0.18487620167005742,0.5122039837361132,0.40378013780450767,True,True,0.3644524236983842,56.37211140873799,49.059462621792946,4.867803460956381,1669.6182579469278
ST-MTM,46,38,0.612210824336387,0.03219833104637422,0.5122039837362257,0.07147073896576248,True,True,0.34615384615384615,23.240286857248694,96.70558577761513,0.18961319492564144,38.96775108314194
ST-MTM,46,34,0.44048705560502766,0.0009093095664742516,0.51220398373612,0.03550282153520475,True,True,0.9204545454545454,60.58182987523021,113.44027654783353,1.283535473342738,263.78169963973005
ST-MTM,46,32,0.3602075414096697,0.018863342792611468,0.5122039837361229,0.019088550562967536,True,True,0.8461538461538461,94.9150519929123,138.13995696207266,0.8605521923548167,176.85363953118267
ST-MTM,46,40,0.035118972138841895,,,,False,False,,43.68393875221023,47.89821540887126,0.3646407594723655,74.93798285219604
ST-MTM,46,39,0.22089377373019045,0.1438253849520333,0.5122039837360759,0.1438253849520333,True,True,0.2727272727272727,22.07331183684389,48.580564684466744,0.13127067341005727,26.977673826790575
ST-MTM,46,33,0.35826856550762753,0.29732982561641885,0.5122039837361115,0.7011099634209265,True,True,0.43010752688172044,70.04899864173584,27.056770780820532,3.515136921313662,722.4021546951698
ST-MTM,47,41,0.5990496814909873,,,,False,True,,28.710482265396212,100.59644404431468,0.05287291012348305,8.992557942263524
ST-MTM,47,34,0.4426884958926104,0.0022014402875827344,0.18924199963854194,0.03770426182278749,True,True,0.8409090909090909,60.36901642537125,113.4916359324845,1.3041984497128567,221.81642924250028
ST-MTM,47,32,0.36179752137571497,0.001589979966045263,0.18924199963848765,0.017498570596922274,True,True,0.3898305084745763,95.0986764153382,138.514378980424,0.40535897761344586,68.94294422402035
ST-MTM,47,40,0.03348694447546829,0.06860591661431019,0.18924199963851152,0.06860591661431019,True,False,0.09090909090909091,50.380412729526775,46.36197939247058,0.19386733711947102,32.972712454966256
ST-MTM,47,39,0.20274510679372795,0.018148666936462495,0.18924199963849864,0.12567671801557082,True,True,0.375,26.079318274077256,50.40873108932461,0.4229832809879497,71.94046353810819
ST-MTM,47,33,0.3846166007500942,0.026348035242466643,0.189241999638528,0.7274579986633931,True,True,0.8132295719844358,72.4930510809436,26.3390589909323,3.965468259262039,674.4418456697643
ST-MTM,48,34,0.3759938193063911,0.06669467658621932,0.4665253648694094,0.028990414763431834,True,True,0.6727272727272727,61.163659750460496,106.28291806722743,1.2158927066726903,329.72712454966256
ST-MTM,48,32,0.3070460091678459,0.05475151220786903,0.46652536486942076,0.07225008280479131,True,True,0.17391304347826086,89.86726692848544,126.71278802862695,0.044214280242641735,11.990077256351366
ST-MTM,48,42,0.3074403150114418,,,,False,True,,99.49793667277257,136.3907744741456,0.23212497127389042,62.947905595844674
ST-MTM,48,39,0.18510161047075752,0.017643496322970444,0.4665253648694355,0.10803322169260036,True,False,0.3333333333333333,28.85270734600805,51.06490060249895,0.1326428407279252,35.970231769054095
ST-MTM,48,33,0.19200762413726818,0.192608976612826,0.46652536486940965,0.5348490220505672,True,True,0.5269320843091335,67.73411328291996,44.69319838644778,4.71987441590214,1279.9407471155084
ST-MTM,49,32,0.34724912393792073,0.040203114770074794,0.018982450912937376,0.03204696803471651,True,True,0.5,88.16056596114342,129.8304608336939,0.021691450307059768,5.995038628175683
ST-MTM,49,34,0.3961296046586699,0.020135785352278824,0.018982450912289756,0.00885462941115301,True,True,0.832,60.76012732158937,108.29567988062976,1.2906412932709372,356.70479837645314
ST-MTM,49,43,0.38202655870024316,,,,False,False,,41.226289359237725,87.0694764032669,0.03253717546061807,8.992557942263524
ST-MTM,49,42,0.3186046240993637,0.011164309087921846,0.018982450912330417,0.011164309087921846,True,True,0.34210526315789475,98.9696720876429,137.20222697956655,0.3253717546061239,89.92557942263525
ST-MTM,49,44,0.29134608901774944,,,,False,False,,44.51778408196877,79.4793147640987,0.15184015214953206,41.96527039722978
ST-MTM,49,39,0.21797779246988455,0.03287618199912702,0.01898245091226558,0.1409094036917274,True,True,0.18604651162790697,23.109002167453152,49.2663372638393,0.4229832809879497,116.90325324942582
ST-MTM,49,33,0.24809668879435354,0.05608906465708537,0.018982450912289936,0.5909380867076525,True,True,0.8253968253968254,70.32147727868748,40.549874623365056,4.099684108037067,1133.062300725204
ST-MTM,50,32,0.3387936436366987,0.008455480301221978,0.010204170173518268,0.04050244833593849,True,True,0.07692307692307693,93.60888058765838,134.26411782406223,0.2791260229869863,77.93550216628388
ST-MTM,50,34,0.3947017744767961,0.0014278301818738016,0.010204170174251653,0.010282459593026812,True,True,0.8739495798319328,61.13233044948662,108.49654338670216,1.1165040919478884,311.74200866513553
ST-MTM,50,43,0.4074001160832699,0.025373557383026758,0.010204170174413107,0.025373557383026758,True,False,0.02040816326530612,44.24025064199066,93.12826457198305,0.5045739646303105,140.88340776212854
ST-MTM,50,39,0.1866464643475778,0.03133132812230673,0.010204170174240135,0.10957807556942066,True,True,0.5342465753424658,25.49190920826262,47.88948492997196,0.7836999876172683,218.81890992841244
ST-MTM,50,33,0.34528505646981694,0.09718836767546343,0.010204170174243812,0.6881264543831159,True,True,0.8435897435897436,72.66762506845357,31.233418292075537,3.660845147636831,1022.154086103954
ST-MTM,51,32,0.34318184537292246,0.004388201736223726,0.1474052916877422,0.03611424659971476,True,True,0.5,92.16474899990742,133.3465704446581,0.16172890155422692,38.96775108314194
ST-MTM,51,34,0.3996466350952748,0.004944860618478705,0.14740529168771577,0.005337598974548108,True,True,0.5673076923076923,61.21493967166722,109.1725358831002,0.7340003993614346,176.85363953118267
ST-MTM,51,43,0.43643345180776105,0.029033335724491138,0.14740529168768365,0.054406893107517895,True,True,0.4647887323943662,44.879228271794354,97.25124248872568,0.7091190298915535,170.85860090300696
ST-MTM,51,39,0.15942968014157036,0.027216784206007462,0.1474052916877323,0.0823612913634132,True,True,0.7684210526315789,27.896056540629473,47.027618157617916,1.1818650498192795,284.76433483834495
ST-MTM,51,33,0.3954729661847891,0.05018790971497212,0.14740529168772812,0.738314364098088,True,True,0.7965616045845272,75.67061797286772,28.213862030693026,3.558035834192765,857.2905238291227
ST-MTM,52,32,0.3325095761783051,0.010672269194617338,0.013820555618511698,0.0467865157943321,True,True,0.43333333333333335,93.2806688631695,133.1818180045661,0.378414466092579,89.92557942263525
ST-MTM,52,34,0.3922039744420764,0.007442660653198452,0.013820555618661134,0.01278025962774656,True,True,0.726027397260274,63.235089893319966,110.29956682636913,0.8451256409401537,200.83379404388538
ST-MTM,52,43,0.4443032750413016,0.00786982323354059,0.013820555618638153,0.06227671634105848,True,True,0.5643564356435643,43.62580953114434,96.94220253610054,1.273995369178408,302.749450722872
ST-MTM,52,39,0.1360254167226967,0.023404263418873673,0.013820555618623337,0.058957027944539525,True,True,0.7117117117117117,30.87829191514292,47.20134192186652,1.198312475959895,284.76433483834495
ST-MTM,52,33,0.42463393424418644,0.02916096805939737,0.013820555618632047,0.7674753321574854,True,True,0.7342657342657343,78.34297182519501,27.386899715892632,2.6489012626482022,629.4790559584467
ST-MTM,53,32,0.3154978405862812,0.017011735592023906,0.15913325117178112,0.063798251386356,True,True,0.5263157894736842,94.43344056918123,132.29318143953498,0.8430086369340302,170.85860090300696
ST-MTM,53,34,0.387367987010088,0.004835987431988364,0.159133251171707,0.017616247059734923,True,True,0.8356164383561644,63.94833805877632,110.43249649998688,0.9909048890277177,200.83379404388538
ST-MTM,53,43,0.4593025577327928,0.014999282691491207,0.15913325117173605,0.0772759990325497,True,True,0.6474358974358975,41.70766655515463,96.82397348308977,2.3071815326615592,467.61301299770327
ST-MTM,53,39,0.011866664579815615,0.12415875214288107,0.15913325117173283,0.06520172419834154,True,False,0.13157894736842105,45.44284469031803,46.86684443989591,0.502847257118546,101.91565667898661
ST-MTM,53,33,0.4318809579492447,0.007247023705058216,0.1591332511717235,0.7747223558625436,True,True,0.5476190476190477,80.42104809619676,28.595333142287394,1.7008068990774277,344.7147211201018
ST-MTM,54,43,0.4768749566214704,0.017572398888677534,0.030771658666750433,0.09484839792122722,True,True,0.7954545454545454,41.290290645513025,98.51528544008947,2.4402881595458723,479.6030902540547
ST-MTM,54,34,0.38568435169431015,0.0016836353157778797,0.03077165866674439,0.019299882375512802,True,True,0.7951807228915663,65.34905059276704,111.63117279608426,1.2506476817672478,245.79658375520302
ST-MTM,54,32,0.3032468775056368,0.01225096308064444,0.03077165866673265,0.07604921446700044,True,True,0.7702702702702703,94.8259251444116,131.215550445088,1.1286332737899443,221.81642924250028
ST-MTM,54,39,0.08635321731220523,0.09821988189202084,0.03077165866674969,0.16342160609036238,True,False,0.13580246913580246,55.909802854128586,45.54741677666396,0.8846044578353798,173.8561202170948
ST-MTM,54,33,0.48185997384835416,0.04997901589910946,0.030771658666756685,0.8247013717616531,True,True,0.3652173913043478,85.92560040867173,28.10240354686923,0.640575641880794,125.89581119168935
ST-MTM,55,43,0.5245361594892302,0.047661202867759773,0.17275210577780614,0.142509600788987,True,True,0.8041237113402062,39.65432794194899,102.59866708065661,3.4442924309018963,569.5286696766899
ST-MTM,55,34,0.39336666037686413,0.007682308682554032,0.17275210577779743,0.011617573692958771,True,True,0.32926829268292684,67.774971073447,114.9789703186707,0.48945208228604997,80.93302148037172
ST-MTM,55,32,0.2774806996045688,0.025766177901067996,0.1727521057778178,0.10181539236806844,True,True,0.8783783783783784,95.00049829949111,128.29818225203937,1.1783105684664292,194.8387554157097
ST-MTM,55,39,0.15148882643234696,0.06513560912014173,0.17275210577780498,0.2285572152105041,True,False,0.23655913978494625,64.22183923500396,46.04318006312232,1.0332877292705689,170.85860090300696
ST-MTM,55,45,0.3557609818620239,,,,False,True,,77.06700967342024,34.37569184997738,0.09063927449741982,14.987596570439209
ST-MTM,55,33,0.6133436569711176,0.1314836831227634,0.17275210577780586,0.9561850548844165,True,True,0.14285714285714285,96.69407079785354,23.092831961319437,0.10876712939690236,17.985115884527048
ST-MTM,56,43,0.5636171506741098,0.039080991184879524,0.24686007793152623,0.1815905919738666,True,True,0.848780487804878,37.37943955983187,105.01349764072503,2.6766910750018837,566.531150362602
ST-MTM,56,34,0.4216121467283647,0.02824548635150054,0.24686007793150788,0.016627912658541768,True,True,0.42857142857142855,69.45458154924391,120.04803915664768,0.8922303583339612,188.84371678753402
ST-MTM,56,32,0.331477201691549,0.053996502086980175,0.2468600779315361,0.04781889028108826,True,True,0.9538461538461539,94.93231496059728,134.70957916358316,0.8780679716937243,185.84619747344618
ST-MTM,56,39,0.3168305248364696,0.16534169840412266,0.2468600779315317,0.39389891361462676,True,True,0.2323943661971831,75.24460016591942,37.22493718554307,1.6711616235461406,353.70727906236533
ST-MTM,56,46,0.29912246508941603,,,,False,True,,22.20876429456945,58.10346010529937,0.19827341296310408,41.96527039722978
ST-MTM,56,33,0.6840974517023806,0.07075379473126304,0.24686007793145026,1.0269388496156795,True,True,0.3333333333333333,100.10747273253759,18.015778528251918,0.02832477328044547,5.995038628175683
ST-MTM,57,43,0.5376767575074061,0.02594039316670358,0.732539582270616,0.15565019880716294,True,True,0.8111587982832618,36.992498976732605,101.51370987762134,1.5861873037048042,698.4220001824671
ST-MTM,57,32,0.39031237138114144,0.058835169689592466,0.7325395822706476,0.011016279408504203,True,True,0.8769230769230769,94.2762444274524,141.11372899318937,0.40846024988104546,179.8511588452705
ST-MTM,57,34,0.4401544920811682,0.01854234535280348,0.73253958227061,0.03517025801134525,True,True,0.7126436781609196,68.81133987790535,121.62987892764554,0.5854596914961974,257.7866610115544
ST-MTM,57,46,0.23284305766184873,0.06627940742756726,0.7325395822706515,0.06627940742756726,True,True,0.5,23.765425616430857,51.70659253585271,0.08849972080756174,38.96775108314194
ST-MTM,57,39,0.27529752854613976,0.041532996290329825,0.7325395822706015,0.35236591732429695,True,True,0.21851851851851853,72.17130634302615,39.13560291748937,3.6761422489296223,1618.6604296074345
ST-MTM,58,43,0.47432343977702185,0.06335331773038426,0.5341564805286675,0.09229688107677868,True,True,0.9703389830508474,36.81240754714625,93.73122032038887,0.9257747282000537,695.4244808683792
ST-MTM,58,34,0.3881914342965385,0.05196305778462964,0.5341564805286655,0.016792799773284392,True,True,0.7623762376237624,71.07500519025201,117.65797730583664,0.3671175646310587,275.7717768960814
ST-MTM,58,32,0.352233547087548,0.03807882429359341,0.5341564805286494,0.027062544885089204,True,True,0.7464788732394366,95.62738269326479,137.89540834377055,0.25538613191724835,191.84123610162186
ST-MTM,58,39,0.1014437794986812,0.17385374904745857,0.534156480528688,0.17851216827683836,True,True,0.4492512479201331,66.28156828579131,54.10831474594956,4.796470790070913,3603.0182155335856
ST-MTM,59,43,0.46751262993923753,0.006810809837784326,0.001885014695774831,0.08548607123899436,True,True,0.928,36.741079217062854,92.84259480977136,0.9957233544914175,749.3798285219603
ST-MTM,59,34,0.3864150681549989,0.0017763661415396352,0.0018850146957943015,0.018569165914824028,True,True,0.8108108108108109,70.02099650549442,116.39080468409429,0.434135382558253,326.72960523557475
ST-MTM,59,32,0.35590290836817334,0.0036693612806253384,0.0018850146956942426,0.023393183604463866,True,True,0.484375,96.00588492392532,138.71423392810613,0.1234696959569419,92.92309873672309
ST-MTM,59,39,0.0931435266064149,0.008300252892266317,0.0018850146957714604,0.17021191538457206,True,True,0.9648692810457516,66.62251048674364,55.44528729397385,4.791420781812661,3606.0157348476732
ST-MTM,60,43,0.8238245334718982,0.35631190353266073,0.08512990888992034,0.44179797477165506,True,True,0.9448818897637795,35.83339408948072,134.6923381061085,1.0581810037019181,731.3947126374334
ST-MTM,60,32,0.1786748586378317,0.17722804973034165,0.08512990888987071,0.20062123333480553,True,True,0.06451612903225806,91.57396789582747,113.01495093236727,0.008673614784441952,5.995038628175683
ST-MTM,60,34,0.24001582335139712,0.14639924480360175,0.08512990888665506,0.1649684107184258,True,False,0.009174311926605505,73.6536077387362,102.45550654090385,0.004336807392206765,2.9975193140878416
ST-MTM,60,47,0.23072334061965402,,,,False,False,,71.94690677139417,99.63370764575265,0.004336807392206765,2.9975193140878416
ST-MTM,60,39,0.11375047689590509,0.0206069502894902,0.0851299088899259,0.19081886567406225,True,True,0.9819672131147541,66.88018217122739,53.23012494371878,5.269220981548472,3641.9859666167276
ST-MTM,61,43,0.7825756928163493,0.04124884065554889,0.09201138740633807,0.40054913411610615,True,True,0.8872727272727273,35.85793904378007,129.767022181742,1.0877843105207603,824.3178113741565
ST-MTM,61,34,0.2434040075273091,0.003388184175911964,0.0920113874030486,0.16158022654251383,True,True,0.008620689655172414,72.77083137631789,101.97931227959498,0.4588472000742172,347.7122404341896
ST-MTM,61,39,0.06539698091958629,0.0483534959763188,0.09201138740633602,0.14246536969774345,True,True,0.9707792207792207,66.4792728397445,58.63163512939414,4.798117704224296,3635.990927988552
ST-MTM,62,43,0.8952172149931137,0.11264152217676433,0.020364788944700132,0.5131906562928705,True,True,0.9413793103448276,35.97581346665078,143.40187926582442,1.1162417677873577,863.2855624572984
ST-MTM,62,48,0.054546007292827055,,,,False,True,,96.5518457172417,103.09736659238095,0.09302014731562736,71.94046353810819
ST-MTM,62,34,0.16079448176508382,0.08260952576222529,0.020364788944644885,0.2441897523047391,True,True,0.5916666666666667,74.85967642232453,94.15501423413458,0.2906879603613106,224.81394855658812
ST-MTM,62,49,0.046962374791436785,,,,False,True,,100.96082321620861,106.59630819118102,0.015503357885933156,11.990077256351366
ST-MTM,62,39,0.11044781928727314,0.04505083836768685,0.02036478894467559,0.1875162080654303,True,True,0.9423380726698263,66.0748144383322,52.82107612385942,4.829295981469031,3734.9090653534504
ST-MTM,63,43,0.8530318486617238,0.042185366331389966,0.05583397780504816,0.4710052899614806,True,True,0.8470588235294118,36.49270402922733,138.85652586863418,1.246224571368316,1019.1565667898661
ST-MTM,63,34,0.17822357928380075,0.017429097518716928,0.055833977805075666,0.2267606547860222,True,True,0.8433734939759037,75.44783183260859,96.83466134666467,0.28589857813744857,233.80650649885163
ST-MTM,63,49,0.05618283442061447,0.009220459629177688,0.05583397780484178,0.009220459629177688,True,True,0.1,97.31201425154633,104.05395438202007,0.10629562520495028,86.9280601085474
ST-MTM,63,39,0.06267872763355851,0.04776909165371463,0.055833977805073806,0.13974711641171567,True,True,0.9461538461538461,64.75058353370756,57.229136217680534,4.706330440108573,3848.8147992887884
ST-MTM,64,43,0.8706712287412546,0.01763938007953083,0.9402614791332444,0.48864467004101136,True,True,0.8355795148247979,34.99507908257843,139.47562653152897,3.20053177848132,1022.154086103954
ST-MTM,64,34,0.18809729974845196,0.009873720464651233,0.9402614791332073,0.21688693432137096,True,True,0.4050632911392405,77.01529146228866,99.5869674321029,0.30972888178851576,98.91813736489877
ST-MTM,64,50,0.1247799911728574,,,,False,True,,90.23298856434444,105.20658750508733,0.06570006583393706,20.98263519861489
ST-MTM,64,49,0.07100331065810188,0.014820476237487413,0.9402614791329919,0.0240409358666651,True,True,0.1724137931034483,100.27814282927179,108.79854010824401,0.046928618452795945,14.987596570439209
ST-MTM,64,51,0.09334439421145758,,,,False,False,,44.63969129392178,33.43836398854687,0.14078585535841626,44.962789711317626
ST-MTM,64,39,0.2771162229877227,0.21443749535416418,0.9402614791332454,0.35418461176587984,True,True,0.21417445482866043,82.36709195018425,49.11314519165752,2.5810740149042886,824.3178113741565
ST-MTM,65,43,0.8363769821490069,0.03429424659224765,0.10931308997365638,0.45435042344876375,True,True,0.8563049853372434,33.42923767966835,133.79447553754918,3.0572058922891756,875.2756397136498
ST-MTM,65,34,0.21145943567859954,0.02336213593014757,0.10931308997359096,0.19352479839122338,True,True,0.6666666666666666,77.29974162351233,102.67487390494428,0.23033743024095088,65.94542490993251
ST-MTM,65,50,0.1530642030366187,0.02828421186376128,0.10931308997362477,0.02828421186376128,True,True,0.45454545454545453,88.25538268155131,106.62308704594555,0.09422894873495125,26.977673826790575
ST-MTM,65,51,0.11125702819555745,0.017912633984099872,0.10931308997364164,0.017912633984099872,True,False,0.09411764705882353,50.744429369414426,37.39358598594753,0.8166508890361399,233.80650649885163
ST-MTM,65,39,0.3173636976192709,0.04024747463154821,0.10931308997364989,0.39443208639742805,True,True,0.7454545454545455,84.41831188884957,46.334668174537065,2.1463260545180702,614.4914593880076
ST-MTM,66,43,0.8162660344489822,0.020110947700024796,0.05425058974974319,0.43423947574873895,True,True,0.9207920792079208,34.17584881139034,132.1277729452682,3.2055353175916252,869.280601085474
ST-MTM,66,50,0.06773127233407905,0.08533293070253964,0.05425058974959662,0.05704871883877836,True,True,0.1276595744680851,94.94858117216286,103.07633385225235,0.4863570826690591,131.89084981986502
ST-MTM,66,51,0.15260926144221265,0.041352233246655185,0.05425058974975405,0.05926486723075506,True,False,0.32142857142857145,59.13867427816381,40.825562905098295,1.182731996490702,320.7345666073991
ST-MTM,66,39,0.30584662370542176,0.011517073913849115,0.054250589749743394,0.38291501248357895,True,True,0.6487804878048781,84.8177418860111,48.11614704136049,1.4701248180678732,398.67006877368294
ST-MTM,67,43,0.8239968937457286,0.007730859296746454,0.0017406444777924232,0.4419703350454854,True,True,0.9149659863945578,34.13066445838355,133.01029170787098,3.012376583731566,818.3227727459807
ST-MTM,67,50,0.047639862840704456,0.020091409493374592,0.0017406444777707808,0.07714012833215295,True,True,0.5641025641025641,95.03113139377668,100.74791493466121,0.8606790239232964,233.80650649885163
ST-MTM,67,51,0.10617672398449791,0.04643253745771473,0.0017406444777817165,0.012832329773040326,True,False,0.4268292682926829,66.54459347319347,53.80338659505372,1.401362000490522,380.68495288915585
ST-MTM,67,39,0.40538999201445935,0.09954336830903757,0.0017406444777784413,0.4824583807926165,True,True,0.7293233082706767,85.23102254812854,36.584223506393414,1.0703316066738608,290.75937346652063
ST-MTM,68,43,0.6202407645489172,0.20375612919681144,0.09610038134681917,0.238214205848674,True,True,0.8768115942028986,33.77253411411133,108.20142585998138,2.4557086218494817,734.3922319515211
ST-MTM,68,50,0.28732838745469447,0.23968852461399,0.09610038134681675,0.16254839628183707,True,True,0.41935483870967744,90.0049041032711,124.48431059783444,1.8643338925061244,557.5385924203385
ST-MTM,68,51,0.15707067358254972,0.05089394959805181,0.09610038134682658,0.06372627937109214,True,False,0.45977011494252873,73.81487082226454,54.96638999235857,1.2729591631627954,380.68495288915585
ST-MTM,68,39,0.4058101332013615,0.000420141186902138,0.09610038134683163,0.48287852197951864,True,True,0.7731958762886598,85.19090627796831,36.49369029380493,0.751747537300858,224.81394855658812
ST-MTM,69,43,0.6189638035814724,0.0012769609674447699,0.19856653897828933,0.23693724488122925,True,True,0.8857142857142857,32.79502928093981,107.07068571071649,2.65281421891288,650.4616911570616
ST-MTM,69,50,0.3135322060481501,0.02620381859345559,0.19856653897828913,0.18875221487529265,True,True,0.7112299465240641,90.26210073436307,127.88596546014108,1.6381433425544856,401.66758808777075
ST-MTM,69,51,0.22746308681837474,0.070392413235825,0.19856653897827975,0.13411869260691714,True,False,0.4539877300613497,80.71314355819644,53.41757313999147,1.3447445349327865,329.72712454966256
ST-MTM,69,39,0.42750180011969907,0.021691666918337602,0.19856653897828963,0.5045701888978562,True,True,0.7733333333333333,87.07180844749418,35.77159243313029,0.7090471184191074,173.8561202170948
ST-MTM,70,43,0.6591443377329325,0.04018053415146016,0.1272204922716761,0.2771177790326893,True,True,0.783410138248848,32.34140491160425,111.43872543955615,2.360191174002779,509.57828339493307
ST-MTM,70,52,0.617627308769112,,,,False,True,,64.26675241835505,138.3820294706485,0.13883477494135832,29.975193140878417
ST-MTM,70,50,0.33064915085537433,0.01711694480722426,0.12722049227170087,0.2058691596825169,True,True,0.7971014492753623,92.15783927939185,131.83573738203677,1.582716434331303,341.7172018060139
ST-MTM,70,53,0.4737173249156591,,,,False,True,,19.039176783791405,75.8852557736705,0.02776695498826598,5.995038628175683
ST-MTM,70,51,0.3235156420701978,0.09605255525182307,0.1272204922716875,0.2301712478587402,True,False,0.5069444444444444,86.39803832664533,47.5761612782216,1.4855320918723436,320.7345666073991
ST-MTM,70,39,0.45773820283942096,0.030236402719721885,0.12722049227168444,0.5348065916175782,True,True,0.8983050847457628,88.22377710808202,33.2951927673515,0.7497077846832383,161.86604296074344
ST-MTM,71,43,0.6825235091855215,0.023379171452588922,0.04475019579861916,0.3004969504852783,True,True,0.8729281767955801,32.39991867606063,114.3027397783232,2.453690199781363,506.5807640808452
ST-MTM,71,50,0.37893725647012294,0.048288105614748625,0.044750195798600734,0.2541572652972655,True,True,0.7280701754385965,91.46087325341324,136.933344029828,1.2050667845080056,248.79410306929086
ST-MTM,71,53,0.4754367131389349,0.0017193882232757751,0.04475019579868178,0.0017193882232758048,True,True,0.05714285714285714,21.428558138070247,78.48096371474243,0.5081606922624076,104.91317599307446
ST-MTM,71,51,0.4213929554655656,0.09787731339536782,0.04475019579861091,0.32804856125410803,True,True,0.5223880597014925,91.52998075749389,40.962826101626014,1.4083310614129658,290.75937346652063
ST-MTM,71,39,0.49584756586063855,0.0381093630212176,0.044750195798615694,0.5729159546387957,True,True,0.9107142857142857,88.85290691959351,29.35119901631688,0.7695004768545104,158.8685236466556
ST-MTM,72,43,0.7680358744100231,0.0855123652245017,0.03967848381817264,0.3860093157097799,True,True,0.893491124260355,31.754664123260124,123.9189690524629,2.2810884081850133,452.6254164272641
ST-MTM,72,54,0.32993900913148194,,,,False,True,,60.853350483671015,21.26066938789318,0.06042618299827751,11.990077256351366
ST-MTM,72,50,0.45015332179589884,0.8290905782660218,0.0396784838181822,0.5749333129687563,True,True,0.7738095238095238,89.9707033507486,35.95230473524073,0.9970320194716038,197.83627472979754
ST-MTM,72,53,0.7074837720155681,0.23204705887663332,0.03967848381818362,0.23376644709990907,True,True,0.4794520547945205,23.5747930531661,108.47284569503428,1.1027778397185841,218.81890992841244
ST-MTM,72,51,0.2728621869955271,0.14853076847003852,0.039678483818186616,0.1795177927840695,True,True,0.6095238095238096,94.89255311010363,62.14909067064038,1.0876712939690236,215.8213906143246
ST-MTM,72,39,0.16651452610720732,0.3293330397534312,0.03967848381816064,0.24358291488536446,True,True,0.9107142857142857,89.51960562032316,69.53786248745828,0.81575347047675,161.86604296074344
ST-MTM,73,43,0.8430309547195628,0.0749950803095397,0.03390155167569169,0.46100439601931964,True,True,0.8974358974358975,31.42158656064525,132.5853011269928,2.265981862435467,434.640300542737
ST-MTM,73,50,0.5617311772489718,0.11157785545307304,0.03390155167567371,0.6865111684218292,True,True,0.7121212121212122,89.4859826698239,22.07824139994727,0.7344906726514893,140.88340776212854
ST-MTM,73,55,0.1979819823894691,,,,False,False,,71.94690677139417,48.18906888465788,0.06250984448098507,11.990077256351366
ST-MTM,73,53,0.7133240284065783,0.00584025639101009,0.033901551675680375,0.23960670349091917,True,True,0.6239316239316239,25.793044714384195,111.39192812317359,1.8284129510686,350.70975974827746
ST-MTM,73,51,0.29014129655994975,0.01727910956442263,0.033901551675665664,0.19679690234849215,True,True,0.5138888888888888,97.40904012201034,62.59208453481637,0.5782160614490408,110.90821462125014
ST-MTM,73,39,0.1527613776624527,0.013753148444754615,0.03390155167571282,0.22982976644060985,True,True,0.9298245614035088,89.71488291354419,71.38351759404986,0.8751378227337057,167.86108158891912
ST-MTM,74,43,0.9017606424150973,0.05872968769553456,0.1570283796548546,0.5197340837148542,True,True,0.5724137931034483,29.238257263329274,137.44953435314096,1.5176201291930624,248.79410306929086
ST-MTM,74,50,0.6400390331403061,0.07830785589133413,0.15702837965487587,0.7648190243131635,True,True,0.6617647058823529,91.8066998459196,15.002015869082873,1.2067822714065457,197.83627472979754
ST-MTM,74,56,0.2759898933474603,,,,False,False,,72.45891706159678,39.34012985990154,0.18284579869796858,29.975193140878417
ST-MTM,74,57,0.3250161339365791,,,,False,False,,84.74716402645934,45.745227954069854,0.18284579869796858,29.975193140878417
ST-MTM,74,53,0.706551446760073,0.006772581646505286,0.1570283796548776,0.23283412184441385,True,True,0.7307692307692307,28.320060475481352,113.10623408669011,2.797540720078814,458.6204550554398
ST-MTM,74,51,0.30445520579979424,0.014313909239844531,0.15702837965489758,0.21111081158833667,True,True,0.35135135135135137,99.51669162845764,62.982066932482326,0.23769953830735346,38.96775108314194
ST-MTM,74,58,0.057243699803410424,,,,False,True,,83.89381354278835,77.0245695663791,0.09142289934897008,14.987596570439209
ST-MTM,74,39,0.20291248690706223,0.05015110924460953,0.1570283796548293,0.2799808756852194,True,True,0.125,95.84072031418252,71.49122188533505,0.12799205908856948,20.98263519861489
ST-MTM,75,43,0.7983584838584225,0.10340215855667495,0.4514610147163743,0.4163319251581793,True,True,0.9642857142857143,29.30019601427455,125.10321407728524,0.9546228176425302,245.79658375520302
ST-MTM,75,50,0.58112240081756,0.05891663232274609,0.4514610147163909,0.7059023919904174,True,True,0.5303030303030303,90.91566895128125,21.180980853174056,0.40746095874985855,104.91317599307446
ST-MTM,75,56,0.24762494678610725,0.0283649465613531,0.45146101471641964,0.0283649465613531,True,False,0.13793103448275862,74.32144724769613,44.60645363336326,0.26776005860705254,68.94294422402035
ST-MTM,75,57,0.3024660214294315,0.022550112507147564,0.45146101471644373,0.022550112507147564,True,False,0.05,84.669586709762,48.37366413823022,0.12805915846423943,32.972712454966256
ST-MTM,75,53,0.5839739413672185,0.12257750539285454,0.45146101471637995,0.11025661645155935,True,True,0.7614213197969543,31.953800598523813,102.03067356259002,2.2584978856421003,581.5187469330413
ST-MTM,75,51,0.07901179643255177,0.2254434093672425,0.45146101471640243,0.014332597778905824,True,True,0.065,81.81163836263107,72.33022279072486,2.3283483357134855,599.5038628175683
ST-MTM,76,43,0.8003752794377187,0.0020167955792963414,0.052742920154825054,0.4183487207374756,True,True,0.8902439024390244,29.209244191925386,125.25427772445164,0.89587368023561,218.81890992841244
ST-MTM,76,50,0.5732015877082184,0.007920813109341533,0.05274292015482367,0.6979815788810757,True,True,1.0,90.91566895128122,22.13147842629501,0.42952847682528983,104.91317599307446
ST-MTM,76,56,0.27850608564807117,0.030881138861963937,0.052742920154821404,0.002516192300610835,True,False,0.23076923076923078,75.90145779328422,42.48072751551568,0.5031619299953434,122.89829187760151
ST-MTM,76,57,0.3352929974682137,0.0328269760387822,0.05274292015485066,0.01027686353163464,True,False,0.16666666666666666,88.51194557206678,48.27678587588113,0.2086281173151434,50.957828339493304
ST-MTM,76,53,0.5396643000432931,0.04430964132392526,0.05274292015480418,0.06594697512763403,True,True,0.801762114537445,35.48701122254804,100.24672722774322,2.638532071926761,644.4666525288859
ST-MTM,76,51,0.03816739930193928,0.040844397130612484,0.052742920154815964,0.05517699490951831,True,True,0.68,79.8153002017137,75.23521228548098,1.6690249385211189,407.66262671594643
ST-MTM,77,43,0.004636272418871338,0.7957390070188475,0.16377539320148093,0.37739028628137183,True,True,0.6517857142857143,32.23563247770384,32.7919851679684,1.1668504303115839,335.72216317783824
ST-MTM,77,56,0.17772872900863465,0.10077735663943652,0.16377539320148027,0.09826116433882567,True,False,0.304,76.52142493795846,55.1939774569223,1.2710335044465495,365.6973563187167
ST-MTM,77,57,0.1724950508192785,0.16279794664893524,0.16377539320147683,0.15252108311730062,True,True,0.11475409836065574,95.23835526688538,74.53894916857196,0.5313336780883162,152.87348501847993
ST-MTM,77,53,0.6985550282278009,0.15889072818450772,0.16377539320146156,0.2248377033121418,True,True,0.8185483870967742,39.02059531246097,122.84719869979708,2.458720549585138,707.4145581247307
ST-MTM,77,51,0.21949503648320778,0.2576624357851471,0.16377539320145607,0.31283943069466535,True,True,0.6470588235294118,79.782215757828,106.12162013581293,0.9168110523876862,263.78169963973005
ST-MTM,78,43,0.17451717576412168,0.179153448182993,0.5538851132264409,0.5565437344643648,True,True,0.7699115044247787,33.25522006858349,12.31315897688889,1.5952512311545561,263.78169963973005
ST-MTM,78,59,0.49226020651127456,,,,False,True,,98.03505012933655,38.96382534798361,0.1268949842963849,20.98263519861489
ST-MTM,78,60,0.42559684012804494,,,,False,False,,94.13401934684052,43.062398531475125,0.036255709798965086,5.995038628175683
ST-MTM,78,61,0.3903199197298393,,,,False,False,,92.42731837949847,45.58892801191776,0.018127854899489648,2.9975193140878416
ST-MTM,78,62,0.3604880064805632,,,,False,False,,90.72061741215646,47.462056634488874,0.018127854899489648,2.9975193140878416
ST-MTM,78,56,0.18380529094382514,0.0060765619351904835,0.5538851132264413,0.0921846024036352,True,True,0.5408805031446541,77.30289517297159,55.24626025971257,2.2297261526364878,368.6948756328045
ST-MTM,78,57,0.1951189177181816,0.022623866898903108,0.5538851132264405,0.1298972162183975,True,True,0.4805194805194805,97.30360685761849,73.8893367314367,1.1420548586674784,188.84371678753402
ST-MTM,78,53,0.9418440359072668,0.24328900767946599,0.5538851132264616,0.4681267109916078,True,True,0.21610169491525424,25.899445378009347,138.92072968688137,0.9245205998736878,152.87348501847993
ST-MTM,78,63,0.6924281077887212,,,,False,False,,43.78634081025076,126.8777137448973,0.07251141959793017,11.990077256351366
ST-MTM,78,64,0.32603538076916744,,,,False,True,,76.21365918974924,115.33790488204933,0.07251141959793017,11.990077256351366
ST-MTM,78,51,0.2055865024784307,0.013908534004777096,0.553885113226499,0.29893089668988826,True,True,0.06818181818181818,86.45386499380139,111.12424529121307,0.10876712939690947,17.985115884527048
ST-MTM,79,43,0.06256744075980324,0.11194973500431843,0.32001095956714193,0.4445939994600464,True,True,0.8073394495412844,34.368169875789945,26.860076984613556,1.4348084323968848,326.72960523557475
ST-MTM,79,56,0.25267419445284184,0.06886890350901667,0.3200109595671409,0.023315698894618524,True,True,0.4641509433962264,82.56065467395888,52.23975133961786,3.488295730139228,794.342618233278
ST-MTM,79,57,0.21539602381674725,0.02027710609856565,0.32001095956714826,0.10962011011983185,True,True,0.6533333333333333,98.30284629985623,72.45532344184656,0.8029661869377094,182.84867815935834
ST-MTM,79,53,0.9092631621909582,0.032580873716308766,0.32001095956714987,0.43554583727529905,True,True,0.6964285714285714,27.844202228942308,136.95578169185728,0.5791887250042578,131.89084981986502
ST-MTM,79,63,0.6563220421737975,0.0361060656149237,0.3200109595666728,0.0361060656149237,True,False,0.5,45.49304177759279,124.25168683844849,0.026326760227476598,5.995038628175683
ST-MTM,79,51,0.15251340764311447,0.053073094835316206,0.3200109595678833,0.24585780185457207,True,True,0.16666666666666666,87.3072154774724,105.60882439464613,0.013163380113724088,2.9975193140878416
ST-MTM,80,43,0.07834934503007292,0.01578190427026967,0.094932892495566,0.4603759037303161,True,True,0.7786259541984732,36.45027939417576,27.04835799056701,1.4844318917690345,371.69239494689236
ST-MTM,80,56,0.2565391137582404,0.0038649193053985915,0.09493289249556962,0.01945077958921993,True,True,0.8922558922558923,83.14102624742874,52.35633259643989,3.5554538052855094,890.263236284089
ST-MTM,80,57,0.20813513218757282,0.0072608916291744185,0.09493289249556924,0.11688100174900627,True,True,0.4918032786885246,99.53857241009031,74.56235654758157,0.3591367480086376,89.92557942263525
ST-MTM,80,53,0.8244841072961901,0.084779054894768,0.09493289249560345,0.3507667823805311,True,False,0.4603174603174603,35.46617359445839,134.4042664700012,0.5746187968138088,143.88092707621638
ST-MTM,80,65,0.47587496756153125,,,,False,False,,60.28445016122367,117.38944626860741,0.2154820488051712,53.95534765358115
ST-MTM,80,51,0.12085573562668385,0.03165767201643064,0.0949328924949393,0.21420012983814143,True,True,0.07692307692307693,91.24575617133861,105.74844444654067,0.15562592413706966,38.96775108314194
ST-MTM,81,43,0.041844007866508194,0.03650533716356472,0.2462702813942283,0.42387056656675137,True,True,0.6358974358974359,37.226482476800236,32.20520153281925,1.8248172520497867,584.5162662471291
ST-MTM,81,56,0.2325682595196082,0.023970854238632218,0.24627028139422574,0.04342163382785215,True,True,0.783641160949868,82.48882488365723,54.58063374130425,3.546696095009594,1136.059820039292
ST-MTM,81,53,0.7993250052578561,0.02515910203833401,0.2462702813942271,0.32560768034219706,True,False,0.6206896551724138,37.96129620432255,133.88029683526528,0.430469710739942,137.8858884480407
ST-MTM,81,66,0.20477091404712625,,,,False,False,,81.16309199504111,105.73560168069626,0.14037055784999097,44.962789711317626
ST-MTM,81,65,0.42740240393189616,0.04847256362963505,0.2462702813941815,0.04847256362963505,True,False,0.36363636363636365,64.59183831689639,115.88012678872393,0.393037561979952,125.89581119168935
ST-MTM,81,51,0.05222141261371232,0.06863432301297152,0.24627028139433627,0.1455658068251699,True,True,0.07692307692307693,94.13401934684052,100.400588860486,0.009358037189997503,2.9975193140878416
ST-MTM,82,43,0.027312459807580146,0.014531548058928045,0.07660712147219505,0.4093390185078233,True,True,0.6954545454545454,41.398877097508276,38.12138192059866,1.7983524844551368,533.5584379076358
ST-MTM,82,56,0.20298136270397157,0.029586896815636622,0.07660712147219723,0.07300853064348876,True,True,0.916010498687664,82.79977446115889,58.4420109366823,3.5461894496840216,1052.1292792448323
ST-MTM,82,53,0.7436006299233692,0.05572437533448689,0.07660712147225536,0.2698833050077101,True,False,0.6153846153846154,40.46276524226894,129.69484083307324,0.38391794611965224,113.90573393533798
ST-MTM,82,65,0.38696020905939954,0.04044219487249663,0.07660712147216875,0.08891475850213168,True,False,0.47619047619047616,66.82680386936809,113.26202895649604,0.20206207690506517,59.950386281756835
ST-MTM,82,66,0.1273989586919858,0.07737195535514042,0.07660712147214532,0.07737195535514042,True,False,0.3023255813953488,87.47372288892042,102.76159793195872,0.4142272576553978,122.89829187760151
ST-MTM,83,43,0.02839569146950538,0.055708151277085526,0.06241762956843851,0.3536308672307378,True,True,0.8351648351648352,42.561017038825696,45.96850001516634,1.6775947076471311,467.61301299770327
ST-MTM,83,56,0.2086268208957159,0.005645458191744327,0.06241762956843189,0.06736307245174444,True,True,0.8176638176638177,83.35861114884833,58.32339264136242,3.0863441095815745,860.2880431432105
ST-MTM,83,67,1.0160023033612082,,,,False,True,,21.649425322079207,143.5697017254242,0.18281480788459703,50.957828339493304
ST-MTM,83,53,0.7502016329010849,0.00660100297771565,0.0624176295683959,0.2764843079854258,True,False,0.6739130434782609,39.69463464495642,129.7188305930866,0.4193986769117828,116.90325324942582
ST-MTM,83,65,0.34754396255515624,0.03941624650424333,0.062417629567860455,0.128331005006375,True,False,0.05,68.53350483671014,110.23878034332888,0.010753812228500692,2.9975193140878416
ST-MTM,83,66,0.059982995967390214,0.0674159627245956,0.062417629568442656,0.14478791807973604,True,True,0.45555555555555555,90.8343974766459,98.03235699273273,0.9678431005656591,269.7767382679057
ST-MTM,84,56,0.21788814469661405,0.009261323800898147,0.27660398727862806,0.058101748650846295,True,True,0.8784722222222222,84.76732191190038,58.620744548306696,2.0714219801594993,761.3699057783117
ST-MTM,84,43,0.021337841360028403,0.04973353282953378,0.27660398727862945,0.4033644000602716,True,True,0.7245508982035929,43.631186176856,41.07064521365259,1.0764870133112368,395.6725494595951
ST-MTM,84,53,0.7818965954251127,0.03169496252402772,0.276603987278629,0.3081792705094536,True,True,0.3305084745762712,33.90772419419479,127.7353156452083,0.9623141482630757,353.70727906236533
ST-MTM,84,66,0.19552707480979165,0.13554407884240144,0.27660398727863555,0.009243839237334583,True,True,0.3284671532846715,81.15312585800552,104.61637483518052,2.2345260730854477,821.3202920600686
ST-MTM,85,56,0.3805937667766229,0.16270562208000883,0.12293768624505202,0.10460387342916254,True,True,0.7913385826771654,85.84675494820456,40.17550293500982,1.8536258607248186,602.5013821316561
ST-MTM,85,43,0.12347822518467405,0.14481606654470244,0.1229376862450482,0.2585483335155691,True,True,0.5151515151515151,43.91183352843768,58.72922055059857,0.6270973061158571,203.83131335797322
ST-MTM,85,53,0.5628372333649249,0.21905936206018772,0.12293768624505264,0.08911990844926573,True,True,0.5860215053763441,38.2757215851888,105.81618958897978,1.632297399742754,530.560918593548
ST-MTM,85,66,0.35849424659563656,0.16296717178584488,0.12293768624504722,0.1537233325485103,True,True,0.8041958041958042,84.30285757628356,127.32216716775994,2.231728648235844,725.3996740092576
ST-MTM,86,56,0.3899519273423087,0.009358160565685836,0.18990840380701002,0.11396203399484837,True,True,0.642512077294686,90.20492359468616,43.41069231360912,1.5499475234795739,416.65518465821
ST-MTM,86,53,0.7041697381307876,0.14133250476586282,0.18990840380700816,0.2304524132151286,True,False,0.7017543859649122,42.593267859146735,127.09363643484126,2.3527980392387775,632.4765752725345
ST-MTM,86,66,0.14087569486825005,0.21761855172738648,0.18990840380701204,0.06389521917887618,True,True,0.8221343873517787,85.90444755910916,102.80953094329917,2.442003652100908,656.4567297852373
ST-MTM,87,56,0.3873062520885859,0.0026456752537228566,0.08621284624369555,0.11131635874112551,True,True,0.9041095890410958,90.96618589666609,44.48943564603579,1.6895021855553267,416.65518465821
ST-MTM,87,53,0.6927172775402172,0.011452460590570427,0.08621284624369835,0.21899995262455813,True,False,0.7606177606177607,46.65986794914297,129.78594125396904,2.9778995356910514,734.3922319515211
ST-MTM,87,66,0.06704818847232244,0.07382750639592763,0.08621284624369435,0.1377227255748038,True,True,0.6301369863013698,90.99270017506603,99.03848279174473,1.6773474935729098,413.6576653441221
ST-MTM,88,56,0.38893927611977946,0.0016330240311936233,0.011560822401075511,0.11294938277231914,True,True,0.8441558441558441,92.00358572553769,45.33087259116415,1.7829237134666585,434.640300542737
ST-MTM,88,53,0.6533663015102694,0.03935097602994784,0.011560822401073131,0.17964897659461035,True,False,0.7902097902097902,50.2775574107595,128.68151359199183,3.2830388379006763,800.3376568614538
ST-MTM,88,66,0.06521640941760627,0.001831779054716165,0.011560822401070814,0.13955450462951996,True,True,0.7285714285714285,91.47550437848082,99.30147350859357,1.278786663451939,311.74200866513553
ST-MTM,89,68,0.10072017949674479,,,,False,True,,20.745877751133428,8.659456211524052,0.04084602498810597,8.992557942263524
ST-MTM,89,56,0.34210010033003635,0.04683917578974312,0.10192113135591409,0.06611020698257603,True,True,0.8766233766233766,91.57396789582747,50.5219558562231,1.960609199429129,431.6427812286492
ST-MTM,89,53,0.3526500748883735,0.3007162266218959,0.10192113135591493,0.12106725002728555,True,False,0.780327868852459,54.47177295360949,96.78978194021431,3.757834298905834,827.3153306882442
ST-MTM,89,69,0.34552354976716776,,,,False,True,,75.36030870607821,116.82313467813835,0.04084602498809886,8.992557942263524
ST-MTM,89,66,0.2602340807143231,0.19501767129671682,0.1019211313559345,0.055463166667196855,True,True,0.38461538461538464,94.77403220959378,126.00212189531256,0.5446136665080985,119.90077256351367
ST-MTM,90,68,0.11132731050970347,0.010607131012958678,0.0757600842930175,0.010607131012958678,True,True,0.3,21.769898331538645,8.410621070374228,0.14686920042894336,29.975193140878417
ST-MTM,90,70,0.1403679836249428,,,,False,True,,63.413401934684046,46.56924389969091,0.029373838955201848,5.995038628175683
ST-MTM,90,56,0.3882162581546095,0.0461161578245731,0.07575982283584816,0.11222636480714912,True,True,0.8766233766233766,92.15660029502352,45.57064931647039,2.129602849419719,434.640300542737
ST-MTM,90,53,0.32729836618855046,0.025351708699823068,0.0757601868445241,0.1464189587271086,True,False,0.7840531561461794,58.522166978470096,97.79797092109615,3.833286524304796,782.3525409769267
ST-MTM,90,71,0.3762129818114045,,,,False,True,,71.94690677139417,117.09246458876271,0.014686915731459749,2.9975193140878416
ST-MTM,90,66,0.28956006762554315,0.029325986911220053,0.07575969368634317,0.0847891535784169,True,True,0.325,95.4468662447959,130.19407435986108,0.19092988597913063,38.96775108314194
ST-MTM,91,68,0.22546437356946034,0.11413706305975686,0.1335313542130634,0.12474419407271554,True,True,0.6666666666666666,22.225018589496514,-4.830706238838726,0.2517757624928283,44.962789711317626
ST-MTM,91,56,0.2432502203520843,0.6314664785066937,0.13353161567020422,0.5192401136995446,True,True,0.7241379310344828,93.64639049902848,122.8364169412786,1.7624303374497856,314.73952797922334
ST-MTM,91,53,0.031239766758345944,0.2960585994302045,0.13353125166153362,0.44247755815731316,True,False,0.7857142857142857,62.11373843654079,65.8625104475423,4.011627149052394,716.4071160669941
ST-MTM,91,72,0.08196778900998304,,,,False,True,,22.111238525007046,31.94737320620501,0.25177576249283007,44.962789711317626
ST-MTM,91,73,0.018829295400488753,,,,False,True,,75.36030870607823,77.61982415413688,0.01678505083285131,2.9975193140878416
ST-MTM,91,66,0.009575231050100542,0.2991352986756437,0.1335317448194704,0.21434614509722677,True,True,0.23076923076923078,99.25412224886657,98.1050945228545,0.050355152498553934,8.992557942263524
ST-MTM,92,68,0.21708596830419805,0.008378405265262283,0.0627764061441709,0.11636578880745324,True,True,0.5555555555555556,22.579001012352638,-3.4713151841511283,0.4825583909862541,80.93302148037172
ST-MTM,92,56,0.21649404621404605,0.026756174138038227,0.06277640614417146,0.49248393956150643,True,True,0.780952380952381,94.80004899263253,120.77933453831805,1.4655477059582438,245.79658375520302
ST-MTM,92,53,0.002162381217339515,0.033402147975685456,0.0627764061441703,0.47587970613299857,True,False,0.744,65.7871890669263,65.52770332084556,3.5208890008997002,590.5113048753047
ST-MTM,92,72,0.07992340360618251,0.0020443854038005266,0.06277640614417135,0.0020443854038005266,True,True,0.3125,23.981498335052677,33.57230676779458,0.8578815839755691,143.88092707621638
ST-MTM,92,73,0.01389233634532303,0.00493695905516572,0.06277640614437806,0.00493695905516572,True,True,1.0,75.36030870607823,77.02738906751699,0.01787253299949043,2.9975193140878416
ST-MTM,93,68,0.183473538873304,0.033612429430894035,0.5297994072517701,0.08275335937655921,True,True,0.675,22.36724367010835,0.35041900531186876,0.4208788865551751,119.90077256351367
ST-MTM,93,56,0.14097926093316804,0.07551478528087803,0.5297994072517421,0.41696915428062836,True,True,0.6707317073170732,96.24412236100882,113.16163367298898,0.5787084690133781,164.86356227483128
ST-MTM,93,53,0.020253154153198595,0.01809077293585908,0.5297994072517715,0.49397047906885766,True,True,0.4900497512437811,70.24869685364094,67.8183183552571,4.229832809879497,1205.0027642633122
ST-MTM,93,72,0.06844515583099765,0.011478247775184868,0.5297994072517792,0.013522633178985395,True,True,0.4528301886792453,26.864239709529357,35.077658409249075,1.115329049371212,317.7370472933112
ST-MTM,94,68,0.13744213174743633,0.04603140712586768,0.06863756858749326,0.036721952250691546,True,True,0.525,20.258248903321423,3.765193093629062,0.23666027266643752,62.947905595844674
ST-MTM,94,56,0.142041294737941,0.0010620338047729661,0.0686375685874602,0.41803118808540135,True,True,0.9122807017543859,96.69407079785353,113.73902616640645,0.6085549868565465,161.86604296074344
ST-MTM,94,74,0.09496017243248692,,,,False,False,,67.2534791112036,78.64869980310203,0.045078147174564265,11.990077256351366
ST-MTM,94,72,0.04339749243316158,0.02504766339783607,0.06863756858749348,0.03857029657682146,True,True,0.7464788732394366,29.627934193850006,34.835633285829395,1.6002742246968609,425.6477426004735
ST-MTM,94,53,0.07854781939861878,0.05829466524542018,0.0686375685874964,0.5522651443142779,True,True,0.8146341463414634,73.4939164201545,64.06817809232025,3.8541815834248396,1025.1516054180418
ST-MTM,95,68,0.1746967673930294,0.03725463564559303,0.41170120849587505,0.07397658789628458,True,True,0.47619047619047616,19.551187073994008,-1.4124250131695169,0.17010051514260738,29.975193140878417
ST-MTM,95,56,0.14774662820728726,0.005705333469346267,0.41170120849588465,0.4237365215547476,True,True,0.7222222222222222,97.06604408560756,114.79563947048203,0.6633920090561674,116.90325324942582
ST-MTM,95,74,0.08578670814201424,0.009173464290472685,0.4117012084957632,0.009173464290472685,True,False,0.10810810810810811,68.94864831525277,79.24305329229448,0.629371906027643,110.90821462125014
ST-MTM,95,72,0.011738521284689737,0.03165897114847184,0.4117012084959599,0.07022926772529331,True,False,0.007042253521126761,34.399485489869626,35.808108044032394,0.01701005151426216,2.9975193140878416
ST-MTM,95,75,0.026928627243900275,,,,False,False,,32.6927845225276,35.924219791795636,0.01701005151426216,2.9975193140878416
ST-MTM,95,53,0.0873382129146125,0.008790393515993719,0.4117012084958765,0.5610555378302716,True,True,0.7762039660056658,77.10294022010113,66.62235467034763,4.847864681564317,854.2930045150348
ST-MTM,96,56,0.21764313209090827,0.06989650388362101,0.1439260972095321,0.4936330254383686,True,True,0.41025641025641024,97.01407722923015,123.13125308013915,0.3142909830252023,47.960309025405465
ST-MTM,96,74,0.11245793142797791,0.02667122328596368,0.14392609621690422,0.017497758995490997,True,False,0.5967741935483871,70.26773323900932,83.76268501036667,1.217877558013754,185.84619747344618
ST-MTM,96,72,0.06853341625826219,0.08027193754295192,0.14392609519473387,0.15050120526824523,True,False,0.09090909090909091,35.485567923632736,27.261557972641274,0.21607505039449748,32.972712454966256
ST-MTM,96,76,0.009620617762760523,,,,False,False,,28.42603210417254,27.271557972641276,0.11785911853906583,17.985115884527048
ST-MTM,96,53,0.16636066889053744,0.07902245597592496,0.14392609648109805,0.6400779938061966,True,True,0.7272727272727273,82.2769389421485,62.31365867528401,4.4786465048467505,683.4344036120278
ST-MTM,97,77,0.6024209779515384,,,,False,True,,41.53659862602718,113.82711598021179,0.24749021759933498,32.972712454966256
ST-MTM,97,74,0.10462708666410521,0.00783084476387271,0.1357452524887997,0.009666914231618287,True,False,0.6451612903225806,71.00822123935606,83.56347163904869,0.8999644276339325,119.90077256351367
ST-MTM,97,78,0.0043511276083905885,,,,False,False,,41.226289359237725,40.704154046230855,0.02249911069084476,2.9975193140878416
ST-MTM,97,79,0.007399059935559116,,,,False,False,,39.519588391895695,38.6317011996286,0.02249911069084476,2.9975193140878416
ST-MTM,97,76,0.012363152679162149,0.002742534916401625,0.13574525230549006,0.002742534916401625,True,False,0.2777777777777778,27.07071074775387,25.587132426254414,0.38248488174442485,50.957828339493304
ST-MTM,97,53,0.1627287995694143,0.0036318693211231452,0.13574525222460496,0.6364461244850734,True,True,0.8565400843881856,83.72475354130637,64.19729759297665,4.769811466459878,635.4740945866224
ST-MTM,98,77,0.6245888349162089,0.022167856964670444,0.12953405219182296,0.022167856964670562,True,True,0.125,47.56546438079382,122.51612457073888,0.1383590171456035,20.98263519861489
ST-MTM,98,80,0.18284158814348833,,,,False,True,,91.57396789582747,113.51495847304606,0.039531147755894835,5.995038628175683
ST-MTM,98,74,0.08829549345346012,0.016331593210645087,0.12953405219186465,0.006664678979026798,True,False,0.275,73.03298920515728,83.62844841957249,0.21742131265736475,32.972712454966256
ST-MTM,98,79,0.03806945336239901,0.030670393426839897,0.1295340521917412,0.030670393426839897,True,False,0.0125,45.70637939851054,41.13804499502266,1.5812459102353245,239.80154512702734
ST-MTM,98,76,0.027961043443545434,0.015597890764383286,0.12953405219190783,0.01834042568078491,True,True,0.5,25.561212623276997,22.205887410051545,0.5534360685823643,83.93054079445956
ST-MTM,98,53,0.23539725224118294,0.07266845267176864,0.129534052191905,0.7091145771568421,True,True,0.9014084507042254,84.56588231749298,56.318212048551025,3.814755758442729,578.5212276189534
ST-MTM,99,77,0.6112507452930824,0.013338089623126414,8.237854842718662e-14,0.008829767341544089,True,True,0.3333333333333333,44.639691293921786,117.98978072909168,0.09882786938970867,14.987596570439209
ST-MTM,99,74,0.08792911200414212,0.00036638144931799843,9.792167077193881e-14,0.007031060428344797,True,False,0.15384615384615385,74.5069582224072,85.05845166290426,0.07906229551176125,11.990077256351366
ST-MTM,99,79,0.06821110918411186,0.03014165582171285,3.941291737419306e-15,0.06081204924855275,True,False,0.5564516129032258,51.40608096975564,43.22074786766222,2.2335098482074045,338.7196824919261
ST-MTM,99,76,0.04371192485876462,0.015750881415219187,3.3306690738754696e-16,0.034091307096004095,True,True,0.675,27.39763536744081,22.152204384389055,0.7708573812397219,116.90325324942582
ST-MTM,99,53,0.2338803781299876,0.001516874111195321,2.1371793224034263e-15,0.7075977030456466,True,True,0.8290155440414507,85.45117817548791,57.3855327998894,3.162491820470663,479.6030902540547
ST-MTM,100,77,0.19183228239336064,0.803083027686443,0.012539349252702281,0.794253260344899,True,True,0.6666666666666666,42.93299032657975,19.91311643937647,0.10007490875108971,14.987596570439209
ST-MTM,100,81,0.05059034294974252,,,,False,True,,20.380156115274424,26.450997269243526,0.28020974450306113,41.96527039722978
ST-MTM,100,82,0.21607495627377632,,,,False,False,,77.06700967342024,102.9960044262734,0.020014981750222205,2.9975193140878416
ST-MTM,100,79,0.12357091574755745,0.19178202493166932,0.012539349252734255,0.13096997568311655,True,False,0.6753246753246753,55.77444381189112,70.60295370159801,2.9021723537816797,434.640300542737
ST-MTM,100,76,0.20455119544782427,0.24826312030658892,0.012539349252733284,0.21417181321058482,True,False,0.5681818181818182,29.79139287804616,54.337536331785074,0.6004494525065525,89.92557942263525
ST-MTM,100,53,0.07704119430890799,0.3109215724388956,0.012539349252733645,0.3966761306067511,True,True,0.7625,86.64971592447995,95.89465924154891,2.4418277735266543,365.6973563187167
ST-MTM,101,81,0.052875698564674424,0.10346604151441693,0.16802425209313587,0.10346604151441693,True,True,0.2857142857142857,22.208764294569452,15.863680466808521,0.8290472307363856,146.87844639030425
ST-MTM,101,79,0.11060377905780795,0.0129671366897495,0.16802425209312907,0.11800283899336707,True,False,0.6308411214953271,59.96653527515015,73.2389887620871,3.451543572861681,611.4939400739197
ST-MTM,101,76,0.17045978426368288,0.034091411184141406,0.1680242520931243,0.1800804020264434,True,False,0.7368421052631579,31.697208958244758,52.1523830698867,0.6090959246226504,107.9106953071623
ST-MTM,101,53,0.14958258103826078,0.07254138672935279,0.16802425209312039,0.3241347438773983,True,True,0.7049180327868853,88.0811845208019,106.03109424539319,1.455062486598564,257.7866610115544
ST-MTM,102,81,0.07275155734683812,0.019875858782163705,0.18454131353227127,0.12334190029658064,True,True,0.703125,21.51389318643734,12.783706304816764,0.8440908046322733,179.8511588452705
ST-MTM,102,79,0.0984354635658871,0.012168315491920842,0.18454131353226794,0.10583452350144622,True,False,0.6379310344827587,64.7233421605407,76.53559778844715,3.8124768009224397,812.3277341178051
ST-MTM,102,76,0.16489199921558528,0.0055677850480975915,0.18454131353226222,0.1745126169783458,True,True,0.6428571428571429,30.77274593426782,50.559785840138055,0.7878180843234617,167.86108158891912
ST-MTM,102,53,0.15283171467274775,0.0032491336344869855,0.18454131353226938,0.3208856102429113,True,True,0.7441860465116279,89.06725085004385,107.40705661077358,0.9003635249410991,191.84123610162186
ST-MTM,103,81,0.059259508197497056,0.013492049149341072,0.004424785980351564,0.10984985114723958,True,True,0.4603174603174603,20.745877751133435,13.634736767433788,0.44819420502034646,95.92061805081093
ST-MTM,103,79,0.07958345057729042,0.018852012988596675,0.004424785980352702,0.08698251051284954,True,False,0.7232142857142857,68.70528318082567,78.25529725010053,4.313869223320836,923.2359487390552
ST-MTM,103,76,0.14056073063941596,0.024331268576169317,0.004424785980357199,0.15018134840217648,True,True,0.8,30.64474336171717,47.512031038447084,0.9804248234820108,209.82635198614892
ST-MTM,103,53,0.12880635923913056,0.0240253554336172,0.00442478598034729,0.3449109656765285,True,True,0.671875,92.42731837949849,107.88408148819416,0.6022609629960982,128.8933305057772
ST-MTM,104,81,0.05559628288594019,0.003663225311556865,0.07031649841745975,0.10618662583568271,True,True,0.5909090909090909,21.06027003459118,14.388716088278358,0.49609150239327704,113.90573393533798
ST-MTM,104,79,0.0642177892236757,0.01536566135361473,0.07031649841746328,0.07161684915923482,True,False,0.782016348773842,72.25766446197959,79.96379916882067,4.5170436796861395,1037.1416826743932
ST-MTM,104,76,0.12096586483496745,0.019594865804448514,0.070316498417468,0.13058648259772798,True,True,0.8333333333333334,30.027525477637315,44.54342925783341,0.9530178861765535,218.81890992841244
ST-MTM,104,53,0.10850246479180838,0.0203038944473222,0.07031649841745613,0.3652148601238507,True,True,0.6744186046511628,95.36990625422611,108.39020202924311,0.37859614656329654,86.9280601085474
ST-MTM,105,81,0.0746469558395044,0.019050672953564204,0.27541197985996385,0.12523729878924691,True,True,0.6538461538461539,21.990347206486987,13.03271250574646,0.8253332311960015,143.88092707621638
ST-MTM,105,79,0.06459146563428178,0.00037367641060607565,0.275411979859966,0.0719905255698409,True,True,0.7928176795580111,75.27581855918012,83.02679443529394,5.209916021924755,908.248352168616
ST-MTM,105,76,0.10170127290767565,0.019264591927291796,0.27541197985975785,0.11132189067043617,True,False,0.0136986301369863,29.279382587843553,41.48353533676463,0.01719444231657974,2.9975193140878416
ST-MTM,105,83,0.118556553609815,,,,False,False,,27.572681620501527,41.79946805367933,0.01719444231657974,2.9975193140878416
ST-MTM,105,53,0.0971861566657458,0.011316308126062562,0.27541197985994315,0.3765311682499133,True,True,0.5517241379310345,98.08076533381893,109.74310413370843,0.27511107706533267,47.960309025405465
ST-MTM,106,81,0.07685707560395764,0.0022101197644532446,0.6074917359814528,0.12744741855370015,True,True,0.7358490566037735,22.60773335187018,13.384884279395264,1.388900325632079,131.89084981986502
ST-MTM,106,84,0.04224856554940549,,,,False,False,,58.42458372245351,63.49441158838217,0.4103569143913006,38.96775108314194
ST-MTM,106,76,0.078855573506904,0.022845699400771656,0.6074917359816432,0.08847619126966452,True,False,0.09090909090909091,29.434537221238283,38.89720604206676,0.34722508140801267,32.972712454966256
ST-MTM,106,79,0.035553192446758905,0.029038273187522872,0.6074917359814493,0.04295225238231802,True,False,0.42574257425742573,81.34037721180384,85.60676030541491,4.072003227421305,386.6799915173316
ST-MTM,106,53,0.07741519209602962,0.01977096456971618,0.607491735981416,0.39630213281962945,True,True,0.25,100.10747273253759,109.39729578406114,0.12626366596654748,11.990077256351366
ST-MTM,107,85,0.47694379509329965,,,,False,True,,51.46649516328988,-5.766760247906079,0.02488136946987929,2.9975193140878416
ST-MTM,107,81,0.020878514938018268,0.05597856066593938,0.23795863709935364,0.07146885788776078,True,True,0.851063829787234,22.73041375967066,20.22499196710847,1.0698988872048147,128.8933305057772
ST-MTM,107,84,0.015566986633274264,0.026681578916131224,0.23795863709935872,0.026681578916131224,True,False,0.19696969696969696,56.19871148182913,58.06674987782204,1.6421703850120508,197.83627472979754
ST-MTM,107,79,0.004950382737030879,0.04050357518378978,0.23795863709934573,0.0024486771985282375,True,True,0.7341772151898734,84.78836025670554,84.19431432826184,3.607798573132527,434.640300542737
ST-MTM,108,81,0.06823760232066392,0.04735908738264565,0.1119179162039876,0.11882794527040644,True,True,0.6382978723404256,23.657308813069818,15.468796534590147,0.946146812736206,101.91565667898661
ST-MTM,108,84,0.006272015496940971,0.021839002130215234,0.11191791620398261,0.04852058104634646,True,False,0.5510204081632653,59.74201031889016,58.98936845925724,2.393194879273935,257.7866610115544
ST-MTM,108,79,0.011931675874431846,0.016882058611462726,0.11191791620398309,0.01933073580999096,True,True,0.7448275862068966,86.59609007441315,88.02789117934498,3.005407522809122,323.7320859214869
ST-MTM,109,84,0.03791804147005185,0.03164602597311088,0.27029032973990896,0.08016660701945734,True,False,0.5950413223140496,63.860015271932475,59.30985029552625,3.901656126354368,320.7345666073991
ST-MTM,109,79,0.0032456145512638796,0.015177290425695726,0.27029032973990796,0.004153445384295237,True,True,0.6203703703703703,88.09688308922762,87.70740934307595,2.4430930884648774,200.83379404388538
ST-MTM,110,84,0.0377199031792251,0.00019813829082675482,0.07205331764005646,0.07996846872863059,True,False,0.5933333333333334,68.39127975609829,63.864891374591274,4.4786465045783,395.6725494595951
ST-MTM,110,79,0.03689932806863515,0.033653713517371266,0.07205331764006784,0.029500268133076032,True,False,0.373134328358209,87.58028763224715,83.15236826401093,0.8482285046549691,74.93798285219604
ST-MTM,110,86,0.11644217589217588,,,,False,True,,55.278127323687066,41.30506621662596,1.0178742055859828,89.92557942263525
ST-MTM,111,87,0.45565487771003127,,,,False,True,,19.039176783791405,-35.63940854141235,0.026998932829016553,2.9975193140878416
ST-MTM,111,84,0.08221907079430017,0.04449916761507507,0.22847689728957038,0.12446763634370565,True,False,0.6473988439306358,72.57158163525793,62.70529313994191,4.130836722839781,458.6204550554398
ST-MTM,111,79,0.08150315438731882,0.044603826318683676,0.22847689728909026,0.07410409445175971,True,False,0.04,87.3072154774724,77.52683695099414,0.026998932829030764,2.9975193140878416
ST-MTM,111,88,0.03355873106554196,,,,False,True,,22.566358782964922,18.539311055099887,0.4049839924352696,44.962789711317626
ST-MTM,111,86,0.10690661786497196,0.009535558027203924,0.2284768972895792,0.009535558027203924,True,True,0.417910447761194,60.91899282856879,48.090198684772155,1.7549306338861754,194.8387554157097
ST-MTM,112,87,0.4911248174891996,0.0354699397791683,1.1551400860594607,0.0354699397791683,True,True,0.5,19.039176783791405,-39.895801314912546,0.01701005151426216,5.995038628175683
ST-MTM,112,89,0.3943629969451547,,,,False,True,,20.380156115274424,-26.943403518144137,0.119070360599828,41.96527039722978
ST-MTM,112,84,0.1410066368098989,0.058787566015598716,1.1551400860596042,0.18325520235930437,True,True,0.25,78.72351355348762,61.802717136299755,5.205075763363787,1834.481820221759
ST-MTM,112,88,0.014284497089191136,0.019274233976350825,1.1551400860595802,0.019274233976350825,True,True,0.6,23.81793949234907,22.103799841646133,0.21262564392826278,74.93798285219604
ST-MTM,112,86,0.1264875243651616,0.01958090650018966,1.1551400860596073,0.010045348472985735,True,True,0.6808510638297872,64.86318017575951,49.684677251940116,0.7909673954131193,278.7692962101693
ST-MTM,113,87,0.409286652414084,0.0818381650751156,0.8370732769809976,0.0463682252959473,True,True,0.6666666666666666,19.039176783791405,-30.075221505898675,0.05892955927076571,8.992557942263524
ST-MTM,113,89,0.34536724711678557,0.04899574982836909,0.8370732769810573,0.04899574982836909,True,True,0.25,19.039176783791405,-22.404892870222866,0.11785911854153142,17.985115884527048
ST-MTM,113,90,0.04501127132456908,,,,False,True,,99.68079749070208,94.27944493175379,0.31429098277743606,47.960309025405465
ST-MTM,113,91,0.02808556935993079,,,,False,False,,67.95444557993336,64.58417725674167,1.1000184397209978,167.86108158891912
ST-MTM,113,84,0.1564937455983775,0.015487108788478624,0.8370732769811061,0.19874231114778299,True,False,0.21895424836601307,78.41708655803411,59.637837086228814,2.6321869807609346,401.66758808777075
ST-MTM,113,88,0.06083966657602854,0.0465551694868374,0.8370732769810795,0.027280935510486572,True,True,0.16,21.59922823480444,14.298468245681015,0.07857274569435546,11.990077256351366
ST-MTM,113,92,0.081689725562976,,,,False,False,,28.426032104172542,18.62326503661542,0.03928637284717951,5.995038628175683
ST-MTM,113,86,0.18402644490206738,0.057538920536905756,0.8370732769811088,0.06758426900989149,True,True,0.839622641509434,67.37897182939051,45.29579844114242,2.0036050152060767,305.74697003695985
ST-MTM,114,87,0.3619475947787932,0.04733905763529078,0.18849441590103067,0.09370728293123812,True,True,0.5,19.323626945015075,-24.11008442844011,0.0976115263818329,17.985115884527048
ST-MTM,114,89,0.2998721585920871,0.04549508852469846,0.1884944159009872,0.09449083835306755,True,True,0.5714285714285714,19.039176783791405,-16.94548224725905,0.08134293865153097,14.987596570439209
ST-MTM,114,90,0.06633857750614733,0.021327306181578246,0.1884944159010723,0.021327306181578246,True,True,0.45714285714285713,98.57144186192976,90.61081256119208,0.5694005705607026,104.91317599307446
ST-MTM,114,91,0.023701569506145267,0.004383999853785525,0.18849441590104304,0.004383999853785525,True,False,0.6292134831460674,69.07044446688514,66.2262561261477,1.44790430799722,266.7792189538179
ST-MTM,114,84,0.19387011183495448,0.03737636623657696,0.18849441590103866,0.23611867738435996,True,False,0.7105263157894737,81.11703815941446,57.85262473921993,2.0498420540185265,377.68743357506804
ST-MTM,114,93,0.38343732858463475,,,,False,True,,97.64223800193243,51.62975857177626,0.2928345791455058,53.95534765358115
ST-MTM,114,86,0.25862496448487676,0.07459851958280937,0.18849441590103028,0.14218278859270087,True,True,0.8849557522123894,68.71801304939574,37.68301731121053,1.8058132380639478,332.72464386375043
ST-MTM,115,87,0.7110901853210945,1.0730377800998878,0.11607217125277358,1.1667450630311258,True,True,0.46153846153846156,20.745877751133428,106.07669998966477,0.18831447441243654,38.96775108314194
ST-MTM,115,90,0.2372994233798039,0.17096084587365656,0.11607217125266622,0.1922881520552348,True,True,0.17142857142857143,99.82302257131391,71.34709176573745,0.08691437280575087,17.985115884527048
ST-MTM,115,91,0.12847442422396124,0.10477285471781599,0.11607217125275338,0.10038885486403046,True,False,0.6390977443609023,70.3725082046213,54.95557729774595,1.8686590153234874,386.6799915173316
ST-MTM,115,84,0.4530782139888396,0.25920810215388507,0.11607217125275016,0.49532677953824505,True,False,0.5903614457831325,85.27896215396451,30.90957647530377,1.9990305745320995,413.6576653441221
ST-MTM,115,93,0.7068849027399762,0.32344757415534153,0.11607217125276065,0.3234475741553415,True,True,0.28125,97.69583006129344,12.869641732496286,0.3331717624220154,68.94294422402035
ST-MTM,115,86,0.5290826120909781,0.2704576476061013,0.11607217125275644,0.41264043619880214,True,True,0.8461538461538461,67.22371107107553,3.7337976201581644,1.8686590153234812,386.6799915173316
ST-MTM,116,87,0.7369034360700941,0.025813250748999532,0.14035735769496074,1.1925583137801254,True,True,0.8461538461538461,20.590723117738698,109.01913544614999,0.13847666937104464,32.972712454966256
ST-MTM,116,91,0.13663823473404063,0.008163810510079372,0.14035735769492896,0.10855266537410983,True,False,0.7261904761904762,72.04231241553131,55.64572424744644,2.0267948880672577,482.6006095681425
ST-MTM,116,84,0.5418834046985909,0.08880519070975132,0.1403573576949241,0.5841319702479963,True,True,0.5588235294117647,89.49770569539955,24.471697131568643,1.598776091829457,380.68495288915585
ST-MTM,116,86,0.532785180186431,0.003702568095452933,0.1403573576949223,0.4163430042942551,True,True,0.6292682926829268,70.47331618007931,6.539094557707593,2.580701565551486,614.4914593880076
ST-MTM,117,87,0.6384630299678701,0.09844040610222399,0.14217448878049344,1.0941179076779013,True,True,0.4074074074074074,21.50441151439655,98.11997511054096,0.2948506519795444,80.93302148037172
ST-MTM,117,91,0.12538503639521417,0.011253198338826447,0.14217448878054023,0.09729946703528339,True,False,0.7207207207207207,72.26353455266583,57.21733018524013,2.413407188425225,662.451768413413
ST-MTM,117,94,0.2958884319359195,,,,False,True,,23.43393177469712,-12.072680057613223,0.4368157807104467,119.90077256351367
ST-MTM,117,84,0.5388358964043044,0.003047508294286446,0.14217448878053923,0.5810844619537099,True,True,0.5882352941176471,93.13684574794405,28.47653817942752,0.971915112080751,266.7792189538179
ST-MTM,117,86,0.47602890762112954,0.05675627256530145,0.14217448878054173,0.35958673172895367,True,True,0.8097345132743363,68.985278622183,11.861809707647462,2.2277604816232888,611.4939400739197
ST-MTM,118,87,0.6328920258536702,0.005571004114199774,0.03502985132928093,1.0885469035637017,True,True,0.8928571428571429,21.139731820520048,97.08677492296049,0.29405254828040484,77.93550216628388
ST-MTM,118,91,0.09781284494218714,0.027572191453027035,0.035029851329214934,0.06972727558225636,True,True,0.674074074074074,71.76958719037168,60.03204579730922,2.6125437943373413,692.4269615542914
ST-MTM,118,94,0.31821523725761164,0.02232680532169217,0.03502985132922043,0.022326805321692157,True,True,0.30666666666666664,27.690385135490637,-10.495443335422765,0.6559633769331867,173.8561202170948
ST-MTM,118,84,0.5792178221405982,0.040381925736293754,0.03502985132921438,0.6214663876900037,True,True,0.5510204081632653,95.92199178881785,26.41585313194607,0.7125119439101866,188.84371678753402
ST-MTM,118,86,0.484091694004876,0.008062786383746504,0.03502985132921345,0.36764951811270014,True,True,0.8254716981132075,68.65474588903496,10.563742608449834,2.0696775513581542,548.5460344780751
ST-MTM,119,87,0.632531840755567,0.00036018509810332354,0.14763599880604233,1.0881867184655982,True,True,0.8387096774193549,21.681810539675826,97.58563143034387,0.406378565411984,92.92309873672309
ST-MTM,119,91,0.07270219236234793,0.025110652579839212,0.1476359988060635,0.04461662300241714,True,True,0.7298245614035088,70.86556188368894,62.14129880020719,3.4345543270302556,785.3500602910145
ST-MTM,119,94,0.38551612384704353,0.06730088658943183,0.14763599880606315,0.08962769191112402,True,False,0.013888888888888888,41.22628935923772,-5.035645502407504,0.196634789715473,44.962789711317626
ST-MTM,119,84,0.6278925322110165,0.04867471007041836,0.14763599880605938,0.670141097760422,True,True,0.4225352112676056,98.17620584844003,22.82910198311805,0.49814146727919706,113.90573393533798
ST-MTM,119,86,0.47992109071081995,0.004170603294056104,0.1476359988060651,0.363478914818644,True,True,0.7445652173913043,63.67311729927962,6.082586413981228,1.8090400653823515,413.6576653441221
ST-MTM,120,87,0.5782343980976523,0.05429744265791466,0.20573399741866294,1.0338892758076836,True,True,0.78125,20.811520096031195,90.19964786774948,0.41868903448045103,77.93550216628388
ST-MTM,120,91,0.05779836741200946,0.014903824950338478,0.20573399741870113,0.029712798052078663,True,True,0.8197879858657244,69.55887458784056,62.62307049839943,4.0741663739829335,758.372386464224
ST-MTM,120,95,0.3157169912518297,,,,False,True,,20.366610869501866,-17.5194280807177,0.14493081962785226,26.977673826790575
ST-MTM,120,96,0.4087325122875213,,,,False,False,,52.225028926552994,3.1771274520504416,0.14493081962785137,26.977673826790575
ST-MTM,120,84,0.5984251886608364,0.029467343550180155,0.20573399741869688,0.6406737542102419,True,True,0.35294117647058826,98.20807972049565,26.397057081195282,0.49920615649593003,92.92309873672309
ST-MTM,120,86,0.4613757613135814,0.01854532939723855,0.2057339974186999,0.3449335854214055,True,True,0.4782608695652174,64.78393452967083,9.418843172041067,1.062826010604244,197.83627472979754
ST-MTM,121,87,0.5847519311146939,0.006517533017041543,0.06628192438443134,1.0404068088247251,True,True,0.8666666666666667,20.745877751133428,90.9161094848967,0.45211989654293916,89.92557942263525
ST-MTM,121,91,0.043260538549765686,0.014537828862243767,0.06628192438444788,0.015174969189834898,True,True,0.8235294117647058,69.32810004117758,64.1368354152057,4.596552281519898,914.2433907967917
ST-MTM,121,95,0.12156126431934337,0.43727825557117306,0.06628192438445302,0.4372782555711731,True,True,0.32142857142857145,22.08685708261645,36.674208800937656,0.4219785701067451,83.93054079445956
ST-MTM,121,97,0.4002555976877279,,,,False,False,,59.43109967755267,11.400427955025327,0.18084795861717495,35.970231769054095
ST-MTM,121,86,0.5456119159550338,0.08423615464145238,0.06628192438444924,0.4291697400628579,True,True,0.42424242424242425,65.85154617374408,0.37811625914003266,0.42197857010674444,83.93054079445956
ST-MTM,121,84,0.9861988921471535,0.3877737034863171,0.06628192438443081,1.028447457696559,True,True,0.53125,97.35778784070875,-20.986079216949662,0.27127193792576776,53.95534765358115
ST-MTM,122,87,0.6676028383383213,0.0828509072236274,0.2340106556592293,1.1232577160483526,True,True,0.7333333333333333,20.202836534251876,100.31517713485043,0.26237684722937615,65.94542490993251
ST-MTM,122,91,0.06919004542914303,0.025929506879377347,0.23401065565926238,0.04110447606921224,True,True,0.8231511254019293,69.78421699598377,61.481411544486605,3.124669726095206,785.3500602910145
ST-MTM,122,98,0.14756974312722615,,,,False,True,,92.25664828276426,74.54827910749712,0.11926220328606973,29.975193140878417
ST-MTM,122,95,0.05792717613991127,0.06363408817943211,0.23401065565926082,0.37364416739174094,True,True,0.6086956521739131,23.15752042237759,30.108781559166943,0.5486061351159535,137.8858884480407
ST-MTM,122,86,0.5574812334822145,0.011869317527180746,0.23401065565926316,0.4410390575900386,True,True,0.16,67.42171106369877,0.5239630458330256,2.0870885575063367,524.5658799653722
ST-MTM,122,84,0.9804402820602428,0.0057586100869106835,0.23401065565928952,1.0226888476096483,True,True,0.75,96.34269118693018,-21.31014266029895,0.20274574558632708,50.957828339493304
ST-MTM,123,87,0.36235499919385866,0.3052478391444627,0.028600614833157817,0.8180098769038899,True,True,0.7777777777777778,20.811520096031202,64.29411999929424,0.31907829707020596,77.93550216628388
ST-MTM,123,91,0.06987522471271343,0.13906527014185646,0.028600614833217734,0.09796079407264421,True,True,0.8297101449275363,68.8144432675484,77.19947023307401,2.9821548533870157,728.3971933233455
ST-MTM,123,98,0.040323293222392094,0.18789303634961824,0.02860061483342269,0.18789303634961824,True,True,0.4,91.57396789582748,96.41276308251453,0.04908896878004043,11.990077256351366
ST-MTM,123,95,0.04439689904917428,0.01353027709073699,0.028600614833211524,0.360113890301004,True,True,0.7076923076923077,24.474362941326767,29.80199082722768,0.7976957426755362,194.8387554157097
ST-MTM,123,86,0.5953457316608189,0.037864498178604385,0.028600614833215156,0.4789035557686431,True,True,0.6881188118811881,70.71314703596626,-0.7283407633320076,2.037192204371369,497.5882061385817
ST-MTM,123,84,0.9773711554268445,0.0030691266333982745,0.028600614833246885,1.01961972097625,True,True,0.7647058823529411,95.97200500397805,-21.312533647243285,0.1595391485351101,38.96775108314194
ST-MTM,124,87,0.5531884424874285,0.19083344329356985,0.15553132342632586,1.0088433201974598,True,True,0.9615384615384616,20.81414578982711,87.19675888831853,0.2626137920041174,74.93798285219604
ST-MTM,124,91,0.10052613989057455,0.17040136460328797,0.15553132342639098,0.07244057053064375,True,True,0.668693009118541,74.52369058483218,62.460553797963236,3.214392814130285,917.2409101108796
ST-MTM,124,95,0.054975202755403914,0.010578303706229638,0.15553132342638643,0.37069219400723363,True,True,0.7558139534883721,25.74690849264726,32.34393282329573,0.9033914444941331,257.7866610115544
ST-MTM,124,86,0.6659923240374522,0.07064659237663336,0.15553132342638598,0.5495501481452763,True,True,0.7085427135678392,73.94786652620897,-5.9712123582853,1.8277919923485957,521.5683606512845
ST-MTM,124,84,1.022894429218747,0.04552327379190233,0.15553132342639944,1.0651429947681523,True,True,1.0,95.97200500397805,-26.775326502271565,0.13655917184213706,38.96775108314194
ST-MTM,125,87,0.6217837374179829,0.06859529493055436,0.11571563777297664,1.077438615128014,True,True,0.8333333333333334,21.31477807358077,95.92882656373871,0.3537964246181673,89.92557942263525
ST-MTM,125,91,0.06374680799205154,0.036779331898523004,0.11571563777303051,0.03566123863212075,True,True,0.6331168831168831,67.17334213684877,59.52372517780259,2.3232631883260098,590.5113048753047
ST-MTM,125,99,0.17074550061381533,,,,False,True,,89.86726692848545,69.37780685482761,0.023586428307879714,5.995038628175683
ST-MTM,125,95,0.01724770886043796,0.07222291161584188,0.11571563777303151,0.29846928239139175,True,True,0.7049180327868853,28.328106638833237,26.25838157558068,1.4387721267805773,365.6973563187167
ST-MTM,125,86,0.7002368218007864,0.03424449776333414,0.11571563777303132,0.5837946459086105,True,True,0.765,76.92399003928544,-7.104428576808923,2.110985333555109,536.5559572217236
ST-MTM,125,84,1.015271093893841,0.007623335324905837,0.11571563777301058,1.0575196594432466,True,True,0.6153846153846154,96.48073317693579,-25.351798090325133,0.09434571323151175,23.980154512702732
ST-MTM,126,87,0.5721776832731552,0.04960605414482758,0.014981553615665714,1.0278325609831864,True,True,0.90625,21.68181053967583,90.34313253245446,0.37110797294226927,92.92309873672309
ST-MTM,126,99,0.276403888916438,0.10565838830262268,0.014981553615560195,0.10565838830262268,True,True,0.07692307692307693,94.79044279581821,61.62197612584565,0.31125184827415353,77.93550216628388
ST-MTM,126,91,0.004581635729430881,0.059165172262620656,0.014981553615619217,0.02350393363049991,True,True,0.8730964467005076,66.25128842689237,65.70149213936067,2.0590506885828574,515.5733220231087
ST-MTM,126,95,0.3617578984371789,0.344510189576741,0.014981553615617343,0.046040907185349235,True,True,0.7555555555555555,30.62990248374028,-12.781045328721193,1.3766908673664453,344.7147211201018
ST-MTM,126,86,0.6283165184565715,0.0719203033442148,0.014981553615616676,0.5118743425643957,True,False,0.7047619047619048,80.41366911217472,5.015686897386127,2.1428492631182046,536.5559572217236
ST-MTM,126,100,0.4957568254648213,,,,False,True,,21.59922823480444,-37.891590820974116,0.047884899734484065,11.990077256351366
ST-MTM,126,84,0.7543570931596347,0.2609140007342063,0.01498155361561282,0.7966056587090402,True,True,0.375,99.25412224886657,8.7312710697104,0.03591367480086305,8.992557942263524
ST-MTM,127,87,0.48547679081156736,0.08670089246158795,0.6238173250766177,0.9411316685215987,True,True,0.8857142857142857,22.111238525007042,80.36845342239512,0.22453611983686983,104.91317599307446
ST-MTM,127,99,0.21231173492966657,0.06409215398677143,0.6238173250766557,0.04156623431585125,True,True,0.23076923076923078,92.14286821827481,66.66546002671483,0.03849190625774668,17.985115884527048
ST-MTM,127,91,0.11905271407907231,0.11447107834964143,0.6238173250765486,0.09096714471914152,True,True,0.7413793103448276,66.48104979408768,52.194724104599004,1.4883537086330278,695.4244808683792
ST-MTM,127,101,0.33989525937204024,,,,False,False,,46.834021109075806,6.046589984430984,0.13472167190212758,62.947905595844674
ST-MTM,127,95,0.2879750250220512,0.0737828734151278,0.6238173250765489,0.02774196622977853,True,True,0.3217391304347826,23.23673862238935,-11.320264380256788,0.23736675525612938,110.90821462125014
ST-MTM,127,86,0.5053755243087027,0.12294099414786884,0.6238173250765445,0.3889333484165268,True,True,0.27838258164852253,75.65227932257523,15.007216405530897,4.125049287288967,1927.404918958482
ST-MTM,127,100,0.44844697511937853,0.047309850345442744,0.6238173250765592,0.0473098503454428,True,True,0.26666666666666666,22.907698976433327,-30.9059380378921,0.0962297656443738,44.962789711317626
ST-MTM,128,87,0.42005201592498953,0.06542477488657777,0.22858876936704117,0.8757068936350209,True,True,0.8,22.45257871847545,72.8588206294742,0.1429227484561153,83.93054079445956
ST-MTM,128,91,0.12079331556001308,0.0017406014809407584,0.2285887663139009,0.09270774620008228,True,True,0.8504273504273504,66.4447066378737,51.949508770672125,1.0259811616924779,602.5013821316561
ST-MTM,128,95,0.34401959787105835,0.05604457284900718,0.22858877490805096,0.028302606619228617,True,True,0.42045454545454547,23.77139310233066,-17.51095864219634,0.44918577837315254,263.78169963973005
ST-MTM,128,86,0.47988120455821043,0.025494319750492316,0.22858875665856326,0.36343902866603456,True,True,0.7073707370737073,73.13352394560775,15.547779398622499,4.639884999916401,2724.745056505848
ST-MTM,128,100,0.3597179245521398,0.08872905056723873,0.22858876322736998,0.1360389009126815,True,True,0.6,25.66519230406044,-17.500958642196338,0.0867745263811237,50.957828339493304
ST-MTM,129,87,0.4250275540391683,0.004975538114178768,0.11858787415268637,0.8806824317491997,True,True,0.75,21.88367839602811,72.8869848807283,0.12068816441231434,62.947905595844674
ST-MTM,129,91,0.11217111498639909,0.008622200573613981,0.11858787109956698,0.08408554562646829,True,True,0.6716417910447762,65.2970941134542,51.8365603150863,0.7758524855077837,404.6651074018586
ST-MTM,129,95,0.33605701760586226,0.007962580265196036,0.11858787969372145,0.02034002635403258,True,True,0.6451612903225806,21.69112751766133,-18.635714595042145,0.37355860413337894,194.8387554157097
ST-MTM,129,86,0.4903994978425159,0.010518293284305506,0.11858786144423467,0.37395732195034004,True,True,0.8490566037735849,75.22457108528378,16.376631344181874,4.913732408216006,2562.8790135451045
ST-MTM,129,100,0.36533001306173923,0.005612088509599407,0.11858786801306337,0.1304268124030821,True,True,0.6071428571428571,26.71933113683051,-17.120270430578195,0.16091755254976192,83.93054079445956
ST-MTM,130,87,0.43743996684785513,0.012412412808686804,0.20652515853495926,0.8930948445578863,True,True,1.0,21.88367839602811,74.37647441777072,0.14837386805257324,62.947905595844674
ST-MTM,130,91,0.12457916269482674,0.012408047708427657,0.20652515853485537,0.09649359333489596,True,True,0.635036496350365,66.73092179255111,51.781422269171905,0.6288225836513561,266.7792189538179
ST-MTM,130,95,0.34459717583202154,0.008540158226159307,0.20652515853485245,0.02888018458019186,True,True,0.7671232876712328,21.625895437419167,-19.725765662423424,0.45218702644591957,191.84123610162186
ST-MTM,130,86,0.5127975322243082,0.022398034381792324,0.20652515853484119,0.39635535633213237,True,True,0.8154205607476636,78.64918739421805,17.113483527301057,4.9387301794639935,2095.2660005474013
ST-MTM,130,100,0.36779726441081095,0.002467251349071701,0.20652515853485615,0.12795956105401038,True,True,0.8928571428571429,25.93424869185318,-18.20142303744413,0.17663555720543656,74.93798285219604
ST-MTM,131,87,0.46598127093725844,0.028541304089403318,0.24481317649159096,0.9216361486472897,True,True,0.7142857142857143,21.31477807358077,77.23253058605178,0.13537871724366823,44.962789711317626
ST-MTM,131,91,0.1736303909650236,0.04905122827019686,0.24481317649152387,0.14554482160509283,True,False,0.3356643356643357,67.41243655424036,46.576789638437525,0.9205752772568445,305.74697003695985
ST-MTM,131,95,0.34442603485895046,0.00017114097307118213,0.24481317649152767,0.028709043607120736,True,True,0.7619047619047619,21.98526773932228,-19.34585644375177,0.758120816564464,251.7916223833787
ST-MTM,131,86,0.5364146826530297,0.023617150428721433,0.2448131764915344,0.41997250676085385,True,True,0.7052932761087267,82.1801888392705,17.810426920906938,4.449447173408103,1477.7770218453059
ST-MTM,131,100,0.36769261605115255,0.00010464835965834733,0.24481317649154766,0.12806420941366875,True,True,0.36,27.193414738869965,-16.929699187268344,0.08122723034619383,26.977673826790575
ST-MTM,132,87,0.5327671195839732,0.0667858486467147,0.1863438028414024,0.9884219972940045,True,True,0.26666666666666666,19.46585202562691,83.39790637570368,0.02996339652807478,11.990077256351366
ST-MTM,132,91,0.22397425357503742,0.0503438626100138,0.18634380284138186,0.1958886842151066,True,False,0.5862068965517241,69.94594701657944,43.06903658757495,1.3034077489711393,521.5683606512845
ST-MTM,132,95,0.3556401505354321,0.011214115676481621,0.18634380284138985,0.03992315928360236,True,True,0.34854771784232363,27.29649349715568,-15.380324567096164,1.8052946408163422,722.4021546951698
ST-MTM,132,86,0.6095099309777242,0.07309524832469454,0.18634380284138904,0.49306775508554834,True,True,0.8383233532934131,84.3284640227889,11.187272305462,3.206083428503714,1282.9382664295963
ST-MTM,133,87,0.5369670936205874,0.004199974036614229,0.11265380760301336,0.9926219713306187,True,True,0.5,20.105864888380168,84.54191612285065,0.05354218746683159,23.980154512702732
ST-MTM,133,91,0.24993963672655456,0.02596538315151715,0.11265380760296917,0.22185406736662378,True,False,0.5878378378378378,72.97323370445801,42.98047729727146,1.9810609362726836,887.2657169700011
ST-MTM,133,95,0.36305824860335645,0.007418098067924446,0.1126538076029667,0.04734125735152676,True,True,0.8374558303886925,28.64931018771368,-14.917679644689096,1.86728378790567,836.3078886305078
ST-MTM,133,86,0.6287866374306282,0.01927670645290392,0.11265380760296717,0.5123444615384523,True,True,0.8314087759815243,85.12357341788683,9.669176926211454,2.442862303174085,1094.0945496420622
ST-MTM,134,87,0.5709082038432882,0.03394111022270086,0.020877585021374045,1.0265630815533195,True,True,0.125,19.039176783791405,87.54816124498599,0.006554492990517247,2.9975193140878416
ST-MTM,134,91,0.2778273708149242,0.027887734088369656,0.02087758502155551,0.24974180145499342,True,True,0.7097560975609756,76.52760788621097,43.188323388420066,2.654569661158888,1213.9953222055758
ST-MTM,134,95,0.3840058929545018,0.020947644351145364,0.020877585021556122,0.06828890170267214,True,True,0.8741935483870967,29.782350753715896,-16.298356400824325,1.9794568831357608,905.2508328545282
ST-MTM,134,86,0.6622621084034139,0.03347547097278576,0.02087758502155529,0.545819932511238,True,True,0.7123287671232876,87.30721547747241,7.835762469062743,1.7041681775341004,779.3550216628388
ST-MTM,135,87,0.5847926519800413,0.013884448136753018,0.0031039859380346106,1.0404475296900726,True,True,1.0,19.039176783791405,89.21429502139635,0.006574869652666848,2.9975193140878416
ST-MTM,135,91,0.3153534502071633,0.03752607939223911,0.0031039859375909112,0.28726788084723254,True,True,0.7815126050420168,80.11826738478568,42.27585335992608,2.912667256129467,1327.9010561409139
ST-MTM,135,95,0.39189399384314033,0.007888100888638465,0.003103985937592174,0.0761770025913106,True,True,0.8459302325581395,30.668319411115903,-16.358959850060934,2.1894315943365967,998.1739315912513
ST-MTM,135,86,0.6753001682002503,0.013038059796836454,0.0031039859375915357,0.5588579923080743,True,True,0.7099236641221374,88.17872235441301,7.142702170382969,1.2360754947005415,563.5336310485142
ST-MTM,136,102,0.28600619985593034,,,,False,True,,47.19974274493482,81.52048672764646,0.023987709696854154,5.995038628175683
ST-MTM,136,103,0.20788158933656325,,,,False,False,,75.36030870607823,50.41451798569064,0.07196312909057667,17.985115884527048
ST-MTM,136,91,0.35407446065614623,0.038721010448982913,0.6011396694806836,0.32598889129621544,True,False,0.03837471783295711,85.60051451013037,43.11157923139282,0.20389553242330294,50.957828339493304
ST-MTM,136,95,0.4022719883552758,0.010377994512135509,0.6011396694806868,0.08655499710344608,True,True,0.8858695652173914,31.74251611688844,-16.53012248574466,4.329781600283091,1082.1044723857108
ST-MTM,136,86,0.6741723842374192,0.001127783962831123,0.6011396694806859,0.5577302083452432,True,True,0.7513227513227513,87.37882530826998,6.478139199779673,1.7151212433254344,428.64526191456133
ST-MTM,137,102,0.3329624813863476,0.04695628153041724,0.2914556618351827,0.04695628153041724,True,True,0.06666666666666667,43.44500061678236,83.40049838314407,0.26884530571268783,89.92557942263525
ST-MTM,137,103,0.18669636073507057,0.021185228601492707,0.29145566183542426,0.021185228601492707,True,False,0.13953488372093023,75.6778344674442,53.27427117923573,0.38534493818816884,128.8933305057772
ST-MTM,137,91,0.46446544838425974,0.11039098772811347,0.2914556618354198,0.4363798790243289,True,True,0.10185185185185185,93.8997662728916,38.16391246678043,0.914074039423113,305.74697003695985
ST-MTM,137,95,0.41278537265281856,0.01051338429754279,0.29145566183542115,0.09706838140098888,True,True,0.8527315914489311,32.88830157845225,-16.645943139885983,3.754872769787106,1255.9605926028057
ST-MTM,137,86,0.6807338961352294,0.006561511897810083,0.2914556618354196,0.5642917202430534,True,True,0.7972027972027972,88.48992930571819,6.8018617694906744,1.0216121617081875,341.7172018060139
ST-MTM,138,102,0.3589443668889728,0.025981885502625226,0.154150679827252,0.07293816703304247,True,True,0.5769230769230769,41.652964601073215,84.72628862774995,0.3994273113445672,155.87100433256776
ST-MTM,138,103,0.1922581717701176,0.005561811035047034,0.15415067982723785,0.015623417566445674,True,False,0.43,77.7667570700305,54.69577645761638,0.7681294448933755,299.7519314087842
ST-MTM,138,91,0.5040968724291255,0.0396314240448658,0.15415067982725314,0.4760113030691947,True,True,0.6159420289855072,95.6855656807877,35.19394098929264,0.9294366283209854,362.6998370046288
ST-MTM,138,95,0.4214241814014106,0.00863880874859199,0.1541506798272586,0.1057071901495809,True,True,0.9102844638949672,33.865671530921254,-16.705230237248017,3.4873076798159133,1360.8737685958802
ST-MTM,138,86,0.6897901867106352,0.00905629057540589,0.15415067982725955,0.5733480108184594,True,True,0.868421052631579,89.85864722663018,7.083824821353958,0.7604481504444394,296.7544120946963
ST-MTM,139,102,0.41037154754070143,0.05142718065172864,0.1196645037561177,0.1243653476847711,True,True,0.34615384615384615,39.04550478985625,88.29009049474043,0.12266969480853618,53.95534765358115
ST-MTM,139,103,0.20558315559410528,0.013324983823987679,0.11966450375608806,0.0022984337424579947,True,True,0.4098360655737705,82.01224567305474,57.3422670017621,1.662855862960157,731.3947126374334
ST-MTM,139,91,0.557920977181094,0.05382410475196841,0.11966450375608917,0.5298354078211632,True,True,0.5163934426229508,98.0807653338189,31.130248072087632,0.4361589148747953,191.84123610162186
ST-MTM,139,95,0.4472899132976611,0.025865731896250476,0.11966450375608867,0.1315729220458314,True,True,0.8598484848484849,35.879919283511015,-17.794870312208314,3.598311047717047,1582.6901978383803
ST-MTM,139,86,0.7174178642527161,0.027627677542080863,0.11966450375608828,0.6009756883605403,True,True,0.7777777777777778,92.117009112709,6.026865402383071,0.5247536944587363,230.8089871847638
ST-MTM,140,102,0.45290103073033305,0.04252948318963164,0.08441222697159016,0.16689483087440274,True,True,0.5909090909090909,36.60815732995931,90.95628101759928,0.10647654161098785,50.957828339493304
ST-MTM,140,103,0.22995642540747277,0.024373269813367494,0.08441222697161993,0.022074836070909497,True,True,0.7280966767371602,85.25188961741114,57.657118568514406,2.054370920494293,983.1863350208121
ST-MTM,140,91,0.6026061982179307,0.04468522103683684,0.08441222697159034,0.5745206288579999,True,True,0.265625,100.2580639943619,27.945320208210212,0.10647654161098785,50.957828339493304
ST-MTM,140,95,0.45992035867583125,0.012630445378170159,0.08441222697161614,0.14420336742400153,True,True,0.8972602739726028,37.392097358467616,-17.79834568263213,3.6327290667277126,1738.561202170948
ST-MTM,140,86,0.7218814715392435,0.00446360728652746,0.08441222697161671,0.6054392956470677,True,True,0.922077922077922,92.86000313178238,6.234226547073154,0.44469614437528904,212.82387130023676
ST-MTM,141,102,0.45366094159135034,0.0007599108610172915,0.059404436313314046,0.16765474173542003,True,True,0.5,34.22881539313543,88.66812838409747,0.05902092292853922,29.975193140878417
ST-MTM,141,103,0.2623006091519566,0.03234418374448384,0.059404436313080136,0.054419019815393335,True,True,0.8586387434554974,85.63178913518637,54.155716036951574,2.2545992558706587,1145.0523779815555
ST-MTM,141,95,0.4383191210287195,0.021601237647111703,0.05940443631308026,0.1226021297768898,True,True,0.8946540880503144,39.268362009502944,-13.3299325139434,3.6888076830344545,1873.449571304901
ST-MTM,141,86,0.7236956976009744,0.0018142260617309022,0.059404436313077846,0.6072535217087986,True,True,0.8169014084507042,94.398852255566,7.555368543449067,0.3423213529855982,173.8561202170948
ST-MTM,142,104,0.3170313228148062,,,,False,True,,20.745877751133428,58.789636488910176,0.02434046820832947,8.992557942263524
ST-MTM,142,102,0.19961229797670868,0.2540486436146417,0.3182212257163052,0.08639390187922166,True,True,0.625,34.82616073170514,58.77963648891018,0.1298158440486361,47.960309025405465
ST-MTM,142,105,0.06787088083811739,,,,False,True,,94.13401934684052,102.2785250474146,0.008113490213929708,2.9975193140878416
ST-MTM,142,103,0.00963800218596435,0.27193861133792097,0.31822117343453793,0.21751959152252762,True,False,0.2643979057591623,85.3301460400564,86.48670630237213,0.8194624727142354,302.749450722872
ST-MTM,142,95,0.2654866494131679,0.17283247161555165,0.3182212032391507,0.05023034183866182,True,True,0.8823529411764706,41.09753342751207,9.239135497931922,5.054704314029431,1867.4545326767252
ST-MTM,142,86,0.9445152610827028,0.22081956348172838,0.3182212127072114,0.8280730851905268,True,True,0.6551724137931034,95.88563349753365,-17.45619783239069,0.3083126256047066,113.90573393533798
ST-MTM,143,102,0.2135855685184266,0.01397327054171793,0.3760512486015217,0.07242063133750373,True,True,0.36363636363636365,37.15348023262607,62.783748454837266,0.2451000574644837,131.89084981986502
ST-MTM,143,103,0.01859044582728681,0.028228448013251157,0.37605119631995443,0.18929114350927645,True,True,0.23433874709976799,82.60685805697348,80.37600455769906,2.400866471981658,1291.9308243718597
ST-MTM,143,95,0.22749386890783863,0.037992780505329254,0.3760512261245695,0.08822312234399107,True,True,0.904047976011994,42.66128986346346,15.362025594522823,3.6040849358982125,1939.3949962148336
ST-MTM,143,86,0.9893228075675963,0.04480754648489347,0.37605123559259734,0.8728806316754204,True,True,0.4473684210526316,97.24623875787594,-21.47249815023561,0.09469774947491771,50.957828339493304
ST-MTM,144,102,0.1404635599508986,0.073122008567528,0.33963800383768106,0.14554263990503175,True,True,0.5394736842105263,39.49620892658963,56.35183612069746,0.5711057169590603,218.81890992841244
ST-MTM,144,106,0.0797542198844982,,,,False,True,,95.84072031418253,86.27021392804275,0.007823362668901268,2.9975193140878416
ST-MTM,144,103,0.013365954603956946,0.005224491223329864,0.33963806593653545,0.19451563473260633,True,False,0.16473317865429235,87.88412848051759,86.28021392804276,0.5554590194809492,212.82387130023676
ST-MTM,144,95,0.2618781707005671,0.03438430179272853,0.33963788882587553,0.05383882055126256,True,True,0.9013062409288825,44.1454430499856,12.720062565917543,5.186891051992259,1987.355305240239
ST-MTM,144,86,0.9796412787261716,0.009681528841424777,0.3396365449962886,0.8631991028339956,True,True,0.17647058823529413,99.25412224886657,-18.302831198274014,0.023470063718097123,8.992557942263524
ST-MTM,145,102,0.1909161665523495,0.05045260660145091,0.45022508510107384,0.09509003330358083,True,True,0.7373737373737373,40.14020692547463,63.05014691175657,1.214951977305816,296.7544120946963
ST-MTM,145,103,0.053925211422553805,0.06729116602651075,0.45022502300221334,0.26180680075911705,True,True,0.17794486215538846,82.99554987576624,89.4665752464727,4.89662463580828,1196.0102063210488
ST-MTM,145,95,0.15260053189530615,0.109277638805261,0.4502252001128757,0.16311645935652355,True,True,0.02564102564102564,21.147454449331555,2.835390621894816,0.20862811731513986,50.957828339493304
ST-MTM,145,107,0.18110720010316836,,,,False,False,,29.279382587843553,7.54651857546335,0.012272242195008332,2.9975193140878416
ST-MTM,145,108,0.19084868300743968,,,,False,False,,32.6927845225276,9.790942561634845,0.012272242195006555,2.9975193140878416
ST-MTM,146,102,0.07188061943900308,0.11903554711334643,1.2176049531159947,0.21412558041692725,True,True,0.4861111111111111,45.84180241004967,54.467476742730035,4.768929148393568,344.7147211201018
ST-MTM,146,103,0.005762146549824247,0.04816306487272956,1.217604953115984,0.21364373588638752,True,True,0.06766917293233082,97.35778784070875,98.04924542668766,1.1196616261445627,80.93302148037172
ST-MTM,146,109,0.016347153192532105,,,,False,False,,90.91025085297224,88.94859246986839,0.37322054204818755,26.977673826790575
ST-MTM,146,110,0.20008755556633226,,,,False,False,,27.572681620501527,3.5621749525416573,0.04146894911646548,2.9975193140878416
ST-MTM,146,111,0.2058277628439836,,,,False,False,,25.865980653159504,1.166649111881471,0.041468949116465925,2.9975193140878416
ST-MTM,147,102,0.052384135206943995,0.019496484232059075,2.2530103073641925,0.23362206464898633,True,True,0.7391304347826086,44.230083061759686,50.516179286592966,0.5447071784700626,374.6899142609802
ST-MTM,147,103,0.012083392076444354,0.0178455386262686,2.253010307364102,0.1957981972601189,True,True,0.7142857142857143,97.30360685761855,95.85359980844522,0.09151080598297767,62.947905595844674
ST-MTM,147,109,0.022188603980823864,0.0058414507882917615,2.2530103073641015,0.0058414507882917615,True,False,0.09523809523809523,87.79484432528442,85.13221184758555,0.06100720398865178,41.96527039722978
ST-MTM,147,110,0.31128049672595615,0.11119294115962391,2.253010307364188,0.11119294115962389,True,True,0.0007716049382716049,50.87915825631875,13.525498649204014,5.647524026377589,3884.785031057843
ST-MTM,148,102,0.3783925992733346,0.32600846406639056,2.010448670192883,0.09238639941740422,True,True,0.7286821705426356,43.94307865419036,89.3501905669905,3.188643195139946,293.7568927806085
ST-MTM,148,103,0.13339479124990786,0.12131139917346351,2.0104486701927993,0.07448679808665541,True,True,0.6190476190476191,97.15356721213794,81.146192262149,0.4229832809879497,38.96775108314194
ST-MTM,148,109,0.1304993623920139,0.10831075841119002,2.010448670192807,0.11415220919948178,True,False,0.4375,89.77245020807756,74.11252672103589,0.2928345791455058,26.977673826790575
ST-MTM,148,112,0.2873360811406186,,,,False,True,,21.030327912357098,-13.450001824517136,0.19522305276366936,17.985115884527048
ST-MTM,148,110,0.31161926695159053,0.0003387702256343476,2.010448670192884,0.11153171138525826,True,False,0.044753086419753084,37.81288742455368,0.4185753903628184,1.8871561767154734,173.8561202170948
ST-MTM,148,113,0.4867267262915323,,,,False,True,,75.2051540726835,16.797946917699626,0.35790893006672775,32.972712454966256
ST-MTM,149,102,0.15924522801677513,0.21914737125655942,0.05971923470162416,0.12676097183915522,True,True,0.5849056603773585,40.44608320273853,59.55551056475154,2.1455673673301874,209.82635198614892
ST-MTM,149,103,0.0033481986531011644,0.1300465925968067,0.059719234701367085,0.2045333906834621,True,True,0.07692307692307693,97.54742128152455,97.14563744315241,0.030650962390438963,2.9975193140878416
ST-MTM,149,114,0.0013951654911184145,,,,False,False,,95.84072031418253,96.00814017311674,0.030650962390438963,2.9975193140878416
ST-MTM,149,109,0.024551666944003257,0.10594769544801062,0.059719234701621715,0.008204513751471154,True,False,0.6,90.94817754113538,88.00197750785499,0.45976443585647075,44.962789711317626
ST-MTM,149,112,0.1071969788760935,0.18013910226452515,0.05971923470162599,0.1801391022645251,True,True,0.6666666666666666,22.073311836843892,9.209674371712673,0.2758586615138796,26.977673826790575
ST-MTM,149,110,0.2848708511517571,0.026748415799833395,0.05971923470162292,0.08478329558542486,True,False,0.5189873417721519,41.39145396898051,7.206951830769653,1.9003596682067352,185.84619747344618
ST-MTM,149,113,0.8508878668444344,0.36416114055290216,0.059719234701623325,0.3641611405529021,True,True,0.1320754716981132,89.36222276468015,-12.744321256651975,1.501897157131129,146.87844639030425
ST-MTM,150,102,0.3155914733543279,0.15634624533755279,0.9249487946172634,0.02958527349839759,True,True,0.611764705882353,43.59529219450353,81.46626899702288,0.8143643628216353,200.83379404388538
ST-MTM,150,109,0.17122783657232052,0.14667616962831728,0.924948794617273,0.15488068337978841,True,True,0.04335260115606936,87.32694612449363,66.77960573581517,4.205523425914691,1037.1416826743932
ST-MTM,150,112,0.3300507924614765,0.22285381358538295,0.9249487946172645,0.042714711320857884,True,True,0.5,25.202263610304275,-14.403831485072901,0.21878445568342286,53.95534765358115
ST-MTM,150,110,0.3870811875060056,0.10221033635424849,0.9249487946172691,0.18699363193967336,True,False,0.5285714285714286,44.14664434780075,-2.30309815291992,0.5469611392085572,134.88836913395286
ST-MTM,150,113,0.6141760627033708,0.23671180414106358,0.9249487946172639,0.12744933641183856,True,True,0.6379310344827587,93.39197544799616,19.690847923591658,0.5591158311909723,137.8858884480407
ST-MTM,151,102,0.35297736848892747,0.03738589513459954,0.1113383302137342,0.06697116863299714,True,True,0.8051948051948052,42.814469426069905,85.1717536447412,0.9782054463961174,215.8213906143246
ST-MTM,151,109,0.19845801803756005,0.02723018146523953,0.11133833021373848,0.18211086484502795,True,True,0.9048991354466859,88.68883054627304,64.87386838176583,4.27964882798301,944.2185839376701
ST-MTM,151,112,0.36277610946808114,0.032725317006604714,0.11133833021375014,0.07544002832746255,True,True,0.782608695652174,26.385411382350554,-17.147721753819187,0.31248229537654026,68.94294422402035
ST-MTM,151,110,0.41174365960463166,0.024662472098626053,0.1113383302137411,0.2116561040382994,True,False,0.62,45.06636653575728,-4.342872616798516,0.4891027231980587,107.9106953071623
ST-MTM,151,113,0.6191979633044138,0.0050219006010429725,0.11133833021373207,0.13247123701288152,True,True,0.45652173913043476,96.9785209590772,22.674765362547543,0.28530992186553306,62.947905595844674
ST-MTM,152,102,0.30446772309518455,0.04850964539374291,0.24643190408642746,0.01846152323925422,True,True,0.3472222222222222,41.56762955270615,78.1037563241283,0.43457186402872594,74.93798285219604
ST-MTM,152,109,0.24363868637037978,0.04518066833281971,0.24643190408640564,0.22729153317784767,True,True,0.8773006134969326,90.15746355761263,60.92082119316706,5.162713744661147,890.263236284089
ST-MTM,152,115,0.33327921330088717,,,,False,False,,49.11978133319459,9.126275737088125,0.2781259929783779,47.960309025405465
ST-MTM,152,112,0.32276859989458706,0.0400075095734941,0.24643190408640225,0.035432518753968446,True,False,0.43478260869565216,28.42603210417254,-10.30619988317791,0.17382874561148753,29.975193140878417
ST-MTM,152,110,0.3716854388333231,0.04005822077130854,0.24643190408640614,0.17159788326699088,True,False,0.4722222222222222,44.43890294482271,-0.1633497151760653,0.2955088675395273,50.957828339493304
ST-MTM,153,102,0.36253763056485716,0.058069907469672624,0.10645580601926741,0.07653143070892685,True,True,0.4489795918367347,36.6256171864027,80.13013285418556,0.718863211531243,137.8858884480407
ST-MTM,153,109,0.30929852361326743,0.06565983724288765,0.10645580601924116,0.2929513704207353,True,True,0.8496732026143791,91.82458011965647,54.70875728606438,4.2037870413457625,806.3326954896294
ST-MTM,153,110,0.3909623755682032,0.01927693673488006,0.10645580601924132,0.19087482000187092,True,False,0.19101123595505617,49.74061778058449,2.825132712400113,1.3908440397017596,266.7792189538179
ST-MTM,153,112,0.34123690810471047,0.018468308210123383,0.10645580601924598,0.05390082696409184,True,False,0.2,31.839434038856588,-9.108994933708667,0.03125492224048898,5.995038628175683
ST-MTM,154,102,0.2980707955811172,0.06446683498373999,0.36444608866364936,0.012064595725186856,True,True,0.2222222222222222,44.38368614882047,80.15218161855454,0.44998221381698045,59.950386281756835
ST-MTM,154,109,0.33148318748409983,0.022184663870832406,0.3644460886636201,0.3151360342915677,True,True,0.6877323420074349,94.81669973377723,55.03871723568525,4.162335477806963,554.5410731062507
ST-MTM,154,110,0.4168864531829587,0.025924077614755556,0.3644460886636192,0.21679889761662646,True,False,0.65,52.49949838036532,2.47312399841027,1.7099324125044824,227.81146787067595
ST-MTM,154,116,0.3786463268532658,,,,False,False,,36.10618645721165,-9.33137276518025,0.022499110690848312,2.9975193140878416
ST-MTM,155,102,0.33818976375380677,0.04011896817268958,0.5730028687178625,0.05218356389787644,True,True,0.7142857142857143,45.066366535757275,85.64913818621409,1.11731432713799,83.93054079445956
ST-MTM,155,109,0.3350947235280222,0.003611536043922392,0.5730028687178803,0.3187475703354901,True,True,0.21621621621621623,97.54742128152455,57.33605445816188,1.5961633244828306,119.90077256351367
ST-MTM,155,117,0.44875618386348415,,,,False,True,,98.75215137611892,44.90140931250082,0.678369412905198,50.957828339493304
ST-MTM,155,110,0.4671003961751988,0.05021394299224005,0.5730028687178821,0.2670128406088665,True,False,0.6162790697674418,55.17789250497015,-0.8741550360537005,2.513957236060463,188.84371678753402
ST-MTM,155,116,0.42992729158664317,0.05128096473337736,0.5730028687178845,0.05128096473337737,True,False,0.09090909090909091,37.81288742455368,-13.778387565843502,0.4389449142327777,32.972712454966256
ST-MTM,156,118,0.5342739520367528,,,,False,True,,19.892527267462416,84.00540151187275,0.12201440797730356,5.995038628175683
ST-MTM,156,102,0.22655461802315818,0.11163514573064859,0.4245133030788576,0.059451581832772146,True,True,0.6428571428571429,43.691524089842865,70.87807825262185,1.0981296717956468,53.95534765358115
ST-MTM,156,110,0.435047953060774,0.032052443114424796,0.4245133030788588,0.23496039749444173,True,False,0.6486486486486487,56.64445233539536,4.438697968102479,3.59942503533016,176.85363953118267
ST-MTM,156,116,0.34086869470395714,0.08905859688268601,0.4245133030788619,0.037777632149308654,True,False,0.44,36.58406272806742,-4.3201806364074375,1.5251800997161689,74.93798285219604
ST-MTM,157,102,0.2478566672133112,0.021302049190153008,0.14458122881108326,0.03814953264261914,True,True,0.4444444444444444,42.71965270566199,72.46245277125934,0.5639777079839234,23.980154512702732
ST-MTM,157,116,0.36557661294633714,0.024707918242379983,0.14458122881110747,0.013069713906928666,True,False,0.6153846153846154,37.41131072635555,-6.457882827204906,1.1984526294658604,50.957828339493304
ST-MTM,157,110,0.4330180796373418,0.002029873423432179,0.1445812288111076,0.23293052407100953,True,False,0.631578947368421,56.95419519674348,4.992025640262461,4.5823188773694685,194.8387554157097
ST-MTM,158,110,0.45851830723165593,0.02550022759431414,3.2834143460057716,0.2584307516653237,True,True,0.027083333333333334,60.014222508061174,4.992025640262461,6.344749214819265,7194.04635381082
ST-MTM,159,119,0.615834998705435,,,,False,True,,21.533585889906668,-52.366613954745546,0.035278759534918436,38.96775108314194
ST-MTM,159,110,0.46717797947858675,0.008659672246930806,0.026172874304023035,0.26709042391225446,True,True,0.96875,61.053383177692865,4.992025640262455,6.30947045528434,6969.232405254232
ST-MTM,160,119,0.6066918694083516,0.00914312929708346,0.009886175511661155,0.009143129297083401,True,True,0.38461538461538464,19.721857170728214,-53.081167158273985,0.01370356201904599,14.987596570439209
ST-MTM,160,110,0.4623578334352954,0.004820146043291381,0.00988617551167968,0.2622702778689631,True,True,0.9901245169600686,61.189518856026346,5.706578843790902,6.331045652800217,6924.269615542914
ST-MTM,161,119,0.6119249108317274,0.005233041423375735,0.011168500970568651,0.003910087873707605,True,True,0.5,20.745877751133428,-52.68511154867386,0.027102730520368823,29.975193140878417
ST-MTM,161,110,0.4639215988750886,0.0015637654397932705,0.01116850097057639,0.26383404330875637,True,True,0.9892841834547793,60.98111509920142,5.310523234190781,6.3176464842988915,6987.2175211387585
ST-MTM,162,119,0.5710174276167737,0.04090748321495366,4.667291014132736,0.044817571088661384,True,True,0.3,19.039176783791405,-49.48291453022144,0.8651930747480776,8.992557942263524
ST-MTM,162,110,0.3686505503793786,0.09527104849571,4.667291014132594,0.16856299481304637,True,False,0.005577005577005577,46.3463922612638,2.108326215738365,3.7491699905750195,38.96775108314194
ST-MTM,162,120,0.12687611686026565,,,,False,False,,44.63969129392178,29.4145572706899,0.2883976915826949,2.9975193140878416
ST-MTM,162,121,0.07869467975047287,,,,False,False,,42.25030993964294,32.806948369586195,1.4419884579134674,14.987596570439209
ST-MTM,163,119,0.5644533727224527,0.006564054894320984,2.6678593205189527,0.05138162598298237,True,True,0.75,19.46585202562691,-48.26855270106742,0.08005992700087461,11.990077256351366
ST-MTM,163,122,0.39618799412532374,,,,False,False,,54.486043028587304,6.943483733548453,0.7805842882585221,116.90325324942582
ST-MTM,163,121,0.14895376983413097,0.07025909008365812,2.6678593205189634,0.07025909008365812,True,True,0.01824817518248175,49.46703892052789,31.592586540432173,5.484104999559872,821.3202920600686
ST-MTM,164,123,0.3275849419038431,,,,False,True,,21.20099800909131,60.511191037552486,0.9151080598297057,89.92557942263525
ST-MTM,164,124,0.9263113619260588,,,,False,False,,92.65487850847744,-18.50248492264961,0.45755402991485283,44.962789711317626
ST-MTM,164,122,0.44011300678145326,0.04392501265612953,0.4213636941759619,0.043925012656129546,True,False,0.056818181818181816,62.87610718570601,10.062546371931617,1.647194507693463,161.86604296074344
ST-MTM,164,121,0.19682736285695238,0.04787359302282139,0.421363694175963,0.11813268310647951,True,False,0.3978102189781022,52.09280744488329,28.473523902049006,3.324892617381252,326.72960523557475
ST-MTM,165,123,0.3187039198676637,0.00888102203617942,0.45851967106405983,0.00888102203617939,True,True,0.46875,23.6259356335231,61.87040601764274,1.234236929326542,191.84123610162186
ST-MTM,165,122,0.5113429002258203,0.07122989344436705,0.45851967106405433,0.11515490610049657,True,False,0.21264367816091953,69.67492905053767,8.313781023439232,3.027737467254177,470.61053231179113
ST-MTM,165,125,0.9828331867796369,,,,False,True,,98.6604871297911,-19.279495283765346,0.44355389647672894,68.94294422402035
ST-MTM,165,121,0.21145250092004828,0.01462513806309591,0.4585196710640532,0.1327578211695754,True,False,0.7636363636363637,54.23737438085693,28.863074270451133,1.6392209217618188,254.78914169746653
ST-MTM,166,123,0.2885596875442356,0.030144232323428118,0.21029540883636136,0.039025254359607506,True,True,0.47674418604651164,27.274686213505298,61.90184871881357,0.9845300505754011,188.84371678753402
ST-MTM,166,122,0.569195540613003,0.05785264038718267,0.21029540883636022,0.17300754648767924,True,False,0.5,74.47840746273056,6.174942589170199,4.20378704134577,806.3326954896294
ST-MTM,166,125,0.9787213364981308,0.004111850281506217,0.21029540883637643,0.004111850281506217,True,True,0.13333333333333333,99.71958614905076,-17.726974230724938,0.17190207232268762,32.972712454966256
ST-MTM,166,121,0.21037686845920106,0.0010756324608472312,0.2102954088363645,0.1316821887087282,True,False,0.6818181818181818,54.66317316561307,29.41794895050894,0.9845300505754011,188.84371678753402
ST-MTM,167,123,0.2332187897516561,0.05534089779257947,0.13568424598562193,0.09436615215218698,True,False,0.23655913978494625,34.56359135211404,62.54984612231277,0.709520342302369,155.87100433256776
ST-MTM,167,122,0.6058044073987737,0.03660886678577073,0.13568424598562412,0.20961641327345001,True,False,0.6878453038674033,78.19482961090358,5.498300723050734,4.666460712834812,1025.1516054180418
ST-MTM,167,121,0.2191556099117711,0.008778741452570049,0.13568424598562487,0.14046093016129824,True,True,0.7631578947368421,55.745266602541726,29.446593413129193,0.9687681596820781,212.82387130023676
ST-MTM,168,123,0.2507505382819223,0.017531748530266178,0.1420967554834642,0.0768344036219208,True,False,0.25925925925925924,40.20226877883252,70.2923333726632,0.5918609342182037,149.8759657043921
ST-MTM,168,122,0.6691034623482112,0.06329905494943748,0.14209675548344544,0.2729154682228874,True,False,0.7505720823798627,81.38419651752415,1.0917810357388,5.007143503486098,1267.950669859157
ST-MTM,168,121,0.25803000886336697,0.03887439895159585,0.14209675548344292,0.1793353291128941,True,False,0.5915492957746479,57.07422691312796,26.110625849523924,0.49716318474330023,125.89581119168935
ST-MTM,168,126,0.24911398652927227,,,,False,True,,20.9084207004041,50.80209908391677,0.24858159237165012,62.947905595844674
ST-MTM,169,123,0.3051208277024423,0.5558713659843646,0.16949083782186938,0.6327057696062854,True,False,0.2777777777777778,44.314605395380454,7.700106071087373,0.41965270397229837,125.89581119168935
ST-MTM,169,122,0.5329969587012874,0.1361065036469238,0.16949083782188992,0.13680896457596367,True,True,0.7924151696606786,84.23156068158872,20.27192563743423,4.746072247305747,1423.8216741917247
ST-MTM,169,126,0.3766207026567251,0.12750671612745282,0.16949083782188423,0.12750671612745285,True,True,0.1810344827586207,27.866940407974287,73.0614247267813,1.1590408014473041,347.7122404341896
ST-MTM,169,121,0.0919159677467972,0.16611404111656974,0.16949083782119745,0.01322128799632433,True,False,0.023809523809523808,58.29329903265798,47.26338290304231,0.009991731046966379,2.9975193140878416
ST-MTM,169,127,0.04249031010321544,,,,False,False,,56.58659806531595,51.487760852930094,0.009991731046966379,2.9975193140878416
ST-MTM,170,123,0.3946299104170806,0.0895090827146383,0.2322359481756689,0.7222148523209238,True,False,0.21052631578947367,48.05309322860583,0.697503978556155,0.2138679510613235,80.93302148037172
ST-MTM,170,122,0.4572162517956348,0.07578070690565264,0.23223594817566823,0.06102825767031105,True,True,0.8479087452471483,85.14379171605295,30.277841500576773,3.936754506573248,1489.7670991016573
ST-MTM,170,126,0.25571996310229156,0.1209007395544335,0.23223594817567816,0.006605976573019312,True,True,0.4187725631768953,39.371715383894966,70.05811095616995,2.1941267571846765,830.3128500023321
ST-MTM,171,128,0.569724193243572,,,,False,True,,51.95412401110188,-16.412779178126765,0.055309146330927206,20.98263519861489
ST-MTM,171,123,0.4701494494922593,0.07551953907517861,0.0024937668784041633,0.7977343913961025,True,False,0.1111111111111111,51.931959063474075,-4.485974875597035,0.2607431184172295,98.91813736489877
ST-MTM,171,122,0.41486996567025347,0.04234628612538129,0.0024937668784032474,0.01868197154492973,True,True,0.7121212121212122,87.3156022144126,37.53120633398219,3.215831793812498,1219.9903608337515
ST-MTM,171,126,0.22193745772782011,0.033782505374471465,0.002493766878399223,0.027176528801452153,True,True,0.7486187845303868,41.35573016294063,67.98822509027904,2.812865156258596,1067.1168758152717
ST-MTM,172,123,0.56711783845163,0.09696838895937082,0.06828150741640893,0.8947027803554731,True,True,0.14960629921259844,57.38708612964447,-10.667054484551135,0.9559422150327705,338.7196824919261
ST-MTM,172,129,0.530744811364526,,,,False,False,,75.36030870607823,11.670931342335106,0.033838662479034554,11.990077256351366
ST-MTM,172,122,0.4147898068640265,8.015880622694501e-05,0.06828150741640443,0.018601812738702782,True,True,0.6715686274509803,89.21872056089542,39.44394373721224,2.3264080454337233,824.3178113741565
ST-MTM,172,126,0.26390915807695065,0.04197170034913054,0.06828150741640897,0.014795171547678383,True,True,0.8839050131926122,40.58746832676891,72.25656729600298,3.028560291873731,1073.1119144434472
ST-MTM,173,123,0.5993224127028546,0.03220457425122451,0.16664374407472626,0.9269073546066977,True,True,0.3123209169054441,63.95262050117766,-7.966069023164888,2.470585190872061,1034.1441633603054
ST-MTM,173,122,0.46245675546882864,0.04766694860480213,0.16664374407471744,0.06626876134350491,True,True,0.6294964028776978,91.49726223437389,36.00245157811445,1.2746787361600838,533.5584379076358
ST-MTM,173,126,0.26593195250999424,0.0020227944330435694,0.16664374407472293,0.016817965980721952,True,True,0.9124668435013262,41.085239692515216,72.99707399371452,2.5994852877871324,1088.0995110138865
ST-MTM,174,130,0.5920231563747264,,,,False,True,,46.871531020445964,-24.171247744521207,0.13218227530873605,38.96775108314194
ST-MTM,174,123,0.6549776841487253,0.05565527144587068,0.3505665822356503,0.9825626260525683,True,True,0.15072463768115943,69.09146476834118,-9.505857329505849,0.5287291012349371,155.87100433256776
ST-MTM,174,122,0.4343030875473907,0.028153667921437926,0.35056658223564624,0.03811509342206699,True,True,0.6847826086956522,93.39703483821552,41.28066433252863,1.3421584877502255,395.6725494595951
ST-MTM,174,126,0.21358490472720087,0.05234704778279333,0.35056658223565196,0.03552908180207138,True,True,0.7954545454545454,43.6284609783772,69.2586495456413,4.341679350525368,1279.9407471155084
ST-MTM,175,130,0.5772437081785351,0.014779448196191385,0.2115380051939051,0.014779448196191324,True,True,0.24074074074074073,42.99620147351834,-26.273043507905864,0.4443793224387065,161.86604296074344
ST-MTM,175,123,0.6730346006765056,0.01805691652778035,0.21153800519389843,1.0006195425803486,True,True,0.3382352941176471,75.25528095424177,-5.508871126938905,1.0698020725376196,389.6775108314194
ST-MTM,175,122,0.43772258992583013,0.0034195023784394135,0.21153800519389965,0.041534595800506405,True,True,0.7642857142857142,93.92624705516407,41.39953626406445,0.9463633718602011,344.7147211201018
ST-MTM,175,126,0.1960277701542646,0.017557134572936305,0.21153800519390353,0.05308621637500768,True,True,0.8497942386831275,43.72125475641145,67.2445871749232,3.8842044479827393,1414.8291162494613
ST-MTM,176,130,0.5742164781412493,0.003027230037285674,0.32398023116246527,0.017806678233477057,True,True,0.5888888888888889,40.094880852797495,-28.81109652415243,0.5297210882916659,266.7792189538179
ST-MTM,176,123,0.6969617255682244,0.0239271248917189,0.3239802311624608,1.0245466674720676,True,True,0.34574468085106386,82.27789454179427,-1.3575125263926744,2.237922799973774,1127.0672620970283
ST-MTM,176,122,0.4467791271155619,0.009056537189731746,0.32398023116246244,0.050591132990238145,True,True,0.7983193277310925,94.25469517281418,40.641199918946754,0.589240311695221,296.7544120946963
ST-MTM,176,126,0.19728512486236635,0.001257354708101784,0.32398023116245644,0.0518288616669059,True,True,0.8949416342412452,42.715402952257264,66.38961793574123,2.987865014858613,1504.7546956720964
ST-MTM,177,130,0.5513044732615533,0.022912004879696083,0.1860668795241212,0.04071868311317305,True,True,0.5705128205128205,36.346875055170145,-29.80966173621625,0.7708573812397219,467.61301299770327
ST-MTM,177,123,0.6736128633981564,0.023348862170068155,0.18606687952411682,1.0011978053019994,True,True,0.7565392354124748,82.30730278441388,1.4737591766351141,2.4558725543342477,1489.7670991016573
ST-MTM,177,122,0.44551664106575367,0.0012624860498082313,0.18606687952412634,0.04932864694042992,True,True,0.9038461538461539,93.82371008005106,40.36171315216062,0.4891979534790494,296.7544120946963
ST-MTM,177,126,0.1834908243990542,0.013794300463312167,0.18606687952411946,0.06562316213021807,True,True,0.8834244080145719,42.8174992836769,64.8363982115634,2.628821325766239,1594.6802750947318
ST-MTM,178,130,0.6278155778180543,0.07651110455650105,0.3097302096735465,0.03579242144332788,True,True,0.6626506024096386,40.785391609341055,-34.552477728825465,0.8082483076202891,359.702317690541
ST-MTM,178,131,0.849120567058553,,,,False,True,,91.92534750675082,-9.969120540275535,0.1145018435795393,50.957828339493304
ST-MTM,178,123,0.6677291496112019,0.00588371378695446,0.30973020967354303,0.995314091515045,True,False,0.23742454728370221,83.41651581463339,3.2890178612891567,0.7947775024932833,353.70727906236533
ST-MTM,178,122,0.4163893905226142,0.02912725054313944,0.3097302096735526,0.020201396397290475,True,True,0.8761061946902655,92.71428579878608,42.74755893607237,0.7611004896757692,338.7196824919261
ST-MTM,178,126,0.17351393260751138,0.009976891791542819,0.30973020967354264,0.07560005392176089,True,True,0.8809523809523809,44.55643758819775,65.37810950109912,3.8661210714503795,1720.576086286421
ST-MTM,179,130,0.6408681616029414,0.013052583784886985,0.0736529095747735,0.04884500522821492,True,True,0.8863636363636364,41.967182802424965,-34.93699658992799,0.8071722373882437,386.6799915173316
ST-MTM,179,131,0.8448861279105995,0.00423443914795354,0.07365290957475523,0.004234439147953613,True,True,0.3888888888888889,91.36063027490971,-10.025705074362225,0.050057193016325385,23.980154512702732
ST-MTM,179,123,0.6788619645800487,0.011132814968846756,0.07365290957476517,1.0064469064838917,True,False,0.5802469135802469,86.725947756711,5.262512007105155,0.8634865795316156,413.6576653441221
ST-MTM,179,122,0.41670849942085464,0.00031910889824041295,0.07365290957476968,0.02052050529553089,True,True,0.8879310344827587,92.29851075932172,42.29349082881916,0.6632578074663087,317.7370472933112
ST-MTM,179,126,0.15552081534980608,0.017993117257705294,0.07365290957476509,0.09359317117946618,True,True,0.8800623052959502,45.637289015748834,64.29978685772556,3.9607753974167608,1897.4297258176036
ST-MTM,180,130,0.6474667221410434,0.006598560538102068,0.04230237969068851,0.055443565766316996,True,True,0.8923076923076924,41.532620302094,-36.163386354831204,0.7637198128949052,350.70975974827746
ST-MTM,180,132,0.8575853175384395,,,,False,True,,94.13401934684053,-8.776218757772194,0.03916511860999705,17.985115884527048
ST-MTM,180,123,0.6932427228228416,0.014380758242792968,0.042302379690688556,1.0208276647266847,True,True,0.532608695652174,90.92210294302316,7.732976204282167,0.9399628466398902,431.6427812286492
ST-MTM,180,122,0.43300812378697917,0.016299624366124553,0.04230237969068962,0.036820129661655446,True,True,0.5188679245283019,93.01690598639848,41.05593113196098,0.35901358725828914,164.86356227483128
ST-MTM,180,126,0.14728173198505293,0.008239083364753163,0.04230237969068992,0.10183225454421935,True,True,0.9177877428998505,46.61946441603849,64.29327225424484,4.242887849416178,1948.387554157097
ST-MTM,181,130,0.5516597426403235,0.09580697950071994,0.5782534852551535,0.040363413734402914,True,True,0.7748344370860927,39.94908929758444,-26.25007981925437,0.5528315819028933,452.6254164272641
ST-MTM,181,123,0.6276728607119608,0.06556986211088085,0.5782534852551654,0.955257802615804,True,True,0.2727272727272727,85.29990240792827,9.979159122492979,1.933079968508121,1582.6901978383803
ST-MTM,181,126,0.03902291924828922,0.18630465123334214,0.5782534852551674,0.28813690577756146,True,True,0.6166982922201139,56.8165331102519,52.1337828004572,3.858837664408256,3159.385357048585
ST-MTM,182,130,0.6532793416366168,0.1016195989962933,0.4223406904345067,0.06125618526189041,True,True,0.6026490066225165,43.92700297788885,-34.46651801850516,0.5082501571730234,272.7742575819936
ST-MTM,182,133,0.8470477627674854,,,,False,True,,97.94565150723771,-3.70008002486054,0.16755499687022724,89.92557942263525
ST-MTM,182,123,0.6793073945051524,0.051634533793191634,0.42234069043450817,1.0068923364089957,True,True,0.19507575757575757,95.79101057726962,14.274123236651327,0.5752721559211125,308.74448935104766
ST-MTM,182,126,0.0033539896592420957,0.04237690890753131,0.4223406904345087,0.24575999687003017,True,True,0.8652751423149905,55.652778128140824,56.055256887249875,5.093671904854901,2733.7376144481113
ST-MTM,183,130,0.6762739977760572,0.02299465613944053,1.5928508887592991,0.08425084140133082,True,True,0.8316831683168316,42.46092410157026,-38.69195563155662,2.58184600083554,281.7668155242571
ST-MTM,183,133,0.9533825587261778,0.10633479595869234,1.592850888759306,0.1063347959586924,True,True,0.4,97.12074603968904,-17.285161007452295,0.3295973618087942,35.970231769054095
ST-MTM,183,134,0.8541508974387165,,,,False,False,,95.84072031418253,-6.657387378463452,0.4943960427131895,53.95534765358115
ST-MTM,183,123,0.7356133674012338,0.05630597289608145,1.5928508887593047,1.063198309305077,True,True,0.38181818181818183,97.47776001755142,9.204155929403354,1.3458558940525727,146.87844639030425
ST-MTM,183,135,0.5611129046703807,,,,False,False,,94.13401934684052,26.800470786394843,0.027466446817399515,2.9975193140878416
ST-MTM,183,126,0.4618039659863772,0.45844997632713513,1.5928508887593071,0.21268997945710494,True,True,0.043859649122807015,23.519266823064214,78.93574274142948,1.0986578726959806,119.90077256351367
ST-MTM,183,136,0.24535943494741985,,,,False,False,,39.41919421734617,68.86232641103655,0.46692959589577754,50.957828339493304
ST-MTM,184,130,0.6538190918097754,0.022454905966281954,0.2941545869573976,0.06179593543504893,True,True,0.6503496503496503,40.661395377089306,-37.79689564008373,2.9063044790462413,425.6477426004735
ST-MTM,184,133,0.9296003081564864,0.02378225056969126,0.2941545869574188,0.08255254538900102,True,True,0.21428571428571427,95.15803992724574,-16.393997051532644,0.10233466475514774,14.987596570439209
ST-MTM,184,134,0.8602496274714606,0.006098730032744045,0.2941545869573997,0.006098730032744015,True,False,0.36,95.73405150372366,-7.495903792851608,0.32747092721647775,47.960309025405465
ST-MTM,184,123,0.7084077596740594,0.027205607727174435,0.29415458695740043,1.0359927015779025,True,True,0.5932203389830508,98.04046822764556,13.03153706675843,0.9210119827963439,134.88836913395286
ST-MTM,184,126,0.45413969762818596,0.007664268358191221,0.29415458695741853,0.20502571109891368,True,True,0.7441860465116279,23.525362183661866,78.02212589904418,0.7163426532860342,104.91317599307446
ST-MTM,184,136,0.1630957973115447,0.08226363763587514,0.2941545869573756,0.08226363763587514,True,True,0.2537313432835821,45.42935890567704,65.0008545830624,1.3712845077189968,200.83379404388538
ST-MTM,185,130,0.5576763824912094,0.0961427093185659,0.19832189814039594,0.034346773883516944,True,True,0.6903553299492385,38.384766282720605,-28.536399616224525,3.2059447090753395,572.5261889907778
ST-MTM,185,133,0.8999760929647828,0.029624215191703794,0.19832189814037254,0.05292833019729729,True,True,0.18181818181818182,93.28066886316951,-14.716462292604417,0.13428040666284247,23.980154512702732
ST-MTM,185,134,0.8379240267831407,0.02232560068831988,0.19832189814039314,0.016226870655575827,True,False,0.23809523809523808,93.45133895990372,-7.099544254073162,0.1678505083285522,29.975193140878417
ST-MTM,185,123,0.7262144384001507,0.017806678726091214,0.19832189814039541,1.0537993803039938,True,True,0.7333333333333333,98.84037655981396,11.694643951795884,0.5539066774842212,98.91813736489877
ST-MTM,185,137,0.47038177581698487,,,,False,True,,19.721857170728214,76.1676702687664,0.16785050832854154,29.975193140878417
ST-MTM,185,126,0.42191680341940424,0.03222289420878175,0.19832189814035409,0.17280281689013197,True,True,0.8888888888888888,23.435224729975403,74.06524114030391,0.5539066774842354,98.91813736489877
ST-MTM,185,136,0.08645792114986417,0.07663787616168054,0.19832189814039566,0.15890151379755568,True,True,0.6666666666666666,48.58529030444367,58.96024084242737,1.5610097274555272,278.7692962101693
ST-MTM,186,138,0.581758693349435,,,,False,True,,41.226289359237725,-28.584753842694465,0.016829576654423306,2.9975193140878416
ST-MTM,186,134,0.8005453286782374,0.0373786981049034,0.002649079933133347,0.053605568760479255,True,True,0.04807692307692308,91.18011382644083,-4.885325614947646,3.50055154213979,623.4840173302711
ST-MTM,186,130,0.5614592293474068,0.0037828468561973416,0.0026489269022067496,0.030563927027319575,True,False,0.02617801047120419,43.95701090698496,-23.41809661470385,0.08414786073190328,14.987596570439209
ST-MTM,186,123,0.7234547482583547,0.0027596901417959933,0.00264899797107665,1.0510396901621977,True,True,0.30303030303030304,100.27814282927179,13.463573038269228,0.16829573342439375,29.975193140878417
ST-MTM,186,139,0.36767526490390356,,,,False,False,,25.01263016948849,69.13366195795692,0.06731829718140148,11.990077256351366
ST-MTM,186,126,0.3803921888256367,0.041524614593767536,0.0026488880041059815,0.13127820229636444,True,True,0.825,23.476599298880664,69.12366195795707,0.6731828596697085,119.90077256351367
ST-MTM,186,136,0.01904001557299804,0.06741790557686614,0.0026489165786107716,0.22631941937442182,True,True,0.711864406779661,52.51556823495886,54.80037010371863,1.8344233450176404,326.72960523557475
ST-MTM,187,140,0.4565102723557353,,,,False,True,,21.59922823480444,-33.182004447883806,0.040541528529203674,11.990077256351366
ST-MTM,187,130,0.5167594402739082,0.044699789073498614,0.507105102382714,0.07526371610081822,True,True,0.07936507936507936,42.418270987222634,-19.592861845646343,0.6385290743348477,188.84371678753402
ST-MTM,187,134,0.7297112924253937,0.07083403625284368,0.5071052554136457,0.12443960501332292,True,True,0.5279187817258884,88.33383509488381,0.7684800038365746,3.9933405601258625,1181.0226097506095
ST-MTM,187,141,0.18907504449943144,,,,False,False,,31.789236951581824,54.478242291513595,0.17230149624909075,50.957828339493304
ST-MTM,187,126,0.3551433590824145,0.025248829743222217,0.5071050634846291,0.10602937255314225,True,True,0.5882352941176471,23.035354658543458,65.6525577484332,0.41555066742427016,122.89829187760151
ST-MTM,187,136,0.05152638307523792,0.07056639864823595,0.5071050920591164,0.2968858180226578,True,True,0.7851239669421488,54.975599955955744,48.79243398692719,1.08448588815601,320.7345666073991
ST-MTM,188,130,0.5425090288439602,0.02574958857005205,0.2887476026538516,0.0495141275307662,True,True,0.07936507936507936,39.86092858536411,-25.240154875911117,0.06764124962494122,14.987596570439209
ST-MTM,188,134,0.7515370258230372,0.02182573339764358,0.28874760265381905,0.10261387161567939,True,True,0.7944162436548223,89.45558666320004,-0.7288564355644276,4.234342226521171,938.2235453094944
ST-MTM,188,142,0.5222537308514777,,,,False,False,,43.95701090698497,-18.71343679519236,0.06764124962494122,14.987596570439209
ST-MTM,188,141,0.1541868019707247,0.03488824252870672,0.28874760265378385,0.03488824252870672,True,False,0.029411764705882353,37.94169504473042,56.44411128121739,0.7169972460243486,158.8685236466556
ST-MTM,188,126,0.39198232944670486,0.03683897036429036,0.2887476026538417,0.14286834291743258,True,True,0.3902439024390244,21.91923466618107,68.95711419978565,0.21645199879981192,47.960309025405465
ST-MTM,188,136,0.045823551988496844,0.005702831086741078,0.28874760265381194,0.2911829869359167,True,True,0.719626168224299,56.16546406038741,50.666637821767786,1.0416752442240522,230.8089871847638
ST-MTM,189,130,0.5079598888367354,0.034549140007224824,0.09550399703532042,0.08406326753799102,True,True,0.03731343283582089,37.73646797825479,-23.218718682153458,1.6476674317553872,401.66758808777075
ST-MTM,189,134,0.7980067841272114,0.04646975830417413,0.09550399703528295,0.056144113311505234,True,True,0.8977635782747604,89.11716881650415,-6.6436452787612135,3.455183196442275,842.3029272586834
ST-MTM,189,141,0.08273207868792679,0.07145472328279794,0.0955039970352834,0.10634296581150465,True,False,0.19318181818181818,45.886895846979414,55.81474528953063,0.6393933317259695,155.87100433256776
ST-MTM,189,126,0.4233279586768727,0.031345629230167836,0.09550399703529186,0.17421397214760043,True,True,0.8,22.196573573374145,72.99592861459887,0.2459205122023036,59.950386281756835
ST-MTM,189,136,0.035491840561203546,0.0103317114272933,0.09550399703528267,0.2808512755086234,True,True,0.37662337662337664,55.40956291542489,51.15054204808047,0.35658474269332885,86.9280601085474
ST-MTM,190,130,0.31740476412667534,0.8253646529634108,0.09763846034800402,0.9094279205014018,True,True,0.7718120805369127,40.37293887556673,78.46151057076777,1.7624303212073897,389.6775108314194
ST-MTM,190,134,0.9232361498971678,0.1252293657699565,0.09763847458454572,0.06908525245845129,True,True,0.9293286219081273,90.04437740622846,-20.743960581431676,3.592646475146548,794.342618233278
ST-MTM,190,143,0.48633832666591154,,,,False,True,,19.770620055509415,78.1312192554188,0.09490009506492925,20.98263519861489
ST-MTM,190,126,0.18728192305527272,0.23604603562159995,0.09763846582649849,0.06183206347399954,True,True,0.6896551724137931,22.74683750594821,45.22066827258094,0.3931575353463401,86.9280601085474
ST-MTM,190,141,0.22131009351599176,0.30404217220391855,0.09763846815124233,0.4103851380154232,True,False,0.19444444444444445,52.972407781532844,26.415196559613833,0.46094331837416647,101.91565667898661
ST-MTM,190,136,0.2844538332362151,0.2489619926750115,0.09763847827053063,0.5298132681836349,True,True,0.10344827586206896,54.879897097973924,20.745437109628117,0.040671469679875116,8.992557942263524
ST-MTM,191,130,0.3541751094017215,0.6715798735283969,0.3617900353895886,0.2378480469730049,True,True,0.6962962962962963,36.640607972237945,-5.860405155968634,0.9347175182546241,296.7544120946963
ST-MTM,191,134,0.6546643892474203,0.2685717606497475,0.36179004962613265,0.19948650819129626,True,True,0.9252669039145908,90.52273903913128,11.963012329440845,2.60587914180077,827.3153306882442
ST-MTM,191,144,0.3520338218613152,,,,False,True,,19.039176783791405,-23.20488183956642,0.018883182186961278,5.995038628175683
ST-MTM,191,126,0.3683799961565023,0.1810980731012296,0.36179004086810784,0.11926600962723004,True,True,0.4307692307692308,23.332596404761187,67.53819594354147,0.6042618299827893,191.84123610162186
ST-MTM,191,141,0.011408362690943896,0.20990173082504787,0.36179004319282715,0.20048340719037533,True,True,0.1471861471861472,57.08161522900388,55.71261170609061,2.1810075425941164,692.4269615542914
ST-MTM,192,130,0.4140749947257164,0.05989988532399494,0.15415067982725922,0.17794816164900998,True,True,0.5657142857142857,34.926124645506604,-14.762874721579367,1.4162386640221563,524.5658799653722
ST-MTM,192,134,0.6813013970694696,0.026637007822049252,0.15415067982725925,0.17284950036924704,True,True,0.8949152542372881,90.88947828525035,9.133310636914002,2.290260239532973,848.2979658868592
ST-MTM,192,126,0.4135637884451532,0.04518379228865082,0.15415067982726455,0.1644498019158809,True,True,0.5773195876288659,26.4604495294247,76.08810414284308,0.7202585205598382,266.7792189538179
ST-MTM,192,141,0.01335010715397343,0.001941744463029534,0.15415067982725594,0.20242515165340486,True,True,0.813953488372093,60.49688762340338,58.89487476492657,1.917991790704292,710.4120774388184
ST-MTM,193,145,0.4248351082244631,,,,False,True,,23.135259105412263,-27.844953881523306,0.0979127965249873,29.975193140878417
ST-MTM,193,130,0.4610315215414012,0.04695652681568476,0.19051832399812563,0.1309916348333252,True,True,0.07428571428571429,38.075456804144764,-17.24832578082338,0.1272866354824842,38.96775108314194
ST-MTM,193,134,0.6248430912117275,0.05645830585774201,0.19051832399813345,0.22930780622698907,True,True,0.9155844155844156,90.37594164676491,15.39477070135761,3.0059228533171503,920.2384294249673
ST-MTM,193,126,0.35178753229771187,0.061776256147441234,0.19051832399814614,0.10267354576843962,True,True,0.7321428571428571,29.08433104871875,71.29883492444418,1.0280843635123915,314.73952797922334
ST-MTM,193,141,0.03782418952719736,0.024474082373223936,0.19051832399813035,0.2268992340266288,True,True,0.7716535433070866,64.44703773180667,59.90813498854299,2.0855425659822515,638.4716139007103
ST-MTM,194,145,0.4484961404953001,0.023661032270837,0.3297050622266212,0.023661032270837032,True,True,0.6,23.305929202146462,-30.513607657289548,0.08169204997621193,17.985115884527048
ST-MTM,194,130,0.4867740407775733,0.025742519236172108,0.329705062226641,0.10524911559715307,True,True,0.38235294117647056,40.071756351918125,-18.34112854139067,0.46292161653187947,101.91565667898661
ST-MTM,194,134,0.6629330302683244,0.03808993905659689,0.3297050622266289,0.1912178671703921,True,True,0.934984520123839,90.26979074153785,10.717827109338915,4.329678648739325,953.2111418799336
ST-MTM,194,126,0.4087125325106596,0.05692500021294767,0.32970506222662155,0.15959854598138729,True,True,0.7073170731707317,31.506220992851706,80.55172489413086,1.4296108745837444,314.73952797922334
ST-MTM,194,141,0.121333021747041,0.08350883221984363,0.32970506222643703,0.31040806624647244,True,False,0.004694835680751174,73.6536077387362,59.09364512909128,0.01361534166269962,2.9975193140878416
ST-MTM,194,146,0.08277642972046166,,,,False,False,,71.94690677139417,62.01373520493877,0.01361534166269962,2.9975193140878416
ST-MTM,194,147,0.05409533315217618,,,,False,True,,70.24020580405215,63.74876582579101,0.01361534166269962,2.9975193140878416
ST-MTM,195,145,0.38517863416463327,0.0633175063306668,0.0064585800394357795,0.039656474059829826,True,True,0.3333333333333333,20.745877751133428,-25.475558348622567,0.1370356201904812,29.975193140878417
ST-MTM,195,130,0.5362827219237852,0.049508681146212,0.006458580039416795,0.05574043445094112,True,True,0.47058823529411764,37.7062186140948,-26.647708016759434,0.21925699230477136,47.960309025405465
ST-MTM,195,134,0.14275843401197577,0.5201745962563487,0.006458580039413778,0.7113924634267408,True,True,0.9537037037037037,90.02168273029264,72.89067064885555,4.316622036000155,944.2185839376701
ST-MTM,195,148,0.058874750084059034,,,,False,True,,21.439225019116133,14.37425500902905,0.43851398460953916,95.92061805081093
ST-MTM,195,126,0.01959455511357821,0.4283070876242378,0.006458580039399475,0.26870854164285046,True,False,0.17142857142857143,32.97723468375127,30.625888070121885,0.24666411634286334,53.95534765358115
ST-MTM,195,146,0.10564540496596439,0.022868975245502732,0.006458580039613082,0.022868975245502732,True,True,0.013888888888888888,65.71270740457537,53.03525880865964,0.9866564653714676,215.8213906143246
ST-MTM,196,130,0.5269855478032551,0.009297174120530135,0.17582099219086522,0.06503760857147126,True,True,0.2692307692307692,35.628310186355876,-27.609955550034744,0.5747055448205884,149.8759657043921
ST-MTM,196,134,0.059354065977591,0.08340436803438477,0.1758209921908599,0.7947968314611256,True,True,0.8987341772151899,90.92422384334816,83.80173592603724,3.275821605477347,854.2930045150348
ST-MTM,196,148,0.17084750186222092,0.11197275177816189,0.17582099219086156,0.11197275177816189,True,True,0.15609756097560976,31.81029524185317,11.308595018386658,2.356292733764402,614.4914593880076
ST-MTM,196,149,0.1746958662386754,,,,False,True,,53.1731961306319,32.20969218199085,0.05747055448205174,14.987596570439209
ST-MTM,196,146,0.21495671477359501,0.10931130980763062,0.1758209921908791,0.13218028505313337,True,True,0.09722222222222222,71.94690677139417,46.152100998562766,0.08045877627488096,20.98263519861489
ST-MTM,197,134,0.1190706228416803,0.0597165568640893,1.05668259553,0.7350802745970363,True,True,0.9157894736842105,91.60339377457474,77.3149190335731,1.0428082777505097,782.3525409769267
ST-MTM,197,148,0.31688279924269497,0.14603529738047405,1.0566825955299863,0.25800804915863595,True,True,0.1544837980406933,55.82134781997419,17.795411910850795,5.301940937068743,3977.7081297945656
ST-MTM,198,134,0.04245992467959958,0.07661069816208071,0.6744317247485956,0.811690972759117,True,True,0.9578544061302682,91.99040293185894,86.89521197030699,1.9606765187945712,749.3798285219603
ST-MTM,198,148,0.3157213540556865,0.0011614451870084993,0.674431724748589,0.25684660397162745,True,True,0.40994724943481536,46.101681460799284,8.215118974116907,4.266432104897007,1630.6505068637857
ST-MTM,198,150,0.42584413209943267,,,,False,True,,96.75096083009826,45.64966497816634,0.11764059112768166,44.962789711317626
ST-MTM,199,134,0.029393910750784968,0.013066013928814613,0.09091803354659028,0.8247569866879316,True,True,0.9442231075697212,91.97554459402559,88.4482753039314,1.7043457258769479,713.4095967529063
ST-MTM,199,150,0.4446639502382484,0.01881981813881571,0.090918033546701,0.01881981813881571,True,True,0.47619047619047616,98.7207781965722,45.36110416798239,0.1145778639244952,47.960309025405465
ST-MTM,199,148,0.3428807033112979,0.027159349255611365,0.09091803354658917,0.2840059532272388,True,True,0.8120184899845917,48.09630084803219,6.950616450676452,4.525825625017804,1894.4322065035158
ST-MTM,200,134,0.0626182046233905,0.03322429387260553,0.4822681481831092,0.791532692815326,True,True,0.8916666666666667,93.01202148868052,85.49783693387366,2.5054219934204127,647.4641718429738
ST-MTM,200,151,0.3339309612132662,,,,False,True,,20.745877751133428,-19.32583759445852,0.03479752768639344,8.992557942263524
ST-MTM,200,150,0.43391477487417096,0.010749175364077424,0.4822681481835316,0.008070642774738287,True,True,0.0625,100.96082321620861,48.89105023130809,0.011599175895469216,2.9975193140878416
ST-MTM,200,148,0.35322154733596706,0.010340844024669187,0.48226814818309993,0.29434679725190804,True,True,0.5174050632911392,48.75769454539841,6.371108865082364,3.792930517817001,980.1888157067242
ST-MTM,201,134,0.19770805367577537,0.13508984905238489,0.0924808527941732,0.6564428437629412,True,True,0.9315068493150684,93.15287241392413,69.42790597283108,2.188938479112636,620.4864980161832
ST-MTM,201,152,0.5451913994459885,,,,False,True,,38.203578007439205,-27.219389926079415,0.8776903080499991,248.79410306929086
ST-MTM,201,153,0.3491505004468314,,,,False,False,,91.69587510778047,49.7978150541607,0.07402207417288764,20.98263519861489
ST-MTM,201,151,0.26576387151647524,0.06816708969679099,0.09248085279413765,0.06816708969679099,True,True,0.06666666666666667,22.338798653985982,-9.552865927991046,0.4758561911114434,134.88836913395286
ST-MTM,201,148,0.3332429050490461,0.01997864228692096,0.09248085279416571,0.2743681549649871,True,True,0.7359050445103857,52.65721676841218,12.668068162526648,2.7282421623722826,773.3599830346632
ST-MTM,202,152,0.585700960153042,0.04050956070705336,0.35534072092559765,0.04050956070705342,True,True,0.46629213483146065,38.77170819272333,-31.512407025641693,1.3193520563526029,533.5584379076358
ST-MTM,202,134,0.2332951193558772,0.03558706568010184,0.3553407209255923,0.6208557780828393,True,True,0.5418848167539267,89.49197142781331,61.496557105108046,2.8314184580151363,1145.0523779815555
ST-MTM,202,151,0.2379227081044486,0.02784116341202664,0.3553407209255922,0.09600825310881762,True,True,0.5172413793103449,24.826266270755738,-3.7244587017780937,0.6448518477678462,260.78418032564224
ST-MTM,202,148,0.3103063332911431,0.02293657175790296,0.3553407209255939,0.2514315832070841,True,True,0.7360594795539034,56.30078689853619,19.064026903599014,1.5491268526836777,626.4815366443589
ST-MTM,203,152,0.5211718313516664,0.06452912880137542,0.3755434282431154,0.024019568094322055,True,True,0.5894039735099338,40.11297780107084,-22.427641961129133,3.2586977259785996,905.2508328545282
ST-MTM,203,134,0.25216216344658804,0.018867044090710827,0.3755434282434491,0.6019887339921285,True,False,0.005235602094240838,96.69407079785354,66.43461118426298,0.02158077964224958,5.995038628175683
ST-MTM,203,154,0.25755176528083484,,,,False,True,,100.96082321620861,70.05461138250843,0.01079038982112479,2.9975193140878416
ST-MTM,203,155,0.2762952022762926,,,,False,False,,68.53350483671014,35.378080563555024,0.01079038982112479,2.9975193140878416
ST-MTM,203,151,0.30256464334159283,0.06464193523714425,0.37554342824311565,0.03136631787167339,True,True,0.6641221374045801,27.181834070728524,-9.125923130262617,1.4135410665668786,392.67503014550726
ST-MTM,203,148,0.40883342492458097,0.09852709163343781,0.37554342824311315,0.3499586748405219,True,True,0.6822429906542056,59.502683161834106,10.442672170884395,1.6293488629892998,452.6254164272641
ST-MTM,204,152,0.576975225235776,0.05580339388410961,0.4421971173768917,0.031783825789787556,True,True,0.7420382165605095,36.48932340906393,-32.7477036192292,1.6988672760991506,734.3922319515211
ST-MTM,204,134,0.7363571404337748,0.4841949769871867,0.4421971173772272,0.11779375700494181,True,True,0.0045871559633027525,84.985945583817,-3.376911268235967,3.0232903362417476,1306.918420942299
ST-MTM,204,151,0.13256998745424972,0.4351346307958425,0.44219711737689926,0.46650094866751596,True,True,0.7391304347826086,30.1270058870604,46.035404381570366,1.0331886699541712,446.63037779908836
ST-MTM,204,148,0.21208717609562958,0.19674624882895136,0.4421971173768928,0.15321242601157053,True,True,0.5629139072847682,60.86338990112596,35.412928769650414,0.5894029325241945,254.78914169746653
ST-MTM,205,152,0.400392282970141,0.17658294226563503,0.07604342948361686,0.14479911647584748,True,True,0.8,34.59976162379243,-13.44731233262449,1.4664750543686047,587.513785561217
ST-MTM,205,134,0.9583299288445164,0.22197278841074164,0.07604342948361711,0.1041790314057998,True,True,0.8591836734693877,82.47455694889341,-32.525034512448556,3.5539574021688054,1423.8216741917247
ST-MTM,205,151,0.04488671455074436,0.08768327290350536,0.07604342948361703,0.3788176757640106,True,True,0.7215909090909091,33.06958863220051,38.45599437828983,1.1522303998610397,461.6179743695276
ST-MTM,205,148,0.0491537886785481,0.16293338741708147,0.07604342948357945,0.00972096140551093,True,True,0.27058823529411763,58.7385253719646,52.84007073053883,0.172086358420799,68.94294422402035
ST-MTM,206,152,0.3888528222107567,0.011539460759384286,0.1875237439812379,0.1563385772352318,True,True,0.8177570093457944,36.283046661081265,-10.379292004209542,1.7418728285350191,578.5212276189534
ST-MTM,206,134,1.0004436316767134,0.04211370283219704,0.18752374398124047,0.1462927342379968,True,True,0.9463917525773196,82.36542461681027,-37.687811184395336,4.232841225818262,1405.8365583071977
ST-MTM,206,151,0.12582096453832944,0.0809342499875851,0.18752374398125093,0.4597519257515957,True,True,0.21428571428571427,25.452234964106896,40.55075070870643,0.2978331779360417,98.91813736489877
ST-MTM,206,156,0.059757744538890496,,,,False,False,,41.226289359237725,48.397218703904585,0.07220198252994692,23.980154512702732
ST-MTM,207,152,0.3222132388524147,0.06663958335834204,0.9239427459721691,0.2229781605935738,True,True,0.8545454545454545,37.76525856034877,-0.9003301019409927,0.7702547042270703,644.4666525288859
ST-MTM,207,134,1.0369050009847465,0.03646136930803318,0.9239427459721647,0.18275410354602997,True,True,0.7228144989339019,85.74651547783805,-38.682084640331546,1.2144946266650152,1016.1590474757783
ST-MTM,207,157,0.6864828444241482,,,,False,False,,65.12010290202608,-17.257838428871704,0.0035825800196604973,2.9975193140878416
ST-MTM,207,151,0.18640761351780857,0.3122285780561381,0.9239427459721772,0.14752334769545766,True,True,0.027138157894736843,54.43497587540203,32.066062253265,4.35641730390752,3644.9834859308153
ST-MTM,208,152,0.6333939788463883,0.3111807399939736,0.021113480442334576,0.08820257940039973,True,True,0.6880733944954128,40.72431848649005,-35.282958975076546,0.5598308130722813,458.6204550554398
ST-MTM,208,134,0.8625918875908805,0.17431311339386613,0.02111348044233989,0.008440990152163864,True,True,0.9348441926345609,85.82873615111208,-17.682290359793573,1.2587045731821362,1031.1466440462175
ST-MTM,208,157,0.5679734408786563,0.11850940354549185,0.021113480442450205,0.1185094035454919,True,False,0.5,65.12010290202608,-3.0367100034126833,0.007318049844082353,5.995038628175683
ST-MTM,208,151,0.206233419594478,0.019825806076669426,0.02111348044234697,0.12769754161878824,True,True,0.920846394984326,55.97577877174092,31.22776842040356,4.518895778720754,3701.9363528984845
ST-MTM,209,152,0.673513253741423,0.040119274895034765,0.05573463652226063,0.12832185429543455,True,True,0.782051282051282,41.97723778486821,-38.84435266410256,0.48359369015390996,374.6899142609802
ST-MTM,209,134,0.8677588003152277,0.005166912724347246,0.05573463652224554,0.01360790287651111,True,True,0.8488372093023255,87.99106483767449,-16.13999120015284,1.129674860199529,875.2756397136498
ST-MTM,209,157,0.5486910838601825,0.019282357018473785,0.055734636522222214,0.1377917605639657,True,False,0.05555555555555555,64.21934405815111,-1.623586005070797,0.13927498276432537,107.9106953071623
ST-MTM,209,151,0.20695679390129856,0.0007233743068205752,0.05573463652224282,0.12697416731196765,True,True,0.9548022598870056,56.66855421960278,31.833738951446954,4.5922056817015005,3558.055425822268
ST-MTM,210,152,0.7193382684912601,0.045825014749837044,0.08989802271561564,0.17414686904527166,True,True,0.34782608695652173,47.74532748039661,-38.5752647385546,0.25819192935554724,182.84867815935834
ST-MTM,210,134,0.876659494328617,0.008900694013389348,0.08989802271564729,0.022508596889900426,True,True,0.9446254071661238,87.80523641548366,-17.393902903950384,1.2909596467777718,914.2433907967917
ST-MTM,210,157,0.5426177308816643,0.006073352978518252,0.08989802271564351,0.14386511354248388,True,False,0.4444444444444444,63.73340836606069,-1.3807193397390287,0.06772247327358771,47.960309025405465
ST-MTM,210,151,0.2164269984792768,0.009470204577978219,0.08989802271564792,0.11750396273398943,True,True,0.9216013344453712,58.54693588187799,32.57569606436478,4.727875165412357,3348.229073836119
ST-MTM,211,158,0.6714051436388413,,,,False,True,,19.892527267462416,-60.676089969198536,0.008986896904843888,5.995038628175683
ST-MTM,211,152,0.6017237889534102,0.11761447953785004,0.05979108004942746,0.056532389507421614,True,True,0.7702702702702703,49.12587669379224,-23.080977980616964,0.3145413916695077,209.82635198614892
ST-MTM,211,134,0.984745985328722,0.10808649100010496,0.05979108004941005,0.13059508789000548,True,True,0.9049180327868852,88.93352835577288,-29.235989883673764,1.2401917728683571,827.3153306882442
ST-MTM,211,157,0.540719537867394,0.0018981930142703348,0.05979108004949474,0.1457633065567542,True,False,0.0625,61.70670096734203,-3.179643576745245,0.004493448452421944,2.9975193140878416
ST-MTM,211,159,0.5145387994098061,,,,False,False,,60.0,-1.7446559291767336,0.0044934484524215,2.9975193140878416
ST-MTM,211,151,0.23637306349142673,0.019946065012149936,0.05979108004940911,0.0975578977218395,True,True,0.9472743521000894,59.087188183191834,30.722420564220627,4.77204225647171,3183.365511561288
ST-MTM,212,158,0.6874430705590217,0.01603792692018035,0.07880409829639248,0.01603792692018035,True,True,1.0,19.892527267462416,-62.60064119962018,0.009723753585930694,5.995038628175683
ST-MTM,212,152,0.7778239729148138,0.17610018396140378,0.07880409829648305,0.2326325734688253,True,True,0.06329113924050633,60.85335048367101,-32.48552626610665,0.06806627510151486,41.96527039722978
ST-MTM,212,134,0.9033595342931977,0.08138645103552428,0.07880409829639201,0.04920863685448111,True,True,0.9501779359430605,89.17705697845734,-19.226087136726385,1.3224304876864679,815.3252534318929
ST-MTM,212,157,0.541074342732551,0.00035480486515698795,0.07880409829639248,0.1454085016915973,True,False,1.0,61.70670096734203,-3.2222201605640834,0.004861876792965347,2.9975193140878416
ST-MTM,212,159,0.5125637342514355,0.0019750651583706,0.07880409829640007,0.0019750651583705665,True,False,1.0,60.0,-1.5076481101722616,0.004861876792964903,2.9975193140878416
ST-MTM,212,151,0.23031901161350113,0.0060540518779255885,0.07880409829639447,0.1036119495997651,True,True,0.9429373246024322,59.485467491619076,31.84718609799894,4.9348049448594296,3042.482103799159
ST-MTM,213,158,0.7173685324701246,0.029925461911102916,1.456930618350401,0.04596338883128321,True,True,0.4,20.404537557665027,-65.67968633874992,0.10435442787530747,14.987596570439209
ST-MTM,213,152,0.7278124437919049,0.05001152912290889,1.4569306183504949,0.18262104434591642,True,True,0.52,59.85777491938817,-27.479718335640424,0.5009012538015227,71.94046353810819
ST-MTM,213,134,1.011714477582328,0.10835494328913017,1.456930618350571,0.1575635801436114,True,True,0.8566176470588235,91.10883694550034,-30.296900364379006,4.862916338989763,698.4220001824671
ST-MTM,213,159,0.5617849405300585,0.049221206278622955,1.4569306183505817,0.04724614112025236,True,False,0.05,60.25600514510131,-7.158187718505705,0.41741771150126716,59.950386281756835
ST-MTM,213,160,0.1502851917985747,,,,False,True,,59.14664951632899,41.11242650050003,0.04174177115012867,5.995038628175683
ST-MTM,213,151,0.2499879830357518,0.019668971422250645,1.456930618350584,0.08394297817751445,True,True,0.019704433497536946,76.64033443158475,46.641776467294534,0.4174177115012725,59.950386281756835
ST-MTM,214,158,0.7016883083276182,0.015680224142506353,0.33506146751813604,0.030283164688776884,True,True,0.8,20.319202509297924,-63.88339449001626,0.05971528672770887,11.990077256351366
ST-MTM,214,152,0.764203849641655,0.03639140584975008,0.3350614675182083,0.21901245019566648,True,True,0.6428571428571429,61.93943291743412,-29.765029039564485,0.3284340770024059,65.94542490993251
ST-MTM,214,134,1.0512371704159433,0.03952269283361544,0.3350614675181925,0.19708627297722678,True,True,0.890295358649789,91.49061738346886,-34.65784306644434,3.2096966616144584,644.4666525288859
ST-MTM,214,159,0.6558576618553371,0.09407272132527858,0.33506146751819577,0.141318862445531,True,False,0.16666666666666666,63.19078876503077,-15.51213065760968,1.373451594737345,275.7717768960814
ST-MTM,214,161,0.03931919475201647,,,,False,True,,21.31477807358078,26.033081443822756,0.5822240455951828,116.90325324942582
ST-MTM,214,160,0.11790149898111218,0.03238369281746252,0.3350614675181772,0.03238369281746252,True,True,0.4,58.29329903265798,44.145119154924515,0.0746441084096432,14.987596570439209
ST-MTM,214,151,0.2446368811629641,0.005351101872787704,0.33506146751819843,0.08929408005030215,True,True,0.3877551020408163,86.16941483257773,56.81298909302204,0.7165834407325349,143.88092707621638
ST-MTM,215,158,0.703876042895231,0.0021877345676127647,0.05270406349045509,0.03247089925638965,True,True,0.75,20.745877751133428,-63.719247396294286,0.042487159920668205,8.992557942263524
ST-MTM,215,152,0.7927209112010593,0.028517061559404262,0.052704063490557895,0.2475295117550708,True,True,0.2727272727272727,56.448960890530294,-38.67754845359682,0.8780679716937385,185.84619747344618
ST-MTM,215,134,0.9169053689055047,0.1343318015104387,0.05270406349057004,0.06275447146678807,True,True,0.8796296296296297,92.5613524868813,-17.467291781779256,2.705015848282322,572.5261889907778
ST-MTM,215,159,0.7349001232621191,0.07904246140678199,0.052704063490568664,0.22036132385231302,True,False,0.2608695652173913,62.56005145101303,-25.627963340441255,0.3398972793653172,71.94046353810819
ST-MTM,215,161,0.23313709953526882,0.19381790478325236,0.052704063490576436,0.19381790478325236,True,True,0.3644859813084112,25.69052541352621,53.66697735775847,1.5153753705037047,320.7345666073991
ST-MTM,215,160,0.15036951509811847,0.032468016117006296,0.052704063490693676,8.432329954377593e-05,True,True,0.7142857142857143,60.0,41.95565818822578,0.09913670648154493,20.98263519861489
ST-MTM,215,151,0.4653773857222946,0.22074050455933053,0.052704063490569136,0.13144642450902838,True,True,0.7894736842105263,88.88749415093727,33.04220786426192,0.7647688785719708,161.86604296074344
ST-MTM,216,158,0.7344509484772146,0.030574905581983725,0.05852167594114621,0.06304580483837334,True,True,0.6666666666666666,19.892527267462416,-68.24158654980334,0.02671473074916264,5.995038628175683
ST-MTM,216,152,0.8313757520179123,0.038654840816852956,0.05852143648128186,0.28618435257192376,True,True,0.44047619047619047,61.417429616945086,-38.347660625204384,0.7880847458148779,176.85363953118267
ST-MTM,216,134,0.8525490540230903,0.06435631488241425,0.05852080846265456,0.0016018434156261918,True,True,0.806282722513089,93.4247410227503,-8.881145460020553,2.0570360521191136,461.6179743695276
ST-MTM,216,162,0.6818133790077812,,,,False,False,,54.026546614302916,-27.791058866630827,0.053429468050172346,11.990077256351366
ST-MTM,216,159,0.7842566488506196,0.04935652558850059,0.058521696525732025,0.2697178494408135,True,False,0.08333333333333333,65.12010290202608,-28.99069496004828,0.02671473019924875,5.995038628175683
ST-MTM,216,163,0.7601205066776239,,,,False,False,,63.413401934684046,-27.801058866630825,0.013357369557798648,2.9975193140878416
ST-MTM,216,161,0.1312973074615869,0.10183979207368192,0.058522235754957186,0.09197811270957044,True,True,0.5459183673469388,32.37930883464844,48.13498573003887,2.6180421478011553,587.513785561217
ST-MTM,216,151,0.4379049723475093,0.027472413374785336,0.05852148657634469,0.10397401113424305,True,True,0.8813559322033898,90.09183284524096,37.543236163539845,0.7613699705277384,170.85860090300696
ST-MTM,217,158,0.7124896162433212,0.021961332233893523,0.032088418873092384,0.04108447260447991,True,True,0.6666666666666666,20.745877751133428,-64.75287619806511,0.04137879922708976,8.992557942263524
ST-MTM,217,152,0.7686781329758895,0.06269761904202274,0.03208817941313713,0.223486733529901,True,True,0.07575757575757576,49.75979419594785,-42.48158176115889,0.1655151969083306,35.970231769054095
ST-MTM,217,164,0.7256519011332008,,,,False,False,,49.75979419594785,-37.31843394003625,0.027585866151383698,5.995038628175683
ST-MTM,217,134,0.8653065739014161,0.012757519878325718,0.03208755139449815,0.011155676462699542,True,True,0.8974358974358975,93.90565794980174,-9.9311309183682,1.9585964967485552,425.6477426004735
ST-MTM,217,161,0.10425220290368292,0.027045104557903994,0.03208897868680513,0.06493300815166644,True,True,0.7628458498023716,36.61819674741427,49.12846109585622,3.4482332689235164,749.3798285219603
ST-MTM,217,151,0.44538447833868805,0.007479505991178748,0.03208822950818313,0.1114535171254218,True,True,0.8620689655172413,91.69109443280193,38.24495703215937,0.703439586860398,152.87348501847993
ST-MTM,218,158,0.7236223904992561,0.011132774255934988,0.3625273503685104,0.05221724686041481,True,True,0.5,21.030327912357098,-65.80435894755364,0.05759227729035388,17.985115884527048
ST-MTM,218,152,0.7995400030320196,0.030861870056130117,0.36252735036855777,0.25434860358603106,True,True,0.061224489795918366,59.38175628223837,-36.563044081603984,1.8813477248178145,587.513785561217
ST-MTM,218,134,0.9065643891486311,0.04125781524721501,0.3625273503685455,0.05241349170991458,True,True,0.87248322147651,93.52359345341158,-15.264133244424158,1.3150236647961258,410.6601460300343
ST-MTM,218,161,0.09740568322763601,0.006846519676046903,0.36252735036854533,0.05808648847561955,True,True,0.8482758620689655,40.06859709467706,51.75727908199338,2.745231884172938,857.2905238291227
ST-MTM,218,151,0.4869266648871691,0.041542186548481116,0.36252735036853434,0.15299570367390292,True,True,0.7058823529411765,94.51328622847207,36.08208644201177,0.3455536637420522,107.9106953071623
ST-MTM,219,158,0.6595096658777918,0.06411272462146433,0.6301226642533329,0.011895477761049496,True,True,0.6666666666666666,21.50441151439655,-57.636748390938465,0.16222370151525922,26.977673826790575
ST-MTM,219,152,0.760978520738299,0.03856148229372061,0.6301226642535915,0.2157871212923105,True,True,0.7897196261682243,55.8382051277649,-35.47921736083098,3.370648020372741,560.5361117344264
ST-MTM,219,134,0.9470073305492182,0.040442941400587025,0.6301226642535884,0.09285643311050164,True,True,0.8905109489051095,93.75630683767466,-19.884572828231523,2.199032398318039,365.6973563187167
ST-MTM,219,161,0.2738269599424637,0.1764212767148277,0.6301226642535882,0.23450776519044722,True,True,0.04895104895104895,22.94020756628746,55.799442759383105,0.25234798013485715,41.96527039722978
ST-MTM,219,165,0.1998612040764198,,,,False,False,,33.54613500619861,57.52947949536899,0.036049711447830646,5.995038628175683
ST-MTM,219,151,0.5829071957435535,0.09598053085638443,0.6301226642535824,0.24897623453028733,True,True,0.5,97.35778784070875,27.408924351482323,0.32444740303053266,53.95534765358115
ST-MTM,220,158,0.29921260515924764,0.36029706071854417,0.10157979281795755,0.37219253847959366,True,True,0.8,20.935511191949207,-14.97000142716051,0.1795683740043188,26.977673826790575
ST-MTM,220,152,0.6754256363005225,0.08555288443777641,0.10157979281791951,0.13023423685453406,True,True,0.5454545454545454,51.784410049363395,-29.266666306699317,2.0351082387156154,305.74697003695985
ST-MTM,220,134,1.2213353510323524,0.2743280204831343,0.10157979281792334,0.36718445359363583,True,True,0.8111888111888111,91.53036604629686,-55.02987607758544,2.733429693176859,410.6601460300343
ST-MTM,220,161,0.18696643755750258,0.08686052238496114,0.10157979281793567,0.1476472428054861,True,True,0.7,22.708583863576752,45.14455637047706,0.39904083112071476,59.950386281756835
ST-MTM,220,165,0.08317791598776475,0.11668328808865507,0.10157979281809082,0.11668328808865507,True,True,0.04,44.46902119718757,54.45037111571934,0.9976020778017727,149.8759657043921
ST-MTM,221,158,0.28142706270849555,0.017785542450752048,0.22941316432779782,0.38997808093034575,True,True,0.8181818181818182,21.676805551501804,-12.094441973517666,0.17448060340753102,32.972712454966256
ST-MTM,221,152,0.6378056214532343,0.03762001484728825,0.22941316432780767,0.0926142220072458,True,True,0.7266187050359713,49.40113964483975,-27.13553492954837,2.188938479112643,413.6576653441221
ST-MTM,221,134,1.2267403390112157,0.005404987978863218,0.2294131643278075,0.3725894415724992,True,True,0.875,90.16709277409964,-57.04174790724625,2.347557209483128,443.63285848500055
ST-MTM,221,161,0.15415670781532984,0.03280972974217275,0.22941316432783487,0.11483751306331337,True,True,0.59375,23.44356637693211,41.94237131477169,0.4917180641484862,92.92309873672309
ST-MTM,221,165,0.03884084311103475,0.04433707287672999,0.22941316432780975,0.16102036096538505,True,True,0.6266666666666667,49.99683599696757,54.65773717029174,1.1420548586674641,215.8213906143246
ST-MTM,222,158,0.2721615872447274,0.009265475463768184,0.07796154146970473,0.3992435563941139,True,True,0.8333333333333334,21.211341651317618,-11.44804881804967,0.18862767935949165,32.972712454966256
ST-MTM,222,152,0.6526771502624379,0.01487152880920357,0.07796154146971218,0.10748575081644939,True,True,0.6666666666666666,50.4832869973211,-27.83797103417145,1.5776133182793828,275.7717768960814
ST-MTM,222,134,1.2201964591833423,0.006543879827873411,0.07796154146971232,0.36604556174462577,True,True,0.8654970760233918,90.11179426006372,-56.31178084193736,2.9323030154975527,512.5758027090209
ST-MTM,222,161,0.1334783512870366,0.020678356528293217,0.07796154146971235,0.09415915653502015,True,True,0.5526315789473685,24.829769351558983,40.84717150600338,0.4801431838241541,83.93054079445956
ST-MTM,222,165,0.022993060132877947,0.015847782978156803,0.0779615414697173,0.17686814394354186,True,True,0.8421052631578947,52.31984564696089,55.07901286290625,1.1660620178586782,203.83131335797322
ST-MTM,223,158,0.2793584748465669,0.00719688760183949,0.03576722385862388,0.3920466687922744,True,True,0.7857142857142857,21.477321022851438,-12.045695958736589,0.2488136946987929,41.96527039722978
ST-MTM,223,152,0.6449010611324347,0.00777608913000322,0.03576722385863179,0.0997096616864462,True,True,0.6666666666666666,50.180285738626324,-27.20784159726584,2.4525921334595466,413.6576653441221
ST-MTM,223,134,1.229391975084554,0.009195515901211652,0.03576722385863046,0.37524107764583736,True,True,0.8070175438596491,91.48739610762898,-56.0396409025175,2.4525921334595466,413.6576653441221
ST-MTM,223,161,0.06092500743817162,0.072553343848865,0.035767223858632624,0.02160581268615515,True,False,0.1111111111111111,33.83058516742229,41.141586060002886,0.2132688811703929,35.970231769054095
ST-MTM,223,165,0.019365320656669915,0.042358380789547866,0.03576722385862646,0.21922652473308973,True,True,0.7083333333333334,56.80381455206856,54.47997607326817,0.9774823720309769,164.86356227483128
ST-MTM,224,158,0.2570190085131585,0.02233946633340841,0.2830244021778064,0.4143861351256828,True,True,0.7142857142857143,21.428558138070237,-9.41372288350878,0.23586428307878293,29.975193140878417
ST-MTM,224,166,0.5471888230049621,,,,False,True,,43.53535537387694,-22.127303386718506,0.4009692812339338,50.957828339493304
ST-MTM,224,152,0.7784913442712781,0.13359028313884333,0.28302440217780767,0.23329994482528954,True,True,0.16666666666666666,60.29681755953775,-33.122143753015614,0.542487851081205,68.94294422402035
ST-MTM,224,134,1.2234234729848292,0.005968502099724955,0.283024402177798,0.3692725755461126,True,True,0.9432624113475178,91.02179993580512,-55.789016822374364,3.207754249871442,407.66262671594643
ST-MTM,224,161,0.034510932951538995,0.026414074486632622,0.28302440217781133,0.004808261800477472,True,False,0.1,39.1782481984273,43.31956015261198,0.23586428307878293,29.975193140878417
ST-MTM,224,165,0.047263415138460434,0.02789809448179052,0.28302440217780406,0.24712461921488024,True,True,0.5802469135802469,61.00531700816037,55.333707191545116,1.7218092664751197,218.81890992841244
ST-MTM,225,158,0.23007807237159728,0.026940936141561195,0.08886838773683824,0.441327071267244,True,True,1.0,21.428558138070237,-6.180810546521437,0.21580779642242476,29.975193140878417
ST-MTM,225,166,0.516169119547229,0.031019703457733083,0.08886838773684531,0.031019703457733114,True,True,0.8095238095238095,42.68917590267374,-19.251118442993736,0.453196372487092,62.947905595844674
ST-MTM,225,152,0.7908503071002094,0.012358962828931357,0.08886838773685346,0.24565890765422094,True,True,0.5111111111111111,62.389381354278825,-32.5126554977463,0.9711350839009043,134.88836913395286
ST-MTM,225,134,1.219206639153403,0.0042168338314257404,0.08886838773684233,0.36505574171468663,True,True,0.8235294117647058,92.1073119481219,-54.19748475028649,2.417047319931143,335.72216317783824
ST-MTM,225,167,1.3748067997654103,,,,False,True,,100.96082321620861,-64.01599275564062,0.043161559284477846,5.995038628175683
ST-MTM,225,168,0.05525850300232982,,,,False,False,,42.932990326579755,36.30196996630018,0.0863231185689699,11.990077256351366
ST-MTM,225,165,0.16673348769117885,0.11947007255271842,0.08886838773684749,0.3665946917675987,True,True,0.5871559633027523,67.03160798544914,47.02358946250768,2.1580779642242334,299.7519314087842
ST-MTM,226,158,0.20387429533887821,0.02620377703271907,1.4376726859058708,0.46753084829996305,True,True,0.9090909090909091,21.676805551501804,-2.7881098891635814,0.05637499302343407,32.972712454966256
ST-MTM,226,152,0.8171297601330058,0.02627945303279648,1.4376726859058322,0.2719383606870173,True,True,0.6792452830188679,65.58556680221027,-32.47000441375044,0.2254999720937434,131.89084981986502
ST-MTM,226,134,1.2317737679022465,0.012567128748843182,1.4376726859058548,0.3776228704635299,True,True,0.9035087719298246,92.84993004760223,-54.96292210066735,0.5381249334055127,314.73952797922334
ST-MTM,226,169,0.050696423171032394,,,,False,True,,19.608077106238746,13.524506325714858,0.015374998097300363,8.992557942263524
ST-MTM,226,165,0.08762590521045084,0.07910758248072801,1.4376726859058573,0.28748710928687066,True,True,0.09302325581395349,54.8687836963262,44.3536750710721,5.509374318199278,3222.33326264443
ST-MTM,227,158,0.5679498155096582,0.3640755201707799,0.32666587236809613,0.10345532812918315,True,True,0.8181818181818182,21.50441151439655,-46.64956634676242,0.06394484091083541,26.977673826790575
ST-MTM,227,152,0.7381616451640848,0.07896811496892112,0.3266658723680208,0.19297024571809623,True,True,0.38596491228070173,64.35657878505727,-24.222818634632905,0.8099679848705463,341.7172018060139
ST-MTM,227,134,0.9032481336835704,0.3285256342186761,0.3266658723680419,0.049097236244853806,True,True,0.7619047619047619,94.02735053638165,-14.362425505646799,0.5683985858740677,239.80154512702734
ST-MTM,227,170,0.40931469861239766,,,,False,True,,20.745877751133428,69.86364158462115,0.02131494697027847,8.992557942263524
ST-MTM,227,165,0.19568350843526236,0.10805760322481153,0.32666587236804245,0.39554471251168216,True,True,0.6390697674418605,62.84947017400473,39.367449161773244,4.881122856193542,2059.2957687783473
ST-MTM,228,158,0.6115003466717789,0.04355053116212077,0.11624446622222837,0.059904796967062406,True,True,0.7777777777777778,21.233506598945436,-52.14653500166803,0.05586571635690518,20.98263519861489
ST-MTM,228,152,0.7430656535281266,0.00490400836404182,0.11624446622216544,0.19787425408213805,True,True,0.5947712418300654,68.19216464324172,-20.975713780133464,1.0375061609138427,389.6775108314194
ST-MTM,228,134,0.8784507210657772,0.02479741261779321,0.11624446622216844,0.02429982362706061,True,True,0.7125,94.82268815822418,-10.59139836966908,0.4549065474776093,170.85860090300696
ST-MTM,228,170,0.3578148875555937,0.05149981105680398,0.11624446622215356,0.05149981105680398,True,True,0.17647058823529413,25.66519230406044,68.60297881073168,0.1356738825810453,50.957828339493304
ST-MTM,228,165,0.2374525004795009,0.041768992044238534,0.11624446622216603,0.4373137045559207,True,True,0.8235294117647058,67.60124865763126,39.10694860009115,4.660796907489868,1750.5512794272995
ST-MTM,229,158,0.6665793007811267,0.055078954109347905,1.2273036610885368,0.004825842857714591,True,True,0.7142857142857143,21.087217944601832,-58.90229814913338,0.13615341662702463,14.987596570439209
ST-MTM,229,152,0.6845609627405491,0.058504690787577474,1.22730366108863,0.13936956329456057,True,True,0.7078651685393258,66.24809492067163,-15.899220608194259,4.738138898620393,521.5683606512845
ST-MTM,229,134,0.9671893342606127,0.08873861319483548,1.2273036610886183,0.11303843682189611,True,True,0.12280701754385964,90.96443183606246,-25.098288275211058,0.1906147832778302,20.98263519861489
ST-MTM,229,171,0.48170655832031606,,,,False,True,,100.96082321620861,43.15603621777068,0.02723068332539924,2.9975193140878416
ST-MTM,229,170,0.41414375821495547,0.056328870659361714,1.2273036610885875,0.004829059602557765,True,True,0.5,28.325637929623003,78.02288891541765,0.9258432330637447,101.91565667898661
ST-MTM,229,165,0.4080995529310113,0.1706470524515104,1.227303661088611,0.6079607570074311,True,True,0.02054794520547945,94.84514474989969,45.87319839817833,0.32676819990484773,35.970231769054095
ST-MTM,230,158,0.6237547405349443,0.042824560246182454,0.7164780373226733,0.04765040310389696,True,True,0.8333333333333334,21.030327912357098,-53.82024095183622,0.07980816622414011,17.985115884527048
ST-MTM,230,152,0.6529114753343912,0.031649487406157945,0.7164780373226407,0.10772007588840266,True,True,0.8314606741573034,67.76998071974133,-10.579396320385612,2.021806877678255,455.6229357413519
ST-MTM,230,134,1.0094329837574663,0.04224364949685352,0.7164780373226232,0.15528208631874965,True,True,0.3,96.02037304758694,-25.111585003308996,0.2527258597097841,56.95286696766899
ST-MTM,230,172,0.24257609065491403,,,,False,False,,58.76738263469744,29.658251756107756,0.23942449867242743,53.95534765358115
ST-MTM,230,170,0.2914012257589478,0.12274253245600765,0.7164780373226101,0.11791347285344991,True,True,0.6304347826086957,33.02579934542361,67.99394643649734,0.5453558025316454,122.89829187760151
ST-MTM,230,165,0.301540964332531,0.1065585885984803,0.7164780373226192,0.5014021684089508,True,True,0.04979253112033195,81.69847204952681,45.51355632962309,3.205628010003025,722.4021546951698
ST-MTM,231,158,0.6035124660873751,0.02024227444756921,0.45378368537915326,0.06789267755146623,True,True,0.3333333333333333,19.892527267462416,-52.528968663022596,0.04187953277109102,5.995038628175683
ST-MTM,231,152,0.7101768299841755,0.05726535464978433,0.45378368537897096,0.16498543053818698,True,True,0.17105263157894737,70.30584814894993,-14.915371449151124,0.5444339260240945,77.93550216628388
ST-MTM,231,134,1.025857758895921,0.016424775138454736,0.4537836853789554,0.17170686145720435,True,True,0.10526315789473684,94.98736983051153,-28.115561236998982,0.041879532771083916,5.995038628175683
ST-MTM,231,173,0.5968517250338918,,,,False,False,,66.82680386936809,-4.795403134698932,0.041879532771083916,5.995038628175683
ST-MTM,231,174,0.3307706783810073,,,,False,False,,49.33311895411234,9.640637548391458,1.088867852048189,155.87100433256776
ST-MTM,231,172,0.24289037995984966,0.00031428930493560735,0.45378368537896097,0.00031428930493560735,True,False,0.3333333333333333,59.2490515743695,30.102205979187545,1.046988319277105,149.8759657043921
ST-MTM,231,170,0.1972136172408126,0.09418760851813518,0.45378368537895597,0.2121010813715851,True,True,0.4489795918367347,42.07963984290874,65.74527391180625,0.6281929915662658,89.92557942263525
ST-MTM,231,165,0.2719895364306132,0.029551427901917827,0.4537836853789699,0.471850740507033,True,True,0.5767634854771784,86.00570250957132,53.36695813789774,2.91062752759035,416.65518465821
ST-MTM,232,152,0.7498801854247684,0.03970335544059296,0.13023649672766857,0.20468878597877993,True,True,0.48936170212765956,72.14085006313756,-17.84477218783465,1.049507388917469,131.89084981986502
ST-MTM,232,173,0.6027625616546027,0.005910836620710961,0.13023649672768178,0.0059108366207109245,True,False,0.5,66.82680386936809,-5.504703529184248,0.023852440657215368,2.9975193140878416
ST-MTM,232,174,0.3625846761109689,0.03181399772996157,0.13023649672767124,0.03181399772996159,True,False,0.45535714285714285,50.22106472766192,6.710903594345652,2.647620912950895,332.72464386375043
ST-MTM,232,172,0.24454346966674398,0.0016530897068943358,0.13023649672767523,0.0019673790118299433,True,False,0.44,59.61211341651317,30.26689705650389,0.5247536944587381,65.94542490993251
ST-MTM,232,170,0.0035022934395904314,0.19371132380122216,0.13023649672767057,0.40581240517280726,True,True,0.15789473684210525,56.22087642945696,56.64115164220781,0.33393416920101515,41.96527039722978
ST-MTM,232,165,0.17397604065135372,0.09801349577925945,0.13023649672766768,0.3738372447277735,True,True,0.5323741007194245,89.75194929555693,68.87482441739448,1.765080608633923,221.81642924250028
ST-MTM,233,152,0.7623840730728975,0.012503887648129049,0.05406722127028015,0.21719267362690892,True,True,0.7142857142857143,73.01359487598293,-18.472493892764767,1.0071030499713132,119.90077256351367
ST-MTM,233,173,0.6133985831792804,0.010636021524677516,0.05406722127025223,0.016546858145388536,True,False,1.0,66.82680386936809,-6.7810261121455495,0.025177576249282296,2.9975193140878416
ST-MTM,233,174,0.40440008634304747,0.04181541023207861,0.054067221270276106,0.07362940796204018,True,False,0.68,51.61174630944664,3.083735948280937,3.550038251148874,422.65022328638565
ST-MTM,233,172,0.27921794585251264,0.03467447618576861,0.05406722127025221,0.036641855197598584,True,False,0.18181818181818182,60.42667524183551,26.920521739534,0.10071030499712919,11.990077256351366
ST-MTM,233,175,0.23720222556280035,,,,False,True,,22.793918911943862,51.258185979479904,0.6294394062320663,74.93798285219604
ST-MTM,233,176,0.0321827312583982,,,,False,True,,69.38685532038113,65.52492756937335,0.10071030499713629,11.990077256351366
ST-MTM,233,165,0.11690939477843033,0.0570666458729234,0.05406722127027741,0.31677059885485015,True,True,0.5,91.78153963509881,77.75241226168717,0.931570321223461,110.90821462125014
ST-MTM,234,152,0.7860117914046889,0.023627718331791434,0.317009687546451,0.24082039195870036,True,False,0.025,75.36030870607823,-18.961106262484442,0.01833742547635353,2.9975193140878416
ST-MTM,234,177,0.7532779046274792,,,,False,False,,73.6536077387362,-16.739740816561316,0.01833742547635353,2.9975193140878416
ST-MTM,234,174,0.3847310492487946,0.019669037094252943,0.31700968754630116,0.05396037086778727,True,False,0.7878787878787878,50.98994878929178,4.822222879436433,2.823963523358863,461.6179743695276
ST-MTM,234,175,0.2612005194898574,0.023998293927057043,0.3170096875462986,0.023998293927057043,True,True,0.78125,24.7459581433413,56.09002048212419,0.5867976152433982,95.92061805081093
ST-MTM,234,165,0.05226050482391843,0.0646488899545119,0.3170096875462949,0.25212170890033825,True,True,0.23417721518987342,77.94196396680444,71.67070338793422,2.8973132252642984,473.60805162587894
ST-MTM,235,152,0.7616089362100166,0.024402855194672342,0.41314268900705464,0.21641753676402806,True,False,0.020833333333333332,74.11583925072465,-17.277233094477342,0.582309679371555,143.88092707621638
ST-MTM,235,174,0.39992339592627363,0.015192346677479093,0.4131426890071984,0.06915271754526635,True,True,0.6062992125984252,49.85386432800606,1.8630568168532227,3.0813887200078263,761.3699057783117
ST-MTM,235,175,0.26099169486931795,0.0002088246205394384,0.4131426890071922,0.023789469306517604,True,True,0.6923076923076923,22.904352503948335,54.22335588826649,0.41246935622152137,101.91565667898661
ST-MTM,235,165,0.006996809397512749,0.059257314221431184,0.41314268900720524,0.19286439467890706,True,True,0.8253968253968254,73.97304374866651,74.81266087636804,2.2685814592183533,560.5361117344264
RA-MTM,0,0,0.0153171435057511,,,,False,True,,19.039176783791405,17.201119563101273,0.01248966380869934,2.9975193140878416
RA-MTM,0,1,0.0153171435057511,,,,False,True,,63.76896463621363,61.9309074155235,0.5995038628175683,143.88092707621638
RA-MTM,0,2,0.0153171435057511,,,,False,False,,68.67572991732196,70.51378713801209,0.14987596570439207,35.970231769054095
RA-MTM,0,3,0.013524790210535216,,,,False,True,,20.404537557665027,22.027512382929253,0.1873449571304901,44.962789711317626
RA-MTM,0,4,0.0153171435057511,,,,False,True,,65.81147482166696,67.6495320423571,5.395534765358114,1294.9283436859475
RA-MTM,1,1,0.018361163698950023,0.0030440201931989227,0.0,0.0030440201931989227,True,True,0.6041666666666666,64.8258441145533,62.6225044706793,0.3622002504522808,86.9280601085474
RA-MTM,1,2,0.018361163698950023,0.0030440201931989227,0.0,0.0030440201931989227,True,False,0.5714285714285714,68.69604778598078,70.89938742985478,0.26228293998268615,62.947905595844674
RA-MTM,1,3,0.018361163698950023,0.03188595390948524,0.0,0.03188595390948524,True,True,0.3409090909090909,22.142269451685994,19.93892980781199,0.5495452075827709,131.89084981986502
RA-MTM,1,4,0.016961156349450827,0.001644012843699727,1.1796119636642288e-16,0.001644012843699727,True,True,0.8878923766816144,67.01828739253332,69.05362615446742,5.12076216156673,1228.9829187760151
RA-MTM,2,1,0.018762772564196575,0.0004016088652465536,1.1102230246251565e-16,0.0034456290584454763,True,True,0.6470588235294118,67.07964845712246,64.82811574941887,0.33722092283488214,80.93302148037172
RA-MTM,2,2,0.018762772564196575,0.0004016088652465536,0.0,0.0034456290584454763,True,False,0.5588235294117647,70.50687783019934,72.75841053790293,0.3996692418783789,95.92061805081093
RA-MTM,2,4,0.018762772564196575,0.0018016162147457492,0.0,0.0034456290584454763,True,True,0.8676122931442081,68.63231384008257,70.88384654778616,4.746072247305749,1139.0573393533798
RA-MTM,2,3,0.018762772564196575,0.0004016088652465536,0.0,0.03228756277473179,True,True,0.41509433962264153,25.704971127938553,23.453438420234964,1.32390436372213,317.7370472933112
RA-MTM,3,1,0.019644100941738785,0.0008813283775422083,1.249000902703301e-16,0.0043269574359876845,True,True,0.5,69.38685532038114,67.02956320737249,0.29975193140878414,71.94046353810819
RA-MTM,3,2,0.019644100941738785,0.0008813283775422083,0.0,0.0043269574359876845,True,False,0.6590909090909091,72.32154844715218,74.67884056016084,0.512076216156673,122.89829187760151
RA-MTM,3,4,0.019644100941738785,0.0008813283775422083,1.249000902703301e-16,0.0043269574359876845,True,True,0.9166666666666666,69.41082583958539,71.76811795259404,4.4463203158969655,1067.1168758152717
RA-MTM,3,3,0.019644100941738785,0.0008813283775422083,0.0,0.033168891152274,True,True,0.5916666666666667,26.327793856087336,23.97050174307868,1.061621423739444,254.78914169746653
RA-MTM,4,1,0.026534078833704674,0.006889977891965889,0.0,0.011216935327953573,True,False,0.08333333333333333,71.94690677139417,68.76281731134961,0.02497932761739868,5.995038628175683
RA-MTM,4,5,0.026534078833704674,,,,False,False,,73.6536077387362,76.83769719878076,0.01248966380869934,2.9975193140878416
RA-MTM,4,2,0.009867412167038125,0.02951151310877691,2.220446049250313e-16,0.025184555672789224,True,False,0.08888888888888889,77.49368491525576,76.30959545521118,0.09991731046959472,23.980154512702732
RA-MTM,4,4,0.0015431062966154486,0.018100994645123335,1.3877787807814457e-16,0.013774037209135651,True,True,0.7916666666666666,69.98626759783863,70.17144035343249,3.6095128407141095,866.2830817713863
RA-MTM,4,6,0.026534078833704674,,,,False,False,,34.399485489869626,31.215396029825065,0.01248966380869934,2.9975193140878416
RA-MTM,4,3,0.026534078833704674,0.006889977891965889,0.0,0.04005886904423989,True,True,0.36470588235294116,23.44356637693211,20.25947691688755,0.38717957806967956,92.92309873672309
RA-MTM,5,4,0.008333333333333333,0.009876439629948781,1.6653345369377348e-16,0.023650476839084434,True,False,0.5507900677200903,72.52152468502186,71.52152468502186,4.970886195862337,1193.012687006961
RA-MTM,5,3,0.0007915306296847705,0.025742548204019902,2.220446049250313e-16,0.014316320840219988,True,True,0.17647058823529413,19.608077106238746,19.513093430676573,0.11240697427829406,26.977673826790575
RA-MTM,5,7,0.008333333333333333,,,,False,True,,19.039176783791405,18.039176783791405,0.02497932761739868,5.995038628175683
RA-MTM,5,8,0.008333333333333333,,,,False,True,,78.77371064076226,79.77371064076226,0.04995865523479736,11.990077256351366
RA-MTM,6,9,0.04149143891399767,,,,False,True,,77.06700967342024,72.08803700374052,0.01248966380869934,2.9975193140878416
RA-MTM,6,10,0.04075117441438441,,,,False,False,,83.89381354278834,88.78395447251447,0.01248966380869934,2.9975193140878416
RA-MTM,6,11,0.04048965281360969,,,,False,False,,82.18711257544632,87.04587091307948,0.01248966380869934,2.9975193140878416
RA-MTM,6,12,0.040296515224081966,,,,False,False,,80.4804116081043,85.31599343499414,0.01248966380869934,2.9975193140878416
RA-MTM,6,4,0.04149143891399767,0.049824772247331,2.220446049250313e-16,0.02617429540824657,True,False,0.2185929648241206,69.27896043164114,74.25793310132086,1.0866007513568428,260.78418032564224
RA-MTM,6,3,0.02274442977791254,0.021952899148227772,0.0,0.03626921998844776,True,True,0.08490566037735849,26.703230184308417,23.973898610958912,1.32390436372213,317.7370472933112
RA-MTM,6,8,0.04005534663833134,0.04838867997166467,0.0,0.04838867997166467,True,True,0.4,78.26170035055966,73.4550587539599,0.1248966380869934,29.975193140878417
RA-MTM,7,13,0.041732578241084776,,,,False,True,,50.61314467961887,45.6052352906887,0.07493798285219604,17.985115884527048
RA-MTM,7,14,0.03701984162408382,,,,False,False,,86.965875284004,91.40825627889406,0.3746899142609802,89.92557942263525
RA-MTM,7,4,0.04587260372581679,0.004381164811819123,0.0,0.03055546022006569,True,False,0.4835164835164835,69.70686175175776,75.21157419885577,0.5995038628175683,143.88092707621638
RA-MTM,7,3,0.04587260372581679,0.02312817394790425,0.0,0.05939739393635201,True,True,0.8373983739837398,28.639369725090276,23.13465727799226,1.4987596570439208,359.702317690541
RA-MTM,7,8,0.02920593705915001,0.01084940957918133,1.1102230246251565e-16,0.037539270392483344,True,True,0.4166666666666667,77.99147269739719,74.48676025029918,0.29975193140878414,71.94046353810819
RA-MTM,8,15,0.041779809271612935,,,,False,False,,66.64394305143858,71.65752016403214,0.3497105866435815,83.93054079445956
RA-MTM,8,14,0.02620729310559315,0.010812548518490672,2.220446049250313e-16,0.010812548518490672,True,True,0.22340425531914893,92.1261358558499,95.27101102852107,1.061621423739444,254.78914169746653
RA-MTM,8,4,0.039266064874509725,0.006606538851307064,2.220446049250313e-16,0.02394892136875863,True,False,0.22916666666666666,69.77474190386796,74.48666968880913,0.13738630189569273,32.972712454966256
RA-MTM,8,3,0.02203672383580327,0.023835879890013522,0.0,0.035561514046338484,True,True,0.821917808219178,31.10298088171584,28.458574021419448,1.8234909160701036,437.6378198568249
RA-MTM,8,8,0.04988342085638872,0.020677483797238713,0.0,0.05821675418972205,True,True,0.43636363636363634,75.85680353294137,69.87079303017472,0.6869315094784637,164.86356227483128
RA-MTM,9,15,0.008333333333333333,0.0334464759382796,0.0,0.0334464759382796,True,False,0.2153846153846154,69.55752541711534,70.55752541711534,1.6236562951309141,389.6775108314194
RA-MTM,9,14,0.008333333333333333,0.017873959772259813,0.0,0.028686508290750486,True,True,0.5612244897959183,94.08382225956575,95.08382225956575,0.849297138991555,203.83131335797322
RA-MTM,9,3,0.008333333333333333,0.013703390502469937,0.0,0.02185812354386855,True,True,0.45482866043613707,48.462488787750175,47.462488787750175,4.0091820825924875,962.2036998221971
RA-MTM,10,15,0.008333333333333333,0.0,0.0,0.0334464759382796,True,False,0.44982698961937717,72.11226188241702,73.11226188241702,3.6095128407141095,866.2830817713863
RA-MTM,10,14,0.008333333333333333,0.0,1.6653345369377348e-16,0.028686508290750486,True,True,0.5492957746478874,96.69407079785356,97.69407079785356,0.5245658799653723,125.89581119168935
RA-MTM,10,3,0.008333333333333333,0.0,0.0,0.02185812354386855,True,True,0.784841075794621,50.569329618110096,49.569329618110096,5.10827249775803,1225.9853994619273
RA-MTM,11,15,0.008333333333333333,0.0,0.0,0.0334464759382796,True,True,0.46537842190016104,70.14951154974875,71.14951154974875,7.756081225202291,1861.4594940485497
RA-MTM,11,14,0.008333333333333333,0.0,2.220446049250313e-16,0.028686508290750486,True,True,0.30952380952380953,98.86026817947996,99.86026817947996,0.16236562951309141,38.96775108314194
RA-MTM,11,3,0.008333333333333333,0.0,1.942890293094024e-16,0.02185812354386855,True,True,0.8450413223140496,52.231689605259334,51.231689605259334,6.04499728341048,1450.7993480185153
RA-MTM,12,15,0.008333333333333333,0.0,1.1102230246251565e-16,0.0334464759382796,True,True,0.4090909090909091,66.45016037525777,67.45016037525777,18.959309661605598,4550.234318785344
RA-MTM,12,3,0.008333333333333333,0.0,0.0,0.02185812354386855,True,True,0.9486166007905138,53.50297699483943,52.50297699483943,6.2698112319670685,1504.7546956720964
RA-MTM,13,15,0.008333333333333333,0.0,0.0,0.0334464759382796,True,False,0.06324110671936758,66.47124116783853,67.47124116783853,1.1990077256351366,287.76185415243276
RA-MTM,13,16,0.008333333333333333,,,,False,False,,81.36536766524462,82.36536766524462,0.33722092283488214,80.93302148037172
RA-MTM,13,3,0.008333333333333333,0.0,2.1510571102112408e-16,0.02185812354386855,True,True,0.9426386233269598,54.66074872473545,53.66074872473545,6.419687197671461,1540.7249274411506
RA-MTM,14,15,0.008333333333333333,0.0,0.0,0.0334464759382796,True,True,0.27906976744186046,65.65592762433113,66.65592762433113,4.296444350192573,1031.1466440462175
RA-MTM,14,16,0.008333333333333333,0.0,0.0,0.0,True,False,0.037037037037037035,82.18711257544632,83.18711257544632,0.01248966380869934,2.9975193140878416
RA-MTM,14,3,0.008333333333333333,0.0,0.0,0.02185812354386855,True,True,0.9709864603481625,55.15026556804789,54.15026556804789,6.307280223393167,1513.74725361436
RA-MTM,15,15,0.008333333333333333,0.0,1.1102230246251565e-16,0.0334464759382796,True,True,0.5747899159663865,66.12743062305428,67.12743062305428,7.406370638558709,1777.52895325409
RA-MTM,15,17,0.008333333333333333,,,,False,False,,83.89381354278834,84.89381354278834,0.01248966380869934,2.9975193140878416
RA-MTM,15,18,0.008333333333333333,,,,False,False,,82.18711257544632,83.18711257544632,0.01248966380869934,2.9975193140878416
RA-MTM,15,3,0.008333333333333333,0.0,0.0,0.02185812354386855,True,True,0.9689320388349515,54.78936482662179,53.78936482662179,6.357238878627964,1525.7373308707113
RA-MTM,16,15,0.01654017870889728,0.008206845375563947,0.0,0.025239630562715654,True,True,0.7357859531772575,62.933991550599224,64.9188129956669,5.557900394871207,1333.8960947690896
RA-MTM,16,19,0.048555182114379744,,,,False,False,,92.68988775908957,86.863265905364,0.32473125902618283,77.93550216628388
RA-MTM,16,18,0.06522184878104653,0.0568885154477132,0.0,0.0568885154477132,True,False,0.023809523809523808,79.74896833638631,87.5755901901119,0.5245658799653723,125.89581119168935
RA-MTM,16,3,0.062459357706222164,0.05412602437288883,0.0,0.07598414791675738,True,True,0.9496124031007752,54.594874602421854,47.099751677675194,6.207362912923572,1489.7670991016573
RA-MTM,17,20,0.013915830747215216,,,,False,True,,53.1731961306319,54.84309582029773,0.1248966380869934,29.975193140878417
RA-MTM,17,15,0.021163319277636816,0.004623140568739537,0.0,0.02061648999397612,True,False,0.3438202247191011,64.205400422797,66.74499873611342,1.910918562730999,458.6204550554398
RA-MTM,17,19,0.021163319277636816,0.06971850139201656,1.6653345369377348e-16,0.06971850139201656,True,True,0.3958333333333333,96.13210828421654,98.67170659753296,0.512076216156673,122.89829187760151
RA-MTM,17,18,0.021163319277636698,0.044058529503409834,1.6653345369377348e-16,0.012829985944303365,True,False,0.3835616438356164,75.99670567695155,78.53630399026795,0.7368901647132611,176.85363953118267
RA-MTM,17,3,0.021163319277636757,0.04129603842858541,0.0,0.03468810948817198,True,True,0.9475728155339805,54.141226125942495,51.601627812626084,6.319769887201867,1516.744772928448
RA-MTM,18,21,0.003274868553024509,,,,False,True,,57.43994854898696,57.8329327753499,0.04995865523479736,11.990077256351366
RA-MTM,18,15,0.008333333333333333,0.012829985944303483,0.0,0.0334464759382796,True,False,0.7692307692307693,65.49375932682875,66.49375932682875,2.1107531836701883,506.5807640808452
RA-MTM,18,19,0.008333333333333333,0.012829985944303483,0.0,0.05688851544771308,True,True,0.34146341463414637,98.64458618910157,99.64458618910157,0.17485529332179076,41.96527039722978
RA-MTM,18,18,0.008333333333333333,0.012829985944303365,0.0,0.0,True,False,0.3220338983050847,74.19256593894947,75.19256593894947,0.23730361236528744,56.95286696766899
RA-MTM,18,3,0.008333333333333333,0.012829985944303424,0.0,0.02185812354386855,True,True,0.9262759924385633,53.329560546743174,52.329560546743174,6.407197533862761,1537.7274081270627
RA-MTM,19,15,0.008333333333333333,0.0,0.0,0.0334464759382796,True,True,0.4435695538057743,66.28478072750873,67.28478072750873,4.758561911114448,1142.0548586674677
RA-MTM,19,18,0.008333333333333333,0.0,0.0,0.0,True,False,0.38095238095238093,72.28824696486258,73.28824696486258,0.1248966380869934,29.975193140878417
RA-MTM,19,3,0.008333333333333333,0.0,2.185751579730777e-16,0.02185812354386855,True,True,0.9343339587242027,51.99036669573656,50.99036669573656,6.4696458529062575,1552.7150046975019
RA-MTM,20,15,0.019046962562819302,0.010713629229485969,1.6653345369377348e-16,0.02273284670879363,True,False,0.6422976501305483,68.94641636106707,71.23205186860538,3.0974366245574365,743.3847898937847
RA-MTM,20,18,0.017227219512281285,0.025560552845614617,0.0,0.025560552845614617,True,False,0.1,70.24020580405215,68.1729394625784,0.01248966380869934,2.9975193140878416
RA-MTM,20,22,0.019046962562819302,,,,False,False,,29.279382587843553,26.993747080305237,0.13738630189569273,32.972712454966256
RA-MTM,20,3,0.019046962562819302,0.010713629229485969,4.440892098500626e-16,0.03257175277335452,True,True,0.02895752895752896,41.3400694237272,39.054433916188884,0.1873449571304901,44.962789711317626
RA-MTM,21,15,0.008333333333333333,0.010713629229485969,1.249000902703301e-16,0.0334464759382796,True,False,0.7761194029850746,70.50219937360032,71.50219937360032,2.8476433483834493,683.4344036120278
RA-MTM,21,23,0.008333333333333333,,,,False,True,,21.721135446757444,20.721135446757444,0.08742764666089538,20.98263519861489
RA-MTM,21,22,0.008333333333333333,0.010713629229485969,0.0,0.010713629229485969,True,False,0.2,34.84861732338069,33.84861732338069,0.23730361236528744,56.95286696766899
RA-MTM,22,24,0.09956305585735711,,,,False,True,,20.745877751133428,8.798311048250573,0.03746899142609802,8.992557942263524
RA-MTM,22,25,0.11489576974358619,,,,False,True,,48.053093228605825,61.84058559783617,0.03746899142609802,8.992557942263524
RA-MTM,22,15,0.10848531382675901,0.11681864716009234,0.0,0.15026512309837195,True,False,0.7116788321167883,73.59695376471659,60.57871610550551,3.0100089778965406,722.4021546951698
RA-MTM,22,23,0.009389384548261858,0.0010560512149285254,2.220446049250313e-16,0.0010560512149285254,True,True,0.35,23.049924057045157,21.923197911253734,0.2497932761739868,59.950386281756835
RA-MTM,22,22,0.02768041545774249,0.019347082124409158,0.0,0.008633452894923187,True,False,0.4583333333333333,38.45290028730694,35.13125043237784,0.19983462093918944,47.960309025405465
RA-MTM,23,24,0.07533433955993424,0.02422871629742288,0.0,0.02422871629742288,True,True,0.3,22.623248815209656,13.583128068017547,0.1248966380869934,29.975193140878417
RA-MTM,23,25,0.10829517147825189,0.22319094122183808,0.0,0.22319094122183808,True,True,0.09090909090909091,47.07044721710587,34.075026639715645,0.4121589056870782,98.91813736489877
RA-MTM,23,26,0.03268792766586195,,,,False,True,,100.27814282927179,104.20069414917522,0.0624483190434967,14.987596570439209
RA-MTM,23,15,0.013333751544433408,0.12181906537119241,2.0816681711721685e-16,0.028446057727179525,True,False,0.6983050847457627,76.90946804566563,78.50951823099764,3.2473125902618283,779.3550216628388
RA-MTM,23,23,0.09162850481158534,0.10101788935984721,0.0,0.09996183814491869,True,True,0.5652173913043478,23.73260444398197,34.72802502137221,0.19983462093918944,47.960309025405465
RA-MTM,23,22,0.03993929664225006,0.06761971209999255,2.0816681711721685e-16,0.058986259205069363,True,False,0.7368421052631579,40.021559264643365,44.81427486171337,0.21232428474788875,50.957828339493304
RA-MTM,24,24,0.08240907397200511,0.007074734412070871,2.220446049250313e-16,0.017153981885352006,True,True,0.6,21.030327912357098,11.141239035716485,0.07493798285219604,17.985115884527048
RA-MTM,24,25,0.08240907397200511,0.02588609750624678,0.0,0.1973048437155913,True,True,0.3333333333333333,39.555901178434894,29.66681230179428,0.5870141990088689,140.88340776212854
RA-MTM,24,15,0.032512051029362964,0.019178299484929558,0.0,0.009267758242249968,True,True,0.5984455958549223,81.0493119305516,84.95075805407515,4.458809979705665,1070.1143951293595
RA-MTM,24,23,0.08240907397200509,0.009219430839580264,0.0,0.09074240730533842,True,True,0.47058823529411764,22.452578718475454,32.341667595116064,0.11240697427829406,26.977673826790575
RA-MTM,24,22,0.07048066924363396,0.030541372601383898,1.1102230246251565e-16,0.08952763180645326,True,False,0.3953488372093023,40.710309997018044,49.16799030625412,0.5370555437740716,128.8933305057772
RA-MTM,25,24,0.08460949232784376,0.0022004183558386476,0.0,0.014953563529513358,True,True,0.5,22.168128557251787,12.014989477910536,0.14987596570439207,35.970231769054095
RA-MTM,25,25,0.08460949232784376,0.0022004183558386476,0.0,0.19950526207142996,True,True,0.40425531914893614,37.63323469114925,27.480095611807997,0.23730361236528744,56.95286696766899
RA-MTM,25,15,0.038124389005792854,0.005612337976429889,0.0,0.003655420265820079,True,True,0.6859344894026975,84.12444880864552,88.69937548934067,6.4696458529062575,1552.7150046975019
RA-MTM,25,27,0.08179892189529922,,,,False,True,,19.892527267462416,29.708397894898322,0.02497932761739868,5.995038628175683
RA-MTM,25,23,0.07660680689335733,0.0058022670786477566,0.0,0.08494014022669066,True,False,0.3333333333333333,25.8659806531595,35.05879748036238,0.03746899142609802,8.992557942263524
RA-MTM,25,22,0.06529376771411126,0.0051869015295226955,0.0,0.08434073027693056,True,True,0.84,41.15662809526458,48.99188022095793,0.6119935266262677,146.87844639030425
RA-MTM,26,24,0.008333333333333333,0.07627615899451043,2.0816681711721685e-16,0.09122972252402378,True,True,0.9230769230769231,22.19000933888437,21.19000933888437,0.16236562951309141,38.96775108314194
RA-MTM,26,25,0.008333333333333333,0.07627615899451043,0.0,0.12322910307691952,True,True,0.9473684210526315,37.71807070414579,36.71807070414579,0.22481394855658812,53.95534765358115
RA-MTM,26,15,0.008333333333333333,0.029791055672459522,1.942890293094024e-16,0.0334464759382796,True,True,0.8538205980066446,85.01258742104602,86.01258742104602,7.468818957602205,1792.5165498245292
RA-MTM,26,22,0.008333333333333274,0.05696043438077799,0.0,0.027380295896152578,True,True,0.06630581867388363,49.782888931635846,50.78288893163584,9.229861554628812,2215.166773110915
RA-MTM,27,24,0.008333333333333333,0.0,0.0,0.09122972252402378,True,True,0.8666666666666667,22.225018589496514,21.225018589496514,0.1873449571304901,44.962789711317626
RA-MTM,27,25,0.008333333333333333,0.0,0.0,0.12322910307691952,True,True,0.7222222222222222,37.28774866537152,36.28774866537152,0.16236562951309141,38.96775108314194
RA-MTM,27,15,0.008333333333333333,0.0,0.0,0.0334464759382796,True,True,0.9594155844155844,85.19976206623889,86.19976206623889,7.606205259497898,1825.4892622794955
RA-MTM,27,22,0.008333333333333333,5.921189464667501e-17,0.0,0.027380295896152637,True,True,0.9364675984752223,49.04015340589663,50.04015340589663,9.80438608982898,2353.0526615589556
RA-MTM,28,24,0.008333333333333333,0.0,0.0,0.09122972252402378,True,True,0.07389162561576355,33.86981967241864,32.86981967241864,2.535401753165966,608.4964207598318
RA-MTM,28,28,0.008333333333333333,,,,False,False,,95.84072031418253,96.84072031418253,0.01248966380869934,2.9975193140878416
RA-MTM,28,15,0.008333333333333333,0.0,0.0,0.0334464759382796,True,False,0.0016420361247947454,94.13401934684052,95.13401934684052,0.01248966380869934,2.9975193140878416
RA-MTM,28,22,0.008333333333333333,0.0,0.0,0.027380295896152637,True,False,0.033121019108280254,39.5195883918957,40.5195883918957,0.32473125902618283,77.93550216628388
RA-MTM,28,29,0.008333333333333333,,,,False,True,,53.66082497844392,54.66082497844392,0.08742764666089538,20.98263519861489
RA-MTM,29,24,0.008333333333333333,0.0,0.0,0.09122972252402378,True,True,0.7241379310344828,30.84676102723929,29.84676102723929,1.835980579878803,440.6353391709127
RA-MTM,29,28,0.008333333333333333,0.0,0.0,0.0,True,True,0.001644736842105263,85.11769778910602,86.11769778910602,7.593715595689198,1822.4917429654076
RA-MTM,29,22,0.008333333333333333,0.0,0.0,0.027380295896152637,True,False,0.07692307692307693,38.66623790822469,39.66623790822469,0.02497932761739868,5.995038628175683
RA-MTM,29,30,0.008333333333333333,,,,False,False,,42.93299032657975,43.93299032657975,0.01248966380869934,2.9975193140878416
RA-MTM,29,29,0.008333333333333333,0.0,2.220446049250313e-16,0.0,True,True,0.3684210526315789,52.005453363503136,53.005453363503136,0.23730361236528744,56.95286696766899
RA-MTM,30,24,0.008333333333333333,0.0,0.0,0.09122972252402378,True,True,0.8378378378378378,29.443225880708376,28.443225880708376,1.5612079760874173,374.6899142609802
RA-MTM,30,28,0.008333333333333333,0.0,0.0,0.0,True,True,0.9545454545454546,85.35424557860121,86.35424557860121,7.443839629984806,1786.5215111963535
RA-MTM,30,29,0.008333333333333333,0.0,0.0,0.0,True,True,0.021939953810623556,48.22652242621104,49.22652242621104,10.816048858333629,2595.851726000071
RA-MTM,31,24,0.008333333333333333,0.0,0.0,0.09122972252402378,True,True,0.64,26.14331956035258,25.14331956035258,0.9991731046959472,239.80154512702734
RA-MTM,31,28,0.008333333333333333,0.0,1.942890293094024e-16,0.0,True,True,0.8137535816618912,82.9920640764614,83.9920640764614,8.368074751828557,2008.3379404388538
RA-MTM,31,31,0.008333333333333333,,,,False,False,,46.3463922612638,47.3463922612638,0.01248966380869934,2.9975193140878416
RA-MTM,31,29,0.008333333333333333,0.0,0.0,0.0,True,True,0.009237875288683603,51.679832784207626,52.679832784207626,0.09991731046959472,23.980154512702732
RA-MTM,32,24,0.01684197624077847,0.008508642907445137,0.0,0.08272107961657865,True,True,0.4625,21.207148282847488,19.18611113395407,0.46211756092187556,110.90821462125014
RA-MTM,32,32,0.01684197624077844,,,,False,True,,99.55530477251516,101.57634192140857,0.21232428474788875,50.957828339493304
RA-MTM,32,28,0.005326819373648562,0.003006513959684772,0.0,0.003006513959684772,True,True,0.05970149253731343,97.93142899917652,98.57064732401435,0.4995865523479736,119.90077256351367
RA-MTM,32,33,0.01684197624077847,,,,False,True,,19.81494995076505,21.835987099658468,0.13738630189569273,32.972712454966256
RA-MTM,32,29,0.011869156950260636,0.0035358236169273027,0.0,0.0035358236169273027,True,True,0.028070175438596492,47.08296846822199,48.50726730225327,3.559554185479312,854.2930045150348
RA-MTM,33,24,0.011188104863388422,0.0056538713773900484,0.0,0.08837495099396869,True,True,0.8918918918918919,20.74587775113343,19.40330516752682,0.4121589056870782,98.91813736489877
RA-MTM,33,34,0.011188104863388422,,,,False,True,,65.9734533856971,67.31602596930371,0.04995865523479736,11.990077256351366
RA-MTM,33,32,0.011188104863388422,0.005653871377390018,2.220446049250313e-16,0.005653871377390018,True,True,0.5483870967741935,98.48335407006695,99.82592665367356,0.38717957806967956,92.92309873672309
RA-MTM,33,28,0.005181697308642678,0.00014512206500588338,0.0,0.0031516360246906555,True,True,0.85,98.50116593974508,99.1229696167822,0.4246485694957775,101.91565667898661
RA-MTM,33,33,0.0010018775016610822,0.01584009873911739,0.0,0.01584009873911739,True,True,0.14102564102564102,23.28404842051387,23.4042737207132,0.9741937770785485,233.80650649885163
RA-MTM,33,29,0.011188104863388422,0.023057261813649057,0.0,0.019521438196721756,True,True,0.7118055555555556,53.09114319950971,51.7485706159031,2.5978500722094626,623.4840173302711
RA-MTM,34,24,0.008333333333333333,0.002854771530055089,0.0,0.09122972252402378,True,True,0.7575757575757576,20.199733441583984,19.199733441583984,0.3122415952174835,74.93798285219604
RA-MTM,34,34,0.008333333333333333,0.002854771530055089,2.220446049250313e-16,0.002854771530055089,True,True,0.23529411764705882,65.8228621238728,66.8228621238728,0.21232428474788875,50.957828339493304
RA-MTM,34,32,0.008333333333333333,0.002854771530055089,0.0,0.008508642907445107,True,True,0.7045454545454546,98.71108103198503,99.71108103198503,0.5495452075827709,131.89084981986502
RA-MTM,34,28,0.008333333333333333,0.0031516360246906555,2.220446049250313e-16,0.0,True,True,0.2647058823529412,100.39192289376126,101.39192289376126,0.11240697427829406,26.977673826790575
RA-MTM,34,33,0.002925776461421729,0.003927653963082811,0.0,0.0197677527022002,True,True,0.5777777777777777,26.510734351933138,26.15964117656253,1.686104614174411,404.6651074018586
RA-MTM,34,29,0.008333333333333333,0.002854771530055089,1.1102230246251565e-16,0.016666666666666666,True,True,0.7802690582959642,57.200649207005156,56.200649207005156,2.360546459844175,566.531150362602
RA-MTM,35,34,0.008333333333333333,0.0,0.0,0.002854771530055089,True,True,0.47368421052631576,62.947938034499856,63.947938034499856,0.13738630189569273,32.972712454966256
RA-MTM,35,24,0.008333333333333333,0.0,1.6653345369377348e-16,0.09122972252402378,True,True,0.625,20.91654784786764,19.91654784786764,0.4995865523479736,119.90077256351367
RA-MTM,35,32,0.008333333333333333,0.0,0.0,0.008508642907445107,True,True,0.6197183098591549,97.59549736511161,98.59549736511161,0.8867661304176532,212.82387130023676
RA-MTM,35,28,0.008333333333333333,0.0,0.0,0.0,True,True,0.8888888888888888,100.5341479743731,101.5341479743731,0.09991731046959472,23.980154512702732
RA-MTM,35,33,0.008333333333333333,0.0054075568719116045,0.0,0.025175309574111803,True,True,0.6416184971098265,30.035370935793697,29.035370935793697,1.8609599074962015,446.63037779908836
RA-MTM,35,29,0.008333333333333333,0.0,0.0,0.016666666666666666,True,True,0.7098445595854922,61.29515605323115,60.29515605323115,1.7610425970266068,422.65022328638565
RA-MTM,36,34,0.012567952436250411,0.004234619102917077,0.0,0.0013798475728619881,True,True,0.5,62.40489681761831,63.91305110996836,0.27477260379138546,65.94542490993251
RA-MTM,36,24,0.012567952436250411,0.004234619102917077,0.0,0.08699510342110671,True,True,0.46511627906976744,22.710568399585302,21.202414107235253,1.0741110875481432,257.7866610115544
RA-MTM,36,32,0.01256795243625047,0.004234619102917137,1.6653345369377348e-16,0.004274023804527971,True,True,0.6796116504854369,95.23835526688534,96.74650955923539,1.2739457084873327,305.74697003695985
RA-MTM,36,28,0.012567952436250352,0.004234619102917018,0.0,0.004234619102917018,True,True,0.625,100.96082321620861,102.46897750855865,0.0624483190434967,14.987596570439209
RA-MTM,36,33,0.012567952436250411,0.004234619102917077,1.249000902703301e-16,0.029409928677028883,True,True,0.5714285714285714,34.86041932776491,33.35226503541486,1.7110839417918096,410.6601460300343
RA-MTM,36,29,0.012567952436250411,0.004234619102917077,0.0,0.020901285769583743,True,True,0.5673758865248227,62.60271897519656,61.09456468284651,0.9991731046959472,239.80154512702734
RA-MTM,37,34,0.009325960405533469,0.003241992030716941,0.0,0.0018621444578549528,True,True,0.7857142857142857,62.01146899722453,63.13058424588855,0.3497105866435815,83.93054079445956
RA-MTM,37,24,0.009325960405533469,0.003241992030716941,0.0,0.09023709545182365,True,True,0.7107438016528925,24.568323719312676,23.44920847064866,1.51124932085262,362.6998370046288
RA-MTM,37,32,0.009325960405533469,0.003241992030717,0.0,0.007516015835244971,True,True,0.684931506849315,92.04805149786694,93.16716674653095,1.798511588452705,431.6427812286492
RA-MTM,37,33,0.009325960405533469,0.003241992030716941,0.0,0.02616793664631194,True,False,0.5654761904761905,40.494846087519726,39.37573083885571,1.5736976398961169,377.68743357506804
RA-MTM,37,29,0.009325960405533469,0.003241992030716941,0.0,0.017659293738866804,True,True,0.425,61.55610970551772,60.436994456853704,0.4246485694957775,101.91565667898661
RA-MTM,38,24,0.04412491000398742,0.03479894959845395,0.0,0.0554381458533697,True,True,0.9022556390977443,25.128996144534533,19.834006944056043,1.6486356227483128,395.6725494595951
RA-MTM,38,35,0.06813254923682864,,,,False,True,,42.07963984290873,33.903733934489296,0.02497932761739868,5.995038628175683
RA-MTM,38,34,0.07305660141415954,0.082382561819693,0.0,0.08424470627754796,True,True,0.8666666666666667,61.15811851355352,52.391326343854374,0.3497105866435815,83.93054079445956
RA-MTM,38,32,0.039614796655828025,0.030288836250294555,1.1796119636642288e-16,0.022772820415049584,True,True,0.9583333333333334,92.37784878624217,97.13162438494153,1.7235736056005087,413.6576653441221
RA-MTM,38,33,0.07305660141415954,0.082382561819693,0.0,0.056214625173381064,True,False,0.5302013422818792,46.530448247937954,55.2972404176371,1.2739457084873327,305.74697003695985
RA-MTM,38,29,0.07038235606383066,0.07970831646936413,2.220446049250313e-16,0.062049022730497325,True,True,0.20588235294117646,60.487628847812005,68.93351157547168,0.08742764666089538,20.98263519861489
RA-MTM,39,24,0.056024814204930766,0.01189990420094335,0.0,0.043538241652426354,True,True,0.7575757575757576,23.408331260186984,16.68535355559529,1.248966380869934,299.7519314087842
RA-MTM,39,35,0.05475340841150451,0.12288595764833316,0.0,0.12288595764833316,True,True,0.18181818181818182,44.32938202713231,50.89979103651285,0.13738630189569273,32.972712454966256
RA-MTM,39,34,0.04218503391294443,0.11524163532710396,0.0,0.030996929049556008,True,True,0.4642857142857143,59.474861240817845,64.53706531037118,0.16236562951309141,38.96775108314194
RA-MTM,39,32,0.03003728088251331,0.009577515773314716,1.3877787807814457e-16,0.01319530464173487,True,True,0.7898550724637681,93.21020873149024,96.81468243739184,1.361373355148228,326.72960523557475
RA-MTM,39,36,0.012794473342285666,,,,False,True,,19.039176783791405,17.503839982717125,0.02497932761739868,5.995038628175683
RA-MTM,39,33,0.06515101492649199,0.1382076163406515,0.0,0.08199299116727046,True,True,0.24113475177304963,56.11049708624652,48.29237529506748,5.283127791079821,1267.950669859157
RA-MTM,40,24,0.013257659337827061,0.0427671548671037,0.0,0.08630539651953005,True,True,0.56,21.20302979595719,19.61211067541794,0.699421173287163,167.86108158891912
RA-MTM,40,34,0.013257659337827061,0.028927374575117366,0.0,0.0020695544744386398,True,True,0.29545454545454547,60.465463900184204,62.05638302072345,0.5495452075827709,131.89084981986502
RA-MTM,40,32,0.013257659337827002,0.016779621544686308,1.249000902703301e-16,0.003584316902951438,True,True,0.9174311926605505,93.28066886316955,94.87158798370879,1.248966380869934,299.7519314087842
RA-MTM,40,36,0.004146929200663478,0.008647544141622188,0.0,0.008647544141622188,True,True,0.06451612903225806,22.782907937961,22.285276433881382,0.38717957806967956,92.92309873672309
RA-MTM,40,33,0.013257659337827061,0.051893355588664924,0.0,0.03009963557860553,True,True,0.8059360730593608,59.860866768966666,58.26994764842742,4.596196281601356,1103.0871075843256
RA-MTM,41,24,0.03065287089799907,0.017395211560172007,0.0,0.06891018495935805,True,True,0.08928571428571429,19.039176783791405,15.360832276031516,0.0624483190434967,14.987596570439209
RA-MTM,41,34,0.03065287089799901,0.017395211560171948,0.0,0.01946476603461059,True,True,0.8627450980392157,60.43504142304797,64.11338593080785,0.6369728542436663,152.87348501847993
RA-MTM,41,32,0.03065287089799907,0.017395211560172066,0.0,0.01381089465722063,True,True,0.93,93.2531414282124,96.93148593597229,1.1615387342090386,278.7692962101693
RA-MTM,41,36,0.0036539534415835164,0.0004929757590799611,2.220446049250313e-16,0.009140519900702148,True,True,0.33695652173913043,26.941944306483812,26.50346989349379,1.149049070400339,275.7717768960814
RA-MTM,41,33,0.03065287089799907,0.017395211560172007,1.249000902703301e-16,0.04749484713877754,True,True,0.8209718670076727,64.05837613745868,60.38003162969879,4.296444350192573,1031.1466440462175
RA-MTM,42,34,0.13720519554893032,0.16785806644692933,0.0,0.14839330041231874,True,True,0.8793103448275862,60.23540702997822,43.77078356410658,0.7244005009045617,173.8561202170948
RA-MTM,42,32,0.07179133220499204,0.04113846130699296,0.0,0.05494935596421359,True,True,0.8921568627450981,93.79267915337212,102.40763901797116,1.248966380869934,299.7519314087842
RA-MTM,42,37,0.0033480878699182408,,,,False,True,,99.51669162845768,99.11492108406749,0.32473125902618283,77.93550216628388
RA-MTM,42,36,0.12053852888226366,0.12419248232384718,1.6653345369377348e-16,0.13333300222454933,True,True,0.6041666666666666,30.42127604081338,44.88589950668502,1.7360632694092082,416.65518465821
RA-MTM,42,33,0.0069211859385704365,0.03757405683656951,0.0,0.009920790302208033,True,True,0.8174386920980926,68.20061888951962,69.03116120214807,4.034161410209887,968.1987384503728
RA-MTM,43,34,0.04376652609102442,0.18097172163995476,0.0,0.032578421227636,True,True,0.6896551724137931,60.469342766019075,65.721325896942,0.4995865523479736,119.90077256351367
RA-MTM,43,32,0.059639172838180696,0.012152159366811332,0.0,0.042797196597402255,True,True,0.85,94.41512303557921,101.5718237761609,1.061621423739444,254.78914169746653
RA-MTM,43,38,0.04170506980812981,,,,False,True,,19.0391767837914,14.034568406815824,0.1248966380869934,29.975193140878417
RA-MTM,43,37,0.0007309387567426977,0.004079026626660939,0.0,0.004079026626660939,True,True,0.5172413793103449,99.91783929172182,100.00555194253094,0.22481394855658812,53.95534765358115
RA-MTM,43,36,0.0021742341892477296,0.1227127630715114,0.0,0.010620239153037937,True,False,0.5705882352941176,35.55950880360988,35.29860070090015,1.5986769675135155,383.6824722032437
RA-MTM,43,33,0.05884515291867061,0.06576633885724105,1.3877787807814457e-16,0.07568712915944907,True,True,0.8079268292682927,71.31479530200828,64.2533769517678,3.372209228348822,809.3302148037172
RA-MTM,44,38,0.043610070700594444,0.0019050008924646367,1.1102230246251565e-16,0.0019050008924646367,True,True,0.3076923076923077,20.745877751133435,15.512669267062101,0.29975193140878414,71.94046353810819
RA-MTM,44,34,0.061155595702131,0.01738906961110658,0.0,0.04996749083874257,True,True,0.547945205479452,61.30925005713909,68.64792154139481,0.9117454580350518,218.81890992841244
RA-MTM,44,32,0.06392706687625396,0.004287894038073266,0.0,0.04708509063547552,True,True,0.9176470588235294,94.35282716316642,102.0240751883169,0.9741937770785485,233.80650649885163
RA-MTM,44,37,0.0025601155335828927,0.0018291767768401949,0.0,0.0059082034035011334,True,True,0.2222222222222222,100.96082321620861,101.26803708023856,0.04995865523479736,11.990077256351366
RA-MTM,44,36,0.019612545679557534,0.0174383114903098,1.1102230246251565e-16,0.006818072337271867,True,False,0.302158273381295,43.67363414259611,41.3201286610492,0.661952181861065,158.8685236466556
RA-MTM,44,33,0.06426333012271748,0.00541817720404687,1.6653345369377348e-16,0.08110530636349594,True,True,0.7518518518518519,73.7713112537253,66.0597116389992,2.535401753165966,608.4964207598318
RA-MTM,45,38,0.017038771560989978,0.02657129913960447,1.249000902703301e-16,0.024666298247139833,True,True,0.4838709677419355,21.909537501593896,19.8648849142751,0.27477260379138546,65.94542490993251
RA-MTM,45,34,0.017038771560990006,0.044116824141140994,1.942890293094024e-16,0.005850666697601584,True,True,0.8780487804878049,61.13780064489469,63.18245323221349,1.0116627685046466,242.79906444111518
RA-MTM,45,32,0.017038771560989947,0.04688829531526402,1.3877787807814457e-16,0.00019679532021150693,True,True,0.782051282051282,94.10604064245786,96.15069322977665,0.7618694923306597,182.84867815935834
RA-MTM,45,39,0.0051388866975256246,,,,False,True,,20.404537557665027,21.0212039613681,0.0624483190434967,14.987596570439209
RA-MTM,45,33,0.017038771560989947,0.04722455856172753,0.0,0.03388074780176842,True,True,0.3644524236983842,56.37211140873799,54.3274588214192,6.956742741445532,1669.6182579469278
RA-MTM,46,38,0.05414351506154655,0.03710474350055657,0.0,0.012438445253416737,True,True,0.34615384615384615,23.240286857248694,16.74306504986311,0.16236562951309141,38.96775108314194
RA-MTM,46,34,0.05414351506154655,0.03710474350055654,2.0816681711721685e-16,0.04295541019815812,True,True,0.9204545454545454,60.58182987523021,67.0790516826158,1.0990904151655418,263.78169963973005
RA-MTM,46,32,0.049489325280466075,0.032450553719476125,0.0,0.03264734903968763,True,True,0.8461538461538461,94.9150519929123,100.85377102656823,0.7368901647132611,176.85363953118267
RA-MTM,46,40,0.013251830865472058,,,,False,False,,43.68393875221023,42.093719048353584,0.3122415952174835,74.93798285219604
RA-MTM,46,39,0.002164288579175781,0.0029745981183498436,0.0,0.0029745981183498436,True,True,0.2727272727272727,22.07331183684389,22.333026466344982,0.11240697427829406,26.977673826790575
RA-MTM,46,33,0.04243170958367024,0.025392938022680292,0.0,0.05927368582444871,True,True,0.43010752688172044,70.04899864173584,64.9571934916954,3.0100089778965406,722.4021546951698
RA-MTM,47,41,0.06482348760530261,,,,False,True,,28.710482265396212,20.9316637527599,0.03746899142609802,8.992557942263524
RA-MTM,47,34,0.06482348760530261,0.010679972543756062,0.0,0.053635382741914185,True,True,0.8409090909090909,60.36901642537125,68.14783493800756,0.9242351218437511,221.81642924250028
RA-MTM,47,32,0.06000803016846324,0.010518704887997169,2.220446049250313e-16,0.0431660539276848,True,True,0.3898305084745763,95.0986764153382,102.2996400355538,0.2872622676000848,68.94294422402035
RA-MTM,47,40,0.0200638861239059,0.0068120552584338395,0.0,0.0068120552584338395,True,False,0.09090909090909091,50.380412729526775,47.97274639465807,0.13738630189569273,32.972712454966256
RA-MTM,47,39,0.00028336372693607006,0.0018809248522397108,0.0,0.004855522970589554,True,True,0.375,26.079318274077256,26.113321921309584,0.29975193140878414,71.94046353810819
RA-MTM,47,33,0.04848898892153481,0.006057279337864567,1.1102230246251565e-16,0.06533096516231328,True,True,0.8132295719844358,72.4930510809436,66.67437241035942,2.8101743569573516,674.4418456697643
RA-MTM,48,34,0.04477996207823907,0.020043525527063545,1.1102230246251565e-16,0.03359185721485065,True,True,0.6727272727272727,61.163659750460496,66.53725519984918,1.3738630189569274,329.72712454966256
RA-MTM,48,32,0.04358435153151987,0.01642367863694337,0.0,0.02674237529074143,True,True,0.17391304347826086,89.86726692848544,95.09738911226782,0.04995865523479736,11.990077256351366
RA-MTM,48,42,0.04477996207823907,,,,False,True,,99.49793667277257,104.87153212216126,0.26228293998268615,62.947905595844674
RA-MTM,48,39,0.04477996207823907,0.045063325805175136,0.0,0.04991884877576469,True,False,0.3333333333333333,28.85270734600805,23.47911189661936,0.14987596570439207,35.970231769054095
RA-MTM,48,33,0.04477996207823907,0.003709026843295741,0.0,0.061621938319017536,True,True,0.5269320843091335,67.73411328291996,62.360517833531276,5.333086446314619,1279.9407471155084
RA-MTM,49,32,0.038401435052957095,0.005182916478562779,0.0,0.02155945881217865,True,True,0.5,88.16056596114342,92.76873816749827,0.02497932761739868,5.995038628175683
RA-MTM,49,34,0.05455618480539718,0.009776222727158116,0.0,0.04336807994200876,True,True,0.832,60.76012732158937,67.30686949823703,1.4862699932352215,356.70479837645314
RA-MTM,49,43,0.07706313380636448,,,,False,False,,41.226289359237725,31.978713302473988,0.03746899142609802,8.992557942263524
RA-MTM,49,42,0.028562099996620443,0.016217862081618625,0.0,0.016217862081618625,True,True,0.34210526315789475,98.9696720876429,102.39712408723736,0.3746899142609802,89.92557942263525
RA-MTM,49,44,0.09915468384705761,,,,False,False,,44.51778408196877,32.61922202032186,0.17485529332179076,41.96527039722978
RA-MTM,49,39,0.08479756581944976,0.12957752789768884,0.0,0.07965867912192413,True,True,0.18604651162790697,23.109002167453152,33.284710065787124,0.48709688853927424,116.90325324942582
RA-MTM,49,33,0.04985338859630346,0.005073426518064394,1.249000902703301e-16,0.06669536483708192,True,True,0.8253968253968254,70.32147727868748,64.33907064713107,4.72109291968835,1133.062300725204
RA-MTM,50,32,0.06019553075763149,0.021794095704674395,0.0,0.04335355451685305,True,True,0.07692307692307693,93.60888058765838,100.83234427857415,0.32473125902618283,77.93550216628388
RA-MTM,50,34,0.08005686914179298,0.025500684336395806,0.0,0.06886876427840456,True,True,0.8739495798319328,61.13233044948662,70.73915474650178,1.2989250361047313,311.74200866513553
RA-MTM,50,43,0.11724529923294474,0.19430843303930923,0.0,0.19430843303930923,True,False,0.02040816326530612,44.24025064199066,58.30968654994403,0.5870141990088689,140.88340776212854
RA-MTM,50,39,0.04943459788232773,0.13423216370177748,0.0,0.05457348457985335,True,True,0.5342465753424658,25.49190920826262,19.559757462383292,0.9117454580350518,218.81890992841244
RA-MTM,50,33,0.13391196589961146,0.08405857730330801,0.0,0.15075394214038995,True,True,0.8435897435897436,72.66762506845357,56.5981891605002,4.258975358766475,1022.154086103954
RA-MTM,51,32,0.06393842451873712,0.0037428937611056292,0.0,0.047096448277958676,True,True,0.5,92.16474899990742,99.83735994215587,0.16236562951309141,38.96775108314194
RA-MTM,51,34,0.08599734319913489,0.005940474057341897,0.0,0.07480923833574646,True,True,0.5673076923076923,61.21493967166722,71.5346208555634,0.7368901647132611,176.85363953118267
RA-MTM,51,43,0.12650990988612226,0.009264610653177503,0.0,0.20357304369248672,True,True,0.4647887323943662,44.879228271794354,60.060417458129024,0.7119108370958623,170.85860090300696
RA-MTM,51,39,0.06719423990694426,0.01775964202461653,0.0,0.07233312660446987,True,True,0.7684210526315789,27.896056540629473,19.832747751796163,1.1865180618264373,284.76433483834495
RA-MTM,51,33,0.14317657655278887,0.009264610653177385,0.0,0.16001855279356733,True,True,0.7965616045845272,75.67061797286772,58.489428786533054,3.572043849288011,857.2905238291227
RA-MTM,52,32,0.06501673932751614,0.0010783148087790313,0.0,0.04817476308673771,True,True,0.43333333333333335,93.2806688631695,101.08267758247143,0.3746899142609802,89.92557942263525
RA-MTM,52,34,0.08829625282821153,0.0022989096290766398,0.0,0.0771081479648231,True,True,0.726027397260274,63.235089893319966,73.83064023270535,0.8368074751828557,200.83379404388538
RA-MTM,52,43,0.14245097356323763,0.015941063677115373,1.1102230246251565e-16,0.2195141073696021,True,True,0.5643564356435643,43.62580953114434,60.719926358732856,1.2614560446786331,302.749450722872
RA-MTM,52,39,0.07180357567836601,0.00460933577142176,0.0,0.07694246237589164,True,True,0.7117117117117117,30.87829191514292,22.261862833739,1.1865180618264373,284.76433483834495
RA-MTM,52,33,0.15911764022990435,0.01594106367711549,0.0,0.1759596164706828,True,True,0.7342657342657343,78.34297182519501,59.248854997606486,2.6228293998268613,629.4790559584467
RA-MTM,53,32,0.06789407847279255,0.0028773391452763994,1.1102230246251565e-16,0.051052102232014104,True,True,0.5263157894736842,94.43344056918123,102.58072998591634,0.7119108370958623,170.85860090300696
RA-MTM,53,34,0.09552885164225161,0.007232598814040081,0.0,0.08434074677886319,True,True,0.8356164383561644,63.94833805877632,75.41180025584652,0.8368074751828557,200.83379404388538
RA-MTM,53,43,0.15858148443367295,0.016130510870435325,1.1102230246251565e-16,0.23564461824003743,True,True,0.6474358974358975,41.70766655515463,60.737444687195385,1.948387554157097,467.61301299770327
RA-MTM,53,39,0.09288833823455474,0.021084762556188727,2.220446049250313e-16,0.09802722493208037,True,False,0.13157894736842105,45.44284469031803,34.296244102171464,0.4246485694957775,101.91565667898661
RA-MTM,53,33,0.17524815110033962,0.016130510870435266,2.220446049250313e-16,0.19209012734111808,True,True,0.5476190476190477,80.42104809619676,59.391269964156,1.436311338000424,344.7147211201018
RA-MTM,54,43,0.046883248330311746,0.2054647327639847,0.0,0.030179885476052732,True,True,0.7954545454545454,41.290290645513025,35.664300845875616,1.9983462093918944,479.6030902540547
RA-MTM,54,34,0.07575092049359024,0.17127977213584183,0.0,0.08693902535697866,True,True,0.7951807228915663,65.34905059276704,56.258940133536214,1.024152432313346,245.79658375520302
RA-MTM,54,32,0.157617838316542,0.22551191678933455,0.0,0.17445981455732043,True,True,0.7702702702702703,94.8259251444116,75.91178454642656,0.9242351218437511,221.81642924250028
RA-MTM,54,39,0.17428450498320877,0.2671728432177635,2.220446049250313e-16,0.16914561828568314,True,False,0.13580246913580246,55.909802854128586,76.82394345211364,0.7244005009045617,173.8561202170948
RA-MTM,54,33,0.09914939741184613,0.27439754851218573,2.220446049250313e-16,0.08230742117106767,True,True,0.3652173913043478,85.92560040867173,97.82352809809326,0.5245658799653723,125.89581119168935
RA-MTM,55,43,0.06628643415328454,0.0194031858229728,0.0,0.010776699653079931,True,True,0.8041237113402062,39.65432794194899,31.699955843554847,2.3730361236528745,569.5286696766899
RA-MTM,55,34,0.10316617855921291,0.027415258065622675,0.0,0.11435428342260133,True,True,0.32926829268292684,67.774971073447,55.395029646341456,0.33722092283488214,80.93302148037172
RA-MTM,55,32,0.14024830754438528,0.01736953077215671,0.0,0.1570902837851637,True,True,0.8783783783783784,95.00049829949111,78.17070139416488,0.8118281475654571,194.8387554157097
RA-MTM,55,39,0.12490342917840375,0.049381075804805025,1.1449174941446927e-16,0.11976454248087813,True,False,0.23655913978494625,64.22183923500396,79.2102507364124,0.7119108370958623,170.85860090300696
RA-MTM,55,45,0.11670832480097744,,,,False,True,,77.06700967342024,91.07200864953754,0.0624483190434967,14.987596570439209
RA-MTM,55,33,0.09255545292684471,0.00659394448500142,0.0,0.07571347668606625,True,True,0.14285714285714285,96.69407079785354,107.8007251490749,0.07493798285219604,17.985115884527048
RA-MTM,56,43,0.25939380028420483,0.3256802344374894,1.1188966420050406e-16,0.33645693409056937,True,True,0.848780487804878,37.37943955983187,68.50669559393646,2.360546459844175,566.531150362602
RA-MTM,56,34,0.10061169396270155,0.20377787252191445,0.0,0.08942358909931312,True,True,0.42857142857142855,69.45458154924391,81.5279848247681,0.7868488199480584,188.84371678753402
RA-MTM,56,32,0.06684941100589027,0.20709771855027553,0.0,0.050007434765111825,True,True,0.9538461538461539,94.93231496059728,102.95424428130411,0.7743591561393591,185.84619747344618
RA-MTM,56,39,0.1103597230763624,0.23526315225476616,0.0,0.11549860977388801,True,True,0.2323943661971831,75.24460016591942,62.001433396755935,1.4737803294265222,353.70727906236533
RA-MTM,56,46,0.06445800661197755,,,,False,True,,22.20876429456945,14.473803501132142,0.17485529332179076,41.96527039722978
RA-MTM,56,33,0.2724763215455544,0.3650317744723991,0.0,0.28931829778633283,True,True,0.3333333333333333,100.10747273253759,67.41031414707106,0.02497932761739868,5.995038628175683
RA-MTM,57,43,0.1503851454055195,0.10900865487868536,1.942890293094024e-16,0.22744827921188399,True,True,0.8111587982832618,36.992498976732605,55.038716425394945,2.910091667426946,698.4220001824671
RA-MTM,57,32,0.054036556783043824,0.012812854222846445,1.1796119636642288e-16,0.03719458054226538,True,True,0.8769230769230769,94.2762444274524,100.76063124141766,0.7493798285219604,179.8511588452705
RA-MTM,57,34,0.07281368955702945,0.027798004405672098,0.0,0.061625584693641024,True,True,0.7126436781609196,68.81133987790535,77.54898262474889,1.0741110875481432,257.7866610115544
RA-MTM,57,46,0.0730778934322603,0.008619886820282755,0.0,0.008619886820282755,True,True,0.5,23.765425616430857,14.99607840455962,0.16236562951309141,38.96775108314194
RA-MTM,57,39,0.16705181207218622,0.05669208899582383,2.220446049250313e-16,0.17219069876971185,True,True,0.21851851851851853,72.17130634302615,52.1250888943638,6.744418456697644,1618.6604296074345
RA-MTM,58,43,0.13789423927166963,0.012490906133849873,0.0,0.21495737307803411,True,True,0.9703389830508474,36.81240754714625,53.359716259746605,2.8976020036182466,695.4244808683792
RA-MTM,58,34,0.051640771260305605,0.021172918296723846,0.0,0.04045266639691718,True,True,0.7623762376237624,71.07500519025201,77.27189774148869,1.149049070400339,275.7717768960814
RA-MTM,58,32,0.037243145427917075,0.016793411355126745,0.0,0.020401169187138635,True,True,0.7464788732394366,95.62738269326479,100.09656014461484,0.7993384837567578,191.84123610162186
RA-MTM,58,39,0.1491616375121951,0.017890174559991104,0.0,0.15430052420972074,True,True,0.4492512479201331,66.28156828579131,48.382171784327895,15.012575898056607,3603.0182155335856
RA-MTM,59,43,0.14208403155923416,0.0041897922875645454,0.0,0.21914716536559864,True,True,0.928,36.741079217062854,53.791163004170954,3.1224159521748347,749.3798285219603
RA-MTM,59,34,0.050749346325955,0.0008914249343506005,0.0,0.03956124146256658,True,True,0.8108108108108109,70.02099650549442,76.11091806460902,1.361373355148228,326.72960523557475
RA-MTM,59,32,0.03920002544960515,0.0019568800216880787,1.1102230246251565e-16,0.022358049208826714,True,True,0.484375,96.00588492392532,100.70988797787794,0.38717957806967956,92.92309873672309
RA-MTM,59,39,0.1489018155090226,0.0002598220031725162,2.218277644905342e-16,0.15404070220654822,True,True,0.9648692810457516,66.62251048674364,48.75429262566092,15.025065561865304,3606.0157348476732
RA-MTM,60,43,0.004607699182784586,0.14669173074201874,0.0,0.0724554346235799,True,True,0.9448818897637795,35.83339408948072,35.28047018754657,3.047477969322639,731.3947126374334
RA-MTM,60,32,0.008333333333333333,0.03086669211627182,0.0,0.008508642907445107,True,True,0.06451612903225806,91.57396789582747,92.57396789582747,0.02497932761739868,5.995038628175683
RA-MTM,60,34,0.008333333333333333,0.04241601299262167,0.0,0.002854771530055089,True,False,0.009174311926605505,73.6536077387362,74.6536077387362,0.01248966380869934,2.9975193140878416
RA-MTM,60,47,0.008333333333333333,,,,False,False,,71.94690677139417,72.94690677139417,0.01248966380869934,2.9975193140878416
RA-MTM,60,39,0.008333333333333333,0.14056848217568926,2.203098814490545e-16,0.013472220030858958,True,True,0.9819672131147541,66.88018217122739,65.88018217122739,15.174941527569699,3641.9859666167276
RA-MTM,61,43,0.008333333333333333,0.0037256341505487473,1.942890293094024e-16,0.06872980047303115,True,True,0.8872727272727273,35.85793904378007,34.85793904378007,3.4346575473923187,824.3178113741565
RA-MTM,61,34,0.008333333333333333,0.0,0.0,0.002854771530055089,True,True,0.008620689655172414,72.77083137631789,73.77083137631789,1.4488010018091233,347.7122404341896
RA-MTM,61,39,0.008333333333333333,0.0,1.1123914289701275e-16,0.013472220030858958,True,True,0.9707792207792207,66.4792728397445,65.4792728397445,15.149962199952299,3635.990927988552
RA-MTM,62,43,0.008333333333333333,0.0,2.0816681711721685e-16,0.06872980047303115,True,True,0.9413793103448276,35.97581346665078,34.97581346665078,3.59702317690541,863.2855624572984
RA-MTM,62,48,0.008333333333333333,,,,False,True,,96.5518457172417,97.5518457172417,0.29975193140878414,71.94046353810819
RA-MTM,62,34,0.008333333333333333,0.0,0.0,0.002854771530055089,True,True,0.5916666666666667,74.85967642232453,75.85967642232453,0.9367247856524504,224.81394855658812
RA-MTM,62,49,0.008333333333333333,,,,False,True,,100.96082321620861,101.96082321620861,0.04995865523479736,11.990077256351366
RA-MTM,62,39,0.008333333333333333,0.0,0.0,0.013472220030858958,True,True,0.9423380726698263,66.0748144383322,65.0748144383322,15.562121105639376,3734.9090653534504
RA-MTM,63,43,0.008333333333333333,0.0,0.0,0.06872980047303115,True,True,0.8470588235294118,36.49270402922733,35.49270402922733,4.246485694957776,1019.1565667898661
RA-MTM,63,34,0.008333333333333333,0.0,0.0,0.002854771530055089,True,True,0.8433734939759037,75.44783183260859,76.44783183260859,0.9741937770785485,233.80650649885163
RA-MTM,63,49,0.008333333333333333,0.0,0.0,0.0,True,True,0.1,97.31201425154633,98.31201425154633,0.3622002504522808,86.9280601085474
RA-MTM,63,39,0.008333333333333333,0.0,2.1510571102112408e-16,0.013472220030858958,True,True,0.9461538461538461,64.75058353370756,63.750583533707555,16.03672833036995,3848.8147992887884
RA-MTM,64,43,0.03672293583818937,0.028389602504856035,0.0,0.04034019796817511,True,True,0.8355795148247979,34.99507908257843,30.588326781995704,4.258975358766475,1022.154086103954
RA-MTM,64,34,0.03672293583818937,0.028389602504856035,0.0,0.025534830974800946,True,True,0.4050632911392405,77.01529146228866,81.42204376287138,0.4121589056870782,98.91813736489877
RA-MTM,64,50,0.03672293583818937,,,,False,True,,90.23298856434444,94.63974086492716,0.08742764666089538,20.98263519861489
RA-MTM,64,49,0.03672293583818937,0.028389602504856035,0.0,0.028389602504856035,True,True,0.1724137931034483,100.27814282927179,104.68489512985451,0.0624483190434967,14.987596570439209
RA-MTM,64,51,0.02855657927939544,,,,False,False,,44.63969129392178,41.212901780394326,0.1873449571304901,44.962789711317626
RA-MTM,64,39,0.03672293583818937,0.028389602504856035,2.220446049250313e-16,0.04186182253571499,True,True,0.21417445482866043,82.36709195018425,77.96033964960152,3.4346575473923187,824.3178113741565
RA-MTM,65,43,0.0430306611936705,0.006307725355481134,0.0,0.03403247261269397,True,True,0.8563049853372434,33.42923767966835,28.265558336427887,3.646981832140207,875.2756397136498
RA-MTM,65,34,0.0430306611936705,0.006307725355481134,0.0,0.03184255633028208,True,True,0.6666666666666666,77.29974162351233,82.46342096675279,0.27477260379138546,65.94542490993251
RA-MTM,65,50,0.0430306611936705,0.006307725355481134,0.0,0.006307725355481134,True,True,0.45454545454545453,88.25538268155131,93.41906202479177,0.11240697427829406,26.977673826790575
RA-MTM,65,51,0.03048843583418647,0.0019318565547910302,0.0,0.0019318565547910302,True,False,0.09411764705882353,50.744429369414426,47.08581706931205,0.9741937770785485,233.80650649885163
RA-MTM,65,39,0.0430306611936705,0.006307725355481134,0.0,0.048169547891196124,True,True,0.7454545454545455,84.41831188884957,79.25463254560911,2.560381080783365,614.4914593880076
RA-MTM,66,43,0.008333333333333333,0.03469732786033717,1.1188966420050406e-16,0.06872980047303115,True,True,0.9207920792079208,34.17584881139034,33.17584881139034,3.622002504522808,869.280601085474
RA-MTM,66,50,0.008333333333333333,0.03469732786033717,0.0,0.028389602504856035,True,True,0.1276595744680851,94.94858117216286,95.94858117216286,0.5495452075827709,131.89084981986502
RA-MTM,66,51,0.008004120663097029,0.022484315171089442,0.0,0.02055245861629841,True,False,0.32142857142857145,59.13867427816381,58.17817979859217,1.3363940275308295,320.7345666073991
RA-MTM,66,39,0.008333333333333333,0.03469732786033717,0.0,0.013472220030858958,True,True,0.6487804878048781,84.8177418860111,83.8177418860111,1.6611252865570123,398.67006877368294
RA-MTM,67,43,0.008333333333333333,0.0,1.1796119636642288e-16,0.06872980047303115,True,True,0.9149659863945578,34.13066445838355,33.13066445838355,3.4096782197749196,818.3227727459807
RA-MTM,67,50,0.008333333333333333,0.0,0.0,0.028389602504856035,True,True,0.5641025641025641,95.03113139377668,96.03113139377668,0.9741937770785485,233.80650649885163
RA-MTM,67,51,0.008333333333333333,0.00032921267023630445,0.0,0.020223245946062108,True,False,0.4268292682926829,66.54459347319347,65.54459347319347,1.586187303704816,380.68495288915585
RA-MTM,67,39,0.008333333333333333,0.0,1.6653345369377348e-16,0.013472220030858958,True,True,0.7293233082706767,85.23102254812854,84.23102254812854,1.211497389443836,290.75937346652063
RA-MTM,68,43,0.008333333333333333,0.0,0.0,0.06872980047303115,True,True,0.8768115942028986,33.77253411411133,32.77253411411133,3.059967633131338,734.3922319515211
RA-MTM,68,50,0.008333333333333333,0.0,0.0,0.028389602504856035,True,True,0.41935483870967744,90.0049041032711,91.0049041032711,2.3230774684180773,557.5385924203385
RA-MTM,68,51,0.008333333333333333,0.0,0.0,0.020223245946062108,True,False,0.45977011494252873,73.81487082226454,72.81487082226454,1.586187303704816,380.68495288915585
RA-MTM,68,39,0.008333333333333333,0.0,0.0,0.013472220030858958,True,True,0.7731958762886598,85.19090627796831,84.19090627796831,0.9367247856524504,224.81394855658812
RA-MTM,69,43,0.008333333333333333,0.0,0.0,0.06872980047303115,True,True,0.8857142857142857,32.79502928093981,31.795029280939808,2.7102570464877567,650.4616911570616
RA-MTM,69,50,0.008333333333333333,0.0,0.0,0.028389602504856035,True,True,0.7112299465240641,90.26210073436307,91.26210073436307,1.6736149503657114,401.66758808777075
RA-MTM,69,51,0.008333333333333333,0.0,1.1102230246251565e-16,0.020223245946062108,True,False,0.4539877300613497,80.71314355819644,79.71314355819644,1.3738630189569274,329.72712454966256
RA-MTM,69,39,0.008333333333333333,0.0,0.0,0.013472220030858958,True,True,0.7733333333333333,87.07180844749418,86.07180844749418,0.7244005009045617,173.8561202170948
RA-MTM,70,43,0.09930798811090265,0.09097465477756932,1.3877787807814457e-16,0.022244854304538167,True,True,0.783410138248848,32.34140491160425,20.424446338295933,2.123242847478888,509.57828339493307
RA-MTM,70,52,0.12824277682961036,,,,False,True,,64.26675241835505,79.6558856379083,0.1248966380869934,29.975193140878417
RA-MTM,70,50,0.11157611016294358,0.11990944349627691,0.0,0.14829904600113294,True,True,0.7971014492753623,92.15783927939185,78.76870605983862,1.4238216741917247,341.7172018060139
RA-MTM,70,53,0.020186042485654986,,,,False,True,,19.039176783791405,21.461501882070003,0.02497932761739868,5.995038628175683
RA-MTM,70,51,0.08921449062502482,0.08088115729169149,1.1449174941446927e-16,0.06065791134562938,True,False,0.5069444444444444,86.39803832664533,75.69229945164236,1.3363940275308295,320.7345666073991
RA-MTM,70,39,0.09326289804420528,0.08492956471087194,1.1102230246251565e-16,0.0984017847417309,True,True,0.8983050847457628,88.22377710808202,77.03222934277738,0.6744418456697643,161.86604296074344
RA-MTM,71,43,0.05878472246764188,0.04052326564326077,0.0,0.018278411338722596,True,True,0.8729281767955801,32.39991867606063,25.345751979943604,2.1107531836701883,506.5807640808452
RA-MTM,71,50,0.05878472246764185,0.17036083263058543,0.0,0.022061786629452483,True,True,0.7280701754385965,91.46087325341324,98.51503994953026,1.0366420961220453,248.79410306929086
RA-MTM,71,53,0.042118055800975183,0.021932013315320197,0.0,0.021932013315320197,True,True,0.05714285714285714,21.428558138070247,26.48272483418727,0.43713823330447693,104.91317599307446
RA-MTM,71,51,0.021757869343676836,0.06745662128134798,0.0,0.006798709935718605,True,True,0.5223880597014925,91.52998075749389,88.91903643625267,1.211497389443836,290.75937346652063
RA-MTM,71,39,0.03624951587577859,0.05701338216842669,0.0,0.041388402573304214,True,True,0.9107142857142857,88.85290691959351,84.50296501450008,0.661952181861065,158.8685236466556
RA-MTM,72,43,0.08451826532398737,0.025733542856345496,0.0,0.0074551315176229005,True,True,0.893491124260355,31.754664123260124,21.61247228438164,1.8859392351136004,452.6254164272641
RA-MTM,72,54,0.15875343354238355,,,,False,True,,60.853350483671015,79.90376250875704,0.04995865523479736,11.990077256351366
RA-MTM,72,50,0.08987924965536488,0.14866397212300672,1.3877787807814457e-16,0.12660218549355426,True,True,0.7738095238095238,89.9707033507486,79.18519339210481,0.8243178113741564,197.83627472979754
RA-MTM,72,53,0.006357496629144155,0.04847555243011934,2.220446049250313e-16,0.02654353911479914,True,True,0.4794520547945205,23.5747930531661,22.811893457668802,0.9117454580350518,218.81890992841244
RA-MTM,72,51,0.14208676687571695,0.1203288975320401,0.0,0.1135301875963215,True,True,0.6095238095238096,94.89255311010363,77.8421410850176,0.8992557942263525,215.8213906143246
RA-MTM,72,39,0.10850430701993971,0.07225479114416113,0.0,0.11364319371746534,True,True,0.9107142857142857,89.51960562032316,76.4990887779304,0.6744418456697643,161.86604296074344
RA-MTM,73,43,0.07362079234909853,0.010897472974888849,1.1796119636642288e-16,0.003442341457265948,True,True,0.8974358974358975,31.42158656064525,22.587091478753425,1.811001252261404,434.640300542737
RA-MTM,73,50,0.08112263689837036,0.17100188655373524,0.0,0.04439970106018099,True,True,0.7121212121212122,89.4859826698239,99.22069909762834,0.5870141990088689,140.88340776212854
RA-MTM,73,55,0.11142442379918478,,,,False,False,,71.94690677139417,85.31783762729634,0.04995865523479736,11.990077256351366
RA-MTM,73,53,0.0110811374169509,0.017438634046095056,1.6653345369377348e-16,0.009104905068704088,True,True,0.6239316239316239,25.793044714384195,27.122781204418303,1.4612906656178228,350.70975974827746
RA-MTM,73,51,0.1059935129062764,0.036093253969440534,0.0,0.07743693362688096,True,True,0.5138888888888888,97.40904012201034,84.68981857325717,0.46211756092187556,110.90821462125014
RA-MTM,73,39,0.06574280552342877,0.042761501496510944,2.1510571102112408e-16,0.07088169222095439,True,True,0.9298245614035088,89.71488291354419,81.82574625073273,0.699421173287163,167.86108158891912
RA-MTM,74,43,0.07424441203969018,0.0006236196905916517,1.1102230246251565e-16,0.0028187217666742963,True,True,0.5724137931034483,29.238257263329274,20.328927818566452,1.0366420961220453,248.79410306929086
RA-MTM,74,50,0.10619776522993725,0.025075128331566887,1.6653345369377348e-16,0.06947482939174789,True,True,0.6617647058823529,91.8066998459196,104.55043167351207,0.8243178113741564,197.83627472979754
RA-MTM,74,56,0.12606036154936612,,,,False,False,,72.45891706159678,87.58616044752071,0.1248966380869934,29.975193140878417
RA-MTM,74,57,0.018971234183482247,,,,False,False,,84.74716402645934,87.02371212847721,0.1248966380869934,29.975193140878417
RA-MTM,74,53,0.0037550340996737636,0.0073261033172771365,0.0,0.016431008385981223,True,True,0.7307692307692307,28.320060475481352,28.770664567442203,1.910918562730999,458.6204550554398
RA-MTM,74,51,0.10939369488269944,0.003400181976423037,0.0,0.080837115603304,True,True,0.35135135135135137,99.51669162845764,86.3894482425337,0.16236562951309141,38.96775108314194
RA-MTM,74,58,0.05591929140340461,,,,False,True,,83.89381354278835,77.1834985743798,0.0624483190434967,14.987596570439209
RA-MTM,74,39,0.08412419337874048,0.018381387855311716,0.0,0.08926308007626611,True,True,0.125,95.84072031418252,85.74581710873366,0.08742764666089538,20.98263519861489
RA-MTM,75,43,0.04452704113445816,0.029717370905232018,1.1275702593849246e-16,0.03253609267190631,True,True,0.9642857142857143,29.30019601427455,23.95695107813957,1.024152432313346,245.79658375520302
RA-MTM,75,50,0.04452704113445816,0.061670724095479086,0.0,0.007804105296268796,True,True,0.5303030303030303,90.91566895128125,96.25891388741623,0.43713823330447693,104.91317599307446
RA-MTM,75,56,0.04143152013722092,0.08462884141214519,1.1102230246251565e-16,0.08462884141214519,True,False,0.13793103448275862,74.32144724769613,79.29322966416264,0.2872622676000848,68.94294422402035
RA-MTM,75,57,0.01856827971317448,0.0004029544703077666,0.0,0.0004029544703077666,True,False,0.05,84.669586709762,86.89778027534294,0.13738630189569273,32.972712454966256
RA-MTM,75,53,0.005460749747476434,0.001705715647802671,0.0,0.014725292738178552,True,True,0.7614213197969543,31.953800598523813,32.609090568220985,2.422994778887672,581.5187469330413
RA-MTM,75,51,0.04452704113445816,0.06486665374824127,0.0,0.015970461855062724,True,True,0.065,81.81163836263107,76.46839342649609,2.497932761739868,599.5038628175683
RA-MTM,76,43,0.029027125133185075,0.015499916001273088,1.249000902703301e-16,0.0480360086731794,True,True,0.8902439024390244,29.209244191925386,25.725989175943177,0.9117454580350518,218.81890992841244
RA-MTM,76,50,0.029027125133185075,0.015499916001273088,0.0,0.007695810705004291,True,True,1.0,90.91566895128122,94.39892396726343,0.43713823330447693,104.91317599307446
RA-MTM,76,56,0.029027125133185075,0.012404395004035843,1.1102230246251565e-16,0.09703323641618103,True,False,0.23076923076923078,75.90145779328422,79.38471280926643,0.512076216156673,122.89829187760151
RA-MTM,76,57,0.015967222231169368,0.002601057482005113,0.0,0.0030040119523128796,True,False,0.16666666666666666,88.51194557206678,90.4280122398071,0.21232428474788875,50.957828339493304
RA-MTM,76,53,0.0013797701899425975,0.004080979557533837,0.0,0.01880627229571239,True,True,0.801762114537445,35.48701122254804,35.65258364534115,2.685277718870358,644.4666525288859
RA-MTM,76,51,0.029027125133185075,0.015499916001273088,0.0,0.0004705458537896353,True,True,0.68,79.8153002017137,76.33204518573149,1.69859427798311,407.66262671594643
RA-MTM,77,43,0.02673540904094267,0.0022917160922424056,0.0,0.05032772476542181,True,True,0.6517857142857143,32.23563247770384,29.027383392790718,1.398842346574326,335.72216317783824
RA-MTM,77,56,0.02673540904094267,0.0022917160922424056,2.220446049250313e-16,0.09932495250842344,True,False,0.304,76.52142493795846,79.72967402287158,1.5237389846613194,365.6973563187167
RA-MTM,77,57,0.02673540904094267,0.010768186809773301,0.0,0.0077641748574604225,True,True,0.11475409836065574,95.23835526688538,98.4466043517985,0.6369728542436663,152.87348501847993
RA-MTM,77,53,0.015203665881222092,0.013823895691279493,0.0,0.004982376604432895,True,True,0.8185483870967742,39.02059531246097,40.84503521820762,2.9475606588530443,707.4145581247307
RA-MTM,77,51,0.02673540904094267,0.0022917160922424056,0.0,0.0018211702384527703,True,True,0.6470588235294118,79.782215757828,76.57396667291488,1.0990904151655418,263.78169963973005
RA-MTM,78,43,0.05022400616108484,0.023488597120142174,0.0,0.026839127645279633,True,True,0.7699115044247787,33.25522006858349,27.22833932925331,1.0990904151655418,263.78169963973005
RA-MTM,78,59,0.03814056959133237,,,,False,True,,98.03505012933655,102.61191848029644,0.08742764666089538,20.98263519861489
RA-MTM,78,60,0.04911690748336177,,,,False,False,,94.13401934684052,100.02804824484393,0.02497932761739868,5.995038628175683
RA-MTM,78,61,0.04712526528410154,,,,False,False,,92.42731837949847,98.08235021359066,0.01248966380869934,2.9975193140878416
RA-MTM,78,62,0.04655144986067062,,,,False,False,,90.72061741215646,96.30679139543693,0.01248966380869934,2.9975193140878416
RA-MTM,78,56,0.05022400616108484,0.023488597120142174,0.0,0.07583635538828126,True,True,0.5408805031446541,77.30289517297159,83.32977591230177,1.5362286484700187,368.6948756328045
RA-MTM,78,57,0.05022400616108484,0.023488597120142174,0.0,0.031252771977602595,True,True,0.4805194805194805,97.30360685761849,103.33048759694867,0.7868488199480584,188.84371678753402
RA-MTM,78,53,0.018857581404968887,0.0036539155237467944,0.0,0.0013284610806861016,True,True,0.21610169491525424,25.899445378009347,28.162355146605613,0.6369728542436663,152.87348501847993
RA-MTM,78,63,0.027674930581377724,,,,False,False,,43.78634081025076,40.465349140485436,0.04995865523479736,11.990077256351366
RA-MTM,78,64,0.05022400616108484,,,,False,True,,76.21365918974924,70.18677845041906,0.04995865523479736,11.990077256351366
RA-MTM,78,51,0.05022400616108484,0.023488597120142174,0.0,0.021667426881689402,True,True,0.06818181818181818,86.45386499380139,80.42698425447121,0.07493798285219604,17.985115884527048
RA-MTM,79,43,0.03959040536470993,0.010633600796374912,0.0,0.03747272844165454,True,True,0.8073394495412844,34.368169875789945,29.617321232024754,1.361373355148228,326.72960523557475
RA-MTM,79,56,0.03959040536470996,0.010633600796374883,0.0,0.08646995618465615,True,True,0.4641509433962264,82.56065467395888,87.31150331772407,3.309760909305325,794.342618233278
RA-MTM,79,57,0.03959040536470996,0.010633600796374883,1.1796119636642288e-16,0.020619171181227712,True,True,0.6533333333333333,98.30284629985623,103.05369494362142,0.7618694923306597,182.84867815935834
RA-MTM,79,53,0.022923738698043296,0.004066157293074409,0.0,0.0027376962123883074,True,True,0.6964285714285714,27.844202228942308,30.595050872707503,0.5495452075827709,131.89084981986502
RA-MTM,79,63,0.005431192222239645,0.03310612280361737,0.0,0.03310612280361737,True,False,0.5,45.49304177759279,46.14478484426155,0.02497932761739868,5.995038628175683
RA-MTM,79,51,0.034642045022264395,0.015581961138820452,0.0,0.006085465742868953,True,True,0.16666666666666666,87.3072154774724,83.15017007480067,0.01248966380869934,2.9975193140878416
RA-MTM,80,43,0.0829940674125948,0.04340366204788486,0.0,0.005930933606230315,True,True,0.7786259541984732,36.45027939417576,26.490991304664384,1.5487183122787183,371.69239494689236
RA-MTM,80,56,0.0829940674125948,0.04340366204788483,0.0,0.043066294136771315,True,True,0.8922558922558923,83.14102624742874,93.10031433694012,3.709430151183704,890.263236284089
RA-MTM,80,57,0.06632740074592801,0.10591780611063797,0.0,0.08529863492941026,True,True,0.4918032786885246,99.53857241009031,91.57928432057895,0.3746899142609802,89.92557942263525
RA-MTM,80,53,0.009413149575143602,0.013510589122899692,0.0,0.010772892910511386,True,False,0.4603174603174603,35.46617359445839,36.59575154347562,0.5995038628175683,143.88092707621638
RA-MTM,80,65,0.011542672989209931,,,,False,False,,60.28445016122367,58.899329402518475,0.22481394855658812,53.95534765358115
RA-MTM,80,51,0.04407413631179947,0.009432091289535075,0.0,0.015517557032404029,True,True,0.07692307692307693,91.24575617133861,85.95685981392268,0.16236562951309141,38.96775108314194
RA-MTM,81,43,0.06388213552087384,0.019111931891720956,0.0,0.013180998285490641,True,True,0.6358974358974359,37.226482476800236,29.560626214295375,2.4354844426963713,584.5162662471291
RA-MTM,81,56,0.06388213552087384,0.019111931891720956,1.6653345369377348e-16,0.062178226028492274,True,True,0.783641160949868,82.48882488365723,90.15468114616209,4.73358258349705,1136.059820039292
RA-MTM,81,53,0.012418411209521392,0.0030052616343777907,1.1796119636642288e-16,0.007767631276133595,True,False,0.6206896551724138,37.96129620432255,39.45150554946512,0.5745245352001696,137.8858884480407
RA-MTM,81,66,0.01903304732188656,,,,False,False,,81.16309199504111,78.87912631641473,0.1873449571304901,44.962789711317626
RA-MTM,81,65,0.0061073250957589306,0.005435347893451,0.0,0.005435347893451,True,False,0.36363636363636365,64.59183831689639,63.858959305405314,0.5245658799653723,125.89581119168935
RA-MTM,81,51,0.04721546885420717,0.0031413325424077005,0.0,0.018658889574811727,True,True,0.07692307692307693,94.13401934684052,88.46816308433566,0.01248966380869934,2.9975193140878416
RA-MTM,82,43,0.03499139783755858,0.028890737683315255,1.249000902703301e-16,0.042071735968805896,True,True,0.6954545454545454,41.398877097508276,37.199909357001246,2.2231601579484828,533.5584379076358
RA-MTM,82,56,0.03499139783755858,0.028890737683315255,0.0,0.09106896371180753,True,True,0.916010498687664,82.79977446115889,86.99874220166592,4.383871996853468,1052.1292792448323
RA-MTM,82,53,0.02072147907135295,0.008303067861831555,0.0,0.0005354365856979608,True,False,0.6153846153846154,40.46276524226894,42.94934273083129,0.4746072247305749,113.90573393533798
RA-MTM,82,65,0.0016351603918639767,0.004472164703894954,1.1102230246251565e-16,0.009907512597345954,True,False,0.47619047619047616,66.82680386936809,66.63058462234441,0.2497932761739868,59.950386281756835
RA-MTM,82,66,0.020132574263282403,0.0010995269413958417,0.0,0.0010995269413958417,True,False,0.3023255813953488,87.47372288892042,85.05781397732653,0.512076216156673,122.89829187760151
RA-MTM,83,43,0.09979904031863643,0.06480764248107786,0.0,0.022735906512271954,True,True,0.8351648351648352,42.561017038825696,30.585132200589324,1.948387554157097,467.61301299770327
RA-MTM,83,56,0.08566635338340707,0.05067495554584849,0.0,0.04039400816595903,True,True,0.8176638176638177,83.35861114884833,93.63857355485717,3.5845335130967104,860.2880431432105
RA-MTM,83,67,0.08313237365196971,,,,False,True,,21.649425322079207,31.62531016031557,0.21232428474788875,50.957828339493304
RA-MTM,83,53,0.02243025484707696,0.0017087757757240142,0.0,0.002244212361421975,True,False,0.6739130434782609,39.69463464495642,42.38626522660566,0.48709688853927424,116.90325324942582
RA-MTM,83,65,0.001889455229732917,0.003524615621596894,0.0,0.013432128218942848,True,False,0.05,68.53350483671014,68.76023946427809,0.01248966380869934,2.9975193140878416
RA-MTM,83,66,0.014693638096766293,0.00543893616651611,0.0,0.004339409225120269,True,True,0.45555555555555555,90.8343974766459,89.07116090503395,1.1240697427829405,269.7767382679057
RA-MTM,84,56,0.054183608211270474,0.031482745172136596,0.0,0.07187675333809564,True,True,0.8784722222222222,84.76732191190038,91.26935489725284,3.172374607409632,761.3699057783117
RA-MTM,84,43,0.054183608211270474,0.045615432107365954,0.0,0.022879525595094,True,True,0.7245508982035929,43.631186176856,37.12915319150354,1.6486356227483128,395.6725494595951
RA-MTM,84,53,0.03751694154460381,0.015086686697526849,0.0,0.017330899058948822,True,True,0.3305084745762712,33.90772419419479,38.40975717954725,1.4737803294265222,353.70727906236533
RA-MTM,84,66,0.01700623954263397,0.0023126014458676753,0.0,0.002026807779252593,True,True,0.3284671532846715,81.15312585800552,79.11237711288945,3.422167883583619,821.3202920600686
RA-MTM,85,56,0.03708793271471554,0.017095675496554937,0.0,0.08897242883465056,True,True,0.7913385826771654,85.84675494820456,90.29730687397043,2.510422425548567,602.5013821316561
RA-MTM,85,43,0.03708793271471548,0.017095675496554996,0.0,0.039975201091648996,True,True,0.5151515151515151,43.91183352843768,39.461281602671825,0.849297138991555,203.83131335797322
RA-MTM,85,53,0.02923975741531398,0.00827718412928983,0.0,0.009053714929658991,True,True,0.5860215053763441,38.2757215851888,41.784492475026475,2.2106704941397832,530.560918593548
RA-MTM,85,66,0.02176263461112467,0.0047563950684907045,1.249000902703301e-16,0.0027295872892381112,True,True,0.8041958041958042,84.30285757628356,81.6913414229486,3.02249864170524,725.3996740092576
RA-MTM,86,56,0.008333333333333333,0.028754599381382206,1.6653345369377348e-16,0.11772702821603277,True,True,0.642512077294686,90.20492359468616,91.20492359468616,1.7360632694092082,416.65518465821
RA-MTM,86,53,0.008333333333333333,0.037573090748647314,0.0,0.02851937581898832,True,False,0.7017543859649122,42.593267859146735,41.593267859146735,2.635319063635561,632.4765752725345
RA-MTM,86,66,0.008333333333333333,0.01342930127779134,0.0,0.010699713988553228,True,True,0.8221343873517787,85.90444755910916,84.90444755910916,2.7352363741051553,656.4567297852373
RA-MTM,87,56,0.014130931238134891,0.005797597904801558,0.0,0.11192943031123122,True,True,0.9041095890410958,90.96618589666609,92.66189764524228,1.7360632694092082,416.65518465821
RA-MTM,87,53,0.014130931238134891,0.005797597904801558,0.0,0.034316973723789876,True,False,0.7606177606177607,46.65986794914297,44.964156200566784,3.059967633131338,734.3922319515211
RA-MTM,87,66,0.014130931238134891,0.005797597904801558,0.0,0.004902116083751669,True,True,0.6301369863013698,90.99270017506603,89.29698842648985,1.7235736056005087,413.6576653441221
RA-MTM,88,56,0.011455834270977761,0.0026750969671571314,0.0,0.11460452727838835,True,True,0.8441558441558441,92.00358572553769,93.37828583805502,1.811001252261404,434.640300542737
RA-MTM,88,53,0.011455834270977761,0.0026750969671571314,0.0,0.03164187675663275,True,False,0.7902097902097902,50.2775574107595,48.90285729824217,3.3347402369227237,800.3376568614538
RA-MTM,88,66,0.011455834270977761,0.0026750969671571314,1.1102230246251565e-16,0.007577213050908801,True,True,0.7285714285714285,91.47550437848082,90.10080426596349,1.2989250361047313,311.74200866513553
RA-MTM,89,68,0.02614412020402703,,,,False,True,,20.745877751133428,17.608583326650184,0.03746899142609802,8.992557942263524
RA-MTM,89,56,0.02614412020402703,0.014688285933049272,0.0,0.09991624134533908,True,True,0.8766233766233766,91.57396789582747,94.71126232031071,1.798511588452705,431.6427812286492
RA-MTM,89,53,0.0038407147887192868,0.007615119482258474,0.0,0.024026757274374273,True,False,0.780327868852459,54.47177295360949,54.01088717896317,3.4471472112010173,827.3153306882442
RA-MTM,89,69,0.0074085665225534095,,,,False,True,,75.36030870607821,74.4712807233718,0.03746899142609802,8.992557942263524
RA-MTM,89,66,0.024019461596159055,0.012563627325181296,0.0,0.004986414274272496,True,True,0.38461538461538464,94.77403220959378,91.8916968180547,0.4995865523479736,119.90077256351367
RA-MTM,90,68,0.03421845979848304,0.00807433959445601,0.0,0.00807433959445601,True,True,0.3,21.769898331538645,17.66368315572068,0.1248966380869934,29.975193140878417
RA-MTM,90,70,0.03421845979848304,,,,False,True,,63.413401934684046,59.30718675886608,0.02497932761739868,5.995038628175683
RA-MTM,90,56,0.03421845979848304,0.00807433959445601,2.203098814490545e-16,0.09184190175088307,True,True,0.8766233766233766,92.15660029502352,96.26281547084149,1.811001252261404,434.640300542737
RA-MTM,90,53,0.030833015446470626,0.034673730235189916,1.1796119636642288e-16,0.010646972960815642,True,False,0.7840531561461794,58.522166978470096,62.22212883204657,3.259802254070528,782.3525409769267
RA-MTM,90,71,0.03421845979848304,,,,False,True,,71.94690677139417,76.05312194721213,0.01248966380869934,2.9975193140878416
RA-MTM,90,66,0.0014782707866502895,0.022541190809508768,2.220446049250313e-16,0.017554776535236273,True,True,0.325,95.4468662447959,95.26947375039786,0.16236562951309141,38.96775108314194
RA-MTM,91,68,0.035187302802804035,0.0009688430043209924,0.0,0.009043182598777004,True,True,0.6666666666666666,22.225018589496514,18.00254225316003,0.1873449571304901,44.962789711317626
RA-MTM,91,56,0.035187302802804035,0.0009688430043209924,0.0,0.09087305874656207,True,True,0.7241379310344828,93.64639049902848,97.86886683536497,1.3114146999134306,314.73952797922334
RA-MTM,91,53,0.0015722295456523482,0.032405244992122974,1.249000902703301e-16,0.021758272031307334,True,False,0.7857142857142857,62.11373843654079,61.92507089106251,2.9850296502791425,716.4071160669941
RA-MTM,91,72,0.021969817415977953,,,,False,True,,22.111238525007046,24.7476166149244,0.1873449571304901,44.962789711317626
RA-MTM,91,73,0.0017071236391445884,,,,False,True,,75.36030870607823,75.15545386938088,0.01248966380869934,2.9975193140878416
RA-MTM,91,66,0.018732687569725334,0.017254416783075044,0.0,0.00030035975216122777,True,True,0.23076923076923078,99.25412224886657,97.00619974049953,0.03746899142609802,8.992557942263524
RA-MTM,92,68,0.008333333333333333,0.026853969469470704,0.0,0.0178107868706937,True,True,0.5555555555555556,22.579001012352638,21.579001012352638,0.33722092283488214,80.93302148037172
RA-MTM,92,56,0.008333333333333333,0.026853969469470704,0.0,0.11772702821603277,True,True,0.780952380952381,94.80004899263253,95.80004899263253,1.024152432313346,245.79658375520302
RA-MTM,92,53,0.007571631566122742,0.005999402020470394,1.3877787807814457e-16,0.027757674051777727,True,False,0.744,65.7871890669263,64.87859327899157,2.46046377031377,590.5113048753047
RA-MTM,92,72,0.008333333333333333,0.013636484082644618,2.220446049250313e-16,0.013636484082644618,True,True,0.3125,23.981498335052677,24.981498335052677,0.5995038628175683,143.88092707621638
RA-MTM,92,73,0.0019239486216482268,0.00021682498250363835,0.0,0.00021682498250363835,True,True,1.0,75.36030870607823,75.12943487148044,0.01248966380869934,2.9975193140878416
RA-MTM,93,68,0.008333333333333333,0.0,0.0,0.0178107868706937,True,True,0.675,22.36724367010835,21.36724367010835,0.4995865523479736,119.90077256351367
RA-MTM,93,56,0.008333333333333333,0.0,0.0,0.11772702821603277,True,True,0.6707317073170732,96.24412236100882,97.24412236100882,0.6869315094784637,164.86356227483128
RA-MTM,93,53,0.007642206746951056,7.057518082831393e-05,0.0,0.02782824923260604,True,True,0.4900497512437811,70.24869685364094,69.33163204400681,5.020844851097134,1205.0027642633122
RA-MTM,93,72,0.008333333333333333,0.0,0.0,0.013636484082644618,True,True,0.4528301886792453,26.864239709529357,27.864239709529357,1.32390436372213,317.7370472933112
RA-MTM,94,68,0.04091997178501418,0.03258663845168085,0.0,0.014775851580987147,True,True,0.525,20.258248903321423,15.347852289119722,0.26228293998268615,62.947905595844674
RA-MTM,94,56,0.04091997178501418,0.03258663845168085,1.1449174941446927e-16,0.08514038976435193,True,True,0.9122807017543859,96.69407079785353,101.60446741205523,0.6744418456697643,161.86604296074344
RA-MTM,94,74,0.03259109734925545,,,,False,False,,67.2534791112036,71.16441079311426,0.04995865523479736,11.990077256351366
RA-MTM,94,72,0.012183335613211515,0.0038500022798781805,0.0,0.009786481802766438,True,True,0.7464788732394366,29.627934193850006,31.089934467435388,1.7735322608353064,425.6477426004735
RA-MTM,94,53,0.03314857043577154,0.02550636368882048,1.1102230246251565e-16,0.05333461292142652,True,True,0.8146341463414634,73.4939164201545,69.51608796786192,4.271465022575174,1025.1516054180418
RA-MTM,95,68,0.04858212433936953,0.007662152554355354,1.1102230246251565e-16,0.022438004135342502,True,True,0.47619047619047616,19.551187073994008,13.721332153269664,0.1248966380869934,29.975193140878417
RA-MTM,95,56,0.04858212433936953,0.007662152554355354,1.6653345369377348e-16,0.07747823720999657,True,True,0.7222222222222222,97.06604408560756,102.8958990063319,0.48709688853927424,116.90325324942582
RA-MTM,95,74,0.04072047639820428,0.00812937904894883,0.0,0.00812937904894883,True,False,0.10810810810810811,68.94864831525277,73.83510548303728,0.46211756092187556,110.90821462125014
RA-MTM,95,72,0.008019551932304244,0.00416378368090727,0.0,0.013950265483673707,True,False,0.007042253521126761,34.399485489869626,35.361831721746135,0.01248966380869934,2.9975193140878416
RA-MTM,95,75,0.00797020249145562,,,,False,False,,32.6927845225276,33.64920882150228,0.01248966380869934,2.9975193140878416
RA-MTM,95,53,0.03977710561386789,0.006628535178096347,0.0,0.05996314809952287,True,True,0.7762039660056658,77.10294022010113,72.32968754643699,3.559554185479312,854.2930045150348
RA-MTM,96,56,0.06422794303862449,0.01564581869925495,2.220446049250313e-16,0.06183241851074162,True,True,0.41025641025641024,97.01407722923015,104.72143039386509,0.19983462093918944,47.960309025405465
RA-MTM,96,74,0.047561276371957936,0.0068407999737536565,1.1102230246251565e-16,0.014970179022702486,True,False,0.5967741935483871,70.26773323900932,75.97508640364427,0.7743591561393591,185.84619747344618
RA-MTM,96,72,0.017980420148705652,0.025999972081009896,0.0,0.039950237564683605,True,False,0.09090909090909091,35.485567923632736,33.32791750578806,0.13738630189569273,32.972712454966256
RA-MTM,96,76,0.024740579749430787,,,,False,False,,28.42603210417254,25.457162534240844,0.07493798285219604,17.985115884527048
RA-MTM,96,53,0.06422794303862449,0.0244508374247566,1.3877787807814457e-16,0.08441398552427946,True,True,0.7272727272727273,82.2769389421485,74.56958577751357,2.8476433483834493,683.4344036120278
RA-MTM,97,77,0.07105548135389253,,,,False,True,,41.53659862602718,33.009940863560075,0.13738630189569273,32.972712454966256
RA-MTM,97,74,0.07105548135389246,0.02349420498193453,0.0,0.03846438400463702,True,False,0.6451612903225806,71.00822123935606,79.53487900182316,0.4995865523479736,119.90077256351367
RA-MTM,97,78,0.029893279183964633,,,,False,False,,41.226289359237725,44.81348286131348,0.01248966380869934,2.9975193140878416
RA-MTM,97,79,0.030614790484283283,,,,False,False,,39.519588391895695,43.19336325000969,0.01248966380869934,2.9975193140878416
RA-MTM,97,76,0.05438881468722586,0.07912939443665665,2.220446049250313e-16,0.07912939443665665,True,False,0.2777777777777778,27.07071074775387,33.597368510220974,0.21232428474788875,50.957828339493304
RA-MTM,97,53,0.04563936132859396,0.01858858171003052,0.0,0.06582540381424895,True,True,0.8565400843881856,83.72475354130637,78.2480301818751,2.64780872744426,635.4740945866224
RA-MTM,98,77,0.10255640131601217,0.03150091996211965,0.0,0.03150091996211965,True,True,0.125,47.56546438079382,35.25869622287236,0.08742764666089538,20.98263519861489
RA-MTM,98,80,0.08336352110778585,,,,False,True,,91.57396789582747,101.57759042876177,0.02497932761739868,5.995038628175683
RA-MTM,98,74,0.059506269325346396,0.01154921202854607,0.0,0.026915171976090946,True,False,0.275,73.03298920515728,80.17374152419885,0.13738630189569273,32.972712454966256
RA-MTM,98,79,0.01735545698342508,0.013259333500858202,0.0,0.013259333500858202,True,False,0.0125,45.70637939851054,47.78903423652155,0.9991731046959472,239.80154512702734
RA-MTM,98,76,0.08588973464934566,0.031500919962119796,1.1102230246251565e-16,0.11063031439877644,True,True,0.5,25.561212623276997,35.867980781198476,0.3497105866435815,83.93054079445956
RA-MTM,98,53,0.04607594706281499,0.00043658573422102146,0.0,0.06626198954846997,True,True,0.9014084507042254,84.56588231749298,79.03676866995518,2.4105051150789722,578.5212276189534
RA-MTM,99,77,0.08283100928490288,0.0197253920311093,1.6653345369377348e-16,0.011775527931010348,True,True,0.3333333333333333,44.639691293921786,34.69997017973344,0.0624483190434967,14.987596570439209
RA-MTM,99,74,0.08283100928490288,0.023324739959556477,0.0,0.050239911935647426,True,False,0.15384615384615385,74.5069582224072,84.44667933659555,0.04995865523479736,11.990077256351366
RA-MTM,99,79,0.028577891242552944,0.011222434259127863,0.0,0.002036899241730339,True,False,0.5564516129032258,51.40608096975564,54.835427918861996,1.4113320103830254,338.7196824919261
RA-MTM,99,76,0.06616434261823606,0.0197253920311096,0.0,0.09090492236766684,True,True,0.675,27.39763536744081,35.337356481629136,0.48709688853927424,116.90325324942582
RA-MTM,99,53,0.016804792125408596,0.02927115493740639,1.3877787807814457e-16,0.03699083461106358,True,True,0.8290155440414507,85.45117817548791,83.43460312043888,1.9983462093918944,479.6030902540547
RA-MTM,100,77,0.10463400047665268,0.021802991191749815,0.0,0.03357851912276016,True,True,0.6666666666666666,42.93299032657975,30.376910269381426,0.0624483190434967,14.987596570439209
RA-MTM,100,81,0.08796733380998602,,,,False,True,,20.380156115274424,30.936236172472746,0.17485529332179076,41.96527039722978
RA-MTM,100,82,0.0828550107611516,,,,False,False,,77.06700967342024,87.00961096475844,0.01248966380869934,2.9975193140878416
RA-MTM,100,79,0.032955590889938866,0.004377699647385924,0.0,0.002340800405655585,True,False,0.6753246753246753,55.77444381189112,59.72911471868378,1.811001252261404,434.640300542737
RA-MTM,100,76,0.06520002725252118,0.0009643153657148851,0.0,0.08994060700195196,True,False,0.5681818181818182,29.79139287804616,37.6153961483487,0.3746899142609802,89.92557942263525
RA-MTM,100,53,0.004368017681991769,0.012436774443416827,0.0,0.024554060167646757,True,True,0.7625,86.64971592447995,86.12555380264094,1.5237389846613194,365.6973563187167
RA-MTM,101,81,0.008333333333333333,0.09630066714331935,0.0,0.09630066714331935,True,True,0.2857142857142857,22.208764294569452,21.208764294569452,0.6119935266262677,146.87844639030425
RA-MTM,101,79,0.008333333333333333,0.024622257556605534,0.0,0.022281457150949948,True,False,0.6308411214953271,59.96653527515015,60.96653527515015,2.5478914169746654,611.4939400739197
RA-MTM,101,76,0.008333333333333333,0.05686669391918784,0.0,0.03307391308276412,True,False,0.7368421052631579,31.697208958244758,32.69720895824476,0.44962789711317624,107.9106953071623
RA-MTM,101,53,0.008333333333333333,0.012701351015325102,0.0,0.011852709152321653,True,True,0.7049180327868853,88.0811845208019,89.0811845208019,1.0741110875481432,257.7866610115544
RA-MTM,102,81,0.008333333333333333,0.0,1.6653345369377348e-16,0.09630066714331935,True,True,0.703125,21.51389318643734,20.51389318643734,0.7493798285219604,179.8511588452705
RA-MTM,102,79,0.008067020154407464,0.0002663131789258699,1.6653345369377348e-16,0.02254777032987582,True,False,0.6379310344827587,64.7233421605407,65.69138457906959,3.3846988921575214,812.3277341178051
RA-MTM,102,76,0.008333333333333333,0.0,1.1102230246251565e-16,0.03307391308276412,True,True,0.6428571428571429,30.77274593426782,31.77274593426782,0.699421173287163,167.86108158891912
RA-MTM,102,53,0.008333333333333333,0.0,0.0,0.011852709152321653,True,True,0.7441860465116279,89.06725085004385,90.06725085004385,0.7993384837567578,191.84123610162186
RA-MTM,103,81,0.008333333333333333,0.0,0.0,0.09630066714331935,True,True,0.4603174603174603,20.745877751133435,19.745877751133435,0.3996692418783789,95.92061805081093
RA-MTM,103,79,0.005147875171642605,0.002919144982764858,0.0,0.025466915312640677,True,False,0.7232142857142857,68.70528318082567,69.32302820142279,3.8468164530793967,923.2359487390552
RA-MTM,103,76,0.008333333333333333,0.0,0.0,0.03307391308276412,True,True,0.8,30.64474336171717,31.64474336171717,0.8742764666089539,209.82635198614892
RA-MTM,103,53,0.008333333333333333,0.0,0.0,0.011852709152321653,True,True,0.671875,92.42731837949849,93.42731837949849,0.5370555437740716,128.8933305057772
RA-MTM,104,81,0.008333333333333333,0.0,1.942890293094024e-16,0.09630066714331935,True,True,0.5909090909090909,21.06027003459118,20.06027003459118,0.4746072247305749,113.90573393533798
RA-MTM,104,79,0.003907109603787143,0.0012407655678554619,0.0,0.02670768088049614,True,False,0.782016348773842,72.25766446197959,72.72651761443404,4.321423677809972,1037.1416826743932
RA-MTM,104,76,0.008333333333333333,0.0,2.1510571102112408e-16,0.03307391308276412,True,True,0.8333333333333334,30.027525477637315,31.027525477637315,0.9117454580350518,218.81890992841244
RA-MTM,104,53,0.008333333333333333,0.0,0.0,0.011852709152321653,True,True,0.6744186046511628,95.36990625422611,96.36990625422611,0.3622002504522808,86.9280601085474
RA-MTM,105,81,0.008333333333333333,0.0,1.6653345369377348e-16,0.09630066714331935,True,True,0.6538461538461539,21.990347206486987,20.990347206486987,0.5995038628175683,143.88092707621638
RA-MTM,105,79,0.003764596554560621,0.00014251304922652253,1.1102230246251565e-16,0.02685019392972266,True,True,0.7928176795580111,75.27581855918012,75.7275701457274,3.7843681340359,908.248352168616
RA-MTM,105,76,0.008333333333333333,0.0,0.0,0.03307391308276412,True,False,0.0136986301369863,29.279382587843553,30.279382587843553,0.01248966380869934,2.9975193140878416
RA-MTM,105,83,0.008333333333333333,,,,False,False,,27.572681620501527,28.572681620501527,0.01248966380869934,2.9975193140878416
RA-MTM,105,53,0.008333333333333333,0.0,2.220446049250313e-16,0.011852709152321653,True,True,0.5517241379310345,98.08076533381893,99.08076533381893,0.19983462093918944,47.960309025405465
RA-MTM,106,81,0.008333333333333333,0.0,1.249000902703301e-16,0.09630066714331935,True,True,0.7358490566037735,22.60773335187018,21.60773335187018,0.5495452075827709,131.89084981986502
RA-MTM,106,84,0.005510246248542335,,,,False,False,,58.42458372245351,59.08581327227859,0.16236562951309141,38.96775108314194
RA-MTM,106,76,0.008333333333333333,0.0,0.0,0.03307391308276412,True,False,0.09090909090909091,29.434537221238283,30.434537221238283,0.13738630189569273,32.972712454966256
RA-MTM,106,79,0.0037622417165445415,2.35483801607946e-06,1.1102230246251565e-16,0.02685254876773874,True,False,0.42574257425742573,81.34037721180384,81.79184621778919,1.6111666313222148,386.6799915173316
RA-MTM,106,53,0.008333333333333333,0.0,0.0,0.011852709152321653,True,True,0.25,100.10747273253759,101.10747273253759,0.04995865523479736,11.990077256351366
RA-MTM,107,85,0.1307227821063122,,,,False,True,,51.46649516328988,35.779761310532415,0.01248966380869934,2.9975193140878416
RA-MTM,107,81,0.1140561154396454,0.12238944877297873,0.0,0.02608878162965939,True,True,0.851063829787234,22.73041375967066,36.41714761242811,0.5370555437740716,128.8933305057772
RA-MTM,107,84,0.05662256878679279,0.05111232253825045,0.0,0.05111232253825045,True,False,0.19696969696969696,56.19871148182913,62.99341973624426,0.8243178113741564,197.83627472979754
RA-MTM,107,79,0.050523712745215006,0.04676147102867046,0.0,0.01990892226093172,True,True,0.7341772151898734,84.78836025670554,90.85120578613135,1.811001252261404,434.640300542737
RA-MTM,108,81,0.008333333333333333,0.12238944877297873,0.0,0.09630066714331935,True,True,0.6382978723404256,23.657308813069818,22.657308813069818,0.4246485694957775,101.91565667898661
RA-MTM,108,84,0.008333333333333333,0.04828923545345945,0.0,0.002823087084790998,True,False,0.5510204081632653,59.74201031889016,60.74201031889016,1.0741110875481432,257.7866610115544
RA-MTM,108,79,0.008333333333333333,0.04219037941188167,0.0,0.022281457150949948,True,True,0.7448275862068966,86.59609007441315,87.59609007441315,1.3488836913395286,323.7320859214869
RA-MTM,109,84,0.007052434319825866,0.015385767653159198,0.0,0.012562680568368201,True,False,0.5950413223140496,63.860015271932475,63.01372315355337,1.3363940275308295,320.7345666073991
RA-MTM,109,79,0.008333333333333333,0.0,0.0,0.022281457150949948,True,True,0.6203703703703703,88.09688308922762,89.09688308922762,0.8368074751828557,200.83379404388538
RA-MTM,110,84,0.008333333333333333,0.015385767653159198,0.0,0.002823087084790998,True,False,0.5933333333333334,68.39127975609829,69.39127975609829,1.6486356227483128,395.6725494595951
RA-MTM,110,79,0.008333333333333333,0.0,2.220446049250313e-16,0.022281457150949948,True,False,0.373134328358209,87.58028763224715,88.58028763224715,0.3122415952174835,74.93798285219604
RA-MTM,110,86,0.008333333333333333,,,,False,True,,55.278127323687066,54.278127323687066,0.3746899142609802,89.92557942263525
RA-MTM,111,87,0.008333333333333333,,,,False,True,,19.039176783791405,18.039176783791405,0.01248966380869934,2.9975193140878416
RA-MTM,111,84,0.008333333333333333,0.0,0.0,0.002823087084790998,True,False,0.6473988439306358,72.57158163525793,73.57158163525793,1.910918562730999,458.6204550554398
RA-MTM,111,79,0.008333333333333333,0.0,0.0,0.022281457150949948,True,False,0.04,87.3072154774724,88.3072154774724,0.01248966380869934,2.9975193140878416
RA-MTM,111,88,0.008333333333333333,,,,False,True,,22.566358782964922,23.566358782964922,0.1873449571304901,44.962789711317626
RA-MTM,111,86,0.008333333333333333,0.016666666666666666,0.0,0.016666666666666666,True,True,0.417910447761194,60.91899282856879,61.91899282856879,0.8118281475654571,194.8387554157097
RA-MTM,112,87,0.008333333333333333,0.0,0.0,0.0,True,True,0.5,19.039176783791405,18.039176783791405,0.02497932761739868,5.995038628175683
RA-MTM,112,89,0.008333333333333333,,,,False,True,,20.380156115274424,19.380156115274424,0.17485529332179076,41.96527039722978
RA-MTM,112,84,0.008333333333333333,0.0,0.0,0.002823087084790998,True,True,0.25,78.72351355348762,79.72351355348762,7.643674250923996,1834.481820221759
RA-MTM,112,88,0.008333333333333333,0.0,0.0,0.0,True,True,0.6,23.81793949234907,24.81793949234907,0.3122415952174835,74.93798285219604
RA-MTM,112,86,0.008333333333333333,0.0,0.0,0.016666666666666666,True,True,0.6808510638297872,64.86318017575951,65.86318017575951,1.1615387342090386,278.7692962101693
RA-MTM,113,87,0.010533757264873215,0.0022004239315398817,1.6653345369377348e-16,0.0022004239315398817,True,True,0.6666666666666666,19.039176783791405,17.77512591200662,0.03746899142609802,8.992557942263524
RA-MTM,113,89,0.006132909401793422,0.0022004239315399116,0.0,0.0022004239315399116,True,True,0.25,19.039176783791405,18.303227655576194,0.07493798285219604,17.985115884527048
RA-MTM,113,90,0.010533757264873244,,,,False,True,,99.68079749070208,100.94484836248687,0.19983462093918944,47.960309025405465
RA-MTM,113,91,0.010533757264873244,,,,False,False,,67.95444557993336,69.21849645171815,0.699421173287163,167.86108158891912
RA-MTM,113,84,0.010533757264873244,0.0022004239315399116,0.0,0.005023511016330909,True,False,0.21895424836601307,78.41708655803411,79.6811374298189,1.6736149503657114,401.66758808777075
RA-MTM,113,88,0.010533757264873215,0.0022004239315398817,0.0,0.0022004239315398817,True,True,0.16,21.59922823480444,22.863279106589225,0.04995865523479736,11.990077256351366
RA-MTM,113,92,0.010533757264873215,,,,False,False,,28.426032104172542,29.690082975957328,0.02497932761739868,5.995038628175683
RA-MTM,113,86,0.005057259615522132,0.013390592948855466,0.0,0.003276073717811201,True,True,0.839622641509434,67.37897182939051,66.77210067552785,1.2739457084873327,305.74697003695985
RA-MTM,114,87,0.009467745601854401,0.001066011663018814,0.0,0.0011344122685210678,True,True,0.5,19.323626945015075,18.187497472792547,0.07493798285219604,17.985115884527048
RA-MTM,114,89,0.011550215720606497,0.005417306318813075,1.3877787807814457e-16,0.003216882387273164,True,True,0.5714285714285714,19.039176783791405,17.653150897318625,0.0624483190434967,14.987596570439209
RA-MTM,114,90,0.011550215720606497,0.0010164584557332526,0.0,0.0010164584557332526,True,True,0.45714285714285713,98.57144186192976,99.95746774840254,0.43713823330447693,104.91317599307446
RA-MTM,114,91,0.008918312619049946,0.0016154446458232978,0.0,0.0016154446458232978,True,False,0.6292134831460674,69.07044446688514,70.14064198117113,1.1115800789742414,266.7792189538179
RA-MTM,114,84,0.011501517666945087,0.0009677604020718414,1.1796119636642288e-16,0.005991271418402751,True,False,0.7105263157894737,81.11703815941446,82.49722027944787,1.5736976398961169,377.68743357506804
RA-MTM,114,93,0.010442433902176163,,,,False,True,,97.64223800193243,98.89533007019357,0.22481394855658812,53.95534765358115
RA-MTM,114,86,0.011550215720606497,0.006492956105084365,0.0,0.003216882387273164,True,True,0.8849557522123894,68.71801304939574,67.33198716292296,1.3863526827656267,332.72464386375043
RA-MTM,115,87,0.05180931694362759,0.04234157134177319,2.220446049250313e-16,0.043475983610294255,True,True,0.46153846153846156,20.745877751133428,14.528759717898117,0.16236562951309141,38.96775108314194
RA-MTM,115,90,0.06838767664563908,0.056837460925032585,0.0,0.05785391938076583,True,True,0.17142857142857143,99.82302257131391,108.0295437687906,0.07493798285219604,17.985115884527048
RA-MTM,115,91,0.04474562188174467,0.05366393450079462,1.1102230246251565e-16,0.055279379146617916,True,False,0.6390977443609023,70.3725082046213,65.00303357881194,1.6111666313222148,386.6799915173316
RA-MTM,115,84,0.07245390059216525,0.08395541825911033,0.0,0.07796414684070758,True,False,0.5903614457831325,85.27896215396451,76.58449408290468,1.7235736056005087,413.6576653441221
RA-MTM,115,93,0.004595907523445557,0.005846526378730606,1.6653345369377348e-16,0.005846526378730606,True,True,0.28125,97.69583006129344,98.2473389641069,0.2872622676000848,68.94294422402035
RA-MTM,115,86,0.08912056725883193,0.10067078297943842,1.942890293094024e-16,0.09745390059216526,True,True,0.8461538461538461,67.22371107107553,77.91817914213536,1.6111666313222148,386.6799915173316
RA-MTM,116,87,0.02171583530811662,0.03009348163551097,0.0,0.013382501974783285,True,True,0.8461538461538461,20.590723117738698,17.984822880764703,0.13738630189569273,32.972712454966256
RA-MTM,116,91,0.02171583530811662,0.023029786573628048,0.0,0.032249592572989864,True,False,0.7261904761904762,72.04231241553131,69.43641217855732,2.0108358732005938,482.6006095681425
RA-MTM,116,84,0.02171583530811662,0.09416973590028187,0.0,0.016205589059574286,True,True,0.5588235294117647,89.49770569539955,92.10360593237354,1.586187303704816,380.68495288915585
RA-MTM,116,86,0.02171583530811662,0.06740473195071531,1.6653345369377348e-16,0.030049168641449953,True,True,0.6292682926829268,70.47331618007931,73.0792164170533,2.560381080783365,614.4914593880076
RA-MTM,117,87,0.08101165710176955,0.05929582179365293,0.0,0.07267832376843622,True,True,0.4074074074074074,21.50441151439655,11.783012662184206,0.33722092283488214,80.93302148037172
RA-MTM,117,91,0.10142191725188496,0.12313775256000158,1.6653345369377348e-16,0.09088815998701172,True,False,0.7207207207207207,72.26353455266583,84.43416462289203,2.760215701722554,662.451768413413
RA-MTM,117,94,0.02560813231765202,,,,False,True,,23.43393177469712,26.50690765281536,0.4995865523479736,119.90077256351367
RA-MTM,117,84,0.08475525058521853,0.10647108589333515,1.6653345369377348e-16,0.09026549683376087,True,True,0.5882352941176471,93.13684574794405,82.96621567771783,1.1115800789742414,266.7792189538179
RA-MTM,117,86,0.007323010702542376,0.029038846010658995,1.1188966420050406e-16,0.0010103226307909571,True,True,0.8097345132743363,68.985278622183,68.10651733787792,2.5478914169746654,611.4939400739197
RA-MTM,118,87,0.08263037447942449,0.0016187173776549399,0.0,0.07429704114609116,True,True,0.8928571428571429,21.139731820520048,11.22408688298911,0.32473125902618283,77.93550216628388
RA-MTM,118,91,0.11487664536827324,0.013454728116388282,0.0,0.1043428881034,True,True,0.674074074074074,71.76958719037168,85.55478463456447,2.8851123398095475,692.4269615542914
RA-MTM,118,94,0.018292078400895157,0.0073160539167568634,0.0,0.0073160539167568634,True,True,0.30666666666666664,27.690385135490637,29.885434543598056,0.7244005009045617,173.8561202170948
RA-MTM,118,84,0.09820997870160646,0.013454728116387926,0.0,0.10372022495014879,True,True,0.5510204081632653,95.92199178881785,84.13679434462507,0.7868488199480584,188.84371678753402
RA-MTM,118,86,0.012837636160281345,0.005514625457738968,1.249000902703301e-16,0.004504302826948011,True,True,0.8254716981132075,68.65474588903496,67.1142295498012,2.2856084769919796,548.5460344780751
RA-MTM,119,87,0.08069187269922207,0.0019385017802024211,1.942890293094024e-16,0.07235853936588874,True,True,0.8387096774193549,21.681810539675826,11.998785815769178,0.38717957806967956,92.92309873672309
RA-MTM,119,91,0.12811403646001468,0.013237391091741438,0.0,0.11758027919514144,True,True,0.7298245614035088,70.86556188368894,86.2392462588907,3.2722919178792274,785.3500602910145
RA-MTM,119,94,0.005972035948222102,0.012320042452673057,0.0,0.01963609636942992,True,False,0.013888888888888888,41.22628935923772,41.94293367302437,0.1873449571304901,44.962789711317626
RA-MTM,119,84,0.11144736979334814,0.013237391091741676,0.0,0.11695761604189046,True,True,0.4225352112676056,98.17620584844003,84.80252147323826,0.4746072247305749,113.90573393533798
RA-MTM,119,86,0.01099700587414496,0.0018406302861363837,1.6653345369377348e-16,0.0026636725408116274,True,True,0.7445652173913043,63.67311729927962,62.35347659438222,1.7235736056005087,413.6576653441221
RA-MTM,120,87,0.08843019175662908,0.0077383190574070206,1.3877787807814457e-16,0.08009685842329575,True,True,0.78125,20.811520096031195,10.199897085235705,0.32473125902618283,77.93550216628388
RA-MTM,120,91,0.13348321359613635,0.005369177136121669,0.0,0.12294945633126311,True,True,0.8197879858657244,69.55887458784056,85.57686021937693,3.1598849436009333,758.372386464224
RA-MTM,120,95,0.007988370415069628,,,,False,True,,20.366610869501866,21.32521531931022,0.11240697427829406,26.977673826790575
RA-MTM,120,96,0.00596279468617856,,,,False,False,,52.225028926552994,51.50949356421157,0.11240697427829406,26.977673826790575
RA-MTM,120,84,0.1168165469294698,0.005369177136121669,1.3877787807814457e-16,0.12232679317801214,True,True,0.35294117647058826,98.20807972049565,84.19009408895927,0.38717957806967956,92.92309873672309
RA-MTM,120,86,0.008624009735628373,0.0023729961385165884,0.0,0.00029067640229503883,True,True,0.4782608695652174,64.78393452967083,63.749053361395426,0.8243178113741564,197.83627472979754
RA-MTM,121,87,0.08545851712010483,0.0029716746365242575,0.0,0.0771251837867715,True,True,0.8666666666666667,20.745877751133428,10.490855696720848,0.3746899142609802,89.92557942263525
RA-MTM,121,91,0.13140928396701526,0.0020739296291210963,0.0,0.12087552670214201,True,True,0.8235294117647058,69.32810004117758,85.09721411721941,3.8093474616532985,914.2433907967917
RA-MTM,121,95,0.003402717359408758,0.0045856530556608694,0.0,0.0045856530556608694,True,True,0.32142857142857145,22.08685708261645,22.4951831657455,0.3497105866435815,83.93054079445956
RA-MTM,121,97,0.013895420137334824,,,,False,False,,59.43109967755267,57.763649261072494,0.14987596570439207,35.970231769054095
RA-MTM,121,86,0.008515788866141941,0.00010822086948643061,0.0,0.00018245553280860823,True,True,0.42424242424242425,65.85154617374408,64.82965150980705,0.3497105866435815,83.93054079445956
RA-MTM,121,84,0.11474261730034847,0.002073929629121333,1.1102230246251565e-16,0.12025286354889081,True,True,0.53125,97.35778784070875,83.58867376466694,0.22481394855658812,53.95534765358115
RA-MTM,122,87,0.061044402369460175,0.024414114750644655,0.0,0.052711069036126844,True,True,0.7333333333333333,20.202836534251876,12.877508249916655,0.27477260379138546,65.94542490993251
RA-MTM,122,91,0.122736689919493,0.008672594047522252,0.0,0.11220293265461975,True,True,0.8231511254019293,69.78421699598377,84.51261978632293,3.2722919178792274,785.3500602910145
RA-MTM,122,98,0.08437112154285534,,,,False,True,,92.25664828276426,102.3811828679069,0.1248966380869934,29.975193140878417
RA-MTM,122,95,0.0007784752345823283,0.0026242421248264297,1.6653345369377348e-16,0.007209895180487299,True,True,0.6086956521739131,23.15752042237759,23.25093745052747,0.5745245352001696,137.8858884480407
RA-MTM,122,86,0.035466515648957454,0.026950726782815515,2.220446049250313e-16,0.027133182315624123,True,True,0.16,67.42171106369877,63.16572918582387,2.185691166522384,524.5658799653722
RA-MTM,122,84,0.11001021209386698,0.004732405206481497,0.0,0.1155204583424093,True,True,0.75,96.34269118693018,83.14146573566615,0.21232428474788875,50.957828339493304
RA-MTM,123,87,0.05910998921737084,0.001934413152089339,0.0,0.0507766558840375,True,True,0.7777777777777778,20.811520096031202,13.718321389946702,0.32473125902618283,77.93550216628388
RA-MTM,123,91,0.1269037509174435,0.0041670609979505,0.0,0.11636999365257025,True,True,0.8297101449275363,68.8144432675484,84.04289337764162,3.0349883055139397,728.3971933233455
RA-MTM,123,98,0.08662676709531733,0.0022556455524619895,0.0,0.0022556455524619895,True,True,0.4,91.57396789582748,101.96917994726556,0.04995865523479736,11.990077256351366
RA-MTM,123,95,0.0009936040436249627,0.001772079278207291,0.0,0.00898197445869459,True,True,0.7076923076923077,24.474362941326767,24.35513045609177,0.8118281475654571,194.8387554157097
RA-MTM,123,86,0.043150261180822484,0.007683745531865031,1.1102230246251565e-16,0.03481692784748915,True,True,0.6881188118811881,70.71314703596626,65.53511569426756,2.0732841922440906,497.5882061385817
RA-MTM,123,84,0.11023708425077659,0.00022687215690962622,0.0,0.11574733049931893,True,True,0.7647058823529411,95.97200500397805,82.74355489388486,0.16236562951309141,38.96775108314194
RA-MTM,124,87,0.0762866285291905,0.017176639311819668,0.0,0.06795329519585717,True,True,0.9615384615384616,20.81414578982711,11.659750366324248,0.3122415952174835,74.93798285219604
RA-MTM,124,91,0.10393485461620683,0.022968896301236677,0.0,0.09340109735133358,True,True,0.668693009118541,74.52369058483218,86.995873138777,3.821837125461998,917.2409101108796
RA-MTM,124,95,0.0035861870164130673,0.00457979106003803,0.0,0.00440218339865656,True,True,0.7558139534883721,25.74690849264726,26.17725093461683,1.0741110875481432,257.7866610115544
RA-MTM,124,86,0.025814704355617123,0.017335556825205364,0.0,0.017481371022283792,True,True,0.7085427135678392,73.94786652620897,70.85010200353491,2.1732015027136855,521.5683606512845
RA-MTM,124,84,0.08726818794954028,0.022968896301236323,0.0,0.09277843419808261,True,True,1.0,95.97200500397805,85.49982245003322,0.16236562951309141,38.96775108314194
RA-MTM,125,87,0.05895886321013626,0.017327765319054236,0.0,0.05062552987680293,True,True,0.8333333333333334,21.31477807358077,14.239714488364417,0.3746899142609802,89.92557942263525
RA-MTM,125,91,0.1351978596261786,0.0312630050099718,1.6653345369377348e-16,0.12466410236130537,True,True,0.6331168831168831,67.17334213684877,83.39708529199021,2.46046377031377,590.5113048753047
RA-MTM,125,99,0.0911975618037341,,,,False,True,,89.86726692848545,100.81097434493354,0.02497932761739868,5.995038628175683
RA-MTM,125,95,0.004746012416857711,0.008332199433270777,1.1102230246251565e-16,0.012734382831927338,True,True,0.7049180327868853,28.328106638833237,27.75858514881031,1.5237389846613194,365.6973563187167
RA-MTM,125,86,0.052285064665514844,0.02647036030989772,2.1510571102112408e-16,0.04395173133218151,True,True,0.765,76.92399003928544,70.64978227942366,2.2356498217571814,536.5559572217236
RA-MTM,125,84,0.11853119295951184,0.03126300500997156,0.0,0.12404143920805417,True,True,0.6153846153846154,96.48073317693579,82.25699002179437,0.09991731046959472,23.980154512702732
RA-MTM,126,87,0.08144982559114872,0.022490962381012454,2.1510571102112408e-16,0.07311649225781539,True,True,0.90625,21.68181053967583,11.907831468737983,0.38717957806967956,92.92309873672309
RA-MTM,126,99,0.08725248360270423,0.003945078201029873,0.0,0.003945078201029873,True,True,0.07692307692307693,94.79044279581821,105.26074082814272,0.32473125902618283,77.93550216628388
RA-MTM,126,91,0.15020523589001986,0.015007376263841247,1.1102230246251565e-16,0.13967147862514662,True,True,0.8730964467005076,66.25128842689237,84.27591673369476,2.1482221750962864,515.5733220231087
RA-MTM,126,95,0.0024872589202012147,0.007233271337058925,0.0,0.005501111494868412,True,True,0.7555555555555555,30.62990248374028,30.928373554164427,1.436311338000424,344.7147211201018
RA-MTM,126,86,0.04916842650287734,0.0031166381626375047,0.0,0.04083509316954401,True,False,0.7047619047619048,80.41366911217472,74.51345793182944,2.2356498217571814,536.5559572217236
RA-MTM,126,100,0.01252428763692229,,,,False,True,,21.59922823480444,20.096313718373764,0.04995865523479736,11.990077256351366
RA-MTM,126,84,0.13353856922335333,0.015007376263841484,2.220446049250313e-16,0.13904881547189565,True,True,0.375,99.25412224886657,83.22949394206417,0.03746899142609802,8.992557942263524
RA-MTM,127,87,0.06001393119433551,0.021435894396813208,0.0,0.05168059786100218,True,True,0.8857142857142857,22.111238525007042,14.909566781686781,0.43713823330447693,104.91317599307446
RA-MTM,127,99,0.06001393119433551,0.027238552408368713,0.0,0.031183630609398588,True,True,0.23076923076923078,92.14286821827481,99.34453996159507,0.07493798285219604,17.985115884527048
RA-MTM,127,91,0.06001393119433551,0.09019130469568436,0.0,0.049480173929462266,True,True,0.7413793103448276,66.48104979408768,73.68272153740794,2.8976020036182466,695.4244808683792
RA-MTM,127,101,0.0035358435234156124,,,,False,False,,46.834021109075806,46.40971988626593,0.26228293998268615,62.947905595844674
RA-MTM,127,95,0.014278419548607127,0.011791160628405913,0.0,0.006290049133537501,True,True,0.3217391304347826,23.23673862238935,24.950148968222205,0.46211756092187556,110.90821462125014
RA-MTM,127,86,0.04334726452766884,0.005821161975208492,2.220446049250313e-16,0.03501393119433551,True,True,0.27838258164852253,75.65227932257523,70.45060757925496,8.030853828993676,1927.404918958482
RA-MTM,127,100,0.01916970492719233,0.00664541729027004,0.0,0.00664541729027004,True,True,0.26666666666666666,22.907698976433327,20.607334385170248,0.1873449571304901,44.962789711317626
RA-MTM,128,87,0.052727912561033936,0.007286018633301575,0.0,0.044394579227700605,True,True,0.8,22.45257871847545,16.125229211151378,0.3497105866435815,83.93054079445956
RA-MTM,128,91,0.052727912561033936,0.007286018633301575,0.0,0.04219415529616069,True,True,0.8504273504273504,66.4447066378737,72.77205614519777,2.510422425548567,602.5013821316561
RA-MTM,128,95,0.004760442438155928,0.009517977110451199,0.0,0.003227927976913699,True,True,0.42045454545454547,23.77139310233066,24.34264619490937,1.0990904151655418,263.78169963973005
RA-MTM,128,86,0.03606124589436703,0.007286018633301813,0.0,0.0277279125610337,True,True,0.7073707370737073,73.13352394560775,68.8061744382837,11.3531044021077,2724.745056505848
RA-MTM,128,100,0.03079738079559767,0.049967085722789996,0.0,0.04332166843251996,True,True,0.6,25.66519230406044,29.36087799953216,0.21232428474788875,50.957828339493304
RA-MTM,129,87,0.012337827709390906,0.040390084851643034,0.0,0.004004494376057573,True,True,0.75,21.88367839602811,20.4031390709012,0.26228293998268615,62.947905595844674
RA-MTM,129,91,0.012337827709390936,0.040390084851643,0.0,0.0018040704445176914,True,True,0.6716417910447762,65.2970941134542,66.7776334385811,1.686104614174411,404.6651074018586
RA-MTM,129,95,0.012131098125753267,0.007370655687597339,0.0,0.004142727710683639,True,True,0.6451612903225806,21.69112751766133,23.14685929275172,0.8118281475654571,194.8387554157097
RA-MTM,129,86,0.012337827709390936,0.04839907360375797,0.0,0.02067116104272427,True,True,0.8490566037735849,75.22457108528378,76.7051104104107,10.678662556437935,2562.8790135451045
RA-MTM,129,100,0.012337827709390906,0.018459553086206764,1.1102230246251565e-16,0.024862115346313197,True,True,0.6071428571428571,26.71933113683051,28.19987046195742,0.3497105866435815,83.93054079445956
RA-MTM,130,87,0.01259661797726584,0.0002587902678749347,0.0,0.004263284643932508,True,True,1.0,21.88367839602811,20.37208423875621,0.26228293998268615,62.947905595844674
RA-MTM,130,91,0.01259661797726584,0.0002587902678749051,0.0,0.0020628607123925964,True,True,0.635036496350365,66.73092179255111,68.24251594982302,1.1115800789742414,266.7792189538179
RA-MTM,130,95,0.01259661797726584,0.0004655198515125747,0.0,0.004608247562196214,True,True,0.7671232876712328,21.625895437419167,23.13748959469107,0.7993384837567578,191.84123610162186
RA-MTM,130,86,0.01259661797726584,0.0002587902678749051,1.3877787807814457e-16,0.020929951310599174,True,True,0.8154205607476636,78.64918739421805,80.16078155148995,8.73027500228084,2095.2660005474013
RA-MTM,130,100,0.01259661797726584,0.0002587902678749347,0.0,0.02512090561418813,True,True,0.8928571428571429,25.93424869185318,27.445842849125082,0.3122415952174835,74.93798285219604
RA-MTM,131,87,0.008910956306349178,0.0036856616709166623,0.0,0.0005776229730158455,True,True,0.7142857142857143,21.31477807358077,20.245463316818867,0.1873449571304901,44.962789711317626
RA-MTM,131,91,0.008910956306349149,0.003685661670916692,0.0,0.0016228009585240954,True,False,0.3356643356643357,67.41243655424036,68.48175131100226,1.2739457084873327,305.74697003695985
RA-MTM,131,95,0.008910956306349178,0.0036856616709166623,0.0,0.0009225858912795519,True,True,0.7619047619047619,21.98526773932228,23.05458249608418,1.0491317599307446,251.7916223833787
RA-MTM,131,86,0.008910956306349149,0.003685661670916692,1.6653345369377348e-16,0.017244289639682484,True,True,0.7052932761087267,82.1801888392705,83.2495035960324,6.157404257688774,1477.7770218453059
RA-MTM,131,100,0.008910956306349178,0.0036856616709166623,0.0,0.021435243943271468,True,True,0.36,27.193414738869965,28.262729495631866,0.11240697427829406,26.977673826790575
RA-MTM,132,87,0.008333333333333333,0.0005776229730158455,0.0,0.0,True,True,0.26666666666666666,19.46585202562691,18.46585202562691,0.04995865523479736,11.990077256351366
RA-MTM,132,91,0.005787897136959922,0.014698853443309071,0.0,0.016321654401833165,True,False,0.5862068965517241,69.94594701657944,69.25139936014425,2.1732015027136855,521.5683606512845
RA-MTM,132,95,0.008333333333333333,0.0005776229730158455,0.0,0.0003449629182637063,True,True,0.34854771784232363,27.29649349715568,28.29649349715568,3.0100089778965406,722.4021546951698
RA-MTM,132,86,0.008333333333333333,0.0005776229730158159,1.3877787807814457e-16,0.016666666666666666,True,True,0.8383233532934131,84.3284640227889,85.3284640227889,5.345576110123318,1282.9382664295963
RA-MTM,133,87,0.0696427360742349,0.061309402740901575,0.0,0.061309402740901575,True,True,0.5,20.105864888380168,11.748736559471979,0.09991731046959472,23.980154512702732
RA-MTM,133,91,0.0696427360742349,0.07543063321119484,1.1102230246251565e-16,0.05910897880936166,True,False,0.5878378378378378,72.97323370445801,81.3303620333662,3.6969404873750045,887.2657169700011
RA-MTM,133,95,0.02924141716602223,0.020908083832688894,0.0,0.0212530467509526,True,True,0.8374558303886925,28.64931018771368,32.15828024763635,3.484616202627116,836.3078886305078
RA-MTM,133,86,0.05297606940756836,0.06130940274090169,1.1102230246251565e-16,0.04464273607423503,True,True,0.8314087759815243,85.12357341788683,78.76644508897863,4.558727290175259,1094.0945496420622
RA-MTM,134,87,0.06398339249774038,0.005659343576494535,0.0,0.05565005916440704,True,True,0.125,19.039176783791405,11.36116968406256,0.01248966380869934,2.9975193140878416
RA-MTM,134,91,0.06398339249774038,0.005659343576494535,0.0,0.05344963523286713,True,True,0.7097560975609756,76.52760788621097,84.20561498593982,5.058313842523233,1213.9953222055758
RA-MTM,134,95,0.03147131334871081,0.002229896182688584,0.0,0.023482942933641185,True,True,0.8741935483870967,29.782350753715896,33.558908355561194,3.771878470227201,905.2508328545282
RA-MTM,134,86,0.047316725831073825,0.005659343576494535,0.0,0.03898339249774049,True,True,0.7123287671232876,87.30721547747241,81.62920837774355,3.2473125902618283,779.3550216628388
RA-MTM,135,87,0.052211247647706925,0.011772144850033446,0.0,0.043877914314373594,True,True,1.0,19.039176783791405,12.773827066066573,0.01248966380869934,2.9975193140878416
RA-MTM,135,91,0.052211247647706925,0.011772144850033446,0.0,0.04167749038283368,True,True,0.7815126050420168,80.11826738478568,86.38361710251051,5.532921067253808,1327.9010561409139
RA-MTM,135,95,0.03322756305076968,0.0017562497020588688,0.0,0.025239192635700056,True,True,0.8459302325581395,30.668319411115903,34.655626977208264,4.15905804829688,998.1739315912513
RA-MTM,135,86,0.035544580981040144,0.011772144850033684,1.6653345369377348e-16,0.02721124764770681,True,True,0.7099236641221374,88.17872235441301,83.9133726366882,2.3480567960354755,563.5336310485142
RA-MTM,136,102,0.07954443174452439,,,,False,True,,47.19974274493482,37.65441093559189,0.02497932761739868,5.995038628175683
RA-MTM,136,103,0.06676376108163341,,,,False,False,,75.36030870607823,83.37196003587424,0.07493798285219604,17.985115884527048
RA-MTM,136,91,0.050768040250478916,0.001443207397228008,4.440892098500626e-16,0.04023428298560568,True,False,0.03837471783295711,85.60051451013037,91.69267934018784,0.21232428474788875,50.957828339493304
RA-MTM,136,95,0.06287776507785765,0.029650202027087975,1.942890293094024e-16,0.054889394662788034,True,True,0.8858695652173914,31.74251611688844,39.28784792623136,4.508768634940462,1082.1044723857108
RA-MTM,136,86,0.041434210410581686,0.005889629429541543,0.0,0.033100877077248354,True,True,0.7513227513227513,87.37882530826998,82.40672005900018,1.7860219246440054,428.64526191456133
RA-MTM,137,102,0.06584297559485605,0.013701456149668327,0.0,0.013701456149668327,True,True,0.06666666666666667,43.44500061678236,35.54384354539963,0.3746899142609802,89.92557942263525
RA-MTM,137,103,0.06584297559485605,0.0009207854867773572,0.0,0.0009207854867773572,True,False,0.13953488372093023,75.6778344674442,83.57899153882693,0.5370555437740716,128.8933305057772
RA-MTM,137,91,0.04061177506984184,0.010156265180637074,0.0,0.0300780178049686,True,True,0.10185185185185185,93.8997662728916,98.77317928127262,1.2739457084873327,305.74697003695985
RA-MTM,137,95,0.037979222745615715,0.02489854233224194,0.0,0.02999085233054609,True,True,0.8527315914489311,32.88830157845225,37.445808307926136,5.233169135845023,1255.9605926028057
RA-MTM,137,86,0.04917630892818927,0.007742098517607587,0.0,0.04084297559485594,True,True,0.7972027972027972,88.48992930571819,82.58877223433548,1.4238216741917247,341.7172018060139
RA-MTM,138,102,0.08795359390078279,0.02211061830592674,1.1102230246251565e-16,0.008409162156258414,True,True,0.5769230769230769,41.652964601073215,31.09853333297928,0.6494625180523657,155.87100433256776
RA-MTM,138,103,0.08795359390078279,0.02211061830592674,0.0,0.021189832819149382,True,False,0.43,77.7667570700305,88.32118833812443,1.248966380869934,299.7519314087842
RA-MTM,138,91,0.0712869272341159,0.11189870230395774,0.0,0.08182068449898913,True,True,0.6159420289855072,95.6855656807877,87.1311344126938,1.51124932085262,362.6998370046288
RA-MTM,138,95,0.023356414982300323,0.014622807763315393,0.0,0.015368044567230696,True,True,0.9102844638949672,33.865671530921254,36.66844132879729,5.6703073691495005,1360.8737685958802
RA-MTM,138,86,0.04584176113384982,0.0033345477943394525,1.3877787807814457e-16,0.03750842780051648,True,True,0.868421052631579,89.85864722663018,84.3576358905682,1.2364767170612345,296.7544120946963
RA-MTM,139,102,0.08137593239180844,0.006577661508974349,0.0,0.001831500647284064,True,True,0.34615384615384615,39.04550478985625,29.28039290283924,0.22481394855658812,53.95534765358115
RA-MTM,139,103,0.08137593239180844,0.006577661508974349,0.0,0.014612171310175033,True,True,0.4098360655737705,82.01224567305474,91.77735756007175,3.047477969322639,731.3947126374334
RA-MTM,139,91,0.06470926572514166,0.006577661508974231,0.0,0.07524302299001491,True,True,0.5163934426229508,98.0807653338189,90.3156534468019,0.7993384837567578,191.84123610162186
RA-MTM,139,95,0.01949175153952941,0.003864663442770914,0.0,0.011503381124459781,True,True,0.8598484848484849,35.879919283511015,38.218929468254544,6.594542490993251,1582.6901978383803
RA-MTM,139,86,0.0450442678754533,0.0007974932583965237,1.1102230246251565e-16,0.03671093454211996,True,True,0.7777777777777778,92.117009112709,86.7116969676546,0.9617041132698492,230.8089871847638
RA-MTM,140,102,0.0774308661685461,0.003945066223262354,0.0,0.0021135655759782898,True,True,0.5909090909090909,36.60815732995931,27.31645338973378,0.21232428474788875,50.957828339493304
RA-MTM,140,103,0.0774308661685461,0.003945066223262354,1.6653345369377348e-16,0.01066710508691268,True,True,0.7280966767371602,85.25188961741114,94.54359355763667,4.096609729253384,983.1863350208121
RA-MTM,140,91,0.06076419950187966,0.003945066223261999,2.220446049250313e-16,0.0712979567667529,True,True,0.265625,100.2580639943619,92.96636005413635,0.21232428474788875,50.957828339493304
RA-MTM,140,95,0.0179655663426671,0.00152618519686231,0.0,0.00997719592759747,True,True,0.8972602739726028,37.392097358467616,39.54796531958767,7.244005009045616,1738.561202170948
RA-MTM,140,86,0.040511628386691596,0.004532639488761703,0.0,0.03217829505335826,True,True,0.922077922077922,92.86000313178238,87.99860772537939,0.8867661304176532,212.82387130023676
RA-MTM,141,102,0.052670525580568985,0.024760340587977107,2.220446049250313e-16,0.026873906163955397,True,True,0.5,34.22881539313543,27.90835232346715,0.1248966380869934,29.975193140878417
RA-MTM,141,103,0.052670525580568985,0.024760340587977107,0.0,0.014093235501064427,True,True,0.8586387434554974,85.63178913518637,91.95225220485464,4.771051574923148,1145.0523779815555
RA-MTM,141,95,0.028450878047075415,0.010485311704408317,0.0,0.02046250763200579,True,True,0.8946540880503144,39.268362009502944,42.682467375151994,7.806039880437087,1873.449571304901
RA-MTM,141,86,0.03600385891390232,0.004507769472789273,0.0,0.027670525580568987,True,True,0.8169014084507042,94.398852255566,90.07838918589772,0.7244005009045617,173.8561202170948
RA-MTM,142,104,0.04541114517750902,,,,False,True,,20.745877751133428,15.296540329832345,0.03746899142609802,8.992557942263524
RA-MTM,142,102,0.052457365779102004,0.00021315980146698147,0.0,0.027087065965422378,True,True,0.625,34.82616073170514,28.531276838212897,0.19983462093918944,47.960309025405465
RA-MTM,142,105,0.056206263645123045,,,,False,True,,94.13401934684052,100.87877098425528,0.01248966380869934,2.9975193140878416
RA-MTM,142,103,0.05119638783250539,0.0014741377480635975,0.0,0.015567373249128024,True,False,0.2643979057591623,85.3301460400564,91.47371257995705,1.2614560446786331,302.749450722872
RA-MTM,142,95,0.025873938662903426,0.002576939384171991,1.1102230246251565e-16,0.017885568247833796,True,True,0.8823529411764706,41.09753342751207,44.20240606706048,7.781060552819688,1867.4545326767252
RA-MTM,142,86,0.04454947279107415,0.008545613877171832,1.6653345369377348e-16,0.03621613945774082,True,True,0.6551724137931034,95.88563349753365,90.53969676260475,0.4746072247305749,113.90573393533798
RA-MTM,143,102,0.07724259603115335,0.02478523025205135,0.0,0.0023018357133710293,True,True,0.36363636363636365,37.15348023262607,27.88436870888767,0.5495452075827709,131.89084981986502
RA-MTM,143,103,0.07724259603115335,0.026046208198647964,0.0,0.01047883494951994,True,True,0.23433874709976799,82.60685805697348,91.87596958071188,5.383045101549415,1291.9308243718597
RA-MTM,143,95,0.02186214647899559,0.004011792183907836,2.1510571102112408e-16,0.013873776063925961,True,True,0.904047976011994,42.66128986346346,45.28474744094293,8.080812484228472,1939.3949962148336
RA-MTM,143,86,0.060575929364486567,0.016026456573412416,0.0,0.052242596031153235,True,True,0.4473684210526316,97.24623875787594,89.97712723413755,0.21232428474788875,50.957828339493304
RA-MTM,144,102,0.058754385620041205,0.01848821041111215,0.0,0.020790046124483177,True,True,0.5394736842105263,39.49620892658963,32.445682652184686,0.9117454580350518,218.81890992841244
RA-MTM,144,106,0.058754385620041205,,,,False,True,,95.84072031418253,102.89124658858748,0.01248966380869934,2.9975193140878416
RA-MTM,144,103,0.058754385620041205,0.01848821041111215,0.0,0.00800937546159221,True,False,0.16473317865429235,87.88412848051759,94.93465475492253,0.8867661304176532,212.82387130023676
RA-MTM,144,95,0.0015160230327724141,0.023378169511768004,2.1510571102112408e-16,0.009504393447842041,True,True,0.9013062409288825,44.1454430499856,43.96352028605291,8.280647105167663,1987.355305240239
RA-MTM,144,86,0.058754385620041205,0.0018215437444453642,0.0,0.050421052286707874,True,True,0.17647058823529413,99.25412224886657,92.20359597446162,0.03746899142609802,8.992557942263524
RA-MTM,145,102,0.008333333333333333,0.06708771895337454,0.0,0.08787776507785772,True,True,0.7373737373737373,40.14020692547463,41.14020692547463,1.2364767170612345,296.7544120946963
RA-MTM,145,103,0.008333333333333333,0.050421052286707874,0.0,0.05843042774830008,True,True,0.17794486215538846,82.99554987576624,83.99554987576624,4.983375859671037,1196.0102063210488
RA-MTM,145,95,0.008333333333333333,0.006817310300560919,4.440892098500626e-16,0.01632170374840296,True,True,0.02564102564102564,21.147454449331555,20.147454449331555,0.21232428474788875,50.957828339493304
RA-MTM,145,107,0.008333333333333333,,,,False,False,,29.279382587843553,28.279382587843553,0.01248966380869934,2.9975193140878416
RA-MTM,145,108,0.008333333333333333,,,,False,False,,32.6927845225276,31.692784522527603,0.01248966380869934,2.9975193140878416
RA-MTM,146,102,0.008333333333333333,0.0,1.942890293094024e-16,0.08787776507785772,True,True,0.4861111111111111,45.84180241004967,46.84180241004967,1.436311338000424,344.7147211201018
RA-MTM,146,103,0.008333333333333333,0.0,0.0,0.05843042774830008,True,True,0.06766917293233082,97.35778784070875,98.35778784070875,0.33722092283488214,80.93302148037172
RA-MTM,146,109,0.008333333333333333,,,,False,False,,90.91025085297224,91.91025085297224,0.11240697427829406,26.977673826790575
RA-MTM,146,110,0.008333333333333333,,,,False,False,,27.572681620501527,26.572681620501527,0.01248966380869934,2.9975193140878416
RA-MTM,146,111,0.008333333333333333,,,,False,False,,25.865980653159504,24.865980653159504,0.01248966380869934,2.9975193140878416
RA-MTM,147,102,0.008333333333333333,0.016666666666666666,0.0,0.07121109841119105,True,True,0.7391304347826086,44.230083061759686,43.230083061759686,1.5612079760874173,374.6899142609802
RA-MTM,147,103,0.008333333333333333,0.0,1.1102230246251565e-16,0.05843042774830008,True,True,0.7142857142857143,97.30360685761855,98.30360685761855,0.26228293998268615,62.947905595844674
RA-MTM,147,109,0.008333333333333333,0.0,1.1102230246251565e-16,0.0,True,False,0.09523809523809523,87.79484432528442,88.79484432528442,0.17485529332179076,41.96527039722978
RA-MTM,147,110,0.004163897499613197,0.004169435833720136,0.0,0.004169435833720136,True,True,0.0007716049382716049,50.87915825631875,50.37949055636517,16.186604296074346,3884.785031057843
RA-MTM,148,102,0.10723950833691433,0.09890617500358098,0.0,0.027695076592389938,True,True,0.7286821705426356,43.94307865419036,31.07433765376064,1.2239870532525354,293.7568927806085
RA-MTM,148,103,0.06119084393912371,0.05285751060579038,1.6653345369377348e-16,0.0055729171425096995,True,True,0.6190476190476191,97.15356721213794,104.49646848483279,0.16236562951309141,38.96775108314194
RA-MTM,148,109,0.05586450808100167,0.04753117474766834,0.0,0.04753117474766834,True,False,0.4375,89.77245020807756,96.47619117779776,0.11240697427829406,26.977673826790575
RA-MTM,148,112,0.09057284167024772,,,,False,True,,21.030327912357098,31.899068912786824,0.07493798285219604,17.985115884527048
RA-MTM,148,110,0.007121412021235803,0.011285309520849,0.0,0.015454745354569137,True,False,0.044753086419753084,37.81288742455368,38.667456867101976,0.7244005009045617,173.8561202170948
RA-MTM,148,113,0.030830755915456483,,,,False,True,,75.2051540726835,71.50546336282872,0.13738630189569273,32.972712454966256
RA-MTM,149,102,0.08799767594215187,0.019241832394762456,0.0,0.00845324419762748,True,True,0.5849056603773585,40.44608320273853,29.886362089680304,0.8742764666089539,209.82635198614892
RA-MTM,149,103,0.0651666284655183,0.003975784526394577,0.0,0.001597132616115123,True,True,0.07692307692307693,97.54742128152455,105.36741669738674,0.01248966380869934,2.9975193140878416
RA-MTM,149,114,0.06377174781899105,,,,False,False,,95.84072031418253,103.49333005246146,0.01248966380869934,2.9975193140878416
RA-MTM,149,109,0.057140856607264943,0.0012763485262632676,1.1102230246251565e-16,0.048807523273931605,True,False,0.6,90.94817754113538,97.80508033400717,0.1873449571304901,44.962789711317626
RA-MTM,149,112,0.0713310092754852,0.019241832394762515,1.6653345369377348e-16,0.019241832394762515,True,True,0.6666666666666666,22.073311836843892,30.633032949902116,0.11240697427829406,26.977673826790575
RA-MTM,149,110,0.00861969781529499,0.015741109836530796,0.0,0.0002863644819616577,True,False,0.5189873417721519,41.39145396898051,40.35709023114511,0.7743591561393591,185.84619747344618
RA-MTM,149,113,0.06911127122954201,0.03828051531408552,0.0,0.03828051531408552,True,True,0.1320754716981132,89.36222276468015,81.06887021713511,0.6119935266262677,146.87844639030425
RA-MTM,150,102,0.08816014141722543,0.0001624654750735625,1.1796119636642288e-16,0.008615709672701043,True,True,0.611764705882353,43.59529219450353,33.01607522443648,0.8368074751828557,200.83379404388538
RA-MTM,150,109,0.08023081147307755,0.0230899548658126,0.0,0.0718974781397442,True,True,0.04335260115606936,87.32694612449363,96.95464350126294,4.321423677809972,1037.1416826743932
RA-MTM,150,112,0.07149347475055885,0.00016246547507365133,0.0,0.019079366919688864,True,True,0.5,25.202263610304275,33.78148058037134,0.22481394855658812,53.95534765358115
RA-MTM,150,110,0.027154150181689117,0.03577384799698411,0.0,0.03548748351502245,True,False,0.5285714285714286,44.14664434780075,47.405142369603446,0.5620348713914702,134.88836913395286
RA-MTM,150,113,0.01663807255044188,0.05247319867910013,0.0,0.014192683365014603,True,True,0.6379310344827587,93.39197544799616,91.39540674194313,0.5745245352001696,137.8858884480407
RA-MTM,151,102,0.08010703149656646,0.00805310992065896,2.0816681711721685e-16,0.0005625997520420849,True,True,0.8051948051948052,42.814469426069905,33.20162564648193,0.8992557942263525,215.8213906143246
RA-MTM,151,109,0.08010703149656646,0.00012377997651107363,0.0,0.07177369816323313,True,True,0.9048991354466859,88.68883054627304,98.30167432586101,3.934244099740292,944.2185839376701
RA-MTM,151,112,0.06344036482989986,0.00805310992065899,1.6653345369377348e-16,0.027132476840347853,True,True,0.782608695652174,26.385411382350554,33.99825516193854,0.2872622676000848,68.94294422402035
RA-MTM,151,110,0.030317224542591545,0.0031630743609024257,0.0,0.038650557875924876,True,False,0.62,45.06636653575728,48.70443348086827,0.44962789711317624,107.9106953071623
RA-MTM,151,113,0.014742166423612939,0.0018959061268289427,1.1102230246251565e-16,0.016088589491843545,True,True,0.45652173913043476,96.9785209590772,95.20946098824365,0.26228293998268615,62.947905595844674
RA-MTM,152,102,0.06562867502858213,0.014478356467984337,0.0,0.013915756715942251,True,True,0.3472222222222222,41.56762955270615,33.692188549276295,0.3122415952174835,74.93798285219604
RA-MTM,152,109,0.0544354276134559,0.02567160388311057,0.0,0.04610209428012257,True,True,0.8773006134969326,90.15746355761263,96.68971487122734,3.709430151183704,890.263236284089
RA-MTM,152,115,0.03260344339842061,,,,False,False,,49.11978133319459,53.03219454100506,0.19983462093918944,47.960309025405465
RA-MTM,152,112,0.04896200836191562,0.014478356467984248,1.1102230246251565e-16,0.0416108333083321,True,False,0.43478260869565216,28.42603210417254,34.30147310760241,0.1248966380869934,29.975193140878417
RA-MTM,152,110,0.03047165325121804,0.00015442870862649726,0.0,0.03880498658455137,True,False,0.4722222222222222,44.43890294482271,48.09550133496887,0.21232428474788875,50.957828339493304
RA-MTM,153,102,0.030983579638543722,0.03464509539003841,1.1102230246251565e-16,0.04856085210598066,True,True,0.4489795918367347,36.6256171864027,32.90758762977745,0.5745245352001696,137.8858884480407
RA-MTM,153,109,0.03098357963854378,0.023451847974912118,0.0,0.02265024630521045,True,True,0.8496732026143791,91.82458011965647,95.54260967628173,3.3597195645401223,806.3326954896294
RA-MTM,153,110,0.030983579638543722,0.0005119263873256823,0.0,0.039316912971877054,True,False,0.19101123595505617,49.74061778058449,53.45864733720974,1.1115800789742414,266.7792189538179
RA-MTM,153,112,0.030983579638543722,0.01797842872337189,0.0,0.05958926203170399,True,False,0.2,31.839434038856588,35.557463595481835,0.02497932761739868,5.995038628175683
RA-MTM,154,102,0.045179460110852075,0.014195880472308353,1.1102230246251565e-16,0.03436497163367231,True,True,0.2222222222222222,44.38368614882047,38.962150935518224,0.2497932761739868,59.950386281756835
RA-MTM,154,109,0.045179460110852075,0.014195880472308294,0.0,0.036846126777518744,True,True,0.6877323420074349,94.81669973377723,100.23823494707948,2.3105878046093777,554.5410731062507
RA-MTM,154,110,0.038148427568190674,0.007164847929646948,1.3877787807814457e-16,0.046481760901524005,True,False,0.65,52.49949838036532,57.0773096885482,0.9492144494611497,227.81146787067595
RA-MTM,154,116,0.045179460110852075,,,,False,False,,36.10618645721165,41.5277216705139,0.01248966380869934,2.9975193140878416
RA-MTM,155,102,0.041146888888910084,0.00403257122194199,0.0,0.038397542855614294,True,True,0.7142857142857143,45.066366535757275,40.128739869088065,0.3497105866435815,83.93054079445956
RA-MTM,155,109,0.041146888888910146,0.004032571221941931,0.0,0.032813555555576815,True,True,0.21621621621621623,97.54742128152455,102.48504794819377,0.4995865523479736,119.90077256351367
RA-MTM,155,117,0.015661676456877178,,,,False,True,,98.75215137611892,100.63155255094418,0.21232428474788875,50.957828339493304
RA-MTM,155,110,0.01917446493362309,0.01897396263456758,1.3877787807814457e-16,0.027507798266956426,True,False,0.6162790697674418,55.17789250497015,57.478828297004924,0.7868488199480584,188.84371678753402
RA-MTM,155,116,0.03452830168496993,0.010651158425882141,0.0,0.010651158425882141,True,False,0.09090909090909091,37.81288742455368,41.95628362675007,0.13738630189569273,32.972712454966256
RA-MTM,156,118,0.04059052186549573,,,,False,True,,19.892527267462416,15.021664643602929,0.02497932761739868,5.995038628175683
RA-MTM,156,102,0.04059052186549573,0.0005563670234143577,0.0,0.03895390987902866,True,True,0.6428571428571429,43.691524089842865,38.82066146598338,0.22481394855658812,53.95534765358115
RA-MTM,156,110,0.04059052186549573,0.021416056931872637,0.0,0.04892385519882906,True,False,0.6486486486486487,56.64445233539536,61.515314959254844,0.7368901647132611,176.85363953118267
RA-MTM,156,116,0.04059052186549573,0.006062220180525794,0.0,0.004588938245356348,True,False,0.44,36.58406272806742,41.45492535192691,0.3122415952174835,74.93798285219604
RA-MTM,157,102,0.03286000990879507,0.007730511956700662,0.0,0.046684421835729316,True,True,0.4444444444444444,42.71965270566199,38.776451516606585,0.09991731046959472,23.980154512702732
RA-MTM,157,116,0.03286000990879507,0.007730511956700662,0.0,0.012319450202057011,True,False,0.6153846153846154,37.41131072635555,41.35451191541096,0.21232428474788875,50.957828339493304
RA-MTM,157,110,0.03286000990879507,0.007730511956700662,0.0,0.0411933432421284,True,False,0.631578947368421,56.95419519674348,60.897396385798885,0.8118281475654571,194.8387554157097
RA-MTM,158,110,0.0036511122120883735,0.029208897696706693,0.0,0.011984445545421708,True,True,0.027083333333333334,60.014222508061174,60.45235597351178,29.975193140878414,7194.04635381082
RA-MTM,159,119,0.008333333333333333,,,,False,True,,21.533585889906668,20.533585889906668,0.16236562951309141,38.96775108314194
RA-MTM,159,110,0.008333333333333333,0.00468222112124496,1.1102230246251565e-16,0.016666666666666666,True,True,0.96875,61.053383177692865,62.053383177692865,29.038468355225966,6969.232405254232
RA-MTM,160,119,0.008333333333333333,0.0,0.0,0.0,True,True,0.38461538461538464,19.721857170728214,18.721857170728214,0.0624483190434967,14.987596570439209
RA-MTM,160,110,0.008333333333333333,0.0,0.0,0.016666666666666666,True,True,0.9901245169600686,61.189518856026346,62.189518856026346,28.851123398095474,6924.269615542914
RA-MTM,161,119,0.008333333333333333,0.0,0.0,0.0,True,True,0.5,20.745877751133428,19.745877751133428,0.1248966380869934,29.975193140878417
RA-MTM,161,110,0.008333333333333333,0.0,0.0,0.016666666666666666,True,True,0.9892841834547793,60.98111509920142,61.98111509920142,29.11340633807816,6987.2175211387585
RA-MTM,162,119,0.008333333333333333,0.0,0.0,0.0,True,True,0.3,19.039176783791405,18.039176783791405,0.03746899142609802,8.992557942263524
RA-MTM,162,110,0.008333333333333333,0.0,0.0,0.016666666666666666,True,False,0.005577005577005577,46.3463922612638,47.3463922612638,0.16236562951309141,38.96775108314194
RA-MTM,162,120,0.008333333333333333,,,,False,False,,44.63969129392178,45.63969129392178,0.01248966380869934,2.9975193140878416
RA-MTM,162,121,0.008333333333333333,,,,False,False,,42.25030993964294,43.25030993964294,0.0624483190434967,14.987596570439209
RA-MTM,163,119,0.008333333333333333,0.0,0.0,0.0,True,True,0.75,19.46585202562691,18.46585202562691,0.04995865523479736,11.990077256351366
RA-MTM,163,122,0.008333333333333333,,,,False,False,,54.486043028587304,55.486043028587304,0.48709688853927424,116.90325324942582
RA-MTM,163,121,0.008333333333333333,0.0,0.0,0.0,True,True,0.01824817518248175,49.46703892052789,50.46703892052789,3.422167883583619,821.3202920600686
RA-MTM,164,123,0.008333333333333333,,,,False,True,,21.20099800909131,20.20099800909131,0.3746899142609802,89.92557942263525
RA-MTM,164,124,0.008333333333333333,,,,False,False,,92.65487850847744,93.65487850847744,0.1873449571304901,44.962789711317626
RA-MTM,164,122,0.008333333333333333,0.0,0.0,0.0,True,False,0.056818181818181816,62.87610718570601,63.87610718570601,0.6744418456697643,161.86604296074344
RA-MTM,164,121,0.007012852159084145,0.015346185492417478,0.0,0.015346185492417478,True,False,0.3978102189781022,52.09280744488329,51.251265185793194,1.361373355148228,326.72960523557475
RA-MTM,165,123,0.008333333333333333,0.0,0.0,0.0,True,True,0.46875,23.6259356335231,22.6259356335231,0.7993384837567578,191.84123610162186
RA-MTM,165,122,0.008333333333333333,0.0,0.0,0.0,True,False,0.21264367816091953,69.67492905053767,70.67492905053767,1.9608772179657963,470.61053231179113
RA-MTM,165,125,0.00720539311390193,,,,False,True,,98.6604871297911,99.52513430345932,0.2872622676000848,68.94294422402035
RA-MTM,165,121,0.005505845607149299,0.0015070065519348457,0.0,0.013839178940482633,True,False,0.7636363636363637,54.23737438085693,53.57667290799901,1.061621423739444,254.78914169746653
RA-MTM,166,123,0.008333333333333333,0.0,0.0,0.0,True,True,0.47674418604651164,27.274686213505298,26.274686213505298,0.7868488199480584,188.84371678753402
RA-MTM,166,122,0.008333333333333333,0.0,0.0,0.0,True,False,0.5,74.47840746273056,75.47840746273056,3.3597195645401223,806.3326954896294
RA-MTM,166,125,0.006636436770757115,0.0005689563431448146,0.0,0.0005689563431448146,True,True,0.13333333333333333,99.71958614905076,100.51595856154161,0.13738630189569273,32.972712454966256
RA-MTM,166,121,0.00033970981024129544,0.005166135796908004,0.0,0.008673043143574628,True,False,0.6818181818181818,54.66317316561307,54.62240798838411,0.7868488199480584,188.84371678753402
RA-MTM,167,123,0.008333333333333333,0.0,0.0,0.0,True,False,0.23655913978494625,34.56359135211404,33.56359135211404,0.6494625180523657,155.87100433256776
RA-MTM,167,122,0.008333333333333333,0.0,0.0,0.0,True,False,0.6878453038674033,78.19482961090358,79.19482961090358,4.271465022575174,1025.1516054180418
RA-MTM,167,121,0.008333333333333333,0.008673043143574628,0.0,0.0,True,True,0.7631578947368421,55.745266602541726,56.745266602541726,0.8867661304176532,212.82387130023676
RA-MTM,168,123,0.09173141504597014,0.08339808171263681,0.0,0.08339808171263681,True,False,0.25925925925925924,40.20226877883252,29.1944989733161,0.624483190434967,149.8759657043921
RA-MTM,168,122,0.01746191446167522,0.009128581128341888,0.0,0.009128581128341888,True,False,0.7505720823798627,81.38419651752415,83.47962625292517,5.283127791079821,1267.950669859157
RA-MTM,168,121,0.014908295598539923,0.006574962265206589,0.0,0.006574962265206589,True,False,0.5915492957746479,57.07422691312796,58.86322238495275,0.5245658799653723,125.89581119168935
RA-MTM,168,126,0.07506474837930345,,,,False,True,,20.9084207004041,29.916190505920515,0.26228293998268615,62.947905595844674
RA-MTM,169,123,0.08100419461604082,0.010727220429929336,0.0,0.07267086128270747,True,False,0.2777777777777778,44.314605395380454,34.59410204145556,0.5245658799653723,125.89581119168935
RA-MTM,169,122,0.022172548824206592,0.00471063436253137,0.0,0.013839215490873257,True,True,0.7924151696606786,84.23156068158872,86.89226654049351,5.932590309132186,1423.8216741917247
RA-MTM,169,126,0.06433752794937411,0.010727220429929336,2.220446049250313e-16,0.010727220429929336,True,True,0.1810344827586207,27.866940407974287,35.58744376189918,1.4488010018091233,347.7122404341896
RA-MTM,169,121,0.01932931985531579,0.0044210242567758705,0.0,0.01099598652198246,True,False,0.023809523809523808,58.29329903265798,60.61281741529587,0.01248966380869934,2.9975193140878416
RA-MTM,169,127,0.020014505703778697,,,,False,False,,56.58659806531595,58.98833874976939,0.01248966380869934,2.9975193140878416
RA-MTM,170,123,0.050544134559050075,0.030460060056990736,0.0,0.04221080122571674,True,False,0.21052631578947367,48.05309322860583,41.98779708151982,0.33722092283488214,80.93302148037172
RA-MTM,170,122,0.023084504154633003,0.0009119553304264134,0.0,0.014751170821299672,True,True,0.8479087452471483,85.14379171605295,87.9139322146089,6.207362912923572,1489.7670991016573
RA-MTM,170,126,0.050544134559050075,0.013793393390324038,1.1102230246251565e-16,0.024520613820253376,True,True,0.4187725631768953,39.371715383894966,45.437011530980975,3.459636875009717,830.3128500023321
RA-MTM,171,128,0.06199281813579312,,,,False,True,,51.95412401110188,44.51498583480671,0.08742764666089538,20.98263519861489
RA-MTM,171,123,0.05660063825483643,0.006056503695786356,1.942890293094024e-16,0.0482673049215031,True,False,0.1111111111111111,51.931959063474075,45.1398824728937,0.4121589056870782,98.91813736489877
RA-MTM,171,122,0.04026067804947928,0.017176173894846276,1.3877787807814457e-16,0.03192734471614595,True,True,0.7121212121212122,87.3156022144126,92.14688358035012,5.083293170140632,1219.9903608337515
RA-MTM,171,126,0.06199281813579312,0.011448683576743038,1.6653345369377348e-16,0.013071930243510336,True,True,0.7486187845303868,41.35573016294063,48.794868339235805,4.4463203158969655,1067.1168758152717
RA-MTM,172,123,0.08654281548479137,0.029942177229954937,0.0,0.07820948215145804,True,True,0.14960629921259844,57.38708612964447,47.00194827146951,1.4113320103830254,338.7196824919261
RA-MTM,172,129,0.08654281548479142,,,,False,False,,75.36030870607823,85.7454465642532,0.04995865523479736,11.990077256351366
RA-MTM,172,122,0.040370233727491704,0.08063091177697099,0.0,0.048703567060825036,True,True,0.6715686274509803,89.21872056089542,84.37429251359642,3.4346575473923187,824.3178113741565
RA-MTM,172,126,0.06987614881812458,0.007883330682331468,2.203098814490545e-16,0.005188599561178868,True,True,0.8839050131926122,40.58746832676891,48.97260618494386,4.471299643514363,1073.1119144434472
RA-MTM,173,123,0.11490854709500932,0.02836573161021795,0.0,0.10657521376167599,True,True,0.3123209169054441,63.95262050117766,50.163594849776544,4.308934014001272,1034.1441633603054
RA-MTM,173,122,0.03534294906473055,0.07571318279222225,0.0,0.027009615731397218,True,True,0.6294964028776978,91.49726223437389,95.73841612214156,2.2231601579484828,533.5584379076358
RA-MTM,173,126,0.10581058857375082,0.03593443975562624,0.0,0.03074584019444737,True,True,0.9124668435013262,41.085239692515216,53.782510321365315,4.53374796255786,1088.0995110138865
RA-MTM,174,130,0.0935525091268726,,,,False,True,,46.871531020445964,35.64522992522125,0.16236562951309141,38.96775108314194
RA-MTM,174,123,0.11896977409214742,0.004061226997138097,0.0,0.11063644075881408,True,True,0.15072463768115943,69.09146476834118,54.81509187728349,0.6494625180523657,155.87100433256776
RA-MTM,174,122,0.05462645702474601,0.019283507960015454,0.0,0.046293123691412676,True,True,0.6847826086956522,93.39703483821552,99.95220968118504,1.6486356227483128,395.6725494595951
RA-MTM,174,126,0.12274433762939889,0.01693374905564807,1.942890293094024e-16,0.04767958925009544,True,True,0.7954545454545454,43.6284609783772,58.357781493905065,5.333086446314619,1279.9407471155084
RA-MTM,175,130,0.0842840939374763,0.00926841518939631,0.0,0.00926841518939631,True,True,0.24074074074074073,42.99620147351834,32.882110201021185,0.6744418456697643,161.86604296074344
RA-MTM,175,123,0.1329738358376649,0.014004061745517464,0.0,0.12464050250433155,True,True,0.3382352941176471,75.25528095424177,59.29842065372198,1.6236562951309141,389.6775108314194
RA-MTM,175,122,0.0574869871580244,0.0028605301332783975,0.0,0.04915365382469107,True,True,0.7642857142857142,93.92624705516407,100.824685514127,1.436311338000424,344.7147211201018
RA-MTM,175,126,0.14964050250433156,0.026896164874932658,2.0816681711721685e-16,0.0745757541250281,True,True,0.8497942386831275,43.72125475641145,61.67811505693123,5.895121317706089,1414.8291162494613
RA-MTM,176,130,0.07944397974440781,0.004840114193068483,1.6653345369377348e-16,0.014108529382464792,True,True,0.5888888888888889,40.094880852797495,30.561603283468557,1.1115800789742414,266.7792189538179
RA-MTM,176,123,0.17001655331477708,0.0370427174771122,0.0,0.16168321998144375,True,True,0.34574468085106386,82.27789454179427,61.87590814402102,4.696113592070951,1127.0672620970283
RA-MTM,176,122,0.05873652878178674,0.0012495416237623402,0.0,0.05040319544845341,True,True,0.7983193277310925,94.25469517281418,101.30307862662859,1.2364767170612345,296.7544120946963
RA-MTM,176,126,0.1866832199814438,0.03704271747711226,0.0,0.11161847160214036,True,True,0.8949416342412452,42.715402952257264,65.11738935003052,6.2698112319670685,1504.7546956720964
RA-MTM,177,130,0.07278766408786916,0.006656315656538651,0.0,0.020764845039003443,True,True,0.5705128205128205,36.346875055170145,27.612355364625845,1.948387554157097,467.61301299770327
RA-MTM,177,123,0.17168748064197448,0.0016709273271973875,1.6653345369377348e-16,0.16335414730864115,True,True,0.7565392354124748,82.30730278441388,61.70480510737694,6.207362912923572,1489.7670991016573
RA-MTM,177,122,0.055690570042893364,0.00304595873889338,0.0,0.04735723670956003,True,True,0.9038461538461539,93.82371008005106,100.50657848519826,1.2364767170612345,296.7544120946963
RA-MTM,177,126,0.18833559865406624,0.0016523786726224305,0.0,0.11327085027476279,True,True,0.8834244080145719,42.8174992836769,65.41777112216485,6.644501146228049,1594.6802750947318
RA-MTM,178,130,0.05216270028793784,0.020624963799931322,0.0,0.04138980883893476,True,True,0.6626506024096386,40.785391609341055,34.52586757478851,1.4987596570439208,359.702317690541
RA-MTM,178,131,0.05216270028793784,,,,False,True,,91.92534750675082,98.18487154130337,0.21232428474788875,50.957828339493304
RA-MTM,178,123,0.03549603362127118,0.20718351426324563,0.0,0.04382936695460451,True,False,0.23742454728370221,83.41651581463339,87.67603984918593,1.4737803294265222,353.70727906236533
RA-MTM,178,122,0.05216270028793784,0.10785327033083121,0.0,0.06049603362127118,True,True,0.8761061946902655,92.71428579878608,86.45476176423354,1.4113320103830254,338.7196824919261
RA-MTM,178,126,0.016571653091315437,0.1717639455627508,2.0816681711721685e-16,0.05849309528798801,True,True,0.8809523809523809,44.55643758819775,46.545035959155605,7.169067026193421,1720.576086286421
RA-MTM,179,130,0.07019841911420813,0.018035718826270277,0.0,0.023354090012664485,True,True,0.8863636363636364,41.967182802424965,33.54337250871999,1.6111666313222148,386.6799915173316
RA-MTM,179,131,0.19260337451877058,0.2447660748067084,0.0,0.2447660748067084,True,True,0.3888888888888889,91.36063027490971,68.24822533265724,0.09991731046959472,23.980154512702732
RA-MTM,179,123,0.16236294840255058,0.19785898202382177,0.0,0.15402961506921725,True,False,0.5802469135802469,86.725947756711,67.24239394840492,1.7235736056005087,413.6576653441221
RA-MTM,179,122,0.06541856316778442,0.11758126345572227,0.0,0.05708522983445109,True,True,0.8879310344827587,92.29851075932172,100.14873833945585,1.32390436372213,317.7370472933112
RA-MTM,179,126,0.20927004118543735,0.1926983880941219,0.0,0.13420529280613389,True,True,0.8800623052959502,45.637289015748834,70.74969395800132,7.9059571909066815,1897.4297258176036
RA-MTM,180,130,0.021734015907742096,0.04846440320646603,1.249000902703301e-16,0.07181849321913052,True,True,0.8923076923076924,41.532620302094,38.92453839316495,1.4612906656178228,350.70975974827746
RA-MTM,180,132,0.021734015907742096,,,,False,True,,94.13401934684053,96.74210125576958,0.07493798285219604,17.985115884527048
RA-MTM,180,123,0.013880615991832575,0.17624356439438316,0.0,0.02221394932516591,True,True,0.532608695652174,90.92210294302316,92.58777686204307,1.798511588452705,431.6427812286492
RA-MTM,180,122,0.021734015907742096,0.08715257907552652,0.0,0.030067349241075427,True,True,0.5188679245283019,93.01690598639848,90.40882407746943,0.6869315094784637,164.86356227483128
RA-MTM,180,126,0.021734015907742096,0.18753602527769525,0.0,0.05333073247156136,True,True,0.9177877428998505,46.61946441603849,49.22754632496754,8.11828147565457,1948.387554157097
RA-MTM,181,130,0.008333333333333333,0.013400682574408762,0.0,0.08521917579353927,True,True,0.7748344370860927,39.94908929758444,38.94908929758444,1.8859392351136004,452.6254164272641
RA-MTM,181,123,0.008333333333333333,0.005547282658499242,0.0,0.016666666666666666,True,True,0.2727272727272727,85.29990240792827,86.29990240792827,6.594542490993251,1582.6901978383803
RA-MTM,181,126,0.008333333333333333,0.013400682574408762,1.6653345369377348e-16,0.06673141504597012,True,True,0.6166982922201139,56.8165331102519,57.8165331102519,13.164105654369104,3159.385357048585
RA-MTM,182,130,0.008333333333333333,0.0,0.0,0.08521917579353927,True,True,0.6026490066225165,43.92700297788885,42.92700297788885,1.13655940659164,272.7742575819936
RA-MTM,182,133,0.008333333333333333,,,,False,True,,97.94565150723771,98.94565150723771,0.3746899142609802,89.92557942263525
RA-MTM,182,123,0.0010896545709928299,0.009422987904326163,2.220446049250313e-16,0.007243678762340503,True,True,0.19507575757575757,95.79101057726962,95.66025202875048,1.286435372296032,308.74448935104766
RA-MTM,182,126,0.0029161867125573337,0.0054171466207759995,0.0,0.07214856166674612,True,True,0.8652751423149905,55.652778128140824,56.002720533647704,11.390573393533797,2733.7376144481113
RA-MTM,183,130,0.09108358756707276,0.08275025423373943,2.1510571102112408e-16,0.0024689215597998525,True,True,0.8316831683168316,42.46092410157026,31.530893593521526,1.1740283980177377,281.7668155242571
RA-MTM,183,133,0.06907672067697893,0.060743387343645594,2.220446049250313e-16,0.060743387343645594,True,True,0.4,97.12074603968904,105.40995252092651,0.14987596570439207,35.970231769054095
RA-MTM,183,134,0.04587417407099217,,,,False,False,,95.84072031418253,101.3456212027016,0.22481394855658812,53.95534765358115
RA-MTM,183,123,0.0007834459324578565,0.0018731005034506865,0.0,0.00911677926579119,True,True,0.38181818181818183,97.47776001755142,97.57177352944636,0.6119935266262677,146.87844639030425
RA-MTM,183,135,0.03383210717154093,,,,False,False,,94.13401934684052,90.0741664862556,0.01248966380869934,2.9975193140878416
RA-MTM,183,126,0.07441692090040615,0.07150073418784882,0.0,0.0006478274788973041,True,True,0.043859649122807015,23.519266823064214,32.44929733111295,0.4995865523479736,119.90077256351367
RA-MTM,183,136,0.0025732875756954597,,,,False,False,,39.41919421734617,39.72798872642962,0.21232428474788875,50.957828339493304
RA-MTM,184,130,0.08411958673734328,0.00696400082972947,0.0,0.009432922389529324,True,True,0.6503496503496503,40.661395377089306,30.567044968608112,1.7735322608353064,425.6477426004735
RA-MTM,184,133,0.07206169350689061,0.002984972829911688,1.1102230246251565e-16,0.06372836017355728,True,True,0.21428571428571427,95.15803992724574,103.80544314807261,0.0624483190434967,14.987596570439209
RA-MTM,184,134,0.043963354460233244,0.0019108196107589257,0.0,0.0019108196107589257,True,False,0.36,95.73405150372366,101.00965403895165,0.19983462093918944,47.960309025405465
RA-MTM,184,123,0.015822836130891697,0.016606282063349555,1.249000902703301e-16,0.007489502797558363,True,True,0.5932203389830508,98.04046822764556,96.14172789193856,0.5620348713914702,134.88836913395286
RA-MTM,184,126,0.06745292007067659,0.006964000829729559,0.0,0.007611828308626863,True,True,0.7441860465116279,23.525362183661866,31.619712592143056,0.43713823330447693,104.91317599307446
RA-MTM,184,136,0.005382849938758364,0.007956137514453824,0.0,0.007956137514453824,True,True,0.2537313432835821,45.42935890567704,44.78341691302604,0.8368074751828557,200.83379404388538
RA-MTM,185,130,0.09079381132658139,0.006674224589238106,0.0,0.0027586978002912175,True,True,0.6903553299492385,38.384766282720605,27.48950892353084,2.385525787461574,572.5261889907778
RA-MTM,185,133,0.03969502937059867,0.032366664136291946,0.0,0.03136169603726534,True,True,0.18181818181818182,93.28066886316951,98.04407238764135,0.09991731046959472,23.980154512702732
RA-MTM,185,134,0.024081889220532796,0.019881465239700448,0.0,0.02179228485045937,True,False,0.23809523809523808,93.45133895990372,96.34116566636766,0.1248966380869934,29.975193140878417
RA-MTM,185,123,0.0398813413263948,0.0557041774572865,0.0,0.04821467465972814,True,True,0.7333333333333333,98.84037655981396,103.62613751898134,0.4121589056870782,98.91813736489877
RA-MTM,185,137,0.07412714465991473,,,,False,True,,19.721857170728214,28.61711452991798,0.1248966380869934,29.975193140878417
RA-MTM,185,126,0.048988350041079945,0.01846457002959664,0.0,0.026076398338223505,True,True,0.8888888888888888,23.435224729975403,29.313826734904996,0.4121589056870782,98.91813736489877
RA-MTM,185,136,0.0014396621365582027,0.003943187802200162,1.6653345369377348e-16,0.004012949712253662,True,True,0.6666666666666666,48.58529030444367,48.41253084805668,1.1615387342090386,278.7692962101693
RA-MTM,186,138,0.09862866242161226,,,,False,True,,41.226289359237725,29.390849868644253,0.01248966380869934,2.9975193140878416
RA-MTM,186,134,0.028313279964330227,0.004231390743797429,4.440892098500626e-16,0.017560894106661944,True,True,0.04807692307692308,91.18011382644083,94.57770742216046,2.5978500722094626,623.4840173302711
RA-MTM,186,130,0.09862866242161226,0.007834851095030881,0.0,0.005076153294739664,True,False,0.02617801047120419,43.95701090698496,32.12157141639149,0.0624483190434967,14.987596570439209
RA-MTM,186,123,0.03299265389948639,0.00688868742690841,0.0,0.04132598723281973,True,True,0.30303030303030304,100.27814282927179,104.23726129721015,0.1248966380869934,29.975193140878417
RA-MTM,186,139,0.06364202492060476,,,,False,False,,25.01263016948849,32.64967315996106,0.04995865523479736,11.990077256351366
RA-MTM,186,126,0.08196199575494573,0.032973645713865775,0.0,0.006897247375642272,True,True,0.825,23.476599298880664,33.31203878947415,0.4995865523479736,119.90077256351367
RA-MTM,186,136,0.03822476538596143,0.039664427522519634,0.0,0.03565147781026597,True,True,0.711864406779661,52.51556823495886,57.102540081274235,1.361373355148228,326.72960523557475
RA-MTM,187,140,0.09253186494877233,,,,False,True,,21.59922823480444,10.49540444095176,0.04995865523479736,11.990077256351366
RA-MTM,187,130,0.09253186494877233,0.006096797472839939,0.0,0.0010206441781002754,True,True,0.07936507936507936,42.418270987222634,31.314447193369954,0.7868488199480584,188.84371678753402
RA-MTM,187,134,0.04063087456477644,0.012317594600446213,1.1102230246251565e-16,0.00524329950621573,True,True,0.5279187817258884,88.33383509488381,93.20954004265698,4.92092754062754,1181.0226097506095
RA-MTM,187,141,0.05766193648222163,,,,False,False,,31.789236951581824,38.70866932944842,0.21232428474788875,50.957828339493304
RA-MTM,187,126,0.07586519828210567,0.006096797472840058,2.185751579730777e-16,0.0008004499028022138,True,True,0.5882352941176471,23.035354658543458,32.13917845239614,0.512076216156673,122.89829187760151
RA-MTM,187,136,0.047559573108087845,0.009334807722126411,0.0,0.04498628553239238,True,True,0.7851239669421488,54.975599955955744,60.682748728926285,1.3363940275308295,320.7345666073991
RA-MTM,188,130,0.10251394573249825,0.009982080783725925,4.440892098500626e-16,0.00896143660562565,True,True,0.07936507936507936,39.86092858536411,27.559255097464316,0.0624483190434967,14.987596570439209
RA-MTM,188,134,0.04659848866227302,0.005967614097496584,0.0,0.0007243145912808539,True,True,0.7944162436548223,89.45558666320004,95.0474053026728,3.9092647721228935,938.2235453094944
RA-MTM,188,142,0.10251394573249825,,,,False,False,,43.95701090698497,31.65533741908518,0.0624483190434967,14.987596570439209
RA-MTM,188,141,0.06030604088199893,0.002644104399777299,0.0,0.002644104399777299,True,False,0.029411764705882353,37.94169504473042,45.178419950570294,0.661952181861065,158.8685236466556
RA-MTM,188,126,0.08584727906583153,0.009982080783725866,1.1102230246251565e-16,0.01078253068652808,True,True,0.3902439024390244,21.91923466618107,32.22090815408085,0.19983462093918944,47.960309025405465
RA-MTM,188,136,0.0514866345335203,0.003927061425432458,0.0,0.04891334695782484,True,True,0.719626168224299,56.16546406038741,62.34386020440984,0.9617041132698492,230.8089871847638
RA-MTM,189,130,0.07716977692298152,0.02534416880951674,0.0,0.01638273220389109,True,True,0.03731343283582089,37.73646797825479,28.476094747497005,1.6736149503657114,401.66758808777075
RA-MTM,189,134,0.06708555704536133,0.020487068383088315,1.249000902703301e-16,0.021211382974369166,True,True,0.8977635782747604,89.11716881650415,97.16743566194751,3.509595530244514,842.3029272586834
RA-MTM,189,141,0.02565050007909182,0.03465554080290711,0.0,0.032011436403129805,True,False,0.19318181818181818,45.886895846979414,48.96495585647043,0.6494625180523657,155.87100433256776
RA-MTM,189,126,0.06050311025631485,0.02534416880951668,0.0,0.0145616381229886,True,True,0.8,22.196573573374145,29.456946804131928,0.2497932761739868,59.950386281756835
RA-MTM,189,136,0.02543676706189591,0.02604986747162439,0.0,0.02286347948620045,True,True,0.37662337662337664,55.40956291542489,58.4619749628524,0.3622002504522808,86.9280601085474
RA-MTM,190,130,0.09804204085627195,0.02087226393329044,0.0,0.0044895317293993505,True,True,0.7718120805369127,40.37293887556673,28.607893972814097,1.6236562951309141,389.6775108314194
RA-MTM,190,134,0.06514910570370334,0.0019364513416579854,0.0,0.01927493163271118,True,True,0.9293286219081273,90.04437740622846,97.86227009067287,3.309760909305325,794.342618233278
RA-MTM,190,143,0.08137537418960529,,,,False,True,,19.770620055509415,29.53566495826205,0.08742764666089538,20.98263519861489
RA-MTM,190,126,0.07164916234786661,0.011146052091551764,0.0,0.003415586031436835,True,True,0.6896551724137931,22.74683750594821,31.344736987692205,0.3622002504522808,86.9280601085474
RA-MTM,190,141,0.03641971193480386,0.010769211855712038,0.0,0.021242224547417768,True,False,0.19444444444444445,52.972407781532844,57.34277321370931,0.4246485694957775,101.91565667898661
RA-MTM,190,136,0.04739011329213116,0.021953346230235246,0.0,0.0448168257164357,True,True,0.10344827586206896,54.879897097973924,60.56671069302966,0.03746899142609802,8.992557942263524
RA-MTM,191,130,0.06798735569867193,0.030054685157600028,0.0,0.02556515342820068,True,True,0.6962962962962963,36.640607972237945,28.482125288397313,1.2364767170612345,296.7544120946963
RA-MTM,191,134,0.04065411725000511,0.02449498845369824,2.1510571102112408e-16,0.0052200568209870585,True,True,0.9252669039145908,90.52273903913128,95.4012331091319,3.4471472112010173,827.3153306882442
RA-MTM,191,144,0.05647741306680922,,,,False,True,,19.039176783791405,12.261887215774298,0.02497932761739868,5.995038628175683
RA-MTM,191,126,0.06798735569867193,0.0036618066491946877,2.220446049250313e-16,0.0070773926806315226,True,True,0.4307692307692308,23.332596404761187,31.49107908860182,0.7993384837567578,191.84123610162186
RA-MTM,191,141,0.037884325322935314,0.0014646133881314565,0.0,0.019777611159286314,True,True,0.1471861471861472,57.08161522900388,61.62773426775612,2.8851123398095475,692.4269615542914
RA-MTM,192,130,0.049124970531066924,0.018862385167605005,0.0,0.044427538595805685,True,True,0.5657142857142857,34.926124645506604,29.031128181778573,2.185691166522384,524.5658799653722
RA-MTM,192,134,0.04912497053106695,0.008470853281061844,0.0,0.003250796460074786,True,True,0.8949152542372881,90.88947828525035,96.78447474897838,3.534574857861913,848.2979658868592
RA-MTM,192,126,0.049124970531066896,0.018862385167605033,1.6653345369377348e-16,0.025939777848236555,True,True,0.5773195876288659,26.4604495294247,32.35544599315273,1.1115800789742414,266.7792189538179
RA-MTM,192,141,0.018730141316026603,0.019154184006908714,2.1510571102112408e-16,0.03893179516619503,True,True,0.813953488372093,60.49688762340338,62.744504581326574,2.9600503226617434,710.4120774388184
RA-MTM,193,145,0.04941487849076103,,,,False,True,,23.135259105412263,17.20547368652094,0.1248966380869934,29.975193140878417
RA-MTM,193,130,0.049414878490761066,0.0002899079596941393,0.0,0.04413763063611154,True,True,0.07428571428571429,38.075456804144764,32.145671385253436,0.16236562951309141,38.96775108314194
RA-MTM,193,134,0.04362125001934037,0.005503720511726584,0.0,0.002252924051651798,True,True,0.9155844155844156,90.37594164676491,95.61049164908576,3.834326789270697,920.2384294249673
RA-MTM,193,126,0.04941487849076103,0.0002899079596941393,0.0,0.025649869888542415,True,True,0.7321428571428571,29.08433104871875,35.01411646761007,1.3114146999134306,314.73952797922334
RA-MTM,193,141,0.04092033212558744,0.02219019080956084,1.249000902703301e-16,0.016741604356634188,True,True,0.7716535433070866,64.44703773180667,69.35747758687717,2.6602983912529594,638.4716139007103
RA-MTM,194,145,0.04791479656841136,0.001500081922349672,2.220446049250313e-16,0.001500081922349672,True,True,0.6,23.305929202146462,17.5561536139371,0.07493798285219604,17.985115884527048
RA-MTM,194,130,0.047914796568411334,0.0015000819223497312,0.0,0.045637712558461274,True,True,0.38235294117647056,40.071756351918125,34.321980763708765,0.4246485694957775,101.91565667898661
RA-MTM,194,134,0.047914796568411334,0.004293546549070963,0.0,0.0020406224974191646,True,True,0.934984520123839,90.26979074153785,96.0195663297472,3.97171309116639,953.2111418799336
RA-MTM,194,126,0.04791479656841136,0.001500081922349672,0.0,0.027149951810892088,True,True,0.7073170731707317,31.506220992851706,37.25599658106107,1.3114146999134306,314.73952797922334
RA-MTM,194,141,0.02884579066470193,0.012074541460885513,0.0,0.0288161458175197,True,False,0.004694835680751174,73.6536077387362,77.11510261850043,0.01248966380869934,2.9975193140878416
RA-MTM,194,146,0.027707340885054065,,,,False,False,,71.94690677139417,75.27178767760066,0.01248966380869934,2.9975193140878416
RA-MTM,194,147,0.029108673536925523,,,,False,True,,70.24020580405215,73.73324662848322,0.01248966380869934,2.9975193140878416
RA-MTM,195,145,0.06475533815277412,0.11267013472118549,1.1102230246251565e-16,0.11417021664353516,True,True,0.3333333333333333,20.745877751133428,28.516518329466322,0.1248966380869934,29.975193140878417
RA-MTM,195,130,0.08142402582820854,0.0335092292597972,0.0,0.012128483298664072,True,True,0.47058823529411764,37.7062186140948,27.935335514709777,0.19983462093918944,47.960309025405465
RA-MTM,195,134,0.05418371049787941,0.006268913929468075,1.1102230246251565e-16,0.008309536426887238,True,True,0.9537037037037037,90.02168273029264,96.52372799003817,3.934244099740292,944.2185839376701
RA-MTM,195,148,0.07003714172205984,,,,False,True,,21.439225019116133,29.843682025763314,0.3996692418783789,95.92061805081093
RA-MTM,195,126,0.06972137523487613,0.02180657866646477,2.220446049250313e-16,0.005343373144427321,True,False,0.17142857142857143,32.97723468375127,41.343799711936406,0.22481394855658812,53.95534765358115
RA-MTM,195,146,0.048235778009745545,0.02052843712469148,0.0,0.02052843712469148,True,True,0.013888888888888888,65.71270740457537,71.50100076574483,0.8992557942263525,215.8213906143246
RA-MTM,196,130,0.029642629217947084,0.05178139661026145,0.0,0.06390987990892552,True,True,0.2692307692307692,35.628310186355876,32.071194680202225,0.624483190434967,149.8759657043921
RA-MTM,196,134,0.029642629217947084,0.024541081279932323,1.249000902703301e-16,0.016231544853045083,True,True,0.8987341772151899,90.92422384334816,94.48133934950181,3.559554185479312,854.2930045150348
RA-MTM,196,148,0.029642629217947084,0.04039451250411276,0.0,0.04039451250411276,True,True,0.15609756097560976,31.81029524185317,35.36741074800682,2.560381080783365,614.4914593880076
RA-MTM,196,149,0.02625382440760783,,,,False,True,,53.1731961306319,56.32365505954484,0.0624483190434967,14.987596570439209
RA-MTM,196,146,0.012042824395064855,0.03619295361468069,4.440892098500626e-16,0.015664516489989212,True,True,0.09722222222222222,71.94690677139417,73.39204569880195,0.08742764666089538,20.98263519861489
RA-MTM,197,134,0.008333333333333333,0.021309295884613753,0.0,0.037540840737658836,True,True,0.9157894736842105,91.60339377457474,92.60339377457474,3.259802254070528,782.3525409769267
RA-MTM,197,148,0.008333333333333333,0.03797596255128042,0.0,0.07837047505539317,True,True,0.1544837980406933,55.82134781997419,54.82134781997419,16.573783874144024,3977.7081297945656
RA-MTM,198,134,0.0336999921898568,0.02536665885652347,1.1796119636642288e-16,0.012174181881135364,True,True,0.9578544061302682,91.99040293185894,96.03440199464175,3.1224159521748347,749.3798285219603
RA-MTM,198,148,0.031008374796176005,0.02267504146284267,0.0,0.10104551651823585,True,True,0.40994724943481536,46.101681460799284,42.380676485258164,6.79437711193244,1630.6505068637857
RA-MTM,198,150,0.0336999921898568,,,,False,True,,96.75096083009826,92.70696176731545,0.1873449571304901,44.962789711317626
RA-MTM,199,134,0.04182636355999587,0.008126371370139059,0.0,0.004047810510996304,True,True,0.9442231075697212,91.97554459402559,96.9947082212251,2.972539986470443,713.4095967529063
RA-MTM,199,150,0.04182636355999587,0.008126371370139059,0.0,0.008126371370139059,True,True,0.47619047619047616,98.7207781965722,93.7016145693727,0.19983462093918944,47.960309025405465
RA-MTM,199,148,0.03576561438399235,0.004757239587816346,0.0,0.10580275610605219,True,True,0.8120184899845917,48.09630084803219,43.80442712195311,7.893467527097982,1894.4322065035158
RA-MTM,200,134,0.04635985828812513,0.004533494728129265,1.249000902703301e-16,0.0004856842171329608,True,True,0.8916666666666667,93.01202148868052,98.57520448325553,2.697767382679057,647.4641718429738
RA-MTM,200,151,0.020087241313980157,,,,False,True,,20.745877751133428,18.33540879345581,0.03746899142609802,8.992557942263524
RA-MTM,200,150,0.04635985828812513,0.004533494728129265,0.0,0.012659866098268325,True,True,0.0625,100.96082321620861,95.3976402216336,0.01248966380869934,2.9975193140878416
RA-MTM,200,148,0.02874681868078586,0.007018795703206493,0.0,0.0987839604028457,True,True,0.5174050632911392,48.75769454539841,45.308076303704105,4.084120065444684,980.1888157067242
RA-MTM,201,134,0.04934401431517775,0.00298415602705262,0.0,0.003469840244185581,True,True,0.9315068493150684,93.15287241392413,99.07415413174546,2.585360408400763,620.4864980161832
RA-MTM,201,152,0.06898134785784725,,,,False,True,,38.203578007439205,46.481339750380876,1.0366420961220453,248.79410306929086
RA-MTM,201,153,0.0033697968190081677,,,,False,False,,91.69587510778047,91.29149948949949,0.08742764666089538,20.98263519861489
RA-MTM,201,151,0.03496848728698498,0.01488124597300482,0.0,0.01488124597300482,True,True,0.06666666666666667,22.338798653985982,18.142580179547785,0.5620348713914702,134.88836913395286
RA-MTM,201,148,0.06910145344647696,0.04035463476569111,0.0,0.1391385951685368,True,True,0.7359050445103857,52.65721676841218,44.36504235483494,3.2223332626444297,773.3599830346632
RA-MTM,202,152,0.07197034228872473,0.140951690146572,0.0,0.140951690146572,True,True,0.46629213483146065,38.77170819272333,30.135267118076364,2.2231601579484828,533.5584379076358
RA-MTM,202,134,0.04456833739862169,0.004775676916556056,0.0,0.0013058366723704752,True,True,0.5418848167539267,89.49197142781331,94.84017191564791,4.771051574923148,1145.0523779815555
RA-MTM,202,151,0.05530367562205797,0.09027216290904296,1.1102230246251565e-16,0.07539091693603812,True,True,0.5172413793103449,24.826266270755738,31.462707345402695,1.0866007513568428,260.78418032564224
RA-MTM,202,148,0.013202583422678,0.08230403686915497,0.0,0.056834558299381846,True,True,0.7360594795539034,56.30078689853619,57.88509690925755,2.610339736018162,626.4815366443589
RA-MTM,203,152,0.06992979099014181,0.0020405512985829156,0.0,0.13891113884798906,True,True,0.5894039735099338,40.11297780107084,31.721402882253823,3.771878470227201,905.2508328545282
RA-MTM,203,134,0.03738479184972488,0.007183545548896812,0.0,0.008489382221267288,True,False,0.005235602094240838,96.69407079785354,101.18024581982053,0.02497932761739868,5.995038628175683
RA-MTM,203,154,0.03323590954570458,,,,False,True,,100.96082321620861,104.94913236169316,0.01248966380869934,2.9975193140878416
RA-MTM,203,155,0.02620713613127054,,,,False,False,,68.53350483671014,71.6783611724626,0.01248966380869934,2.9975193140878416
RA-MTM,203,151,0.053263124323475027,0.002040551298582945,1.6653345369377348e-16,0.07335036563745519,True,True,0.6641221374045801,27.181834070728524,33.57340898954553,1.6361459589396137,392.67503014550726
RA-MTM,203,148,0.0216549829105683,0.034857566333246305,0.0,0.09169212463262814,True,True,0.6822429906542056,59.502683161834106,56.90408521256591,1.8859392351136004,452.6254164272641
RA-MTM,204,152,0.04205228919650169,0.027877501793640125,0.0,0.11103363705434895,True,True,0.7420382165605095,36.48932340906393,31.443048705483726,3.059967633131338,734.3922319515211
RA-MTM,204,134,0.04205228919650163,0.004667497346776747,0.0,0.0038218848744905405,True,True,0.0045871559633027525,84.985945583817,90.0322202873972,5.445493420592912,1306.918420942299
RA-MTM,204,151,0.04123123374171544,0.01203189058175959,0.0,0.06131847505569559,True,True,0.7391304347826086,30.1270058870604,35.07475393606625,1.8609599074962015,446.63037779908836
RA-MTM,204,148,0.009824403595757935,0.031479386506326236,0.0,0.06021273812630191,True,True,0.5629139072847682,60.86338990112596,62.042318332616915,1.061621423739444,254.78914169746653
RA-MTM,205,152,0.021345910728554667,0.020706378467947022,0.0,0.09032725858640192,True,True,0.8,34.59976162379243,32.03825233636587,2.447974106505071,587.513785561217
RA-MTM,205,134,0.021345910728554667,0.020706378467946963,2.0816681711721685e-16,0.024528263342437504,True,True,0.8591836734693877,82.47455694889341,85.03606623631997,5.932590309132186,1423.8216741917247
RA-MTM,205,151,0.021345910728554667,0.01988532301316077,0.0,0.041433152042534824,True,True,0.7215909090909091,33.06958863220051,35.63109791962707,1.9234082265396983,461.6179743695276
RA-MTM,205,148,0.011747924054928837,0.001923520459170902,0.0,0.05828921766713101,True,True,0.27058823529411763,58.7385253719646,60.14827625855606,0.2872622676000848,68.94294422402035
RA-MTM,206,152,0.033628534602264955,0.05497444533081962,0.0,0.0353528132555823,True,True,0.8177570093457944,36.283046661081265,40.31847081335306,2.4105051150789722,578.5212276189534
RA-MTM,206,134,0.03362853460226501,0.012282623873710345,0.0,0.012245639468727159,True,True,0.9463917525773196,82.36542461681027,86.40084876908207,5.85765232627999,1405.8365583071977
RA-MTM,206,151,0.033628534602264955,0.05497444533081962,0.0,0.013541293288284795,True,True,0.21428571428571427,25.452234964106896,21.416810811835102,0.4121589056870782,98.91813736489877
RA-MTM,206,156,0.033628534602264955,,,,False,False,,41.226289359237725,37.19086520696593,0.09991731046959472,23.980154512702732
RA-MTM,207,152,0.008333333333333333,0.041961867935598286,1.942890293094024e-16,0.0773146811911806,True,True,0.8545454545454545,37.76525856034877,36.76525856034877,2.685277718870358,644.4666525288859
RA-MTM,207,134,0.008333333333333333,0.02529520126893168,1.6653345369377348e-16,0.037540840737658836,True,True,0.7228144989339019,85.74651547783805,86.74651547783805,4.233996031149076,1016.1590474757783
RA-MTM,207,157,0.008333333333333333,,,,False,False,,65.12010290202608,66.12010290202608,0.01248966380869934,2.9975193140878416
RA-MTM,207,151,0.008333333333333333,0.02529520126893159,0.0,0.011753907980646823,True,True,0.027138157894736843,54.43497587540203,53.43497587540203,15.187431191378396,3644.9834859308153
RA-MTM,208,152,0.008333333333333333,0.0,1.6653345369377348e-16,0.0773146811911806,True,True,0.6880733944954128,40.72431848649005,39.72431848649005,1.910918562730999,458.6204550554398
RA-MTM,208,134,0.008333333333333333,0.0,0.0,0.037540840737658836,True,True,0.9348441926345609,85.82873615111208,86.82873615111208,4.296444350192573,1031.1466440462175
RA-MTM,208,157,0.008333333333333333,0.0,0.0,0.0,True,False,0.5,65.12010290202608,66.12010290202608,0.02497932761739868,5.995038628175683
RA-MTM,208,151,0.008333333333333333,0.0,2.185751579730777e-16,0.011753907980646823,True,True,0.920846394984326,55.97577877174092,54.97577877174092,15.424734803743686,3701.9363528984845
RA-MTM,209,152,0.008333333333333333,0.0,0.0,0.0773146811911806,True,True,0.782051282051282,41.97723778486821,40.97723778486821,1.5612079760874173,374.6899142609802
RA-MTM,209,134,0.008333333333333333,0.0,1.3877787807814457e-16,0.037540840737658836,True,True,0.8488372093023255,87.99106483767449,88.99106483767449,3.646981832140207,875.2756397136498
RA-MTM,209,157,0.008333333333333333,0.0,0.0,0.0,True,False,0.05555555555555555,64.21934405815111,65.21934405815111,0.44962789711317624,107.9106953071623
RA-MTM,209,151,0.008333333333333333,0.0,1.1796119636642288e-16,0.011753907980646823,True,True,0.9548022598870056,56.66855421960278,55.66855421960278,14.825230940926115,3558.055425822268
RA-MTM,210,152,0.008333333333333333,0.0,0.0,0.0773146811911806,True,True,0.34782608695652173,47.74532748039661,46.74532748039661,0.7618694923306597,182.84867815935834
RA-MTM,210,134,0.008333333333333333,0.0,0.0,0.037540840737658836,True,True,0.9446254071661238,87.80523641548366,88.80523641548366,3.8093474616532985,914.2433907967917
RA-MTM,210,157,0.008333333333333333,0.0,0.0,0.0,True,False,0.4444444444444444,63.73340836606069,64.73340836606069,0.19983462093918944,47.960309025405465
RA-MTM,210,151,0.008333333333333333,0.0,1.1796119636642288e-16,0.011753907980646823,True,True,0.9216013344453712,58.54693588187799,57.54693588187799,13.950954474317163,3348.229073836119
RA-MTM,211,158,0.02338162996348062,,,,False,True,,19.892527267462416,17.086731671844742,0.02497932761739868,5.995038628175683
RA-MTM,211,152,0.02338162996348062,0.015048296630147284,1.942890293094024e-16,0.09236297782132788,True,True,0.7702702702702703,49.12587669379224,46.32008109817457,0.8742764666089539,209.82635198614892
RA-MTM,211,134,0.020362799835411376,0.012029466502078041,1.249000902703301e-16,0.025511374235580794,True,True,0.9049180327868852,88.93352835577288,91.37706433602224,3.4471472112010173,827.3153306882442
RA-MTM,211,157,0.023381629963480678,0.015048296630147343,0.0,0.015048296630147343,True,False,0.0625,61.70670096734203,64.51249656295971,0.01248966380869934,2.9975193140878416
RA-MTM,211,159,0.02338162996348062,,,,False,False,,60.0,62.805795595617674,0.01248966380869934,2.9975193140878416
RA-MTM,211,151,0.005722516944315359,0.0026108163890179743,1.1796119636642288e-16,0.014364724369664798,True,True,0.9472743521000894,59.087188183191834,58.40048614987399,13.264022964838698,3183.365511561288
RA-MTM,212,158,0.03120577078237243,0.007824140818891816,0.0,0.007824140818891816,True,True,1.0,19.892527267462416,16.147834773577724,0.02497932761739868,5.995038628175683
RA-MTM,212,152,0.03502540727892202,0.011643777315441401,0.0,0.10400675513676928,True,True,0.06329113924050633,60.85335048367101,56.650301610200366,0.17485529332179076,41.96527039722978
RA-MTM,212,134,0.02045116838683896,8.8368551427583e-05,0.0,0.025423005684153212,True,True,0.9501779359430605,89.17705697845734,91.63119718487802,3.39718855596622,815.3252534318929
RA-MTM,212,157,0.018358740612255352,0.04174037057573603,0.0,0.026692073945588687,True,False,1.0,61.70670096734203,59.50365209387139,0.01248966380869934,2.9975193140878416
RA-MTM,212,159,0.00013451464733407192,0.023247115316146545,0.0,0.023247115316146545,True,False,1.0,60.0,60.01614175768009,0.01248966380869934,2.9975193140878416
RA-MTM,212,151,0.03502540727892202,0.04074792422323738,1.1796119636642288e-16,0.05511264859290218,True,True,0.9429373246024322,59.485467491619076,63.68851636508972,12.67700876582983,3042.482103799159
RA-MTM,213,158,0.016842089558290495,0.014363681224081937,0.0,0.006539540405190122,True,True,0.4,20.404537557665027,18.383486810670167,0.0624483190434967,14.987596570439209
RA-MTM,213,152,0.016842089558290495,0.018183317720631524,0.0,0.08582343741613775,True,True,0.52,59.85777491938817,57.83672417239331,0.29975193140878414,71.94046353810819
RA-MTM,213,134,0.016842089558290495,0.003609078828548462,0.0,0.029032084512701672,True,True,0.8566176470588235,91.10883694550034,93.1298876924952,2.910091667426946,698.4220001824671
RA-MTM,213,159,0.01484912225676922,0.014983636904103292,0.0,0.03823075222024984,True,False,0.05,60.25600514510131,58.474110474289006,0.2497932761739868,59.950386281756835
RA-MTM,213,160,0.016842089558290495,,,,False,True,,59.14664951632899,61.16770026332385,0.02497932761739868,5.995038628175683
RA-MTM,213,151,0.016842089558290495,0.018183317720631524,0.0,0.036929330872270655,True,True,0.019704433497536946,76.64033443158475,78.66138517857961,0.2497932761739868,59.950386281756835
RA-MTM,214,158,0.06886797670700906,0.052025887148718565,0.0,0.045486346743528444,True,True,0.8,20.319202509297924,12.055045304456836,0.04995865523479736,11.990077256351366
RA-MTM,214,152,0.09561896263248262,0.11246105219077313,1.249000902703301e-16,0.02663761477463537,True,True,0.6428571428571429,61.93943291743412,73.41370843333203,0.27477260379138546,65.94542490993251
RA-MTM,214,134,0.05598596330424807,0.039143873745957576,0.0,0.0101117892332559,True,True,0.890295358649789,91.49061738346886,98.20893297997863,2.685277718870358,644.4666525288859
RA-MTM,214,159,0.09346884490620741,0.10831796716297663,2.220446049250313e-16,0.0700872149427268,True,False,0.16666666666666666,63.19078876503077,74.40705015377566,1.149049070400339,275.7717768960814
RA-MTM,214,161,0.006788528330387796,,,,False,True,,21.31477807358078,20.500154673934244,0.48709688853927424,116.90325324942582
RA-MTM,214,160,0.04853898668182121,0.0653810762401117,0.0,0.0653810762401117,True,True,0.4,58.29329903265798,52.46862063083943,0.0624483190434967,14.987596570439209
RA-MTM,214,151,0.11228562929914941,0.1291277188574399,1.1102230246251565e-16,0.09219838798516926,True,True,0.3877551020408163,86.16941483257773,72.6951393166798,0.5995038628175683,143.88092707621638
RA-MTM,215,158,0.07306277356627765,0.004194796859268587,1.6653345369377348e-16,0.04968114360279703,True,True,0.75,20.745877751133428,11.97834492318011,0.03746899142609802,8.992557942263524
RA-MTM,215,152,0.13492736677054804,0.03930840413806542,0.0,0.06594601891270079,True,True,0.2727272727272727,56.448960890530294,72.64024490299606,0.7743591561393591,185.84619747344618
RA-MTM,215,134,0.06004226221618533,0.004056298911937262,0.0,0.014168088145193162,True,True,0.8796296296296297,92.5613524868813,99.76642395282354,2.385525787461574,572.5261889907778
RA-MTM,215,159,0.09363250668283118,0.00016366177662376912,2.220446049250313e-16,0.07025087671935057,True,False,0.2608695652173913,62.56005145101303,73.79595225295277,0.29975193140878414,71.94046353810819
RA-MTM,215,161,0.012997477875261895,0.006208949544874098,0.0,0.006208949544874098,True,True,0.3644859813084112,25.69052541352621,24.130828068494782,1.3363940275308295,320.7345666073991
RA-MTM,215,160,0.05900822818874379,0.010469241506922581,0.0,0.07585031774703428,True,True,0.7142857142857143,60.0,52.919012617350745,0.08742764666089538,20.98263519861489
RA-MTM,215,151,0.14257874581994573,0.03029311652079632,0.0,0.12249150450596558,True,True,0.7894736842105263,88.88749415093727,71.77804465254378,0.6744418456697643,161.86604296074344
RA-MTM,216,158,0.03809354534905216,0.034969228217225486,0.0,0.014711915385571542,True,True,0.6666666666666666,19.892527267462416,15.321301825576157,0.02497932761739868,5.995038628175683
RA-MTM,216,152,0.09788461936165582,0.03704274740889222,1.1796119636642288e-16,0.028903271503808566,True,True,0.44047619047619047,61.417429616945086,73.16358394034378,0.7368901647132611,176.85363953118267
RA-MTM,216,134,0.046963844653648106,0.013078417562537225,0.0,0.0010896705826559364,True,True,0.806282722513089,93.4247410227503,99.06040238118807,1.9234082265396983,461.6179743695276
RA-MTM,216,162,0.144815640016753,,,,False,False,,54.026546614302916,71.40442341631328,0.04995865523479736,11.990077256351366
RA-MTM,216,159,0.06117103334521955,0.03246147333761164,0.0,0.03778940338173893,True,False,0.08333333333333333,65.12010290202608,72.46062690345242,0.02497932761739868,5.995038628175683
RA-MTM,216,163,0.07109677407506254,,,,False,False,,63.413401934684046,71.94501482369155,0.01248966380869934,2.9975193140878416
RA-MTM,216,161,0.03554248069844996,0.02254500282318806,0.0,0.02875395236806216,True,True,0.5459183673469388,32.37930883464844,28.114211150834446,2.447974106505071,587.513785561217
RA-MTM,216,151,0.16148230668341956,0.018903560863473837,0.0,0.1413950653694394,True,True,0.8813559322033898,90.09183284524096,70.71395604323061,0.7119108370958623,170.85860090300696
RA-MTM,217,158,0.0572079790663054,0.01911443371725324,1.6653345369377348e-16,0.03382634910282478,True,True,0.6666666666666666,20.745877751133428,13.88092026317678,0.03746899142609802,8.992557942263524
RA-MTM,217,152,0.05910515689151505,0.15698977625317087,2.220446049250313e-16,0.1280865047493623,True,True,0.07575757575757576,49.75979419594785,42.66717536896604,0.14987596570439207,35.970231769054095
RA-MTM,217,164,0.07307710128121905,,,,False,False,,49.75979419594785,40.99054204220156,0.02497932761739868,5.995038628175683
RA-MTM,217,134,0.23754770106516668,0.2845115457188148,0.0,0.28342187513615885,True,True,0.8974358974358975,93.90565794980174,65.39993382198173,1.7735322608353064,425.6477426004735
RA-MTM,217,161,0.2542143677318333,0.2897568484302832,0.0,0.2610028960622211,True,True,0.7628458498023716,36.61819674741427,67.12392087523426,3.1224159521748347,749.3798285219603
RA-MTM,217,151,0.07586713157083527,0.23734943825425484,1.249000902703301e-16,0.09595437288481543,True,True,0.8620689655172413,91.69109443280193,100.79515022130217,0.6369728542436663,152.87348501847993
RA-MTM,218,158,0.06164967066918227,0.00444169160287687,0.0,0.03826804070570165,True,True,0.5,21.030327912357098,13.632367432055226,0.07493798285219604,17.985115884527048
RA-MTM,218,152,0.1569037960711962,0.21600895296271125,0.0,0.08792244821334894,True,True,0.061224489795918366,59.38175628223837,78.21021181078191,2.447974106505071,587.513785561217
RA-MTM,218,134,0.045318731034268346,0.282866432099435,0.0,0.0005554430367238201,True,True,0.87248322147651,93.52359345341158,98.96184117752378,1.7110839417918096,410.6601460300343
RA-MTM,218,161,0.002847284584895545,0.25136708314693773,1.942890293094024e-16,0.009635812915283341,True,True,0.8482758620689655,40.06859709467706,40.410271244864525,3.572043849288011,857.2905238291227
RA-MTM,218,151,0.14606229098828932,0.2219294225591246,0.0,0.12597504967430917,True,True,0.7058823529411765,94.51328622847207,76.98581130987735,0.44962789711317624,107.9106953071623
RA-MTM,219,158,0.08402769025592567,0.022378019586743406,1.6653345369377348e-16,0.060646060292445056,True,True,0.6666666666666666,21.50441151439655,11.42108868368547,0.11240697427829406,26.977673826790575
RA-MTM,219,152,0.10177047134655819,0.2586742674177544,0.0,0.17075181920440544,True,True,0.7897196261682243,55.8382051277649,43.62574856617792,2.335567132226777,560.5361117344264
RA-MTM,219,134,0.3072531160036791,0.3525718470379475,0.0,0.3531272900746713,True,True,0.8905109489051095,93.75630683767466,56.88593291723316,1.5237389846613194,365.6973563187167
RA-MTM,219,161,0.29058644933701233,0.28773916475211686,0.0,0.2973749776674001,True,True,0.04895104895104895,22.94020756628746,57.81058148672894,0.17485529332179076,41.96527039722978
RA-MTM,219,165,0.2075152731868835,,,,False,False,,33.54613500619861,58.44796778862463,0.02497932761739868,5.995038628175683
RA-MTM,219,151,0.06325122693658614,0.20931351792487546,0.0,0.08333846825056629,True,True,0.5,97.35778784070875,104.94793507309909,0.22481394855658812,53.95534765358115
RA-MTM,220,158,0.10194400786970699,0.1859716981256327,0.0,0.12532563783318762,True,True,0.8,20.935511191949207,33.168792136314046,0.11240697427829406,26.977673826790575
RA-MTM,220,152,0.062263528088741006,0.1640339994352992,0.0,0.006717819769106252,True,True,0.5454545454545454,51.784410049363395,59.256033420012315,1.2739457084873327,305.74697003695985
RA-MTM,220,134,0.01827976591435565,0.32553288191803476,0.0,0.027594408156636517,True,True,0.8111888111888111,91.53036604629686,93.72393795601954,1.7110839417918096,410.6601460300343
RA-MTM,220,161,0.06696423022108691,0.35755067955809927,1.6653345369377348e-16,0.06017570189069912,True,True,0.7,22.708583863576752,14.672876237046323,0.2497932761739868,59.950386281756835
RA-MTM,220,165,0.10924055227673615,0.3167558254636197,0.0,0.3167558254636197,True,True,0.04,44.46902119718757,31.360154923979234,0.624483190434967,149.8759657043921
RA-MTM,221,158,0.11949577976555009,0.017551771895843102,0.0,0.1428774097290307,True,True,0.8181818181818182,21.676805551501804,36.016299123367816,0.13738630189569273,32.972712454966256
RA-MTM,221,152,0.07913542475154116,0.01687189666280015,0.0,0.010154076893693898,True,True,0.7266187050359713,49.40113964483975,58.89739061502469,1.7235736056005087,413.6576653441221
RA-MTM,221,134,0.04490603785864262,0.026626271944286965,0.0,0.0009681362123495537,True,True,0.875,90.16709277409964,95.55581731713676,1.8484702436875022,443.63285848500055
RA-MTM,221,161,0.09024614187747347,0.023281911656386562,0.0,0.08345761354708568,True,True,0.59375,23.44356637693211,12.614029351635294,0.38717957806967956,92.92309873672309
RA-MTM,221,165,0.12949662903956785,0.020256076762831685,0.0,0.33701190222645133,True,True,0.6266666666666667,49.99683599696757,34.45724051221943,0.8992557942263525,215.8213906143246
RA-MTM,222,158,0.12439656189943786,0.004900782133887767,0.0,0.1477781918629185,True,True,0.8333333333333334,21.211341651317618,36.13892907925016,0.13738630189569273,32.972712454966256
RA-MTM,222,152,0.08225615716377437,0.0031207324122332143,0.0,0.013274809305927112,True,True,0.6666666666666666,50.4832869973211,60.354025856974026,1.149049070400339,275.7717768960814
RA-MTM,222,134,0.04618638615848927,0.00128034829984666,0.0,0.0003122120874971065,True,True,0.8654970760233918,90.11179426006372,95.65416059908243,2.135732511287587,512.5758027090209
RA-MTM,222,161,0.09273393289309412,0.002487791015620644,0.0,0.08594540456270633,True,True,0.5526315789473685,24.829769351558983,13.701697404387689,0.3497105866435815,83.93054079445956
RA-MTM,222,165,0.14106322856610454,0.011566599526536691,0.0,0.34857850175298805,True,True,0.8421052631578947,52.31984564696089,35.39225821902835,0.849297138991555,203.83131335797322
RA-MTM,223,158,0.14184141762465485,0.017444855725216996,0.0,0.16522304758813547,True,True,0.7857142857142857,21.477321022851438,38.49829113781002,0.17485529332179076,41.96527039722978
RA-MTM,223,152,0.08975410285204723,0.0074979456882728595,0.0,0.02077275499419997,True,True,0.6666666666666666,50.180285738626324,60.95077808087199,1.7235736056005087,413.6576653441221
RA-MTM,223,134,0.05015533391357797,0.003968947755088692,0.0,0.0042811598425857985,True,True,0.8070175438596491,91.48739610762898,97.50603617725834,1.7235736056005087,413.6576653441221
RA-MTM,223,161,0.10669564279668675,0.01396170990359263,0.0,0.09990711446629895,True,False,0.1111111111111111,33.83058516742229,21.027108031819882,0.14987596570439207,35.970231769054095
RA-MTM,223,165,0.15850808429132168,0.017444855725217145,1.3877787807814457e-16,0.3660233574782052,True,True,0.7083333333333334,56.80381455206856,37.78284443710996,0.6869315094784637,164.86356227483128
RA-MTM,224,158,0.1597329974755027,0.01789157985084785,1.6653345369377348e-16,0.18311462743898332,True,True,0.7142857142857143,21.428558138070237,40.59651783513056,0.1248966380869934,29.975193140878417
RA-MTM,224,166,0.09134009503934687,,,,False,True,,43.53535537387694,54.496166778598564,0.21232428474788875,50.957828339493304
RA-MTM,224,152,0.07613625814939855,0.013617844702648678,0.0,0.007154910291551294,True,True,0.16666666666666666,60.29681755953775,69.43316853746558,0.2872622676000848,68.94294422402035
RA-MTM,224,134,0.048251069508793404,0.0019042644047845652,0.0,0.0023768954378012336,True,True,0.9432624113475178,91.02179993580512,96.81192827686033,1.69859427798311,407.66262671594643
RA-MTM,224,161,0.12277643133103319,0.016080788534346448,1.3877787807814457e-16,0.1159879030006454,True,False,0.1,39.1782481984273,24.445076438703314,0.1248966380869934,29.975193140878417
RA-MTM,224,165,0.17639966414216932,0.017891579850847647,1.6653345369377348e-16,0.3839149373290528,True,True,0.5802469135802469,61.00531700816037,39.83735731110005,0.9117454580350518,218.81890992841244
RA-MTM,225,158,0.18519381500882565,0.025460817533322928,0.0,0.20857544497230626,True,True,1.0,21.428558138070237,43.651815939129314,0.1248966380869934,29.975193140878417
RA-MTM,225,166,0.08091717023877353,0.01042292480057334,1.6653345369377348e-16,0.01042292480057334,True,True,0.8095238095238095,42.68917590267374,52.39923633132656,0.26228293998268615,62.947905595844674
RA-MTM,225,152,0.06205117678221962,0.014085081367178927,0.0,0.006930171075627633,True,True,0.5111111111111111,62.389381354278825,69.83552256814518,0.5620348713914702,134.88836913395286
RA-MTM,225,134,0.03687352995524525,0.01137753955354815,1.3877787807814457e-16,0.009000644115746918,True,True,0.8235294117647058,92.1073119481219,96.53213554275133,1.398842346574326,335.72216317783824
RA-MTM,225,167,0.03892774217188292,,,,False,True,,100.96082321620861,105.63215227683456,0.02497932761739868,5.995038628175683
RA-MTM,225,168,0.11325528536846084,,,,False,False,,42.932990326579755,29.342356082364454,0.04995865523479736,11.990077256351366
RA-MTM,225,165,0.2018604816754922,0.02546081753332287,0.0,0.4093757548623757,True,True,0.5871559633027523,67.03160798544914,42.80835018439008,1.248966380869934,299.7519314087842
RA-MTM,226,158,0.14617884112035945,0.0390149738884662,0.0,0.16956047108384006,True,True,0.9090909090909091,21.676805551501804,39.21826648594494,0.13738630189569273,32.972712454966256
RA-MTM,226,152,0.03986629720643234,0.022184879575787284,1.1449174941446927e-16,0.029115050651414915,True,True,0.6792452830188679,65.58556680221027,70.36952246698215,0.5495452075827709,131.89084981986502
RA-MTM,226,134,0.023942419669572956,0.012931110285672294,0.0,0.02193175440141921,True,True,0.9035087719298246,92.84993004760223,95.72302040795098,1.3114146999134306,314.73952797922334
RA-MTM,226,169,0.028671041595706607,,,,False,True,,19.608077106238746,16.167552114753953,0.03746899142609802,8.992557942263524
RA-MTM,226,165,0.16284550778702608,0.03901497388846611,0.0,0.37036078097390956,True,True,0.09302325581395349,54.8687836963262,35.32732276188307,13.42638859435179,3222.33326264443
RA-MTM,227,158,0.17698683401070733,0.030807992890347878,0.0,0.20036846397418795,True,True,0.8181818181818182,21.50441151439655,42.74283159568143,0.11240697427829406,26.977673826790575
RA-MTM,227,152,0.06695547831570524,0.027089181109272904,0.0,0.0020258695421420114,True,True,0.38596491228070173,64.35657878505727,72.3912361829419,1.4238216741917247,341.7172018060139
RA-MTM,227,134,0.044586937069887374,0.020644517400314418,0.0,0.0012872370011047943,True,True,0.7619047619047619,94.02735053638165,99.37778298476813,0.9991731046959472,239.80154512702734
RA-MTM,227,170,0.10675274848845596,,,,False,True,,20.745877751133428,7.935547932518712,0.03746899142609802,8.992557942263524
RA-MTM,227,165,0.18983200067530823,0.026986492888282143,0.0,0.3973472738621917,True,True,0.6390697674418605,62.84947017400473,40.06963009296774,8.580399036576447,2059.2957687783473
RA-MTM,228,158,0.017243704184343282,0.1942305381950506,1.6653345369377348e-16,0.006137925779137336,True,True,0.7777777777777778,21.233506598945436,19.164262096824242,0.08742764666089538,20.98263519861489
RA-MTM,228,152,0.017243704184343282,0.04971177413136196,0.0,0.051737643673503975,True,True,0.5947712418300654,68.19216464324172,70.26140914536292,1.6236562951309141,389.6775108314194
RA-MTM,228,134,0.017243704184343282,0.02734323288554409,0.0,0.02863046988664889,True,True,0.7125,94.82268815822418,96.89193266034538,0.7119108370958623,170.85860090300696
RA-MTM,228,170,0.010331767489470955,0.09642098099898501,0.0,0.09642098099898501,True,True,0.17647058823529413,25.66519230406044,24.425380205323926,0.21232428474788875,50.957828339493304
RA-MTM,228,165,0.017243704184343282,0.17258829649096494,0.0,0.22475897737122677,True,True,0.8235294117647058,67.60124865763126,65.53200415551007,7.293963664280414,1750.5512794272995
RA-MTM,229,158,0.07522290968959212,0.057979205505248835,1.6653345369377348e-16,0.0518412797261115,True,True,0.7142857142857143,21.087217944601832,12.060468781850778,0.0624483190434967,14.987596570439209
RA-MTM,229,152,0.15732979619653154,0.14008609201218825,1.6653345369377348e-16,0.08834844833868427,True,True,0.7078651685393258,66.24809492067163,85.12767046425542,2.1732015027136855,521.5683606512845
RA-MTM,229,134,0.10365265254064286,0.08640894835629957,0.0,0.05777847846965069,True,True,0.12280701754385964,90.96443183606246,103.4027501409396,0.08742764666089538,20.98263519861489
RA-MTM,229,171,0.14066312952986487,,,,False,True,,100.96082321620861,84.08124767262483,0.01248966380869934,2.9975193140878416
RA-MTM,229,170,0.0077427935927272115,0.002588973896743744,0.0,0.09900995489572875,True,True,0.5,28.325637929623003,27.396502698495738,0.4246485694957775,101.91565667898661
RA-MTM,229,165,0.09425611097131241,0.07701240678696912,0.0,0.3017713841581959,True,True,0.02054794520547945,94.84514474989969,83.5344114333422,0.14987596570439207,35.970231769054095
RA-MTM,230,158,0.0693713659517736,0.005851543737818525,1.942890293094024e-16,0.04598973598829297,True,True,0.8333333333333334,21.030327912357098,12.705763998144267,0.07493798285219604,17.985115884527048
RA-MTM,230,152,0.09553654958989491,0.061793246606636626,1.1102230246251565e-16,0.02655520173204765,True,True,0.8314606741573034,67.76998071974133,79.23436667052871,1.8984288989222995,455.6229357413519
RA-MTM,230,134,0.07853892528368196,0.02511372725696089,2.220446049250313e-16,0.032664751212689795,True,True,0.3,96.02037304758694,105.44504408162878,0.23730361236528744,56.95286696766899
RA-MTM,230,172,0.09266581311017769,,,,False,False,,58.76738263469744,69.88728020791876,0.22481394855658812,53.95534765358115
RA-MTM,230,170,0.006663840893620924,0.0010789526991062874,0.0,0.10008890759483503,True,True,0.6304347826086957,33.02579934542361,32.226138438189096,0.512076216156673,122.89829187760151
RA-MTM,230,165,0.10933247977684447,0.01507636880553207,4.440892098500626e-16,0.31684775296372797,True,True,0.04979253112033195,81.69847204952681,68.57857447630548,3.0100089778965406,722.4021546951698
RA-MTM,231,158,0.0568256035797518,0.012545762372021792,0.0,0.03344397361627118,True,True,0.3333333333333333,19.892527267462416,13.0734548378922,0.02497932761739868,5.995038628175683
RA-MTM,231,152,0.0809956767669045,0.0145408728229904,0.0,0.012014328909057247,True,True,0.17105263157894737,70.30584814894993,80.02532936097847,0.32473125902618283,77.93550216628388
RA-MTM,231,134,0.06435862995838318,0.014180295325298787,0.0,0.01848445588739101,True,True,0.10526315789473684,94.98736983051153,102.71040542551751,0.02497932761739868,5.995038628175683
RA-MTM,231,173,0.07900044305285393,,,,False,False,,66.82680386936809,76.30685703571056,0.02497932761739868,5.995038628175683
RA-MTM,231,174,0.04141634285354178,,,,False,False,,49.33311895411234,44.36315781168732,0.6494625180523657,155.87100433256776
RA-MTM,231,172,0.08489317301455325,0.17755898612473095,0.0,0.17755898612473095,True,False,0.3333333333333333,59.2490515743695,49.06187081262311,0.624483190434967,149.8759657043921
RA-MTM,231,170,0.06443353538240301,0.07109737627602393,0.0,0.17118628387085896,True,True,0.4489795918367347,42.07963984290874,49.8116640887971,0.3746899142609802,89.92557942263525
RA-MTM,231,165,0.08865921769264512,0.02067326208419935,0.0,0.29617449087952863,True,True,0.5767634854771784,86.00570250957132,75.3665963864539,1.7360632694092082,416.65518465821
RA-MTM,232,152,0.060837807328778006,0.1418334840956825,0.0,0.12981915518662526,True,True,0.48936170212765956,72.14085006313756,64.8403131836842,0.5495452075827709,131.89084981986502
RA-MTM,232,173,0.04296214130043049,0.12196258435328441,0.0,0.12196258435328441,True,False,0.5,66.82680386936809,61.671346913316434,0.01248966380869934,2.9975193140878416
RA-MTM,232,174,0.008381609425309359,0.049797952278851136,0.0,0.049797952278851136,True,False,0.45535714285714285,50.22106472766192,51.22685785869904,1.3863526827656267,332.72464386375043
RA-MTM,232,172,0.07750447399544486,0.007388699019108398,0.0,0.17017028710562254,True,False,0.44,59.61211341651317,50.311576537059786,0.27477260379138546,65.94542490993251
RA-MTM,232,170,0.07750447399544486,0.013070938613041842,1.1102230246251565e-16,0.1842572224839008,True,True,0.15789473684210525,56.22087642945696,65.52141330891034,0.17485529332179076,41.96527039722978
RA-MTM,232,165,0.05813921054337179,0.1467984282360169,0.0,0.14937606264351172,True,True,0.5323741007194245,89.75194929555693,96.72865456076154,0.9242351218437511,221.81642924250028
RA-MTM,233,152,0.09913773296815324,0.15997554029693126,0.0,0.030156385110305984,True,True,0.7142857142857143,73.01359487598293,84.91012283216132,0.4995865523479736,119.90077256351367
RA-MTM,233,173,0.0858267391438807,0.1287888804443112,0.0,0.0068262960910267624,True,False,1.0,66.82680386936809,77.12601256663378,0.01248966380869934,2.9975193140878416
RA-MTM,233,174,0.16802291948170384,0.15964131005639448,0.0,0.20943926233524562,True,False,0.68,51.61174630944664,71.7744966472511,1.7610425970266068,422.65022328638565
RA-MTM,233,172,0.08641743137277362,0.16392190536821846,0.0,0.006248381737404074,True,False,0.18181818181818182,60.42667524183551,70.79676700656834,0.04995865523479736,11.990077256351366
RA-MTM,233,175,0.04469056053201961,,,,False,True,,22.793918911943862,17.43105164810151,0.3122415952174835,74.93798285219604
RA-MTM,233,176,0.10882019630620429,,,,False,True,,69.38685532038113,56.328431763636615,0.04995865523479736,11.990077256351366
RA-MTM,233,165,0.18010659735474696,0.23824580789811875,0.0,0.38762187054163044,True,True,0.5,91.78153963509881,70.16874795252917,0.46211756092187556,110.90821462125014
RA-MTM,234,152,0.08337126465304508,0.015766468315108164,0.0,0.014389916795197818,True,False,0.025,75.36030870607823,85.36486046444364,0.01248966380869934,2.9975193140878416
RA-MTM,234,177,0.08004908816357019,,,,False,False,,73.6536077387362,83.25949831836462,0.01248966380869934,2.9975193140878416
RA-MTM,234,174,0.1101092039774634,0.05791371550424043,0.0,0.1515255468310052,True,False,0.7878787878787878,50.98994878929178,64.20305326658739,1.9234082265396983,461.6179743695276
RA-MTM,234,175,0.06448681927243266,0.01979625874041305,0.0,0.01979625874041305,True,True,0.78125,24.7459581433413,17.00753983064938,0.3996692418783789,95.92061805081093
RA-MTM,234,165,0.12677587064412996,0.05333072671061701,0.0,0.33429114383101344,True,True,0.23417721518987342,77.94196396680444,62.72885948950884,1.9733668817744956,473.60805162587894
RA-MTM,235,152,0.09032394150260453,0.0069526768495594615,4.440892098500626e-16,0.02134259364475728,True,False,0.020833333333333332,74.11583925072465,84.95471223103719,0.5995038628175683,143.88092707621638
RA-MTM,235,174,0.10988121127370824,0.00022799270375516064,1.1102230246251565e-16,0.15129755412725002,True,True,0.6062992125984252,49.85386432800606,63.03960968085105,3.172374607409632,761.3699057783117
RA-MTM,235,175,0.060705364637351836,0.0037814546350808313,2.0816681711721685e-16,0.01601480410533222,True,True,0.6923076923076923,22.904352503948335,15.619708747466115,0.4246485694957775,101.91565667898661
RA-MTM,235,165,0.11665068689820644,0.010125183745923512,0.0,0.32416596008508997,True,True,0.8253968253968254,73.97304374866651,59.97496132088174,2.335567132226777,560.5361117344264
