scene,method,calibration,t,feature,q,x,reference_error,initial_error,cumulative_motion_error
hierarchy_change,TMTM,native,0,0,25.261429961089494,50.65143964543573,25.390009684346236,25.390009684346236,0.0
hierarchy_change,TMTM,native,0,1,38.67703045685279,66.39007600907209,27.7130455522193,27.7130455522193,0.0
hierarchy_change,TMTM,native,0,2,78.08219178082192,32.299166918163,-45.78302486265891,-45.78302486265891,0.0
hierarchy_change,TMTM,native,0,3,92.77260638297872,85.45257600907209,-7.320030373906633,-7.320030373906633,0.0
hierarchy_change,TMTM,native,1,0,25.560897435897434,51.134394190890276,25.573496754992842,25.390009684346236,0.1834870706466063
hierarchy_change,TMTM,native,1,1,38.836287313432834,65.424166918163,26.587879604730162,27.7130455522193,-1.125165947489137
hierarchy_change,TMTM,native,1,2,78.35170340681363,33.03780328179937,-45.31390012501426,-45.78302486265891,0.46912473764465545
hierarchy_change,TMTM,native,1,3,92.9763986013986,85.31053055452665,-7.66586804687195,-7.320030373906633,-0.34583767296531676
hierarchy_change,TMTM,native,2,0,25.700503355704697,82.55484873634481,56.85434538064011,25.390009684346236,31.464335696293876
hierarchy_change,TMTM,native,2,1,39.24607072691552,68.94689419089028,29.700823463974757,27.7130455522193,1.9877779117554581
hierarchy_change,TMTM,native,2,2,78.58272821576763,33.49234873634482,-45.09037947942281,-45.78302486265891,0.6926453832361048
hierarchy_change,TMTM,native,2,3,92.99115245009074,48.20825782725392,-44.78289462283682,-7.320030373906633,-37.46286424893019
hierarchy_change,TMTM,native,3,0,25.90412621359223,81.9582578272539,56.05413161366167,25.390009684346236,30.66412192931543
hierarchy_change,TMTM,native,3,1,39.375,69.34462146361756,29.969621463617557,27.7130455522193,2.256575911398258
hierarchy_change,TMTM,native,3,2,78.68885869565217,34.003712372708456,-44.685146322943716,-45.78302486265891,1.0978785397151967
hierarchy_change,TMTM,native,3,3,93.08085501858736,48.20825782725392,-44.87259719133344,-7.320030373906633,-37.55256681742681
hierarchy_change,TMTM,native,4,0,26.12837837837838,81.13439419089028,55.0060158125119,25.390009684346236,29.61600612816566
hierarchy_change,TMTM,native,4,1,39.51080607476636,69.7707578272539,30.259951752487545,27.7130455522193,2.5469062002682463
hierarchy_change,TMTM,native,4,2,78.90066964285714,34.571894190890276,-44.32877545196686,-45.78302486265891,1.45424941069205
hierarchy_change,TMTM,native,4,3,93.50841346153847,48.35030328179937,-45.1581101797391,-7.320030373906633,-37.838079805832464
hierarchy_change,TMTM,native,5,0,26.25,80.22530328179937,53.97530328179937,25.390009684346236,28.585293597453134
hierarchy_change,TMTM,native,5,1,39.775763358778626,69.71393964543574,29.938176286657118,27.7130455522193,2.225130734437819
hierarchy_change,TMTM,native,5,2,78.93229166666667,35.509394190890276,-43.422897475776395,-45.78302486265891,2.3601273868825174
hierarchy_change,TMTM,native,5,3,93.70931952662721,48.8900760090721,-44.819243517555115,-7.320030373906633,-37.49921314364848
hierarchy_change,TMTM,native,6,0,26.6484375,78.69121237270846,52.04277487270846,25.390009684346236,26.652765188362228
hierarchy_change,TMTM,native,6,1,39.998282967032964,68.94689419089028,28.948611223857313,27.7130455522193,1.235565671638014
hierarchy_change,TMTM,native,6,2,79.1636690647482,37.0150760090721,-42.14859305567611,-45.78302486265891,3.6344318069828034
hierarchy_change,TMTM,native,6,3,93.86910860655738,49.884394190890276,-43.9847144156671,-7.320030373906633,-36.66468404176047
hierarchy_change,TMTM,native,7,0,26.581632653061224,77.5832578272539,51.00162517419268,25.390009684346236,25.611615489846447
hierarchy_change,TMTM,native,7,1,40.04303892215569,68.63439419089028,28.59135526873459,27.7130455522193,0.8783097165152896
hierarchy_change,TMTM,native,7,2,79.48877805486285,38.09462146361755,-41.3941565912453,-45.78302486265891,4.388868271413614
hierarchy_change,TMTM,native,7,3,94.14516129032258,50.424166918163,-43.72099437215957,-7.320030373906633,-36.40096399825294
hierarchy_change,TMTM,native,8,0,26.927281368821294,76.049166918163,49.1218855493417,25.390009684346236,23.731875864995462
hierarchy_change,TMTM,native,8,1,40.25292642140468,68.03780328179937,27.78487686039469,27.7130455522193,0.07183130817539052
hierarchy_change,TMTM,native,8,2,79.6875,52.441212372708456,-27.246287627291544,-45.78302486265891,18.53673723536737
hierarchy_change,TMTM,native,8,3,94.33774834437087,40.39575782725392,-53.94199051711695,-7.320030373906633,-46.621960143210316
hierarchy_change,TMTM,native,9,0,27.054655870445345,75.25371237270846,48.19905650226312,25.390009684346236,22.809046817916883
hierarchy_change,TMTM,native,9,1,40.42883211678832,67.81053055452665,27.38169843773833,27.7130455522193,-0.33134711448096965
hierarchy_change,TMTM,native,9,2,79.90463215258856,53.066212372708456,-26.838419779880105,-45.78302486265891,18.944605082778807
hierarchy_change,TMTM,native,9,3,94.51357466063348,40.93553055452664,-53.57804410610684,-7.320030373906633,-46.258013732200205
hierarchy_change,TMTM,native,10,0,27.243150684931507,74.4582578272539,47.215107142322395,25.390009684346236,21.82509745797616
hierarchy_change,TMTM,native,10,1,40.77017716535433,67.69689419089028,26.926717025535943,27.7130455522193,-0.7863285266833557
hierarchy_change,TMTM,native,10,2,80.21739130434783,53.74803055452664,-26.469360749821185,-45.78302486265891,19.313664112837728
hierarchy_change,TMTM,native,10,3,94.69842657342657,41.674166918163,-53.02425965526357,-7.320030373906633,-45.70422928135694
hierarchy_change,TMTM,native,11,0,27.440625,73.40712146361756,45.96649646361756,25.390009684346236,20.576486779271324
hierarchy_change,TMTM,native,11,1,40.95,67.35598509998118,26.40598509998118,27.7130455522193,-1.3070604522381188
hierarchy_change,TMTM,native,11,2,80.32386363636364,53.80484873634482,-26.519014900018817,-45.78302486265891,19.264009962640095
hierarchy_change,TMTM,native,11,3,94.8328125,42.6400760090721,-52.192736490927906,-7.320030373906633,-44.87270611702127
hierarchy_change,TMTM,native,12,0,27.726293103448278,72.38439419089028,44.658101087442,25.390009684346236,19.268091403095763
hierarchy_change,TMTM,native,12,1,41.181640625,67.15712146361756,25.975480838617557,27.7130455522193,-1.737564713601742
hierarchy_change,TMTM,native,12,2,80.48267326732673,54.628712372708456,-25.853960894618275,-45.78302486265891,19.929063968040637
hierarchy_change,TMTM,native,12,3,94.93878865979381,43.43553055452664,-51.50325810526717,-7.320030373906633,-44.18322773136054
hierarchy_change,TMTM,native,13,0,27.724056603773583,71.92984873634481,44.205792132571226,25.390009684346236,18.81578244822499
hierarchy_change,TMTM,native,13,1,41.29261363636363,67.12871237270846,25.83609873634483,27.7130455522193,-1.8769468158744687
hierarchy_change,TMTM,native,13,2,80.82770270270271,54.99803055452664,-25.829672148176066,-45.78302486265891,19.953352714482847
hierarchy_change,TMTM,native,13,3,95.1896437994723,44.03212146361755,-51.15752233585474,-7.320030373906633,-43.83749196194811
hierarchy_change,TMTM,native,14,0,28.125,71.27643964543574,43.151439645435744,25.390009684346236,17.761429961089508
hierarchy_change,TMTM,native,14,1,41.60828025477707,67.01507600907209,25.40679575429502,27.7130455522193,-2.3062497979242806
hierarchy_change,TMTM,native,14,2,80.95394736842105,55.28212146361755,-25.671825904803505,-45.78302486265891,20.111198957855407
hierarchy_change,TMTM,native,14,3,95.625,44.74234873634482,-50.88265126365518,-7.320030373906633,-43.562620889748544
hierarchy_change,TMTM,native,15,0,28.226744186046513,70.7082578272539,42.481513641207385,25.390009684346236,17.09150395686115
hierarchy_change,TMTM,native,15,1,41.625,66.84462146361756,25.219621463617557,27.7130455522193,-2.493424088601742
hierarchy_change,TMTM,native,15,2,80.9684065934066,55.424166918163,-25.544239675243595,-45.78302486265891,20.238785187415317
hierarchy_change,TMTM,native,15,3,95.68910256410257,45.39575782725392,-50.29334473684865,-7.320030373906633,-42.97331436294202
hierarchy_change,TMTM,native,16,0,28.58108108108108,70.111666918163,41.530585837081915,25.390009684346236,16.14057615273568
hierarchy_change,TMTM,native,16,1,42.03125,66.78780328179937,24.75655328179937,27.7130455522193,-2.956492270419929
hierarchy_change,TMTM,native,16,2,81.37089416058394,55.36734873634482,-26.00354542423912,-45.78302486265891,19.77947943841979
hierarchy_change,TMTM,native,16,3,96.0493119266055,46.361666918163,-49.687645008442495,-7.320030373906633,-42.36761463453586
hierarchy_change,TMTM,native,17,0,28.68351063829787,69.7707578272539,41.08724718895603,25.390009684346236,15.697237504609792
hierarchy_change,TMTM,native,17,1,42.1875,67.04348509998118,24.855985099981183,27.7130455522193,-2.857060452238116
hierarchy_change,TMTM,native,17,2,81.45758122743682,55.33893964543573,-26.11864158200109,-45.78302486265891,19.664383280657823
hierarchy_change,TMTM,native,17,3,96.181640625,46.816212372708456,-49.365428252291544,-7.320030373906633,-42.04539787838491
hierarchy_change,TMTM,native,18,0,28.98343373493976,69.82757600907209,40.84414227413233,25.390009684346236,15.454132589786095
hierarchy_change,TMTM,native,18,1,42.1875,67.35598509998118,25.168485099981183,27.7130455522193,-2.544560452238116
hierarchy_change,TMTM,native,18,2,81.66744402985074,55.31053055452664,-26.3569134753241,-45.78302486265891,19.426111387334814
hierarchy_change,TMTM,native,18,3,96.32364649681529,47.0150760090721,-49.30857048774319,-7.320030373906633,-41.98854011383656
hierarchy_change,TMTM,native,19,0,29.121835443037973,69.60030328179937,40.4784678387614,25.390009684346236,15.08845815441516
hierarchy_change,TMTM,native,19,1,42.53048780487805,67.2707578272539,24.740270022375853,27.7130455522193,-2.972775529843446
hierarchy_change,TMTM,native,19,2,81.91634241245136,55.39575782725391,-26.520584585197447,-45.78302486265891,19.262440277461465
hierarchy_change,TMTM,native,19,3,96.50847457627118,47.52643964543573,-48.982034930835454,-7.320030373906633,-41.66200455692882
hierarchy_change,TMTM,native,20,0,29.516129032258064,69.1457578272539,39.62962879499584,25.390009684346236,14.239619110649603
hierarchy_change,TMTM,native,20,1,42.890625,67.32757600907209,24.43695100907209,27.7130455522193,-3.2760945431472095
hierarchy_change,TMTM,native,20,2,81.9825,55.59462146361755,-26.387878536382452,-45.78302486265891,19.39514632627646
hierarchy_change,TMTM,native,20,3,96.83552631578948,47.98098509998118,-48.8545412158083,-7.320030373906633,-41.534510841901664
hierarchy_change,TMTM,first_frame_affine,0,0,25.261429961089494,56.0015109507984,30.740080989708904,30.740080989708904,0.0
hierarchy_change,TMTM,first_frame_affine,0,1,38.67703045685279,61.27610670306347,22.59907624621068,22.59907624621068,0.0
hierarchy_change,TMTM,first_frame_affine,0,2,78.08219178082192,49.85098955014272,-28.231202230679195,-28.231202230679195,0.0
hierarchy_change,TMTM,first_frame_affine,0,3,92.77260638297872,67.66465137773832,-25.1079550052404,-25.1079550052404,0.0
hierarchy_change,TMTM,first_frame_affine,1,0,25.560897435897434,56.163366777131436,30.602469341234002,30.740080989708904,-0.13761164847490193
hierarchy_change,TMTM,first_frame_affine,1,1,38.836287313432834,60.95239505039738,22.116107736964544,22.59907624621068,-0.48296850924613466
hierarchy_change,TMTM,first_frame_affine,1,2,78.35170340681363,50.098533755122666,-28.25316965169096,-28.231202230679195,-0.021967421011765964
hierarchy_change,TMTM,first_frame_affine,1,3,92.9763986013986,67.6170467229345,-25.359351878464096,-25.1079550052404,-0.2513968732236975
hierarchy_change,TMTM,first_frame_affine,2,0,25.700503355704697,66.69351641974006,40.99301306403537,30.740080989708904,10.252932074326463
hierarchy_change,TMTM,first_frame_affine,2,1,39.24607072691552,62.132990489532524,22.886919762617005,22.59907624621068,0.2878435164063262
hierarchy_change,TMTM,first_frame_affine,2,2,78.58272821576763,50.250868650494944,-28.331859565272687,-28.231202230679195,-0.10065733459349246
hierarchy_change,TMTM,first_frame_affine,2,3,92.99115245009074,55.182710888172416,-37.80844156191832,-25.1079550052404,-12.700486556677923
hierarchy_change,TMTM,first_frame_affine,3,0,25.90412621359223,66.49357686956395,40.58945065597172,30.740080989708904,9.849369666262813
hierarchy_change,TMTM,first_frame_affine,3,1,39.375,62.26628352298328,22.89128352298328,22.59907624621068,0.2922072767726007
hierarchy_change,TMTM,first_frame_affine,3,2,78.68885869565217,50.42224540778876,-28.266613287863414,-28.231202230679195,-0.035411057184219885
hierarchy_change,TMTM,first_frame_affine,3,3,93.08085501858736,55.182710888172416,-37.89814413041494,-25.1079550052404,-12.790189125174543
hierarchy_change,TMTM,first_frame_affine,4,0,26.12837837837838,66.2174698717017,40.089091493323316,30.740080989708904,9.349010503614412
hierarchy_change,TMTM,first_frame_affine,4,1,39.51080607476636,62.40909748739478,22.898291412628424,22.59907624621068,0.2992151664177456
hierarchy_change,TMTM,first_frame_affine,4,2,78.90066964285714,50.61266402700411,-28.28800561585303,-28.231202230679195,-0.05680338517383632
hierarchy_change,TMTM,first_frame_affine,4,3,93.50841346153847,55.230315542976236,-38.27809791856223,-25.1079550052404,-13.170142913321833
hierarchy_change,TMTM,first_frame_affine,5,0,26.25,65.91280008095714,39.66280008095714,30.740080989708904,8.922719091248236
hierarchy_change,TMTM,first_frame_affine,5,1,39.775763358778626,62.39005562547326,22.614292266694633,22.59907624621068,0.015216020483954651
hierarchy_change,TMTM,first_frame_affine,5,2,78.93229166666667,50.926854748709424,-28.005436917957248,-28.231202230679195,0.225765312721947
hierarchy_change,TMTM,first_frame_affine,5,3,93.70931952662721,55.411213231230825,-38.29810629539639,-25.1079550052404,-13.190151290155988
hierarchy_change,TMTM,first_frame_affine,6,0,26.6484375,65.39866980907573,38.75023230907573,30.740080989708904,8.010151319366823
hierarchy_change,TMTM,first_frame_affine,6,1,39.998282967032964,62.132990489532524,22.13470752249956,22.59907624621068,-0.46436872371111804
hierarchy_change,TMTM,first_frame_affine,6,2,79.1636690647482,51.43146408963009,-27.732204975118115,-28.231202230679195,0.4989972555610791
hierarchy_change,TMTM,first_frame_affine,6,3,93.86910860655738,55.74444581485768,-38.1246627916997,-25.1079550052404,-13.0167077864593
hierarchy_change,TMTM,first_frame_affine,7,0,26.581632653061224,65.02735350160577,38.44572084854455,30.740080989708904,7.705639858835649
hierarchy_change,TMTM,first_frame_affine,7,1,40.04303892215569,62.028260248964095,21.985221326808407,22.59907624621068,-0.6138549194022715
hierarchy_change,TMTM,first_frame_affine,7,2,79.48877805486285,51.793259466139254,-27.695518588723594,-28.231202230679195,0.5356836419556004
hierarchy_change,TMTM,first_frame_affine,7,3,94.14516129032258,55.92534350311225,-38.219817787210324,-25.1079550052404,-13.111862781969926
hierarchy_change,TMTM,first_frame_affine,8,0,26.927281368821294,64.51322322972436,37.58594186090306,30.740080989708904,6.845860871194159
hierarchy_change,TMTM,first_frame_affine,8,1,40.25292642140468,61.828320698787984,21.575394277383303,22.59907624621068,-1.0236819688273755
hierarchy_change,TMTM,first_frame_affine,8,2,79.6875,56.60132960132673,-23.086170398673268,-28.231202230679195,5.145031832005927
hierarchy_change,TMTM,first_frame_affine,8,3,94.33774834437087,52.5644548739614,-41.77329347040946,-25.1079550052404,-16.665338465169064
hierarchy_change,TMTM,first_frame_affine,9,0,27.054655870445345,64.24663716282288,37.191981292377534,30.740080989708904,6.45190030266863
hierarchy_change,TMTM,first_frame_affine,9,1,40.42883211678832,61.75215325110185,21.32332113431353,22.59907624621068,-1.2757551118971477
hierarchy_change,TMTM,first_frame_affine,9,2,79.90463215258856,56.810790082463605,-23.093842070124957,-28.231202230679195,5.137360160554238
hierarchy_change,TMTM,first_frame_affine,9,3,94.51357466063348,52.74535256221598,-41.7682220984175,-25.1079550052404,-16.660267093177104
hierarchy_change,TMTM,first_frame_affine,10,0,27.243150684931507,63.98005109592139,36.73690041098988,30.740080989708904,5.9968194212809784
hierarchy_change,TMTM,first_frame_affine,10,1,40.77017716535433,61.71406952725878,20.943892361904446,22.59907624621068,-1.6551838843062328
hierarchy_change,TMTM,first_frame_affine,10,2,80.21739130434783,57.03929242552203,-23.1780988788258,-28.231202230679195,5.0531033518533945
hierarchy_change,TMTM,first_frame_affine,10,3,94.69842657342657,52.99289676719592,-41.70552980623065,-25.1079550052404,-16.59757480099025
hierarchy_change,TMTM,first_frame_affine,11,0,27.440625,63.627776650373,36.187151650372996,30.740080989708904,5.447070660664092
hierarchy_change,TMTM,first_frame_affine,11,1,40.95,61.59981835572956,20.649818355729558,22.59907624621068,-1.949257890481121
hierarchy_change,TMTM,first_frame_affine,11,2,80.32386363636364,57.058334287443564,-23.265529348920076,-28.231202230679195,4.965672881759119
hierarchy_change,TMTM,first_frame_affine,11,3,94.8328125,53.316608419862014,-41.51620408013799,-25.1079550052404,-16.40824907489759
hierarchy_change,TMTM,first_frame_affine,12,0,27.726293103448278,63.28502313578537,35.558730032337095,30.740080989708904,4.818649042628191
hierarchy_change,TMTM,first_frame_affine,12,1,41.181640625,61.53317183900419,20.35153121400419,22.59907624621068,-2.2475450322064887
hierarchy_change,TMTM,first_frame_affine,12,2,80.48267326732673,57.33444128530582,-23.14823198202091,-28.231202230679195,5.082970248658285
hierarchy_change,TMTM,first_frame_affine,12,3,94.93878865979381,53.583194486763496,-41.35559417303032,-25.1079550052404,-16.24763916778992
hierarchy_change,TMTM,first_frame_affine,13,0,27.724056603773583,63.132688240413096,35.40863163663951,30.740080989708904,4.668550646930608
hierarchy_change,TMTM,first_frame_affine,13,1,41.29261363636363,61.52365090804343,20.231037271679796,22.59907624621068,-2.368038974530883
hierarchy_change,TMTM,first_frame_affine,13,2,80.82770270270271,57.45821338779579,-23.36948931490692,-28.231202230679195,4.861712915772273
hierarchy_change,TMTM,first_frame_affine,13,3,95.1896437994723,53.78313403693961,-41.406509762532686,-25.1079550052404,-16.298554757292287
hierarchy_change,TMTM,first_frame_affine,14,0,28.125,62.91370682831545,34.78870682831545,30.740080989708904,4.048625838606544
hierarchy_change,TMTM,first_frame_affine,14,1,41.60828025477707,61.485567184200356,19.877286929423285,22.59907624621068,-2.721789316787394
hierarchy_change,TMTM,first_frame_affine,14,2,80.95394736842105,57.553422697403455,-23.4005246710176,-28.231202230679195,4.830677559661595
hierarchy_change,TMTM,first_frame_affine,14,3,95.625,54.02115731095879,-41.60384268904121,-25.1079550052404,-16.49588768380081
hierarchy_change,TMTM,first_frame_affine,15,0,28.226744186046513,62.7232882091001,34.49654402305359,30.740080989708904,3.7564630333446836
hierarchy_change,TMTM,first_frame_affine,15,1,41.625,61.42844159843576,19.80344159843576,22.59907624621068,-2.795634647774918
hierarchy_change,TMTM,first_frame_affine,15,2,80.9684065934066,57.6010273522073,-23.367379241199295,-28.231202230679195,4.8638229894799
hierarchy_change,TMTM,first_frame_affine,15,3,95.68910256410257,54.24013872305644,-41.44896384104613,-25.1079550052404,-16.34100883580573
hierarchy_change,TMTM,first_frame_affine,16,0,28.58108108108108,62.523348658923986,33.942267577842905,30.740080989708904,3.2021865881340013
hierarchy_change,TMTM,first_frame_affine,16,1,42.03125,61.409399736514224,19.378149736514224,22.59907624621068,-3.2209265096964543
hierarchy_change,TMTM,first_frame_affine,16,2,81.37089416058394,57.58198549028577,-23.788908670298177,-28.231202230679195,4.442293560381017
hierarchy_change,TMTM,first_frame_affine,16,3,96.0493119266055,54.56385037572253,-41.48546155088297,-25.1079550052404,-16.377506545642568
hierarchy_change,TMTM,first_frame_affine,17,0,28.68351063829787,62.40909748739478,33.72558684909691,30.740080989708904,2.9855058593880095
hierarchy_change,TMTM,first_frame_affine,17,1,42.1875,61.49508811516112,19.307588115161117,22.59907624621068,-3.2914881310495616
hierarchy_change,TMTM,first_frame_affine,17,2,81.45758122743682,57.572464559325006,-23.885116668111813,-28.231202230679195,4.3460855625673815
hierarchy_change,TMTM,first_frame_affine,17,3,96.181640625,54.71618527109481,-41.46545535390519,-25.1079550052404,-16.357500348664793
hierarchy_change,TMTM,first_frame_affine,18,0,28.98343373493976,62.42813934931632,33.44470561437656,30.740080989708904,2.7046246246676553
hierarchy_change,TMTM,first_frame_affine,18,1,42.1875,61.59981835572956,19.41231835572956,22.59907624621068,-3.1867578904811182
hierarchy_change,TMTM,first_frame_affine,18,2,81.66744402985074,57.56294362836423,-24.10450040148651,-28.231202230679195,4.126701829192683
hierarchy_change,TMTM,first_frame_affine,18,3,96.32364649681529,54.78283178782018,-41.54081470899511,-25.1079550052404,-16.43285970375471
hierarchy_change,TMTM,first_frame_affine,19,0,29.121835443037973,62.351971901630186,33.23013645859221,30.740080989708904,2.490055468883309
hierarchy_change,TMTM,first_frame_affine,19,1,42.53048780487805,61.57125556284726,19.040767757969213,22.59907624621068,-3.5583084882414653
hierarchy_change,TMTM,first_frame_affine,19,2,81.91634241245136,57.59150642124653,-24.32483599120483,-28.231202230679195,3.906366239474366
hierarchy_change,TMTM,first_frame_affine,19,3,96.50847457627118,54.95420854511399,-41.55426603115719,-25.1079550052404,-16.446311025916792
hierarchy_change,TMTM,first_frame_affine,20,0,29.516129032258064,62.199637006257895,32.68350797399983,30.740080989708904,1.9434269842909266
hierarchy_change,TMTM,first_frame_affine,20,1,42.890625,61.5902974247688,18.6996724247688,22.59907624621068,-3.8994038214418794
hierarchy_change,TMTM,first_frame_affine,20,2,81.9825,57.6581529379719,-24.324347062028103,-28.231202230679195,3.9068551686510915
hierarchy_change,TMTM,first_frame_affine,20,3,96.83552631578948,55.10654344048627,-41.72898287530321,-25.1079550052404,-16.62102787006281
hierarchy_change,ST-MTM,native,0,0,25.261429961089494,11.162407219510357,-14.099022741579137,-14.099022741579137,0.0
hierarchy_change,ST-MTM,native,0,1,38.67703045685279,42.815052787610725,4.138022330757934,4.138022330757934,0.0
hierarchy_change,ST-MTM,native,0,2,78.08219178082192,100.04243383675629,21.960242055934373,21.960242055934373,0.0
hierarchy_change,ST-MTM,native,0,3,92.77260638297872,80.77336473786556,-11.999241645113159,-11.999241645113159,0.0
hierarchy_change,ST-MTM,native,1,0,25.560897435897434,11.680670711716147,-13.880226724181288,-14.099022741579137,0.2187960173978496
hierarchy_change,ST-MTM,native,1,1,38.836287313432834,42.733375172945074,3.89708785951224,4.138022330757934,-0.24093447124569423
hierarchy_change,ST-MTM,native,1,2,78.35170340681363,99.45697184780137,21.105268440987743,21.960242055934373,-0.8549736149466298
hierarchy_change,ST-MTM,native,1,3,92.9763986013986,80.92224084928034,-12.054157752118257,-11.999241645113159,-0.054916107005098524
hierarchy_change,ST-MTM,native,2,0,25.700503355704697,11.99396157176048,-13.706541783944218,-14.099022741579137,0.39248095763491975
hierarchy_change,ST-MTM,native,2,1,39.24607072691552,42.90760642180312,3.661535694887604,4.138022330757934,-0.47648663587033013
hierarchy_change,ST-MTM,native,2,2,78.58272821576763,98.79949135835285,20.216763142585222,21.960242055934373,-1.7434789133491506
hierarchy_change,ST-MTM,native,2,3,92.99115245009074,81.09219922982646,-11.898953220264275,-11.999241645113159,0.100288424848884
hierarchy_change,ST-MTM,native,3,0,25.90412621359223,12.477651241568068,-13.426474972024163,-14.099022741579137,0.6725477695549742
hierarchy_change,ST-MTM,native,3,1,39.375,42.90637990352678,3.5313799035267834,4.138022330757934,-0.6066424272311508
hierarchy_change,ST-MTM,native,3,2,78.68885869565217,98.07850947956271,19.38965078391054,21.960242055934373,-2.570591272023833
hierarchy_change,ST-MTM,native,3,3,93.08085501858736,81.33071795708537,-11.750137061501988,-11.999241645113159,0.24910458361117094
hierarchy_change,ST-MTM,native,4,0,26.12837837837838,12.878817387263553,-13.249560991114826,-14.099022741579137,0.8494617504643109
hierarchy_change,ST-MTM,native,4,1,39.51080607476636,42.717930639726134,3.207124564959777,4.138022330757934,-0.9308977657981572
hierarchy_change,ST-MTM,native,4,2,78.90066964285714,97.58043122199538,18.679761579138244,21.960242055934373,-3.2804804767961286
hierarchy_change,ST-MTM,native,4,3,93.50841346153847,81.61607933275786,-11.892334128780604,-11.999241645113159,0.10690751633255502
hierarchy_change,ST-MTM,native,5,0,26.25,13.246547214614694,-13.003452785385306,-14.099022741579137,1.095569956193831
hierarchy_change,ST-MTM,native,5,1,39.775763358778626,42.7027715418283,2.927008183049672,4.138022330757934,-1.211014147708262
hierarchy_change,ST-MTM,native,5,2,78.93229166666667,96.946916404109,18.014624737442333,21.960242055934373,-3.9456173184920402
hierarchy_change,ST-MTM,native,5,3,93.70931952662721,81.89702342119094,-11.812296105436275,-11.999241645113159,0.1869455396768842
hierarchy_change,ST-MTM,native,6,0,26.6484375,13.804178884635107,-12.844258615364893,-14.099022741579137,1.2547641262142442
hierarchy_change,ST-MTM,native,6,1,39.998282967032964,42.60781012116627,2.6095271541333034,4.138022330757934,-1.5284951766246309
hierarchy_change,ST-MTM,native,6,2,79.1636690647482,96.2093655638758,17.0456964991276,21.960242055934373,-4.914545556806772
hierarchy_change,ST-MTM,native,6,3,93.86910860655738,82.17190401206575,-11.697204594491623,-11.999241645113159,0.30203705062153574
hierarchy_change,ST-MTM,native,7,0,26.581632653061224,13.951293760383436,-12.630338892677788,-14.099022741579137,1.4686838489013496
hierarchy_change,ST-MTM,native,7,1,40.04303892215569,42.394115311290236,2.3510763891345476,4.138022330757934,-1.7869459416233866
hierarchy_change,ST-MTM,native,7,2,79.48877805486285,75.292783915978,-4.195994138884842,21.960242055934373,-26.156236194819215
hierarchy_change,ST-MTM,native,7,3,94.14516129032258,103.15506559409123,9.00990430376865,-11.999241645113159,21.00914594888181
hierarchy_change,ST-MTM,native,8,0,26.927281368821294,14.465226449877719,-12.462054918943576,-14.099022741579137,1.6369678226355617
hierarchy_change,ST-MTM,native,8,1,40.25292642140468,42.166674383541306,1.9137479621366253,4.138022330757934,-2.224274368621309
hierarchy_change,ST-MTM,native,8,2,79.6875,72.81319814719971,-6.874301852800286,21.960242055934373,-28.83454390873466
hierarchy_change,ST-MTM,native,8,3,94.33774834437087,105.34815960112417,11.0104112567533,-11.999241645113159,23.00965290186646
hierarchy_change,ST-MTM,native,9,0,27.054655870445345,14.821390104459425,-12.23326576598592,-14.099022741579137,1.865756975593218
hierarchy_change,ST-MTM,native,9,1,40.42883211678832,41.9450475689067,1.5162154521183808,4.138022330757934,-2.6218068786395534
hierarchy_change,ST-MTM,native,9,2,79.90463215258856,72.46638968024169,-7.438242472346872,21.960242055934373,-29.398484528281244
hierarchy_change,ST-MTM,native,9,3,94.51357466063348,105.56043122813504,11.046856567501564,-11.999241645113159,23.046098212614723
hierarchy_change,ST-MTM,native,10,0,27.243150684931507,15.094144749235213,-12.149005935696295,-14.099022741579137,1.9500168058828429
hierarchy_change,ST-MTM,native,10,1,40.77017716535433,41.77061436557872,1.0004372002243898,4.138022330757934,-3.1375851305335445
hierarchy_change,ST-MTM,native,10,2,80.21739130434783,72.37871833771668,-7.838672966631151,21.960242055934373,-29.798915022565524
hierarchy_change,ST-MTM,native,10,3,94.69842657342657,105.54978112921225,10.851354555785676,-11.999241645113159,22.850596200898835
hierarchy_change,ST-MTM,native,11,0,27.440625,15.541427863733148,-11.899197136266853,-14.099022741579137,2.1998256053122844
hierarchy_change,ST-MTM,native,11,1,40.95,41.48224578245906,0.5322457824590572,4.138022330757934,-3.605776548298877
hierarchy_change,ST-MTM,native,11,2,80.32386363636364,72.28583703511654,-8.038026601247097,21.960242055934373,-29.99826865718147
hierarchy_change,ST-MTM,native,11,3,94.8328125,105.4837479004341,10.650935400434093,-11.999241645113159,22.650177045547252
hierarchy_change,ST-MTM,native,12,0,27.726293103448278,15.907810717731039,-11.818482385717239,-14.099022741579137,2.2805403558618984
hierarchy_change,ST-MTM,native,12,1,41.181640625,41.2386786174153,0.05703799241530305,4.138022330757934,-4.080984338342631
hierarchy_change,ST-MTM,native,12,2,80.48267326732673,72.26019951177845,-8.222473755548279,21.960242055934373,-30.18271581148265
hierarchy_change,ST-MTM,native,12,3,94.93878865979381,105.38656973481805,10.447781075024238,-11.999241645113159,22.447022720137397
hierarchy_change,ST-MTM,native,13,0,27.724056603773583,16.28085166607518,-11.443204937698404,-14.099022741579137,2.6558178038807334
hierarchy_change,ST-MTM,native,13,1,41.29261363636363,40.68843643010831,-0.6041772062553221,4.138022330757934,-4.742199537013256
hierarchy_change,ST-MTM,native,13,2,80.82770270270271,72.35994529426205,-8.467757408440661,21.960242055934373,-30.427999464375034
hierarchy_change,ST-MTM,native,13,3,95.1896437994723,105.46402519129731,10.274381391825017,-11.999241645113159,22.273623036938176
hierarchy_change,ST-MTM,native,14,0,28.125,16.461860172378678,-11.663139827621322,-14.099022741579137,2.4358829139578155
hierarchy_change,ST-MTM,native,14,1,41.60828025477707,40.42165712049038,-1.186623134286691,4.138022330757934,-5.324645465044625
hierarchy_change,ST-MTM,native,14,2,80.95394736842105,72.33167449718374,-8.622272871237314,21.960242055934373,-30.582514927171687
hierarchy_change,ST-MTM,native,14,3,95.625,105.57806679169003,9.953066791690034,-11.999241645113159,21.952308436803193
hierarchy_change,ST-MTM,native,15,0,28.226744186046513,16.980522068707813,-11.2462221173387,-14.099022741579137,2.8528006242404373
hierarchy_change,ST-MTM,native,15,1,41.625,39.841991083392415,-1.783008916607585,4.138022330757934,-5.921031247365519
hierarchy_change,ST-MTM,native,15,2,80.9684065934066,72.39591114014577,-8.572495453260828,21.960242055934373,-30.5327375091952
hierarchy_change,ST-MTM,native,15,3,95.68910256410257,105.57483428949683,9.885731725394265,-11.999241645113159,21.884973370507424
hierarchy_change,ST-MTM,native,16,0,28.58108108108108,17.269166326579125,-11.311914754501956,-14.099022741579137,2.7871079870771815
hierarchy_change,ST-MTM,native,16,1,42.03125,39.38525478926253,-2.6459952107374676,4.138022330757934,-6.784017541495402
hierarchy_change,ST-MTM,native,16,2,81.37089416058394,72.53043489424107,-8.840459266342876,21.960242055934373,-30.80070132227725
hierarchy_change,ST-MTM,native,16,3,96.0493119266055,105.60840257166008,9.559090645054582,-11.999241645113159,21.55833229016774
hierarchy_change,ST-MTM,native,17,0,28.68351063829787,17.568912646456567,-11.114597991841304,-14.099022741579137,2.9844247497378333
hierarchy_change,ST-MTM,native,17,1,42.1875,38.89345494559922,-3.294045054400783,4.138022330757934,-7.432067385158717
hierarchy_change,ST-MTM,native,17,2,81.45758122743682,72.66338979620795,-8.794191431228867,21.960242055934373,-30.75443348716324
hierarchy_change,ST-MTM,native,17,3,96.181640625,105.66750119347907,9.485860568479069,-11.999241645113159,21.485102213592228
hierarchy_change,ST-MTM,native,18,0,28.98343373493976,17.954575124171043,-11.028858610768715,-14.099022741579137,3.070164130810422
hierarchy_change,ST-MTM,native,18,1,42.1875,38.18279531511456,-4.004704684885439,4.138022330757934,-8.142727015643374
hierarchy_change,ST-MTM,native,18,2,81.66744402985074,72.93485343935967,-8.732590590491071,21.960242055934373,-30.692832646425444
hierarchy_change,ST-MTM,native,18,3,96.32364649681529,105.7210347030975,9.397388206282216,-11.999241645113159,21.396629851395375
hierarchy_change,ST-MTM,native,19,0,29.121835443037973,18.207394464216577,-10.914440978821396,-14.099022741579137,3.184581762757741
hierarchy_change,ST-MTM,native,19,1,42.53048780487805,37.6371789845727,-4.89330882030535,4.138022330757934,-9.031331151063284
hierarchy_change,ST-MTM,native,19,2,81.91634241245136,73.26542752872757,-8.650914883723786,21.960242055934373,-30.61115693965816
hierarchy_change,ST-MTM,native,19,3,96.50847457627118,105.68325760422596,9.174783027954774,-11.999241645113159,21.174024673067933
hierarchy_change,ST-MTM,native,20,0,29.516129032258064,18.480032918941788,-11.036096113316276,-14.099022741579137,3.0629266282628613
hierarchy_change,ST-MTM,native,20,1,42.890625,37.15655223214952,-5.734072767850478,4.138022330757934,-9.872095098608412
hierarchy_change,ST-MTM,native,20,2,81.9825,73.42043781225077,-8.562062187749234,21.960242055934373,-30.522304243683607
hierarchy_change,ST-MTM,native,20,3,96.83552631578948,105.73623561840071,8.900709302611233,-11.999241645113159,20.899950947724392
hierarchy_change,ST-MTM,first_frame_affine,0,0,25.261429961089494,23.756925561913775,-1.504504399175719,-1.504504399175719,0.0
hierarchy_change,ST-MTM,first_frame_affine,0,1,38.67703045685279,47.02328281072107,8.34625235386828,8.34625235386828,0.0
hierarchy_change,ST-MTM,first_frame_affine,0,2,78.08219178082192,89.08841411351833,11.00622233269641,11.00622233269641,0.0
hierarchy_change,ST-MTM,first_frame_affine,0,3,92.77260638297872,74.92463609558973,-17.84797028738899,-17.84797028738899,0.0
hierarchy_change,ST-MTM,first_frame_affine,1,0,25.560897435897434,24.137876453766765,-1.4230209821306694,-1.504504399175719,0.08148341704504958
hierarchy_change,ST-MTM,first_frame_affine,1,1,38.836287313432834,46.96324547330633,8.126958159873496,8.34625235386828,-0.21929419399478434
hierarchy_change,ST-MTM,first_frame_affine,1,2,78.35170340681363,88.65806879652689,10.306365389713264,11.00622233269641,-0.6998569429831463
hierarchy_change,ST-MTM,first_frame_affine,1,3,92.9763986013986,75.03406785814295,-17.942330743255653,-17.84797028738899,-0.09436045586666353
hierarchy_change,ST-MTM,first_frame_affine,2,0,25.700503355704697,24.368161693491672,-1.3323416622130253,-1.504504399175719,0.17216273696269369
hierarchy_change,ST-MTM,first_frame_affine,2,1,39.24607072691552,47.09131459381999,7.845243866904468,8.34625235386828,-0.5010084869638121
hierarchy_change,ST-MTM,first_frame_affine,2,2,78.58272821576763,88.17478609844346,9.592057882675832,11.00622233269641,-1.4141644500205786
hierarchy_change,ST-MTM,first_frame_affine,2,3,92.99115245009074,75.1589961959878,-17.83215625410294,-17.84797028738899,0.015814033286048357
hierarchy_change,ST-MTM,first_frame_affine,3,0,25.90412621359223,24.72369900967236,-1.1804272039198729,-1.504504399175719,0.3240771952558461
hierarchy_change,ST-MTM,first_frame_affine,3,1,39.375,47.09041303845622,7.715413038456219,8.34625235386828,-0.6308393154120608
hierarchy_change,ST-MTM,first_frame_affine,3,2,78.68885869565217,87.64482654338013,8.955967847727962,11.00622233269641,-2.0502544849684483
hierarchy_change,ST-MTM,first_frame_affine,3,3,93.08085501858736,75.33431999023422,-17.746535028353136,-17.84797028738899,0.10143525903585271
hierarchy_change,ST-MTM,first_frame_affine,4,0,26.12837837837838,25.018577200558397,-1.1098011778199819,-1.504504399175719,0.3947032213557371
hierarchy_change,ST-MTM,first_frame_affine,4,1,39.51080607476636,46.95189293006821,7.4410868553018545,8.34625235386828,-0.9051654985664257
hierarchy_change,ST-MTM,first_frame_affine,4,2,78.90066964285714,87.27871285934407,8.37804321648693,11.00622233269641,-2.6281791162094805
hierarchy_change,ST-MTM,first_frame_affine,4,3,93.50841346153847,75.54407559177227,-17.964337869766197,-17.84797028738899,-0.11636758237720812
hierarchy_change,ST-MTM,first_frame_affine,5,0,26.25,25.288877941006348,-0.9611220589936522,-1.504504399175719,0.5433823401820668
hierarchy_change,ST-MTM,first_frame_affine,5,1,39.775763358778626,46.94075019678539,7.164986838006762,8.34625235386828,-1.1812655158615186
hierarchy_change,ST-MTM,first_frame_affine,5,2,78.93229166666667,86.81304618880793,7.88075452214126,11.00622233269641,-3.1254678105551505
hierarchy_change,ST-MTM,first_frame_affine,5,3,93.70931952662721,75.75058425514325,-17.95873527148396,-17.84797028738899,-0.11076498409497049
hierarchy_change,ST-MTM,first_frame_affine,6,0,26.6484375,25.698766511616668,-0.9496709883833319,-1.504504399175719,0.5548334107923871
hierarchy_change,ST-MTM,first_frame_affine,6,1,39.998282967032964,46.87094856414703,6.872665597114064,8.34625235386828,-1.4735867567542158
hierarchy_change,ST-MTM,first_frame_affine,6,2,79.1636690647482,86.27090757669401,7.107238511945809,11.00622233269641,-3.898983820750601
hierarchy_change,ST-MTM,first_frame_affine,6,3,93.86910860655738,75.95263592928521,-17.916472677272168,-17.84797028738899,-0.0685023898831787
hierarchy_change,ST-MTM,first_frame_affine,7,0,26.581632653061224,25.80690367343496,-0.7747289796262642,-1.504504399175719,0.7297754195494548
hierarchy_change,ST-MTM,first_frame_affine,7,1,40.04303892215569,46.713871653210944,6.670832731055256,8.34625235386828,-1.675419622813024
hierarchy_change,ST-MTM,first_frame_affine,7,2,79.48877805486285,70.89612128918424,-8.592656765678612,11.00622233269641,-19.598879098375022
hierarchy_change,ST-MTM,first_frame_affine,7,3,94.14516129032258,91.37636196591276,-2.7687993244098124,-17.84797028738899,15.079170962979177
hierarchy_change,ST-MTM,first_frame_affine,8,0,26.927281368821294,26.184671197792056,-0.7426101710292379,-1.504504399175719,0.7618942281464811
hierarchy_change,ST-MTM,first_frame_affine,8,1,40.25292642140468,46.546690623536136,6.293764202131456,8.34625235386828,-2.0524881517368243
hierarchy_change,ST-MTM,first_frame_affine,8,2,79.6875,69.07349549314034,-10.614004506859658,11.00622233269641,-21.620226839556068
hierarchy_change,ST-MTM,first_frame_affine,8,3,94.33774834437087,92.98840126727436,-1.3493470770965104,-17.84797028738899,16.49862321029248
hierarchy_change,ST-MTM,first_frame_affine,9,0,27.054655870445345,26.44647019366778,-0.6081856767775662,-1.504504399175719,0.8963187223981528
hierarchy_change,ST-MTM,first_frame_affine,9,1,40.42883211678832,46.383783272423585,5.954951155635264,8.34625235386828,-2.391301198233016
hierarchy_change,ST-MTM,first_frame_affine,9,2,79.90463215258856,68.81857305160867,-11.086059100979895,11.00622233269641,-22.092281433676305
hierarchy_change,ST-MTM,first_frame_affine,9,3,94.51357466063348,93.14443206404283,-1.369142596590649,-17.84797028738899,16.47882769079834
hierarchy_change,ST-MTM,first_frame_affine,10,0,27.243150684931507,26.64695918574813,-0.5961914991833765,-1.504504399175719,0.9083128999923424
hierarchy_change,ST-MTM,first_frame_affine,10,1,40.77017716535433,46.25556570476559,5.485388539411254,8.34625235386828,-2.8608638144570264
hierarchy_change,ST-MTM,first_frame_affine,10,2,80.21739130434783,68.75413000935868,-11.463261294989152,11.00622233269641,-22.469483627685563
hierarchy_change,ST-MTM,first_frame_affine,10,3,94.69842657342657,93.1366036818705,-1.5618228915560763,-17.84797028738899,16.286147395832913
hierarchy_change,ST-MTM,first_frame_affine,11,0,27.440625,26.975735771290672,-0.46488922870932825,-1.504504399175719,1.0396151704663907
hierarchy_change,ST-MTM,first_frame_affine,11,1,40.95,46.04359964778121,5.093599647781204,8.34625235386828,-3.2526527060870762
hierarchy_change,ST-MTM,first_frame_affine,11,2,80.32386363636364,68.6858573727672,-11.638006263596438,11.00622233269641,-22.644228596292848
hierarchy_change,ST-MTM,first_frame_affine,11,3,94.8328125,93.0880657899038,-1.7447467100962086,-17.84797028738899,16.10322357729278
hierarchy_change,ST-MTM,first_frame_affine,12,0,27.726293103448278,27.24504641556564,-0.48124668788263847,-1.504504399175719,1.0232577112930805
hierarchy_change,ST-MTM,first_frame_affine,12,1,41.181640625,45.864564986561646,4.682924361561646,8.34625235386828,-3.663327992306634
hierarchy_change,ST-MTM,first_frame_affine,12,2,80.48267326732673,68.66701244633995,-11.815660820986778,11.00622233269641,-22.82188315368319
hierarchy_change,ST-MTM,first_frame_affine,12,3,94.93878865979381,93.01663473327562,-1.9221539265181917,-17.84797028738899,15.925816360870797
hierarchy_change,ST-MTM,first_frame_affine,13,0,27.724056603773583,27.519251108943806,-0.2048054948297775,-1.504504399175719,1.2996989043459415
hierarchy_change,ST-MTM,first_frame_affine,13,1,41.29261363636363,45.4601080739252,4.167494437561565,8.34625235386828,-4.178757916306715
hierarchy_change,ST-MTM,first_frame_affine,13,2,80.82770270270271,68.74033083624616,-12.08737186645655,11.00622233269641,-23.09359419915296
hierarchy_change,ST-MTM,first_frame_affine,13,3,95.1896437994723,93.07356856262768,-2.1160752368446083,-17.84797028738899,15.73189505054438
hierarchy_change,ST-MTM,first_frame_affine,14,0,28.125,27.652301869698363,-0.4726981303016373,-1.504504399175719,1.0318062688740817
hierarchy_change,ST-MTM,first_frame_affine,14,1,41.60828025477707,45.2640112670783,3.6557310123012314,8.34625235386828,-4.690521341567049
hierarchy_change,ST-MTM,first_frame_affine,14,2,80.95394736842105,68.71955031529043,-12.234397053130621,11.00622233269641,-23.24061938582703
hierarchy_change,ST-MTM,first_frame_affine,14,3,95.625,93.15739512967573,-2.4676048703242657,-17.84797028738899,15.380365417064723
hierarchy_change,ST-MTM,first_frame_affine,15,0,28.226744186046513,28.033545609510725,-0.19319857653578865,-1.504504399175719,1.3113058226399303
hierarchy_change,ST-MTM,first_frame_affine,15,1,41.625,44.8379262791709,3.212926279170901,8.34625235386828,-5.133326074697379
hierarchy_change,ST-MTM,first_frame_affine,15,2,80.9684065934066,68.7667676223052,-12.201638971101403,11.00622233269641,-23.207861303797813
hierarchy_change,ST-MTM,first_frame_affine,15,3,95.68910256410257,93.15501907075603,-2.534083493346543,-17.84797028738899,15.313886794042446
hierarchy_change,ST-MTM,first_frame_affine,16,0,28.58108108108108,28.245714301919136,-0.33536677916194435,-1.504504399175719,1.1691376200137746
hierarchy_change,ST-MTM,first_frame_affine,16,1,42.03125,44.502201110010574,2.4709511100105743,8.34625235386828,-5.875301243857706
hierarchy_change,ST-MTM,first_frame_affine,16,2,81.37089416058394,68.86564964827987,-12.505244512304074,11.00622233269641,-23.511466845000484
hierarchy_change,ST-MTM,first_frame_affine,16,3,96.0493119266055,93.17969352153324,-2.8696184050722593,-17.84797028738899,14.97835188231673
hierarchy_change,ST-MTM,first_frame_affine,17,0,28.68351063829787,28.46604359310838,-0.21746704518949045,-1.504504399175719,1.2870373539862285
hierarchy_change,ST-MTM,first_frame_affine,17,1,42.1875,44.14070239000753,1.953202390007533,8.34625235386828,-6.393049963860747
hierarchy_change,ST-MTM,first_frame_affine,17,2,81.45758122743682,68.96337848552622,-12.494202741910598,11.00622233269641,-23.50042507460701
hierarchy_change,ST-MTM,first_frame_affine,17,3,96.181640625,93.22313411310068,-2.9585065118993157,-17.84797028738899,14.889463775489673
hierarchy_change,ST-MTM,first_frame_affine,18,0,28.98343373493976,28.749525773599743,-0.2339079613400159,-1.504504399175719,1.270596437835703
hierarchy_change,ST-MTM,first_frame_affine,18,1,42.1875,43.6183302296904,1.4308302296904003,8.34625235386828,-6.91542212417788
hierarchy_change,ST-MTM,first_frame_affine,18,2,81.66744402985074,69.16291852359484,-12.504525506255902,11.00622233269641,-23.510747838952312
hierarchy_change,ST-MTM,first_frame_affine,18,3,96.32364649681529,93.26248405485785,-3.0611624419574355,-17.84797028738899,14.786807845431554
hierarchy_change,ST-MTM,first_frame_affine,19,0,29.121835443037973,28.93536126947484,-0.18647417356313412,-1.504504399175719,1.3180302256125849
hierarchy_change,ST-MTM,first_frame_affine,19,1,42.53048780487805,43.21727356477882,0.6867857599007721,8.34625235386828,-7.659466593967508
hierarchy_change,ST-MTM,first_frame_affine,19,2,81.91634241245136,69.40590784478395,-12.510434567667403,11.00622233269641,-23.516656900363813
hierarchy_change,ST-MTM,first_frame_affine,19,3,96.50847457627118,93.2347159027052,-3.273758673565979,-17.84797028738899,14.57421161382301
hierarchy_change,ST-MTM,first_frame_affine,20,0,29.516129032258064,29.135764855764407,-0.38036417649365717,-1.504504399175719,1.1241402226820618
hierarchy_change,ST-MTM,first_frame_affine,20,1,42.890625,42.86398765377487,-0.026637346225129477,8.34625235386828,-8.37288970009341
hierarchy_change,ST-MTM,first_frame_affine,20,2,81.9825,69.5198485460732,-12.462651453926796,11.00622233269641,-23.468873786623206
hierarchy_change,ST-MTM,first_frame_affine,20,3,96.83552631578948,93.27365752613034,-3.561868789659144,-17.84797028738899,14.286101497729845
hierarchy_change,RA-MTM,native,0,0,25.261429961089494,19.350878283260645,-5.910551677828849,-5.910551677828849,0.0
hierarchy_change,RA-MTM,native,0,1,38.67703045685279,40.10708225098824,1.4300517941354514,1.4300517941354514,0.0
hierarchy_change,RA-MTM,native,0,2,78.08219178082192,92.34634439440032,14.264152613578403,14.264152613578403,0.0
hierarchy_change,RA-MTM,native,0,3,92.77260638297872,80.50845376940032,-12.264152613578403,-12.264152613578403,0.0
hierarchy_change,RA-MTM,native,1,0,25.560897435897434,19.876085506963964,-5.68481192893347,-5.910551677828849,0.2257397488953785
hierarchy_change,RA-MTM,native,1,1,38.836287313432834,40.2684628005081,1.4321754870752628,1.4300517941354514,0.0021236929398114057
hierarchy_change,RA-MTM,native,1,2,78.35170340681363,92.56190256660611,14.21019915979248,14.264152613578403,-0.053953453785922534
hierarchy_change,RA-MTM,native,1,3,92.9763986013986,80.7661994416061,-12.210199159792495,-12.264152613578403,0.05395345378590832
hierarchy_change,RA-MTM,native,2,0,25.700503355704697,24.700503355704697,-1.0,-5.910551677828849,4.910551677828849
hierarchy_change,RA-MTM,native,2,1,39.24607072691552,40.24607072691552,1.0,1.4300517941354514,-0.43005179413545136
hierarchy_change,RA-MTM,native,2,2,78.58272821576763,77.91928553609961,-0.6634426796680231,14.264152613578403,-14.927595293246426
hierarchy_change,RA-MTM,native,2,3,92.99115245009074,93.99115245009074,1.0,-12.264152613578403,13.264152613578403
hierarchy_change,RA-MTM,native,3,0,25.90412621359223,24.90412621359223,-1.0,-5.910551677828849,4.910551677828849
hierarchy_change,RA-MTM,native,3,1,39.375,40.375,1.0,1.4300517941354514,-0.43005179413545136
hierarchy_change,RA-MTM,native,3,2,78.68885869565217,77.68885869565217,-1.0,14.264152613578403,-15.264152613578403
hierarchy_change,RA-MTM,native,3,3,93.08085501858736,94.08085501858736,1.0,-12.264152613578403,13.264152613578403
hierarchy_change,RA-MTM,native,4,0,26.12837837837838,25.12837837837838,-1.0,-5.910551677828849,4.910551677828849
hierarchy_change,RA-MTM,native,4,1,39.51080607476636,40.51080607476636,1.0,1.4300517941354514,-0.43005179413545136
hierarchy_change,RA-MTM,native,4,2,78.90066964285714,77.90066964285714,-1.0,14.264152613578403,-15.264152613578403
hierarchy_change,RA-MTM,native,4,3,93.50841346153847,94.50841346153847,1.0,-12.264152613578403,13.264152613578403
hierarchy_change,RA-MTM,native,5,0,26.25,25.25,-1.0,-5.910551677828849,4.910551677828849
hierarchy_change,RA-MTM,native,5,1,39.775763358778626,40.775763358778626,1.0,1.4300517941354514,-0.43005179413545136
hierarchy_change,RA-MTM,native,5,2,78.93229166666667,77.93229166666667,-1.0,14.264152613578403,-15.264152613578403
hierarchy_change,RA-MTM,native,5,3,93.70931952662721,94.70931952662721,1.0,-12.264152613578403,13.264152613578403
hierarchy_change,RA-MTM,native,6,0,26.6484375,25.6484375,-1.0,-5.910551677828849,4.910551677828849
hierarchy_change,RA-MTM,native,6,1,39.998282967032964,40.998282967032964,1.0,1.4300517941354514,-0.43005179413545136
hierarchy_change,RA-MTM,native,6,2,79.1636690647482,78.1636690647482,-1.0,14.264152613578403,-15.264152613578403
hierarchy_change,RA-MTM,native,6,3,93.86910860655738,94.86910860655738,1.0,-12.264152613578403,13.264152613578403
hierarchy_change,RA-MTM,native,7,0,26.581632653061224,25.581632653061224,-1.0,-5.910551677828849,4.910551677828849
hierarchy_change,RA-MTM,native,7,1,40.04303892215569,41.04303892215569,1.0,1.4300517941354514,-0.43005179413545136
hierarchy_change,RA-MTM,native,7,2,79.48877805486285,78.48877805486285,-1.0,14.264152613578403,-15.264152613578403
hierarchy_change,RA-MTM,native,7,3,94.14516129032258,95.14516129032258,1.0,-12.264152613578403,13.264152613578403
hierarchy_change,RA-MTM,native,8,0,26.927281368821294,25.927281368821294,-1.0,-5.910551677828849,4.910551677828849
hierarchy_change,RA-MTM,native,8,1,40.25292642140468,41.25292642140468,1.0,1.4300517941354514,-0.43005179413545136
hierarchy_change,RA-MTM,native,8,2,79.6875,78.6875,-1.0,14.264152613578403,-15.264152613578403
hierarchy_change,RA-MTM,native,8,3,94.33774834437087,95.33774834437087,1.0,-12.264152613578403,13.264152613578403
hierarchy_change,RA-MTM,native,9,0,27.054655870445345,26.054655870445345,-1.0,-5.910551677828849,4.910551677828849
hierarchy_change,RA-MTM,native,9,1,40.42883211678832,41.42883211678832,1.0,1.4300517941354514,-0.43005179413545136
hierarchy_change,RA-MTM,native,9,2,79.90463215258856,78.90463215258856,-1.0,14.264152613578403,-15.264152613578403
hierarchy_change,RA-MTM,native,9,3,94.51357466063348,95.51357466063348,1.0,-12.264152613578403,13.264152613578403
hierarchy_change,RA-MTM,native,10,0,27.243150684931507,26.243150684931507,-1.0,-5.910551677828849,4.910551677828849
hierarchy_change,RA-MTM,native,10,1,40.77017716535433,41.77017716535433,1.0,1.4300517941354514,-0.43005179413545136
hierarchy_change,RA-MTM,native,10,2,80.21739130434783,79.21739130434783,-1.0,14.264152613578403,-15.264152613578403
hierarchy_change,RA-MTM,native,10,3,94.69842657342657,95.69842657342657,1.0,-12.264152613578403,13.264152613578403
hierarchy_change,RA-MTM,native,11,0,27.440625,26.440625,-1.0,-5.910551677828849,4.910551677828849
hierarchy_change,RA-MTM,native,11,1,40.95,41.95,1.0,1.4300517941354514,-0.43005179413545136
hierarchy_change,RA-MTM,native,11,2,80.32386363636364,79.32386363636364,-1.0,14.264152613578403,-15.264152613578403
hierarchy_change,RA-MTM,native,11,3,94.8328125,95.8328125,1.0,-12.264152613578403,13.264152613578403
hierarchy_change,RA-MTM,native,12,0,27.726293103448278,26.726293103448278,-1.0,-5.910551677828849,4.910551677828849
hierarchy_change,RA-MTM,native,12,1,41.181640625,42.144974518432335,0.9633338934323348,1.4300517941354514,-0.4667179007031166
hierarchy_change,RA-MTM,native,12,2,80.48267326732673,79.48267326732673,-1.0,14.264152613578403,-15.264152613578403
hierarchy_change,RA-MTM,native,12,3,94.93878865979381,95.93878865979381,1.0,-12.264152613578403,13.264152613578403
hierarchy_change,RA-MTM,native,13,0,27.724056603773583,26.724056603773583,-1.0,-5.910551677828849,4.910551677828849
hierarchy_change,RA-MTM,native,13,1,41.29261363636363,42.03840119143737,0.7457875550737398,1.4300517941354514,-0.6842642390617115
hierarchy_change,RA-MTM,native,13,2,80.82770270270271,79.82770270270271,-1.0,14.264152613578403,-15.264152613578403
hierarchy_change,RA-MTM,native,13,3,95.1896437994723,96.1896437994723,1.0,-12.264152613578403,13.264152613578403
hierarchy_change,RA-MTM,native,14,0,28.125,27.125,-1.0,-5.910551677828849,4.910551677828849
hierarchy_change,RA-MTM,native,14,1,41.60828025477707,42.24401641024423,0.635736155467157,1.4300517941354514,-0.7943156386682944
hierarchy_change,RA-MTM,native,14,2,80.95394736842105,79.95394736842105,-1.0,14.264152613578403,-15.264152613578403
hierarchy_change,RA-MTM,native,14,3,95.625,96.625,1.0,-12.264152613578403,13.264152613578403
hierarchy_change,RA-MTM,native,15,0,28.226744186046513,27.226744186046513,-1.0,-5.910551677828849,4.910551677828849
hierarchy_change,RA-MTM,native,15,1,41.625,42.01176186573304,0.3867618657330425,1.4300517941354514,-1.0432899284024089
hierarchy_change,RA-MTM,native,15,2,80.9684065934066,79.9684065934066,-1.0,14.264152613578403,-15.264152613578403
hierarchy_change,RA-MTM,native,15,3,95.68910256410257,96.68910256410257,1.0,-12.264152613578403,13.264152613578403
hierarchy_change,RA-MTM,native,16,0,28.58108108108108,27.58108108108108,-1.0,-5.910551677828849,4.910551677828849
hierarchy_change,RA-MTM,native,16,1,42.03125,42.20735266606126,0.17610266606126146,1.4300517941354514,-1.25394912807419
hierarchy_change,RA-MTM,native,16,2,81.37089416058394,80.37089416058394,-1.0,14.264152613578403,-15.264152613578403
hierarchy_change,RA-MTM,native,16,3,96.0493119266055,97.0493119266055,1.0,-12.264152613578403,13.264152613578403
hierarchy_change,RA-MTM,native,17,0,28.68351063829787,27.68351063829787,-1.0,-5.910551677828849,4.910551677828849
hierarchy_change,RA-MTM,native,17,1,42.1875,42.12872777102796,-0.05877222897203893,1.4300517941354514,-1.4888240231074903
hierarchy_change,RA-MTM,native,17,2,81.45758122743682,80.45758122743682,-1.0,14.264152613578403,-15.264152613578403
hierarchy_change,RA-MTM,native,17,3,96.181640625,97.181640625,1.0,-12.264152613578403,13.264152613578403
hierarchy_change,RA-MTM,native,18,0,28.98343373493976,27.98343373493976,-1.0,-5.910551677828849,4.910551677828849
hierarchy_change,RA-MTM,native,18,1,42.1875,41.87473466174556,-0.31276533825443664,1.4300517941354514,-1.742817132389888
hierarchy_change,RA-MTM,native,18,2,81.66744402985074,80.66744402985074,-1.0,14.264152613578403,-15.264152613578403
hierarchy_change,RA-MTM,native,18,3,96.32364649681529,97.32364649681529,1.0,-12.264152613578403,13.264152613578403
hierarchy_change,RA-MTM,native,19,0,29.121835443037973,28.121835443037973,-1.0,-5.910551677828849,4.910551677828849
hierarchy_change,RA-MTM,native,19,1,42.53048780487805,41.93595084611255,-0.5945369587655023,1.4300517941354514,-2.0245887529009536
hierarchy_change,RA-MTM,native,19,2,81.91634241245136,80.91634241245136,-1.0,14.264152613578403,-15.264152613578403
hierarchy_change,RA-MTM,native,19,3,96.50847457627118,97.50847457627118,1.0,-12.264152613578403,13.264152613578403
hierarchy_change,RA-MTM,native,20,0,29.516129032258064,28.516129032258064,-1.0,-5.910551677828849,4.910551677828849
hierarchy_change,RA-MTM,native,20,1,42.890625,42.05052376967079,-0.8401012303292106,1.4300517941354514,-2.270153024464662
hierarchy_change,RA-MTM,native,20,2,81.9825,80.9825,-1.0,14.264152613578403,-15.264152613578403
hierarchy_change,RA-MTM,native,20,3,96.83552631578948,97.83552631578948,1.0,-12.264152613578403,13.264152613578403
advection_diffusion,TMTM,native,0,0,25.31437875751503,51.04995571354987,25.73557695603484,25.73557695603484,0.0
advection_diffusion,TMTM,native,0,1,38.74567474048443,66.36245571354988,27.616780973065445,27.616780973065445,0.0
advection_diffusion,TMTM,native,0,2,78.19236526946108,32.92495571354987,-45.26740955591121,-45.26740955591121,0.0
advection_diffusion,TMTM,native,0,3,92.71444954128441,84.62950116809533,-8.084948373189079,-8.084948373189079,0.0
advection_diffusion,TMTM,native,1,0,25.825400801603205,51.10677389536805,25.281373093764845,25.73557695603484,-0.45420386226999554
advection_diffusion,TMTM,native,1,1,39.14226398601399,66.33404662264078,27.191782636626797,27.616780973065445,-0.42499833643864804
advection_diffusion,TMTM,native,1,2,78.52079158316633,33.067001168095324,-45.453790415071005,-45.26740955591121,-0.1863808591597973
advection_diffusion,TMTM,native,1,3,93.01510989010988,84.77154662264078,-8.2435632674691,-8.084948373189079,-0.15861489428002074
advection_diffusion,TMTM,native,2,0,26.118222891566266,51.24881934991351,25.130596458347245,25.73557695603484,-0.6049804976875954
advection_diffusion,TMTM,native,2,1,39.50797872340426,66.36245571354988,26.85447699014562,27.616780973065445,-0.7623039829198248
advection_diffusion,TMTM,native,2,2,79.00398406374502,32.953364804458964,-46.05061925928606,-45.26740955591121,-0.7832097033748511
advection_diffusion,TMTM,native,2,3,93.28899082568807,84.77154662264078,-8.51744420304729,-8.084948373189079,-0.4324958298582118
advection_diffusion,TMTM,native,3,0,26.517319277108435,51.334046622640784,24.81672734553235,25.73557695603484,-0.918849610502491
advection_diffusion,TMTM,native,3,1,39.9239417989418,66.50450116809533,26.580559369153534,27.616780973065445,-1.0362216039119119
advection_diffusion,TMTM,native,3,2,79.13318452380952,33.067001168095324,-46.066183355714195,-45.26740955591121,-0.7987737998029871
advection_diffusion,TMTM,native,3,3,93.8961038961039,84.60109207718624,-9.295011818917658,-8.084948373189079,-1.2100634457285793
advection_diffusion,TMTM,native,4,0,26.911989795918366,51.53291025900442,24.62092046308605,25.73557695603484,-1.1146564929487894
advection_diffusion,TMTM,native,4,1,40.300760286225405,66.47609207718624,26.175331790960833,27.616780973065445,-1.4414491821046127
advection_diffusion,TMTM,native,4,2,79.64320866141732,33.09541025900442,-46.5477984024129,-45.26740955591121,-1.280388846501694
advection_diffusion,TMTM,native,4,3,94.41914498141264,84.43063753173169,-9.988507449680952,-8.084948373189079,-1.9035590764918737
advection_diffusion,TMTM,native,5,0,27.3605476673428,51.47609207718624,24.115544409843437,25.73557695603484,-1.6200325461914034
advection_diffusion,TMTM,native,5,1,40.71524064171123,66.47609207718624,25.760851435475004,27.616780973065445,-1.8559295375904412
advection_diffusion,TMTM,native,5,2,80.08823529411765,33.29427389536806,-46.793961398749595,-45.26740955591121,-1.526551842838387
advection_diffusion,TMTM,native,5,3,94.6753696857671,84.65791025900441,-10.017459426762684,-8.084948373189079,-1.9325110535736059
advection_diffusion,TMTM,native,6,0,27.79031440162272,51.47609207718624,23.685777675563518,25.73557695603484,-2.0497992804713228
advection_diffusion,TMTM,native,6,1,41.19914104882459,66.36245571354988,25.163314664725284,27.616780973065445,-2.453466308340161
advection_diffusion,TMTM,native,6,2,80.61008946322067,33.635182986277144,-46.97490647694353,-45.26740955591121,-1.7074969210323232
advection_diffusion,TMTM,native,6,3,94.88122693726937,84.62950116809533,-10.251725769174044,-8.084948373189079,-2.1667773959849654
advection_diffusion,TMTM,native,7,0,28.136386639676115,51.41927389536805,23.282887255691936,25.73557695603484,-2.452689700342905
advection_diffusion,TMTM,native,7,1,41.535618279569896,66.39086480445896,24.85524652488906,27.616780973065445,-2.761534448176384
advection_diffusion,TMTM,native,7,2,80.7927435387674,33.635182986277144,-47.15756055249025,-45.26740955591121,-1.8901509965790453
advection_diffusion,TMTM,native,7,3,95.35466728280961,84.60109207718624,-10.753575205623378,-8.084948373189079,-2.668626832434299
advection_diffusion,TMTM,native,8,0,28.443181818181817,51.47609207718624,23.03291025900442,25.73557695603484,-2.70266669703042
advection_diffusion,TMTM,native,8,1,41.99659090909091,66.33404662264078,24.337455713549872,27.616780973065445,-3.2793252595155735
advection_diffusion,TMTM,native,8,2,81.28898390342053,33.890864804458964,-47.398119098961565,-45.26740955591121,-2.130709543050358
advection_diffusion,TMTM,native,8,3,95.78819444444444,84.31700116809533,-11.471193276349112,-8.084948373189079,-3.3862449031600335
advection_diffusion,TMTM,native,9,0,28.742424242424242,51.61813753173169,22.87571328930745,25.73557695603484,-2.8598636667273922
advection_diffusion,TMTM,native,9,1,42.2625,66.47609207718624,24.213592077186235,27.616780973065445,-3.403188895879211
advection_diffusion,TMTM,native,9,2,81.59443887775551,33.890864804458964,-47.703574073296544,-45.26740955591121,-2.436164517385336
advection_diffusion,TMTM,native,9,3,96.30521616541354,84.34541025900441,-11.95980590640913,-8.084948373189079,-3.8748575332200517
advection_diffusion,TMTM,native,10,0,29.52,51.504501168095324,21.984501168095324,25.73557695603484,-3.7510757879395165
advection_diffusion,TMTM,native,10,1,42.53970054446461,66.47609207718624,23.93639153272163,27.616780973065445,-3.6803894403438164
advection_diffusion,TMTM,native,10,2,82.16800804828974,34.11813753173169,-48.049870516558045,-45.26740955591121,-2.782460960646837
advection_diffusion,TMTM,native,10,3,96.66744402985074,84.43063753173169,-12.236806498119051,-8.084948373189079,-4.151858124929973
advection_diffusion,TMTM,native,11,0,29.80421686746988,51.390864804458964,21.586647936989085,25.73557695603484,-4.148929019045756
advection_diffusion,TMTM,native,11,1,43.108228980322004,66.44768298627714,23.33945400595514,27.616780973065445,-4.277326967110305
advection_diffusion,TMTM,native,11,2,82.51125,33.97609207718624,-48.53515792281377,-45.26740955591121,-3.267748366902559
advection_diffusion,TMTM,native,11,3,96.94689239332097,84.54427389536805,-12.402618497952915,-8.084948373189079,-4.317670124763836
advection_diffusion,TMTM,native,12,0,30.127755511022045,51.56131934991351,21.433563838891466,25.73557695603484,-4.302013117143375
advection_diffusion,TMTM,native,12,1,43.595454545454544,66.47609207718624,22.880637531731693,27.616780973065445,-4.736143441333752
advection_diffusion,TMTM,native,12,2,82.8675,34.203364804458964,-48.66413519554104,-45.26740955591121,-3.3967256396298353
advection_diffusion,TMTM,native,12,3,97.21368715083798,84.4022284408226,-12.811458710015387,-8.084948373189079,-4.726510336826308
advection_diffusion,TMTM,native,13,0,30.432981927710845,51.760182986277144,21.3272010585663,25.73557695603484,-4.408375897468542
advection_diffusion,TMTM,native,13,1,43.888001824817515,66.64654662264078,22.75854479782327,27.616780973065445,-4.858236175242176
advection_diffusion,TMTM,native,13,2,83.1980198019802,34.06131934991351,-49.136700452066684,-45.26740955591121,-3.8692908961554764
advection_diffusion,TMTM,native,13,3,97.61385199240986,84.31700116809533,-13.296850824314532,-8.084948373189079,-5.211902451125454
advection_diffusion,TMTM,native,14,0,30.946969696969695,51.9022284408226,20.9552587438529,25.73557695603484,-4.780318212181939
advection_diffusion,TMTM,native,14,1,44.18807339449541,66.70336480445896,22.515291409963545,27.616780973065445,-5.1014895631019
advection_diffusion,TMTM,native,14,2,83.6621287128713,34.260182986277144,-49.40194572659415,-45.26740955591121,-4.134536170682942
advection_diffusion,TMTM,native,14,3,97.95530592734225,84.45904662264078,-13.496259304701468,-8.084948373189079,-5.411310931512389
advection_diffusion,TMTM,native,15,0,31.400556680161944,51.87381934991351,20.473262669751566,25.73557695603484,-5.262314286283274
advection_diffusion,TMTM,native,15,1,44.58526951672862,66.5613193499135,21.97604983318488,27.616780973065445,-5.640731139880565
advection_diffusion,TMTM,native,15,2,84.05815109343936,34.23177389536806,-49.826377198071306,-45.26740955591121,-4.558967642160098
advection_diffusion,TMTM,native,15,3,98.19825141776937,84.48745571354988,-13.710795704219493,-8.084948373189079,-5.625847331030414
advection_diffusion,TMTM,native,16,0,31.710459183673468,51.98745571354987,20.276996529876403,25.73557695603484,-5.458580426158438
advection_diffusion,TMTM,native,16,1,45.11214953271028,66.5897284408226,21.477578908112314,27.616780973065445,-6.139202064953132
advection_diffusion,TMTM,native,16,2,84.47172619047619,34.203364804458964,-50.268361386017226,-45.26740955591121,-5.000951830106018
advection_diffusion,TMTM,native,16,3,98.50190839694656,84.43063753173169,-14.07127086521487,-8.084948373189079,-5.986322492025792
advection_diffusion,TMTM,native,17,0,32.16082317073171,52.129501168095324,19.968677997363613,25.73557695603484,-5.766898958671227
advection_diffusion,TMTM,native,17,1,45.474906191369605,66.73177389536805,21.256867703998445,27.616780973065445,-6.359913269067
advection_diffusion,TMTM,native,17,2,84.79743083003953,34.23177389536806,-50.56565693467147,-45.26740955591121,-5.298247378760266
advection_diffusion,TMTM,native,17,3,98.69350961538461,84.4022284408226,-14.291281174562016,-8.084948373189079,-6.2063328013729375
advection_diffusion,TMTM,native,18,0,32.537448347107436,52.328364804458964,19.79091645735153,25.73557695603484,-5.944660498683312
advection_diffusion,TMTM,native,18,1,45.86292613636363,66.73177389536805,20.868847759004417,27.616780973065445,-6.747933214061028
advection_diffusion,TMTM,native,18,2,85.24209486166008,34.459046622640784,-50.783048239019294,-45.26740955591121,-5.515638683108087
advection_diffusion,TMTM,native,18,3,99.11029411764706,84.23177389536805,-14.878520222279008,-8.084948373189079,-6.793571849089929
advection_diffusion,TMTM,native,19,0,32.8489263803681,52.2147284408226,19.3658020604545,25.73557695603484,-6.369774895580342
advection_diffusion,TMTM,native,19,1,46.21573724007561,66.70336480445896,20.487627564383345,27.616780973065445,-7.1291534086821
advection_diffusion,TMTM,native,19,2,85.75323705179282,34.629501168095324,-51.1237358836975,-45.26740955591121,-5.856326327786292
advection_diffusion,TMTM,native,19,3,99.4298245614035,84.28859207718624,-15.14123248421727,-8.084948373189079,-7.056284111028191
advection_diffusion,TMTM,native,20,0,33.29183778234086,52.328364804458964,19.0365270221181,25.73557695603484,-6.69904993391674
advection_diffusion,TMTM,native,20,1,46.77820267686425,66.70336480445896,19.92516212759471,27.616780973065445,-7.691618845470735
advection_diffusion,TMTM,native,20,2,86.08907185628742,34.79995571354987,-51.28911614273755,-45.26740955591121,-6.02170658682634
advection_diffusion,TMTM,native,20,3,99.73091976516633,84.31700116809533,-15.413918597071003,-8.084948373189079,-7.3289702238819245
advection_diffusion,TMTM,first_frame_affine,0,0,25.31437875751503,56.19146660390627,30.87708784639124,30.87708784639124,0.0
advection_diffusion,TMTM,first_frame_affine,0,1,38.74567474048443,61.268419531322344,22.522744790837912,22.522744790837912,0.0
advection_diffusion,TMTM,first_frame_affine,0,2,78.19236526946108,50.18201211839337,-28.01035315106771,-28.01035315106771,0.0
advection_diffusion,TMTM,first_frame_affine,0,3,92.71444954128441,67.32497005512295,-25.389479486161463,-25.389479486161463,0.0
advection_diffusion,TMTM,first_frame_affine,1,0,25.825400801603205,56.21030501922136,30.384904217618153,30.87708784639124,-0.49218362877308763
advection_diffusion,TMTM,first_frame_affine,1,1,39.14226398601399,61.2590003236648,22.116736337650813,22.522744790837912,-0.40600845318709844
advection_diffusion,TMTM,first_frame_affine,1,2,78.52079158316633,50.229108156681086,-28.291683426485243,-28.01035315106771,-0.2813302754175311
advection_diffusion,TMTM,first_frame_affine,1,3,93.01510989010988,67.37206609341067,-25.643043796699217,-25.389479486161463,-0.2535643105377545
advection_diffusion,TMTM,first_frame_affine,2,0,26.118222891566266,56.25740105750908,30.139178165942813,30.87708784639124,-0.7379096804484284
advection_diffusion,TMTM,first_frame_affine,2,1,39.50797872340426,61.268419531322344,21.760440807918087,22.522744790837912,-0.7623039829198248
advection_diffusion,TMTM,first_frame_affine,2,2,79.00398406374502,50.19143132605091,-28.812552737694112,-28.01035315106771,-0.8021995866264007
advection_diffusion,TMTM,first_frame_affine,2,3,93.28899082568807,67.37206609341067,-25.91692473227741,-25.389479486161463,-0.5274452461159456
advection_diffusion,TMTM,first_frame_affine,3,0,26.517319277108435,56.28565868048171,29.768339403373275,30.87708784639124,-1.1087484430179657
advection_diffusion,TMTM,first_frame_affine,3,1,39.9239417989418,61.31551556961006,21.391573770668266,22.522744790837912,-1.1311710201696457
advection_diffusion,TMTM,first_frame_affine,3,2,79.13318452380952,50.229108156681086,-28.904076367128432,-28.01035315106771,-0.8937232160607209
advection_diffusion,TMTM,first_frame_affine,3,3,93.8961038961039,67.3155508474654,-26.580553048638492,-25.389479486161463,-1.1910735624770297
advection_diffusion,TMTM,first_frame_affine,4,0,26.911989795918366,56.35159313408452,29.43960333816615,30.87708784639124,-1.43748450822509
advection_diffusion,TMTM,first_frame_affine,4,1,40.300760286225405,61.30609636195252,21.005336075727115,22.522744790837912,-1.517408715110797
advection_diffusion,TMTM,first_frame_affine,4,2,79.64320866141732,50.23852736433863,-29.40468129707869,-28.01035315106771,-1.3943281460109773
advection_diffusion,TMTM,first_frame_affine,4,3,94.41914498141264,67.25903560152014,-27.160109379892504,-25.389479486161463,-1.7706298937310407
advection_diffusion,TMTM,first_frame_affine,5,0,27.3605476673428,56.33275471876943,28.97220705142663,30.87708784639124,-1.9048807949646118
advection_diffusion,TMTM,first_frame_affine,5,1,40.71524064171123,61.30609636195252,20.590855720241287,22.522744790837912,-1.9318890705966254
advection_diffusion,TMTM,first_frame_affine,5,2,80.08823529411765,50.30446181794144,-29.783773476176215,-28.01035315106771,-1.7734203251085034
advection_diffusion,TMTM,first_frame_affine,5,3,94.6753696857671,67.33438926278049,-27.340980422986604,-25.389479486161463,-1.9515009368251413
advection_diffusion,TMTM,first_frame_affine,6,0,27.79031440162272,56.33275471876943,28.54244031714671,30.87708784639124,-2.3346475292445312
advection_diffusion,TMTM,first_frame_affine,6,1,41.19914104882459,61.268419531322344,20.06927848249775,22.522744790837912,-2.453466308340161
advection_diffusion,TMTM,first_frame_affine,6,2,80.61008946322067,50.417492309831964,-30.19259715338871,-28.01035315106771,-2.1822440023209992
advection_diffusion,TMTM,first_frame_affine,6,3,94.88122693726937,67.32497005512295,-27.556256882146428,-25.389479486161463,-2.1667773959849654
advection_diffusion,TMTM,first_frame_affine,7,0,28.136386639676115,56.31391630345434,28.177529663778227,30.87708784639124,-2.699558182613014
advection_diffusion,TMTM,first_frame_affine,7,1,41.535618279569896,61.27783873897989,19.742220459409992,22.522744790837912,-2.7805243314279195
advection_diffusion,TMTM,first_frame_affine,7,2,80.7927435387674,50.417492309831964,-30.375251228935433,-28.01035315106771,-2.3648980778677213
advection_diffusion,TMTM,first_frame_affine,7,3,95.35466728280961,67.3155508474654,-28.039116435344212,-25.389479486161463,-2.6496369491827494
advection_diffusion,TMTM,first_frame_affine,8,0,28.443181818181817,56.33275471876943,27.889572900587613,30.87708784639124,-2.9875149458036283
advection_diffusion,TMTM,first_frame_affine,8,1,41.99659090909091,61.2590003236648,19.262409414573888,22.522744790837912,-3.260335376264024
advection_diffusion,TMTM,first_frame_affine,8,2,81.28898390342053,50.50226517874986,-30.78671872467067,-28.01035315106771,-2.776365573602959
advection_diffusion,TMTM,first_frame_affine,8,3,95.78819444444444,67.22135877088996,-28.56683567355448,-25.389479486161463,-3.1773561873930163
advection_diffusion,TMTM,first_frame_affine,9,0,28.742424242424242,56.37985075705715,27.637426514632907,30.87708784639124,-3.2396613317583345
advection_diffusion,TMTM,first_frame_affine,9,1,42.2625,61.30609636195252,19.043596361952517,22.522744790837912,-3.479148428885395
advection_diffusion,TMTM,first_frame_affine,9,2,81.59443887775551,50.50226517874986,-31.09217369900565,-28.01035315106771,-3.0818205479379372
advection_diffusion,TMTM,first_frame_affine,9,3,96.30521616541354,67.23077797854751,-29.074438186866033,-25.389479486161463,-3.68495870070457
advection_diffusion,TMTM,first_frame_affine,10,0,29.52,56.34217392642697,26.822173926426974,30.87708784639124,-4.054913919964267
advection_diffusion,TMTM,first_frame_affine,10,1,42.53970054446461,61.30609636195252,18.76639581748791,22.522744790837912,-3.7563489733500006
advection_diffusion,TMTM,first_frame_affine,10,2,82.16800804828974,50.57761884001021,-31.590389208279525,-28.01035315106771,-3.5800360572118137
advection_diffusion,TMTM,first_frame_affine,10,3,96.66744402985074,67.25903560152014,-29.408408428330603,-25.389479486161463,-4.01892894216914
advection_diffusion,TMTM,first_frame_affine,11,0,29.80421686746988,56.3044970957968,26.50028022832692,30.87708784639124,-4.376807618064323
advection_diffusion,TMTM,first_frame_affine,11,1,43.108228980322004,61.296677154294976,18.188448173972972,22.522744790837912,-4.33429661686494
advection_diffusion,TMTM,first_frame_affine,11,2,82.51125,50.53052280172249,-31.980727198277513,-28.01035315106771,-3.970374047209802
advection_diffusion,TMTM,first_frame_affine,11,3,96.94689239332097,67.29671243215031,-29.65017996117065,-25.389479486161463,-4.2607004750091875
advection_diffusion,TMTM,first_frame_affine,12,0,30.127755511022045,56.36101234174206,26.233256830720016,30.87708784639124,-4.643831015671225
advection_diffusion,TMTM,first_frame_affine,12,1,43.595454545454544,61.30609636195252,17.710641816497976,22.522744790837912,-4.812102974339936
advection_diffusion,TMTM,first_frame_affine,12,2,82.8675,50.60587646298284,-32.261623537017165,-28.01035315106771,-4.251270385949454
advection_diffusion,TMTM,first_frame_affine,12,3,97.21368715083798,67.2496163938626,-29.96407075697539,-25.389479486161463,-4.574591270813926
advection_diffusion,TMTM,first_frame_affine,13,0,30.432981927710845,56.42694679534487,25.993964867634023,30.87708784639124,-4.883122978757218
advection_diffusion,TMTM,first_frame_affine,13,1,43.888001824817515,61.36261160789778,17.47460978308027,22.522744790837912,-5.048135007757644
advection_diffusion,TMTM,first_frame_affine,13,2,83.1980198019802,50.55878042469512,-32.63923937728507,-28.01035315106771,-4.628886226217361
advection_diffusion,TMTM,first_frame_affine,13,3,97.61385199240986,67.22135877088996,-30.3924932215199,-25.389479486161463,-5.0030137353584365
advection_diffusion,TMTM,first_frame_affine,14,0,30.946969696969695,56.47404283363259,25.527073136662892,30.87708784639124,-5.350014709728349
advection_diffusion,TMTM,first_frame_affine,14,1,44.18807339449541,61.38145002321287,17.19337662871746,22.522744790837912,-5.329368162120453
advection_diffusion,TMTM,first_frame_affine,14,2,83.6621287128713,50.62471487829793,-33.037413834573364,-28.01035315106771,-5.027060683505653
advection_diffusion,TMTM,first_frame_affine,14,3,97.95530592734225,67.26845480917768,-30.68685111816457,-25.389479486161463,-5.297371632003106
advection_diffusion,TMTM,first_frame_affine,15,0,31.400556680161944,56.464623625975044,25.0640669458131,30.87708784639124,-5.813020900578142
advection_diffusion,TMTM,first_frame_affine,15,1,44.58526951672862,61.33435398492515,16.74908446819653,22.522744790837912,-5.773660322641383
advection_diffusion,TMTM,first_frame_affine,15,2,84.05815109343936,50.615295670640386,-33.44285542279898,-28.01035315106771,-5.432502271731266
advection_diffusion,TMTM,first_frame_affine,15,3,98.19825141776937,67.27787401683523,-30.920377400934143,-25.389479486161463,-5.53089791477268
advection_diffusion,TMTM,first_frame_affine,16,0,31.710459183673468,56.50230045660522,24.79184127293175,30.87708784639124,-6.085246573459489
advection_diffusion,TMTM,first_frame_affine,16,1,45.11214953271028,61.343773192582695,16.23162365987241,22.522744790837912,-6.2911211309655
advection_diffusion,TMTM,first_frame_affine,16,2,84.47172619047619,50.60587646298284,-33.86584972749335,-28.01035315106771,-5.855496576425637
advection_diffusion,TMTM,first_frame_affine,16,3,98.50190839694656,67.25903560152014,-31.242872795426422,-25.389479486161463,-5.853393309264959
advection_diffusion,TMTM,first_frame_affine,17,0,32.16082317073171,56.54939649489294,24.38857332416123,30.87708784639124,-6.4885145222300125
advection_diffusion,TMTM,first_frame_affine,17,1,45.474906191369605,61.390869230870415,15.91596303950081,22.522744790837912,-6.6067817513371025
advection_diffusion,TMTM,first_frame_affine,17,2,84.79743083003953,50.615295670640386,-34.182135159399145,-28.01035315106771,-6.171782008331434
advection_diffusion,TMTM,first_frame_affine,17,3,98.69350961538461,67.2496163938626,-31.443893221522018,-25.389479486161463,-6.054413735360555
advection_diffusion,TMTM,first_frame_affine,18,0,32.537448347107436,56.615330948495746,24.07788260138831,30.87708784639124,-6.7992052450029306
advection_diffusion,TMTM,first_frame_affine,18,1,45.86292613636363,61.390869230870415,15.527943094506782,22.522744790837912,-6.99480169633113
advection_diffusion,TMTM,first_frame_affine,18,2,85.24209486166008,50.69064933190074,-34.55144552975934,-28.01035315106771,-6.54109237869163
advection_diffusion,TMTM,first_frame_affine,18,3,99.11029411764706,67.19310114791733,-31.917192969729726,-25.389479486161463,-6.527713483568263
advection_diffusion,TMTM,first_frame_affine,19,0,32.8489263803681,56.57765411786557,23.728727737497472,30.87708784639124,-7.148360108893769
advection_diffusion,TMTM,first_frame_affine,19,1,46.21573724007561,61.38145002321287,15.16571278313726,22.522744790837912,-7.357032007700653
advection_diffusion,TMTM,first_frame_affine,19,2,85.75323705179282,50.747164577846,-35.00607247394682,-28.01035315106771,-6.995719322879111
advection_diffusion,TMTM,first_frame_affine,19,3,99.4298245614035,67.21193956323242,-32.21788499817109,-25.389479486161463,-6.828405512009624
advection_diffusion,TMTM,first_frame_affine,20,0,33.29183778234086,56.615330948495746,23.323493166154883,30.87708784639124,-7.553594680236358
advection_diffusion,TMTM,first_frame_affine,20,1,46.77820267686425,61.38145002321287,14.603247346348624,22.522744790837912,-7.919497444489288
advection_diffusion,TMTM,first_frame_affine,20,2,86.08907185628742,50.80367982379126,-35.285392032496155,-28.01035315106771,-7.2750388814284435
advection_diffusion,TMTM,first_frame_affine,20,3,99.73091976516633,67.22135877088996,-32.50956099427637,-25.389479486161463,-7.120081508114907
advection_diffusion,ST-MTM,native,0,0,25.31437875751503,11.252123493541376,-14.062255263973654,-14.062255263973654,0.0
advection_diffusion,ST-MTM,native,0,1,38.74567474048443,42.84942410813602,4.103749367651588,4.103749367651588,0.0
advection_diffusion,ST-MTM,native,0,2,78.19236526946108,100.11947958910264,21.92711431964156,21.92711431964156,0.0
advection_diffusion,ST-MTM,native,0,3,92.71444954128441,80.74584111796494,-11.968608423319466,-11.968608423319466,0.0
advection_diffusion,ST-MTM,native,1,0,25.825400801603205,11.340493233319975,-14.48490756828323,-14.062255263973654,-0.422652304309576
advection_diffusion,ST-MTM,native,1,1,39.14226398601399,42.88786215257929,3.7455981665653013,4.103749367651588,-0.3581512010862866
advection_diffusion,ST-MTM,native,1,2,78.52079158316633,100.02866553096803,21.5078739478017,21.92711431964156,-0.4192403718398623
advection_diffusion,ST-MTM,native,1,3,93.01510989010988,80.70984739187767,-12.30526249823221,-11.968608423319466,-0.3366540749127438
advection_diffusion,ST-MTM,native,2,0,26.118222891566266,11.335125924245034,-14.783096967321232,-14.062255263973654,-0.7208417033475776
advection_diffusion,ST-MTM,native,2,1,39.50797872340426,42.88694463246176,3.3789659090575057,4.103749367651588,-0.7247834585940822
advection_diffusion,ST-MTM,native,2,2,79.00398406374502,100.05588450059179,21.051900436846765,21.92711431964156,-0.875213882794796
advection_diffusion,ST-MTM,native,2,3,93.28899082568807,80.68891325144637,-12.600077574241709,-11.968608423319466,-0.6314691509222428
advection_diffusion,ST-MTM,native,3,0,26.517319277108435,11.38603632161798,-15.131282955490455,-14.062255263973654,-1.0690276915168013
advection_diffusion,ST-MTM,native,3,1,39.9239417989418,42.85852615015712,2.934584351215321,4.103749367651588,-1.169165016436267
advection_diffusion,ST-MTM,native,3,2,79.13318452380952,100.01251956405503,20.879335040245508,21.92711431964156,-1.0477792793960532
advection_diffusion,ST-MTM,native,3,3,93.8961038961039,80.70978627291483,-13.186317623189069,-11.968608423319466,-1.2177091998696028
advection_diffusion,ST-MTM,native,4,0,26.911989795918366,11.369136647359824,-15.542853148558542,-14.062255263973654,-1.4805978845848884
advection_diffusion,ST-MTM,native,4,1,40.300760286225405,42.79035068219228,2.4895903959668786,4.103749367651588,-1.6141589716847093
advection_diffusion,ST-MTM,native,4,2,79.64320866141732,100.04730454132489,20.404095879907572,21.92711431964156,-1.5230184397339883
advection_diffusion,ST-MTM,native,4,3,94.41914498141264,80.76007643786795,-13.659068543544691,-11.968608423319466,-1.6904601202252252
advection_diffusion,ST-MTM,native,5,0,27.3605476673428,11.403697866540142,-15.956849800802658,-14.062255263973654,-1.894594536829004
advection_diffusion,ST-MTM,native,5,1,40.71524064171123,42.84514223602142,2.1299015943101836,4.103749367651588,-1.9738477733414044
advection_diffusion,ST-MTM,native,5,2,80.08823529411765,99.96662221721374,19.878386923096087,21.92711431964156,-2.0487273965454733
advection_diffusion,ST-MTM,native,5,3,94.6753696857671,80.75140598896965,-13.923963696797443,-11.968608423319466,-1.955355273477977
advection_diffusion,ST-MTM,native,6,0,27.79031440162272,11.461044256857903,-16.329270144764816,-14.062255263973654,-2.2670148807911623
advection_diffusion,ST-MTM,native,6,1,41.19914104882459,42.86134482776825,1.6622037789436561,4.103749367651588,-2.441545588707932
advection_diffusion,ST-MTM,native,6,2,80.61008946322067,100.02366720725993,19.41357774403926,21.92711431964156,-2.513536575602302
advection_diffusion,ST-MTM,native,6,3,94.88122693726937,80.62081201685888,-14.260414920410497,-11.968608423319466,-2.291806497091031
advection_diffusion,ST-MTM,native,7,0,28.136386639676115,11.49116712696646,-16.645219512709655,-14.062255263973654,-2.582964248736001
advection_diffusion,ST-MTM,native,7,1,41.535618279569896,42.861738450959166,1.3261201713892703,4.103749367651588,-2.7776291962623176
advection_diffusion,ST-MTM,native,7,2,80.7927435387674,99.9601052863392,19.167361747571803,21.92711431964156,-2.7597525720697575
advection_diffusion,ST-MTM,native,7,3,95.35466728280961,80.65385744448012,-14.70080983832949,-11.968608423319466,-2.7322014150100244
advection_diffusion,ST-MTM,native,8,0,28.443181818181817,11.39861972722619,-17.044562090955626,-14.062255263973654,-2.982306826981972
advection_diffusion,ST-MTM,native,8,1,41.99659090909091,42.896346468234654,0.8997555591437418,4.103749367651588,-3.203993808507846
advection_diffusion,ST-MTM,native,8,2,81.28898390342053,99.97190829236622,18.682924388945693,21.92711431964156,-3.2441899306958675
advection_diffusion,ST-MTM,native,8,3,95.78819444444444,80.69999382091788,-15.08820062352656,-11.968608423319466,-3.1195922002070944
advection_diffusion,ST-MTM,native,9,0,28.742424242424242,11.305452599013108,-17.436971643411134,-14.062255263973654,-3.37471637943748
advection_diffusion,ST-MTM,native,9,1,42.2625,42.856323262329994,0.593823262329991,4.103749367651588,-3.509926105321597
advection_diffusion,ST-MTM,native,9,2,81.59443887775551,100.01152381796868,18.417084940213172,21.92711431964156,-3.5100293794283886
advection_diffusion,ST-MTM,native,9,3,96.30521616541354,80.79356862943317,-15.511647535980373,-11.968608423319466,-3.5430391126609067
advection_diffusion,ST-MTM,native,10,0,29.52,11.423109927131676,-18.096890072868323,-14.062255263973654,-4.034634808894669
advection_diffusion,ST-MTM,native,10,1,42.53970054446461,42.79303169939615,0.25333115493154423,4.103749367651588,-3.8504182127200437
advection_diffusion,ST-MTM,native,10,2,82.16800804828974,99.95367143249507,17.785663384205336,21.92711431964156,-4.141450935436225
advection_diffusion,ST-MTM,native,10,3,96.66744402985074,80.79705524972204,-15.870388780128707,-11.968608423319466,-3.9017803568092404
advection_diffusion,ST-MTM,native,11,0,29.80421686746988,11.416381529083353,-18.387835338386527,-14.062255263973654,-4.325580074412873
advection_diffusion,ST-MTM,native,11,1,43.108228980322004,42.86478927533298,-0.24343970498902223,4.103749367651588,-4.34718907264061
advection_diffusion,ST-MTM,native,11,2,82.51125,99.98970470267729,17.478454702677283,21.92711431964156,-4.448659616964278
advection_diffusion,ST-MTM,native,11,3,96.94689239332097,80.69599280165133,-16.250899591669636,-11.968608423319466,-4.28229116835017
advection_diffusion,ST-MTM,native,12,0,30.127755511022045,11.391137098226622,-18.736618412795423,-14.062255263973654,-4.674363148821769
advection_diffusion,ST-MTM,native,12,1,43.595454545454544,42.962964415468434,-0.6324901299861097,4.103749367651588,-4.736239497637698
advection_diffusion,ST-MTM,native,12,2,82.8675,99.9699136357573,17.102413635757287,21.92711431964156,-4.824700683884274
advection_diffusion,ST-MTM,native,12,3,97.21368715083798,80.6428531592926,-16.570833991545385,-11.968608423319466,-4.6022255682259186
advection_diffusion,ST-MTM,native,13,0,30.432981927710845,11.372933728525084,-19.06004819918576,-14.062255263973654,-4.997792935212107
advection_diffusion,ST-MTM,native,13,1,43.888001824817515,42.945874820069776,-0.9421270047477392,4.103749367651588,-5.045876372399327
advection_diffusion,ST-MTM,native,13,2,83.1980198019802,99.97026691458835,16.772247112608156,21.92711431964156,-5.154867207033405
advection_diffusion,ST-MTM,native,13,3,97.61385199240986,80.67779284556175,-16.93605914684811,-11.968608423319466,-4.967450723528643
advection_diffusion,ST-MTM,native,14,0,30.946969696969695,11.467701100114454,-19.479268596855242,-14.062255263973654,-5.417013332881588
advection_diffusion,ST-MTM,native,14,1,44.18807339449541,42.88507137542089,-1.303002019074519,4.103749367651588,-5.406751386726107
advection_diffusion,ST-MTM,native,14,2,83.6621287128713,99.94730416853747,16.285175455666177,21.92711431964156,-5.641938863975383
advection_diffusion,ST-MTM,native,14,3,97.95530592734225,80.66679166467213,-17.28851426267012,-11.968608423319466,-5.319905839350653
advection_diffusion,ST-MTM,native,15,0,31.400556680161944,11.471658316254562,-19.928898363907383,-14.062255263973654,-5.866643099933729
advection_diffusion,ST-MTM,native,15,1,44.58526951672862,42.91982703092201,-1.665442485806615,4.103749367651588,-5.769191853458203
advection_diffusion,ST-MTM,native,15,2,84.05815109343936,99.98041466219738,15.922263568758012,21.92711431964156,-6.0048507508835485
advection_diffusion,ST-MTM,native,15,3,98.19825141776937,80.594968299371,-17.603283118398366,-11.968608423319466,-5.6346746950789
advection_diffusion,ST-MTM,native,16,0,31.710459183673468,11.465351932360377,-20.24510725131309,-14.062255263973654,-6.182851987339436
advection_diffusion,ST-MTM,native,16,1,45.11214953271028,43.00925088884928,-2.1028986438610033,4.103749367651588,-6.206648011512591
advection_diffusion,ST-MTM,native,16,2,84.47172619047619,99.9299131723465,15.458186981870313,21.92711431964156,-6.468927337771248
advection_diffusion,ST-MTM,native,16,3,98.50190839694656,80.56235231518878,-17.939556081757786,-11.968608423319466,-5.97094765843832
advection_diffusion,ST-MTM,native,17,0,32.16082317073171,11.597325755394195,-20.563497415337515,-14.062255263973654,-6.501242151363861
advection_diffusion,ST-MTM,native,17,1,45.474906191369605,43.017243896068734,-2.457662295300871,4.103749367651588,-6.561411662952459
advection_diffusion,ST-MTM,native,17,2,84.79743083003953,99.89878759402595,15.101356763986416,21.92711431964156,-6.825757555655144
advection_diffusion,ST-MTM,native,17,3,98.69350961538461,80.45351106325606,-18.239998552128554,-11.968608423319466,-6.271390128809088
advection_diffusion,ST-MTM,native,18,0,32.537448347107436,11.624945227715898,-20.912503119391538,-14.062255263973654,-6.850247855417884
advection_diffusion,ST-MTM,native,18,1,45.86292613636363,42.98505568169608,-2.8778704546675513,4.103749367651588,-6.981619822319139
advection_diffusion,ST-MTM,native,18,2,85.24209486166008,99.91265776050633,14.670562898846256,21.92711431964156,-7.256551420795304
advection_diffusion,ST-MTM,native,18,3,99.11029411764706,80.44420963882664,-18.666084478820423,-11.968608423319466,-6.697476055500957
advection_diffusion,ST-MTM,native,19,0,32.8489263803681,11.572504025871808,-21.27642235449629,-14.062255263973654,-7.214167090522636
advection_diffusion,ST-MTM,native,19,1,46.21573724007561,42.96159038379547,-3.254146856280144,4.103749367651588,-7.357896223931732
advection_diffusion,ST-MTM,native,19,2,85.75323705179282,99.99526919310779,14.242032141314965,21.92711431964156,-7.685082178326596
advection_diffusion,ST-MTM,native,19,3,99.4298245614035,80.4375047059699,-18.992319855433607,-11.968608423319466,-7.0237114321141405
advection_diffusion,ST-MTM,native,20,0,33.29183778234086,11.626284713500155,-21.66555306884071,-14.062255263973654,-7.603297804867054
advection_diffusion,ST-MTM,native,20,1,46.77820267686425,43.05976061190201,-3.7184420649622396,4.103749367651588,-7.8221914326138275
advection_diffusion,ST-MTM,native,20,2,86.08907185628742,99.91329072089725,13.824218864609833,21.92711431964156,-8.102895455031728
advection_diffusion,ST-MTM,native,20,3,99.73091976516633,80.36753226244555,-19.363387502720784,-11.968608423319466,-7.394779079401317
advection_diffusion,ST-MTM,first_frame_affine,0,0,25.31437875751503,23.83621244553997,-1.478166311975059,-1.478166311975059,0.0
advection_diffusion,ST-MTM,first_frame_affine,0,1,38.74567474048443,47.060663103506684,8.314988363022252,8.314988363022252,0.0
advection_diffusion,ST-MTM,first_frame_affine,0,2,78.19236526946108,89.1549417863627,10.96257651690162,10.96257651690162,0.0
advection_diffusion,ST-MTM,first_frame_affine,0,3,92.71444954128441,74.91505097333557,-17.799398567948842,-17.799398567948842,0.0
advection_diffusion,ST-MTM,first_frame_affine,1,0,25.825400801603205,23.901165420041778,-1.9242353815614273,-1.478166311975059,-0.44606906958636827
advection_diffusion,ST-MTM,first_frame_affine,1,1,39.14226398601399,47.08891559499163,7.946651608977646,8.314988363022252,-0.36833675404460564
advection_diffusion,ST-MTM,first_frame_affine,1,2,78.52079158316633,89.08819220424105,10.567400621074725,10.96257651690162,-0.3951758958268954
advection_diffusion,ST-MTM,first_frame_affine,1,3,93.01510989010988,74.88859508947048,-18.1265148006394,-17.799398567948842,-0.3271162326905568
advection_diffusion,ST-MTM,first_frame_affine,2,0,26.118222891566266,23.897220374029857,-2.2210025175364088,-1.478166311975059,-0.7428362055613498
advection_diffusion,ST-MTM,first_frame_affine,2,1,39.50797872340426,47.0882412050823,7.580262481678041,8.314988363022252,-0.734725881344211
advection_diffusion,ST-MTM,first_frame_affine,2,2,79.00398406374502,89.10819852138495,10.104214457639927,10.96257651690162,-0.8583620592616938
advection_diffusion,ST-MTM,first_frame_affine,2,3,93.28899082568807,74.87320820824782,-18.415782617440257,-17.799398567948842,-0.6163840494914155
advection_diffusion,ST-MTM,first_frame_affine,3,0,26.517319277108435,23.934640216509038,-2.5826790605993963,-1.478166311975059,-1.1045127486243373
advection_diffusion,ST-MTM,first_frame_affine,3,1,39.9239417989418,47.067353229615364,7.1434114306735665,8.314988363022252,-1.1715769323486853
advection_diffusion,ST-MTM,first_frame_affine,3,2,79.13318452380952,89.07632469642859,9.943140172619067,10.96257651690162,-1.0194363442825534
advection_diffusion,ST-MTM,first_frame_affine,3,3,93.8961038961039,74.88855016619193,-19.00755372991196,-17.799398567948842,-1.20815516196312
advection_diffusion,ST-MTM,first_frame_affine,4,0,26.911989795918366,23.922218723428614,-2.989771072489752,-1.478166311975059,-1.5116047605146932
advection_diffusion,ST-MTM,first_frame_affine,4,1,40.300760286225405,47.01724332272346,6.716483036498055,8.314988363022252,-1.5985053265241973
advection_diffusion,ST-MTM,first_frame_affine,4,2,79.64320866141732,89.10189213328327,9.458683471865953,10.96257651690162,-1.5038930450356673
advection_diffusion,ST-MTM,first_frame_affine,4,3,94.41914498141264,74.92551412930958,-19.493630852103067,-17.799398567948842,-1.694232284154225
advection_diffusion,ST-MTM,first_frame_affine,5,0,27.3605476673428,23.94762169500909,-3.41292597233371,-1.478166311975059,-1.934759660358651
advection_diffusion,ST-MTM,first_frame_affine,5,1,40.71524064171123,47.05751586859374,6.3422752268825064,8.314988363022252,-1.9727131361397454
advection_diffusion,ST-MTM,first_frame_affine,5,2,80.08823529411765,89.04258951505822,8.954354220940573,10.96257651690162,-2.0082222959610476
advection_diffusion,ST-MTM,first_frame_affine,5,3,94.6753696857671,74.91914123008387,-19.756228455683228,-17.799398567948842,-1.9568298877343864
advection_diffusion,ST-MTM,first_frame_affine,6,0,27.79031440162272,23.98977208084719,-3.8005423207755307,-1.478166311975059,-2.3223760088004717
advection_diffusion,ST-MTM,first_frame_affine,6,1,41.19914104882459,47.06942499643809,5.870283947613494,8.314988363022252,-2.444704415408758
advection_diffusion,ST-MTM,first_frame_affine,6,2,80.61008946322067,89.08451836755016,8.474428904329486,10.96257651690162,-2.488147612572135
advection_diffusion,ST-MTM,first_frame_affine,6,3,94.88122693726937,74.82315286390953,-20.058074073359847,-17.799398567948842,-2.2586755054110057
advection_diffusion,ST-MTM,first_frame_affine,7,0,28.136386639676115,24.011912804798442,-4.124473834877673,-1.478166311975059,-2.646307522902614
advection_diffusion,ST-MTM,first_frame_affine,7,1,41.535618279569896,47.06971431489875,5.534096035328851,8.314988363022252,-2.780892327693401
advection_diffusion,ST-MTM,first_frame_affine,7,2,80.7927435387674,89.03779948120744,8.245055942440047,10.96257651690162,-2.717520574461574
advection_diffusion,ST-MTM,first_frame_affine,7,3,95.35466728280961,74.84744170784028,-20.50722557496934,-17.799398567948842,-2.707827007020498
advection_diffusion,ST-MTM,first_frame_affine,8,0,28.443181818181817,23.943889192749808,-4.499292625432009,-1.478166311975059,-3.02112631345695
advection_diffusion,ST-MTM,first_frame_affine,8,1,41.99659090909091,47.09515168372302,5.098560774632105,8.314988363022252,-3.2164275883901468
advection_diffusion,ST-MTM,first_frame_affine,8,2,81.28898390342053,89.04647485301955,7.757490949599017,10.96257651690162,-3.2050855673026035
advection_diffusion,ST-MTM,first_frame_affine,8,3,95.78819444444444,74.88135257925255,-20.906841865191893,-17.799398567948842,-3.1074432972430515
advection_diffusion,ST-MTM,first_frame_affine,9,0,28.742424242424242,23.875410071747638,-4.867014170676605,-1.478166311975059,-3.3888478587015456
advection_diffusion,ST-MTM,first_frame_affine,9,1,42.2625,47.06573407675576,4.803234076755757,8.314988363022252,-3.5117542862664948
advection_diffusion,ST-MTM,first_frame_affine,9,2,81.59443887775551,89.07559280935594,7.481153931600431,10.96257651690162,-3.481422585301189
advection_diffusion,ST-MTM,first_frame_affine,9,3,96.30521616541354,74.9501313508856,-21.35508481452794,-17.799398567948842,-3.5556862465791
advection_diffusion,ST-MTM,first_frame_affine,10,0,29.52,23.96188982660921,-5.558110173390791,-1.478166311975059,-4.079943861415732
advection_diffusion,ST-MTM,first_frame_affine,10,1,42.53970054446461,47.01921390725293,4.479513362788325,8.314988363022252,-3.8354750002339273
advection_diffusion,ST-MTM,first_frame_affine,10,2,82.16800804828974,89.03307051011699,6.86506246182725,10.96257651690162,-4.09751405507437
advection_diffusion,ST-MTM,first_frame_affine,10,3,96.66744402985074,74.9526940647658,-21.71474996508495,-17.799398567948842,-3.9153513971361065
advection_diffusion,ST-MTM,first_frame_affine,11,0,29.80421686746988,23.956944361476403,-5.847272505993477,-1.478166311975059,-4.369106194018418
advection_diffusion,ST-MTM,first_frame_affine,11,1,43.108228980322004,47.071956712785834,3.9637277324638305,8.314988363022252,-4.351260630558421
advection_diffusion,ST-MTM,first_frame_affine,11,2,82.51125,89.05955545943588,6.5483054594358805,10.96257651690162,-4.41427105746574
advection_diffusion,ST-MTM,first_frame_affine,11,3,96.94689239332097,74.87841177504679,-22.06848061827418,-17.799398567948842,-4.269082050325338
advection_diffusion,ST-MTM,first_frame_affine,12,0,30.127755511022045,23.93838935749136,-6.189366153530685,-1.478166311975059,-4.711199841555626
advection_diffusion,ST-MTM,first_frame_affine,12,1,43.595454545454544,47.144116791449704,3.5486622459951604,8.314988363022252,-4.766326117027091
advection_diffusion,ST-MTM,first_frame_affine,12,2,82.8675,89.04500875297008,6.17750875297007,10.96257651690162,-4.785067763931551
advection_diffusion,ST-MTM,first_frame_affine,12,3,97.21368715083798,74.83935340683378,-22.374333744004204,-17.799398567948842,-4.574935176055362
advection_diffusion,ST-MTM,first_frame_affine,13,0,30.432981927710845,23.925009630324197,-6.507972297386647,-1.478166311975059,-5.029805985411588
advection_diffusion,ST-MTM,first_frame_affine,13,1,43.888001824817515,47.13155570371812,3.243553878900606,8.314988363022252,-5.071434484121646
advection_diffusion,ST-MTM,first_frame_affine,13,2,83.1980198019802,89.04526841777123,5.847248615791031,10.96257651690162,-5.115327901110589
advection_diffusion,ST-MTM,first_frame_affine,13,3,97.61385199240986,74.86503455693139,-22.748817435478472,-17.799398567948842,-4.94941886752963
advection_diffusion,ST-MTM,first_frame_affine,14,0,30.946969696969695,23.994664952223616,-6.95230474474608,-1.478166311975059,-5.474138432771021
advection_diffusion,ST-MTM,first_frame_affine,14,1,44.18807339449541,47.08686433538554,2.8987909408901302,8.314988363022252,-5.416197422132122
advection_diffusion,ST-MTM,first_frame_affine,14,2,83.6621287128713,89.0283904835092,5.366261770637905,10.96257651690162,-5.596314746263715
advection_diffusion,ST-MTM,first_frame_affine,14,3,97.95530592734225,74.85694853762655,-23.0983573897157,-17.799398567948842,-5.29895882176686
advection_diffusion,ST-MTM,first_frame_affine,15,0,31.400556680161944,23.997573560528792,-7.402983119633152,-1.478166311975059,-5.924816807658093
advection_diffusion,ST-MTM,first_frame_affine,15,1,44.58526951672862,47.1124102203368,2.5271407036081754,8.314988363022252,-5.787847659414076
advection_diffusion,ST-MTM,first_frame_affine,15,2,84.05815109343936,89.05272715187355,4.994576058434191,10.96257651690162,-5.968000458467429
advection_diffusion,ST-MTM,first_frame_affine,15,3,98.19825141776937,74.80415737600579,-23.39409404176358,-17.799398567948842,-5.594695473814738
advection_diffusion,ST-MTM,first_frame_affine,16,0,31.710459183673468,23.99293828160522,-7.717520902068248,-1.478166311975059,-6.239354590093189
advection_diffusion,ST-MTM,first_frame_affine,16,1,45.11214953271028,47.17813798618012,2.065988453469835,8.314988363022252,-6.248999909552417
advection_diffusion,ST-MTM,first_frame_affine,16,2,84.47172619047619,89.01560786204872,4.543881671572535,10.96257651690162,-6.418694845329085
advection_diffusion,ST-MTM,first_frame_affine,16,3,98.50190839694656,74.78018417891086,-23.721724218035703,-17.799398567948842,-5.9223256500868615
advection_diffusion,ST-MTM,first_frame_affine,17,0,32.16082317073171,24.08994085719158,-8.070882313540132,-1.478166311975059,-6.592716001565073
advection_diffusion,ST-MTM,first_frame_affine,17,1,45.474906191369605,47.184012956451824,1.7091067650822183,8.314988363022252,-6.605881597940034
advection_diffusion,ST-MTM,first_frame_affine,17,2,84.79743083003953,88.9927301337667,4.195299303727168,10.96257651690162,-6.767277213174452
advection_diffusion,ST-MTM,first_frame_affine,17,3,98.69350961538461,74.70018436133482,-23.993325254049793,-17.799398567948842,-6.193926686100951
advection_diffusion,ST-MTM,first_frame_affine,18,0,32.537448347107436,24.110241549328492,-8.427206797778943,-1.478166311975059,-6.949040485803884
advection_diffusion,ST-MTM,first_frame_affine,18,1,45.86292613636363,47.16035417605208,1.297428039688448,8.314988363022252,-7.017560323333804
advection_diffusion,ST-MTM,first_frame_affine,18,2,85.24209486166008,89.0029248969514,3.7608300352913204,10.96257651690162,-7.2017464816103
advection_diffusion,ST-MTM,first_frame_affine,18,3,99.11029411764706,74.69334768641296,-24.416946431234095,-17.799398567948842,-6.617547863285253
advection_diffusion,ST-MTM,first_frame_affine,19,0,32.8489263803681,24.07169654450267,-8.777229835865427,-1.478166311975059,-7.299063523890368
advection_diffusion,ST-MTM,first_frame_affine,19,1,46.21573724007561,47.14310685926655,0.9273696191909409,8.314988363022252,-7.387618743831311
advection_diffusion,ST-MTM,first_frame_affine,19,2,85.75323705179282,89.0636454364569,3.310408384664072,10.96257651690162,-7.6521681322375485
advection_diffusion,ST-MTM,first_frame_affine,19,3,99.4298245614035,74.6884194685188,-24.741405092884705,-17.799398567948842,-6.942006524935863
advection_diffusion,ST-MTM,first_frame_affine,20,0,33.29183778234086,24.11122608980817,-9.180611692532693,-1.478166311975059,-7.702445380557634
advection_diffusion,ST-MTM,first_frame_affine,20,1,46.77820267686425,47.21526332752158,0.4370606506573367,8.314988363022252,-7.877927712364915
advection_diffusion,ST-MTM,first_frame_affine,20,2,86.08907185628742,89.00339013154677,2.9143182752593475,10.96257651690162,-8.048258241642273
advection_diffusion,ST-MTM,first_frame_affine,20,3,99.73091976516633,74.6369887598684,-25.093931005297932,-17.799398567948842,-7.2945324373490905
advection_diffusion,RA-MTM,native,0,0,25.31437875751503,19.42292906162685,-5.891449695888181,-5.891449695888181,0.0
advection_diffusion,RA-MTM,native,0,1,38.74567474048443,40.15787190413188,1.4121971636474484,1.4121971636474484,0.0
advection_diffusion,RA-MTM,native,0,2,78.19236526946108,92.21942303037274,14.02705776091166,14.02705776091166,0.0
advection_diffusion,RA-MTM,native,0,3,92.71444954128441,80.68739178037274,-12.027057760911674,-12.027057760911674,0.0
advection_diffusion,RA-MTM,native,1,0,25.825400801603205,19.92412226279803,-5.901278538805176,-5.891449695888181,-0.009828842916995484
advection_diffusion,RA-MTM,native,1,1,39.14226398601399,40.56584365321519,1.4235796672012029,1.4121971636474484,0.011382503553754475
advection_diffusion,RA-MTM,native,1,2,78.52079158316633,92.52869292413811,14.007901340971785,14.02705776091166,-0.01915641993987549
advection_diffusion,RA-MTM,native,1,3,93.01510989010988,81.00720854913811,-12.00790134097177,-12.027057760911674,0.019156419939903913
advection_diffusion,RA-MTM,native,2,0,26.118222891566266,20.23542296781405,-5.882799923752216,-5.891449695888181,0.008649772135964184
advection_diffusion,RA-MTM,native,2,1,39.50797872340426,40.92525415623952,1.417275432835261,1.4121971636474484,0.005078269187812623
advection_diffusion,RA-MTM,native,2,2,79.00398406374502,92.91777650721654,13.913792443471522,14.02705776091166,-0.11326531744013835
advection_diffusion,RA-MTM,native,2,3,93.28899082568807,81.37519838221654,-11.913792443471536,-12.027057760911674,0.11326531744013835
advection_diffusion,RA-MTM,native,3,0,26.517319277108435,20.652109112796992,-5.865210164311442,-5.891449695888181,0.02623953157673853
advection_diffusion,RA-MTM,native,3,1,39.9239417989418,41.318598146028485,1.3946563470866877,1.4121971636474484,-0.017540816560760675
advection_diffusion,RA-MTM,native,3,2,79.13318452380952,93.26483952245671,14.131654998647193,14.02705776091166,0.10459723773553264
advection_diffusion,RA-MTM,native,3,3,93.8961038961039,81.76444889745672,-12.131654998647178,-12.027057760911674,-0.10459723773550422
advection_diffusion,RA-MTM,native,4,0,26.911989795918366,21.06301317565082,-5.848976620267546,-5.891449695888181,0.042473075620634404
advection_diffusion,RA-MTM,native,4,1,40.300760286225405,41.693507467613934,1.392747181388529,1.4121971636474484,-0.019449982258919363
advection_diffusion,RA-MTM,native,4,2,79.64320866141732,93.79719244641498,14.153983784997664,14.02705776091166,0.1269260240860035
advection_diffusion,RA-MTM,native,4,3,94.41914498141264,82.26516119641498,-12.153983784997664,-12.027057760911674,-0.1269260240859893
advection_diffusion,RA-MTM,native,5,0,27.3605476673428,21.507158327557427,-5.853389339785373,-5.891449695888181,0.03806035610280745
advection_diffusion,RA-MTM,native,5,1,40.71524064171123,42.127459730227784,1.4122190885165509,1.4121971636474484,2.1924869102463163e-05
advection_diffusion,RA-MTM,native,5,2,80.08823529411765,94.17418530244237,14.085950008324716,14.02705776091166,0.05889224741305554
advection_diffusion,RA-MTM,native,5,3,94.6753696857671,82.58941967744236,-12.08595000832473,-12.027057760911674,-0.05889224741305554
advection_diffusion,RA-MTM,native,6,0,27.79031440162272,21.952279765163823,-5.838034636458897,-5.891449695888181,0.05341505942928393
advection_diffusion,RA-MTM,native,6,1,41.19914104882459,42.5875115194572,1.3883704706326085,1.4121971636474484,-0.02382669301483986
advection_diffusion,RA-MTM,native,6,2,80.61008946322067,94.50640038774503,13.896310924524357,14.02705776091166,-0.13074683638730278
advection_diffusion,RA-MTM,native,6,3,94.88122693726937,82.98491601274503,-11.896310924524343,-12.027057760911674,0.1307468363873312
advection_diffusion,RA-MTM,native,7,0,28.136386639676115,22.30455467602209,-5.831831963654025,-5.891449695888181,0.05961773223415534
advection_diffusion,RA-MTM,native,7,1,41.535618279569896,42.922502629289426,1.38688434971953,1.4121971636474484,-0.0253128139279184
advection_diffusion,RA-MTM,native,7,2,80.7927435387674,94.82917416078851,14.036430622021115,14.02705776091166,0.009372861109454789
advection_diffusion,RA-MTM,native,7,3,95.35466728280961,83.31823666078851,-12.0364306220211,-12.027057760911674,-0.009372861109426367
advection_diffusion,RA-MTM,native,8,0,28.443181818181817,22.617996894902042,-5.8251849232797746,-5.891449695888181,0.06626477260840602
advection_diffusion,RA-MTM,native,8,1,41.99659090909091,43.38271967243646,1.3861287633455461,1.4121971636474484,-0.026068400301902273
advection_diffusion,RA-MTM,native,8,2,81.28898390342053,95.25714386143248,13.968159958011952,14.02705776091166,-0.058897802899707585
advection_diffusion,RA-MTM,native,8,3,95.78819444444444,83.82003448643248,-11.968159958011967,-12.027057760911674,0.058897802899707585
advection_diffusion,RA-MTM,native,9,0,28.742424242424242,22.90016335579257,-5.842260886631671,-5.891449695888181,0.04918880925650981
advection_diffusion,RA-MTM,native,9,1,42.2625,43.65984566594433,1.3973456659443286,1.4121971636474484,-0.014851497703119776
advection_diffusion,RA-MTM,native,9,2,81.59443887775551,95.63674158408452,14.04230270632901,14.02705776091166,0.015244945417350664
advection_diffusion,RA-MTM,native,9,3,96.30521616541354,84.26291345908452,-12.042302706329025,-12.027057760911674,-0.015244945417350664
advection_diffusion,RA-MTM,native,10,0,29.52,23.623146126437028,-5.896853873562971,-5.891449695888181,-0.005404177674790844
advection_diffusion,RA-MTM,native,10,1,42.53970054446461,43.99950627769604,1.459805733231434,1.4121971636474484,0.04760856958398563
advection_diffusion,RA-MTM,native,10,2,82.16800804828974,96.11518697657023,13.947178928280493,14.02705776091166,-0.07987883263116657
advection_diffusion,RA-MTM,native,10,3,96.66744402985074,84.72026510157022,-11.947178928280522,-12.027057760911674,0.07987883263115236
advection_diffusion,RA-MTM,native,11,0,29.80421686746988,23.925451100835502,-5.878765766634377,-5.891449695888181,0.012683929253803683
advection_diffusion,RA-MTM,native,11,1,43.108228980322004,44.52837417667182,1.4201451963498144,1.4121971636474484,0.007948032702365992
advection_diffusion,RA-MTM,native,11,2,82.51125,96.45817275916049,13.946922759160486,14.02705776091166,-0.08013500175117372
advection_diffusion,RA-MTM,native,11,3,96.94689239332097,84.9999696341605,-11.946922759160472,-12.027057760911674,0.08013500175120214
advection_diffusion,RA-MTM,native,12,0,30.127755511022045,24.254142174628043,-5.873613336394001,-5.891449695888181,0.017836359494179277
advection_diffusion,RA-MTM,native,12,1,43.595454545454544,44.99948622159507,1.4040316761405265,1.4121971636474484,-0.00816548750692192
advection_diffusion,RA-MTM,native,12,2,82.8675,96.759148262919,13.891648262918991,14.02705776091166,-0.13540949799266855
advection_diffusion,RA-MTM,native,12,3,97.21368715083798,85.32203888791899,-11.891648262918991,-12.027057760911674,0.13540949799268276
advection_diffusion,RA-MTM,native,13,0,30.432981927710845,24.564283392432465,-5.86869853527838,-5.891449695888181,0.022751160609800536
advection_diffusion,RA-MTM,native,13,1,43.888001824817515,45.29424016029839,1.4062383354808787,1.4121971636474484,-0.005958828166569674
advection_diffusion,RA-MTM,native,13,2,83.1980198019802,97.09812339719504,13.900103595214844,14.02705776091166,-0.12695416569681583
advection_diffusion,RA-MTM,native,13,3,97.61385199240986,85.71374839719503,-11.90010359521483,-12.027057760911674,0.12695416569684426
advection_diffusion,RA-MTM,native,14,0,30.946969696969695,25.079726516683476,-5.86724318028622,-5.891449695888181,0.024206515601960632
advection_diffusion,RA-MTM,native,14,1,44.18807339449541,45.6110072558444,1.4229338613489873,1.4121971636474484,0.010736697701538844
advection_diffusion,RA-MTM,native,14,2,83.6621287128713,97.47981107010678,13.817682357235483,14.02705776091166,-0.20937540367617657
advection_diffusion,RA-MTM,native,14,3,97.95530592734225,86.13762357010677,-11.817682357235483,-12.027057760911674,0.20937540367619079
advection_diffusion,RA-MTM,native,15,0,31.400556680161944,25.49884246072448,-5.901714219437466,-5.891449695888181,-0.010264523549285087
advection_diffusion,RA-MTM,native,15,1,44.58526951672862,46.013780661831774,1.4285111451031511,1.4121971636474484,0.01631398145570273
advection_diffusion,RA-MTM,native,15,2,84.05815109343936,97.82038875560437,13.762237662165006,14.02705776091166,-0.2648200987466538
advection_diffusion,RA-MTM,native,15,3,98.19825141776937,86.43601375560436,-11.762237662165006,-12.027057760911674,0.264820098746668
advection_diffusion,RA-MTM,native,16,0,31.710459183673468,25.83600040687625,-5.874458776797219,-5.891449695888181,0.0169909190909614
advection_diffusion,RA-MTM,native,16,1,45.11214953271028,46.524137900973095,1.4119883682628114,1.4121971636474484,-0.0002087953846370283
advection_diffusion,RA-MTM,native,16,2,84.47172619047619,98.15791104371137,13.686184853235176,14.02705776091166,-0.34087290767648426
advection_diffusion,RA-MTM,native,16,3,98.50190839694656,86.81572354371137,-11.68618485323519,-12.027057760911674,0.34087290767648426
advection_diffusion,RA-MTM,native,17,0,32.16082317073171,26.29924971615982,-5.861573454571889,-5.891449695888181,0.029876241316291186
advection_diffusion,RA-MTM,native,17,1,45.474906191369605,46.874547502542605,1.3996413111729993,1.4121971636474484,-0.012555852474449125
advection_diffusion,RA-MTM,native,17,2,84.79743083003953,98.40601709771207,13.608586267672536,14.02705776091166,-0.41847149323912447
advection_diffusion,RA-MTM,native,17,3,98.69350961538461,87.08492334771206,-11.60858626767255,-12.027057760911674,0.41847149323912447
advection_diffusion,RA-MTM,native,18,0,32.537448347107436,26.6962151785179,-5.841233168589536,-5.891449695888181,0.050216527298644564
advection_diffusion,RA-MTM,native,18,1,45.86292613636363,47.254052328417615,1.3911261920539815,1.4121971636474484,-0.021070971593466936
advection_diffusion,RA-MTM,native,18,2,85.24209486166008,98.78400698965356,13.541912127993484,14.02705776091166,-0.4851456329181758
advection_diffusion,RA-MTM,native,18,3,99.11029411764706,87.56838198965356,-11.541912127993498,-12.027057760911674,0.4851456329181758
advection_diffusion,RA-MTM,native,19,0,32.8489263803681,27.008463016278824,-5.840463364089274,-5.891449695888181,0.05098633179890655
advection_diffusion,RA-MTM,native,19,1,46.21573724007561,47.60636109633282,1.390623856257207,1.4121971636474484,-0.021573307390241325
advection_diffusion,RA-MTM,native,19,2,85.75323705179282,99.19406986909817,13.440832817305349,14.02705776091166,-0.5862249436063109
advection_diffusion,RA-MTM,native,19,3,99.4298245614035,87.98899174409817,-11.440832817305335,-12.027057760911674,0.5862249436063394
advection_diffusion,RA-MTM,native,20,0,33.29183778234086,27.465984966833158,-5.825852815507705,-5.891449695888181,0.0655968803804754
advection_diffusion,RA-MTM,native,20,1,46.77820267686425,48.152506287452866,1.374303610588619,1.4121971636474484,-0.037893553058829355
advection_diffusion,RA-MTM,native,20,2,86.08907185628742,99.49671456072689,13.407642704439468,14.02705776091166,-0.6194150564721923
advection_diffusion,RA-MTM,native,20,3,99.73091976516633,88.32327706072688,-11.407642704439453,-12.027057760911674,0.6194150564722207
translation_growth,TMTM,native,0,0,27.361425339366516,47.787940269916604,20.426514930550088,20.426514930550088,0.0
translation_growth,TMTM,native,0,1,57.67451298701299,53.12884936082569,-4.545663626187299,-4.545663626187299,0.0
translation_growth,TMTM,native,0,2,78.10060975609755,62.219758451734776,-15.880851304362778,-15.880851304362778,0.0
translation_growth,TMTM,native,1,0,27.62079831932773,47.64589481537114,20.025096496043414,20.426514930550088,-0.4014184345066738
translation_growth,TMTM,native,1,1,58.5234375,53.32771299718933,-5.19572450281067,-4.545663626187299,-0.6500608766233711
translation_growth,TMTM,native,1,2,79.30889423076923,62.33339481537115,-16.975499415398076,-15.880851304362778,-1.0946481110352977
translation_growth,TMTM,native,2,0,27.636186770428015,47.30498572446206,19.66879895403404,20.426514930550088,-0.7577159765160459
translation_growth,TMTM,native,2,1,59.0625,53.44134936082569,-5.62115063917431,-4.545663626187299,-1.0754870129870113
translation_growth,TMTM,native,2,2,79.92613636363636,62.87316754264387,-17.05296882099249,-15.880851304362778,-1.1721175166297115
translation_growth,TMTM,native,3,0,27.629310344827587,47.21975845173478,19.590448106907196,20.426514930550088,-0.8360668236428914
translation_growth,TMTM,native,3,1,59.62923728813559,53.46975845173478,-6.159478836400808,-4.545663626187299,-1.6138152102135095
translation_growth,TMTM,native,3,2,80.89285714285714,63.01521299718932,-17.877644145667816,-15.880851304362778,-1.9967928413050373
translation_growth,TMTM,native,4,0,27.921511627906977,47.10612208809842,19.18461046019144,20.426514930550088,-1.241904470358648
translation_growth,TMTM,native,4,1,60.30894886363637,53.29930390628024,-7.00964495735613,-4.545663626187299,-2.4639813311688314
translation_growth,TMTM,native,4,2,82.16720779220779,63.4413493608257,-18.725858431382093,-15.880851304362778,-2.845007127019315
translation_growth,TMTM,native,5,0,28.21768060836502,47.02089481537114,18.803214207006125,20.426514930550088,-1.623300723543963
translation_growth,TMTM,native,5,1,60.858050847457626,53.29930390628024,-7.5587469411773895,-4.545663626187299,-3.013083314990091
translation_growth,TMTM,native,5,2,82.76107594936708,63.69703117900751,-19.064044770359573,-15.880851304362778,-3.183193465996794
translation_growth,TMTM,native,6,0,28.401315789473685,46.67998572446206,18.278669934988372,20.426514930550088,-2.147844995561716
translation_growth,TMTM,native,6,1,61.54934210526316,53.44134936082569,-8.107992744437468,-4.545663626187299,-3.562329118250169
translation_growth,TMTM,native,6,2,83.7399193548387,64.20839481537115,-19.531524539467554,-15.880851304362778,-3.650673235104776
translation_growth,TMTM,native,7,0,28.45218120805369,46.45271299718933,18.00053178913564,20.426514930550088,-2.4259831414144486
translation_growth,TMTM,native,7,1,62.29779411764706,53.61180390628024,-8.685990211366821,-4.545663626187299,-4.140326585179523
translation_growth,TMTM,native,7,2,84.76058467741936,64.23680390628023,-20.52378077113913,-15.880851304362778,-4.642929466776351
translation_growth,TMTM,native,8,0,28.70291095890411,46.39589481537114,17.692983856467034,20.426514930550088,-2.7335310740830536
translation_growth,TMTM,native,8,1,62.8125,53.38453117900751,-9.42796882099249,-4.545663626187299,-4.882305194805191
translation_growth,TMTM,native,8,2,85.56225868725869,64.6913493608257,-20.870909326432994,-15.880851304362778,-4.990058022070215
translation_growth,TMTM,native,9,0,28.88651877133106,46.36748572446206,17.480966953131,20.426514930550088,-2.945547977419089
translation_growth,TMTM,native,9,1,63.390151515151516,53.35612208809842,-10.034029427053099,-4.545663626187299,-5.4883658008658
translation_growth,TMTM,native,9,2,86.79389312977099,64.80498572446206,-21.988907405308936,-15.880851304362778,-6.108056100946158
translation_growth,TMTM,native,10,0,29.23076923076923,46.05498572446206,16.824216493692827,20.426514930550088,-3.602298436857261
translation_growth,TMTM,native,10,1,64.28571428571429,53.49816754264387,-10.787546743070422,-4.545663626187299,-6.241883116883123
translation_growth,TMTM,native,10,2,87.61488970588235,65.40157663355296,-22.213313072329385,-15.880851304362778,-6.332461767966606
translation_growth,TMTM,native,11,0,29.0625,45.71407663355296,16.651576633552963,20.426514930550088,-3.7749382969971244
translation_growth,TMTM,native,11,1,64.88810043668123,53.725440269916604,-11.162660166764624,-4.545663626187299,-6.6169965405773254
translation_growth,TMTM,native,11,2,88.3899456521739,65.51521299718932,-22.874732654984584,-15.880851304362778,-6.993881350621805
translation_growth,TMTM,native,12,0,29.35030395136778,45.57203117900751,16.22172722763973,20.426514930550088,-4.204787702910359
translation_growth,TMTM,native,12,1,65.46052631578948,53.49816754264387,-11.96235877314561,-4.545663626187299,-7.416695146958311
translation_growth,TMTM,native,12,2,89.68641114982579,65.96975845173478,-23.71665269809101,-15.880851304362778,-7.835801393728232
translation_growth,TMTM,native,13,0,29.666411042944784,45.600440269916604,15.93402922697182,20.426514930550088,-4.492485703578268
translation_growth,TMTM,native,13,1,65.97813901345292,53.44134936082569,-12.536789652627228,-4.545663626187299,-7.991126026439929
translation_growth,TMTM,native,13,2,90.16810344827586,66.11180390628023,-24.056299541995628,-15.880851304362778,-8.17544823763285
translation_growth,TMTM,native,14,0,29.891304347826086,45.37316754264387,15.481863194817784,20.426514930550088,-4.944651735732304
translation_growth,TMTM,native,14,1,66.73853711790393,53.55498572446206,-13.183551393441874,-4.545663626187299,-8.637887767254576
translation_growth,TMTM,native,14,2,91.4217715231788,66.62316754264387,-24.798603980534935,-15.880851304362778,-8.917752676172157
translation_growth,TMTM,native,15,0,30.125,45.00384936082569,14.87884936082569,20.426514930550088,-5.547665569724398
translation_growth,TMTM,native,15,1,67.394578313253,53.69703117900751,-13.697547134245497,-4.545663626187299,-9.151883508058198
translation_growth,TMTM,native,15,2,92.22426470588235,66.73680390628023,-25.48746079960212,-15.880851304362778,-9.60660949523934
translation_growth,TMTM,native,16,0,30.147357723577237,44.74816754264387,14.600809819066633,20.426514930550088,-5.825705111483455
translation_growth,TMTM,native,16,1,68.06617647058823,53.64021299718933,-14.425963473398902,-4.545663626187299,-9.880299847211603
translation_growth,TMTM,native,16,2,93.29296875,67.27657663355296,-26.016392116447037,-15.880851304362778,-10.135540812084258
translation_growth,TMTM,native,17,0,30.388283378746593,44.71975845173478,14.33147507298819,20.426514930550088,-6.095039857561897
translation_growth,TMTM,native,17,1,68.5,53.58339481537114,-14.916605184628857,-4.545663626187299,-10.370941558441558
translation_growth,TMTM,native,17,2,94.306640625,67.53225845173478,-26.774382173265224,-15.880851304362778,-10.893530868902445
translation_growth,TMTM,native,18,0,30.553523936170212,44.49248572446206,13.938961788291845,20.426514930550088,-6.487553142258243
translation_growth,TMTM,native,18,1,69.20588235294117,53.49816754264387,-15.707714810297304,-4.545663626187299,-11.162051184110005
translation_growth,TMTM,native,18,2,95.17433234421365,68.04362208809842,-27.130710256115236,-15.880851304362778,-11.249858951752458
translation_growth,TMTM,native,19,0,30.9375,44.26521299718933,13.32771299718933,20.426514930550088,-7.0988019333607575
translation_growth,TMTM,native,19,1,69.89466292134831,53.66862208809842,-16.226040833249897,-4.545663626187299,-11.680377207062598
translation_growth,TMTM,native,19,2,96.03429203539822,68.32771299718932,-27.7065790382089,-15.880851304362778,-11.825727733846122
translation_growth,TMTM,native,20,0,31.03102189781022,43.86748572446206,12.836463826651837,20.426514930550088,-7.590051103898251
translation_growth,TMTM,native,20,1,70.58552631578948,53.78225845173478,-16.803267864054696,-4.545663626187299,-12.257604237867398
translation_growth,TMTM,native,20,2,97.05255681818181,68.86748572446206,-28.185071093719756,-15.880851304362778,-12.304219789356978
translation_growth,TMTM,first_frame_affine,0,0,27.361425339366516,32.099142094689455,4.737716755322939,4.737716755322939,0.0
translation_growth,TMTM,first_frame_affine,0,1,57.67451298701299,50.153387637937755,-7.521125349075234,-7.521125349075234,0.0
translation_growth,TMTM,first_frame_affine,0,2,78.10060975609755,80.88401834984981,2.783408593752256,2.783408593752256,0.0
translation_growth,TMTM,first_frame_affine,1,0,27.62079831932773,31.618975989815823,3.9981776704880936,4.737716755322939,-0.7395390848348455
translation_growth,TMTM,first_frame_affine,1,1,58.5234375,50.82562018476085,-7.697817315239149,-7.521125349075234,-0.17669196616391503
translation_growth,TMTM,first_frame_affine,1,2,79.30889423076923,81.26815123374874,1.9592570029795127,2.783408593752256,-0.8241515907727432
translation_growth,TMTM,first_frame_affine,2,0,27.636186770428015,30.466577338119123,2.830390567691108,4.737716755322939,-1.9073261876318313
translation_growth,TMTM,first_frame_affine,2,1,59.0625,51.20975306865975,-7.852746931340249,-7.521125349075234,-0.33162158226501504
translation_growth,TMTM,first_frame_affine,2,2,79.92613636363636,83.09278243226848,3.1666460686321187,2.783408593752256,0.3832374748798628
translation_growth,TMTM,first_frame_affine,3,0,27.629310344827587,30.178477675194955,2.549167330367368,4.737716755322939,-2.1885494249555713
translation_growth,TMTM,first_frame_affine,3,1,59.62923728813559,51.30578628963448,-8.323450998501109,-7.521125349075234,-0.8023256494258746
translation_growth,TMTM,first_frame_affine,3,2,80.89285714285714,83.57294853714208,2.6800913942849434,2.783408593752256,-0.10331719946731255
translation_growth,TMTM,first_frame_affine,4,0,27.921511627906977,29.794344791296055,1.8728331633890782,4.737716755322939,-2.864883591933861
translation_growth,TMTM,first_frame_affine,4,1,60.30894886363637,50.72958696378612,-9.579361899850248,-7.521125349075234,-2.058236550775014
translation_growth,TMTM,first_frame_affine,4,2,82.16720779220779,85.013446851763,2.8462390595552165,2.783408593752256,0.06283046580296059
translation_growth,TMTM,first_frame_affine,5,0,28.21768060836502,29.50624512837186,1.2885645200068403,4.737716755322939,-3.449152235316099
translation_growth,TMTM,first_frame_affine,5,1,60.858050847457626,50.72958696378612,-10.128463883671508,-7.521125349075234,-2.6073385345962734
translation_growth,TMTM,first_frame_affine,5,2,82.76107594936708,85.87774584053554,3.1166698911684563,2.783408593752256,0.33326129741620036
translation_growth,TMTM,first_frame_affine,6,0,28.401315789473685,28.353846476675187,-0.047469312798497754,4.737716755322939,-4.785186068121437
translation_growth,TMTM,first_frame_affine,6,1,61.54934210526316,51.20975306865975,-10.339589036603407,-7.521125349075234,-2.8184636875281726
translation_growth,TMTM,first_frame_affine,6,2,83.7399193548387,87.6063438180806,3.8664244632418985,2.783408593752256,1.0830158694896426
translation_growth,TMTM,first_frame_affine,7,0,28.45218120805369,27.585580708877387,-0.8666004991763039,4.737716755322939,-5.604317254499243
translation_growth,TMTM,first_frame_affine,7,1,62.29779411764706,51.78595239450809,-10.511841723138971,-7.521125349075234,-2.9907163740637372
translation_growth,TMTM,first_frame_affine,7,2,84.76058467741936,87.70237703905528,2.941792361635919,2.783408593752256,0.15838376788366304
translation_growth,TMTM,first_frame_affine,8,0,28.70291095890411,27.393514266927923,-1.3093966919761861,4.737716755322939,-6.047113447299125
translation_growth,TMTM,first_frame_affine,8,1,62.8125,51.01768662671029,-11.794813373289713,-7.521125349075234,-4.273688024214479
translation_growth,TMTM,first_frame_affine,8,2,85.56225868725869,89.23890857465094,3.6766498873922444,2.783408593752256,0.8932412936399885
translation_growth,TMTM,first_frame_affine,9,0,28.88651877133106,27.29748104595322,-1.589037725377839,4.737716755322939,-6.326754480700778
translation_growth,TMTM,first_frame_affine,9,1,63.390151515151516,50.921653405735555,-12.468498109415961,-7.521125349075234,-4.947372760340727
translation_growth,TMTM,first_frame_affine,9,2,86.79389312977099,89.6230414585498,2.829148328778814,2.783408593752256,0.04573973502655804
translation_growth,TMTM,first_frame_affine,10,0,29.23076923076923,26.241115615231223,-2.989653615538007,4.737716755322939,-7.727370370860946
translation_growth,TMTM,first_frame_affine,10,1,64.28571428571429,51.40181951060919,-12.883894775105105,-7.521125349075234,-5.362769426029871
translation_growth,TMTM,first_frame_affine,10,2,87.61488970588235,91.63973909901901,4.0248493931366625,2.783408593752256,1.2414407993844065
translation_growth,TMTM,first_frame_affine,11,0,29.0625,25.088716963534523,-3.973783036465477,4.737716755322939,-8.711499791788416
translation_growth,TMTM,first_frame_affine,11,1,64.88810043668123,52.170085278407015,-12.718015158274213,-7.521125349075234,-5.196889809198979
translation_growth,TMTM,first_frame_affine,11,2,88.3899456521739,92.02387198291788,3.633926330743975,2.783408593752256,0.8505177369917192
translation_growth,TMTM,first_frame_affine,12,0,29.35030395136778,24.60855085866089,-4.74175309270689,4.737716755322939,-9.47946984802983
translation_growth,TMTM,first_frame_affine,12,1,65.46052631578948,51.40181951060919,-14.058706805180293,-7.521125349075234,-6.537581456105059
translation_growth,TMTM,first_frame_affine,12,2,89.68641114982579,93.56040351851348,3.873992368687695,2.783408593752256,1.090583774935439
translation_growth,TMTM,first_frame_affine,13,0,29.666411042944784,24.704584079635623,-4.961826963309161,4.737716755322939,-9.6995437186321
translation_growth,TMTM,first_frame_affine,13,1,65.97813901345292,51.20975306865975,-14.768385944793167,-7.521125349075234,-7.247260595717933
translation_growth,TMTM,first_frame_affine,13,2,90.16810344827586,94.04056962338714,3.8724661751112848,2.783408593752256,1.0890575813590289
translation_growth,TMTM,first_frame_affine,14,0,29.891304347826086,23.936318311837823,-5.954986035988263,4.737716755322939,-10.692702791311202
translation_growth,TMTM,first_frame_affine,14,1,66.73853711790393,51.59388595255865,-15.14465116534528,-7.521125349075234,-7.623525816270046
translation_growth,TMTM,first_frame_affine,14,2,91.4217715231788,95.7691676009322,4.347396077753402,2.783408593752256,1.5639874840011458
translation_growth,TMTM,first_frame_affine,15,0,30.125,22.68788643916639,-7.437113560833609,4.737716755322939,-12.174830316156548
translation_growth,TMTM,first_frame_affine,15,1,67.394578313253,52.07405205743228,-15.320526255820724,-7.521125349075234,-7.79940090674549
translation_growth,TMTM,first_frame_affine,15,2,92.22426470588235,96.15330048483108,3.9290357789487302,2.783408593752256,1.1456271851964743
translation_growth,TMTM,first_frame_affine,16,0,30.147357723577237,21.82358745039386,-8.323770273183378,4.737716755322939,-13.061487028506317
translation_growth,TMTM,first_frame_affine,16,1,68.06617647058823,51.88198561548282,-16.184190855105413,-7.521125349075234,-8.663065506030179
translation_growth,TMTM,first_frame_affine,16,2,93.29296875,97.97793168335087,4.684962933350874,2.783408593752256,1.9015543395986185
translation_growth,TMTM,first_frame_affine,17,0,30.388283378746593,21.727554229419155,-8.660729149327437,4.737716755322939,-13.398445904650377
translation_growth,TMTM,first_frame_affine,17,1,68.5,51.689919173533355,-16.810080826466645,-7.521125349075234,-9.288955477391411
translation_growth,TMTM,first_frame_affine,17,2,94.306640625,98.8422306721234,4.5355900471234065,2.783408593752256,1.7521814533711506
translation_growth,TMTM,first_frame_affine,18,0,30.553523936170212,20.959288461621355,-9.594235474548857,4.737716755322939,-14.331952229871796
translation_growth,TMTM,first_frame_affine,18,1,69.20588235294117,51.40181951060919,-17.804062842331987,-7.521125349075234,-10.282937493256753
translation_growth,TMTM,first_frame_affine,18,2,95.17433234421365,100.57082864966847,5.396496305454818,2.783408593752256,2.613087711702562
translation_growth,TMTM,first_frame_affine,19,0,30.9375,20.191022693823555,-10.746477306176445,4.737716755322939,-15.484194061499384
translation_growth,TMTM,first_frame_affine,19,1,69.89466292134831,51.97801883645755,-17.916644084890763,-7.521125349075234,-10.395518735815529
translation_growth,TMTM,first_frame_affine,19,2,96.03429203539822,101.53116085941568,5.496868824017454,2.783408593752256,2.7134602302651984
translation_growth,TMTM,first_frame_affine,20,0,31.03102189781022,18.84655760017739,-12.184464297632829,4.737716755322939,-16.922181052955768
translation_growth,TMTM,first_frame_affine,20,1,70.58552631578948,52.36215172035645,-18.22337459543303,-7.521125349075234,-10.702249246357795
translation_growth,TMTM,first_frame_affine,20,2,97.05255681818181,103.35579205793547,6.303235239753661,2.783408593752256,3.5198266460014054
translation_growth,ST-MTM,native,0,0,27.361425339366516,23.756440782422615,-3.6049845569439007,-3.6049845569439007,0.0
translation_growth,ST-MTM,native,0,1,57.67451298701299,52.95244361209507,-4.722069374917922,-4.722069374917922,0.0
translation_growth,ST-MTM,native,0,2,78.10060975609755,86.4276636879594,8.32705393186184,8.32705393186184,0.0
translation_growth,ST-MTM,native,1,0,27.62079831932773,23.217904177157028,-4.402894142170702,-3.6049845569439007,-0.797909585226801
translation_growth,ST-MTM,native,1,1,58.5234375,52.947302547286576,-5.576134952713424,-4.722069374917922,-0.8540655777955024
translation_growth,ST-MTM,native,1,2,79.30889423076923,86.97134135803346,7.66244712726423,8.32705393186184,-0.6646068045976108
translation_growth,ST-MTM,native,2,0,27.636186770428015,22.77330781399196,-4.862878956436056,-3.6049845569439007,-1.2578943994921552
translation_growth,ST-MTM,native,2,1,59.0625,52.95154655202462,-6.110953447975383,-4.722069374917922,-1.3888840730574614
translation_growth,ST-MTM,native,2,2,79.92613636363636,87.41169371646048,7.485557352824117,8.32705393186184,-0.8414965790377238
translation_growth,ST-MTM,native,3,0,27.629310344827587,22.280891596259494,-5.348418748568093,-3.6049845569439007,-1.7434341916241927
translation_growth,ST-MTM,native,3,1,59.62923728813559,52.95058590787809,-6.678651380257499,-4.722069374917922,-1.9565820053395768
translation_growth,ST-MTM,native,3,2,80.89285714285714,87.90507057833948,7.012213435482337,8.32705393186184,-1.314840496379503
translation_growth,ST-MTM,native,4,0,27.921511627906977,21.78674493842893,-6.134766689478045,-3.6049845569439007,-2.5297821325341445
translation_growth,ST-MTM,native,4,1,60.30894886363637,52.885667700784765,-7.423281162851602,-4.722069374917922,-2.70121178793368
translation_growth,ST-MTM,native,4,2,82.16720779220779,88.46413544326339,6.296927651055597,8.32705393186184,-2.0301262808062432
translation_growth,ST-MTM,native,5,0,28.21768060836502,21.426316884312296,-6.791363724052722,-3.6049845569439007,-3.1863791671088215
translation_growth,ST-MTM,native,5,1,60.858050847457626,52.830222437563414,-8.027828409894212,-4.722069374917922,-3.3057590349762904
translation_growth,ST-MTM,native,5,2,82.76107594936708,88.88000876060137,6.118932811234288,8.32705393186184,-2.2081211206275526
translation_growth,ST-MTM,native,6,0,28.401315789473685,20.981321065177077,-7.419994724296608,-3.6049845569439007,-3.815010167352707
translation_growth,ST-MTM,native,6,1,61.54934210526316,52.873925168781874,-8.675416936481284,-4.722069374917922,-3.953347561563362
translation_growth,ST-MTM,native,6,2,83.7399193548387,89.28130184851813,5.541382493679421,8.32705393186184,-2.785671438182419
translation_growth,ST-MTM,native,7,0,28.45218120805369,20.41438766784716,-8.037793540206533,-3.6049845569439007,-4.432808983262632
translation_growth,ST-MTM,native,7,1,62.29779411764706,52.93929325027132,-9.358500867375739,-4.722069374917922,-4.636431492457817
translation_growth,ST-MTM,native,7,2,84.76058467741936,89.78286716435858,5.022282486939218,8.32705393186184,-3.304771444922622
translation_growth,ST-MTM,native,8,0,28.70291095890411,20.03085012424646,-8.67206083465765,-3.6049845569439007,-5.067076277713749
translation_growth,ST-MTM,native,8,1,62.8125,52.83024998765339,-9.982250012346611,-4.722069374917922,-5.2601806374286895
translation_growth,ST-MTM,native,8,2,85.56225868725869,90.2754479705772,4.713189283318513,8.32705393186184,-3.613864648543327
translation_growth,ST-MTM,native,9,0,28.88651877133106,19.512170976127866,-9.374347795203192,-3.6049845569439007,-5.769363238259292
translation_growth,ST-MTM,native,9,1,63.390151515151516,52.70350434060941,-10.686647174542102,-4.722069374917922,-5.96457779962418
translation_growth,ST-MTM,native,9,2,86.79389312977099,90.92087276573977,4.12697963596878,8.32705393186184,-4.20007429589306
translation_growth,ST-MTM,native,10,0,29.23076923076923,19.094931106881727,-10.135838123887503,-3.6049845569439007,-6.530853566943602
translation_growth,ST-MTM,native,10,1,64.28571428571429,52.78801827952304,-11.497696006191255,-4.722069374917922,-6.775626631273333
translation_growth,ST-MTM,native,10,2,87.61488970588235,91.25359869607229,3.63870899018994,8.32705393186184,-4.6883449416719
translation_growth,ST-MTM,native,11,0,29.0625,18.541507174045694,-10.520992825954306,-3.6049845569439007,-6.916008269010405
translation_growth,ST-MTM,native,11,1,64.88810043668123,52.943357291795415,-11.944743144885813,-4.722069374917922,-7.222673769967891
translation_growth,ST-MTM,native,11,2,88.3899456521739,91.65168361663594,3.2617379644620286,8.32705393186184,-5.065315967399812
translation_growth,ST-MTM,native,12,0,29.35030395136778,18.044699954102565,-11.305603997265216,-3.6049845569439007,-7.700619440321315
translation_growth,ST-MTM,native,12,1,65.46052631578948,52.74639629183225,-12.714130023957232,-4.722069374917922,-7.99206064903931
translation_growth,ST-MTM,native,12,2,89.68641114982579,92.34545183654224,2.6590406867164518,8.32705393186184,-5.668013245145389
translation_growth,ST-MTM,native,13,0,29.666411042944784,17.787720215430795,-11.878690827513989,-3.6049845569439007,-8.273706270570088
translation_growth,ST-MTM,native,13,1,65.97813901345292,52.73326480350831,-13.244874209944605,-4.722069374917922,-8.522804835026683
translation_growth,ST-MTM,native,13,2,90.16810344827586,92.61556306353793,2.4474596152620762,8.32705393186184,-5.879594316599764
translation_growth,ST-MTM,native,14,0,29.891304347826086,17.257617186954796,-12.63368716087129,-3.6049845569439007,-9.028702603927389
translation_growth,ST-MTM,native,14,1,66.73853711790393,52.78153218477567,-13.95700493312826,-4.722069374917922,-9.234935558210339
translation_growth,ST-MTM,native,14,2,91.4217715231788,93.09739871074659,1.675627187567784,8.32705393186184,-6.6514267442940564
translation_growth,ST-MTM,native,15,0,30.125,16.846018439378604,-13.278981560621396,-3.6049845569439007,-9.673997003677496
translation_growth,ST-MTM,native,15,1,67.394578313253,52.71205908180244,-14.68251923145057,-4.722069374917922,-9.960449856532648
translation_growth,ST-MTM,native,15,2,92.22426470588235,93.57847056129603,1.3542058554136815,8.32705393186184,-6.972848076448159
translation_growth,ST-MTM,native,16,0,30.147357723577237,16.286477393169854,-13.860880330407383,-3.6049845569439007,-10.255895773463482
translation_growth,ST-MTM,native,16,1,68.06617647058823,52.711505403373145,-15.354671067215087,-4.722069374917922,-10.632601692297165
translation_growth,ST-MTM,native,16,2,93.29296875,94.13856528593406,0.8455965359340638,8.32705393186184,-7.481457395927777
translation_growth,ST-MTM,native,17,0,30.388283378746593,15.883657462230259,-14.504625916516334,-3.6049845569439007,-10.899641359572433
translation_growth,ST-MTM,native,17,1,68.5,52.58623239496541,-15.913767605034593,-4.722069374917922,-11.191698230116671
translation_growth,ST-MTM,native,17,2,94.306640625,94.6666582252814,0.3600176002813953,8.32705393186184,-7.967036331580445
translation_growth,ST-MTM,native,18,0,30.553523936170212,15.385996596916904,-15.167527339253308,-3.6049845569439007,-11.562542782309407
translation_growth,ST-MTM,native,18,1,69.20588235294117,52.55426025482274,-16.65162209811843,-4.722069374917922,-11.929552723200509
translation_growth,ST-MTM,native,18,2,95.17433234421365,95.19629123073743,0.021958886523776755,8.32705393186184,-8.305095045338064
translation_growth,ST-MTM,native,19,0,30.9375,15.017433838812071,-15.920066161187929,-3.6049845569439007,-12.315081604244028
translation_growth,ST-MTM,native,19,1,69.89466292134831,52.59454925611513,-17.300113665233184,-4.722069374917922,-12.578044290315262
translation_growth,ST-MTM,native,19,2,96.03429203539822,95.52456498754987,-0.509727047848358,8.32705393186184,-8.836780979710198
translation_growth,ST-MTM,native,20,0,31.03102189781022,14.500901822746437,-16.530120075063785,-3.6049845569439007,-12.925135518119884
translation_growth,ST-MTM,native,20,1,70.58552631578948,52.579626218198634,-18.005900097590846,-4.722069374917922,-13.283830722672924
translation_growth,ST-MTM,native,20,2,97.05255681818181,96.056020041532,-0.996536776649819,8.32705393186184,-9.32359070851166
translation_growth,ST-MTM,first_frame_affine,0,0,27.361425339366516,29.734924821827917,2.3734994824614013,2.3734994824614013,0.0
translation_growth,ST-MTM,first_frame_affine,0,1,57.67451298701299,53.23092412353715,-4.4435888634758385,-4.4435888634758385,0.0
translation_growth,ST-MTM,first_frame_affine,0,2,78.10060975609755,80.17069913711202,2.070089381014469,2.070089381014469,0.0
translation_growth,ST-MTM,first_frame_affine,1,0,27.62079831932773,29.301527970379283,1.6807296510515535,2.3734994824614013,-0.6927698314098478
translation_growth,ST-MTM,first_frame_affine,1,1,58.5234375,53.2267867607668,-5.2966507392332005,-4.4435888634758385,-0.853061875757362
translation_growth,ST-MTM,first_frame_affine,1,2,79.30889423076923,80.60823335133097,1.29933912056174,2.070089381014469,-0.7707502604527292
translation_growth,ST-MTM,first_frame_affine,2,0,27.636186770428015,28.943731189107154,1.3075444186791394,2.3734994824614013,-1.065955063782262
translation_growth,ST-MTM,first_frame_affine,2,1,59.0625,53.230202198590376,-5.832297801409624,-4.4435888634758385,-1.3887089379337851
translation_growth,ST-MTM,first_frame_affine,2,2,79.92613636363636,80.96261469477955,1.0364783311431864,2.070089381014469,-1.0336110498712827
translation_growth,ST-MTM,first_frame_affine,3,0,27.629310344827587,28.54745053468025,0.9181401898526644,2.3734994824614013,-1.4553592926087369
translation_growth,ST-MTM,first_frame_affine,3,1,59.62923728813559,53.229429103234565,-6.399808184901026,-4.4435888634758385,-1.9562193214251877
translation_growth,ST-MTM,first_frame_affine,3,2,80.89285714285714,81.35966844456226,0.4668113017051212,2.070089381014469,-1.603278079309348
translation_growth,ST-MTM,first_frame_affine,4,0,27.921511627906977,28.14977727799976,0.22826565009278355,2.3734994824614013,-2.1452338323686178
translation_growth,ST-MTM,first_frame_affine,4,1,60.30894886363637,53.177185028679844,-7.131763834956523,-4.4435888634758385,-2.6881749714806844
translation_growth,ST-MTM,first_frame_affine,4,2,82.16720779220779,81.80958577579747,-0.35762201641031766,2.070089381014469,-2.427711397424787
translation_growth,ST-MTM,first_frame_affine,5,0,28.21768060836502,27.859716431066488,-0.3579641772985305,2.3734994824614013,-2.7314636597599318
translation_growth,ST-MTM,first_frame_affine,5,1,60.858050847457626,53.132564473135574,-7.7254863743220525,-4.4435888634758385,-3.281897510846214
translation_growth,ST-MTM,first_frame_affine,5,2,82.76107594936708,82.14426717827502,-0.6168087710920673,2.070089381014469,-2.6868981521065365
translation_growth,ST-MTM,first_frame_affine,6,0,28.401315789473685,27.501598180542203,-0.899717608931482,2.3734994824614013,-3.2732170913928833
translation_growth,ST-MTM,first_frame_affine,6,1,61.54934210526316,53.167735018507216,-8.381607086755942,-4.4435888634758385,-3.9380182232801033
translation_growth,ST-MTM,first_frame_affine,6,2,83.7399193548387,82.46721488342766,-1.2727044714110463,2.070089381014469,-3.3427938524255154
translation_growth,ST-MTM,first_frame_affine,7,0,28.45218120805369,27.04534850878092,-1.4068326992727727,2.3734994824614013,-3.780332181734174
translation_growth,ST-MTM,first_frame_affine,7,1,62.29779411764706,53.22034113743351,-9.07745298021355,-4.4435888634758385,-4.633864116737712
translation_growth,ST-MTM,first_frame_affine,7,2,84.76058467741936,82.87085843626264,-1.8897262411567226,2.070089381014469,-3.9598156221711918
translation_growth,ST-MTM,first_frame_affine,8,0,28.70291095890411,26.73668989173686,-1.9662210671672504,2.3734994824614013,-4.339720549628652
translation_growth,ST-MTM,first_frame_affine,8,1,62.8125,53.13258664455742,-9.67991335544258,-4.4435888634758385,-5.236324491966741
translation_growth,ST-MTM,first_frame_affine,8,2,85.56225868725869,83.2672715461828,-2.294987141075893,2.070089381014469,-4.365076522090362
translation_growth,ST-MTM,first_frame_affine,9,0,28.88651877133106,26.319273679897748,-2.5672450914333105,2.3734994824614013,-4.940744573894712
translation_growth,ST-MTM,first_frame_affine,9,1,63.390151515151516,53.030585844933796,-10.35956567021772,-4.4435888634758385,-5.915976806741881
translation_growth,ST-MTM,first_frame_affine,9,2,86.79389312977099,83.7866885576455,-3.007204572125488,2.070089381014469,-5.077293953139957
translation_growth,ST-MTM,first_frame_affine,10,0,29.23076923076923,25.983492520619023,-3.2472767101502065,2.3734994824614013,-5.620776192611608
translation_growth,ST-MTM,first_frame_affine,10,1,64.28571428571429,53.098599931015514,-11.187114354698778,-4.4435888634758385,-6.74352549122294
translation_growth,ST-MTM,first_frame_affine,10,2,87.61488970588235,84.05445563084254,-3.560434075039808,2.070089381014469,-5.630523456054277
translation_growth,ST-MTM,first_frame_affine,11,0,29.0625,25.53811482918212,-3.5243851708178795,2.3734994824614013,-5.897884653279281
translation_growth,ST-MTM,first_frame_affine,11,1,64.88810043668123,53.22361174667991,-11.66448869000132,-4.4435888634758385,-7.220899826525482
translation_growth,ST-MTM,first_frame_affine,11,2,88.3899456521739,84.37482150661504,-4.015124145558872,2.070089381014469,-6.085213526573341
translation_growth,ST-MTM,first_frame_affine,12,0,29.35030395136778,25.138300438117454,-4.212003513250327,2.3734994824614013,-6.585502995711728
translation_growth,ST-MTM,first_frame_affine,12,1,65.46052631578948,53.06510390077385,-12.39542241501563,-4.4435888634758385,-7.951833551539792
translation_growth,ST-MTM,first_frame_affine,12,2,89.68641114982579,84.93314374358576,-4.7532674062400275,2.070089381014469,-6.823356787254497
translation_growth,ST-MTM,first_frame_affine,13,0,29.666411042944784,24.93149145143491,-4.734919591509875,2.3734994824614013,-7.108419073971277
translation_growth,ST-MTM,first_frame_affine,13,1,65.97813901345292,53.05453610345276,-12.923602910000156,-4.4435888634758385,-8.480014046524317
translation_growth,ST-MTM,first_frame_affine,13,2,90.16810344827586,85.15052052758938,-5.017582920686479,2.070089381014469,-7.087672301700948
translation_growth,ST-MTM,first_frame_affine,14,0,29.891304347826086,24.504881669966892,-5.386422677859194,2.3734994824614013,-7.7599221603205955
translation_growth,ST-MTM,first_frame_affine,14,1,66.73853711790393,53.09338013162915,-13.645156986274785,-4.4435888634758385,-9.201568122798946
translation_growth,ST-MTM,first_frame_affine,14,2,91.4217715231788,85.53828628088104,-5.883485242297766,2.070089381014469,-7.953574623312235
translation_growth,ST-MTM,first_frame_affine,15,0,30.125,24.17364030305602,-5.951359696943982,2.3734994824614013,-8.324859179405383
translation_growth,ST-MTM,first_frame_affine,15,1,67.394578313253,53.0374704241096,-14.357107889143407,-4.4435888634758385,-9.913519025667568
translation_growth,ST-MTM,first_frame_affine,15,2,92.22426470588235,85.92543735531146,-6.298827350570889,2.070089381014469,-8.368916731585358
translation_growth,ST-MTM,first_frame_affine,16,0,30.147357723577237,23.723339756515543,-6.424017967061694,2.3734994824614013,-8.797517449523095
translation_growth,ST-MTM,first_frame_affine,16,1,68.06617647058823,53.03702484160763,-15.0291516289806,-4.4435888634758385,-10.585562765504761
translation_growth,ST-MTM,first_frame_affine,16,2,93.29296875,86.37618348435387,-6.916785265646126,2.070089381014469,-8.986874646660596
translation_growth,ST-MTM,first_frame_affine,17,0,30.388283378746593,23.399163297454095,-6.989120081292498,2.3734994824614013,-9.3626195637539
translation_growth,ST-MTM,first_frame_affine,17,1,68.5,52.93620917395468,-15.56379082604532,-4.4435888634758385,-11.120201962569482
translation_growth,ST-MTM,first_frame_affine,17,2,94.306640625,86.80117561106829,-7.505465013931712,2.070089381014469,-9.575554394946181
translation_growth,ST-MTM,first_frame_affine,18,0,30.553523936170212,22.99866192018999,-7.554862015980223,2.3734994824614013,-9.928361498441625
translation_growth,ST-MTM,first_frame_affine,18,1,69.20588235294117,52.91047902908352,-16.295403323857656,-4.4435888634758385,-11.851814460381817
translation_growth,ST-MTM,first_frame_affine,18,2,95.17433234421365,87.22740713320357,-7.9469252110100825,2.070089381014469,-10.017014592024552
translation_growth,ST-MTM,first_frame_affine,19,0,30.9375,22.702054526445465,-8.235445473554535,2.3734994824614013,-10.608944956015936
translation_growth,ST-MTM,first_frame_affine,19,1,69.89466292134831,52.942902314961216,-16.951760606387097,-4.4435888634758385,-12.508171742911259
translation_growth,ST-MTM,first_frame_affine,19,2,96.03429203539822,87.49159124107041,-8.542700794327814,2.070089381014469,-10.612790175342283
translation_growth,ST-MTM,first_frame_affine,20,0,31.03102189781022,22.286366257075443,-8.744655640734777,2.3734994824614013,-11.118155123196178
translation_growth,ST-MTM,first_frame_affine,20,1,70.58552631578948,52.930892736440796,-17.654633579348683,-4.4435888634758385,-13.211044715872845
translation_growth,ST-MTM,first_frame_affine,20,2,97.05255681818181,87.91928908896082,-9.13326772922099,2.070089381014469,-11.203357110235459
translation_growth,RA-MTM,native,0,0,27.361425339366516,26.361425339366516,-1.0,-1.0,0.0
translation_growth,RA-MTM,native,0,1,57.67451298701299,56.67451298701299,-1.0,-1.0,0.0
translation_growth,RA-MTM,native,0,2,78.10060975609755,79.10060975609755,1.0,1.0,0.0
translation_growth,RA-MTM,native,1,0,27.62079831932773,26.62079831932773,-1.0,-1.0,0.0
translation_growth,RA-MTM,native,1,1,58.5234375,57.5234375,-1.0,-1.0,0.0
translation_growth,RA-MTM,native,1,2,79.30889423076923,80.30889423076923,1.0,1.0,0.0
translation_growth,RA-MTM,native,2,0,27.636186770428015,26.636186770428015,-1.0,-1.0,0.0
translation_growth,RA-MTM,native,2,1,59.0625,58.0625,-1.0,-1.0,0.0
translation_growth,RA-MTM,native,2,2,79.92613636363636,80.92613636363636,1.0,1.0,0.0
translation_growth,RA-MTM,native,3,0,27.629310344827587,26.629310344827587,-1.0,-1.0,0.0
translation_growth,RA-MTM,native,3,1,59.62923728813559,58.62923728813559,-1.0,-1.0,0.0
translation_growth,RA-MTM,native,3,2,80.89285714285714,81.89285714285714,1.0,1.0,0.0
translation_growth,RA-MTM,native,4,0,27.921511627906977,26.921511627906977,-1.0,-1.0,0.0
translation_growth,RA-MTM,native,4,1,60.30894886363637,59.30894886363637,-1.0,-1.0,0.0
translation_growth,RA-MTM,native,4,2,82.16720779220779,83.16720779220779,1.0,1.0,0.0
translation_growth,RA-MTM,native,5,0,28.21768060836502,27.21768060836502,-1.0,-1.0,0.0
translation_growth,RA-MTM,native,5,1,60.858050847457626,59.858050847457626,-1.0,-1.0,0.0
translation_growth,RA-MTM,native,5,2,82.76107594936708,83.76107594936708,1.0,1.0,0.0
translation_growth,RA-MTM,native,6,0,28.401315789473685,27.401315789473685,-1.0,-1.0,0.0
translation_growth,RA-MTM,native,6,1,61.54934210526316,60.54934210526316,-1.0,-1.0,0.0
translation_growth,RA-MTM,native,6,2,83.7399193548387,84.7399193548387,1.0,1.0,0.0
translation_growth,RA-MTM,native,7,0,28.45218120805369,27.45218120805369,-1.0,-1.0,0.0
translation_growth,RA-MTM,native,7,1,62.29779411764706,61.29779411764706,-1.0,-1.0,0.0
translation_growth,RA-MTM,native,7,2,84.76058467741936,85.76058467741936,1.0,1.0,0.0
translation_growth,RA-MTM,native,8,0,28.70291095890411,27.70291095890411,-1.0,-1.0,0.0
translation_growth,RA-MTM,native,8,1,62.8125,61.8125,-1.0,-1.0,0.0
translation_growth,RA-MTM,native,8,2,85.56225868725869,86.56225868725869,1.0,1.0,0.0
translation_growth,RA-MTM,native,9,0,28.88651877133106,27.88651877133106,-1.0,-1.0,0.0
translation_growth,RA-MTM,native,9,1,63.390151515151516,62.390151515151516,-1.0,-1.0,0.0
translation_growth,RA-MTM,native,9,2,86.79389312977099,87.79389312977099,1.0,1.0,0.0
translation_growth,RA-MTM,native,10,0,29.23076923076923,28.23076923076923,-1.0,-1.0,0.0
translation_growth,RA-MTM,native,10,1,64.28571428571429,63.28571428571429,-1.0,-1.0,0.0
translation_growth,RA-MTM,native,10,2,87.61488970588235,88.61488970588235,1.0,1.0,0.0
translation_growth,RA-MTM,native,11,0,29.0625,28.0625,-1.0,-1.0,0.0
translation_growth,RA-MTM,native,11,1,64.88810043668123,63.88810043668123,-1.0,-1.0,0.0
translation_growth,RA-MTM,native,11,2,88.3899456521739,89.3899456521739,1.0,1.0,0.0
translation_growth,RA-MTM,native,12,0,29.35030395136778,28.35030395136778,-1.0,-1.0,0.0
translation_growth,RA-MTM,native,12,1,65.46052631578948,64.46052631578948,-1.0,-1.0,0.0
translation_growth,RA-MTM,native,12,2,89.68641114982579,90.68641114982579,1.0,1.0,0.0
translation_growth,RA-MTM,native,13,0,29.666411042944784,28.666411042944784,-1.0,-1.0,0.0
translation_growth,RA-MTM,native,13,1,65.97813901345292,64.97813901345292,-1.0,-1.0,0.0
translation_growth,RA-MTM,native,13,2,90.16810344827586,91.16810344827586,1.0,1.0,0.0
translation_growth,RA-MTM,native,14,0,29.891304347826086,28.891304347826086,-1.0,-1.0,0.0
translation_growth,RA-MTM,native,14,1,66.73853711790393,65.73853711790393,-1.0,-1.0,0.0
translation_growth,RA-MTM,native,14,2,91.4217715231788,92.4217715231788,1.0,1.0,0.0
translation_growth,RA-MTM,native,15,0,30.125,29.125,-1.0,-1.0,0.0
translation_growth,RA-MTM,native,15,1,67.394578313253,66.394578313253,-1.0,-1.0,0.0
translation_growth,RA-MTM,native,15,2,92.22426470588235,93.22426470588235,1.0,1.0,0.0
translation_growth,RA-MTM,native,16,0,30.147357723577237,29.147357723577237,-1.0,-1.0,0.0
translation_growth,RA-MTM,native,16,1,68.06617647058823,67.06617647058823,-1.0,-1.0,0.0
translation_growth,RA-MTM,native,16,2,93.29296875,94.29296875,1.0,1.0,0.0
translation_growth,RA-MTM,native,17,0,30.388283378746593,29.388283378746593,-1.0,-1.0,0.0
translation_growth,RA-MTM,native,17,1,68.5,67.5,-1.0,-1.0,0.0
translation_growth,RA-MTM,native,17,2,94.306640625,95.306640625,1.0,1.0,0.0
translation_growth,RA-MTM,native,18,0,30.553523936170212,29.553523936170212,-1.0,-1.0,0.0
translation_growth,RA-MTM,native,18,1,69.20588235294117,68.20588235294117,-1.0,-1.0,0.0
translation_growth,RA-MTM,native,18,2,95.17433234421365,96.17433234421365,1.0,1.0,0.0
translation_growth,RA-MTM,native,19,0,30.9375,29.9375,-1.0,-1.0,0.0
translation_growth,RA-MTM,native,19,1,69.89466292134831,68.89466292134831,-1.0,-1.0,0.0
translation_growth,RA-MTM,native,19,2,96.03429203539822,97.03429203539822,1.0,1.0,0.0
translation_growth,RA-MTM,native,20,0,31.03102189781022,30.03102189781022,-1.0,-1.0,0.0
translation_growth,RA-MTM,native,20,1,70.58552631578948,69.58552631578948,-1.0,-1.0,0.0
translation_growth,RA-MTM,native,20,2,97.05255681818181,98.05255681818181,1.0,1.0,0.0
