method,t,track,reference,motion,growth,trajectory,eligible,boundary,iou,q,x,width,area
TMTM,0,0,0.07720020615631402,,,,False,True,,64.10334487892868,73.36736961768636,2.35,140.88340776212854
TMTM,0,1,0.030551126825198102,,,,False,False,,68.53350483671014,64.86736961768636,0.1,5.995038628175683
TMTM,0,2,0.054556246351474456,,,,False,True,,19.77062005550942,26.317369617686353,0.35000000000000003,20.98263519861489
TMTM,0,3,0.10120532568259026,,,,False,True,,65.81200869959719,53.667369617686354,22.200000000000003,1330.8985754550017
TMTM,1,4,0.05475385705243489,,,,False,True,,71.94690677139417,78.51736961768636,0.15000000000000002,8.992557942263524
TMTM,1,3,0.15417856175837474,0.052973236075784476,0.0,0.052973236075784476,True,True,0.44680851063829785,74.01879702869132,55.517369617686356,45.800000000000004,2745.727691704463
TMTM,1,2,3.648821843738048e-05,0.054519758133037076,2.220446049250313e-16,0.054519758133037076,True,True,0.07692307692307693,24.01299103147387,24.017369617686356,1.75,104.91317599307446
TMTM,2,5,0.04060643227166232,,,,False,False,,67.04014149028583,62.167369617686354,0.8,47.960309025405465
TMTM,2,3,0.27195719052725664,0.11777862876888191,4.440892098500626e-16,0.17075186484466637,True,True,0.06609808102345416,92.10223248095716,59.46736961768636,4.2,251.7916223833787
TMTM,2,6,0.12322760060913325,,,,False,False,,71.80468169078235,57.017369617686356,0.6000000000000001,35.970231769054095
TMTM,2,2,0.10638406265630387,0.10642055087474125,2.220446049250313e-16,0.1609403090077783,True,True,0.18181818181818182,31.18345713644281,18.417369617686347,7.3500000000000005,440.6353391709127
TMTM,2,7,0.40377062623464066,,,,False,True,,75.96984476584323,27.517369617686356,2.1,125.89581119168935
TMTM,3,3,0.004357791707576434,0.2763149822348331,0.0,0.1055631173901667,True,True,0.056451612903225805,66.64443461277718,67.16736961768635,74.4,4460.308739362708
TMTM,3,2,0.3046741166633485,0.1982900540070446,0.0,0.3592303630148229,True,True,0.29577464788732394,54.028263617288175,17.46736961768636,24.85,1489.7670991016573
TMTM,4,3,0.04311758333920454,0.038759791631628106,0.0,0.14432290902179482,True,True,0.30913978494623656,63.543259616981814,68.71736961768636,23.0,1378.8588844804071
TMTM,4,8,0.2945614948518421,,,,False,False,,92.1647489999074,56.81736961768635,0.65,38.96775108314194
TMTM,4,9,0.26517053901442283,,,,False,False,,80.18783429941709,48.36736961768635,1.75,104.91317599307446
TMTM,4,2,0.21688633986820188,0.08778777679514657,2.1510571102112408e-16,0.2714425862196764,True,True,0.8998109640831758,54.943730401870575,28.917369617686347,25.400000000000002,1522.7398115566234
TMTM,5,3,0.0010497449957853177,0.04206783834341922,0.0,0.10225507067837558,True,False,0.4007936507936508,68.99140021819213,69.11736961768636,12.3,737.389751265609
TMTM,5,2,0.03417314730508316,0.18271319256311874,0.0,0.08872939365655762,True,True,0.7552674230145867,52.618147294296335,48.517369617686356,28.75,1723.573605600509
TMTM,6,10,0.6676511781906826,,,,False,True,,21.59922823480444,101.71736961768636,0.2,11.990077256351366
TMTM,6,11,0.5085463548046287,,,,False,True,,39.34180704113091,100.36736961768636,2.4000000000000004,143.88092707621638
TMTM,6,3,0.1005665258751345,0.10161627087091982,0.0,0.0006387998074557662,True,False,0.2346723044397463,80.98535272270249,68.91736961768635,16.900000000000002,1013.1615281616904
TMTM,6,12,0.19111409351381867,,,,False,True,,21.883678396028113,44.81736961768635,0.30000000000000004,17.985115884527048
TMTM,6,2,0.01417952733813396,0.048352674643217124,0.0,0.040376719013340494,True,True,0.09913043478260869,41.465826337110286,43.16736961768636,2.85,170.85860090300696
TMTM,7,11,0.5388790674789925,0.030332712674363726,2.220446049250313e-16,0.030332712674363726,True,True,0.24120603015075376,33.60188152020726,98.26736961768636,9.950000000000001,596.5063435034805
TMTM,7,3,0.13158520993629305,0.03101868406115855,0.0,0.030379884253702787,True,True,0.5369458128078818,85.65759481004153,69.86736961768636,29.900000000000002,1792.5165498245292
TMTM,7,2,0.04065745013370711,0.05483697747184107,2.220446049250313e-16,0.09521369648518156,True,False,0.21052631578947367,39.946263633731206,35.06736961768635,0.6000000000000001,35.970231769054095
TMTM,7,13,0.14724786732652043,,,,False,True,,52.0871136968688,34.41736961768635,0.55,32.972712454966256
TMTM,8,11,0.31310372831554095,0.22577533916345155,0.0,0.1954426264890878,True,True,0.20603015075376885,21.74492221982144,59.31736961768635,2.0500000000000003,122.89829187760151
TMTM,8,14,0.11008977676321194,,,,False,True,,100.27814282927179,87.06736961768635,0.5,29.975193140878417
TMTM,8,3,0.10325980889081142,0.028325401045481632,0.0,0.0020544832082211545,True,True,0.06020066889632107,98.25854668458373,85.86736961768636,1.8,107.9106953071623
TMTM,8,15,0.22315160694912456,,,,False,True,,19.039176783791405,45.81736961768635,0.2,11.990077256351366
TMTM,8,2,0.06678737569129171,0.0261299255575846,0.0,0.12134362204276616,True,True,0.042704626334519574,46.631854700641355,38.61736961768635,14.05,842.3029272586834
TMTM,9,16,0.17208690112023828,,,,False,True,,62.61694148325776,83.26736961768636,0.75,44.962789711317626
TMTM,9,11,0.4119378354181864,0.09883410710264548,0.0,0.09660851938644234,True,True,0.4939759036144578,22.53482936750399,71.96736961768636,4.15,248.79410306929086
TMTM,9,3,0.02309345791986151,0.0801663509709499,0.0,0.07811186776272876,True,True,0.11057692307692307,92.48858456806974,89.71736961768636,9.75,584.5162662471291
TMTM,9,2,0.12102214823758436,0.18780952392887607,0.0,0.06646590188610992,True,True,0.22514619883040934,34.84471182917623,49.36736961768635,6.9,413.6576653441221
TMTM,9,17,0.1513844621610712,,,,False,True,,62.083505077014905,43.91736961768636,3.85,230.8089871847638
TMTM,10,11,0.4699568052059784,0.058018969787792,0.0,0.038589549598650366,True,True,0.6265060240963856,21.172552992968942,77.56736961768635,2.6,155.87100433256776
TMTM,10,16,0.33787644442986936,0.5099633455501077,2.220446049250313e-16,0.5099633455501077,True,True,0.35714285714285715,60.16254294927067,19.61736961768635,2.1,125.89581119168935
TMTM,10,3,0.005203648841037278,0.02829710676089879,2.220446049250313e-16,0.10640897452362755,True,True,0.5128205128205128,93.09293175676189,93.71736961768636,5.0,299.7519314087842
TMTM,10,2,0.3219115322436058,0.20088938400602144,2.220446049250313e-16,0.26735528589213137,True,True,0.056962025316455694,22.687985748453656,61.31736961768635,1.4500000000000002,86.9280601085474
TMTM,10,17,0.06685899848132723,0.08452546367974396,0.0,0.08452546367974396,True,True,0.2064343163538874,59.240449435445626,51.21736961768636,18.650000000000002,1118.074704154765
TMTM,11,11,0.5255692452174222,0.05561244001144378,2.220446049250313e-16,0.01702289041279344,True,True,0.4423076923076923,20.44906019159569,83.51736961768636,1.1500000000000001,68.94294422402035
TMTM,11,16,0.31978492157611754,0.01809152285375184,0.0,0.4918718226963558,True,True,0.6268656716417911,60.89156020682046,22.517369617686356,3.35,200.83379404388538
TMTM,11,3,0.6967656339038399,0.7019692827448771,1.6653345369377348e-16,0.5955603082212496,True,True,0.69,94.57924568614715,10.967369617686359,3.45,206.82883267206105
TMTM,11,18,0.15925567950700018,,,,False,False,,43.60668807684634,62.71736961768636,1.9000000000000001,113.90573393533798
TMTM,11,17,0.14175846616055388,0.07489946767922664,0.0,0.00962599600051733,True,True,0.4187192118226601,73.62838555695282,56.61736961768636,10.15,608.4964207598318
TMTM,12,16,0.2976489074386365,0.02213601413748106,0.0,0.46973580855887476,True,True,0.6568627450980392,60.48523851032273,24.767369617686356,5.1000000000000005,305.74697003695985
TMTM,12,19,0.8067564434298785,,,,False,True,,100.27814282927179,3.4673696176863587,0.5,29.975193140878417
TMTM,12,20,0.3282332252486899,,,,False,False,,29.279382587843553,68.66736961768635,0.05,2.9975193140878416
TMTM,12,17,0.07803074783864214,0.06372771832191174,0.0,0.07335371432242906,True,True,0.4592760180995475,66.93105935832341,57.56736961768635,22.1,1324.903536826826
TMTM,13,16,0.30523813309235226,0.007589225653715796,0.0,0.47732503421259054,True,True,0.5098039215686274,62.395945588768626,25.767369617686356,2.6,155.87100433256776
TMTM,13,21,0.4611737843253214,,,,False,True,,94.20822373672492,38.86736961768635,1.1500000000000001,68.94294422402035
TMTM,13,22,0.12510010341204988,,,,False,True,,44.32938202713234,29.317369617686353,4.4,263.78169963973005
TMTM,13,20,0.40746325126790245,0.0792300260192125,0.0,0.07923002601921253,True,True,0.011904761904761904,30.071779465538064,78.96736961768636,4.2,251.7916223833787
TMTM,13,17,0.05741567823494608,0.020615069603696058,1.1102230246251565e-16,0.09396878392612512,True,True,0.4314159292035398,78.55725100587988,71.66736961768635,10.25,614.4914593880076
TMTM,14,22,0.08247985290133855,0.04262025051071135,2.220446049250313e-16,0.04262025051071135,True,True,0.39800995024875624,37.41495196584698,27.517369617686356,9.65,578.5212276189534
TMTM,14,16,0.40103810432786396,0.09579997123551169,1.942890293094024e-16,0.5731250054481022,True,True,0.2976190476190476,69.34194213703003,21.21736961768636,2.85,170.85860090300696
TMTM,14,21,0.6472923919122842,0.18611860758696278,0.0,0.18611860758696278,True,True,0.40350877192982454,94.94245664716045,17.267369617686356,2.85,170.85860090300696
TMTM,14,20,0.5571512853802931,0.14968803411239062,0.0,0.22891806013160323,True,True,0.01098901098901099,20.959215372051183,87.81736961768635,0.4,23.980154512702732
TMTM,14,17,0.04415661351770919,0.10157229175265528,1.1102230246251565e-16,0.1955410756787804,True,True,0.3713768115942029,68.46857599556125,73.76736961768636,27.6,1654.6306613764884
TMTM,15,22,0.14260760558169447,0.060127752680355924,0.0,0.017507502169644577,True,True,0.7764227642276422,35.980282287489686,18.86736961768635,12.200000000000001,731.3947126374334
TMTM,15,16,0.3843510002619272,0.016687104065936726,0.0,0.5564379013821655,True,True,0.2878787878787879,76.48948964911762,30.36736961768635,9.9,593.5088241893926
TMTM,15,17,0.007338555262542101,0.051495168780251295,0.0,0.14404590689852909,True,True,0.4528301886792453,66.6979962491914,65.81736961768635,60.95,3653.9760438730787
TMTM,16,22,0.21343251382488415,0.0708249082431897,0.0,0.08833241041283427,True,True,0.6582633053221288,35.17927127667245,9.567369617686353,17.400000000000002,1043.136721302569
TMTM,16,16,0.4357627602772595,0.05141176001533232,1.1102230246251565e-16,0.6078496613974979,True,True,0.3869346733668342,81.8589008509575,29.567369617686353,3.9000000000000004,233.80650649885163
TMTM,16,23,0.22728606533411308,,,,False,False,,45.493041777592786,72.76736961768636,0.30000000000000004,17.985115884527048
TMTM,16,17,0.13812413203746404,0.13078557677492195,0.0,0.013260330123607151,True,True,0.23954060705496308,81.84226546218204,65.26736961768636,14.600000000000001,875.2756397136498
TMTM,17,22,0.15646017307628918,0.056972340748594995,1.6653345369377348e-16,0.03136006966423928,True,True,0.6867816091954023,33.44259038684105,14.667369617686347,11.950000000000001,716.4071160669941
TMTM,17,16,0.11029686854492103,0.5460596288221805,3.3306690738754696e-16,0.061790032575317254,True,True,0.31840796019900497,90.08174539229583,103.31736961768635,9.35,560.5361117344264
TMTM,17,24,0.1631788705029699,,,,False,False,,74.09883407804274,54.517369617686356,5.75,344.7147211201018
TMTM,17,17,0.22929116993531184,0.09116703789784779,2.220446049250313e-16,0.07790670777424064,True,True,0.2054794520547945,86.48231000992378,58.96736961768636,3.0,179.8511588452705
TMTM,18,22,0.16726344137728627,0.010803268300997093,0.0,0.04216333796523637,True,True,0.6234309623430963,31.638982582960704,11.567369617686353,7.45,446.63037779908836
TMTM,18,25,0.4440219198526137,,,,False,True,,60.0,6.717369617686359,0.05,2.9975193140878416
TMTM,18,16,0.5753483049471328,0.6856451734920539,0.0,0.7474352060673711,True,True,0.34759358288770054,89.95916621134229,20.917369617686347,3.25,194.8387554157097
TMTM,18,26,0.4689113371965245,,,,False,True,,23.69800915410342,79.96736961768636,3.7,221.81642924250028
TMTM,18,27,0.32046232058500185,,,,False,True,,95.67284808788658,57.21736961768636,3.0500000000000003,182.84867815935834
TMTM,18,17,0.26606765738818255,0.03677648745287072,1.6653345369377348e-16,0.11468319522711136,True,True,0.5522388059701493,91.84548850426826,59.917369617686354,2.2,131.89084981986502
TMTM,19,22,0.15350560647240657,0.01375783490487968,1.1102230246251565e-16,0.028405503060356687,True,True,0.4697986577181208,28.938042394375145,10.517369617686356,3.5,209.82635198614892
TMTM,19,16,0.020836693389297643,0.5545116115578352,0.0,0.19292359450953592,True,True,0.4153846153846154,90.46777282440208,87.96736961768636,1.35,80.93302148037172
TMTM,19,28,0.012603085287239206,,,,False,False,,76.55499938321765,78.06736961768635,2.0,119.90077256351367
TMTM,19,29,0.09741769481791991,,,,False,False,,88.35749299583674,76.66736961768635,0.65,38.96775108314194
TMTM,19,26,0.11922029522962495,0.3496910419668995,0.0,0.34969104196689954,True,True,0.30414746543778803,35.060934190131356,49.36736961768635,10.450000000000001,626.4815366443589
TMTM,19,17,0.1805053150356629,0.08556234235251967,0.0,0.029120852874591683,True,True,0.3283582089552239,79.6780074219659,58.017369617686356,6.7,401.66758808777075
TMTM,20,22,0.20976027744906703,0.056254670976660454,1.1102230246251565e-16,0.08466017403701714,True,True,0.47619047619047616,36.2386029115744,11.067369617686353,5.800000000000001,347.7122404341896
TMTM,20,16,0.027169722945852116,0.04800641633514976,0.0,0.14491717817438618,True,True,0.09060402684563758,83.40700286418411,86.66736961768636,14.9,893.2607555981767
TMTM,20,30,0.19112433196049292,,,,False,True,,100.20228945294551,77.26736961768636,0.9,53.95534765358115
TMTM,20,26,0.12085675011113922,0.0016364548815142636,0.0,0.3480545870853853,True,False,0.19617224880382775,36.06455960434965,50.56736961768635,2.0500000000000003,122.89829187760151
TMTM,20,31,0.09660105663831692,,,,False,False,,60.45949641428438,48.86736961768635,1.3,77.93550216628388
TMTM,20,17,0.40066022678387403,0.22015491174821117,0.0,0.24927576462280285,True,True,0.03731343283582089,89.69659683175124,41.61736961768635,0.25,14.987596570439209
TMTM,21,16,0.08121911120508199,0.05404938825922988,1.3877787807814457e-16,0.09086778991515629,True,True,0.8523489932885906,84.82107627307651,94.56736961768635,12.700000000000001,761.3699057783117
TMTM,21,22,0.2931222061865715,0.08336192873750446,0.0,0.1680221027745216,True,True,0.40236686390532544,43.342034360074926,8.167369617686347,6.050000000000001,362.6998370046288
TMTM,21,26,0.08998475904085038,0.03087199107028885,0.0,0.37892657815567415,True,True,0.2459016393442623,33.569198532784306,44.36736961768635,5.550000000000001,332.72464386375043
TMTM,21,31,0.22078201174574255,0.12418095510742563,0.0,0.12418095510742563,True,True,0.06968641114982578,80.71121102717547,54.21736961768636,14.05,842.3029272586834
TMTM,22,16,0.03853984227871668,0.04267926892636531,0.0,0.1335470588415216,True,True,0.5076335877862596,92.34258854424036,96.96736961768636,7.050000000000001,422.65022328638565
TMTM,22,26,0.018406395265435787,0.10839115430628615,0.0,0.4873177324619603,True,False,0.20317460317460317,50.97613704953865,48.767369617686356,13.4,803.3351761755415
TMTM,22,31,0.28377068769285946,0.06298867594711689,0.0,0.1871696310545425,True,True,0.3404255319148936,91.96985214082949,57.917369617686354,4.8500000000000005,290.75937346652063
TMTM,23,32,0.7347787558811876,,,,False,True,,22.793918911943855,110.96736961768636,1.25,74.93798285219604
TMTM,23,16,0.0444835637876776,0.005943721508960919,2.220446049250313e-16,0.12760333733256068,True,True,0.574468085106383,94.82934196316505,100.16736961768636,4.05,242.79906444111518
TMTM,23,26,0.12336528544517258,0.1049588901797368,0.0,0.592276622641697,True,True,0.3666061705989111,67.92120387110707,53.11736961768636,24.25,1453.7968673326031
TMTM,23,33,0.131223988251813,,,,False,True,,24.12049102746879,39.86736961768635,2.2,131.89084981986502
TMTM,24,16,0.768324599885713,0.8128081636733906,4.440892098500626e-16,0.9404115010059513,True,True,0.1111111111111111,98.11632160397191,5.917369617686347,0.45,26.977673826790575
TMTM,24,34,0.10326523971055934,,,,False,False,,70.32554085241924,82.71736961768636,2.0,119.90077256351367
TMTM,24,33,0.195518622603465,0.064294634351652,2.220446049250313e-16,0.064294634351652,True,True,0.16,36.25513490527056,59.71736961768636,13.75,824.3178113741565
TMTM,24,26,0.29093308888402947,0.16756780343885685,1.1102230246251565e-16,0.7598444260805539,True,True,0.4158415841584158,81.97934028376989,47.06736961768635,11.5,689.4294422402036
TMTM,25,35,0.5807031607592218,,,,False,True,,42.93299032657975,112.61736961768636,0.15000000000000002,8.992557942263524
TMTM,25,36,0.6852791846396294,,,,False,True,,20.233867460930824,102.46736961768636,0.5,29.975193140878417
TMTM,25,33,0.017620791888352194,0.1778978307151128,0.0,0.11360319636346079,True,False,0.1903409090909091,55.602874591084095,57.71736961768636,7.2,431.6427812286492
TMTM,25,37,0.1927771411270703,,,,False,False,,30.48411268243792,53.61736961768636,0.8500000000000001,50.957828339493304
TMTM,25,26,0.39387009813784624,0.10293700925381681,1.1102230246251565e-16,0.8627814353343708,True,True,0.4956521739130435,87.5317813942279,40.267369617686356,5.7,341.7172018060139
TMTM,26,36,0.6449975299253481,0.040281654714281336,0.0,0.04028165471428136,True,True,0.125,20.41766602664458,97.81736961768635,1.3,77.93550216628388
TMTM,26,33,0.17646589392928042,0.1940866858176326,2.220446049250313e-16,0.30768988218109344,True,False,0.22439024390243903,72.9432768892,51.767369617686356,17.900000000000002,1073.1119144434472
TMTM,26,37,0.281007947285467,0.08823080615839674,0.0,0.08823080615839674,True,True,0.2537313432835821,30.19641594343031,63.917369617686354,3.35,200.83379404388538
TMTM,26,26,0.2926113629937451,0.10125873514410114,2.220446049250313e-16,0.7615227001902696,True,True,0.21052631578947367,96.48073317693577,61.36736961768636,1.2000000000000002,71.94046353810819
TMTM,27,36,0.5410435040002447,0.10395402592510333,1.942890293094024e-16,0.14423568063938472,True,True,0.4,23.19214913765699,88.11736961768636,1.5,89.92557942263525
TMTM,27,38,0.029174153508394342,,,,False,False,,60.068268038693674,56.56736961768635,3.75,224.81394855658812
TMTM,27,33,0.28689933464063094,0.11043344071135053,0.0,0.41812332289244397,True,True,0.24258760107816713,86.49528977456207,52.06736961768635,5.15,308.74448935104766
TMTM,28,39,0.7241793132671622,,,,False,True,,19.46585202562691,106.36736961768636,0.2,11.990077256351366
TMTM,28,33,0.17955744056204476,0.10734189407858619,2.220446049250313e-16,0.31078142881385773,True,True,0.173109243697479,78.91426248513173,57.36736961768636,29.75,1783.5239918822658
TMTM,28,40,0.055736354143211236,,,,False,True,,23.2557321148717,16.567369617686353,0.8500000000000001,50.957828339493304
TMTM,28,41,0.20965864830729627,,,,False,True,,65.32640741456191,40.16736961768636,4.55,272.7742575819936
TMTM,29,42,0.6890866015750023,,,,False,True,,20.176977428686087,102.86736961768636,0.30000000000000004,17.985115884527048
TMTM,29,43,0.05066280961423194,,,,False,False,,71.9469067713942,65.86736961768636,7.0,419.65270397229784
TMTM,29,33,0.28471661523025293,0.10515917466820816,2.220446049250313e-16,0.4159406034820659,True,True,0.20134228187919462,90.28336344531671,56.11736961768636,6.050000000000001,362.6998370046288
TMTM,29,41,0.1951178938135771,0.014540754493719159,4.440892098500626e-16,0.014540754493719159,True,True,0.4504950495049505,71.43151687531561,48.017369617686356,10.100000000000001,605.498901445744
TMTM,30,42,0.11807100830166938,0.8071576098766717,0.0,0.8071576098766717,True,True,0.1875,21.385890613886684,7.217369617686359,1.6,95.92061805081093
TMTM,30,43,0.09621315144344074,0.14687596105767267,1.1102230246251565e-16,0.14687596105767267,True,True,0.2670807453416149,69.92179144447347,81.46736961768636,13.4,803.3351761755415
TMTM,30,44,0.3791292703913179,,,,False,True,,19.721857170728214,65.21736961768636,0.25,14.987596570439209
TMTM,30,45,0.45551245779630173,,,,False,True,,98.27886455324256,43.61736961768635,1.4000000000000001,83.93054079445956
TMTM,30,41,0.10499230951492938,0.09012558429864773,0.0,0.10466633879236689,True,True,0.45,62.066446759477884,49.46736961768636,10.200000000000001,611.4939400739197
TMTM,31,42,0.6991882628675465,0.817259271169216,1.249000902703301e-16,0.01010166129254427,True,True,0.9375,21.31477807358077,105.21736961768636,1.5,89.92557942263525
TMTM,31,43,0.10345894276019744,0.007245791316756704,1.942890293094024e-16,0.15412175237442938,True,True,0.48860759493670886,74.75229648646267,87.16736961768636,16.0,959.2061805081094
TMTM,31,44,0.3161180408716239,0.063011229519694,0.0,0.063011229519694,True,True,0.06097560975609756,25.283204713091493,63.21736961768636,4.1000000000000005,245.79658375520302
TMTM,31,41,0.25227053271203037,0.147278223197101,1.3877787807814457e-16,0.04261188440473411,True,True,0.34657039711191334,74.28983354313,44.017369617686356,8.450000000000001,506.5807640808452
TMTM,31,45,0.47563917650139326,0.020126718705091542,2.220446049250313e-16,0.020126718705091542,True,True,0.21428571428571427,96.69407079785354,39.61736961768635,0.30000000000000004,17.985115884527048
TMTM,32,42,0.7257364050444477,0.026548142176901112,1.249000902703301e-16,0.036649803469445415,True,True,0.6764705882352942,22.579001012352638,109.66736961768636,1.35,80.93302148037172
TMTM,32,43,0.1432403961432217,0.03978145338302426,1.6653345369377348e-16,0.19390320575745362,True,True,0.5649546827794562,66.87852208049975,84.06736961768635,9.9,593.5088241893926
TMTM,32,44,0.4403723987812256,0.12425435790960168,2.1510571102112408e-16,0.06124312838990769,True,True,0.6633663366336634,23.722681763939285,76.56736961768635,4.3,257.7866610115544
TMTM,32,41,0.21153134042060298,0.04073919229142741,0.0,0.0018726921133067028,True,True,0.18017057569296374,72.7511304681587,47.36736961768635,46.900000000000006,2811.6731166143954
TMTM,32,46,0.011454920458899398,,,,False,True,,24.841960072754286,23.46736961768636,0.75,44.962789711317626
TMTM,33,42,0.7873182736157912,0.06158186857134356,0.0,0.09823167204078895,True,True,0.07407407407407407,19.039176783791405,113.51736961768636,0.1,5.995038628175683
TMTM,33,43,0.013466264376916353,0.12977413176630534,1.3877787807814457e-16,0.06412907399114828,True,False,0.24915824915824916,70.1514178924564,71.76736961768636,8.65,518.5708413371966
TMTM,33,44,0.05537018168306718,0.3850022170981584,0.0,0.32375908870825065,True,True,0.3524590163934426,27.22294781571829,33.86736961768635,12.200000000000001,731.3947126374334
TMTM,33,41,0.2323073098473039,0.020775969426700947,1.1102230246251565e-16,0.02264866154000765,True,True,0.4680170575692964,84.29424679936282,56.417369617686354,21.950000000000003,1315.9109788845624
TMTM,34,43,0.028358254495040924,0.041824518871957275,0.0,0.02230455511919101,True,False,0.011560693641618497,77.92036015709127,74.51736961768636,0.1,5.995038628175683
TMTM,34,47,0.09685648611049835,,,,False,False,,85.79014795094615,74.16736961768635,0.45,26.977673826790575
TMTM,34,44,0.07923307112255189,0.023862889439484707,0.0,0.29989619926876604,True,True,0.6385224274406333,31.959401082980133,41.46736961768636,18.85,1130.0647814111162
TMTM,34,41,0.2793318073179251,0.047024497470621186,0.0,0.06967315901062883,True,True,0.3235294117647059,88.13718649583737,54.61736961768636,7.300000000000001,437.6378198568249
TMTM,35,48,0.5213431930039559,,,,False,True,,36.10618645721165,98.66736961768636,0.4,23.980154512702732
TMTM,35,47,0.033106937499101007,0.06374954861139734,0.0,0.06374954861139734,True,True,0.014925373134328358,85.59020211757849,81.61736961768636,16.55,992.1788929630756
TMTM,35,49,0.26312127730062423,,,,False,True,,100.39192289376126,68.81736961768635,0.6000000000000001,35.970231769054095
TMTM,35,44,0.0571713750331868,0.022061696089365087,0.0,0.3219578953581311,True,True,0.6533795493934142,37.256804613703935,44.11736961768635,28.85,1729.5686442286847
TMTM,35,41,0.2707719459508002,0.008559861367124928,0.0,0.06111329764350391,True,True,0.4863013698630137,92.86000313178238,60.36736961768636,3.5500000000000003,212.82387130023676
TMTM,36,48,0.2908148435482555,0.23052834945570044,0.0,0.23052834945570044,True,True,0.1095890410958904,39.51958839189569,74.41736961768635,3.6500000000000004,218.81890992841244
TMTM,36,50,0.016444589137468078,,,,False,True,,95.84072031418253,93.86736961768636,0.05,2.9975193140878416
TMTM,36,47,0.03203257065997391,0.06513950815907492,2.220446049250313e-16,0.12888905677047227,True,False,0.18126888217522658,88.47346113848948,92.31736961768635,3.0,179.8511588452705
TMTM,36,51,0.19690160694912465,,,,False,True,,19.039176783791405,42.66736961768636,0.05,2.9975193140878416
TMTM,36,44,0.10698322524869,0.0498118502155032,0.0,0.27214604514262786,True,False,0.03292894280762565,29.27938258784355,42.11736961768635,0.9500000000000001,56.95286696766899
TMTM,36,41,0.6169729385931684,0.3462009926423682,4.440892098500626e-16,0.4073142902858721,True,True,0.04225352112676056,99.25412224886657,25.21736961768636,0.15000000000000002,8.992557942263524
TMTM,37,48,0.2809849832749273,0.5717998268231829,1.942890293094024e-16,0.8023281762788833,True,True,0.5142857142857142,43.885567610677626,10.167369617686347,4.3,257.7866610115544
TMTM,37,47,0.035773581638356804,0.06780615229833072,2.220446049250313e-16,0.06108290447214155,True,True,0.06756756756756757,96.11019941428917,91.81736961768635,0.9500000000000001,56.95286696766899
TMTM,37,52,0.004556268379415821,,,,False,False,,90.72061741215646,91.26736961768636,0.05,2.9975193140878416
TMTM,37,51,0.2489570195851995,0.052055412636074855,0.0,0.052055412636074855,True,True,0.5,19.892527267462416,49.767369617686356,0.1,5.995038628175683
TMTM,37,44,0.09606446079794093,0.010918764450749071,0.0,0.28306480959337693,True,False,0.15492957746478872,36.53963432193344,48.06736961768635,3.1500000000000004,188.84371678753402
TMTM,37,53,0.2999411590699322,,,,False,True,,75.36030870607821,39.36736961768635,0.35000000000000003,20.98263519861489
TMTM,38,48,0.5422633429861833,0.8232483262611104,2.220446049250313e-16,0.020920149982227323,True,True,0.22093023255813954,41.49576845934437,106.56736961768635,0.9500000000000001,56.95286696766899
TMTM,38,47,0.014562640342727326,0.05033622198108413,0.0,0.11141912645322567,True,True,0.06291390728476821,90.01985277655908,91.76736961768636,15.100000000000001,905.2508328545282
TMTM,38,54,0.010297696757662322,,,,False,False,,48.05309322860583,46.81736961768635,0.05,2.9975193140878416
TMTM,38,55,0.002674811303521333,,,,False,False,,46.3463922612638,46.66736961768636,0.05,2.9975193140878416
TMTM,38,44,0.016063986031371453,0.08000047476656948,0.0,0.3630652843599464,True,False,0.015873015873015872,44.63969129392178,46.56736961768635,0.05,2.9975193140878416
TMTM,39,56,0.7944016069491247,,,,False,True,,19.039176783791405,114.36736961768636,0.05,2.9975193140878416
TMTM,39,48,0.5601937824003952,0.017930439414212056,1.6653345369377348e-16,0.03885058939643926,True,True,0.4090909090909091,43.64411572963893,110.86736961768636,0.6000000000000001,35.970231769054095
TMTM,39,57,0.14615633797728064,,,,False,False,,38.17860906041268,55.71736961768636,0.7000000000000001,41.96527039722978
TMTM,39,58,0.01758110027787675,,,,False,False,,56.127101651031566,54.017369617686356,2.6,155.87100433256776
TMTM,40,56,0.7775126466004953,0.01688896034862927,0.0,0.016888960348629332,True,True,0.25,19.46585202562691,112.76736961768636,0.2,11.990077256351366
TMTM,40,58,0.05408362454541157,0.036502524267534815,0.0,0.036502524267534815,True,True,0.02240413614821198,61.05740456313574,54.56736961768635,116.05000000000001,6957.24232799788
TMTM,41,59,0.6652220541662305,,,,False,True,,20.590723117738705,100.41736961768636,1.1,65.94542490993251
TMTM,41,60,0.051296083539034615,,,,False,False,,63.12289964237051,56.96736961768636,2.35,140.88340776212854
TMTM,41,58,0.005972621254021545,0.06005624579943311,0.0,0.023553721531898296,True,False,0.04782421370099095,52.25065506720377,52.96736961768636,5.550000000000001,332.72464386375043
TMTM,42,61,0.43837383602448404,,,,False,False,,41.11250929474827,93.71736961768636,1.5,89.92557942263525
TMTM,42,60,0.22161351378775435,0.17031743024871973,0.0,0.17031743024871973,True,True,0.002136752136752137,81.81099127221688,55.21736961768636,21.1,1264.953150545069
TMTM,42,58,0.11357890802954446,0.11955152928356601,2.220446049250313e-16,0.0959978077516677,True,False,0.2702702702702703,57.496838581231685,43.86736961768635,1.5,89.92557942263525
TMTM,42,62,0.12550937756140582,,,,False,True,,20.556244310317652,35.61736961768635,0.9,53.95534765358115
TMTM,43,63,0.2270703425240327,,,,False,True,,57.718928514802435,84.96736961768636,5.2,311.74200866513553
TMTM,43,60,0.23627398141653586,0.014660467628781504,0.0,0.18497789787750124,True,True,0.2636363636363636,89.32024738767066,60.96736961768636,13.65,818.3227727459807
TMTM,43,62,0.039340566099012445,0.08616881146239337,0.0,0.08616881146239337,True,True,0.05084745762711865,40.54650168580486,45.267369617686356,17.7,1061.121837187096
TMTM,44,64,0.4686455996583433,,,,False,True,,39.829897658685155,96.06736961768635,4.4,263.78169963973005
TMTM,44,63,0.01523006807676263,0.21184027444727008,2.220446049250313e-16,0.21184027444727008,True,True,0.06479481641468683,82.23976144847484,84.06736961768635,19.450000000000003,1166.0350131801704
TMTM,44,60,0.5642984225587568,0.32802444114222096,0.0,0.5130023390197223,True,True,0.2655172413793103,94.73318032473718,27.017369617686356,4.7,281.7668155242571
TMTM,44,62,0.004120335206942076,0.043460901305954515,1.6653345369377348e-16,0.1296297127683479,True,True,0.7094188376753507,42.3618098425194,41.86736961768635,24.950000000000003,1495.7621377298328
TMTM,45,64,0.490588254939226,0.021942655280882663,0.0,0.021942655280882663,True,True,0.7543859649122807,41.89677902497924,100.76736961768636,5.6000000000000005,335.72216317783824
TMTM,45,63,0.053165257832545144,0.06839532590930777,0.0,0.28023560035657785,True,True,0.6510791366906474,84.99720055759178,78.61736961768636,26.450000000000003,1585.6877171524682
TMTM,45,60,0.32198872630502934,0.24230969625372753,1.1102230246251565e-16,0.2706926427659947,True,True,0.4105263157894737,94.00601677428988,55.36736961768636,2.0,119.90077256351367
TMTM,45,62,0.07708737983408209,0.07296704462714002,1.6653345369377348e-16,0.2025967573954879,True,True,0.7132352941176471,46.9178551977762,37.66736961768635,33.300000000000004,1996.3478631825026
TMTM,46,64,0.5001738398232634,0.009585584884037424,2.0816681711721685e-16,0.031528240164920084,True,True,0.8582677165354331,41.44650883889475,101.46736961768636,6.2,371.69239494689236
TMTM,46,65,0.17188917650139313,,,,False,True,,96.69407079785353,76.06736961768635,0.2,11.990077256351366
TMTM,46,66,0.1820730581170223,,,,False,False,,97.41613659172903,75.56736961768635,0.65,38.96775108314194
TMTM,46,63,0.22644998532788538,0.17328472749534024,0.0,0.4535203278519181,True,True,0.06766917293233082,98.29136785703261,71.11736961768636,1.9500000000000002,116.90325324942582
TMTM,46,67,0.15302514261448347,,,,False,True,,22.90435250394834,41.267369617686356,1.7000000000000002,101.91565667898661
TMTM,46,62,0.046335784985953116,0.03075159484812898,0.0,0.17184516254735893,True,True,0.0990990990990991,44.27766381600073,38.71736961768636,3.3000000000000003,197.83627472979754
TMTM,47,64,0.5031972344431355,0.003023394619872081,1.942890293094024e-16,0.034551634784792166,True,True,0.7133757961783439,38.283701484510104,98.66736961768636,7.25,434.640300542737
TMTM,47,63,0.09465617167956578,0.1317938136483196,0.0,0.3217265142035985,True,True,0.08024691358024691,89.37611021923425,78.01736961768636,15.55,932.2285066813188
TMTM,47,68,0.06580800184752361,,,,False,False,,37.37040939598352,45.267369617686356,2.7,161.86604296074344
TMTM,47,67,0.18242136721820457,0.029396224603721096,0.0,0.029396224603721096,True,True,0.3235294117647059,21.676805551501804,43.56736961768635,0.55,32.972712454966256
TMTM,47,62,0.12033483429489955,0.07399904930894644,1.1275702593849246e-16,0.24584421185630537,True,True,0.3645833333333333,55.4575497330743,41.017369617686356,3.25,194.8387554157097
TMTM,48,64,0.5600070584215207,0.056809823978385174,1.6653345369377348e-16,0.09136145876317733,True,True,0.65625,34.616522607103875,101.81736961768635,8.65,518.5708413371966
TMTM,48,63,0.09977031254789234,0.005114140868326563,0.0,0.32684065507192506,True,True,0.7633136094674556,91.13980712343343,79.16736961768635,14.25,854.2930045150348
TMTM,48,68,0.18899777859515693,0.12318977674763332,1.6653345369377348e-16,0.12318977674763332,True,True,0.13934426229508196,26.287636186267527,48.96736961768636,4.25,254.78914169746653
TMTM,48,62,0.16218151842180153,0.04184668412690199,2.220446049250313e-16,0.28769089598320735,True,True,0.2838427947598253,60.52915182830254,41.06736961768635,11.450000000000001,686.4319229261157
TMTM,49,64,0.575956089428504,0.015949031006983284,2.220446049250313e-16,0.10731048977016068,True,True,0.19653179190751446,35.20263888626588,104.31736961768635,1.7000000000000002,101.91565667898661
TMTM,49,63,0.0454432064402989,0.054327106107593434,1.1796119636642288e-16,0.2725135489643316,True,True,0.9072164948453608,91.27055439052222,85.81736961768635,13.5,809.3302148037172
TMTM,49,68,0.10359339733415093,0.085404381261006,0.0,0.037785395486627314,True,True,0.23550724637681159,34.88616193758824,47.31736961768635,12.8,767.3649444064874
TMTM,49,62,0.2673573969781568,0.10517587855635527,0.0,0.39286677453956265,True,True,0.026200873362445413,72.80025725506518,40.71736961768636,0.30000000000000004,17.985115884527048
TMTM,50,63,0.04329450650039206,0.0021486999399068433,0.0,0.27036484902442476,True,True,0.8074074074074075,92.9127103977334,87.71736961768636,10.9,653.4592104711495
TMTM,50,68,0.05350644751934291,0.15709984485349385,0.0,0.11931444936686653,True,True,0.19408642911296436,55.63814332000751,49.21736961768636,65.95,3953.727975281863
TMTM,51,69,0.20109729859411432,,,,False,True,,36.09904544898008,11.967369617686359,11.950000000000001,716.4071160669941
TMTM,51,63,0.049117644968196456,0.09241215146858851,2.220446049250313e-16,0.17795269755583623,True,True,0.4943310657596372,84.92325222150278,90.81736961768635,22.05,1321.9060175127381
TMTM,51,68,0.1835273017764151,0.23703374929575802,4.440892098500626e-16,0.11771929992889148,True,True,0.1068991660348749,29.594093404516546,51.61736961768636,7.050000000000001,422.65022328638565
TMTM,51,70,0.11452336679676195,,,,False,True,,59.910173633297795,46.16736961768636,3.8000000000000003,227.81146787067595
TMTM,52,69,0.23861060870474268,0.037513310110628355,0.0,0.037513310110628355,True,True,0.5521235521235521,41.10064266225548,12.467369617686359,8.15,488.59564819631817
TMTM,52,63,0.06090737775690964,0.01178973278871318,1.1102230246251565e-16,0.16616296476712306,True,True,0.7267206477732794,82.80848428685721,90.11736961768636,20.6,1234.9779574041906
TMTM,52,68,0.06170943195196917,0.24523673372838425,0.0,0.1275174337994928,True,True,0.11289031224979984,55.922501451922656,48.517369617686356,62.45,3743.901623295714
TMTM,53,71,0.3736890152777223,,,,False,True,,62.56005145101304,17.71736961768636,0.2,11.990077256351366
TMTM,53,63,0.03502352182265298,0.09593089957956262,1.6653345369377348e-16,0.2620938643466857,True,True,0.6796116504854369,88.52019223640471,84.31736961768635,14.0,839.3054079445957
TMTM,53,68,0.10019271349175517,0.038483281539786,0.0,0.1660007153392788,True,True,0.7798972853998533,59.840495236696974,47.81736961768635,58.85,3528.0802326813896
TMTM,54,71,0.11108240715156038,0.48477142242928273,0.0,0.48477142242928273,True,True,0.019801980198019802,62.73748075949911,76.06736961768635,10.100000000000001,605.498901445744
TMTM,54,63,0.06700003327118947,0.03197651144853649,1.1102230246251565e-16,0.29407037579522216,True,True,0.5464285714285714,93.0073736102291,84.96736961768636,7.65,458.6204550554398
TMTM,54,68,0.04578671739111737,0.14597943088287255,2.220446049250313e-16,0.020021284456406243,True,True,0.1707731520815633,32.52296353075227,38.017369617686356,10.05,602.5013821316561
TMTM,54,72,0.48570610584213597,,,,False,True,,89.70210231874266,31.417369617686347,3.1,185.84619747344618
TMTM,55,73,0.6048655251561743,,,,False,True,,21.233506598945436,93.81736961768635,0.35000000000000003,20.98263519861489
TMTM,55,71,0.1987571531329576,0.08767474598139723,0.0,0.57244616841068,True,True,0.2627118644067797,52.26651124173145,76.11736961768636,4.800000000000001,287.76185415243276
TMTM,55,63,0.08062968018518941,0.013629646913999949,0.0,0.3077000227092221,True,True,0.7777777777777778,91.59293123990908,81.91736961768635,6.75,404.6651074018586
TMTM,55,74,0.12937631215329276,,,,False,True,,22.64221215929123,38.16736961768636,0.9,53.95534765358115
TMTM,55,68,0.06595974692843067,0.11174646431954803,0.0,0.13176774877595426,True,True,0.23557692307692307,44.182539249098035,36.267369617686356,2.8000000000000003,167.86108158891912
TMTM,56,73,0.5746512853802931,0.03021423977588116,1.942890293094024e-16,0.030214239775881186,True,True,0.875,20.959215372051183,89.91736961768636,0.4,23.980154512702732
TMTM,56,75,0.2752306526980381,,,,False,True,,44.63969129392178,77.66736961768635,0.6000000000000001,35.970231769054095
TMTM,56,71,0.13977127414398732,0.05898587898897028,2.220446049250313e-16,0.5134602894217096,True,True,0.1875,60.094816720407884,76.86736961768636,0.9,53.95534765358115
TMTM,56,63,0.07194543692416198,0.008684243261027428,0.0,0.2990157794481947,True,True,0.9214285714285714,91.0008220485858,82.36736961768636,6.7,401.66758808777075
TMTM,56,68,0.08734950359705197,0.021389756668621314,0.0,0.1531575054445756,True,True,0.053794428434197884,51.79931004933259,41.31736961768635,52.050000000000004,3120.4176059654433
TMTM,57,73,0.6302512639423711,0.0555999785620779,0.0,0.025385738786196772,True,True,0.625,21.087217944601832,96.71736961768636,0.25,14.987596570439209
TMTM,57,71,0.06400828478927185,0.07576298935471547,2.220446049250313e-16,0.4376973000669942,True,True,0.11666666666666667,68.38637544297373,76.06736961768635,5.800000000000001,347.7122404341896
TMTM,57,63,0.12124441763409166,0.04929898070992967,1.1102230246251565e-16,0.34831476015812435,True,True,0.373134328358209,94.81669973377736,80.26736961768636,2.5,149.8759657043921
TMTM,57,76,0.3056284128744339,,,,False,True,,24.841960072754286,61.517369617686356,0.75,44.962789711317626
TMTM,57,68,0.17575497889767935,0.08840547530062738,0.0,0.24156298074520297,True,True,0.5495750708215298,67.20796708540787,46.11736961768635,30.0,1798.511588452705
TMTM,58,71,0.022916055649257316,0.08692434043852917,0.0,0.350772959628465,True,True,0.4793388429752066,70.26729629559723,67.51736961768636,3.1500000000000004,188.84371678753402
TMTM,58,77,0.10496973569687337,,,,False,False,,50.97100133406155,63.56736961768635,4.65,278.7692962101693
TMTM,58,78,0.014744106344965797,,,,False,False,,59.78666237908225,58.017369617686356,0.4,23.980154512702732
TMTM,58,79,0.13352149109417172,,,,False,True,,57.43994854898697,41.41736961768636,0.5,29.975193140878417
TMTM,58,68,0.42221205957979513,0.24645708068211575,0.0,0.48802006142731874,True,True,0.145,89.58281676726178,38.91736961768636,4.3500000000000005,260.78418032564224
ST-MTM,0,0,0.30217155837551946,,,,False,True,,64.10334487892868,100.36393188399101,0.5870141990088698,140.88340776212854
ST-MTM,0,1,0.016627170013041474,,,,False,False,,68.53350483671014,70.52876523827511,0.024979327617401736,5.995038628175683
ST-MTM,0,2,0.11795801036793793,,,,False,True,,19.77062005550942,5.615658811356866,0.08742764666089897,20.98263519861489
ST-MTM,0,3,0.2008407180206228,,,,False,True,,65.81200869959719,41.71112253712245,5.545410731062503,1330.8985754550017
ST-MTM,1,4,0.16496584367336725,,,,False,True,,71.94690677139417,91.74280801219824,0.019637836177203383,8.992557942263524
ST-MTM,1,3,0.2373275537544844,0.03648683573386157,0.6460555730260948,0.03648683573386157,True,True,0.44680851063829785,74.01879702869132,45.5394905781532,5.996085979438462,2745.727691704463
ST-MTM,1,2,0.185214168842898,0.06725615847496007,0.6460555730261714,0.06725615847496007,True,True,0.07692307692307693,24.01299103147387,1.7872907703261092,0.22910808873399446,104.91317599307446
ST-MTM,2,5,0.0032991701803959236,,,,False,False,,67.04014149028583,66.64424106863832,0.3319511975734031,47.960309025405465
ST-MTM,2,3,0.341792662281594,0.10446510852710962,1.1535534066994158,0.14095194426097118,True,True,0.06609808102345416,92.10223248095716,51.087113007165875,1.7427437872603804,251.7916223833787
ST-MTM,2,6,0.12797399360766698,,,,False,False,,71.80468169078235,56.44780245786231,0.2489633981800523,35.970231769054095
ST-MTM,2,2,0.29119823995932564,0.10598407111642763,1.1535534066994448,0.17324022959138768,True,True,0.18181818181818182,31.18345713644281,-3.7603316586762645,3.049801627705648,440.6353391709127
ST-MTM,2,7,0.42948484072480525,,,,False,True,,75.96984476584323,24.4316638788666,0.8713718936301973,125.89581119168935
ST-MTM,3,3,0.14927882136812134,0.19251384091347265,1.8862639283724192,0.05156189665250146,True,True,0.056451612903225805,66.64443461277718,48.730976048602614,4.68126441998605,4460.308739362708
ST-MTM,3,2,0.4619371526450099,0.17073891268568425,1.8862639283724065,0.34397914227707194,True,True,0.29577464788732394,54.028263617288175,-1.4041947001130097,1.563567484363631,1489.7670991016573
ST-MTM,4,3,0.051512776039157694,0.09776604532896366,0.6697455649828636,0.14932794198146512,True,True,0.30913978494623656,63.543259616981814,57.36172649228289,2.8273845236228823,1378.8588844804071
ST-MTM,4,8,0.4444507089585387,,,,False,False,,92.1647489999074,38.83066392488276,0.0799043452328192,38.96775108314194
ST-MTM,4,9,0.5079282044792358,,,,False,False,,80.18783429941709,19.236449761908787,0.2151270833191461,104.91317599307446
ST-MTM,4,2,0.5414889628765042,0.0795518102314943,0.6697455649828563,0.42353095250856615,True,True,0.8998109640831758,54.943730401870575,-10.034945143309926,3.1224159521748334,1522.7398115566234
ST-MTM,5,3,0.15490209316202327,0.10338931712286557,0.2131055186859952,0.045938624858599536,True,False,0.4007936507936508,68.99140021819213,50.40314903874933,1.8711676595249855,737.389751265609
ST-MTM,5,2,0.46412095820060595,0.07736800467589824,0.21310551868600042,0.346162947832668,True,True,0.7552674230145867,52.618147294296335,-3.076367689776376,4.373664244824681,1723.573605600509
ST-MTM,6,10,0.561494717253069,,,,False,True,,21.59922823480444,88.97859430517272,0.055142003570416875,11.990077256351366
ST-MTM,6,11,0.3159914118424474,,,,False,True,,39.34180704113091,77.2607764622246,0.661704042844999,143.88092707621638
ST-MTM,6,3,0.29117488038255224,0.13627278722052896,0.5946309839693991,0.09033416236192941,True,False,0.2346723044397463,80.98535272270249,46.04436707679622,4.659499301700201,1013.1615281616904
ST-MTM,6,12,0.22970104108715228,,,,False,True,,21.883678396028113,-5.6804465344301605,0.08271300535562887,17.985115884527048
ST-MTM,6,2,0.3348617548885767,0.1292592033120292,0.5946309839694068,0.2169037445206388,True,True,0.09913043478260869,41.465826337110286,1.2824157504810785,0.7857735508784458,170.85860090300696
ST-MTM,7,11,0.37668678583735776,0.06069537399491036,0.5934122147752638,0.06069537399491036,True,True,0.24120603015075376,33.60188152020726,78.80429582069019,1.5155140841043746,596.5063435034805
ST-MTM,7,3,0.32479612009624853,0.03362123971369631,0.5934122147752646,0.12395540207562572,True,True,0.5369458128078818,85.65759481004153,46.68206039849171,4.554157900976961,1792.5165498245292
ST-MTM,7,2,0.34037550464955746,0.00551374976098072,0.5934122147752166,0.22241749428161953,True,False,0.21052631578947367,39.946263633731206,-0.8987969242156879,0.09138778396609837,35.970231769054095
ST-MTM,7,13,0.5153187426894126,,,,False,True,,52.0871136968688,-9.75113542586071,0.08377213530224026,32.972712454966256
ST-MTM,8,11,0.5663395784038462,0.18965279256648848,0.7904104859851449,0.2503481665613988,True,True,0.20603015075376885,21.74492221982144,89.70567162828299,0.6882744840815462,122.89829187760151
ST-MTM,8,14,0.9915752388205232,,,,False,True,,100.27814282927179,-18.710885829191,0.1678718253857312,29.975193140878417
ST-MTM,8,3,0.8437321122871194,0.5189359921908709,0.7904104859851322,0.6428913942664967,True,True,0.06020066889632107,98.25854668458373,-2.9893067898705965,0.6043385713886664,107.9106953071623
ST-MTM,8,15,0.3887847518310246,,,,False,True,,19.039176783791405,65.69334700351436,0.067148730154301,11.990077256351366
ST-MTM,8,2,0.07300550203360731,0.2673700026159501,0.7904104859850918,0.04495250833433063,True,True,0.042704626334519574,46.631854700641355,37.87119445660848,4.717198293339408,842.3029272586834
ST-MTM,9,16,0.3821019605189079,,,,False,True,,62.61694148325776,16.764706220988813,0.1843946428449783,44.962789711317626
ST-MTM,9,11,0.2151238901698079,0.3512156882340383,0.31158759330533486,0.10086752167263947,True,True,0.4939759036144578,22.53482936750399,48.34969618788094,1.020317023742166,248.79410306929086
ST-MTM,9,3,0.789658100766294,0.05407401152082549,0.31158759330532226,0.5888173827456711,True,True,0.11057692307692307,92.48858456806974,-2.2703875238855318,2.3971303569846043,584.5162662471291
ST-MTM,9,2,0.3638628233486817,0.436868325382289,0.3115875933053366,0.4818208337166196,True,True,0.22514619883040934,34.84471182917623,78.50825063101803,1.6964307141737294,413.6576653441221
ST-MTM,9,17,0.33098857413746324,,,,False,True,,62.083505077014905,101.8021339735105,0.9465591666041817,230.8089871847638
ST-MTM,10,11,0.21489968160201162,0.00022420856779629497,0.15975921948685362,0.10109173024043576,True,True,0.6265060240963856,21.172552992968942,46.960514785210336,0.5448511057486343,155.87100433256776
ST-MTM,10,16,0.34118603655875174,0.040915923960156184,0.1597592194869384,0.040915923960156184,True,True,0.35714285714285715,60.16254294927067,19.220218562220467,0.44007204695080304,125.89581119168935
ST-MTM,10,3,0.815281140165921,0.025623039399627127,0.1597592194868538,0.6144404221452983,True,True,0.5128205128205128,93.09293175676189,-4.740805063148642,1.0477905879781417,299.7519314087842
ST-MTM,10,2,0.4823685059955248,0.1185056826468431,0.15975921948687888,0.6003265163634628,True,True,0.056962025316455694,22.687985748453656,80.57220646791663,0.30385927051365513,86.9280601085474
ST-MTM,10,17,0.34918179418223616,0.018193220044772928,0.15975921948686733,0.018193220044772928,True,True,0.2064343163538874,59.240449435445626,101.14226473731397,3.908258893158435,1118.074704154765
ST-MTM,11,11,0.18150175586208378,0.03339792573992784,0.3987761199573765,0.1344896559803636,True,True,0.4423076923076923,20.44906019159569,42.229270895045744,0.35907783450011266,68.94294422402035
ST-MTM,11,16,0.3427296396345117,0.0015436030757599657,0.398776119957395,0.03937232088439622,True,True,0.6268656716417911,60.89156020682046,19.764003450679056,1.046009343978568,200.83379404388538
ST-MTM,11,3,0.8180201076754962,0.002738967509575119,0.39877611995735124,0.6171793896548734,True,True,0.69,94.57924568614715,-3.583167234912395,1.0772335035003096,206.82883267206105
ST-MTM,11,18,0.3290352296536675,,,,False,False,,43.60668807684634,83.09091563528644,0.5932590309132166,113.90573393533798
ST-MTM,11,17,0.25453083626896933,0.09465095791326684,0.39877611995736784,0.07645773786849391,True,True,0.4187192118226601,73.62838555695282,104.17208590922914,3.169252191457458,608.4964207598318
ST-MTM,12,16,0.1848197336828901,0.1579099059516216,0.3275035666384405,0.19728222683601782,True,True,0.6568627450980392,60.48523851032273,38.30687046837592,1.1476988364750866,305.74697003695985
ST-MTM,12,19,0.6802093356245251,,,,False,True,,100.27814282927179,18.65302255432877,0.11251949377205506,29.975193140878417
ST-MTM,12,20,0.6824451310558286,,,,False,False,,29.279382587843553,111.17279831454299,0.01125194937720675,2.9975193140878416
ST-MTM,12,17,0.15581800132030152,0.09871283494866781,0.32750356663845315,0.17517057281716172,True,True,0.4592760180995475,66.93105935832341,85.62921951675959,4.973361624725321,1324.903536826826
ST-MTM,13,16,0.2691532598535583,0.08433352617066821,0.20528593391418465,0.1129487006653496,True,True,0.5098039215686274,62.395945588768626,30.09755440634163,0.7184319889959738,155.87100433256776
ST-MTM,13,21,0.7401788759763469,,,,False,True,,94.20822373672492,5.386758619563295,0.31776799513284004,68.94294422402035
ST-MTM,13,22,0.01941617928743362,,,,False,True,,44.32938202713234,41.999440512640305,1.2158079813778215,263.78169963973005
ST-MTM,13,20,0.537427092656827,0.1450180383990016,0.20528593391419214,0.14501803839900163,True,True,0.011904761904761904,30.071779465538064,94.5630305843573,1.1605439822242758,251.7916223833787
ST-MTM,13,17,0.26575876976366847,0.10994076844336693,0.2052859339142038,0.06522980437379479,True,True,0.4314159292035398,78.55725100587988,110.44830337752009,2.832279956618766,614.4914593880076
ST-MTM,14,22,0.06666103267132921,0.08607721195876282,0.6513567969483177,0.08607721195876282,True,True,0.39800995024875624,37.41495196584698,45.414275886406486,1.3901413581770328,578.5212276189534
ST-MTM,14,16,0.37306353205177073,0.10391027219821242,0.6513567969483008,0.009038428467137176,True,True,0.2976190476190476,69.34194213703003,24.574318290817544,0.41055988298492707,170.85860090300696
ST-MTM,14,21,0.7522093613596345,0.012030485383287607,0.6513567969483178,0.012030485383287607,True,True,0.40350877192982454,94.94245664716045,4.67733328400432,0.41055988298492707,170.85860090300696
ST-MTM,14,20,0.6472746517384462,0.10984755908161929,0.6513567969483218,0.03517047931738233,True,True,0.01098901098901099,20.959215372051183,98.63217358066474,0.05762243971718206,23.980154512702732
ST-MTM,14,17,0.3394034205247356,0.07364465076106713,0.6513567969483105,0.008414846387272353,True,True,0.3713768115942029,68.46857599556125,109.19698645852952,3.975948340485603,1654.6306613764884
ST-MTM,15,22,0.05981637409305212,0.12647740676438132,0.6501361328327495,0.0404001948056185,True,True,0.7764227642276422,35.980282287489686,28.80231739632343,0.9173624230351152,731.3947126374334
ST-MTM,15,16,0.21435094218337838,0.15871258986839235,0.6501361328327624,0.16775101833552952,True,True,0.2878787878787879,76.48948964911762,50.76737658711221,0.7444170482006172,593.5088241893926
ST-MTM,15,17,0.27431575335938757,0.06508766716534803,0.6501361328327528,0.05667282077807568,True,True,0.4528301886792453,66.6979962491914,99.61588665231791,4.583052433113937,3653.9760438730787
ST-MTM,16,22,0.05613878161097941,0.003677592482072711,0.8303837172275712,0.03672260232354579,True,True,0.6582633053221288,35.17927127667245,28.442617483354923,3.001659534134916,1043.136721302569
ST-MTM,16,16,0.2707118127468329,0.05636087056345455,0.8303837172275813,0.11139014777207497,True,True,0.3869346733668342,81.8589008509575,49.373483321337545,0.672785757650928,233.80650649885163
ST-MTM,16,23,0.5950929611195299,,,,False,False,,45.493041777592786,116.90419711193637,0.05175275058853401,17.985115884527048
ST-MTM,16,17,0.16272678640732535,0.11158896695206219,0.8303837172275783,0.16826178773013786,True,True,0.23954060705496308,81.84226546218204,101.36947983106108,2.5186338619752817,875.2756397136498
ST-MTM,17,22,0.07203542604186891,0.12817420765284832,0.1861964578505085,0.09145160532930253,True,True,0.6867816091954023,33.44259038684105,42.086841511865316,2.4833857323453685,716.4071160669941
ST-MTM,17,16,0.5434573525507133,0.2727455398038803,0.1861964578505121,0.1613553920318053,True,True,0.31840796019900497,90.08174539229583,24.866863086210245,1.943067497692823,560.5361117344264
ST-MTM,17,24,0.17158569149599798,,,,False,False,,74.09883407804274,94.6891170575625,1.1949345574046788,344.7147211201018
ST-MTM,17,17,0.21457972693165825,0.0518529405243329,0.18619645785050887,0.11640884720580497,True,True,0.2054794520547945,86.48231000992378,112.23187724172277,0.6234441169067892,179.8511588452705
ST-MTM,18,22,0.6605523073649417,0.5885168813230729,0.42224402523727717,0.6799684866523754,True,True,0.6234309623430963,31.638982582960704,110.90525946675372,2.3616242480916267,446.63037779908836
ST-MTM,18,25,0.5103326913111798,,,,False,True,,60.0,121.23992295734158,0.01584982716839889,2.9975193140878416
ST-MTM,18,16,0.5928828158322064,0.049425463281493144,0.4222440252372871,0.21078085531329846,True,True,0.34759358288770054,89.95916621134229,18.81322831147753,1.0302387659460237,194.8387554157097
ST-MTM,18,26,0.5352670795485097,,,,False,True,,23.69800915410342,87.93005869992459,1.1728872104616102,221.81642924250028
ST-MTM,18,27,0.4640667864003324,,,,False,True,,95.67284808788658,39.98483371984669,0.9668394572724139,182.84867815935834
ST-MTM,18,17,0.35315328082032427,0.5677330077519825,0.4222440252372736,0.6841418549577875,True,True,0.5522388059701493,91.84548850426826,49.46709480582935,0.697392395409608,131.89084981986502
ST-MTM,19,22,0.7930539170299838,0.1325016096650421,0.22415826474475442,0.8124700963174175,True,True,0.4697986577181208,28.938042394375145,124.10451243797321,0.8866901284066486,209.82635198614892
ST-MTM,19,16,0.0092135197886126,0.5836692960435937,0.22415826474476452,0.3728884407302953,True,True,0.4153846153846154,90.46777282440208,89.36215044976856,0.34200904952827926,80.93302148037172
ST-MTM,19,28,0.012092270738675144,,,,False,False,,76.55499938321765,78.00607187185867,0.5066800733752288,119.90077256351367
ST-MTM,19,29,0.18064577271783502,,,,False,False,,88.35749299583674,66.68000026969654,0.16467102384694954,38.96775108314194
ST-MTM,19,26,0.11797715424490515,0.6532442337934149,0.22415826474475709,0.653244233793415,True,True,0.30414746543778803,35.060934190131356,20.903675680742737,2.6474033833855515,626.4815366443589
ST-MTM,19,17,0.39110587168856753,0.037952590868243284,0.22415826474475264,0.7220944458260308,True,True,0.3283582089552239,79.6780074219659,32.745302819337795,1.6973782458070161,401.66758808777075
ST-MTM,20,22,0.700869259662604,0.09218465736737987,0.02206709402868051,0.7202854389500377,True,True,0.47619047619047616,36.2386029115744,120.34291407108688,1.4373025811598446,347.7122404341896
ST-MTM,20,16,0.087398705810365,0.09661222559897761,0.022067094028681566,0.4695006663292729,True,True,0.09060402684563758,83.40700286418411,93.89484756142791,3.692380768841671,893.2607555981767
ST-MTM,20,30,0.23849618484035454,,,,False,True,,100.20228945294551,71.58274727210296,0.22302971086962486,53.95534765358115
ST-MTM,20,26,0.18928870642196696,0.0713115521770618,0.0220670940286829,0.7245557859704768,True,False,0.19617224880382775,36.06455960434965,13.349914833713612,0.5080121192030447,122.89829187760151
ST-MTM,20,31,0.2627133384162564,,,,False,False,,60.45949641428438,28.933895804333616,0.32215402681168825,77.93550216628388
ST-MTM,20,17,0.41807193339159987,0.026966061703032316,0.022067094028544343,0.7490605075290631,True,True,0.03731343283582089,89.69659683175124,39.52796482475925,0.06195269746379495,14.987596570439209
ST-MTM,21,16,0.036173967049936334,0.05122473876042868,0.41991053329588646,0.41827592756884424,True,True,0.8523489932885906,84.82107627307651,89.16195231906887,2.06804081317447,761.3699057783117
ST-MTM,21,22,0.5432623398646506,0.15760691979795355,0.41991053329588734,0.5626785191520842,True,True,0.40236686390532544,43.342034360074926,108.53351514383299,0.9851690487957108,362.6998370046288
ST-MTM,21,26,0.12366340829556943,0.06562529812639753,0.4199105332958686,0.6589304878440793,True,True,0.2459016393442623,33.569198532784306,18.729589537315974,0.9037501191431829,332.72464386375043
ST-MTM,21,31,0.338455797973594,0.07574245955733765,0.4199105332958888,0.07574245955733765,True,True,0.06968641114982578,80.71121102717547,40.096515270344185,2.2878719232363096,842.3029272586834
ST-MTM,22,16,0.016208948038441424,0.019965019011494906,0.41595013207978904,0.39831090855734935,True,True,0.5076335877862596,92.34258854424036,94.28766230885333,1.740160668998623,422.65022328638565
ST-MTM,22,26,0.3171120579198898,0.19344864962432032,0.41595013207978304,0.8523791374683996,True,False,0.20317460317460317,50.97613704953865,12.922690099151879,3.307539427600233,803.3351761755415
ST-MTM,22,31,0.4266012285175473,0.0881454305439533,0.41595013207979137,0.16388789010129093,True,True,0.3404255319148936,91.96985214082949,40.77770471872381,1.1971318077508215,290.75937346652063
ST-MTM,23,32,0.4934553235027638,,,,False,True,,22.793918911943855,-36.420719908387795,0.24585952379328546,74.93798285219604
ST-MTM,23,16,0.14488232594022332,0.16109127397866477,0.22708832960522507,0.23721963457868459,True,True,0.574468085106383,94.82934196316505,77.44346285033825,0.7965848570902736,242.79906444111518
ST-MTM,23,26,0.3179526192786676,0.0008405613587778286,0.2270883296052315,0.8532196988271773,True,True,0.3666061705989111,67.92120387110707,29.766889557666957,4.769674761589897,1453.7968673326031
ST-MTM,23,33,0.20545553262161026,,,,False,True,,24.12049102746879,-0.5341728871244413,0.43271276187618923,131.89084981986502
ST-MTM,24,16,0.07338167051555758,0.07150065542466576,0.13646031214540288,0.30872029000335033,True,True,0.1111111111111111,98.11632160397191,89.310521142105,0.10145033779629387,26.977673826790575
ST-MTM,24,34,0.1726666483514471,,,,False,False,,70.32554085241924,49.605543050245586,0.45089039020575683,119.90077256351367
ST-MTM,24,33,0.3428347387505411,0.13737920612893081,0.13646031214542553,0.13737920612893081,True,True,0.16,36.25513490527056,-4.88503374479437,3.0998714326645427,824.3178113741565
ST-MTM,24,26,0.4977387346661151,0.17978611538744751,0.136460312145414,1.0330058142146248,True,True,0.4158415841584158,81.97934028376989,22.250692123836075,2.5926197436830876,689.4294422402036
ST-MTM,25,35,1.0200272564646922,,,,False,True,,42.93299032657975,-79.4702804491833,0.06505033233696622,8.992557942263524
ST-MTM,25,36,0.6628630142695552,,,,False,True,,20.233867460930824,-59.30969425141579,0.21683444112323969,29.975193140878417
ST-MTM,25,33,0.5346559694957698,0.19182123074522864,0.6542042066113388,0.3292004368741595,True,False,0.1903409090909091,55.602874591084095,-8.55584174840827,3.1224159521748334,431.6427812286492
ST-MTM,25,37,0.44230813240679107,,,,False,False,,30.48411268243792,-22.592863206377004,0.36861854990951315,50.957828339493304
ST-MTM,25,26,0.5134190105450269,0.015680275878911822,0.6542042066113368,1.0486860900935366,True,True,0.4956521739130435,87.5317813942279,25.921500128824675,2.471912628805086,341.7172018060139
ST-MTM,26,36,0.6989122816755923,0.03604926740603706,0.5003543238985928,0.03604926740603709,True,True,0.125,20.41766602664458,-63.451807774426484,0.3418223779223126,77.93550216628388
ST-MTM,26,33,0.5964126129051893,0.06175664340941965,0.5003543238986914,0.3909570802835791,True,False,0.22439024390243903,72.9432768892,1.373763340577284,4.706631203699345,1073.1119144434472
ST-MTM,26,37,0.5262084939706039,0.08390036156381285,0.5003543238986332,0.08390036156381282,True,True,0.2537313432835821,30.19641594343031,-32.94860333304216,0.8808499738767068,200.83379404388538
ST-MTM,26,26,0.5499248707285067,0.036505860183479774,0.5003543238986756,1.0851919502770164,True,True,0.21052631578947367,96.48073317693577,30.48974868951497,0.31552834885135894,71.94046353810819
ST-MTM,27,36,0.7555543802123358,0.05664209853674362,0.8257767243332547,0.09269136594278062,True,True,0.4,23.19214913765699,-67.4743764878233,0.9006969092811801,89.92557942263525
ST-MTM,27,38,0.693232438445566,,,,False,False,,60.068268038693674,-23.11962457477425,2.2517422732029786,224.81394855658812
ST-MTM,27,33,0.6758246476715665,0.07941203476637711,0.8257767243333167,0.4703691150499562,True,True,0.24258760107816713,86.49528977456207,5.396332053974092,3.092392721865451,308.74448935104766
ST-MTM,28,39,0.9100629019627815,,,,False,True,,19.46585202562691,-89.74169620990686,0.035331439345668514,11.990077256351366
ST-MTM,28,33,0.6126494198269158,0.06317522784465067,1.22349258619525,0.4071938872053055,True,True,0.173109243697479,78.91426248513173,5.396332105901834,5.255551602670522,1783.5239918822658
ST-MTM,28,40,0.565034078430708,,,,False,True,,23.2557321148717,-44.54835729681325,0.15015861721917645,50.957828339493304
ST-MTM,28,41,0.6453625068786341,,,,False,True,,65.32640741456191,-12.117093410874176,0.8037902451143282,272.7742575819936
ST-MTM,29,42,0.601982644067961,,,,False,True,,20.176977428686087,92.4148947168414,0.07989123971449175,17.985115884527048
ST-MTM,29,43,0.2875443318653036,,,,False,False,,71.9469067713942,37.44158694755777,1.8641289266715546,419.65270397229784
ST-MTM,29,33,0.7121922107602612,0.09954279093334542,0.41042789745029995,0.506736678138651,True,True,0.20134228187919462,90.28336344531671,4.820298154085364,1.6111400009089891,362.6998370046288
ST-MTM,29,41,0.6914381363258583,0.046075629447224146,0.41042789745027497,0.046075629447224146,True,True,0.4504950495049505,71.43151687531561,-11.541059483787379,2.6896717370546526,605.498901445744
ST-MTM,30,42,0.474608647660195,0.12737399640776592,0.13539532606254556,0.12737399640776595,True,True,0.1875,21.385890613886684,78.33892833311009,0.3721315101288454,95.92061805081093
ST-MTM,30,43,0.18898961727980315,0.09855471458550043,0.13539532606258953,0.09855471458550043,True,True,0.2670807453416149,69.92179144447347,47.24303737089709,3.1166013973290774,803.3351761755415
ST-MTM,30,44,0.40907326165161384,,,,False,True,,19.721857170728214,-29.36693422746545,0.05814554845761677,14.987596570439209
ST-MTM,30,45,0.7544046608658826,,,,False,True,,98.27886455324256,7.750305249336634,0.3256150713627335,83.93054079445956
ST-MTM,30,41,0.5777749180202255,0.11366321830563268,0.1353953260625888,0.06758758885840853,True,True,0.45,62.066446759477884,-7.266543402949182,2.3723383770713724,611.4939400739197
ST-MTM,31,42,0.4810343494217986,0.00642570176160359,0.12253069655063464,0.12094829464616233,True,True,0.9375,21.31477807358077,79.0389000041966,0.30864078604693646,89.92557942263525
ST-MTM,31,43,0.20324260034263156,0.014252983062828406,0.12253069655063377,0.08430173152267202,True,True,0.48860759493670886,74.75229648646267,50.36318444534688,3.2921683845006555,959.2061805081094
ST-MTM,31,44,0.06285784965481227,0.3462154119968016,0.12253069655037097,0.3462154119968016,True,True,0.06097560975609756,25.283204713091493,17.74026275451402,0.843618148528293,245.79658375520302
ST-MTM,31,41,0.7545067626808879,0.17673184466066233,0.12253069655063548,0.10914425580225379,True,True,0.34657039711191334,74.28983354313,-16.250977978576543,1.7386764280643945,506.5807640808452
ST-MTM,31,45,1.090722055836711,0.33631739497082835,0.12253069655107551,0.33631739497082835,True,True,0.21428571428571427,96.69407079785354,-34.19257590255178,0.06172815720935887,17.985115884527048
ST-MTM,32,42,0.4374728630979553,0.04356148632384338,0.7335077838447291,0.16450978097000568,True,True,0.6764705882352942,22.579001012352638,75.07574458410727,0.13339435236088093,80.93302148037172
ST-MTM,32,43,0.10702000532193535,0.09622259502069622,0.7335077786217791,0.18052432654336822,True,True,0.5649546827794562,66.87852208049975,54.03612144186751,0.9782252557556816,593.5088241893926
ST-MTM,32,44,0.3088474307180535,0.24598958106324123,0.7335077906866232,0.10022583093356037,True,True,0.6633663366336634,23.722681763939285,-13.339009922227135,0.4248857120202274,257.7866610115544
ST-MTM,32,41,0.48027178632211853,0.27423497635876937,0.7335077840289576,0.16509072055651555,True,True,0.18017057569296374,72.7511304681587,15.118516109504483,4.634218610794591,2811.6731166143954
ST-MTM,32,46,0.3180914166248449,,,,False,True,,24.841960072754286,-13.329009922227101,0.07410797341829323,44.962789711317626
ST-MTM,33,42,0.5527149964812813,0.11524213338332603,0.38743247541602166,0.04926764758667967,True,True,0.07407407407407407,19.039176783791405,85.36497636154516,0.014556717725753288,5.995038628175683
ST-MTM,33,43,0.20395915034781478,0.09693914502587943,0.3874324701933145,0.08358518151748881,True,False,0.24915824915824916,70.1514178924564,45.67631985071862,1.259156083277965,518.5708413371966
ST-MTM,33,44,0.33449913305610746,0.025651702338053983,0.38743248225815563,0.07457412859550641,True,True,0.3524590163934426,27.22294781571829,-12.916948151014608,1.7759195625423274,731.3947126374334
ST-MTM,33,41,0.5960601887279989,0.11578840240588045,0.38743247560050276,0.0493023181506351,True,True,0.4680170575692964,84.29424679936282,12.767024152002946,3.1951995408036282,1315.9109788845624
ST-MTM,34,43,0.20147699316772658,0.002482157180088211,0.4742082605280098,0.08606733869757702,True,False,0.011560693641618497,77.92036015709127,53.74312097696408,0.023388883536895833,5.995038628175683
ST-MTM,34,47,0.3040995261084219,,,,False,False,,85.79014795094615,49.29820481793552,0.10524997591600993,26.977673826790575
ST-MTM,34,44,0.44189736746730973,0.1073982344112022,0.47420826052776877,0.03282410581569586,True,True,0.6385224274406333,31.959401082980133,-21.06828301309703,4.4088045467037915,1130.0647814111162
ST-MTM,34,41,0.6273802383999789,0.031320049671979905,0.4742082605277661,0.01798226847865519,True,True,0.3235294117647059,88.13718649583737,12.851557887839903,1.7073884981929837,437.6378198568249
ST-MTM,35,48,0.4531608301916517,,,,False,True,,36.10618645721165,90.48548608020985,0.050008663898694294,23.980154512702732
ST-MTM,35,47,0.25121325206364703,0.05288627404477489,0.6263589396883984,0.05288627404477489,True,True,0.014925373134328358,85.59020211757849,55.44461186994084,2.069108468808551,992.1788929630756
ST-MTM,35,49,0.6217681091506803,,,,False,True,,100.39192289376126,25.779749795679635,0.07501299584805565,35.970231769054095
ST-MTM,35,44,0.4750341647961708,0.03313679732886111,0.6263589396883551,0.06596090314455694,True,True,0.6533795493934142,37.256804613703935,-19.74729516183656,3.6068748836934645,1729.5686442286847
ST-MTM,35,41,0.7289653345603967,0.10158509616041786,0.6263589396883554,0.08360282768176266,True,True,0.4863013698630137,92.86000313178238,5.384162984534768,0.4438268921009296,212.82387130023676
ST-MTM,36,48,0.1988528219469968,0.2543080082446549,1.8505089733002804,0.2543080082446549,True,True,0.1095890410958904,39.51958839189569,63.381927025535305,2.903647955525642,218.81890992841244
ST-MTM,36,50,0.03270032314636448,,,,False,True,,95.84072031418253,99.76475909174627,0.039775999390762706,2.9975193140878416
ST-MTM,36,47,0.026938929280701036,0.22427432278294598,1.8505089733002444,0.2771605968277209,True,False,0.18126888217522658,88.47346113848948,85.24078962480536,2.386559963445734,179.8511588452705
ST-MTM,36,51,0.04222847914192845,,,,False,True,,19.039176783791405,13.97175928675999,0.03977599939076981,2.9975193140878416
ST-MTM,36,44,0.17873006211113437,0.29630410268503643,1.8505089733002449,0.2303431995404795,True,False,0.03292894280762565,29.27938258784355,7.831775134507424,0.7557439884244843,56.95286696766899
ST-MTM,36,41,1.0345137354449954,0.30554840088459867,1.8505089733004314,0.38915122856636136,True,True,0.04225352112676056,99.25412224886657,-24.887526004532887,0.11932799817230944,8.992557942263524
ST-MTM,37,48,0.4162052626231488,0.21735244067615198,0.12553774494377717,0.03695556756850292,True,True,0.5142857142857142,43.885567610677626,93.83019912545548,3.0171659762588288,257.7866610115544
ST-MTM,37,47,0.10890310993004183,0.08196418064934079,0.12553774494377912,0.19519641617838007,True,True,0.06756756756756757,96.11019941428917,83.04182622268415,0.6665831808013678,56.95286696766899
ST-MTM,37,52,0.1069264403611483,,,,False,False,,90.72061741215646,77.88944456881866,0.03508332530533664,2.9975193140878416
ST-MTM,37,51,0.23848883638095802,0.19626035723902957,0.12553774494392733,0.19626035723902957,True,True,0.5,19.892527267462416,-8.726133098252546,0.07016665061067329,5.995038628175683
ST-MTM,37,44,0.28549397156123185,0.10676390945009745,0.12553774494378445,0.12357929009038203,True,False,0.15492957746478872,36.53963432193344,2.280357734585621,2.210249494236109,188.84371678753402
ST-MTM,37,53,0.45943600078356645,,,,False,True,,75.36030870607821,20.22798861205024,0.2455832771373423,20.98263519861489
ST-MTM,38,48,0.42996612059785444,0.013760857974705646,0.5989599655002429,0.023194709593797273,True,True,0.22093023255813954,41.49576845934437,93.0917029310869,0.3662092783414934,56.95286696766899
ST-MTM,38,47,0.1319239767230299,0.02302086679298808,0.5989599655002422,0.172175549385392,True,True,0.06291390728476821,90.01985277655908,74.18897556979549,5.820800108375309,905.2508328545282
ST-MTM,38,54,0.2432781334386039,,,,False,False,,48.05309322860583,18.85971721597336,0.019274172544299972,2.9975193140878416
ST-MTM,38,55,0.26035344410531364,,,,False,False,,46.3463922612638,15.103978968626166,0.019274172544299972,2.9975193140878416
ST-MTM,38,44,0.2730665586971833,0.01242741286404853,0.5989599654996756,0.13600670295443057,True,False,0.015873015873015872,44.63969129392178,11.871704250259782,0.019274172544299972,2.9975193140878416
ST-MTM,39,56,0.746785216905352,,,,False,True,,19.039176783791405,108.65340281243365,0.07904850511835027,2.9975193140878416
ST-MTM,39,48,0.4120632266722357,0.017902893925618692,1.411295663325308,0.041097603519415965,True,True,0.4090909090909091,43.64411572963893,93.09170293030722,0.9485820614202041,35.970231769054095
ST-MTM,39,57,0.06472718727093299,,,,False,False,,38.17860906041268,30.411346587900724,1.106679071656913,41.96527039722978
ST-MTM,39,58,0.3030466919831679,,,,False,False,,56.127101651031566,19.761498613051415,4.11052226615422,155.87100433256776
ST-MTM,40,56,0.6441963354721466,0.10258888143320544,3.3820274655544234,0.10258888143320549,True,True,0.25,19.46585202562691,96.7694122822845,0.010743796824687735,11.990077256351366
ST-MTM,40,58,0.24509929516612647,0.05794739681704145,3.3820274655544393,0.05794739681704145,True,True,0.02240413614821198,61.05740456313574,31.645489143200564,6.234088107524968,6957.24232799788
ST-MTM,41,59,0.5460540720632101,,,,False,True,,20.590723117738705,86.11721176532392,0.7632572327538512,65.94542490993251
ST-MTM,41,60,0.11118737267880624,,,,False,False,,63.12289964237051,49.78041492091376,1.6305949972468596,140.88340776212854
ST-MTM,41,58,0.17170971772638316,0.07338957743974331,2.5585184671312486,0.13133697425678476,True,False,0.04782421370099095,52.25065506720377,31.645488940037794,3.850979674348963,332.72464386375043
ST-MTM,42,61,0.2671517722775262,,,,False,False,,41.11250929474827,73.17072196805141,0.3746899142609834,89.92557942263525
ST-MTM,42,60,0.23907782315950996,0.12789045048070372,1.021651247531981,0.12789045048070372,True,True,0.002136752136752137,81.81099127221688,53.121652493075686,5.270638127271127,1264.953150545069
ST-MTM,42,58,0.24327159007537358,0.07156187234899042,1.0216512475319728,0.05977510190779434,True,False,0.2702702702702703,57.496838581231685,28.304247772186855,0.3746899142609834,89.92557942263525
ST-MTM,42,62,0.17568817997153102,,,,False,True,,20.556244310317652,-0.5263372862660702,0.22481394855660142,53.95534765358115
ST-MTM,43,63,0.2884595504833324,,,,False,True,,57.718928514802435,92.33407457280232,0.8884576170347032,311.74200866513553
ST-MTM,43,60,0.36221426691878633,0.12313644375927636,0.3798053613275903,0.2510268942399801,True,True,0.2636363636363636,89.32024738767066,45.8545353574163,2.3322012447160816,818.3227727459807
ST-MTM,43,62,0.2817143486367631,0.10602616866523208,0.3798053613276484,0.10602616866523208,True,True,0.05084745762711865,40.54650168580486,6.740779849393292,3.024173042598875,1061.121837187096
ST-MTM,44,64,0.6114147088303195,,,,False,True,,39.829897658685155,113.1996627183235,0.5135936519465147,263.78169963973005
ST-MTM,44,63,0.027330457389551553,0.26112909309378085,0.38100046770617557,0.26112909309378085,True,True,0.06479481641468683,82.23976144847484,85.51941633522102,2.270317393263575,1166.0350131801704
ST-MTM,44,60,0.42829400448122973,0.0660797375624434,0.3810004677061849,0.3171066318024235,True,True,0.2655172413793103,94.73318032473718,43.33789978698961,0.5486114009428604,281.7668155242571
ST-MTM,44,62,0.21908113487598424,0.06263321376077885,0.38100046770617024,0.043392954904453225,True,True,0.7094188376753507,42.3618098425194,16.07207365740129,2.9123094581967166,1495.7621377298328
ST-MTM,45,64,0.5866964932443782,0.024718215585941294,0.23022124895441143,0.024718215585941294,True,True,0.7543859649122807,41.89677902497924,112.30035821430462,0.519243632729891,335.72216317783824
ST-MTM,45,63,0.039198260578437547,0.0665287179679891,0.23022124895441393,0.32765781106176994,True,True,0.6510791366906474,84.99720055759178,80.29340928817928,2.4524989438760016,1585.6877171524682
ST-MTM,45,60,0.4114488327006955,0.01684517178053421,0.23022124895440388,0.30026146002188925,True,True,0.4105263157894737,94.00601677428988,44.632156850206414,0.18544415454638852,119.90077256351367
ST-MTM,45,62,0.21678939210442577,0.0022917427715584654,0.2302212489544127,0.041101212132894756,True,True,0.7132352941176471,46.9178551977762,20.903128145245105,3.0876451731973873,1996.3478631825026
ST-MTM,46,64,0.6735018736891127,0.08680538044473453,1.5708455732411135,0.06208716485879329,True,True,0.8582677165354331,41.44650883889475,122.26673368158828,2.7655684147834236,371.69239494689236
ST-MTM,46,65,0.039256615010443,,,,False,True,,96.69407079785353,101.40486459910669,0.08921188434785243,11.990077256351366
ST-MTM,46,66,0.02598416475120106,,,,False,False,,97.41613659172903,94.2980368215849,0.28993862413052085,38.96775108314194
ST-MTM,46,63,0.214962985505534,0.17576472492709647,1.5708455732411084,0.5034225359888664,True,True,0.06766917293233082,98.29136785703261,72.49580959636853,0.8698158723915554,116.90325324942582
ST-MTM,46,67,0.14598594633546072,,,,False,True,,22.90435250394834,5.386038943693052,0.7583010169567501,101.91565667898661
ST-MTM,46,62,0.212860928844462,0.003928463259963758,1.5708455732411077,0.037172748872931,True,True,0.0990990990990991,44.27766381600073,18.73435235466529,1.4719960917395554,197.83627472979754
ST-MTM,47,64,0.5282713736977801,0.14523049999133264,0.7385301864077618,0.08314333513253942,True,True,0.7133757961783439,38.283701484510104,101.67626632824371,1.5452229114858405,434.640300542737
ST-MTM,47,63,0.04896055788407689,0.16600242762145712,0.7385301864077556,0.33742010836740927,True,True,0.08024691358024691,89.37611021923425,83.50084327314502,3.3142367273937694,932.2285066813188
ST-MTM,47,68,0.15262550143553125,,,,False,False,,37.37040939598352,19.055349223719773,0.5754623256567868,161.86604296074344
ST-MTM,47,67,0.13169418651741288,0.014291759818047851,0.7385301864077976,0.014291759818047851,True,True,0.3235294117647059,21.676805551501804,5.87350316941226,0.11722380707823277,32.972712454966256
ST-MTM,47,62,0.23021022590042223,0.0173492970559602,0.738530186407774,0.0545220459288912,True,True,0.3645833333333333,55.4575497330743,27.832322625023636,0.6926861327350196,194.8387554157097
ST-MTM,48,64,0.5953186321369567,0.0670472584391766,0.2756647604477639,0.016096076693362823,True,True,0.65625,34.616522607103875,106.05475846353868,1.3994247661301724,518.5708413371966
ST-MTM,48,63,0.07950079961379046,0.030540241729713577,0.2756647604477641,0.36796035009712286,True,True,0.7633136094674556,91.13980712343343,81.59971116977857,2.3054107418907464,854.2930045150348
ST-MTM,48,68,0.10522285889235708,0.04740264254317417,0.27566476044773763,0.04740264254317417,True,True,0.13934426229508196,26.287636186267527,13.660893119184678,0.6875786423183001,254.78914169746653
ST-MTM,48,62,0.24816444275560265,0.017954216855180446,0.2756647604477531,0.07247626278407164,True,True,0.2838427947598253,60.52915182830254,30.74941869763022,1.852417754010446,686.4319229261157
ST-MTM,49,64,0.6219917560572362,0.02667312392027951,0.3103904718215935,0.010577047226916747,True,True,0.19653179190751446,35.20263888626588,109.84164961313422,0.37513124513761276,101.91565667898661
ST-MTM,49,63,0.0924739808159901,0.01297318120219965,0.31039047182159274,0.3809335312993225,True,True,0.9072164948453608,91.27055439052222,80.17367669260341,2.9789834172692764,809.3302148037172
ST-MTM,49,68,0.18182762007548886,0.07660476118313178,0.3103904718215844,0.029202118639957617,True,True,0.23550724637681159,34.88616193758824,13.066847528529578,2.824517610447913,767.3649444064874
ST-MTM,49,62,0.36514708032666865,0.11698263757106601,0.31039047182152846,0.18945890035513765,True,True,0.026200873362445413,72.80025725506518,28.982607615864936,0.06619963149486807,17.985115884527048
ST-MTM,50,63,0.1397046893558489,0.047230708539858786,0.9989936653354192,0.4281642398391813,True,True,0.8074074074074075,92.9127103977334,76.14814767503154,0.8857341282681972,653.4592104711495
ST-MTM,50,68,0.32121472311588384,0.13938710304039498,0.9989936653354172,0.1685892216803526,True,True,0.19408642911296436,55.63814332000751,17.09237654610145,5.359097776081455,3953.727975281863
ST-MTM,51,69,0.47554671983562513,,,,False,True,,36.09904544898008,93.16465182925509,1.6638961261310712,716.4071160669941
ST-MTM,51,63,0.10997557494356597,0.029729114412282934,0.5385318814798071,0.39843512542689835,True,True,0.4943310657596372,84.92325222150278,71.72618322827486,3.0702016385933177,1321.9060175127381
ST-MTM,51,68,0.06733127089695866,0.25388345221892517,0.5385318814797957,0.08529423053857259,True,True,0.1068991660348749,29.594093404516546,21.514340896881507,0.9816290953325506,422.65022328638565
ST-MTM,51,70,0.4688960261327527,,,,False,True,,59.910173633297795,3.6426504973674696,0.5291050442927201,227.81146787067595
ST-MTM,52,69,0.44692105320936254,0.028625666626262595,0.7097313085754804,0.028625666626262595,True,True,0.5521235521235521,41.10064266225548,94.73116904737898,0.5580633774172128,488.59564819631817
ST-MTM,52,63,0.13320982536945608,0.023234250425890106,0.7097313085754858,0.42166937585278846,True,True,0.7267206477732794,82.80848428685721,66.82330524252248,1.410565101201783,1234.9779574041906
ST-MTM,52,68,0.2589316648951055,0.19160039399814682,0.7097313085754737,0.10630616345957425,True,True,0.11289031224979984,55.922501451922656,24.850701664509998,4.276203425730671,3743.901623295714
ST-MTM,53,71,0.2403266082982822,,,,False,True,,62.56005145101304,91.3992444468069,0.017097417944832216,11.990077256351366
ST-MTM,53,63,0.15757268142601386,0.024362856056557785,0.2219107588835818,0.44603223190934627,True,True,0.6796116504854369,88.52019223640471,69.61147046528305,1.1968192561381983,839.3054079445957
ST-MTM,53,68,0.31481632329122955,0.05588465839612405,0.2219107588835742,0.1621908218556983,True,True,0.7798972853998533,59.840495236696974,22.06253644174943,5.030915230266629,3528.0802326813896
ST-MTM,54,71,0.2901874186476809,0.049860810349398696,0.8603879542929622,0.049860810349398696,True,True,0.019801980198019802,62.73748075949911,97.55997099722082,2.041191010806852,605.498901445744
ST-MTM,54,63,0.07467059374439865,0.0829020876816152,0.8603879542930086,0.36313014422773104,True,True,0.5464285714285714,93.0073736102291,84.04690236090126,1.5460506170962773,458.6204550554398
ST-MTM,54,68,0.2588048799114591,0.0560114433797704,0.8603879542930046,0.1061793784759279,True,True,0.1707731520815633,32.52296353075227,1.466377941377175,2.0310861048127435,602.5013821316561
ST-MTM,54,72,0.48945717769606306,,,,False,True,,89.70210231874266,30.967240995215093,0.6265041716337976,185.84619747344618
ST-MTM,55,73,0.3305735087859569,,,,False,True,,21.233506598945436,60.902327653260265,0.14010840811040737,20.98263519861489
ST-MTM,55,71,0.2362183543300412,0.05396906431763971,0.6834852696482062,0.004108253968241016,True,True,0.2627118644067797,52.26651124173145,80.6127137613364,1.9214867397998958,287.76185415243276
ST-MTM,55,63,0.1224710428089029,0.19714163655330155,0.6834852696482088,0.1659885076744295,True,True,0.7777777777777778,91.59293123990908,106.28945637697743,2.7020907278436077,404.6651074018586
ST-MTM,55,74,0.14050918369004828,,,,False,True,,22.64221215929123,5.781110116485436,0.360278763712472,53.95534765358115
ST-MTM,55,68,0.40009549722831966,0.14129061731686055,0.6834852696482266,0.24746999579278844,True,True,0.23557692307692307,44.182539249098035,-3.828920418300328,1.1208672648832874,167.86108158891912
ST-MTM,56,73,0.6800901883886283,0.34951667960267135,1.3578487211345494,0.34951667960267135,True,True,0.875,20.959215372051183,102.57003797868657,0.0411860306964531,23.980154512702732
ST-MTM,56,75,0.34848127979625987,,,,False,True,,44.63969129392178,86.45744486947297,0.06177904604467699,35.970231769054095
ST-MTM,56,71,0.12230571569492436,0.11391263863511683,1.3578487211346044,0.11802089260335785,True,True,0.1875,60.094816720407884,74.77150260379881,0.09266856906701548,53.95534765358115
ST-MTM,56,63,0.2983228738046498,0.4207939166135527,1.357848721134565,0.5867824242879822,True,True,0.9214285714285714,91.0008220485858,55.20207719202783,0.6898660141655881,401.66758808777075
ST-MTM,56,68,0.3363945870945078,0.06370091013381186,1.357848721134579,0.1837690856589766,True,True,0.053794428434197884,51.79931004933259,11.43195959799165,5.359332244375935,3120.4176059654433
ST-MTM,57,73,0.678921367144553,0.0011688212440753058,0.43389511651483065,0.348347858358596,True,True,0.625,21.087217944601832,102.55778200194818,0.03972539379357265,14.987596570439209
ST-MTM,57,71,0.058037987018041075,0.18034370271296543,0.43389511651488166,0.2983645953163233,True,True,0.11666666666666667,68.38637544297373,61.4218170008088,0.9216291360108926,347.7122404341896
ST-MTM,57,63,0.21094920618510868,0.08737366761954111,0.4338951165148415,0.49940875666844103,True,True,0.373134328358209,94.81669973377736,69.50279499156431,0.39725393793573005,149.8759657043921
ST-MTM,57,76,0.36915399052905035,,,,False,True,,24.841960072754286,-19.45651879073175,0.11917618138073749,44.962789711317626
ST-MTM,57,68,0.47262319585106394,0.13622860875655612,0.43389511651484425,0.3199976944155327,True,True,0.5495750708215298,67.20796708540787,10.4931835832802,4.767047255228761,1798.511588452705
ST-MTM,58,71,0.06149972221485361,0.11953770923289468,1.1024363851065129,0.17882688608342862,True,True,0.4793388429752066,70.26729629559723,77.64726296137967,1.507373218291299,188.84371678753402
ST-MTM,58,77,0.07100740790547923,,,,False,False,,50.97100133406155,59.491890282719055,2.2251699889062024,278.7692962101693
ST-MTM,58,78,0.2132558036691258,,,,False,False,,59.78666237908225,34.195965938787154,0.19141247216396096,23.980154512702732
ST-MTM,58,79,0.40636967107530536,,,,False,True,,57.43994854898697,8.675588019950325,0.23926559020497962,29.975193140878417
ST-MTM,58,68,0.7942923262139868,0.32166913036292294,1.102436385106516,0.6416668247784557,True,True,0.145,89.58281676726178,-5.7322623784166495,2.0816106347832317,260.78418032564224
RA-MTM,0,0,0.017784371478906755,,,,False,True,,64.10334487892868,61.96922030145987,0.5870141990088689,140.88340776212854
RA-MTM,0,1,0.017784371478906755,,,,False,False,,68.53350483671014,70.66762941417895,0.02497932761739868,5.995038628175683
RA-MTM,0,2,0.017784371478906755,,,,False,True,,19.77062005550942,17.636495478040608,0.08742764666089538,20.98263519861489
RA-MTM,0,3,0.017784371478906755,,,,False,True,,65.81200869959719,67.946133277066,5.545410731062507,1330.8985754550017
RA-MTM,1,4,0.013740041678131238,,,,False,True,,71.94690677139417,70.29810177001842,0.03746899142609802,8.992557942263524
RA-MTM,1,3,0.013740041678131238,0.004044329800775515,2.220446049250313e-16,0.004044329800775515,True,True,0.44680851063829785,74.01879702869132,75.66760203006707,11.440532048768596,2745.727691704463
RA-MTM,1,2,0.013740041678131238,0.004044329800775515,0.0,0.004044329800775515,True,True,0.07692307692307693,24.01299103147387,22.36418603009812,0.43713823330447693,104.91317599307446
RA-MTM,2,5,0.04220909274512638,,,,False,False,,67.04014149028583,72.105232619701,0.19983462093918944,47.960309025405465
RA-MTM,2,3,0.02350471927763422,0.009764677599502983,0.0,0.005720347798727469,True,True,0.06609808102345416,92.10223248095716,94.92279879427326,1.0491317599307446,251.7916223833787
RA-MTM,2,6,0.035717663947651225,,,,False,False,,71.80468169078235,76.09080136450049,0.14987596570439207,35.970231769054095
RA-MTM,2,2,0.018389835925439968,0.004649794247308729,0.0,0.0006054644465332142,True,True,0.18181818181818182,31.18345713644281,28.976676825390015,1.835980579878803,440.6353391709127
RA-MTM,2,7,0.04837834750326486,,,,False,True,,75.96984476584323,70.16444306545145,0.5245658799653723,125.89581119168935
RA-MTM,3,3,0.008333333333333333,0.01517138594430089,0.0,0.00945103814557342,True,True,0.056451612903225805,66.64443461277718,67.64443461277718,18.584619747344618,4460.308739362708
RA-MTM,3,2,0.008333333333333333,0.010056502592106635,0.0,0.00945103814557342,True,True,0.29577464788732394,54.028263617288175,53.028263617288175,6.207362912923572,1489.7670991016573
RA-MTM,4,3,0.01662733167247635,0.008293998339143016,2.220446049250313e-16,0.0011570398064304043,True,True,0.30913978494623656,63.543259616981814,65.53853941767898,5.745245352001696,1378.8588844804071
RA-MTM,4,8,0.04427829444247789,,,,False,False,,92.1647489999074,86.85135366681006,0.16236562951309141,38.96775108314194
RA-MTM,4,9,0.06094496110914468,,,,False,False,,80.18783429941709,87.50122963251445,0.43713823330447693,104.91317599307446
RA-MTM,4,2,0.060546922225480596,0.05221358889214726,0.0,0.04276255074657384,True,True,0.8998109640831758,54.943730401870575,47.6780997348129,6.344749214819264,1522.7398115566234
RA-MTM,5,3,0.008333333333333333,0.008293998339143016,0.0,0.00945103814557342,True,False,0.4007936507936508,68.99140021819213,69.99140021819213,3.0724572969400374,737.389751265609
RA-MTM,5,2,0.008333333333333333,0.05221358889214726,1.942890293094024e-16,0.00945103814557342,True,True,0.7552674230145867,52.618147294296335,51.618147294296335,7.181556690002121,1723.573605600509
RA-MTM,6,10,0.0838614129438343,,,,False,True,,21.59922823480444,11.535858681544322,0.04995865523479736,11.990077256351366
RA-MTM,6,11,0.0838614129438343,,,,False,True,,39.34180704113091,29.278437487870796,0.5995038628175683,143.88092707621638
RA-MTM,6,3,0.029550752610181044,0.021217419276847713,0.0,0.011766381131274291,True,False,0.2346723044397463,80.98535272270249,84.53144303592421,4.2215063673403765,1013.1615281616904
RA-MTM,6,12,0.0838614129438343,,,,False,True,,21.883678396028113,31.94704794928823,0.07493798285219604,17.985115884527048
RA-MTM,6,2,0.05947658640619373,0.06780991973952706,0.0,0.07726095788510048,True,True,0.09913043478260869,41.465826337110286,48.603016705853534,0.7119108370958623,170.85860090300696
RA-MTM,7,11,0.008333333333333333,0.07552807961050097,2.220446049250313e-16,0.07552807961050097,True,True,0.24120603015075376,33.60188152020726,32.60188152020726,2.4854430979311686,596.5063435034805
RA-MTM,7,3,0.008333333333333333,0.021217419276847713,1.1102230246251565e-16,0.00945103814557342,True,True,0.5369458128078818,85.65759481004153,86.65759481004153,7.468818957602205,1792.5165498245292
RA-MTM,7,2,0.008333333333333333,0.0511432530728604,0.0,0.026117704812240086,True,False,0.21052631578947367,39.946263633731206,40.946263633731206,0.14987596570439207,35.970231769054095
RA-MTM,7,13,0.008333333333333333,,,,False,True,,52.0871136968688,53.0871136968688,0.13738630189569273,32.972712454966256
RA-MTM,8,11,0.022276058974491284,0.01394272564115795,0.0,0.061585353969343025,True,True,0.20603015075376885,21.74492221982144,19.071795142882486,0.512076216156673,122.89829187760151
RA-MTM,8,14,0.022276058974491284,,,,False,True,,100.27814282927179,102.95126990621074,0.1248966380869934,29.975193140878417
RA-MTM,8,3,0.007241571214079438,0.0010917621192538954,0.0,0.010542800264827316,True,True,0.06020066889632107,98.25854668458373,99.12753523027327,0.44962789711317624,107.9106953071623
RA-MTM,8,15,0.022276058974491284,,,,False,True,,19.039176783791405,21.71230386073036,0.04995865523479736,11.990077256351366
RA-MTM,8,2,0.012701953466102605,0.0043686201327692705,0.0,0.030486324945009358,True,True,0.042704626334519574,46.631854700641355,48.15608911657367,3.509595530244514,842.3029272586834
RA-MTM,9,16,0.00939094108898845,,,,False,True,,62.61694148325776,63.743854413936376,0.1873449571304901,44.962789711317626
RA-MTM,9,11,0.00939094108898845,0.012885117885502832,0.0,0.07447047185484586,True,True,0.4939759036144578,22.53482936750399,21.407916436825374,1.0366420961220453,248.79410306929086
RA-MTM,9,3,0.00939094108898845,0.002149369874909013,0.0,0.008393430389918303,True,True,0.11057692307692307,92.48858456806974,93.61549749874835,2.4354844426963713,584.5162662471291
RA-MTM,9,2,0.00939094108898845,0.022092894555091055,0.0,0.008393430389918303,True,True,0.22514619883040934,34.84471182917623,33.71779889849761,1.7235736056005087,413.6576653441221
RA-MTM,9,17,0.00939094108898845,,,,False,True,,62.083505077014905,60.95659214633629,0.9617041132698492,230.8089871847638
RA-MTM,10,11,0.011973787943031293,0.002582846854042842,1.6653345369377348e-16,0.07188762500080301,True,True,0.6265060240963856,21.172552992968942,19.735698439805187,0.6494625180523657,155.87100433256776
RA-MTM,10,16,0.011973787943031293,0.002582846854042842,2.220446049250313e-16,0.002582846854042842,True,True,0.35714285714285715,60.16254294927067,61.59939750243443,0.5245658799653723,125.89581119168935
RA-MTM,10,3,0.011973787943031293,0.002582846854042842,0.0,0.005810583535875461,True,True,0.5128205128205128,93.09293175676189,94.52978630992564,1.248966380869934,299.7519314087842
RA-MTM,10,2,0.003489939954378851,0.0059010011346096,2.220446049250313e-16,0.014294431524527902,True,True,0.056962025316455694,22.687985748453656,22.269192953928194,0.3622002504522808,86.9280601085474
RA-MTM,10,17,0.011973787943031293,0.002582846854042842,2.220446049250313e-16,0.002582846854042842,True,True,0.2064343163538874,59.240449435445626,57.80359488228187,4.658644600644854,1118.074704154765
RA-MTM,11,11,0.04667297129161107,0.03469918334857978,1.1102230246251565e-16,0.037188441652223236,True,True,0.4423076923076923,20.44906019159569,14.848303636602363,0.2872622676000848,68.94294422402035
RA-MTM,11,16,0.06699949023841481,0.05502570229538352,0.0,0.05760854914942636,True,True,0.6268656716417911,60.89156020682046,68.93149903543024,0.8368074751828557,200.83379404388538
RA-MTM,11,3,0.048240446721023504,0.03626665877799221,1.6653345369377348e-16,0.030456075242116753,True,True,0.69,94.57924568614715,100.36809929266997,0.8617868028002543,206.82883267206105
RA-MTM,11,18,0.025835132466740282,,,,False,False,,43.60668807684634,40.506472180837505,0.4746072247305749,113.90573393533798
RA-MTM,11,17,0.0641794931660544,0.052205705223023105,2.220446049250313e-16,0.05478855207706594,True,True,0.4187192118226601,73.62838555695282,65.9268463770263,2.535401753165966,608.4964207598318
RA-MTM,12,16,0.0443517296915991,0.022647760546815714,0.0,0.03496078860261065,True,True,0.6568627450980392,60.48523851032273,65.80744607331462,1.2739457084873327,305.74697003695985
RA-MTM,12,19,0.02750277674658624,,,,False,True,,100.27814282927179,103.57847603886214,0.1248966380869934,29.975193140878417
RA-MTM,12,20,0.04423394528852655,,,,False,False,,29.279382587843553,23.971309153220368,0.01248966380869934,2.9975193140878416
RA-MTM,12,17,0.0443517296915991,0.019827763474455296,2.220446049250313e-16,0.03496078860261065,True,True,0.4592760180995475,66.93105935832341,61.60885179533152,5.520431403445108,1324.903536826826
RA-MTM,13,16,0.08540239519567562,0.04105066550407652,0.0,0.07601145410668717,True,True,0.5098039215686274,62.395945588768626,72.6442330122497,0.6494625180523657,155.87100433256776
RA-MTM,13,21,0.06527294900587641,,,,False,True,,94.20822373672492,102.04097761743009,0.2872622676000848,68.94294422402035
RA-MTM,13,22,0.14017807021972814,,,,False,True,,44.32938202713234,61.15075045349972,1.0990904151655418,263.78169963973005
RA-MTM,13,20,0.06948332249073097,0.025249377202204423,0.0,0.025249377202204423,True,True,0.011904761904761904,30.071779465538064,21.733780766650348,1.0491317599307446,251.7916223833787
RA-MTM,13,17,0.1568447368863949,0.11249300719479578,2.220446049250313e-16,0.14745379579740642,True,True,0.4314159292035398,78.55725100587988,59.73588257951249,2.560381080783365,614.4914593880076
RA-MTM,14,22,0.13283259964201885,0.007345470577709298,2.220446049250313e-16,0.007345470577709298,True,True,0.39800995024875624,37.41495196584698,53.354863922889244,2.4105051150789722,578.5212276189534
RA-MTM,14,16,0.07199195315541414,0.013410442040261473,0.0,0.0626010120664257,True,True,0.2976190476190476,69.34194213703003,77.98097651567973,0.7119108370958623,170.85860090300696
RA-MTM,14,21,0.052146675169304754,0.013126273836571657,2.220446049250313e-16,0.013126273836571657,True,True,0.40350877192982454,94.94245664716045,101.20005766747703,0.7119108370958623,170.85860090300696
RA-MTM,14,20,0.07500813971125855,0.005524817220527585,0.0,0.030774194422732007,True,True,0.01098901098901099,20.959215372051183,11.958238606700156,0.09991731046959472,23.980154512702732
RA-MTM,14,17,0.1494992663086855,0.007345470577709357,2.220446049250313e-16,0.14010832521969707,True,True,0.3713768115942029,68.46857599556125,50.52866403851899,6.894294422402035,1654.6306613764884
RA-MTM,15,22,0.008333333333333333,0.14116593297535218,0.0,0.1485114035530615,True,True,0.7764227642276422,35.980282287489686,34.980282287489686,3.047477969322639,731.3947126374334
RA-MTM,15,16,0.008333333333333333,0.0636586198220808,2.220446049250313e-16,0.0010576077556551174,True,True,0.2878787878787879,76.48948964911762,77.48948964911762,2.472953434122469,593.5088241893926
RA-MTM,15,17,0.008333333333333333,0.14116593297535218,0.0,0.0010576077556551174,True,True,0.4528301886792453,66.6979962491914,65.6979962491914,15.224900182804495,3653.9760438730787
RA-MTM,16,22,0.015161077139705152,0.006827743806371818,1.1102230246251565e-16,0.1553391473594333,True,True,0.6582633053221288,35.17927127667245,33.359942019907834,4.346403005427371,1043.136721302569
RA-MTM,16,16,0.015161077139705152,0.006827743806371818,1.1102230246251565e-16,0.005770136050716701,True,True,0.3869346733668342,81.8589008509575,83.67823010772211,0.9741937770785485,233.80650649885163
RA-MTM,16,23,0.005462116717592262,,,,False,False,,45.493041777592786,46.14849578370386,0.07493798285219604,17.985115884527048
RA-MTM,16,17,0.015161077139705152,0.006827743806371818,2.220446049250313e-16,0.005770136050716701,True,True,0.23954060705496308,81.84226546218204,80.02293620541742,3.646981832140207,875.2756397136498
RA-MTM,17,22,0.008333333333333333,0.006827743806371818,0.0,0.1485114035530615,True,True,0.6867816091954023,33.44259038684105,32.44259038684105,2.9850296502791425,716.4071160669941
RA-MTM,17,16,0.008333333333333333,0.006827743806371818,0.0,0.0010576077556551174,True,True,0.31840796019900497,90.08174539229583,91.08174539229583,2.335567132226777,560.5361117344264
RA-MTM,17,24,0.008333333333333333,,,,False,False,,74.09883407804274,73.09883407804274,1.436311338000424,344.7147211201018
RA-MTM,17,17,0.008333333333333333,0.006827743806371818,2.220446049250313e-16,0.0010576077556551174,True,True,0.2054794520547945,86.48231000992378,85.48231000992378,0.7493798285219604,179.8511588452705
RA-MTM,18,22,0.07908538998018401,0.08741872331351734,0.0,0.061092680239544145,True,True,0.6234309623430963,31.638982582960704,41.129229380582785,1.8609599074962015,446.63037779908836
RA-MTM,18,25,0.16532610843536197,,,,False,True,,60.0,40.16086698775656,0.01248966380869934,2.9975193140878416
RA-MTM,18,16,0.08881897491306212,0.08048564157972879,0.0,0.07942803382407367,True,True,0.34759358288770054,89.95916621134229,100.61744320090975,0.8118281475654571,194.8387554157097
RA-MTM,18,26,0.16298332447968714,,,,False,True,,23.69800915410342,43.256008091665876,0.9242351218437511,221.81642924250028
RA-MTM,18,27,0.015801865734141884,,,,False,True,,95.67284808788658,97.5690719759836,0.7618694923306597,182.84867815935834
RA-MTM,18,17,0.011393047008315093,0.019726380341648427,0.0,0.020783988097303543,True,True,0.5522388059701493,91.84548850426826,93.21265414526607,0.5495452075827709,131.89084981986502
RA-MTM,19,22,0.025692951726777834,0.10477834170696185,0.0,0.165871021946506,True,True,0.4697986577181208,28.938042394375145,25.854888187161805,0.8742764666089539,209.82635198614892
RA-MTM,19,16,0.025692951726777834,0.06312602318628428,1.1102230246251565e-16,0.016302010637789386,True,True,0.4153846153846154,90.46777282440208,93.55092703161542,0.33722092283488214,80.93302148037172
RA-MTM,19,28,0.025692951726777834,,,,False,False,,76.55499938321765,79.63815359043099,0.4995865523479736,119.90077256351367
RA-MTM,19,29,0.016491374309139908,,,,False,False,,88.35749299583674,90.33645791293353,0.16236562951309141,38.96775108314194
RA-MTM,19,26,0.019059488135336384,0.14392383634435074,0.0,0.14392383634435074,True,True,0.30414746543778803,35.060934190131356,37.34807276637172,2.610339736018162,626.4815366443589
RA-MTM,19,17,0.025692951726777834,0.037085998735092926,0.0,0.016302010637789386,True,True,0.3283582089552239,79.6780074219659,76.59485321475256,1.6736149503657114,401.66758808777075
RA-MTM,20,22,0.08450820845686936,0.05881525673009153,1.1102230246251565e-16,0.22468627867659752,True,True,0.47619047619047616,36.2386029115744,26.097617896750073,1.4488010018091233,347.7122404341896
RA-MTM,20,16,0.08450820845686936,0.05881525673009153,0.0,0.07511726736788091,True,True,0.09060402684563758,83.40700286418411,93.54798787900843,3.721919814992403,893.2607555981767
RA-MTM,20,30,0.0678415417902027,,,,False,True,,100.20228945294551,92.06130443812118,0.22481394855658812,53.95534765358115
RA-MTM,20,26,0.009218956729252822,0.009840531406083564,0.0,0.1537643677504343,True,False,0.19617224880382775,36.06455960434965,37.170834411859985,0.512076216156673,122.89829187760151
RA-MTM,20,31,0.01124924870322772,,,,False,False,,60.45949641428438,59.109586569897054,0.32473125902618283,77.93550216628388
RA-MTM,20,17,0.04049166654625805,0.014798714819480216,0.0,0.0311007254572696,True,True,0.03731343283582089,89.69659683175124,84.83759684620027,0.0624483190434967,14.987596570439209
RA-MTM,21,16,0.05415515136747994,0.030353057089389422,0.0,0.04476421027849149,True,True,0.8523489932885906,84.82107627307651,91.3196944371741,3.172374607409632,761.3699057783117
RA-MTM,21,22,0.05415515136747994,0.030353057089389422,0.0,0.1943332215872081,True,True,0.40236686390532544,43.342034360074926,36.84341619597733,1.51124932085262,362.6998370046288
RA-MTM,21,26,0.03748848470081327,0.028269527971560453,1.1102230246251565e-16,0.12549483977887385,True,True,0.2459016393442623,33.569198532784306,38.0678166968819,1.3863526827656267,332.72464386375043
RA-MTM,21,31,0.015989162474798018,0.004739913771570296,0.0,0.004739913771570296,True,True,0.06968641114982578,80.71121102717547,78.7925115301997,3.509595530244514,842.3029272586834
RA-MTM,22,16,0.011959994138361433,0.042195157229118506,0.0,0.0025690530493729822,True,True,0.5076335877862596,92.34258854424036,93.77778784084373,1.7610425970266068,422.65022328638565
RA-MTM,22,26,0.011959994138361433,0.049448478839174706,0.0,0.17494331861804857,True,False,0.20317460317460317,50.97613704953865,49.54093775293528,3.347229900731423,803.3351761755415
RA-MTM,22,31,0.011959994138361433,0.004029168336436584,0.0,0.0007107454351337121,True,True,0.3404255319148936,91.96985214082949,90.53465284422612,1.211497389443836,290.75937346652063
RA-MTM,23,32,0.008333333333333333,,,,False,True,,22.793918911943855,21.793918911943855,0.3122415952174835,74.93798285219604
RA-MTM,23,16,0.008333333333333333,0.0036266608050280996,0.0,0.0010576077556551174,True,True,0.574468085106383,94.82934196316505,95.82934196316505,1.0116627685046466,242.79906444111518
RA-MTM,23,26,0.004713060873550509,0.007246933264810925,0.0,0.16769638535323764,True,True,0.3666061705989111,67.92120387110707,67.355636566281,6.0574869472191795,1453.7968673326031
RA-MTM,23,33,0.008333333333333333,,,,False,True,,24.12049102746879,25.12049102746879,0.5495452075827709,131.89084981986502
RA-MTM,24,16,0.062486882243491,0.05415354891015767,0.0,0.05309594115450255,True,True,0.1111111111111111,98.11632160397191,105.61474747319083,0.11240697427829406,26.977673826790575
RA-MTM,24,34,0.045820215576824454,,,,False,False,,70.32554085241924,75.82396672163817,0.4995865523479736,119.90077256351367
RA-MTM,24,33,0.02486922007143235,0.03320255340476568,0.0,0.03320255340476568,True,True,0.16,36.25513490527056,33.27082849669868,3.4346575473923187,824.3178113741565
RA-MTM,24,26,0.062486882243491,0.05777382136994049,1.1102230246251565e-16,0.22547020672317813,True,True,0.4158415841584158,81.97934028376989,74.48091441455097,2.872622676000848,689.4294422402036
RA-MTM,25,35,0.10516547613761332,,,,False,True,,42.93299032657975,30.31313319006615,0.03746899142609802,8.992557942263524
RA-MTM,25,36,0.08849880947094665,,,,False,True,,20.233867460930824,30.853724597444423,0.1248966380869934,29.975193140878417
RA-MTM,25,33,0.036570069088804696,0.06143928916023705,2.220446049250313e-16,0.028236735755471365,True,False,0.1903409090909091,55.602874591084095,59.99128288174066,1.798511588452705,431.6427812286492
RA-MTM,25,37,0.08508020946499005,,,,False,False,,30.48411268243792,40.69373781823673,0.21232428474788875,50.957828339493304
RA-MTM,25,26,0.0393268802611774,0.1018137625046684,1.1102230246251565e-16,0.12365644421850973,True,True,0.4956521739130435,87.5317813942279,92.2510070255692,1.4238216741917247,341.7172018060139
RA-MTM,26,36,0.008333333333333333,0.09683214280427999,1.1102230246251565e-16,0.09683214280427999,True,True,0.125,20.41766602664458,19.41766602664458,0.32473125902618283,77.93550216628388
RA-MTM,26,33,0.006455594598441057,0.03011447449036364,0.0,0.0018777387348922758,True,False,0.22439024390243903,72.9432768892,73.71794824101293,4.471299643514363,1073.1119144434472
RA-MTM,26,37,0.008333333333333333,0.07674687613165672,0.0,0.07674687613165672,True,True,0.2537313432835821,30.19641594343031,31.19641594343031,0.8368074751828557,200.83379404388538
RA-MTM,26,26,0.008333333333333333,0.03099354692784407,0.0,0.1546499911463538,True,True,0.21052631578947367,96.48073317693577,97.48073317693577,0.29975193140878414,71.94046353810819
RA-MTM,27,36,0.008333333333333333,0.0,0.0,0.09683214280427999,True,True,0.4,23.19214913765699,22.19214913765699,0.3746899142609802,89.92557942263525
RA-MTM,27,38,0.007485691833343585,,,,False,False,,60.068268038693674,60.966551058694904,0.9367247856524504,224.81394855658812
RA-MTM,27,33,0.008333333333333333,0.0018777387348922758,2.220446049250313e-16,0.0,True,True,0.24258760107816713,86.49528977456207,87.49528977456207,1.286435372296032,308.74448935104766
RA-MTM,28,39,0.008333333333333333,,,,False,True,,19.46585202562691,18.46585202562691,0.04995865523479736,11.990077256351366
RA-MTM,28,33,0.008333333333333333,0.0,2.220446049250313e-16,0.0,True,True,0.173109243697479,78.91426248513173,79.91426248513173,7.431349966176107,1783.5239918822658
RA-MTM,28,40,0.008333333333333333,,,,False,True,,23.2557321148717,24.2557321148717,0.21232428474788875,50.957828339493304
RA-MTM,28,41,0.008333333333333333,,,,False,True,,65.32640741456191,66.32640741456191,1.13655940659164,272.7742575819936
RA-MTM,29,42,0.017013567298843194,,,,False,True,,20.176977428686087,18.135349352824903,0.07493798285219604,17.985115884527048
RA-MTM,29,43,0.017013567298843194,,,,False,False,,71.9469067713942,69.90527869553301,1.7485529332179077,419.65270397229784
RA-MTM,29,33,0.017013567298843194,0.00868023396550986,0.0,0.00868023396550986,True,True,0.20134228187919462,90.28336344531671,92.32499152117789,1.51124932085262,362.6998370046288
RA-MTM,29,41,0.017013567298843194,0.00868023396550986,0.0,0.00868023396550986,True,True,0.4504950495049505,71.43151687531561,73.47314495117679,2.5229120893572663,605.498901445744
RA-MTM,30,42,0.07544109089050398,0.05842752359166079,0.0,0.05842752359166079,True,True,0.1875,21.385890613886684,12.332959707026205,0.3996692418783789,95.92061805081093
RA-MTM,30,43,0.1324221176275535,0.14943568492639667,1.1102230246251565e-16,0.14943568492639667,True,True,0.2670807453416149,69.92179144447347,85.81244555977989,3.347229900731423,803.3351761755415
RA-MTM,30,44,0.01588935985825248,,,,False,True,,19.721857170728214,21.62858035371851,0.0624483190434967,14.987596570439209
RA-MTM,30,45,0.11575545096088682,,,,False,True,,98.27886455324256,84.38821043793614,0.3497105866435815,83.93054079445956
RA-MTM,30,41,0.00595777075067101,0.022971338049514203,2.185751579730777e-16,0.014291104084004342,True,True,0.45,62.066446759477884,61.35151426939736,2.5478914169746654,611.4939400739197
RA-MTM,31,42,0.07832417661447318,0.002883085723969196,1.249000902703301e-16,0.06131060931562999,True,True,0.9375,21.31477807358077,11.915876879843987,0.3746899142609802,89.92557942263525
RA-MTM,31,43,0.10608200796583275,0.026340109661720727,0.0,0.12309557526467595,True,True,0.48860759493670886,74.75229648646267,87.4821374423626,3.996692418783789,959.2061805081094
RA-MTM,31,44,0.005718851729048572,0.010170508129203911,0.0,0.010170508129203911,True,True,0.06097560975609756,25.283204713091493,25.96946692057732,1.024152432313346,245.79658375520302
RA-MTM,31,41,0.022780396457982733,0.016822625707311724,0.0,0.031113729791316064,True,True,0.34657039711191334,74.28983354313,71.55618596817207,2.1107531836701883,506.5807640808452
RA-MTM,31,45,0.08941534129916609,0.026340109661720727,0.0,0.026340109661720727,True,True,0.21428571428571427,96.69407079785354,85.96422984195361,0.07493798285219604,17.985115884527048
RA-MTM,32,42,0.049665303788873176,0.0286588728256,0.0,0.03265173649002998,True,True,0.6764705882352942,22.579001012352638,16.619164557687856,0.33722092283488214,80.93302148037172
RA-MTM,32,43,0.049665303788873176,0.05641670417695958,0.0,0.06667887108771638,True,True,0.5649546827794562,66.87852208049975,72.83835853516453,2.472953434122469,593.5088241893926
RA-MTM,32,44,0.0049104988941730396,0.0008083528348755328,2.1510571102112408e-16,0.010978860964079443,True,True,0.6633663366336634,23.722681763939285,24.31194163124005,1.0741110875481432,257.7866610115544
RA-MTM,32,41,0.03299863712220651,0.01021824066422378,0.0,0.041331970455539845,True,True,0.18017057569296374,72.7511304681587,68.79129401349392,11.71530465255998,2811.6731166143954
RA-MTM,32,46,0.036844619707810784,,,,False,True,,24.841960072754286,29.26331443769158,0.1873449571304901,44.962789711317626
RA-MTM,33,42,0.008333333333333333,0.041331970455539845,0.0,0.00868023396550986,True,True,0.07407407407407407,19.039176783791405,18.039176783791405,0.02497932761739868,5.995038628175683
RA-MTM,33,43,0.0027417700699360853,0.052407073858809265,1.1102230246251565e-16,0.01427179722890711,True,False,0.24915824915824916,70.1514178924564,69.82240548406406,2.160711838904986,518.5708413371966
RA-MTM,33,44,0.008333333333333333,0.0034228344391602937,2.220446049250313e-16,0.007556026524919149,True,True,0.3524590163934426,27.22294781571829,28.22294781571829,3.047477969322639,731.3947126374334
RA-MTM,33,41,0.008333333333333333,0.041331970455539845,0.0,0.0,True,True,0.4680170575692964,84.29424679936282,85.29424679936282,5.48296241201901,1315.9109788845624
RA-MTM,34,43,0.0549122662486166,0.05765403631855269,0.0,0.0719258335474598,True,False,0.011560693641618497,77.92036015709127,84.50983210692526,0.02497932761739868,5.995038628175683
RA-MTM,34,47,0.0549122662486166,,,,False,False,,85.79014795094615,92.37961990078014,0.11240697427829406,26.977673826790575
RA-MTM,34,44,0.01634536382103935,0.024678697154372684,0.0,0.03223472367929183,True,True,0.6385224274406333,31.959401082980133,29.99795742445541,4.708603255879651,1130.0647814111162
RA-MTM,34,41,0.0549122662486166,0.06324559958194993,0.0,0.06324559958194993,True,True,0.3235294117647059,88.13718649583737,81.54771454600338,1.8234909160701036,437.6378198568249
RA-MTM,35,48,0.07655295603241138,,,,False,True,,36.10618645721165,26.919831733322283,0.09991731046959472,23.980154512702732
RA-MTM,35,47,0.07655295603241138,0.02164068978379478,4.440892098500626e-16,0.02164068978379478,True,True,0.014925373134328358,85.59020211757849,94.77655684146785,4.134078720679481,992.1788929630756
RA-MTM,35,49,0.05988628936574483,,,,False,True,,100.39192289376126,93.20556816987188,0.14987596570439207,35.970231769054095
RA-MTM,35,44,0.014072029231531205,0.030417393052570556,0.0,0.0018173306267212771,True,True,0.6533795493934142,37.256804613703935,38.94544812148768,7.206536017619519,1729.5686442286847
RA-MTM,35,41,0.041388205131569225,0.013524061117047381,0.0,0.04972153846490256,True,True,0.4863013698630137,92.86000313178238,87.89341851599407,0.8867661304176532,212.82387130023676
RA-MTM,36,48,0.0967144599523551,0.02016150391994372,0.0,0.02016150391994372,True,True,0.1095890410958904,39.51958839189569,27.913853197613076,0.9117454580350518,218.81890992841244
RA-MTM,36,50,0.08377237299114905,,,,False,True,,95.84072031418253,105.89340507312042,0.01248966380869934,2.9975193140878416
RA-MTM,36,47,0.06994181717748885,0.006611138854922535,0.0,0.015029550928872244,True,False,0.18126888217522658,88.47346113848948,96.86647919978815,0.7493798285219604,179.8511588452705
RA-MTM,36,51,0.08004779328568841,,,,False,True,,19.039176783791405,28.644911978074013,0.01248966380869934,2.9975193140878416
RA-MTM,36,44,0.01603082822563223,0.0019587989941010223,0.0,0.00014146836737974529,True,False,0.03292894280762565,29.27938258784355,31.203081974919417,0.23730361236528744,56.95286696766899
RA-MTM,36,41,0.05978038349524558,0.018392178363676355,0.0,0.0681137168285789,True,True,0.04225352112676056,99.25412224886657,92.0804762294371,0.03746899142609802,8.992557942263524
RA-MTM,37,48,0.11153255394586083,0.014818093993505718,0.0,0.034979597913449435,True,True,0.5142857142857142,43.885567610677626,30.501661137174327,1.0741110875481432,257.7866610115544
RA-MTM,37,47,0.0683730463268334,0.0015687708506554542,0.0,0.013460780078216791,True,True,0.06756756756756757,96.11019941428917,104.31496497350918,0.23730361236528744,56.95286696766899
RA-MTM,37,52,0.06368377164146453,,,,False,False,,90.72061741215646,98.3626700091322,0.01248966380869934,2.9975193140878416
RA-MTM,37,51,0.09486588727919415,0.014818093993505747,0.0,0.014818093993505747,True,True,0.5,19.892527267462416,31.276433740965714,0.02497932761739868,5.995038628175683
RA-MTM,37,44,0.011411941738053837,0.004618886487578393,0.0,0.004477418120198647,True,False,0.15492957746478872,36.53963432193344,37.9090673304999,0.7868488199480584,188.84371678753402
RA-MTM,37,53,0.02996310196173333,,,,False,True,,75.36030870607821,71.76473647067021,0.08742764666089538,20.98263519861489
RA-MTM,38,48,0.008333333333333333,0.10319922061252748,0.0,0.06821962269907805,True,True,0.22093023255813954,41.49576845934437,40.49576845934437,0.23730361236528744,56.95286696766899
RA-MTM,38,47,0.008333333333333333,0.06003971299350006,0.0,0.04657893291528327,True,True,0.06291390728476821,90.01985277655908,91.01985277655908,3.771878470227201,905.2508328545282
RA-MTM,38,54,0.008333333333333333,,,,False,False,,48.05309322860583,49.05309322860583,0.01248966380869934,2.9975193140878416
RA-MTM,38,55,0.008333333333333333,,,,False,False,,46.3463922612638,47.3463922612638,0.01248966380869934,2.9975193140878416
RA-MTM,38,44,0.008333333333333333,0.003078608404720503,0.0,0.007556026524919149,True,False,0.015873015873015872,44.63969129392178,45.63969129392178,0.01248966380869934,2.9975193140878416
RA-MTM,39,56,0.03352787284992829,,,,False,True,,19.039176783791405,15.01583204180001,0.01248966380869934,2.9975193140878416
RA-MTM,39,48,0.03352787284992829,0.025194539516594953,1.6653345369377348e-16,0.0430250831824831,True,True,0.4090909090909091,43.64411572963893,39.62077098764754,0.14987596570439207,35.970231769054095
RA-MTM,39,57,0.03352787284992829,,,,False,False,,38.17860906041268,42.20195380240408,0.17485529332179076,41.96527039722978
RA-MTM,39,58,0.03352787284992829,,,,False,False,,56.127101651031566,60.15044639302296,0.6494625180523657,155.87100433256776
RA-MTM,40,56,0.008333333333333333,0.025194539516594953,0.0,0.025194539516594953,True,True,0.25,19.46585202562691,18.46585202562691,0.04995865523479736,11.990077256351366
RA-MTM,40,58,0.008333333333333333,0.025194539516594953,0.0,0.025194539516594953,True,True,0.02240413614821198,61.05740456313574,62.05740456313574,28.988509699991166,6957.24232799788
RA-MTM,41,59,0.008333333333333333,,,,False,True,,20.590723117738705,19.590723117738705,0.27477260379138546,65.94542490993251
RA-MTM,41,60,0.008333333333333333,,,,False,False,,63.12289964237051,64.12289964237051,0.5870141990088689,140.88340776212854
RA-MTM,41,58,0.0019795539590694725,0.006353779374263861,0.0,0.031548318890858816,True,False,0.04782421370099095,52.25065506720377,52.48820154229211,1.3863526827656267,332.72464386375043
RA-MTM,42,61,0.0966922539588959,,,,False,False,,41.11250929474827,29.509438819680764,0.3746899142609802,89.92557942263525
RA-MTM,42,60,0.01768062454552464,0.009347291212191303,4.440892098500626e-16,0.009347291212191303,True,True,0.002136752136752137,81.81099127221688,83.93266621767984,5.270638127271122,1264.953150545069
RA-MTM,42,58,0.014179038077851243,0.012199484118781771,0.0,0.019348834772077043,True,False,0.2702702702702703,57.496838581231685,59.198323150573835,0.3746899142609802,89.92557942263525
RA-MTM,42,62,0.08002558729222921,,,,False,True,,20.556244310317652,30.159314785385156,0.22481394855658812,53.95534765358115
RA-MTM,43,63,0.08792705556289022,,,,False,True,,57.718928514802435,47.16768184725561,1.2989250361047313,311.74200866513553
RA-MTM,43,60,0.04210640736915513,0.02442578282363049,0.0,0.03377307403582179,True,True,0.2636363636363636,89.32024738767066,94.37301627196928,3.4096782197749196,818.3227727459807
RA-MTM,43,62,0.08792705556289022,0.007901468270661027,0.0,0.007901468270661027,True,True,0.05084745762711865,40.54650168580486,51.09774835335169,4.4213409882795665,1061.121837187096
RA-MTM,44,64,0.07958049758734483,,,,False,True,,39.829897658685155,30.280237948203776,1.0990904151655418,263.78169963973005
RA-MTM,44,63,0.17146107071452796,0.08353401515163773,2.220446049250313e-16,0.08353401515163773,True,True,0.06479481641468683,82.23976144847484,61.66443296273148,4.8584792215840436,1166.0350131801704
RA-MTM,44,60,0.057313352844584976,0.015206945475429853,0.0,0.048980019511251645,True,True,0.2655172413793103,94.73318032473718,101.61078266608737,1.1740283980177377,281.7668155242571
RA-MTM,44,62,0.18812773738119445,0.10020068181830423,0.0,0.10810215008896525,True,True,0.7094188376753507,42.3618098425194,64.93713832826273,6.23234224054097,1495.7621377298328
RA-MTM,45,64,0.055356128722856585,0.024224368864488238,0.0,0.024224368864488238,True,True,0.7543859649122807,41.89677902497924,35.25404357823645,1.398842346574326,335.72216317783824
RA-MTM,45,63,0.055356128722856585,0.22681719943738454,1.6653345369377348e-16,0.14328318428574682,True,True,0.6510791366906474,84.99720055759178,91.63993600433457,6.60703215480195,1585.6877171524682
RA-MTM,45,60,0.03868946205618992,0.0960028149007749,1.1102230246251565e-16,0.04702279538952325,True,True,0.4105263157894737,94.00601677428988,89.36328132754709,0.4995865523479736,119.90077256351367
RA-MTM,45,62,0.041461789033422215,0.14666594834777225,1.6653345369377348e-16,0.038563798258806986,True,True,0.7132352941176471,46.9178551977762,51.893269881786864,8.31811609659376,1996.3478631825026
RA-MTM,46,64,0.08973124189745849,0.034375113174601894,0.0,0.010150744310113662,True,True,0.8582677165354331,41.44650883889475,30.678759811199733,1.5487183122787183,371.69239494689236
RA-MTM,46,65,0.07174342724651778,,,,False,True,,96.69407079785353,105.30328206743566,0.04995865523479736,11.990077256351366
RA-MTM,46,66,0.04789713734529843,,,,False,False,,97.41613659172903,103.16379307316484,0.16236562951309141,38.96775108314194
RA-MTM,46,63,0.005219448357299683,0.06057557708015627,4.440892098500626e-16,0.08270760720559055,True,True,0.06766917293233082,98.29136785703261,97.66503405415665,0.48709688853927424,116.90325324942582
RA-MTM,46,67,0.07306457523079182,,,,False,True,,22.90435250394834,31.672101531643357,0.4246485694957775,101.91565667898661
RA-MTM,46,62,0.002228181161254561,0.039233607872167654,0.0,0.07779740613097465,True,True,0.0990990990990991,44.27766381600073,44.54504555535128,0.8243178113741564,197.83627472979754
RA-MTM,47,64,0.08164163675644819,0.008089605141010292,0.0,0.002061139169103369,True,True,0.7133757961783439,38.283701484510104,28.48670507373632,1.811001252261404,434.640300542737
RA-MTM,47,63,0.055171279405445736,0.06039072776274542,0.0,0.14309833496833596,True,True,0.08024691358024691,89.37611021923425,95.99666374788774,3.884285444505495,932.2285066813188
RA-MTM,47,68,0.03101618682758082,,,,False,False,,37.37040939598352,41.09235181529322,0.6744418456697643,161.86604296074344
RA-MTM,47,67,0.06497497008978158,0.008089605141010233,0.0,0.008089605141010233,True,True,0.3235294117647059,21.676805551501804,29.473801962275594,0.13738630189569273,32.972712454966256
RA-MTM,47,62,0.021192015680938425,0.018963834519683864,0.0,0.058833571611290776,True,True,0.3645833333333333,55.4575497330743,58.00059161478691,0.8118281475654571,194.8387554157097
RA-MTM,48,64,0.04847695723540604,0.03316467952104215,0.0,0.03110354035193878,True,True,0.65625,34.616522607103875,28.79928773885515,2.160711838904986,518.5708413371966
RA-MTM,48,63,0.048476957235406105,0.006694322170039632,0.0,0.13640401279829634,True,True,0.7633136094674556,91.13980712343343,96.95704199168216,3.559554185479312,854.2930045150348
RA-MTM,48,68,0.04782044901121173,0.016804262183630906,0.0,0.016804262183630906,True,True,0.13934426229508196,26.287636186267527,32.026090067612934,1.061621423739444,254.78914169746653
RA-MTM,48,62,0.017699642073900238,0.0034923736070381866,2.220446049250313e-16,0.06232594521832897,True,True,0.2838427947598253,60.52915182830254,62.65310887717057,2.860133012192149,686.4319229261157
RA-MTM,49,64,0.015508239895034729,0.032968717340371316,0.0,0.06407225769231009,True,True,0.19653179190751446,35.20263888626588,33.34165009886171,0.4246485694957775,101.91565667898661
RA-MTM,49,63,0.015508239895034729,0.03296871734037137,0.0,0.10343529545792496,True,True,0.9072164948453608,91.27055439052222,93.13154317792639,3.372209228348822,809.3302148037172
RA-MTM,49,68,0.015508239895034729,0.032312209116177,0.0,0.01550794693254609,True,True,0.23550724637681159,34.88616193758824,36.74715072499241,3.197353935027031,767.3649444064874
RA-MTM,49,62,0.005869696688969957,0.011829945384930282,0.0,0.07415589060325925,True,True,0.026200873362445413,72.80025725506518,73.50462085774157,0.07493798285219604,17.985115884527048
RA-MTM,50,63,0.008333333333333333,0.007174906561701396,0.0,0.09626038889622356,True,True,0.8074074074074075,92.9127103977334,93.9127103977334,2.722746710296456,653.4592104711495
RA-MTM,50,68,0.008333333333333333,0.023841573228368062,0.0,0.039349520160914156,True,True,0.19408642911296436,55.63814332000751,54.63814332000751,16.47386656367443,3953.727975281863
RA-MTM,51,69,0.04246445877620823,,,,False,True,,36.09904544898008,31.00331039583509,2.9850296502791425,716.4071160669941
RA-MTM,51,63,0.04246445877620827,0.03413112544287493,0.0,0.13039151433909849,True,True,0.4943310657596372,84.92325222150278,90.01898727464777,5.507941739636409,1321.9060175127381
RA-MTM,51,68,0.03394340578630546,0.04227673911963879,0.0,0.0029272189587246384,True,True,0.1068991660348749,29.594093404516546,33.6673020988732,1.7610425970266068,422.65022328638565
RA-MTM,51,70,0.012698107778159459,,,,False,True,,59.910173633297795,61.43394656667693,0.9492144494611497,227.81146787067595
RA-MTM,52,69,0.008333333333333333,0.0341311254428749,0.0,0.0341311254428749,True,True,0.5521235521235521,41.10064266225548,40.10064266225548,2.0358152008179924,488.59564819631817
RA-MTM,52,63,0.008333333333333333,0.03413112544287493,0.0,0.09626038889622356,True,True,0.7267206477732794,82.80848428685721,83.80848428685721,5.145741489184128,1234.9779574041906
RA-MTM,52,68,0.008333333333333333,0.025610072452972126,0.0,0.022682853494247486,True,True,0.11289031224979984,55.922501451922656,56.922501451922656,15.599590097065475,3743.901623295714
RA-MTM,53,71,0.0371130393909772,,,,False,True,,62.56005145101304,58.106486724095774,0.04995865523479736,11.990077256351366
RA-MTM,53,63,0.0371130393909772,0.028779706057643867,0.0,0.12504009495386742,True,True,0.6796116504854369,88.52019223640471,92.97375696332197,3.4971058664358154,839.3054079445957
RA-MTM,53,68,0.03711303939097726,0.028779706057643926,0.0,0.006096852563396441,True,True,0.7798972853998533,59.840495236696974,64.29405996361425,14.700334302839122,3528.0802326813896
RA-MTM,54,71,0.10953724737757385,0.14665028676855105,4.440892098500626e-16,0.14665028676855105,True,True,0.019801980198019802,62.73748075949911,75.88195044480797,2.5229120893572663,605.498901445744
RA-MTM,54,63,0.07702843414517263,0.039915394754195435,0.0,0.16495548970806287,True,True,0.5464285714285714,93.0073736102291,102.25078570764981,1.910918562730999,458.6204550554398
RA-MTM,54,68,0.04908168131158366,0.08619472070256091,2.220446049250313e-16,0.08009786813916447,True,True,0.1707731520815633,32.52296353075227,26.633161773362232,2.510422425548567,602.5013821316561
RA-MTM,54,72,0.12620391404424042,,,,False,True,,89.70210231874266,74.55763263343381,0.7743591561393591,185.84619747344618
RA-MTM,55,73,0.10685727022974835,,,,False,True,,21.233506598945436,34.05637902651524,0.08742764666089538,20.98263519861489
RA-MTM,55,71,0.0806198413938251,0.02891740598374876,1.1102230246251565e-16,0.1177328807848023,True,True,0.2627118644067797,52.26651124173145,61.94089220899046,1.1990077256351366,287.76185415243276
RA-MTM,55,63,0.0492816351664666,0.02774679897870603,0.0,0.13720869072935685,True,True,0.7777777777777778,91.59293123990908,97.50672745988507,1.686104614174411,404.6651074018586
RA-MTM,55,74,0.09185919160487774,,,,False,True,,22.64221215929123,11.6191091667059,0.22481394855658812,53.95534765358115
RA-MTM,55,68,0.10685727022974835,0.05777558891816469,0.0,0.13787345705732917,True,True,0.23557692307692307,44.182539249098035,31.359666821528233,0.699421173287163,167.86108158891912
RA-MTM,56,73,0.13589795421296996,0.029040683983221616,1.942890293094024e-16,0.029040683983221616,True,True,0.875,20.959215372051183,37.26696987760758,0.09991731046959472,23.980154512702732
RA-MTM,56,75,0.05367812185322898,,,,False,True,,44.63969129392178,51.08106591630926,0.14987596570439207,35.970231769054095
RA-MTM,56,71,0.04700358457793232,0.033616256815892774,2.220446049250313e-16,0.08411662396890952,True,True,0.1875,60.094816720407884,65.73524686975976,0.22481394855658812,53.95534765358115
RA-MTM,56,63,0.03046250885795345,0.018819126308513155,1.1188966420050406e-16,0.11838956442084368,True,True,0.9214285714285714,91.0008220485858,94.65632311154022,1.6736149503657114,401.66758808777075
RA-MTM,56,68,0.15256462087963676,0.0457073506498884,0.0,0.18358080770721757,True,True,0.053794428434197884,51.79931004933259,33.49155554377618,13.001740024856014,3120.4176059654433
RA-MTM,57,73,0.014821839434130624,0.1507197936471006,0.0,0.12167910966387897,True,True,0.625,21.087217944601832,19.308597212506157,0.0624483190434967,14.987596570439209
RA-MTM,57,71,0.014821839434130624,0.0321817451438017,0.0,0.051934878825107826,True,True,0.11666666666666667,68.38637544297373,70.1649961750694,1.4488010018091233,347.7122404341896
RA-MTM,57,63,0.014821839434130624,0.015640669423822827,2.220446049250313e-16,0.10274889499702085,True,True,0.373134328358209,94.81669973377736,96.59532046587303,0.624483190434967,149.8759657043921
RA-MTM,57,76,0.0020850628761519257,,,,False,True,,24.841960072754286,24.591752527616055,0.1873449571304901,44.962789711317626
RA-MTM,57,68,0.014821839434130624,0.13774278144550614,1.1102230246251565e-16,0.04583802626171144,True,True,0.5495750708215298,67.20796708540787,65.4293463533122,7.4937982852196035,1798.511588452705
RA-MTM,58,71,0.06481368379632932,0.07963552323045994,0.0,0.027700644405352116,True,True,0.4793388429752066,70.26729629559723,62.489654240037716,0.7868488199480584,188.84371678753402
RA-MTM,58,77,0.06481368379632932,,,,False,False,,50.97100133406155,43.19335927850203,1.1615387342090386,278.7692962101693
RA-MTM,58,78,0.02853902827966562,,,,False,False,,59.78666237908225,63.211345772642126,0.09991731046959472,23.980154512702732
RA-MTM,58,79,0.06481368379632932,,,,False,True,,57.43994854898697,65.21759060454649,0.1248966380869934,29.975193140878417
RA-MTM,58,68,0.047348626837459426,0.06217046627159005,2.220446049250313e-16,0.016332440009878605,True,True,0.145,89.58281676726178,95.2646519877569,1.0866007513568428,260.78418032564224
