method,t,track,reference,motion,growth,trajectory,eligible,boundary,iou,q,x,width,area
TMTM,0,0,0.08023408120238701,,,,False,True,,64.14124114987719,73.76933089416363,2.357142857142857,141.28640559971558
TMTM,0,1,0.032126265132628735,,,,False,False,,68.83876842436479,64.98361660844934,0.6428571428571428,38.5326560726497
TMTM,0,2,0.05190445765946577,,,,False,True,,20.112224546456307,26.3407594655922,0.6428571428571428,38.5326560726497
TMTM,0,3,0.10001227372922372,,,,False,True,,65.84223231309905,53.8407594655922,21.57142857142857,1292.9846815489122
TMTM,1,4,0.031211015558509678,,,,False,False,,72.23829474142818,75.98361660844934,0.14285714285714285,8.562812460588823
TMTM,1,5,0.13345012480722987,,,,False,False,,76.99763158531692,60.98361660844934,0.6428571428571428,38.5326560726497
TMTM,1,3,0.13879268396819847,0.03878041023897474,0.0,0.03878041023897474,True,True,0.5603715170278638,70.06731011320458,53.41218803702077,14.428571428571427,864.8440585194711
TMTM,1,6,0.43068745678865755,,,,False,False,,31.443978936667584,83.12647375130649,0.07142857142857142,4.281406230294412
TMTM,1,2,0.5105524897101996,0.4586480320507338,0.0,0.4586480320507338,True,True,0.2692307692307692,22.86017498608254,84.12647375130649,1.7142857142857142,102.75374952706588
TMTM,2,7,0.08012418743117435,,,,False,False,,66.52709052876169,56.91218803702077,1.4285714285714284,85.62812460588823
TMTM,2,8,0.25875589726000553,,,,False,True,,92.24860999393572,61.197902322735054,4.142857142857142,248.32156135707586
TMTM,2,9,0.09736843775671886,,,,False,False,,70.4535434249699,58.76933089416363,0.5714285714285714,34.25124984235529
TMTM,2,2,0.10181683215075799,0.6123693218609575,0.0,0.15372128981022376,True,True,0.19047619047619047,31.201636466540297,18.98361660844934,7.2142857142857135,432.42202925973555
TMTM,2,3,0.40457156684659845,0.26577888287839996,2.220446049250313e-16,0.30455929311737473,True,True,0.13615023474178403,75.96077605861258,27.41218803702077,2.8571428571428568,171.25624921177646
TMTM,3,8,0.010951031101121817,0.26970692836112736,4.440892098500626e-16,0.26970692836112736,True,True,0.054104477611940295,66.24092144774329,67.55504517987791,76.57142857142857,4589.667478875609
TMTM,3,2,0.30749915296691016,0.20568232081615218,0.0,0.3594036106263759,True,True,0.28774928774928776,53.52637210733571,16.62647375130649,25.07142857142857,1502.7735868333384
TMTM,4,10,0.1744016171259646,,,,False,True,,51.84113683904788,72.76933089416363,0.07142857142857142,4.281406230294412
TMTM,4,8,0.054163429649547484,0.043212398548425665,0.0,0.312919326909553,True,False,0.08861940298507463,62.76971933621793,69.26933089416363,6.785714285714286,406.7335918779691
TMTM,4,11,0.28905414411306,,,,False,False,,92.09868533058797,57.41218803702077,1.357142857142857,81.34671837559382
TMTM,4,12,0.2618733655806332,,,,False,False,,80.26556333526818,48.8407594655922,2.214285714285714,132.72359313912676
TMTM,4,2,0.2195970598250721,0.08790209314183807,0.0,0.2715015174845379,True,True,0.8945945945945946,54.62097807317228,28.26933089416363,25.0,1498.492180603044
TMTM,5,8,0.0007377055928256955,0.05342572405672179,0.0,0.25949360285283124,True,False,0.375,68.89509193731026,68.98361660844934,12.071428571428571,723.5576529197556
TMTM,5,13,0.06457785661344863,,,,False,False,,69.51867368777746,61.76933089416363,0.21428571428571427,12.844218690883235
TMTM,5,14,0.16920822120787454,,,,False,False,,28.821487206361546,49.12647375130649,0.5,29.96984361206088
TMTM,5,2,0.05512019693989482,0.2747172567649669,0.0,0.0032157392804290494,True,True,0.025714285714285714,41.86919297566196,48.48361660844934,0.6428571428571428,38.5326560726497
TMTM,6,15,0.6734964511829998,,,,False,True,,20.735471037917925,101.55504517987791,0.2857142857142857,17.125624921177646
TMTM,6,16,0.5053937566040757,,,,False,True,,39.47922295881739,100.12647375130648,2.357142857142857,141.28640559971558
TMTM,6,8,0.09877432163456348,0.09951202722738918,1.6653345369377348e-16,0.15998157562544205,True,True,0.24705882352941178,80.76510663316839,68.91218803702077,18.21428571428571,1091.758588725075
TMTM,6,17,0.17410131897079809,,,,False,True,,22.87717261766786,43.76933089416363,0.3571428571428571,21.407031151472058
TMTM,6,18,0.01947375250082916,,,,False,False,,40.14676630834984,42.48361660844934,2.142857142857143,128.44218690883235
TMTM,7,16,0.5333831729463819,0.02798941634230617,0.0,0.027989416342306228,True,True,0.2357142857142857,33.90620728345494,97.91218803702077,10.0,599.3968722412176
TMTM,7,8,0.2112855571964443,0.11251123556188082,0.0,0.047470340063561225,True,False,0.00390625,95.69502632916551,70.3407594655922,0.14285714285714285,8.562812460588823
TMTM,7,19,0.1875748241041831,,,,False,False,,92.63545264380846,70.12647375130649,0.07142857142857142,4.281406230294412
TMTM,7,18,0.04087449812403872,0.06034825062486788,0.0,0.06034825062486788,True,False,0.5333333333333333,39.60284209761971,34.69790232273506,1.1428571428571428,68.50249968471059
TMTM,7,20,0.16360125004705087,,,,False,True,,53.4729094712383,33.8407594655922,0.3571428571428571,21.407031151472058
TMTM,8,16,0.3150218596542684,0.21836131329211353,2.220446049250313e-16,0.19037189694980736,True,True,0.18571428571428572,21.32385059279428,59.126473751306484,1.857142857142857,111.3165619876547
TMTM,8,21,0.10332156887173352,,,,False,True,,99.38220487305736,86.98361660844934,0.9285714285714285,55.65828099382735
TMTM,8,8,0.10239488807298329,0.108890669123461,0.0,0.15636100918702223,True,True,0.06896551724137931,97.69957460577876,85.41218803702077,2.071428571428571,124.16078067853793
TMTM,8,22,0.21986451196259624,,,,False,True,,19.88558945865208,46.26933089416363,0.6428571428571428,38.5326560726497
TMTM,8,18,0.06946987805452297,0.02859537993048426,0.0,0.08894363055535214,True,True,0.08040201005025126,47.10571626070639,38.76933089416363,14.214285714285714,851.9998398285879
TMTM,9,23,0.1717298235453623,,,,False,True,,62.804609211577294,83.41218803702077,1.1428571428571428,68.50249968471059
TMTM,9,16,0.41177001132764335,0.09674815167337497,0.0,0.0936237452764324,True,True,0.43333333333333335,22.571215249132138,71.98361660844934,4.285714285714286,256.8843738176647
TMTM,9,21,0.04708579403791203,0.05623577483382149,2.220446049250313e-16,0.05623577483382149,True,True,0.18571428571428572,95.49105475014164,89.8407594655922,5.0,299.6984361206088
TMTM,9,8,0.0686605885406891,0.03373429953229419,0.0,0.1900953087193164,True,True,0.13793103448275862,100.7943158047606,92.55504517987791,0.2857142857142857,17.125624921177646
TMTM,9,24,0.12027927577846906,,,,False,True,,34.90724637217591,49.3407594655922,6.857142857142857,411.0149981082635
TMTM,9,18,0.15583165622209022,0.08636177816756725,2.220446049250313e-16,0.1753054087229194,True,True,0.2864321608040201,62.46912964081446,43.76933089416363,4.071428571428571,244.04015512678146
TMTM,10,16,0.47108462507967785,0.05931461375203453,0.0,0.0343091315243979,True,True,0.6166666666666667,21.024890170316564,77.55504517987791,2.642857142857143,158.41203052089324
TMTM,10,23,0.3373080364703593,0.5090378600157216,1.1102230246251565e-16,0.5090378600157216,True,True,0.5161290322580645,60.46058098489245,19.98361660844934,2.214285714285714,132.72359313912676
TMTM,10,21,0.0035367657377777324,0.05062255977568976,2.237793284010081e-16,0.10685833460951126,True,True,0.6951219512195121,93.3449190056303,93.76933089416363,4.928571428571428,295.4170298903144
TMTM,10,24,0.3193474464629997,0.1990681706845306,0.0,0.19906817068453062,True,True,0.0625,23.01906589003224,61.3407594655922,1.6428571428571428,98.47234329677147
TMTM,10,18,0.06981830751276531,0.08601334870932492,0.0,0.08929206001359447,True,True,0.22529644268774704,59.790384938552606,51.41218803702077,18.07142857142857,1083.195776264486
TMTM,11,16,0.07650810218618866,0.3945765228934892,2.220446049250313e-16,0.4288856544178871,True,True,0.3783783783783784,20.516930060392422,29.69790232273506,1.0,59.93968722412176
TMTM,11,23,0.35363218122999357,0.01632414475963427,0.0,0.5253620047753559,True,True,0.6595744680851063,61.56233549890572,19.12647375130649,3.3571428571428568,201.22609282383735
TMTM,11,21,0.03447278354552878,0.030936017807751053,0.0,0.13779435241726232,True,True,0.7971014492753623,94.48973972584302,98.62647375130648,3.9285714285714284,235.47734266619264
TMTM,11,25,0.05794630282640346,,,,False,True,,100.79431580476061,93.8407594655922,0.21428571428571427,12.844218690883235
TMTM,11,26,0.05325436118240561,,,,False,False,,43.73595040941782,50.12647375130649,2.714285714285714,162.69343675118765
TMTM,11,27,0.42433991296722573,,,,False,True,,19.205684195239407,70.12647375130649,0.07142857142857142,4.281406230294412
TMTM,11,18,0.14889804162340106,0.07907973411063575,0.0,0.16837179412423023,True,True,0.42028985507246375,74.35138160325747,56.48361660844934,9.928571428571429,595.1154660109232
TMTM,12,23,0.20594272414022155,0.5595749053702151,1.6653345369377348e-16,0.034212900594859263,True,True,0.618421052631579,61.34191828305132,86.05504517987791,5.428571428571428,325.3868735023753
TMTM,12,21,0.6515295734712472,0.6860023570167759,0.0,0.5482080045995137,True,True,0.05454545454545454,90.59573685357043,12.41218803702077,0.21428571428571427,12.844218690883235
TMTM,12,25,0.7940194231226055,0.7360731202962021,0.0,0.7360731202962021,True,True,0.21428571428571427,99.33737595459058,4.055045179877922,1.0,59.93968722412176
TMTM,12,28,0.2978102304006495,,,,False,False,,27.817817531799975,63.555045179877915,0.6428571428571428,38.5326560726497
TMTM,12,18,0.12791426644613377,0.020983775177267284,2.220446049250313e-16,0.14738801894696293,True,True,0.468013468013468,67.90475715341397,52.555045179877915,21.21428571428571,1271.5776503974403
TMTM,13,21,0.19440221360499474,0.4571273598662524,0.0,0.09108064473326122,True,True,0.13636363636363635,94.02616795533442,70.69790232273505,1.5714285714285714,94.19093706647706
TMTM,13,23,0.17822479978136282,0.027717924358858722,0.0,0.0064949762360005416,True,True,0.618421052631579,63.16806920611437,84.55504517987791,3.3571428571428568,201.22609282383735
TMTM,13,29,0.3056939709817463,,,,False,True,,43.514625804925494,80.19790232273505,5.214285714285714,312.54265481149207
TMTM,13,28,0.004003576675861768,0.3018138070765113,0.0,0.3018138070765113,True,True,0.1323529411764706,30.96404580955275,30.48361660844934,4.857142857142857,291.13562366002
TMTM,13,18,0.33064058682092645,0.20272632037479266,0.0,0.35011433932175556,True,True,0.46254071661237783,78.08905845553194,38.41218803702077,10.857142857142856,650.7737470047506
TMTM,14,29,0.36832773747172776,0.06263376648998147,1.1102230246251565e-16,0.06263376648998147,True,True,0.4444444444444444,37.42714525469916,81.62647375130649,9.642857142857142,577.9898410897456
TMTM,14,23,0.15479803992104368,0.02342675986031916,1.1449174941446927e-16,0.01693178362431862,True,True,0.34782608695652173,69.6221375322098,88.19790232273505,3.2857142857142856,196.94468659354294
TMTM,14,21,0.018640657026317106,0.17576155657867762,0.0,0.08468091184541642,True,True,0.4888888888888889,94.72049545160739,92.48361660844934,3.214285714285714,192.66328036324853
TMTM,14,18,0.33408312296015846,0.0034425361392320516,0.0,0.35355687546098763,True,True,0.2702702702702703,75.35930564938265,35.26933089416363,5.928571428571428,355.35671711443615
TMTM,14,28,0.2285422768227459,0.23254585349860765,0.0,0.06926795357790363,True,True,0.05333333333333334,21.987114818291264,49.41218803702077,0.7857142857142857,47.09546853323853
TMTM,14,30,0.5204463028264034,,,,False,True,,100.7943158047606,38.3407594655922,0.07142857142857142,4.281406230294412
TMTM,15,29,0.4608905717569929,0.09256283428526514,1.6653345369377348e-16,0.1551966007752466,True,True,0.7848837209302325,35.8910337118959,91.19790232273505,12.285714285714285,736.4018716106388
TMTM,15,21,0.07848077021628666,0.059840113189969554,4.440892098500626e-16,0.02484079865544686,True,True,0.044444444444444446,91.61559474868945,82.19790232273505,0.14285714285714285,8.562812460588823
TMTM,15,23,0.04881941471606955,0.10597862520497413,0.0,0.12291040882929274,True,True,0.5,73.19671541394956,79.05504517987791,5.928571428571428,355.35671711443615
TMTM,15,18,0.19370674357769707,0.1403763793824614,0.0,0.21318049607852624,True,True,0.09787735849056604,66.79985440920156,43.55504517987791,60.57142857142857,3630.632483289661
TMTM,16,29,0.539382671880846,0.07849210012385312,0.0,0.2336887008990997,True,True,0.6626506024096386,35.18626741131925,99.91218803702077,17.285714285714285,1036.1003077312475
TMTM,16,23,0.021907018049912946,0.026912396666156604,0.0,0.14982280549544935,True,True,0.2891566265060241,76.99763158531694,79.62647375130649,1.7142857142857142,102.75374952706588
TMTM,16,21,0.0941352827418824,0.01565451252559574,0.0,0.009186286129851121,True,True,0.4,89.77985053747523,78.48361660844934,0.3571428571428571,21.407031151472058
TMTM,16,31,0.145538673748626,,,,False,True,,99.16254317257017,81.69790232273505,0.3571428571428571,21.407031151472058
TMTM,16,32,0.05175047053171653,,,,False,False,,44.702131573214785,50.91218803702077,0.7142857142857142,42.814062302944116
TMTM,16,18,0.32519985622143693,0.13149311264373983,2.220446049250313e-16,0.34467360872226604,True,True,0.22523584905660377,82.65045649787892,43.62647375130649,13.642857142857142,817.7485899862326
TMTM,17,29,0.5103125192182619,0.029070152662584073,1.6653345369377348e-16,0.20461854823651565,True,True,0.7066115702479339,33.74611430225791,94.98361660844934,12.214285714285714,732.1204653803444
TMTM,17,23,0.692298829257406,0.714205847307319,2.220446049250313e-16,0.8640286528027682,True,True,0.12857142857142856,89.77376183362378,6.697902322735061,9.571428571428571,573.7084348594511
TMTM,17,33,0.1519917499276895,,,,False,False,,73.86548374262922,55.626473751306484,6.357142857142857,381.04515449620266
TMTM,17,18,0.29033039461144755,0.034869461609989355,0.0,0.3098041471122767,True,True,0.2774869109947644,85.32326396182305,50.48361660844934,3.7857142857142856,226.91453020560382
TMTM,18,29,0.5505765427464406,0.040264023528178684,2.220446049250313e-16,0.24488257176469433,True,True,0.5906432748538012,31.343002907447897,97.41218803702077,7.2142857142857135,432.42202925973555
TMTM,18,34,0.34136465594441934,,,,False,True,,61.01985789511902,101.98361660844934,0.2857142857142857,17.125624921177646
TMTM,18,23,0.01134740155019062,0.6809514277072154,2.220446049250313e-16,0.1830772250955529,True,True,0.35074626865671643,89.98816193732937,88.62647375130649,3.3571428571428568,201.22609282383735
TMTM,18,35,0.380019779285569,,,,False,True,,23.738385951323917,69.3407594655922,3.8571428571428568,231.19593643589823
TMTM,18,36,0.4046854522436503,,,,False,True,,94.7601565919731,46.19790232273506,3.4285714285714284,205.50749905413176
TMTM,18,18,0.33395074415744214,0.043620349545994586,0.0,0.3534244966582713,True,True,0.6545454545454545,89.41484876448526,49.3407594655922,2.714285714285714,162.69343675118765
TMTM,19,29,0.5797086657002661,0.02913212295382547,0.0,0.27401469471851986,True,True,0.504950495049505,29.2042910101317,98.76933089416363,3.642857142857143,218.35171774501498
TMTM,19,23,0.053058718334422154,0.04171131678423154,0.0,0.22478854187978445,True,True,0.5319148936170213,90.92209138000857,84.55504517987791,1.7857142857142856,107.03515575736029
TMTM,19,37,0.3724084256335157,,,,False,False,,75.74405625589979,31.055045179877908,2.2857142857142856,137.00499936942117
TMTM,19,38,0.4959557536893213,,,,False,False,,88.92687847973933,29.41218803702077,0.7857142857142857,47.09546853323853
TMTM,19,35,0.19773122771592438,0.18228855156964466,0.0,0.1822885515696446,True,True,0.2795031055900621,35.68444071110984,59.41218803702077,10.857142857142856,650.7737470047506
TMTM,19,18,0.2446275274015131,0.08932321675592902,1.1102230246251565e-16,0.2641012799023423,True,True,0.4,79.83891989663091,50.48361660844934,6.785714285714286,406.7335918779691
TMTM,20,29,0.5148613155772267,0.06484735012303935,2.220446049250313e-16,0.20916734459548045,True,True,0.47368421052631576,36.485973024896424,98.26933089416363,6.357142857142857,381.04515449620266
TMTM,20,23,0.50338454083087,0.45032582249644787,0.0,0.6751143643762324,True,True,0.11961722488038277,83.2469043652966,22.8407594655922,14.928571428571427,894.813902131532
TMTM,20,39,0.5609084529358437,,,,False,True,,99.93548810360774,32.62647375130649,1.357142857142857,81.34671837559382
TMTM,20,35,0.20612214834395814,0.008390920628033764,0.0,0.17389763094161084,True,False,0.20394736842105263,35.39181595003151,60.126473751306484,2.214285714285714,132.72359313912676
TMTM,20,40,0.02048158899460688,,,,False,False,,60.941407287802164,58.48361660844934,0.9285714285714285,55.65828099382735
TMTM,20,18,0.1805819521440469,0.06404557525746621,0.0,0.20005570464487607,True,True,0.11578947368421053,90.22487943716354,68.55504517987791,0.7857142857142857,47.09546853323853
TMTM,21,23,0.5825681147502751,0.07918357391940513,1.3877787807814457e-16,0.7542979382956375,True,True,0.8516746411483254,84.82036180705379,14.91218803702077,12.714285714285714,762.0903089924053
TMTM,21,29,0.48227390207771764,0.032587413499509076,2.1510571102112408e-16,0.17657993109597137,True,True,0.448,43.03931978769465,100.91218803702077,6.571428571428571,393.8893731870859
TMTM,21,35,0.25741048417668044,0.05128833583272231,0.0,0.12260929510888854,True,True,0.2967032967032967,34.022929935819114,64.91218803702077,6.2142857142857135,372.4823420356138
TMTM,21,40,0.21706680343019352,0.19658521443558666,0.0,0.19658521443558666,True,True,0.05670103092783505,80.96020444864399,54.91218803702077,13.714285714285714,822.029996216527
TMTM,22,23,0.6624491595624357,0.07988104481216057,2.220446049250313e-16,0.8341789831077979,True,True,0.521978021978022,92.12037289879878,12.626473751306492,7.071428571428571,423.85921679914674
TMTM,22,35,0.08739746411560466,0.1700130200610758,0.0,0.29262231516996434,True,False,0.2311111111111111,50.638778057433925,61.126473751306484,13.571428571428571,813.4671837559382
TMTM,22,40,0.3354517251047781,0.1183849216745846,2.220446049250313e-16,0.3149701361101712,True,True,0.35051546391752575,92.023537906737,51.76933089416363,5.0,299.6984361206088
TMTM,23,41,0.7362607243595877,,,,False,True,,22.77518682815596,111.12647375130648,1.4285714285714284,85.62812460588823
TMTM,23,23,0.719453408070452,0.057004248508016296,0.0,0.8911832316158143,True,True,0.5656565656565656,94.67516843404644,8.3407594655922,4.0,239.75874889648705
TMTM,23,35,0.08701093267386799,0.17440839678947265,0.0,0.46703071195943696,True,False,0.3360655737704918,65.63921424359921,55.197902322735054,9.714285714285714,582.27124732004
TMTM,23,42,0.36589310475527553,,,,False,True,,24.005015466387707,67.91218803702077,2.4285714285714284,145.56781183001
TMTM,23,40,0.21766519999307654,0.11778652511170158,8.881784197001252e-16,0.19718361099846965,True,True,0.014285714285714285,76.31772632190425,50.19790232273506,0.07142857142857142,4.281406230294412
TMTM,24,23,0.7552408053218408,0.03578739725138883,2.220446049250313e-16,0.926970628867203,True,True,0.17857142857142858,97.32679896135596,6.697902322735061,0.7142857142857142,42.814062302944116
TMTM,24,43,0.10535150428668416,,,,False,False,,70.1985789511901,82.8407594655922,3.3571428571428568,201.22609282383735
TMTM,24,44,0.10562076504659514,,,,False,False,,35.523410517143645,48.19790232273506,0.42857142857142855,25.68843738176647
TMTM,24,42,0.15304223123111732,0.2128508735241582,4.440892098500626e-16,0.21285087352415824,True,False,0.029411764705882353,29.404263146429553,47.76933089416363,0.07142857142857142,4.281406230294412
TMTM,24,45,0.16884938662595808,,,,False,False,,27.364547356191522,47.62647375130649,0.07142857142857142,4.281406230294412
TMTM,24,35,0.17497642971545807,0.0879654970415901,1.942890293094024e-16,0.5549962090010271,True,True,0.24789915966386555,81.98078817430431,60.98361660844934,11.5,689.3064030774003
TMTM,25,46,0.578867149736081,,,,False,True,,42.66241578297675,112.12647375130648,0.2857142857142857,17.125624921177646
TMTM,25,47,0.6780494276584237,,,,False,True,,20.689113860867064,102.05504517987791,0.7857142857142857,47.09546853323853
TMTM,25,48,0.03372749036544302,,,,False,False,,56.31662973801679,52.26933089416363,7.357142857142857,440.98484172032437
TMTM,25,45,0.1425317080444444,0.026317678581513675,0.0,0.026317678581513675,True,False,0.041666666666666664,30.594097357401733,47.69790232273506,1.7142857142857142,102.75374952706588
TMTM,25,35,0.14766752828502697,0.02730890143043112,0.0,0.527687307570596,True,True,0.515527950310559,86.41800571693828,68.69790232273505,5.928571428571428,355.35671711443615
TMTM,26,47,0.6416095214831786,0.036439906175245146,0.0,0.03643990617524508,True,True,0.2,20.919045459039342,97.91218803702077,1.7857142857142856,107.03515575736029
TMTM,26,48,0.1294970551823094,0.09576956481686635,1.1102230246251565e-16,0.09576956481686635,True,False,0.2572463768115942,72.38040608746932,56.8407594655922,17.428571428571427,1044.6631201918365
TMTM,26,45,0.13101329426293842,0.01151841378150597,0.0,0.037836092363019644,True,True,0.4528301886792453,30.40487843975388,46.12647375130649,3.7857142857142856,226.91453020560382
TMTM,26,35,0.439264957570155,0.291597429285128,0.0,0.819284736855724,True,True,0.24096385542168675,94.98112580258223,42.26933089416363,1.4285714285714284,85.62812460588823
TMTM,27,47,0.5358268813355113,0.10578264014766728,0.0,0.14222254632291242,True,True,0.4166666666666667,23.755819419616554,88.05504517987791,1.857142857142857,111.3165619876547
TMTM,27,49,0.023037140275595114,,,,False,False,,59.60521629866361,56.8407594655922,4.428571428571428,265.4471862782535
TMTM,27,48,0.28784461649330834,0.15834756131099895,0.0,0.2541171261278653,True,True,0.245136186770428,86.3821134447892,51.8407594655922,5.428571428571428,325.3868735023753
TMTM,28,50,0.7332684843957971,,,,False,True,,19.205684195239407,107.19790232273505,0.07142857142857142,4.281406230294412
TMTM,28,51,0.7179758862308944,,,,False,True,,20.112224546456307,106.26933089416363,0.6428571428571428,38.5326560726497
TMTM,28,48,0.1849874653101259,0.10285715118318244,0.0,0.15125997494468285,True,True,0.17330210772833723,78.46782673137874,56.26933089416363,30.357142857142854,1819.597647875125
TMTM,28,52,0.5660205687571301,,,,False,True,,24.41829121473659,92.3407594655922,1.2857142857142856,77.0653121452994
TMTM,28,53,0.21968190950544902,,,,False,True,,65.13116003481751,38.76933089416363,4.571428571428571,274.00999873884234
TMTM,29,50,0.6890317425375208,0.04423674185827631,0.0,0.044236741858276335,True,True,0.14285714285714285,20.371236075375425,103.05504517987791,0.5,29.96984361206088
TMTM,29,54,0.05046472770550234,,,,False,False,,72.11081250453819,66.05504517987791,8.0,479.5174977929741
TMTM,29,48,0.28139018848908165,0.09640272317895579,0.0,0.24766269812363864,True,True,0.20374707259953162,89.67901065571057,55.91218803702077,6.357142857142857,381.04515449620266
TMTM,29,53,0.19233920403698868,0.02734270546846034,0.0,0.02734270546846034,True,True,0.4413793103448276,70.56432109288798,47.48361660844934,10.357142857142856,620.8039033926897
TMTM,30,50,0.6629135971716856,0.026118145365835024,0.0,0.07035488722411146,True,True,0.3333333333333333,21.148270662132767,100.69790232273505,1.5,89.90953083618264
TMTM,30,55,0.09675389777676267,,,,False,False,,68.15886316095211,79.76933089416363,0.2857142857142857,17.125624921177646
TMTM,30,54,0.0773753138104933,0.12784004151599562,0.0,0.12784004151599562,True,False,0.008928571428571428,70.19857895119014,79.48361660844934,0.07142857142857142,4.281406230294412
TMTM,30,56,0.36635038414262266,,,,False,True,,20.02157051133462,63.98361660844934,0.3571428571428571,21.407031151472058
TMTM,30,57,0.011907906683559233,,,,False,False,,51.84113683904788,50.41218803702077,0.2857142857142857,17.125624921177646
TMTM,30,48,0.4632760493439906,0.1818858608549089,2.220446049250313e-16,0.42954855897854755,True,True,0.00909090909090909,98.29102824401393,42.69790232273506,1.5714285714285714,94.19093706647706
TMTM,30,53,0.13158696905234457,0.060752234984644105,0.0,0.08809494045310444,True,True,0.28187919463087246,64.34548146615926,48.55504517987791,3.2857142857142856,196.94468659354294
TMTM,31,50,0.6990124581402629,0.03609886096857722,2.498001805406602e-16,0.034256026255534165,True,True,0.9047619047619048,21.030693060189222,104.91218803702077,1.357142857142857,81.34671837559382
TMTM,31,55,0.10468922114565633,0.007935323368893658,0.0,0.007935323368893658,True,True,0.018433179723502304,74.63519578525629,87.19790232273505,15.5,929.0651519738873
TMTM,31,56,0.31505013635057433,0.05130024779204832,0.0,0.05130024779204838,True,True,0.08620689655172414,25.60617167495185,63.41218803702077,4.142857142857142,248.32156135707586
TMTM,31,53,0.23944375411755192,0.10785678506520734,2.220446049250313e-16,0.0197618446121029,True,True,0.2748091603053435,73.50258138826986,44.76933089416363,8.642857142857142,518.0501538656238
TMTM,31,48,0.4721653253700552,0.008889276026064626,2.220446049250313e-16,0.4384378350046122,True,True,0.34782608695652173,96.71488422428453,40.05504517987791,0.6428571428571428,38.5326560726497
TMTM,32,50,0.7257724317536022,0.026759973613339247,1.942890293094024e-16,0.007496052642194921,True,True,0.6666666666666666,22.60521051230279,109.69790232273505,1.5,89.90953083618264
TMTM,32,55,0.146286401974076,0.04159718082841965,0.0,0.0495325041973133,True,True,0.5892857142857143,66.50067694298879,84.05504517987791,9.928571428571429,595.1154660109232
TMTM,32,56,0.43923036238227936,0.12418022603170505,2.1510571102112408e-16,0.0728799782396567,True,True,0.647887323943662,23.561687408290105,76.26933089416363,4.214285714285714,252.60296758737027
TMTM,32,53,0.2107029904919937,0.028740763625558212,2.220446049250313e-16,0.008978919013455312,True,True,0.1873065015479876,72.91083261034574,47.62647375130649,46.14285714285714,2765.78842477019
TMTM,32,58,0.012390907854342981,,,,False,True,,25.470525550970496,23.98361660844934,1.0,59.93968722412176
TMTM,33,50,0.7844589605862732,0.058686528832671135,0.0,0.051190476190476154,True,True,0.09523809523809523,19.205684195239407,113.3407594655922,0.14285714285714285,8.562812460588823
TMTM,33,55,0.015521569409862697,0.13076483256421328,1.3877787807814457e-16,0.08123232836689999,True,False,0.24285714285714285,69.76388542212297,71.62647375130649,8.714285714285714,522.3315600959182
TMTM,33,56,0.06398669957381443,0.375243662808465,2.220446049250313e-16,0.30236368456880824,True,True,0.3597560975609756,27.0909269453059,34.76933089416363,11.714285714285714,702.1506217682835
TMTM,33,53,0.2325711897015798,0.0218681992095861,1.1102230246251565e-16,0.012889280196130788,True,True,0.46594427244582043,84.32073080121035,56.41218803702077,21.5,1288.703275318618
TMTM,34,59,0.462133791327352,,,,False,True,,46.741847363452806,102.19790232273505,0.14285714285714285,8.562812460588823
TMTM,34,55,0.0014282889623228102,0.016949858372185506,0.0,0.09818218673908549,True,False,0.04918032786885246,75.29786842678523,75.12647375130649,0.42857142857142855,25.68843738176647
TMTM,34,60,0.09623192592886033,,,,False,False,,85.96001914848401,74.41218803702077,0.7857142857142857,47.09546853323853
TMTM,34,56,0.07893124387406865,0.014944544300254225,0.0,0.28741914026855403,True,True,0.6038461538461538,31.726153057846822,41.19790232273506,18.07142857142857,1083.195776264486
TMTM,34,53,0.27577175538565774,0.04320056568407793,0.0,0.05608984588020872,True,True,0.32131147540983607,87.07622725472827,53.98361660844934,7.285714285714286,436.70343549002996
TMTM,35,61,0.5079048203718398,,,,False,True,,37.249323878114275,98.19790232273505,0.9285714285714285,55.65828099382735
TMTM,35,55,0.02946489089658009,0.028036601934257277,0.0,0.12621878867334277,True,True,0.026200873362445413,85.23368923032466,81.69790232273505,16.357142857142858,980.4420267374203
TMTM,35,62,0.2621230379309517,,,,False,True,,100.00980973159211,68.55504517987791,0.9285714285714285,55.65828099382735
TMTM,35,56,0.05354584906479888,0.02538539480926977,0.0,0.3128045350778238,True,True,0.6216216216216216,37.55811472067347,43.98361660844934,29.07142857142857,1742.5323357298255
TMTM,35,53,0.272938237997486,0.002833517388171695,0.0,0.05325632849203702,True,True,0.4803921568627451,93.09334802529052,60.3407594655922,3.5,209.78890528442616
TMTM,36,61,0.29250611591195885,0.2153987044598809,0.0,0.2153987044598809,True,True,0.2653061224489796,39.311454127585705,74.41218803702077,3.5,209.78890528442616
TMTM,36,63,0.020379611084340846,,,,False,True,,96.71488422428453,94.26933089416363,0.07142857142857142,4.281406230294412
TMTM,36,55,0.03420578183613602,0.06367067273271611,0.0,0.06254811594062666,True,False,0.22270742358078602,88.23606564525588,92.3407594655922,3.642857142857143,218.35171774501498
TMTM,36,56,0.011243619243483138,0.06478946830828201,0.0,0.3775940033861058,True,True,0.7281746031746031,44.04713663195304,42.69790232273506,33.14285714285714,1986.572490856607
TMTM,36,53,0.6070200998125149,0.3340818618150289,0.0,0.38733819030706595,True,True,0.061224489795918366,98.75460001452257,25.91218803702077,0.21428571428571427,12.844218690883235
TMTM,37,61,0.2806502399926884,0.5731563559046473,0.0,0.7885550603645282,True,True,0.4875,44.09021683614338,10.41218803702077,5.0,299.6984361206088
TMTM,37,63,0.04271215494611328,0.022332543861772435,0.0,0.022332543861772435,True,True,0.1111111111111111,97.39478948769722,92.26933089416363,0.6428571428571428,38.5326560726497
TMTM,37,55,0.01768352803569684,0.016522253800439184,0.0,0.07907036974106584,True,False,0.11764705882352941,89.57587895845143,91.69790232273505,0.42857142857142855,25.68843738176647
TMTM,37,64,0.24305656709619447,,,,False,True,,21.245399985477434,50.41218803702077,0.21428571428571427,12.844218690883235
TMTM,37,56,0.09143063158062355,0.1026742508241067,0.0,0.27491975256199913,True,False,0.08620689655172414,37.86908367591737,48.8407594655922,2.8571428571428568,171.25624921177646
TMTM,37,65,0.2816199493601405,,,,False,True,,74.2780105316662,40.48361660844934,0.5,29.96984361206088
TMTM,38,61,0.537413246231404,0.8180634862240924,0.0,0.029508425859564192,True,True,0.2,41.351169917823725,105.8407594655922,1.0,59.93968722412176
TMTM,38,63,0.011505483891783068,0.05421763883789635,0.0,0.031885094976123914,True,True,0.04225352112676056,90.17438711286394,91.55504517987791,15.214285714285714,911.9395270527096
TMTM,38,66,0.024958683617422334,,,,False,False,,49.12151578539717,46.12647375130649,0.8571428571428571,51.37687476353294
TMTM,38,56,0.163898359053396,0.07246772747277246,2.220446049250313e-16,0.2024520250892267,True,False,0.09302325581395349,28.53009923632754,48.19790232273506,0.5,29.96984361206088
TMTM,38,67,0.022876388693728048,,,,False,False,,44.30987853663054,47.05504517987791,0.9285714285714285,55.65828099382735
TMTM,39,68,0.7836982400317101,,,,False,True,,20.22554209035842,114.26933089416363,0.14285714285714285,8.562812460588823
TMTM,39,61,0.5615106835688477,0.024097437337443732,0.0,0.05360586319700792,True,True,0.47368421052631576,43.245191723044755,110.62647375130648,1.0,59.93968722412176
TMTM,39,69,0.16259813973012716,,,,False,False,,36.543268412262655,56.055045179877915,1.1428571428571428,68.50249968471059
TMTM,39,67,0.02283740628042755,0.0457137949741556,0.0,0.0457137949741556,True,False,0.07407407407407407,56.509819647814936,53.76933089416363,3.214285714285714,192.66328036324853
TMTM,40,68,0.7723027650950036,0.011395474936706526,0.0,0.011395474936706526,True,True,0.4,20.02157051133462,112.69790232273505,0.3571428571428571,21.407031151472058
TMTM,40,67,0.05372858548278151,0.030891179202353965,0.0,0.07660497417650956,True,True,0.027846534653465347,61.21676115209741,54.76933089416363,115.42857142857142,6918.752468155769
TMTM,41,70,0.6658443070720872,,,,False,True,,20.93944261694173,100.8407594655922,1.4285714285714284,85.62812460588823
TMTM,41,71,0.19293196696132603,,,,False,False,,92.63545264380846,69.48361660844934,0.7142857142857142,42.814062302944116
TMTM,41,72,0.04913961526527088,,,,False,False,,62.737513297424705,56.8407594655922,2.714285714285714,162.69343675118765
TMTM,41,67,0.0014821081112386854,0.0552106935940202,4.440892098500626e-16,0.021394280582489364,True,False,0.05136138613861386,52.23433506367213,52.41218803702077,5.928571428571428,355.35671711443615
TMTM,42,73,0.4463740682894536,,,,False,False,,40.41872841371491,93.98361660844934,2.5,149.8492180603044
TMTM,42,71,0.2155841472043786,0.022652180243052555,0.0,0.022652180243052555,True,False,0.034482758620689655,81.35371427297477,55.48361660844934,20.71428571428571,1241.6078067853794
TMTM,42,67,0.11016218027464178,0.11164428838588046,0.0,0.13303856896836982,True,False,0.3855421686746988,57.13164966997778,43.91218803702077,2.2857142857142856,137.00499936942117
TMTM,42,74,0.11991320243590528,,,,False,True,,20.808318030426427,35.19790232273506,1.0,59.93968722412176
TMTM,43,75,0.23680528557156322,,,,False,True,,56.99555376843318,85.41218803702077,5.285714285714286,316.8240610417865
TMTM,43,76,0.015072895245018833,,,,False,False,,76.31772632190423,78.12647375130649,0.21428571428571427,12.844218690883235
TMTM,43,71,0.23467769071646724,0.01909354351208865,0.0,0.041745723755141205,True,True,0.26109660574412535,89.35922520871112,61.197902322735054,13.785714285714285,826.3114024468215
TMTM,43,67,0.03963833316104808,0.14980051343568987,4.440892098500626e-16,0.016761944467320038,True,True,0.06741573033707865,40.44130234340929,45.19790232273506,18.07142857142857,1083.195776264486
TMTM,44,75,0.46614146411669133,0.2293361785451281,1.3877787807814457e-16,0.2293361785451281,True,True,0.10655737704918032,39.90378377158924,95.8407594655922,4.357142857142857,261.1657800479591
TMTM,44,76,0.015387482347409432,0.0003145871023905992,8.881784197001252e-16,0.0003145871023905992,True,True,0.011194029850746268,82.20854729818878,84.05504517987791,19.142857142857142,1147.4168697189023
TMTM,44,71,0.5649490431810521,0.3302713524645849,2.220446049250313e-16,0.3720170762197261,True,True,0.27586206896551724,94.70607321874702,26.91218803702077,4.714285714285714,282.57281119943116
TMTM,44,67,0.005390196128034811,0.045028529289082894,1.6653345369377348e-16,0.02826658482176286,True,True,0.7228571428571429,42.48758300095638,41.8407594655922,25.0,1498.492180603044
TMTM,45,75,0.4958022103080605,0.029660746191369172,1.6653345369377348e-16,0.25899692473649727,True,True,0.7317073170731707,41.41592280005351,100.91218803702077,5.785714285714286,346.79390465384733
TMTM,45,77,0.09862007473711915,,,,False,False,,94.6751684340465,82.8407594655922,0.2857142857142857,17.125624921177646
TMTM,45,76,0.09912377605780177,0.1145112584052112,0.0,0.1141966713028206,True,True,0.22591362126245848,90.87846973538555,78.98361660844934,7.2142857142857135,432.42202925973555
TMTM,45,71,0.318864589770255,0.24608445341079713,1.1102230246251565e-16,0.12593262280892895,True,True,0.5362318840579711,93.24736738087994,54.98361660844934,2.8571428571428568,171.25624921177646
TMTM,45,67,0.07864360412579176,0.07325340799775694,0.0,0.1015199928195198,True,True,0.7191489361702128,46.5637062464015,37.12647375130649,32.714285714285715,1960.8840534748406
TMTM,46,75,0.5113409717975884,0.015538761489527946,0.0,0.27453568622602526,True,True,0.79,40.622699992738724,101.98361660844934,7.0,419.5778105688523
TMTM,46,77,0.15397721759426208,0.055357142857142945,0.0,0.055357142857142945,True,True,0.2,94.6751684340465,76.19790232273505,0.14285714285714285,8.562812460588823
TMTM,46,76,0.16736606236521928,0.06824228630741752,0.0,0.18243895761023812,True,False,0.06363636363636363,95.56754409227565,75.48361660844934,1.1428571428571428,68.50249968471059
TMTM,46,78,0.23129889761141437,,,,False,True,,98.09662717896192,70.3407594655922,2.214285714285714,132.72359313912676
TMTM,46,79,0.1499854932518727,,,,False,True,,23.12821456108177,41.12647375130649,1.857142857142857,111.3165619876547
TMTM,46,67,0.0555160953408679,0.023127508784923853,0.0,0.07839248403459595,True,True,0.10043668122270742,45.145548049353486,38.48361660844934,3.2857142857142856,196.94468659354294
TMTM,47,75,0.487273594606517,0.024067377191071476,4.440892098500626e-16,0.25046830903495376,True,True,0.05102040816326531,40.0107852556673,98.48361660844934,0.3571428571428571,21.407031151472058
TMTM,47,78,0.09586352948990633,0.13543536812150805,0.0,0.13543536812150805,True,True,0.09012875536480687,89.41581157580953,77.91218803702077,15.928571428571427,954.7535893556537
TMTM,47,80,0.44520285148409755,,,,False,False,,44.70213157321477,98.12647375130648,0.2857142857142857,17.125624921177646
TMTM,47,81,0.029952415414254575,,,,False,False,,38.17504104445308,41.76933089416363,2.8571428571428568,171.25624921177646
TMTM,47,79,0.14878037206084113,0.0012051211910315551,0.0,0.0012051211910315551,True,True,0.4230769230769231,21.987114818291264,39.8407594655922,0.7857142857142857,47.09546853323853
TMTM,47,67,0.08880709584789036,0.03329100050702246,1.942890293094024e-16,0.1116834845416184,True,True,0.3472222222222222,56.64046811019618,45.98361660844934,3.642857142857143,218.35171774501498
TMTM,48,75,0.5584487642804977,0.07117516967398085,0.0,0.32164347870893456,True,True,0.04032258064516129,34.89833632336103,101.91218803702077,8.857142857142856,530.894372556507
TMTM,48,78,0.09808812060165586,0.0022245911117495373,0.0,0.1332107770097585,True,True,0.75,90.96847679493375,79.19790232273505,14.071428571428571,843.4370273679991
TMTM,48,79,0.09593395652233504,0.05284641553850609,0.0,0.05405153672953764,True,True,0.1774193548387097,26.114398968626286,37.62647375130649,4.428571428571428,265.4471862782535
TMTM,48,67,0.12314678534883565,0.034339689500945285,2.220446049250313e-16,0.14602317404256368,True,True,0.3128834355828221,60.47551656459534,45.69790232273506,11.642857142857142,697.8692155379891
TMTM,49,75,0.5744222207695889,0.01597345648909106,2.220446049250313e-16,0.33761693519802566,True,True,0.2903225806451613,35.41009297324153,104.3407594655922,2.571428571428571,154.1306242905988
TMTM,49,78,0.04380748949380013,0.05428063110785573,0.0,0.18749140811761425,True,True,0.9130434782608695,91.02622963341965,85.76933089416363,14.214285714285714,851.9998398285879
TMTM,49,79,0.12793758933753405,0.032003632815199,2.220446049250313e-16,0.02204790391433864,True,True,0.275,31.702534459373823,47.05504517987791,10.142857142857142,607.9596847018064
TMTM,49,82,0.0924305320000272,,,,False,True,,52.860994734166894,41.76933089416363,0.2857142857142857,17.125624921177646
TMTM,49,67,0.2549330257916889,0.13178624044285325,0.0,0.27780941448541696,True,True,0.03680981595092025,71.21843684630916,40.62647375130649,0.42857142857142855,25.68843738176647
TMTM,50,78,0.04100183076641161,0.002805658727388523,0.0,0.19029706684500275,True,True,0.7638190954773869,92.90383630041873,87.98361660844934,10.857142857142856,650.7737470047506
TMTM,50,83,0.17596014479361483,,,,False,True,,20.22554209035842,41.3407594655922,0.2857142857142857,17.125624921177646
TMTM,50,79,0.008638203525448536,0.1192993858120855,1.1102230246251565e-16,0.14134728972642416,True,True,0.20064724919093851,48.66131789968124,49.69790232273506,16.357142857142858,980.4420267374203
TMTM,51,84,0.2102761933524528,,,,False,True,,36.502474096457966,11.26933089416363,12.5,749.246090301522
TMTM,51,78,0.04601299674629284,0.08701482751270445,0.0,0.2773118943577072,True,True,0.5,85.03348557032277,90.55504517987791,21.71428571428571,1301.5474940095012
TMTM,51,83,0.18614209101934007,0.01018194622572525,0.0,0.01018194622572525,True,True,0.03773584905660377,30.289422828985675,52.626473751306484,7.571428571428571,453.82906041120765
TMTM,51,79,0.11541216610901994,0.12405036963446849,0.0,0.2653976593608926,True,True,0.24034334763948498,60.475933684388885,46.62647375130649,4.285714285714286,256.8843738176647
TMTM,52,84,0.2305375543783742,0.020261361025921392,0.0,0.020261361025921392,True,True,0.5722222222222222,40.43383741956853,12.76933089416363,7.7142857142857135,462.39187287179647
TMTM,52,78,0.032795902416627006,0.013217094329665832,1.3877787807814457e-16,0.26409480002804137,True,True,0.762214983713355,85.90525117559696,89.8407594655922,16.928571428571427,1014.6932765797756
TMTM,52,85,0.1262515293620795,,,,False,False,,66.11914737071409,81.26933089416363,0.07142857142857142,4.281406230294412
TMTM,52,86,0.14205868475692032,,,,False,False,,64.07943158047605,81.12647375130649,0.07142857142857142,4.281406230294412
TMTM,52,83,0.0650252141598773,0.25116730517921737,0.0,0.24098535895349213,True,True,0.12282734646581692,56.00092802192034,48.19790232273506,61.64285714285714,3694.853576744077
TMTM,53,84,0.7307220495555196,0.9612596039338938,4.440892098500626e-16,0.9409982429079723,True,True,0.009174311926605505,20.22554209035842,107.91218803702077,0.14285714285714285,8.562812460588823
TMTM,53,87,0.3598258202460568,,,,False,True,,61.01985789511902,17.8407594655922,0.7142857142857142,42.814062302944116
TMTM,53,78,0.03485580388613722,0.06765170630276422,0.0,0.19644309372527716,True,True,0.7949790794979079,89.02345593192867,84.8407594655922,13.714285714285714,822.029996216527
TMTM,53,88,0.09893726872318952,,,,False,False,,62.03971579023803,73.91218803702077,0.07142857142857142,4.281406230294412
TMTM,53,83,0.09195759562412516,0.02693238146424785,0.0,0.26791774041773997,True,True,0.8103448275862069,59.44709951191579,48.41218803702077,50.857142857142854,3048.3612359696212
TMTM,54,84,0.6997696686031386,0.03095238095238102,0.0,0.9100458619555913,True,True,1.0,20.22554209035842,104.19790232273505,0.14285714285714285,8.562812460588823
TMTM,54,87,0.12409222090745224,0.48391804115350906,0.0,0.48391804115350906,True,True,0.2631578947368421,61.66397867098364,76.55504517987791,2.714285714285714,162.69343675118765
TMTM,54,78,0.061102920034647096,0.026247116148509875,0.0,0.17019597757676727,True,True,0.5677083333333334,93.45882415546414,86.12647375130649,7.785714285714286,466.6732791020909
TMTM,54,89,0.16276112839779047,,,,False,False,,53.88085262928591,73.41218803702077,0.07142857142857142,4.281406230294412
TMTM,54,90,0.09146344666168212,,,,False,False,,64.07943158047605,75.05504517987791,0.14285714285714285,8.562812460588823
TMTM,54,83,0.039734111285457216,0.13169170690958237,0.0,0.13622603350815762,True,True,0.19241573033707865,32.858380397051626,37.62647375130649,9.785714285714285,586.5526535503344
TMTM,54,91,0.49000703786207206,,,,False,True,,89.99874686618371,31.19790232273506,2.9285714285714284,175.53765544207087
TMTM,55,84,0.6055565670961944,0.09421310150694409,0.0,0.8158327604486473,True,True,0.2857142857142857,21.245399985477434,93.91218803702077,0.5,29.96984361206088
TMTM,55,87,0.20118733141167885,0.0770951105042266,1.1102230246251565e-16,0.5610131516577357,True,True,0.2823529411764706,51.84113683904788,75.98361660844934,5.071428571428571,303.9798423509032
TMTM,55,78,0.08062813623785796,0.01952521620321086,1.1102230246251565e-16,0.15067076137355642,True,True,0.7203389830508474,91.6589929569923,81.98361660844934,6.7142857142857135,402.4521856476747
TMTM,55,92,0.1307062387698722,,,,False,True,,23.0131536703504,38.69790232273506,1.0714285714285714,64.22109345441618
TMTM,55,83,0.0644162657942055,0.10415037707966271,2.220446049250313e-16,0.2403764105878203,True,True,0.20422535211267606,44.64213993232543,36.91218803702077,2.4285714285714284,145.56781183001
TMTM,56,84,0.5683128155289822,0.0372437515672123,0.0,0.778589008881435,True,True,0.875,21.500364459257188,89.69790232273505,0.5714285714285714,34.25124984235529
TMTM,56,93,0.28451079635049925,,,,False,True,,43.34232104638943,77.48361660844934,0.8571428571428571,51.37687476353294
TMTM,56,87,0.13676823364183974,0.0644190977698391,2.220446049250313e-16,0.49659405388789657,True,True,0.2112676056338028,60.0,76.41218803702077,1.0714285714285714,64.22109345441618
TMTM,56,78,0.0725488494256948,0.008079286812163152,0.0,0.15875004818571956,True,True,0.9285714285714286,91.04662139667558,82.3407594655922,6.785714285714286,406.7335918779691
TMTM,56,94,0.03919614097582886,,,,False,False,,38.92293683420703,43.62647375130649,0.42857142857142855,25.68843738176647
TMTM,56,83,0.1660707860271163,0.10165452023291083,0.0,0.34203093082073116,True,True,0.16216216216216217,61.412110931703296,41.48361660844934,3.714285714285714,222.6331239753094
TMTM,57,84,0.6229617237367369,0.05464890820775473,0.0,0.8332379170891897,True,True,0.75,21.585352617183773,96.3407594655922,0.42857142857142855,25.68843738176647
TMTM,57,87,0.0650833762289499,0.07168485741288985,0.0,0.4249091964750067,True,True,0.12631578947368421,67.95932574668964,75.76933089416363,6.571428571428571,393.8893731870859
TMTM,57,78,0.11809263457437164,0.04554378514867684,0.0,0.11320626303704273,True,True,0.42105263157894735,94.7261613288025,80.55504517987791,2.8571428571428568,171.25624921177646
TMTM,57,95,0.29727357595227005,,,,False,True,,25.167930351319797,60.8407594655922,0.9285714285714285,55.65828099382735
TMTM,57,83,0.18348494386865433,0.017414157841538012,0.0,0.3594450886622692,True,True,0.12682926829268293,67.71609558697358,45.69790232273506,29.285714285714285,1755.3765544207088
TMTM,58,87,0.02918959645416308,0.09427297268311298,2.220446049250313e-16,0.3306362237918937,True,True,0.33695652173913043,71.84351104009177,68.3407594655922,2.214285714285714,132.72359313912676
TMTM,58,96,0.00839438650493669,,,,False,False,,66.11914737071409,67.12647375130649,0.07142857142857142,4.281406230294412
TMTM,58,97,0.10887778633698612,,,,False,False,,50.203996533725295,63.26933089416363,5.428571428571428,325.3868735023753
TMTM,58,98,0.010624820868907628,,,,False,False,,59.83002368414683,58.555045179877915,0.8571428571428571,51.37687476353294
TMTM,58,99,0.12685555080657393,,,,False,True,,55.92056841952393,40.69790232273506,0.6428571428571428,38.5326560726497
TMTM,58,83,0.42460018584740783,0.24111524197875353,0.0,0.6005603306410227,True,True,0.12926829268292683,89.36421033870971,38.41218803702077,3.7857142857142856,226.91453020560382
ST-MTM,0,0,0.29933382957031196,,,,False,True,,64.14124114987719,100.06130069831462,0.5886933566654804,141.28640559971558
ST-MTM,0,1,0.013342760244156437,,,,False,False,,68.83876842436479,70.43989965366356,0.16055273363603817,38.5326560726497
ST-MTM,0,2,0.10952154184989907,,,,False,True,,20.112224546456307,6.96963952446842,0.16055273363605238,38.5326560726497
ST-MTM,0,3,0.2031550479645689,,,,False,True,,65.84223231309905,41.46362655735078,5.387436173120477,1292.9846815489122
ST-MTM,1,4,0.18513631707730635,,,,False,False,,72.23829474142818,94.45465279070494,0.05291794115174753,8.562812460588823
ST-MTM,1,5,0.09203536677506594,,,,False,False,,76.99763158531692,65.95338757230901,0.23813073518286387,38.5326560726497
ST-MTM,1,3,0.21987546542086195,0.016720417456293053,0.39419738326181925,0.016720417456293053,True,True,0.5603715170278638,70.06731011320458,43.68225426270115,5.344712056326557,864.8440585194711
ST-MTM,1,6,0.14676346277577862,,,,False,False,,31.443978936667584,13.83236340357415,0.026458970575873764,4.281406230294412
ST-MTM,1,2,0.1509096930580372,0.04138815120813814,0.3941973832617357,0.04138815120813814,True,True,0.2692307692307692,22.86017498608254,4.751011819118077,0.6350152938209703,102.75374952706588
ST-MTM,2,7,0.12435889722092537,,,,False,False,,66.52709052876169,81.45015819527273,0.5548224667011468,85.62812460588823
ST-MTM,2,8,0.22528795508743105,,,,False,True,,92.24860999393572,65.21405538344399,1.6089851534333235,248.32156135707586
ST-MTM,2,9,0.0009007178795705784,,,,False,False,,70.4535434249699,70.34545727942142,0.22192898668045302,34.25124984235529
ST-MTM,2,2,0.1812020341204573,0.030292341062420083,0.04732065619008585,0.07168049227055823,True,True,0.19047619047619047,31.201636466540297,9.457392372085422,2.801853456840803,432.42202925973555
ST-MTM,2,3,0.30820751957349823,0.08833205415263627,0.04732065619008363,0.10505247160892933,True,True,0.13615023474178403,75.96077605861258,38.97587370979279,1.1096449334023077,171.25624921177646
ST-MTM,3,8,0.03333734352046929,0.19195061156696175,1.8355725806084455,0.19195061156696175,True,True,0.054104477611940295,66.24092144774329,62.240440225286974,4.7439465332721085,4589.667478875609
ST-MTM,3,2,0.34246137147577727,0.16125933735531997,1.8355725806084546,0.2329398296258782,True,True,0.28774928774928776,53.52637210733571,12.43100753024244,1.5532884637859183,1502.7735868333384
ST-MTM,4,10,0.3322583689266338,,,,False,True,,51.84113683904788,91.71214111024393,0.012696038300518353,4.281406230294412
ST-MTM,4,8,0.05155736520603054,0.08489470872649983,1.0539466713649188,0.2768453202934616,True,False,0.08861940298507463,62.76971933621793,68.9566031609416,1.206123638549414,406.7335918779691
ST-MTM,4,11,0.3553845605911571,,,,False,False,,92.09868533058797,49.45253805964912,0.24122472770987713,81.34671837559382
ST-MTM,4,12,0.4019055478250349,,,,False,False,,80.26556333526818,32.036897596264,0.39357718731614,132.72359313912676
ST-MTM,4,2,0.4075511120840737,0.06508974060829645,1.0539466713649277,0.2980295702341747,True,True,0.8945945945945946,54.62097807317228,5.714844623083437,4.443613405182077,1498.492180603044
ST-MTM,5,8,0.003008300535564838,0.05456566574159538,0.9701339638949834,0.2222796545518662,True,False,0.375,68.89509193731026,68.53409587304247,5.66081231118514,723.5576529197556
ST-MTM,5,13,0.24166433913531382,,,,False,False,,69.51867368777746,40.518952991539805,0.10048779250624307,12.844218690883235
ST-MTM,5,14,0.26694948068594443,,,,False,False,,28.821487206361546,-3.2124504759517833,0.2344715158479005,29.96984361206088
ST-MTM,5,2,0.2977653422072921,0.10978576987678158,0.9701339638949578,0.18824380035739308,True,True,0.025714285714285714,41.86919297566196,6.137351910786904,0.3014633775187292,38.5326560726497
ST-MTM,6,15,0.7562343271625027,,,,False,True,,20.735471037917925,111.48359029741825,0.07703039751752949,17.125624921177646
ST-MTM,6,16,0.5005451717239173,,,,False,True,,39.47922295881739,99.54464356568747,0.6355007795196173,141.28640559971558
ST-MTM,6,8,0.1019250901347867,0.09891678959922186,0.5535182080673033,0.12336286495264434,True,True,0.24705882352941178,80.76510663316839,68.53409581699398,4.910687841742501,1091.758588725075
ST-MTM,6,17,0.04184152699262172,,,,False,True,,22.87717261766786,17.856189378553253,0.09628799689690482,21.407031151472058
ST-MTM,6,18,0.12881138632132558,,,,False,False,,40.14676630834984,24.68939994979077,0.5777279813814573,128.44218690883235
ST-MTM,7,16,0.6207836767520355,0.12023850502811827,0.6900937430730556,0.12023850502811821,True,True,0.2357142857142857,33.90620728345494,108.40024849369921,5.375688412122709,599.3968722412176
ST-MTM,7,8,0.23583110028501153,0.13390601015022482,0.6900937430730929,0.01054314519758049,True,False,0.00390625,95.69502632916551,67.39529429496413,0.07679554874461303,8.562812460588823
ST-MTM,7,19,0.2327124240766608,,,,False,False,,92.63545264380846,64.70996175460917,0.03839777437229941,4.281406230294412
ST-MTM,7,18,0.18858537958227822,0.05977399326095263,0.6900937430730697,0.05977399326095263,True,False,0.5333333333333333,39.60284209761971,16.97259654774632,0.6143643899568758,68.50249968471059
ST-MTM,7,20,0.3600640536630373,,,,False,True,,53.4729094712383,10.265223031673827,0.19198887186152547,21.407031151472058
ST-MTM,8,16,0.7608340654671913,0.1400503887151558,0.5205344378929517,0.260288893743274,True,True,0.18571428571428572,21.32385059279428,112.62393844885725,0.5932177895779303,111.3165619876547
ST-MTM,8,21,0.7897427939925884,,,,False,True,,99.38220487305736,4.613069593946747,0.29660889478896024,55.65828099382735
ST-MTM,8,8,0.6442822085965092,0.40845110831149767,0.5205344378930028,0.41899425350907815,True,True,0.06896551724137931,97.69957460577876,20.385709574197662,0.6616659960676827,124.16078067853793
ST-MTM,8,22,0.5702897848834845,,,,False,True,,19.88558945865208,88.32036364467021,0.20534461946928673,38.5326560726497
ST-MTM,8,18,0.10543979154564363,0.29402517112792187,0.5205344378929424,0.23425117786696922,True,True,0.08040201005025126,47.10571626070639,59.758491246183624,4.540397697154162,851.9998398285879
ST-MTM,9,23,0.21280904673829842,,,,False,True,,62.804609211577294,37.267523602981484,0.33252726057071413,68.50249968471059
ST-MTM,9,16,0.3885295406532554,0.372304524813936,0.0933319397922171,0.11201563107066193,True,True,0.43333333333333335,22.571215249132138,69.19476012752278,1.2469772271402064,256.8843738176647
ST-MTM,9,21,0.680739897687319,0.10900289630526944,0.09333193979220367,0.10900289630526944,True,True,0.18571428571428572,95.49105475014164,13.802267027663362,1.4548067649969028,299.6984361206088
ST-MTM,9,8,0.7720737259597532,0.127791517363244,0.09333193979222676,0.5467857708723222,True,True,0.13793103448275862,100.7943158047606,8.145468689590217,0.08313181514267853,17.125624921177646
ST-MTM,9,24,0.5092029256544872,,,,False,True,,34.90724637217591,96.01159745071438,1.9951635634243274,411.0149981082635
ST-MTM,9,18,0.36474652722003725,0.2593067356743936,0.09333193979221943,0.4935579135413628,True,True,0.2864321608040201,62.46912964081446,106.23871290721893,1.184628365783194,244.04015512678146
ST-MTM,10,16,0.3567771434072229,0.03175239724603249,0.30971478745167147,0.14376802831669444,True,True,0.6166666666666667,21.024890170316564,63.83814737918331,0.5641590675330406,158.41203052089324
ST-MTM,10,23,0.20838521789770095,0.004423828840597466,0.30971478745162906,0.004423828840597466,True,True,0.5161290322580645,60.46058098489245,35.45435483716834,0.47267381333850267,132.72359313912676
ST-MTM,10,21,0.6848982837969845,0.004158386109665457,0.3097147874516608,0.10484451019560398,True,True,0.6951219512195121,93.3449190056303,11.157124949992166,1.0520804232372996,295.4170298903144
ST-MTM,10,24,0.608256316799159,0.09905339114467185,0.3097147874516595,0.09905339114467188,True,True,0.0625,23.01906589003224,96.00982390593133,0.35069347441243437,98.47234329677147
ST-MTM,10,18,0.4688752092106097,0.1041286819905725,0.3097147874516639,0.5976865955319354,True,True,0.22529644268774704,59.790384938552606,116.05541004382577,3.8576282185367585,1083.195776264486
ST-MTM,11,16,0.2548247463447288,0.10195239706249411,0.3297154541583197,0.24572042537918853,True,True,0.3783783783783784,20.516930060392422,51.09589962175988,0.2968393601306758,59.93968722412176
ST-MTM,11,23,0.20270038935720644,0.005684828540494517,0.3297154541583133,0.010108657381091983,True,True,0.6595744680851063,61.56233549890572,37.238288776040946,0.9965321375815677,201.22609282383735
ST-MTM,11,21,0.6178216163746086,0.06707666742237588,0.32971545415832704,0.17192117761797984,True,True,0.7971014492753623,94.48973972584302,20.35114576088999,1.166154629084815,235.47734266619264
ST-MTM,11,25,0.2439689297328351,,,,False,True,,100.79431580476061,130.07058737270083,0.06360843431371421,12.844218690883235
ST-MTM,11,26,0.43442892895177354,,,,False,False,,43.73595040941782,95.86742188363064,0.8057068346404215,162.69343675118765
ST-MTM,11,27,0.5670153597723112,,,,False,True,,19.205684195239407,87.24752736791676,0.02120281143790237,4.281406230294412
ST-MTM,11,18,0.3622360130432623,0.10663919616734745,0.329715454158333,0.49104739936458786,True,True,0.42028985507246375,74.35138160325747,117.81970316844894,2.947190789868909,595.1154660109232
ST-MTM,12,23,0.11042211763425822,0.31312250699146466,0.2952292804257789,0.3232311643725566,True,True,0.618421052631579,61.34191828305132,74.59257239916231,1.1994733299678444,325.3868735023753
ST-MTM,12,21,0.2979924599406642,0.3198291564339444,0.2952292796561853,0.49175033405192425,True,True,0.05454545454545454,90.59573685357043,54.836641660690724,0.04734763148253762,12.844218690883235
ST-MTM,12,25,0.3709227857824988,0.614891715515334,0.295229270686838,0.614891715515334,True,True,0.21428571428571427,99.33737595459058,54.826641660690726,0.22095561556699295,59.93968722412176
ST-MTM,12,28,1.0078605730529988,,,,False,False,,27.817817531799975,148.76108629815982,0.1420428933637794,38.5326560726497
ST-MTM,12,18,0.44432593662900016,0.08208992358573788,0.29522927754294714,0.5731373229503257,True,True,0.468013468013468,67.90475715341397,121.22386954889399,4.687415526676871,1271.5776503974403
ST-MTM,13,21,0.394437771643659,0.0964453117029948,0.0973172066331347,0.39530502234892945,True,True,0.13636363636363635,94.02616795533442,46.693635358095335,0.38270488932397484,94.19093706647706
ST-MTM,13,23,0.055080008427695046,0.05534210920656317,0.09731720740271382,0.2678890551659935,True,True,0.618421052631579,63.16806920611437,69.77767021743777,0.817596809010297,201.22609282383735
ST-MTM,13,29,0.3284772543556755,,,,False,True,,43.514625804925494,82.93189632760655,1.2698844054840777,312.54265481149207
ST-MTM,13,28,0.8571804676141073,0.15068010543889152,0.09731721426344464,0.15068010543889146,True,True,0.1323529411764706,30.96404580955275,133.82570192324562,1.1829060215468132,291.13562366002
ST-MTM,13,18,0.5919008647410952,0.14757492811209497,0.09731720451987746,0.7207122510624208,True,True,0.46254071661237783,78.08905845553194,149.11716222446336,2.6441428716928783,650.7737470047506
ST-MTM,14,29,0.3744306886486852,0.0459534342930097,0.12020308869575458,0.0459534342930097,True,True,0.4444444444444444,37.42714525469916,82.35882789254138,2.648369858575805,577.9898410897456
ST-MTM,14,23,0.020009317437776276,0.07508932586547132,0.12020308869575962,0.19279972930052214,True,True,0.34782608695652173,69.6221375322098,67.22101943967665,0.9024075073665756,196.94468659354294
ST-MTM,14,21,0.3557881428316835,0.03864962881197555,0.12020308869573826,0.433954651160905,True,True,0.4888888888888889,94.72049545160739,52.02591831180538,0.8827899528586016,192.66328036324853
ST-MTM,14,18,0.6301429182484525,0.038242053507357335,0.12020308869575752,0.7589543045697781,True,True,0.2702702702702703,75.35930564938265,150.97645583919694,1.628257024161428,355.35671711443615
ST-MTM,14,28,0.8981394145778098,0.04095894696370257,0.1202030886957477,0.10972115847518893,True,True,0.05333333333333334,21.987114818291264,129.76384456762844,0.2157930995876569,47.09546853323853
ST-MTM,14,30,0.5785657423822409,,,,False,True,,100.7943158047606,170.2222048906295,0.019617554507973978,4.281406230294412
ST-MTM,15,29,0.7160578699334187,0.3416271812847335,1.2361594908218354,0.3875806155777432,True,True,0.7848837209302325,35.8910337118959,121.81797810390614,0.9802030945646898,736.4018716106388
ST-MTM,15,21,0.3263926179659974,0.029395524865686085,1.2361594908224043,0.46335017602659107,True,True,0.044444444444444446,91.61559474868945,52.44848059276976,0.011397710401908512,8.562812460588823
ST-MTM,15,23,0.027316229604978776,0.007306912167202502,1.2361594908218545,0.18549281713331964,True,True,0.5,73.19671541394956,69.91876786135211,0.47300498167946614,355.35671711443615
ST-MTM,15,18,0.34664283763325654,0.2835000806151959,1.236159490821841,0.47545422395458214,True,True,0.09787735849056604,66.79985440920156,108.39699492519235,4.832629210411954,3630.632483289661
ST-MTM,16,29,0.8372686001347333,0.12121073020131459,0.8400841230635114,0.5087913457790578,True,True,0.6626506024096386,35.18626741131925,135.65849942748724,3.1948236253418116,1036.1003077312475
ST-MTM,16,23,0.12253225387527143,0.09521602427029266,0.8400841230635415,0.09027679286302698,True,True,0.2891566265060241,76.99763158531694,62.293761120284366,0.3168420124305982,102.75374952706588
ST-MTM,16,21,0.3148079278535398,0.011584690112457588,0.8400841230641243,0.4749348661390487,True,True,0.4,89.77985053747523,52.00289919505045,0.06600875258970973,21.407031151472058
ST-MTM,16,31,0.4448597560699304,,,,False,True,,99.16254317257017,45.77937244417852,0.06600875258970973,21.407031151472058
ST-MTM,16,32,0.6540621085447789,,,,False,False,,44.702131573214785,123.18958459858825,0.13201750517941235,42.814062302944116
ST-MTM,16,18,0.16647171353967885,0.18017112409357772,0.8400841230635119,0.2952830998610044,True,True,0.22523584905660377,82.65045649787892,102.62706212264038,2.5215343489267994,817.7485899862326
ST-MTM,17,29,0.471352946583013,0.3659156535517203,0.06495789627477216,0.1428756922273375,True,True,0.7066115702479339,33.74611430225791,90.30846789221947,2.409009361290657,732.1204653803444
ST-MTM,17,23,0.2268511985649291,0.10431894468965766,0.06495789627475612,0.014042151826630682,True,True,0.12857142857142856,89.77376183362378,62.55161800583229,1.8877617217131473,573.7084348594511
ST-MTM,17,33,0.5082817029206906,,,,False,False,,73.86548374262922,134.8592880931121,1.2538118897945552,381.04515449620266
ST-MTM,17,18,0.5199664400878097,0.3534947265481308,0.06495789627476922,0.6487778264091353,True,True,0.2774869109947644,85.32326396182305,147.7192367723602,0.7466520242596744,226.91453020560382
ST-MTM,18,29,0.9514382804494375,0.48008533386642444,0.42580479234528457,0.6229610260937619,True,True,0.5906432748538012,31.343002907447897,145.5155965613804,2.1781532010371905,432.42202925973555
ST-MTM,18,34,0.12051759321880447,,,,False,True,,61.01985789511902,46.55774670886248,0.08626349311037984,17.125624921177646
ST-MTM,18,23,0.3056386541657799,0.07878745560085078,0.42580479234528024,0.09282960742748146,True,True,0.35074626865671643,89.98816193732937,53.31152343743578,1.0135960440470058,201.22609282383735
ST-MTM,18,35,0.9351181994834147,,,,False,True,,23.738385951323917,135.9525698893337,1.1645571569901847,231.19593643589823
ST-MTM,18,36,0.047426660169167315,,,,False,True,,94.7601565919731,89.06895737167302,1.0351619173246078,205.50749905413176
ST-MTM,18,18,0.1028113046445089,0.4171551354433008,0.42580479234529145,0.2316226909658345,True,True,0.6545454545454545,89.41484876448526,101.75220532182632,0.8195031845486485,162.69343675118765
ST-MTM,19,29,1.1380074845322226,0.18656920408278496,0.22587953113307713,0.8095302301765469,True,True,0.504950495049505,29.2042910101317,165.7651891539984,0.8774835651638284,218.35171774501498
ST-MTM,19,23,0.33022718881288804,0.6358658429786679,0.22587953113308357,0.5430362355511865,True,True,0.5319148936170213,90.92209138000857,130.54935403755513,0.4301390025312841,107.03515575736029
ST-MTM,19,37,0.37318358734471196,,,,False,False,,75.74405625589979,120.52608673726523,0.550577923240045,137.00499936942117
ST-MTM,19,38,0.16624196567283994,,,,False,False,,88.92687847973933,108.87591436048012,0.18926116111376595,47.09546853323853
ST-MTM,19,35,0.23705953248970116,0.6980586669937136,0.22587953113308334,0.6980586669937136,True,True,0.2795031055900621,35.68444071110984,64.13158460987398,2.615245135390225,650.7737470047506
ST-MTM,19,18,0.031276271022335676,0.13408757566684457,0.22587953113308246,0.09753511529898991,True,True,0.4,79.83891989663091,76.08576737395063,1.6345282096188924,406.7335918779691
ST-MTM,20,29,1.0476069966247865,0.09040048790743589,0.016260520871788198,0.719129742269111,True,True,0.47368421052631576,36.485973024896424,162.1988126198708,1.5065965449950625,381.04515449620266
ST-MTM,20,23,0.4403867180262226,0.11015952921333454,0.016260520871774986,0.6531957647645209,True,True,0.11961722488038277,83.2469043652966,136.0933105284433,3.5379626730783045,894.813902131532
ST-MTM,20,39,0.11696924140893117,,,,False,True,,99.93548810360774,113.97179707267948,0.32163297027984505,81.34671837559382
ST-MTM,20,35,0.16843633561462698,0.06862319687507418,0.016260520871775874,0.7666818638687878,True,False,0.20394736842105263,35.39181595003151,55.604176223786745,0.5247695830881725,132.72359313912676
ST-MTM,20,40,0.09336872398340455,,,,False,False,,60.941407287802164,72.14565416581071,0.22006466387568935,55.65828099382735
ST-MTM,20,18,0.06324402854362804,0.03196775752129236,0.01626052087179053,0.06556735777769755,True,True,0.11578947368421053,90.22487943716354,82.63559601192817,0.1862085617409619,47.09546853323853
ST-MTM,21,23,0.3879771517688013,0.05240956625742126,0.3892045872363858,0.6007861985070998,True,True,0.8516746411483254,84.82036180705379,131.37762001930994,2.0417264653485034,762.0903089924053
ST-MTM,21,29,0.8987357553062479,0.1488712413185386,0.38920458723638585,0.5702585009505725,True,True,0.448,43.03931978769465,150.8876104244444,1.0552743528767508,393.8893731870859
ST-MTM,21,35,0.22674617638255085,0.05830984076792388,0.3892045872363956,0.7083720231008639,True,True,0.2967032967032967,34.022929935819114,61.23247110172522,0.9979224858725786,372.4823420356138
ST-MTM,21,40,0.013200396198233478,0.08016832778517108,0.3892045872364083,0.08016832778517108,True,True,0.05670103092783505,80.96020444864399,82.54425199243201,2.202311692960187,822.029996216527
ST-MTM,22,23,0.37038493455764215,0.017592217211159184,0.4247760530212511,0.5831939812959405,True,True,0.521978021978022,92.12037289879878,136.56656504571583,1.736563411444969,423.85921679914674
ST-MTM,22,35,0.0383905979449209,0.18835557843762996,0.4247760530212571,0.8967276015384938,True,False,0.2311111111111111,50.638778057433925,55.24564981082443,3.3327984664095425,813.4671837559382
ST-MTM,22,40,0.07234508041508433,0.08554547661331782,0.42477605302125077,0.1657138043984889,True,True,0.35051546391752575,92.023537906737,83.34212825692688,1.2278731192035153,299.6984361206088
ST-MTM,23,41,0.1831880097630218,,,,False,True,,22.77518682815596,0.7926256565933443,0.5098975706119973,85.62812460588823
ST-MTM,23,23,0.2587945350413019,0.11159039951634024,0.3739340518603023,0.4716035817796003,True,True,0.5656565656565656,94.67516843404644,125.73051263900267,1.42771319771356,239.75874889648705
ST-MTM,23,35,0.019430921229274863,0.01895967671564603,0.37393405186030104,0.9156872782541399,True,False,0.3360655737704918,65.63921424359921,67.9709247911122,3.4673034801615046,582.27124732004
ST-MTM,23,42,0.11271181116065204,,,,False,True,,24.005015466387707,37.53043280566595,0.8668258700403726,145.56781183001
ST-MTM,23,40,0.04279316134540044,0.11513824176048477,0.37393405186037887,0.05057556263800412,True,True,0.014285714285714285,76.31772632190425,81.4529056833523,0.025494878530601284,4.281406230294412
ST-MTM,24,23,0.2671466212899503,0.008352086248648406,0.08885333735570033,0.47995566802824874,True,True,0.17857142857142858,97.32679896135596,129.38439351615,0.2786387166839859,42.814062302944116
ST-MTM,24,43,0.15918113086789146,,,,False,False,,70.1985789511901,89.30031465533708,1.309601968414725,201.22609282383735
ST-MTM,24,44,0.018784716993962527,,,,False,False,,35.523410517143645,37.77757655641915,0.16718323001038016,25.68843738176647
ST-MTM,24,42,0.014721905298273115,0.09798990586237893,0.08885333735529555,0.09798990586237893,True,False,0.029411764705882353,29.404263146429553,31.170891782222327,0.02786387166838722,4.281406230294412
ST-MTM,24,45,0.004782708023504985,,,,False,False,,27.364547356191522,27.93847231901212,0.02786387166838722,4.281406230294412
ST-MTM,24,35,0.09420169378943004,0.11363261501870489,0.08885333735569093,1.0293198932728447,True,True,0.24789915966386555,81.98078817430431,70.6765849195727,4.486083338612133,689.3064030774003
ST-MTM,25,46,0.6177625740399849,,,,False,True,,42.66241578297675,-31.469093101821443,0.11195084439214043,17.125624921177646
ST-MTM,25,47,0.27379492510571607,,,,False,True,,20.689113860867064,-12.16627715181886,0.30786482207838617,47.09546853323853
ST-MTM,25,48,0.1422226311510005,,,,False,False,,56.31662973801679,39.249913999896734,2.882734243097673,440.98484172032437
ST-MTM,25,45,0.04159898524097132,0.046381693264476304,0.004434597068244894,0.046381693264476304,True,False,0.041666666666666664,30.594097357401733,25.602219128485174,0.6717050663528426,102.75374952706588
ST-MTM,25,35,0.11170973005698871,0.01750803626755868,0.004434597067864088,1.0468279295404035,True,True,0.515527950310559,86.41800571693828,73.01283811009964,2.3229800211369565,355.35671711443615
ST-MTM,26,47,0.3039490721801396,0.030154147074423616,0.41871033485814596,0.030154147074423557,True,True,0.2,20.919045459039342,-15.554843202577416,0.46032419569138483,107.03515575736029
ST-MTM,26,48,0.19726265584882974,0.05504002469782924,0.4187103348581847,0.05504002469782924,True,False,0.2572463768115942,72.38040608746932,48.708887385609756,4.492764149947831,1044.6631201918365
ST-MTM,26,45,0.12568189076106548,0.08408290552009416,0.41871033485816833,0.13046459878457045,True,True,0.4528301886792453,30.40487843975388,15.323051548426022,0.9758872948657142,226.91453020560382
ST-MTM,26,35,0.1479960620614823,0.0362863320044936,0.4187103348581953,1.083114261544897,True,True,0.24096385542168675,94.98112580258223,77.22159835520435,0.3682593565530965,85.62812460588823
ST-MTM,27,47,0.3601272923756554,0.05617822019551569,0.734944309238412,0.0863323672699393,True,True,0.4166666666666667,23.755819419616554,-19.459455665462087,0.9983421336799552,111.3165619876547
ST-MTM,27,49,0.2994996076159652,,,,False,False,,59.60521629866361,23.66526338474779,2.3806620110829044,265.4471862782535
ST-MTM,27,48,0.2814051133024563,0.08414245745362656,0.7349443092384063,0.13918248215145582,True,True,0.245136186770428,86.3821134447892,52.61349984849444,2.9182308522951814,325.3868735023753
ST-MTM,28,50,0.5740355806556804,,,,False,True,,19.205684195239407,-49.67858548344225,0.012180338485620723,4.281406230294412
ST-MTM,28,51,0.4666573982403515,,,,False,True,,20.112224546456307,-35.88666324238588,0.10962304637047282,38.5326560726497
ST-MTM,28,48,0.21545272390653172,0.06595238939592457,1.1481764466842295,0.07323009275553123,True,True,0.17330210772833723,78.46782673137874,52.61349986259493,5.176643856382327,1819.597647875125
ST-MTM,28,52,0.08745044005728513,,,,False,True,,24.41829121473659,13.924238407862376,0.2192460927408888,77.0653121452994
ST-MTM,28,53,0.2008484642875731,,,,False,True,,65.13116003481751,41.02934432030874,0.7795416630787599,274.00999873884234
ST-MTM,29,50,0.5729881922397367,0.0010473884159437397,0.38157481757375256,0.00104738841594371,True,True,0.14285714285714285,20.371236075375425,-48.38734699339298,0.12487434838357103,29.96984361206088
ST-MTM,29,54,0.5532600633537598,,,,False,False,,72.11081250453819,5.719604902087013,1.9979895741373923,479.5174977929741
ST-MTM,29,48,0.4192718904033158,0.20381916649678408,0.38157481757512723,0.2770492592523153,True,True,0.20374707259953162,89.67901065571057,39.36638380731267,1.5876881437341694,381.04515449620266
ST-MTM,29,53,0.14649250495451155,0.05435595933306156,0.38157481757512246,0.05435595933306156,True,True,0.4413793103448276,70.56432109288798,52.98522049834659,2.58668293080288,620.8039033926897
ST-MTM,30,50,0.5789463457492775,0.005958153509540676,1.2317390687037701,0.004910765093597055,True,True,0.3333333333333333,21.148270662132767,-48.32529082778052,1.283902280953555,89.90953083618264
ST-MTM,30,55,0.7532174219886223,,,,False,False,,68.15886316095211,-22.22722747768256,0.24455281541975182,17.125624921177646
ST-MTM,30,54,0.7072090027510248,0.15394893939726503,1.2317390687037526,0.15394893939726503,True,False,0.008928571428571428,70.19857895119014,-14.666501378932836,0.061138203854937956,4.281406230294412
ST-MTM,30,56,0.07241995218671482,,,,False,True,,20.02157051133462,11.331176248928841,0.30569101927466136,21.407031151472058
ST-MTM,30,57,0.16832328453107087,,,,False,False,,51.84113683904788,31.64234269531937,0.2445528154197234,17.125624921177646
ST-MTM,30,48,0.2636427972158966,0.15562909318741922,1.2317390687036631,0.12142016606489611,True,True,0.00909090909090909,98.29102824401393,66.65389257810634,1.3450404848085071,94.19093706647706
ST-MTM,30,53,0.15269766379895475,0.006205158844443185,1.2317390687036596,0.048150800488618375,True,True,0.28187919463087246,64.34548146615926,46.02176181028469,2.81235737732689,196.94468659354294
ST-MTM,31,50,0.5824111270663329,0.0034647813170555135,1.41500446700235,0.008375546410652508,True,True,0.9047619047619048,21.030693060189222,-48.85864218777073,0.2821874173209835,81.34671837559382
ST-MTM,31,55,0.7940153650173201,0.04079794302869786,1.4150044670024111,0.04079794302869786,True,True,0.018433179723502304,74.63519578525629,-20.646648016822127,3.222877345192444,929.0651519738873
ST-MTM,31,56,0.14516524241122514,0.0727452902245103,1.4150044670023363,0.0727452902245103,True,True,0.08620689655172414,25.60617167495185,8.186342585604834,0.8614142212956608,248.32156135707586
ST-MTM,31,53,0.22335000358110596,0.07065233978215121,1.4150044670023199,0.022501539293532838,True,True,0.2748091603053435,73.50258138826986,46.700580958537145,1.7970882892547735,518.0501538656238
ST-MTM,31,48,0.2386850435998074,0.024957753616089207,1.4150044670023594,0.0964624124488069,True,True,0.34782608695652173,96.71488422428453,68.07267899230764,0.13366772399415083,38.5326560726497
ST-MTM,32,50,0.5685849022571096,0.013826224809223337,0.729051439346908,0.00545067839857083,True,True,0.6666666666666666,22.60521051230279,-45.62497775855036,0.15044588776905243,89.90953083618264
ST-MTM,32,55,0.7628374712608392,0.031177893756480893,0.7290515589557203,0.009620049272216965,True,True,0.5892857142857143,66.50067694298879,-25.039819608311916,0.9958083761258365,595.1154660109232
ST-MTM,32,56,0.1532125995224171,0.2983778419336422,0.7290512861140318,0.2256325517091319,True,True,0.647887323943662,23.561687408290105,41.947199350980156,0.42268136850078974,252.60296758737027
ST-MTM,32,53,0.49009667671124146,0.2667466731301355,0.7290514322654584,0.2892482124236684,True,True,0.1873065015479876,72.91083261034574,14.099231404996758,4.628002104144997,2765.78842477019
ST-MTM,32,58,0.13722228166674572,,,,False,True,,25.470525550970496,41.93719935097998,0.10029726051736532,59.93968722412176
ST-MTM,33,50,0.6271630112276892,0.058578108970579794,0.40035871092703834,0.0531274305720089,True,True,0.09523809523809523,19.205684195239407,-56.05387715208332,0.021382801348238445,8.562812460588823
ST-MTM,33,55,0.7221960957759818,0.04064137548485742,0.4003588305360849,0.031021326212640452,True,False,0.24285714285714285,69.76388542212297,-16.899646070994848,1.3043508822429146,522.3315600959182
ST-MTM,33,56,0.12394756199058235,0.029265037531834744,0.40035855769442263,0.19636751417729717,True,True,0.3597560975609756,27.0909269453059,41.96463438417578,1.753389710556064,702.1506217682835
ST-MTM,33,53,0.5662517381099442,0.07615506139870275,0.4003587038458218,0.3654032738223711,True,True,0.46594427244582043,84.32073080121035,16.370522228017037,3.2181116029107955,1288.703275318618
ST-MTM,34,59,0.840824148822582,,,,False,True,,46.741847363452806,-54.15705049525704,0.03367505346022881,8.562812460588823
ST-MTM,34,55,0.8187257592682065,0.09652966349222467,0.4541703862372515,0.06550833727958422,True,False,0.04918032786885246,75.29786842678523,-22.949222685399548,0.10102516038062959,25.68843738176647
ST-MTM,34,60,0.8463162829133349,,,,False,False,,85.96001914848401,-15.597934801116182,0.18521279403111635,47.09546853323853
ST-MTM,34,56,0.10010071059306393,0.02384685139751843,0.45417038623705175,0.17252066277977873,True,True,0.6038461538461538,31.726153057846822,43.73823832901449,4.259894262715733,1083.195776264486
ST-MTM,34,53,0.5535810939426611,0.012670644167283147,0.4541703862370535,0.35273262965508795,True,True,0.32131147540983607,87.07622725472827,20.646495981608936,1.717427726470362,436.70343549002996
ST-MTM,35,61,0.823212401344518,,,,False,True,,37.249323878114275,-61.53616428322789,0.11513931780837083,55.65828099382735
ST-MTM,35,55,0.9432702251528278,0.12454446588462129,0.6424166323889002,0.1900528031642055,True,True,0.026200873362445413,85.23368923032466,-27.958737788014673,2.0282233675475254,980.4420267374203
ST-MTM,35,62,0.8215334801421675,,,,False,True,,100.00980973159211,1.4257921145320154,0.11513931780837083,55.65828099382735
ST-MTM,35,56,0.07611393593006426,0.02398677466299966,0.6424166323887105,0.1485338881167791,True,True,0.6216216216216216,37.55811472067347,46.691787032281184,3.6047463344621917,1742.5323357298255
ST-MTM,35,53,0.5865907138199816,0.03300961987732052,0.6424166323887315,0.3857422495324085,True,True,0.4803921568627451,93.09334802529052,22.702462366892732,0.4339866594315538,209.78890528442616
ST-MTM,36,61,0.5850291265115353,0.23818327483298282,0.22455101108215025,0.23818327483298277,True,True,0.2653061224489796,39.311454127585705,-30.892041053798522,0.5432473853095985,209.78890528442616
ST-MTM,36,63,1.3522085977669263,,,,False,True,,96.71488422428453,-65.55014750774663,0.01108668133286983,4.281406230294412
ST-MTM,36,55,1.1573055604921956,0.21403533533936792,0.2245510110820892,0.40408813850357345,True,False,0.22270742358078602,88.23606564525588,-50.640601613807604,0.5654207479752813,218.35171774501498
ST-MTM,36,56,0.21549951135600257,0.2916134472860668,0.22455101108208886,0.14307955916928775,True,True,0.7281746031746031,44.04713663195304,18.18719526923273,5.144220138441767,1986.572490856607
ST-MTM,36,53,0.4625817107351485,0.1240090030848331,0.2245510110823199,0.2617332464475754,True,True,0.061224489795918366,98.75460001452257,43.24479472630475,0.033260043998552646,12.844218690883235
ST-MTM,37,61,0.8753579414559373,0.29032881494440205,1.4368466402826967,0.05214554011141933,True,True,0.4875,44.09021683614338,-60.952736138569094,3.265232961437505,299.6984361206088
ST-MTM,37,63,1.2456575048010399,0.10655109296588645,1.4368466402807898,0.10655109296588658,True,True,0.1111111111111111,97.39478948769722,-52.08411108842756,0.4198156664705266,38.5326560726497
ST-MTM,37,55,1.1181918781814162,0.03911368231077953,1.4368466402827003,0.3649744561927939,True,False,0.11764705882352941,89.57587895845143,-44.60714642331851,0.27987711098035106,25.68843738176647
ST-MTM,37,64,0.17533737827708826,,,,False,True,,21.245399985477434,42.285885378728025,0.13993855549017553,12.844218690883235
ST-MTM,37,56,0.07600571115634273,0.13949380019965982,1.4368466402827273,0.0035857589696279093,True,False,0.08620689655172414,37.86908367591737,28.748398337156246,1.8658474065357211,171.25624921177646
ST-MTM,37,65,0.5129588675599551,,,,False,True,,74.2780105316662,12.722946424471587,0.32652329614376185,29.96984361206088
ST-MTM,38,61,0.8668717017616928,0.008486239694244387,0.6515532832610547,0.04365930041717488,True,True,0.2,41.351169917823725,-62.67343429357942,0.3403910809220747,59.93968722412176
ST-MTM,38,63,1.135999114109661,0.10965839069137892,0.6515532832610904,0.2162094836572654,True,True,0.04225352112676056,90.17438711286394,-46.145506580295375,5.178807159742689,911.9395270527096
ST-MTM,38,66,0.3612929029941632,,,,False,False,,49.12151578539717,5.766367426097588,0.29176378364746824,51.37687476353294
ST-MTM,38,56,0.03333006048070913,0.0426756506756336,0.6515532832610569,0.03908989170600569,True,False,0.09302325581395349,28.53009923632754,24.530491978642445,0.17019554046103735,29.96984361206088
ST-MTM,38,67,0.24812770955787286,,,,False,False,,44.30987853663054,14.534553389685797,0.3160774322847715,55.65828099382735
ST-MTM,39,68,0.7567081828786609,,,,False,True,,20.22554209035842,-70.57943985508089,0.16356454537810805,8.562812460588823
ST-MTM,39,61,0.8333738152473066,0.033497886514386246,1.2130226398458088,0.010161413902788633,True,True,0.47368421052631576,43.245191723044755,-56.75966610663204,1.1449518176469269,59.93968722412176
ST-MTM,39,69,0.1694175982021892,,,,False,False,,36.543268412262655,16.21315662799995,1.308516363025035,68.50249968471059
ST-MTM,39,67,0.39907530037503053,0.15094759081715767,1.2130226398458375,0.15094759081715767,True,False,0.07407407407407407,56.509819647814936,8.620783602811272,3.6802022710079427,192.66328036324853
ST-MTM,40,68,0.6865329849123809,0.07017519796627998,3.0469930998819437,0.07017519796627998,True,True,0.4,20.02157051133462,-62.362387678151094,0.01942392041041785,21.407031151472058
ST-MTM,40,67,0.5067752477184664,0.10769994734343585,3.046993099881991,0.2586475381605935,True,True,0.027846534653465347,61.21676115209741,0.40373142588144617,6.277811076647623,6918.752468155769
ST-MTM,41,70,0.4425380871020401,,,,False,True,,20.93944261694173,-32.16512783530308,0.8340708605375085,85.62812460588823
ST-MTM,41,71,0.3809947991505475,,,,False,False,,92.63545264380846,46.916076745742764,0.41703543026874,42.814062302944116
ST-MTM,41,72,0.37473998378228596,,,,False,False,,62.737513297424705,17.76871524355039,1.5847346350212206,162.69343675118765
ST-MTM,41,67,0.4319216969795669,0.07485355073889946,2.3735186849207537,0.18379398742169403,True,False,0.05136138613861386,52.23433506367213,0.4037314261240965,3.461394071230586,355.35671711443615
ST-MTM,42,73,0.12886651071935173,,,,False,False,,40.41872841371491,55.88270970003712,0.5940787733073591,149.8492180603044
ST-MTM,42,71,0.36562116169835324,0.015373637452194267,0.8989222257925009,0.015373637452194267,True,False,0.034482758620689655,81.35371427297477,37.47917486917238,4.922366978832429,1241.6078067853794
ST-MTM,42,67,0.39409180757313556,0.03782988940643139,0.89892222579249,0.14596409801526267,True,False,0.3855421686746988,57.13164966997778,9.840632761201519,0.5431577355953152,137.00499936942117
ST-MTM,42,74,0.3049336385450191,,,,False,True,,20.808318030426427,-15.783718594975866,0.23763150932293797,59.93968722412176
ST-MTM,43,75,0.2911259029754632,,,,False,True,,56.99555376843318,91.93066212548877,0.8910045693734148,316.8240610417865
ST-MTM,43,76,0.06743340661710692,,,,False,False,,76.31772632190423,68.2257175278514,0.03612180686648969,12.844218690883235
ST-MTM,43,71,0.4111321485060395,0.045510986807686275,0.3433794014574861,0.030137349355492008,True,True,0.26109660574412535,89.35922520871112,40.02336738798638,2.323836241744175,826.3114024468215
ST-MTM,43,67,0.2762071841751814,0.1178846233979541,0.3433794014575102,0.028079474617308562,True,True,0.06741573033707865,40.44130234340929,7.2964402423875185,3.0462723790739688,1083.195776264486
ST-MTM,44,75,0.4955526436279182,0.204426740652455,0.3538027543146389,0.204426740652455,True,True,0.10655737704918032,39.90378377158924,99.37010100693942,0.5156125299604568,261.1657800479591
ST-MTM,44,76,0.08972654908981154,0.02229314247270461,0.3538027543146347,0.02229314247270461,True,True,0.011194029850746268,82.20854729818878,71.44136140741139,2.2653140660557796,1147.4168697189023
ST-MTM,44,71,0.5248388687651132,0.11370672025907365,0.35380275431464714,0.14384406961456567,True,True,0.27586206896551724,94.70607321874702,31.725408966933443,0.5578758520883582,282.57281119943116
ST-MTM,44,67,0.3129022258210546,0.03669504164587316,0.35380275431464314,0.06477451626318172,True,True,0.7228571428571429,42.48758300095638,4.939315902429826,2.958432548953425,1498.492180603044
ST-MTM,45,75,0.5439975814595647,0.04844493783164652,0.08542630075700769,0.2528716784841015,True,True,0.7317073170731707,41.41592280005351,106.69563257520127,0.7457251970200298,346.79390465384733
ST-MTM,45,77,0.13052544949942196,,,,False,False,,94.6751684340465,79.01211449411586,0.03682593565530823,17.125624921177646
ST-MTM,45,76,0.22312632905838908,0.13339977996857755,0.08542630075701108,0.15569292244128216,True,True,0.22591362126245848,90.87846973538555,64.10331024837886,0.9298548752965843,432.42202925973555
ST-MTM,45,71,0.5254675045419934,0.0006286357768802967,0.08542630075700386,0.14447270539144597,True,True,0.5362318840579711,93.24736738087994,30.19126683584072,0.3682593565530965,171.25624921177646
ST-MTM,45,67,0.33398107156990753,0.021078845748852913,0.08542630075701307,0.08585336201203463,True,True,0.7191489361702128,46.5637062464015,6.485977658012601,4.216569632533009,1960.8840534748406
ST-MTM,46,75,0.5182074289622066,0.025790152497358144,1.1388861878060497,0.2270815259867434,True,True,0.79,40.622699992738724,102.80759146820351,2.81794077493921,419.5778105688523
ST-MTM,46,77,0.11213626980982289,0.01838917968959907,1.138886187806053,0.01838917968959907,True,True,0.2,94.6751684340465,81.21881605686775,0.057508995406919894,8.562812460588823
ST-MTM,46,76,0.20029146234169037,0.0228348667166987,1.1388861878060592,0.13285805572458345,True,False,0.06363636363636363,95.56754409227565,71.53256861127281,0.4600719632553876,68.50249968471059
ST-MTM,46,78,0.3844878874094751,,,,False,True,,98.09662717896192,51.95808068982491,0.891389428807301,132.72359313912676
ST-MTM,46,79,0.30170964677919637,,,,False,True,,23.12821456108177,-13.076943052421797,0.747616940289987,111.3165619876547
ST-MTM,46,67,0.37006240999306245,0.03608133842315494,1.1388861878060446,0.12193470043518957,True,True,0.10043668122270742,45.145548049353486,0.7380588501859933,1.3227068943592144,196.94468659354294
ST-MTM,47,75,0.38352769195575837,0.1346797370064482,0.4220692631601888,0.09240178898029518,True,True,0.05102040816326531,40.0107852556673,86.0341082903583,0.09426998498589967,21.407031151472058
ST-MTM,47,78,0.2520881595700965,0.1323997278393786,0.422069263160199,0.1323997278393786,True,True,0.09012875536480687,89.41581157580953,59.165232427397946,4.204441330371083,954.7535893556537
ST-MTM,47,80,0.26944344972421524,,,,False,False,,44.70213157321477,77.0353455401206,0.07541598798871973,17.125624921177646
ST-MTM,47,81,0.2968919426384339,,,,False,False,,38.17504104445308,2.548007927841013,0.7541598798871973,171.25624921177646
ST-MTM,47,79,0.27117664718403084,0.030532999595165488,0.4220692631602475,0.03053299959516552,True,True,0.4230769230769231,21.987114818291264,-10.554082843792443,0.20739396696896506,47.09546853323853
ST-MTM,47,67,0.40715782129909334,0.03709541130603089,0.4220692631601985,0.15903011174122045,True,True,0.3472222222222222,56.64046811019618,7.781529554304981,0.9615538468561624,218.35171774501498
ST-MTM,48,75,0.40986173368227063,0.026334041726512266,0.49147798276821497,0.11873583070680743,True,True,0.04032258064516129,34.89833632336103,84.0817443652335,1.4301412813831433,530.894372556507
ST-MTM,48,78,0.26464979770063424,0.012561638130537744,0.4914779827682023,0.11983808970884086,True,True,0.75,90.96847679493375,59.21050107085764,2.2720792938103216,843.4370273679991
ST-MTM,48,79,0.29676157537300474,0.025584928188973836,0.49147798276813637,0.004948071406191623,True,True,0.1774193548387097,26.114398968626286,-9.496990076134281,0.7150706406915788,265.4471862782535
ST-MTM,48,67,0.43203320413569507,0.024875382836601765,0.49147798276819543,0.1839054945778222,True,True,0.3128834355828221,60.47551656459534,8.631532068311927,1.8799437811730115,697.8692155379891
ST-MTM,49,75,0.41288441490048045,0.0030226812182098327,0.3441942827151181,0.12175851192501727,True,True,0.2903225806451613,35.41009297324153,84.95622276129919,0.5857893020519072,154.1306242905988
ST-MTM,49,78,0.24943046586490258,0.015219331835731669,0.34419428271511804,0.1350574215445725,True,True,0.9130434782608695,91.02622963341965,61.094573729631335,3.2381130863424943,851.9998398285879
ST-MTM,49,79,0.3727525566483614,0.07599098127535665,0.344194282715108,0.07104290986916499,True,True,0.275,31.702534459373823,-13.027772338429543,2.310613358093633,607.9596847018064
ST-MTM,49,82,0.4502612744044014,,,,False,True,,52.860994734166894,-1.1703581943612704,0.06508770022799126,17.125624921177646
ST-MTM,49,67,0.5151222798874087,0.08308907575171354,0.34419428271513786,0.2669945703295358,True,True,0.03680981595092025,71.21843684630916,9.403763259820124,0.0976315503419869,25.68843738176647
ST-MTM,50,78,0.28343354586053593,0.03400307999563334,0.0051813587420010965,0.10105434154893918,True,True,0.7638190954773869,92.90383630041873,58.89181079715442,2.486181089747589,650.7737470047506
ST-MTM,50,83,0.46597589951705004,,,,False,True,,20.22554209035842,-35.691565851687585,0.06542581815125459,17.125624921177646
ST-MTM,50,79,0.49571939421361544,0.12296683756525403,0.00518135874200365,0.19400974743441904,True,True,0.20064724919093851,48.66131789968124,-10.825009405952613,3.7456280891591973,980.4420267374203
ST-MTM,51,84,0.2323553933327552,,,,False,True,,36.502474096457966,64.38512129638859,1.7085521309847422,749.246090301522
ST-MTM,51,78,0.33813448169925014,0.054700935838714194,0.5160069825079894,0.04635340571022498,True,True,0.5,85.03348557032277,44.45734776641275,2.9679991303963433,1301.5474940095012
ST-MTM,51,83,0.4496543074952504,0.016321592021799645,0.5160069825080371,0.016321592021799582,True,True,0.03773584905660377,30.289422828985675,-23.669094070444373,1.034894433625027,453.82906041120765
ST-MTM,51,79,0.5740745723873135,0.07835517817369814,0.5160069825079701,0.2723649256081171,True,True,0.24034334763948498,60.475933684388885,-8.413015002088741,0.5857893020519214,256.8843738176647
ST-MTM,52,84,0.15803808626968346,0.07431730706307173,0.6291253217950162,0.07431730706307173,True,True,0.5722222222222222,40.43383741956853,59.39840777193055,0.5620672559357587,462.39187287179647
ST-MTM,52,78,0.3958416189342901,0.05770713723503995,0.6291253217950181,0.011353731524814966,True,True,0.762214983713355,85.90525117559696,38.40425690348215,1.2334253671923534,1014.6932765797756
ST-MTM,52,85,0.3563819445432029,,,,False,False,,66.11914737071409,23.35331402552974,0.005204326443845275,4.281406230294412
ST-MTM,52,86,0.3574992361232005,,,,False,False,,64.07943158047605,21.179523245691996,0.005204326443845275,4.281406230294412
ST-MTM,52,83,0.5719184829997258,0.12226417550447535,0.629125321794999,0.1059425834826758,True,True,0.12282734646581692,56.00092802192034,-12.629289938046753,4.491333721042224,3694.853576744077
ST-MTM,53,84,0.4590006569133703,0.3009625706436868,0.2772681663345935,0.22664526358061507,True,True,0.009174311926605505,20.22554209035842,75.30562091996285,0.013734427474503264,8.562812460588823
ST-MTM,53,87,0.1277078774003154,,,,False,True,,61.01985789511902,45.69491260708117,0.0686721373725021,42.814062302944116
ST-MTM,53,78,0.5058623426907414,0.11002072375645125,0.27726816633431783,0.12137445528126621,True,True,0.7949790794979079,89.02345593192867,28.319974809039707,1.3185050375519438,822.029996216527
ST-MTM,53,88,0.3853336523602538,,,,False,False,,62.03971579023803,15.799677507007573,0.006867213737251632,4.281406230294412
ST-MTM,53,83,0.6491610033250979,0.07724252032537203,0.27726816633431917,0.18318510380804784,True,True,0.8103448275862069,59.44709951191579,-18.452220887095947,4.889456180921826,3048.3612359696212
ST-MTM,54,84,0.4910066054080117,0.03200594849464148,1.0220145433910364,0.25865121207525654,True,True,1.0,20.22554209035842,79.14633473931983,0.03816505011556259,8.562812460588823
ST-MTM,54,87,0.09950580346837927,0.028202073931936116,1.0220152563038791,0.028202073931936116,True,True,0.2631578947368421,61.66397867098364,49.72328225477813,0.7251364691544566,162.69343675118765
ST-MTM,54,78,0.5922477660185999,0.08638542332785851,1.022015518000798,0.20775987860912473,True,True,0.5677083333333334,93.45882415546414,22.389092233232162,2.079997258482223,466.6732791020909
ST-MTM,54,89,0.10525819419148388,,,,False,False,,53.88085262928591,41.249869326307845,0.019082519370755335,4.281406230294412
ST-MTM,54,90,0.19016301878473515,,,,False,False,,64.07943158047605,41.259869326307836,0.03816512246038428,8.562812460588823
ST-MTM,54,83,0.44374002123625134,0.20542098208884643,1.022014219614527,0.022235878280798656,True,True,0.19241573033707865,32.858380397051626,-20.390422151298537,2.6143050864646113,586.5526535503344
ST-MTM,54,91,1.0961453375098833,,,,False,True,,89.99874686618371,-41.53869363500226,0.7823834910100516,175.53765544207087
ST-MTM,55,84,0.12972688069497404,0.3612797247130377,0.4009302273473694,0.10262851263778115,True,True,0.2857142857142857,21.245399985477434,36.81262566887432,0.19945993203350554,29.96984361206088
ST-MTM,55,87,0.013065013220467315,0.08644079024791194,0.40092951443476466,0.11464286417984806,True,True,0.2823529411764706,51.84113683904788,50.2733352525918,2.023093596339905,303.9798423509032
ST-MTM,55,78,0.13847662525562718,0.45377114076297265,0.40092925273792135,0.24601126215384791,True,True,0.7203389830508474,91.6589929569923,75.04179792631703,2.678461944450021,402.4521856476747
ST-MTM,55,92,0.37675803506800665,,,,False,True,,23.0131536703504,-22.197810537810398,0.42741414007178946,64.22109345441618
ST-MTM,55,83,0.6325134308678926,0.18877340963164133,0.40093055112416043,0.16653753135084262,True,True,0.20422535211267606,44.64213993232543,-31.259471771821694,0.9688053841627493,145.56781183001
ST-MTM,56,84,0.08429267033416273,0.04543421036081131,0.1617207386878165,0.14806272299859247,True,True,0.875,21.500364459257188,31.615484899356716,0.26796744668331485,34.25124984235529
ST-MTM,56,93,0.005759877050663202,,,,False,True,,43.34232104638943,44.03350629246901,0.40195117002497227,51.37687476353294
ST-MTM,56,87,0.04126105220041367,0.02819603897994636,0.16172073868781345,0.08644682519990171,True,True,0.2112676056338028,60.0,55.04867373595036,0.5024389625312295,64.22109345441618
ST-MTM,56,78,0.1121073783667196,0.026369246888907582,0.16172073868780423,0.2723805090427555,True,True,0.9285714285714286,91.04662139667558,77.59373599266922,3.1821134293644313,406.7335918779691
ST-MTM,56,94,0.4998463126866323,,,,False,False,,38.92293683420703,-21.058620688188853,0.20097558501248614,25.68843738176647
ST-MTM,56,83,0.7900143191624002,0.15750088829450745,0.16172073868784081,0.32403841964535013,True,True,0.16216216216216217,61.412110931703296,-33.38960736778472,1.7417884034416034,222.6331239753094
ST-MTM,57,84,0.404463342834721,0.32017067250055825,1.0932789426928151,0.1721079495019658,True,True,0.75,21.585352617183773,70.12095375735029,0.06735010692040078,25.68843738176647
ST-MTM,57,87,0.2865343062639646,0.24527325406355088,1.0932789426927605,0.1588264288636492,True,True,0.12631578947368421,67.95932574668964,33.575208995013895,1.0327016394462305,393.8893731870859
ST-MTM,57,78,0.4069086924147233,0.29480131404800375,1.093278942692741,0.022420805005248214,True,True,0.42105263157894735,94.7261613288025,45.897118239035706,0.4490007128027145,171.25624921177646
ST-MTM,57,95,0.6000727489369578,,,,False,True,,25.167930351319797,-46.840799521115144,0.14592523166089677,55.65828099382735
ST-MTM,57,83,0.7203424106910241,0.06967190847137607,1.0932789426927612,0.2543665111739741,True,True,0.12682926829268293,67.71609558697358,-18.72499369594931,4.602257306227784,1755.3765544207088
ST-MTM,58,87,0.1828436074174137,0.10369069884655087,1.1257142184459041,0.055135730017098324,True,True,0.33695652173913043,71.84351104009177,49.902278150002125,1.072605961037354,132.72359313912676
ST-MTM,58,96,0.23812450550278885,,,,False,False,,66.11914737071409,37.54420671037943,0.03460019229152067,4.281406230294412
ST-MTM,58,97,0.19152910599187667,,,,False,False,,50.203996533725295,27.220503814700095,2.629614614156111,325.3868735023753
ST-MTM,58,98,0.47421757694254435,,,,False,False,,59.83002368414683,2.9239144510415116,0.4152023074983333,51.37687476353294
ST-MTM,58,99,0.6519702102041031,,,,False,True,,55.92056841952393,-22.315856804968433,0.3114017306237429,38.5326560726497
ST-MTM,58,83,1.0368022745359804,0.3164598638449564,1.1257142184458875,0.5708263750189304,True,True,0.12926829268292683,89.36421033870971,-35.052062605607944,1.8338101914509366,226.91453020560382
RA-MTM,0,0,0.016155085088367827,,,,False,True,,64.14124114987719,62.20263093927305,0.5886933566654816,141.28640559971558
RA-MTM,0,1,0.016155085088367827,,,,False,False,,68.83876842436479,70.77737863496893,0.16055273363604042,38.5326560726497
RA-MTM,0,2,0.016155085088367827,,,,False,True,,20.112224546456307,18.173614335852168,0.16055273363604042,38.5326560726497
RA-MTM,0,3,0.016155085088367827,,,,False,True,,65.84223231309905,67.78084252370319,5.387436173120467,1292.9846815489122
RA-MTM,1,4,0.02325326438400476,,,,False,False,,72.23829474142818,75.02868646750875,0.035678385252453426,8.562812460588823
RA-MTM,1,5,0.02098335747941912,,,,False,False,,76.99763158531692,74.47962868778663,0.16055273363604042,38.5326560726497
RA-MTM,1,3,0.02325326438400476,0.03940834947237259,0.0,0.03940834947237259,True,True,0.5603715170278638,70.06731011320458,67.27691838712401,3.603516910497796,864.8440585194711
RA-MTM,1,6,0.02325326438400476,,,,False,False,,31.443978936667584,28.653587210587013,0.017839192626226713,4.281406230294412
RA-MTM,1,2,0.02325326438400476,0.007098179295636934,0.0,0.007098179295636934,True,True,0.2692307692307692,22.86017498608254,20.06978326000197,0.42814062302944117,102.75374952706588
RA-MTM,2,7,0.042318580189186265,,,,False,False,,66.52709052876169,71.60532015146404,0.3567838525245343,85.62812460588823
RA-MTM,2,8,0.025079019303386473,,,,False,True,,92.24860999393572,95.2580923103421,1.0346731723211495,248.32156135707586
RA-MTM,2,9,0.03761909888258638,,,,False,False,,70.4535434249699,74.96783529088026,0.1427135410098137,34.25124984235529
RA-MTM,2,2,0.02062863188672563,0.0026246324972791337,0.0,0.004473546798357801,True,True,0.19047619047619047,31.201636466540297,28.72620064013322,1.801758455248898,432.42202925973555
RA-MTM,2,3,0.05083863924685126,0.0275853748628465,0.0,0.06699372433521908,True,True,0.13615023474178403,75.96077605861258,69.86013934899043,0.7135677050490686,171.25624921177646
RA-MTM,3,8,0.008333333333333333,0.01674568597005314,0.0,0.01674568597005314,True,True,0.054104477611940295,66.24092144774329,67.24092144774329,19.12361449531504,4589.667478875609
RA-MTM,3,2,0.008333333333333333,0.012295298553392293,0.0,0.007821751755034493,True,True,0.28774928774928776,53.52637210733571,52.52637210733571,6.2615566118055765,1502.7735868333384
RA-MTM,4,10,0.014037261594496482,,,,False,True,,51.84113683904788,53.525608230387455,0.017839192626226713,4.281406230294412
RA-MTM,4,8,0.021412291850881598,0.013078958517548263,0.0,0.003666727452504877,True,False,0.08861940298507463,62.76971933621793,65.33919435832372,1.694723299491538,406.7335918779691
RA-MTM,4,11,0.043983799596448374,,,,False,False,,92.09868533058797,86.82062937901416,0.3389446598983076,81.34671837559382
RA-MTM,4,12,0.06065046626311516,,,,False,False,,80.26556333526818,87.543619286842,0.5530149714130281,132.72359313912676
RA-MTM,4,2,0.06065046626311516,0.05231713292978182,0.0,0.044495381174747335,True,True,0.8945945945945946,54.62097807317228,47.34292212159846,6.24371741917935,1498.492180603044
RA-MTM,5,8,0.016211112639145615,0.0052011792117359805,0.0,0.008867906664240859,True,False,0.375,68.89509193731026,70.84042545400773,3.014823553832315,723.5576529197556
RA-MTM,5,13,0.016211112639145615,,,,False,False,,69.51867368777746,67.57334017107999,0.053517577878680146,12.844218690883235
RA-MTM,5,14,0.016211112639145615,,,,False,False,,28.821487206361546,26.876153689664072,0.124874348383587,29.96984361206088
RA-MTM,5,2,0.016211112639145615,0.044439353623969544,4.440892098500626e-16,5.602755077778928e-05,True,True,0.025714285714285714,41.86919297566196,39.923859458964486,0.16055273363604042,38.5326560726497
RA-MTM,6,15,0.08029801112957786,,,,False,True,,20.735471037917925,11.099709702368582,0.07135677050490685,17.125624921177646
RA-MTM,6,16,0.08029801112957786,,,,False,True,,39.47922295881739,29.843461623268045,0.5886933566654816,141.28640559971558
RA-MTM,6,8,0.029220750187955367,0.013009637548809749,0.0,0.004141730884568891,True,True,0.24705882352941178,80.76510663316839,84.27159665572303,4.548994119687812,1091.758588725075
RA-MTM,6,17,0.08029801112957784,,,,False,True,,22.87717261766786,32.5129339532172,0.08919596313113358,21.407031151472058
RA-MTM,6,18,0.0731472235619193,,,,False,False,,40.14676630834984,48.924433135780156,0.5351757787868014,128.44218690883235
RA-MTM,7,16,0.008333333333333333,0.07196467779624453,0.0,0.07196467779624453,True,True,0.2357142857142857,33.90620728345494,32.90620728345494,2.49748696767174,599.3968722412176
RA-MTM,7,8,0.008333333333333333,0.020887416854622032,0.0,0.01674568597005314,True,False,0.00390625,95.69502632916551,96.69502632916551,0.035678385252453426,8.562812460588823
RA-MTM,7,19,0.008333333333333333,,,,False,False,,92.63545264380846,93.63545264380846,0.017839192626226713,4.281406230294412
RA-MTM,7,18,0.008333333333333333,0.06481389022858597,0.0,0.06481389022858597,True,False,0.5333333333333333,39.60284209761971,40.60284209761971,0.2854270820196274,68.50249968471059
RA-MTM,7,20,0.008333333333333333,,,,False,True,,53.4729094712383,54.4729094712383,0.08919596313113358,21.407031151472058
RA-MTM,8,16,0.017059808623423697,0.008726475290090362,2.220446049250313e-16,0.06323820250615417,True,True,0.18571428571428572,21.32385059279428,19.276673557983436,0.46381900828189454,111.3165619876547
RA-MTM,8,21,0.017059808623423697,,,,False,True,,99.38220487305736,101.4293819078682,0.23190950414094727,55.65828099382735
RA-MTM,8,8,0.005694000080324457,0.0026393332530088762,0.0,0.019385019223062017,True,True,0.06896551724137931,97.69957460577876,98.3828546154177,0.5173365861605748,124.16078067853793
RA-MTM,8,22,0.017059808623423697,,,,False,True,,19.88558945865208,21.932766493462925,0.16055273363604042,38.5326560726497
RA-MTM,8,18,0.012061981070734381,0.003728647737401047,0.0,0.061085242491184924,True,True,0.08040201005025126,47.10571626070639,48.55315398919451,3.5499993326191164,851.9998398285879
RA-MTM,9,23,0.010375357061107534,,,,False,True,,62.804609211577294,64.0496520589102,0.2854270820196274,68.50249968471059
RA-MTM,9,16,0.010375357061107475,0.0066844515623162215,0.0,0.06992265406847038,True,True,0.43333333333333335,22.571215249132138,21.32617240179924,1.070351557573603,256.8843738176647
RA-MTM,9,21,0.010375357061107475,0.0066844515623162215,2.220446049250313e-16,0.0066844515623162215,True,True,0.18571428571428572,95.49105475014164,96.73609759747454,1.24874348383587,299.6984361206088
RA-MTM,9,8,0.010375357061107475,0.0046813569807830175,2.220446049250313e-16,0.014703662242279,True,True,0.13793103448275862,100.7943158047606,102.0393586520935,0.07135677050490685,17.125624921177646
RA-MTM,9,24,0.010375357061107475,,,,False,True,,34.90724637217591,33.662203524843015,1.7125624921177647,411.0149981082635
RA-MTM,9,18,0.010375357061107475,0.022437338131841855,0.0,0.08352258062302678,True,True,0.2864321608040201,62.46912964081446,61.22408679348156,1.0168339796949226,244.04015512678146
RA-MTM,10,16,0.012901610958842664,0.0025262538977351904,0.0,0.0673964001707352,True,True,0.6166666666666667,21.024890170316564,19.476696855255444,0.6600501271703885,158.41203052089324
RA-MTM,10,23,0.012901610958842664,0.002526253897735131,0.0,0.002526253897735131,True,True,0.5161290322580645,60.46058098489245,62.00877429995357,0.5530149714130281,132.72359313912676
RA-MTM,10,21,0.012901610958842605,0.002526253897735131,0.0,0.0041581976645810904,True,True,0.6951219512195121,93.3449190056303,94.89311232069142,1.2309042912096433,295.4170298903144
RA-MTM,10,24,0.004537027361340821,0.005838329699766653,2.220446049250313e-16,0.005838329699766653,True,True,0.0625,23.01906589003224,22.474622606671343,0.41030143040321443,98.47234329677147
RA-MTM,10,18,0.012901610958842664,0.0025262538977351904,0.0,0.08604883452076197,True,True,0.22529644268774704,59.790384938552606,58.242191623491486,4.513315734435358,1083.195776264486
RA-MTM,11,16,0.05854387489737567,0.045642263938533004,2.220446049250313e-16,0.021754136232202192,True,True,0.3783783783783784,20.516930060392422,13.491665072707342,0.249748696767174,59.93968722412176
RA-MTM,11,23,0.06464921938692138,0.051747608428078705,1.6653345369377348e-16,0.05427386232581384,True,True,0.6595744680851063,61.56233549890572,69.32024182533628,0.8384420534326557,201.22609282383735
RA-MTM,11,21,0.060476770748620366,0.04757515978977776,0.0,0.04341696212519667,True,True,0.7971014492753623,94.48973972584302,101.74695221567747,0.9811555944424694,235.47734266619264
RA-MTM,11,25,0.0016164009819714664,,,,False,True,,100.79431580476061,100.98828392259719,0.053517577878680146,12.844218690883235
RA-MTM,11,26,0.01779076772731365,,,,False,False,,43.73595040941782,41.60105828214018,0.6778893197966152,162.69343675118765
RA-MTM,11,27,0.0003721093423660745,,,,False,True,,19.205684195239407,19.161031074155478,0.017839192626226713,4.281406230294412
RA-MTM,11,18,0.053005518625339455,0.04010390766649679,0.0,0.12615274218725875,True,True,0.42028985507246375,74.35138160325747,67.99071936821673,2.4796477750455135,595.1154660109232
RA-MTM,12,23,0.04469309826149293,0.01995612112542844,1.6653345369377348e-16,0.0343177412003854,True,True,0.618421052631579,61.34191828305132,66.70509007443047,1.3557786395932303,325.3868735023753
RA-MTM,12,21,0.04210468094305462,0.01837208980556575,0.0,0.02504487231963092,True,True,0.05454545454545454,90.59573685357043,95.64829856673698,0.053517577878680146,12.844218690883235
RA-MTM,12,25,0.041882877885655506,0.04026647690368404,0.0,0.04026647690368404,True,True,0.21428571428571427,99.33737595459058,104.36332130086925,0.249748696767174,59.93968722412176
RA-MTM,12,28,0.04469309826149293,,,,False,False,,27.817817531799975,22.454645740420823,0.16055273363604042,38.5326560726497
RA-MTM,12,18,0.04469309826149293,0.008312420363846525,0.0,0.11784032182341224,True,True,0.468013468013468,67.90475715341397,62.541585362034816,5.298240209989334,1271.5776503974403
RA-MTM,13,21,0.0620012142317768,0.019896533288722176,2.220446049250313e-16,0.0449414056083531,True,True,0.13636363636363635,94.02616795533442,101.46631366314763,0.39246223777698774,94.19093706647706
RA-MTM,13,23,0.08398631854476596,0.03929322028327302,0.0,0.07361096148365842,True,True,0.618421052631579,63.16806920611437,73.24642743148628,0.8384420534326557,201.22609282383735
RA-MTM,13,29,0.1419911968159654,,,,False,True,,43.514625804925494,60.55356942284134,1.3022610617145502,312.54265481149207
RA-MTM,13,28,0.06993875143567564,0.025245653174182703,0.0,0.025245653174182703,True,True,0.1323529411764706,30.96404580955275,22.571395637271674,1.2130650985834166,291.13562366002
RA-MTM,13,18,0.15865786348263214,0.1139647652211392,0.0,0.23180508704455144,True,True,0.46254071661237783,78.08905845553194,59.050114837616086,2.7115572791864606,650.7737470047506
RA-MTM,14,29,0.2603070962473048,0.11831589943133942,0.0,0.11831589943133942,True,True,0.4444444444444444,37.42714525469916,68.66399680437574,2.4082910045406067,577.9898410897456
RA-MTM,14,23,0.11725677851956699,0.033270459974801034,1.1102230246251565e-16,0.10688142145845946,True,True,0.34782608695652173,69.6221375322098,83.69295095455784,0.8206028608064289,196.94468659354294
RA-MTM,14,21,0.08519901220490181,0.023197797973125014,0.0,0.06813920358147811,True,True,0.4888888888888889,94.72049545160739,104.94437691619561,0.8027636681802022,192.66328036324853
RA-MTM,14,18,0.13443814542857085,0.024219718054061267,0.0,0.20758536899049015,True,True,0.2702702702702703,75.35930564938265,59.226728197954145,1.4806529879768173,355.35671711443615
RA-MTM,14,28,0.06448818403361913,0.005450567402056509,0.0,0.019795085772126193,True,True,0.05333333333333334,21.987114818291264,14.248532734256969,0.19623111888849387,47.09546853323853
RA-MTM,14,30,0.2769737629139714,,,,False,True,,100.7943158047606,67.55746425508403,0.017839192626226713,4.281406230294412
RA-MTM,15,29,0.005173131479355675,0.2654802277266605,0.0,0.14716432829532108,True,True,0.7848837209302325,35.8910337118959,35.27025793437322,3.0683411317109948,736.4018716106388
RA-MTM,15,21,0.008333333333333333,0.07686567887156848,0.0,0.008726475290090362,True,True,0.044444444444444446,91.61559474868945,92.61559474868945,0.035678385252453426,8.562812460588823
RA-MTM,15,23,0.008333333333333333,0.10892344518623366,1.1102230246251565e-16,0.0020420237277742003,True,True,0.5,73.19671541394956,74.19671541394956,1.4806529879768173,355.35671711443615
RA-MTM,15,18,0.008333333333333333,0.12610481209523752,4.440892098500626e-16,0.08148055689525263,True,True,0.09787735849056604,66.79985440920156,65.79985440920156,15.127635347040254,3630.632483289661
RA-MTM,16,29,0.03796533965092361,0.03279220817156793,1.6653345369377348e-16,0.179956536466889,True,True,0.6626506024096386,35.18626741131925,30.630426653208417,4.3170846155468645,1036.1003077312475
RA-MTM,16,23,0.03796533965092361,0.029632006317590272,0.0,0.027589982589816073,True,True,0.2891566265060241,76.99763158531694,81.55347234342777,0.42814062302944117,102.75374952706588
RA-MTM,16,21,0.03796533965092361,0.029632006317590272,1.1102230246251565e-16,0.02090553102749991,True,True,0.4,89.77985053747523,94.33569129558606,0.08919596313113358,21.407031151472058
RA-MTM,16,31,0.03796533965092361,,,,False,True,,99.16254317257017,103.718383930681,0.08919596313113358,21.407031151472058
RA-MTM,16,32,0.02931355360689961,,,,False,False,,44.702131573214785,41.18450514038683,0.17839192626226716,42.814062302944116
RA-MTM,16,18,0.03796533965092361,0.029632006317590272,2.220446049250313e-16,0.11111256321284291,True,True,0.22523584905660377,82.65045649787892,78.09461573976809,3.4072857916093024,817.7485899862326
RA-MTM,17,29,0.008333333333333333,0.029632006317590272,0.0,0.15032453014929872,True,True,0.7066115702479339,33.74611430225791,32.74611430225791,3.0505019390847683,732.1204653803444
RA-MTM,17,23,0.008333333333333333,0.029632006317590272,0.0,0.0020420237277742003,True,True,0.12857142857142856,89.77376183362378,90.77376183362378,2.39045181191438,573.7084348594511
RA-MTM,17,33,0.008333333333333333,,,,False,False,,73.86548374262922,72.86548374262922,1.5876881437341777,381.04515449620266
RA-MTM,17,18,0.008333333333333333,0.029632006317590272,0.0,0.08148055689525263,True,True,0.2774869109947644,85.32326396182305,84.32326396182305,0.9454772091900159,226.91453020560382
RA-MTM,18,29,0.07951407870179643,0.0711807453684631,0.0,0.22150527551776183,True,True,0.5906432748538012,31.343002907447897,21.801313463232326,1.801758455248898,432.42202925973555
RA-MTM,18,34,0.15754437606011534,,,,False,True,,61.01985789511902,79.92518302233286,0.07135677050490685,17.125624921177646
RA-MTM,18,23,0.0899202385081742,0.09825357184150754,0.0,0.10029559556928173,True,True,0.35074626865671643,89.98816193732937,79.19773331634846,0.8384420534326557,201.22609282383735
RA-MTM,18,35,0.006215031448544206,,,,False,True,,23.738385951323917,22.992582177498612,0.9633164018162427,231.19593643589823
RA-MTM,18,36,0.14087770939344868,,,,False,True,,94.7601565919731,77.85483146475926,0.8562812460588823,205.50749905413176
RA-MTM,18,18,0.10726417136849425,0.09893083803516092,0.0,0.18041139493041355,True,True,0.6545454545454545,89.41484876448526,76.54314820026595,0.6778893197966152,162.69343675118765
RA-MTM,19,29,0.029838575027557587,0.049675503674238834,0.0,0.171829771843523,True,True,0.504950495049505,29.2042910101317,25.62366200682479,0.9097988239375624,218.35171774501498
RA-MTM,19,23,0.029838575027557587,0.11975881353573178,0.0,0.019463217966450053,True,True,0.5319148936170213,90.92209138000857,94.50272038331548,0.44597981565566786,107.03515575736029
RA-MTM,19,37,0.029838575027557587,,,,False,False,,75.74405625589979,79.3246852592067,0.5708541640392548,137.00499936942117
RA-MTM,19,38,0.015126176769028988,,,,False,False,,88.92687847973933,90.74201969202281,0.19623111888849387,47.09546853323853
RA-MTM,19,35,0.00030846106574884403,0.00652349251429305,0.0,0.00652349251429305,True,True,0.2795031055900621,35.68444071110984,35.721456038999705,2.7115572791864606,650.7737470047506
RA-MTM,19,18,0.029838575027557587,0.07742559634093667,0.0,0.10298579858947689,True,True,0.4,79.83891989663091,76.258290893324,1.694723299491538,406.7335918779691
RA-MTM,20,29,0.08418924049169192,0.054350665464134335,0.0,0.22618043730765733,True,True,0.47368421052631576,36.485973024896424,26.383264165893394,1.5876881437341777,381.04515449620266
RA-MTM,20,23,0.08418924049169192,0.054350665464134335,0.0,0.07381388343058438,True,True,0.11961722488038277,83.2469043652966,93.34961322429963,3.7283912588813832,894.813902131532
RA-MTM,20,39,0.06752257382502526,,,,False,True,,99.93548810360774,91.83277924460471,0.3389446598983076,81.34671837559382
RA-MTM,20,35,0.007518785160409713,0.007210324094660869,0.0,0.01373381660895392,True,False,0.20394736842105263,35.39181595003151,36.29407016928067,0.5530149714130281,132.72359313912676
RA-MTM,20,40,0.011823860324014153,,,,False,False,,60.941407287802164,59.522544048920466,0.23190950414094727,55.65828099382735
RA-MTM,20,18,0.04166307359582729,0.011824498568269703,0.0,0.11481029715774659,True,True,0.11578947368421053,90.22487943716354,85.22531060566426,0.19623111888849387,47.09546853323853
RA-MTM,21,23,0.05131122384124656,0.03287801665044535,0.0,0.04093586678013903,True,True,0.8516746411483254,84.82036180705379,90.97770866800337,3.1753762874683553,762.0903089924053
RA-MTM,21,29,0.05131122384124656,0.03287801665044535,0.0,0.19330242065721195,True,True,0.448,43.03931978769465,36.881972926745064,1.6412057216128577,393.8893731870859
RA-MTM,21,35,0.034644557174579954,0.027125772014170244,0.0,0.04085958862312416,True,True,0.2967032967032967,34.022929935819114,38.18027679676871,1.552009758481724,372.4823420356138
RA-MTM,21,40,0.016922346946197327,0.005098486622183174,4.440892098500626e-16,0.005098486622183174,True,True,0.05670103092783505,80.96020444864399,78.92952281510031,3.4251249842355294,822.029996216527
RA-MTM,22,23,0.013153628734984579,0.03815759510626198,2.220446049250313e-16,0.0027782716738770454,True,True,0.521978021978022,92.12037289879878,93.69880834699693,1.7660800699964447,423.85921679914674
RA-MTM,22,35,0.013153628734984579,0.047798185909564535,0.0,0.0069385972864403735,True,False,0.2311111111111111,50.638778057433925,49.060342609235775,3.389446598983076,813.4671837559382
RA-MTM,22,40,0.013153628734984579,0.0037687182112127477,0.0,0.001329768410970426,True,True,0.35051546391752575,92.023537906737,90.44510245853886,1.24874348383587,299.6984361206088
RA-MTM,23,41,0.008333333333333333,,,,False,True,,22.77518682815596,21.77518682815596,0.3567838525245343,85.62812460588823
RA-MTM,23,23,0.008333333333333333,0.004820295401651246,0.0,0.0020420237277742003,True,True,0.5656565656565656,94.67516843404644,95.67516843404644,0.998994787068696,239.75874889648705
RA-MTM,23,35,0.008333333333333333,0.004820295401651246,0.0,0.0021183018847891273,True,False,0.3360655737704918,65.63921424359921,64.63921424359921,2.426130197166833,582.27124732004
RA-MTM,23,42,0.008333333333333333,,,,False,True,,24.005015466387707,25.005015466387707,0.6065325492917083,145.56781183001
RA-MTM,23,40,0.00485642137102514,0.00829720736395944,8.881784197001252e-16,0.0069674389529890135,True,True,0.014285714285714285,76.31772632190425,75.73495575738123,0.017839192626226713,4.281406230294412
RA-MTM,24,23,0.06337436349865833,0.055041030165324994,0.0,0.052999006437550795,True,True,0.17857142857142858,97.32679896135596,104.93172258119496,0.17839192626226716,42.814062302944116
RA-MTM,24,43,0.048368822490597554,,,,False,False,,70.1985789511901,76.0028376500618,0.8384420534326557,201.22609282383735
RA-MTM,24,44,0.01633418749275831,,,,False,False,,35.523410517143645,33.56330801801265,0.10703515575736029,25.68843738176647
RA-MTM,24,42,0.01575073665531524,0.024084069988648576,4.440892098500626e-16,0.024084069988648576,True,False,0.029411764705882353,29.404263146429553,27.514174747791724,0.017839192626226713,4.281406230294412
RA-MTM,24,45,0.021584941686993896,,,,False,False,,27.364547356191522,24.774354353752255,0.017839192626226713,4.281406230294412
RA-MTM,24,35,0.061713237840052435,0.0533799045067191,0.0,0.05549820639150823,True,True,0.24789915966386555,81.98078817430431,74.57519963349802,2.8721100128225014,689.3064030774003
RA-MTM,25,46,0.10225082872690848,,,,False,True,,42.66241578297675,30.392316335747733,0.07135677050490685,17.125624921177646
RA-MTM,25,47,0.08558416206024182,,,,False,True,,20.689113860867064,30.959213308096082,0.19623111888849387,47.09546853323853
RA-MTM,25,48,0.0472920475296523,,,,False,False,,56.31662973801679,61.99167544157507,1.8374368405013515,440.98484172032437
RA-MTM,25,45,0.06801407295632383,0.08959901464331772,0.0,0.08959901464331772,True,False,0.041666666666666664,30.594097357401733,38.75578611216059,0.42814062302944117,102.75374952706588
RA-MTM,25,35,0.04018144605039069,0.10189468389044312,0.0,0.0463964774989349,True,True,0.515527950310559,86.41800571693828,91.23977924298516,1.4806529879768173,355.35671711443615
RA-MTM,26,47,0.008333333333333333,0.09391749539357515,0.0,0.09391749539357515,True,True,0.2,20.919045459039342,19.919045459039342,0.44597981565566786,107.03515575736029
RA-MTM,26,48,0.007082444754241853,0.04020960277541044,0.0,0.04020960277541044,True,False,0.2572463768115942,72.38040608746932,73.23029945797835,4.352763000799318,1044.6631201918365
RA-MTM,26,45,0.008333333333333333,0.059680739622990496,2.220446049250313e-16,0.02991827502032723,True,True,0.4528301886792453,30.40487843975388,31.40487843975388,0.9454772091900159,226.91453020560382
RA-MTM,26,35,0.008333333333333333,0.031848112717057356,2.220446049250313e-16,0.01454836478187754,True,True,0.24096385542168675,94.98112580258223,95.98112580258223,0.3567838525245343,85.62812460588823
RA-MTM,27,47,0.008333333333333333,0.0,0.0,0.09391749539357515,True,True,0.4166666666666667,23.755819419616554,22.755819419616554,0.46381900828189454,111.3165619876547
RA-MTM,27,49,0.007088865168484127,,,,False,False,,59.60521629866361,60.45588011888171,1.1060299428260563,265.4471862782535
RA-MTM,27,48,0.008333333333333333,0.0012508885790914804,0.0,0.03895871419631896,True,True,0.245136186770428,86.3821134447892,87.3821134447892,1.3557786395932303,325.3868735023753
RA-MTM,28,50,0.008333333333333333,,,,False,True,,19.205684195239407,18.205684195239407,0.017839192626226713,4.281406230294412
RA-MTM,28,51,0.008333333333333333,,,,False,True,,20.112224546456307,19.112224546456307,0.16055273363604042,38.5326560726497
RA-MTM,28,48,0.008333333333333333,0.0,0.0,0.03895871419631896,True,True,0.17330210772833723,78.46782673137874,79.46782673137874,7.5816568661463535,1819.597647875125
RA-MTM,28,52,0.008333333333333363,,,,False,True,,24.41829121473659,25.418291214736595,0.32110546727208084,77.0653121452994
RA-MTM,28,53,0.008333333333333333,,,,False,True,,65.13116003481751,66.13116003481751,1.1417083280785096,274.00999873884234
RA-MTM,29,50,0.02163608140785532,0.013302748074521985,2.220446049250313e-16,0.013302748074521985,True,True,0.14285714285714285,20.371236075375425,17.774906306432786,0.124874348383587,29.96984361206088
RA-MTM,29,54,0.02163608140785532,,,,False,False,,72.11081250453819,69.51448273559555,1.997989574137392,479.5174977929741
RA-MTM,29,48,0.02163608140785532,0.013302748074521985,2.220446049250313e-16,0.025655966121796978,True,True,0.20374707259953162,89.67901065571057,92.27534042465321,1.5876881437341777,381.04515449620266
RA-MTM,29,53,0.02163608140785532,0.013302748074521985,0.0,0.013302748074521985,True,True,0.4413793103448276,70.56432109288798,73.16065086183062,2.5866829308028736,620.8039033926897
RA-MTM,30,50,0.0643125005356519,0.042676419127796586,0.0,0.05597916720231857,True,True,0.3333333333333333,21.148270662132767,13.430770597854538,0.374623045150761,89.90953083618264
RA-MTM,30,55,0.13391603988651812,,,,False,False,,68.15886316095211,84.22878794733428,0.07135677050490685,17.125624921177646
RA-MTM,30,54,0.11249158674206873,0.13412766814992405,0.0,0.13412766814992405,True,False,0.008928571428571428,70.19857895119014,83.69756936023839,0.017839192626226713,4.281406230294412
RA-MTM,30,56,0.005286884550759652,,,,False,True,,20.02157051133462,20.655996657425778,0.08919596313113358,21.407031151472058
RA-MTM,30,57,0.01684130740113184,,,,False,False,,51.84113683904788,49.820179950912056,0.07135677050490685,17.125624921177646
RA-MTM,30,48,0.12663361867813627,0.14826970008599158,0.0,0.17392566620778857,True,True,0.00909090909090909,98.29102824401393,83.09499400263758,0.39246223777698774,94.19093706647706
RA-MTM,30,53,0.021945254486336017,0.04358133589419134,0.0,0.030278587819669352,True,True,0.28187919463087246,64.34548146615926,61.712050927798934,0.8206028608064289,196.94468659354294
RA-MTM,31,50,0.07670150446658303,0.01238900393093112,1.249000902703301e-16,0.0683681711332497,True,True,0.9047619047619048,21.030693060189222,11.82651252419926,0.3389446598983076,81.34671837559382
RA-MTM,31,55,0.10661501176004187,0.027301028126476248,0.0,0.027301028126476248,True,True,0.018433179723502304,74.63519578525629,87.42899719646131,3.871104799891197,929.0651519738873
RA-MTM,31,56,0.00456821164817048,0.0007186729025891718,0.0,0.0007186729025891718,True,True,0.08620689655172414,25.60617167495185,26.154357072732306,1.0346731723211495,248.32156135707586
RA-MTM,31,53,0.023390778268380548,0.0014455237820445296,0.0,0.03172411160171388,True,True,0.2748091603053435,73.50258138826986,70.6956879960642,2.1585423077734323,518.0501538656238
RA-MTM,31,48,0.0899483450933752,0.03668527358476107,2.220446049250313e-16,0.1372403926230275,True,True,0.34782608695652173,96.71488422428453,85.92108281307951,0.16055273363604042,38.5326560726497
RA-MTM,32,50,0.0517129050843914,0.024988599382191622,0.0,0.04337957175105807,True,True,0.6666666666666666,22.60521051230279,16.399661902175822,0.374623045150761,89.90953083618264
RA-MTM,32,55,0.0517129050843914,0.054902106675650465,0.0,0.08220313480212672,True,True,0.5892857142857143,66.50067694298879,72.70622555311576,2.4796477750455135,595.1154660109232
RA-MTM,32,56,0.004725571047500843,0.00015735939933036273,0.0,0.000561313503258809,True,True,0.647887323943662,23.561687408290105,24.128755933990206,1.0525123649473762,252.60296758737027
RA-MTM,32,53,0.03504623841772473,0.011655460149344184,0.0,0.04337957175105807,True,True,0.1873065015479876,72.91083261034574,68.70528400021877,11.524118436542459,2765.78842477019
RA-MTM,32,58,0.034889273524251065,,,,False,True,,25.470525550970496,29.657238373880624,0.249748696767174,59.93968722412176
RA-MTM,33,50,0.008333333333333333,0.04337957175105807,0.0,0.0,True,True,0.09523809523809523,19.205684195239407,18.205684195239407,0.035678385252453426,8.562812460588823
RA-MTM,33,55,0.0025009862507291794,0.05421389133512058,0.0,0.1364170261372473,True,False,0.24285714285714285,69.76388542212297,69.46376707203547,2.176381500399659,522.3315600959182
RA-MTM,33,56,0.008333333333333333,0.0036077622858324905,0.0,0.0030464487825736814,True,True,0.3597560975609756,27.0909269453059,28.0909269453059,2.9256275907011813,702.1506217682835
RA-MTM,33,53,0.008333333333333333,0.04337957175105807,1.1102230246251565e-16,0.0,True,True,0.46594427244582043,84.32073080121035,85.32073080121035,5.369596980494241,1288.703275318618
RA-MTM,34,59,0.07772059514803308,,,,False,True,,46.741847363452806,37.41537594568884,0.035678385252453426,8.562812460588823
RA-MTM,34,55,0.06407068679194197,0.06657167304267114,4.440892098500626e-16,0.06984535309457615,True,False,0.04918032786885246,75.29786842678523,82.98635084181826,0.10703515575736029,25.68843738176647
RA-MTM,34,60,0.04974158941471482,,,,False,False,,85.96001914848401,91.92900987824979,0.19623111888849387,47.09546853323853
RA-MTM,34,56,0.061053928481366405,0.052720595148033074,1.1102230246251565e-16,0.055767043930606754,True,True,0.6038461538461538,31.726153057846822,39.05262447561079,4.513315734435358,1083.195776264486
RA-MTM,34,53,0.04226278844848442,0.05059612178181775,0.0,0.05059612178181775,True,True,0.32131147540983607,87.07622725472827,82.00469264091014,1.8195976478751248,436.70343549002996
RA-MTM,35,61,0.07648079856314235,,,,False,True,,37.249323878114275,28.071628050537193,0.23190950414094727,55.65828099382735
RA-MTM,35,55,0.07648079856314235,0.012410111771200386,0.0,0.05743524132337576,True,True,0.026200873362445413,85.23368923032466,94.41138505790174,4.085175111405918,980.4420267374203
RA-MTM,35,62,0.0598141318964758,,,,False,True,,100.00980973159211,92.83211390401502,0.23190950414094727,55.65828099382735
RA-MTM,35,56,0.02335659713092409,0.037697331350442315,1.1102230246251565e-16,0.01806971258016444,True,True,0.6216216216216216,37.55811472067347,40.360906376384364,7.260551398874273,1742.5323357298255
RA-MTM,35,53,0.04041477933711875,0.0018480091113656746,0.0,0.04874811267045208,True,True,0.4803921568627451,93.09334802529052,88.24357450483627,0.874120438685109,209.78890528442616
RA-MTM,36,61,0.05524734779050308,0.021233450772639273,0.0,0.021233450772639273,True,True,0.2653061224489796,39.311454127585705,32.681772392725335,0.874120438685109,209.78890528442616
RA-MTM,36,63,0.05524734779050308,,,,False,True,,96.71488422428453,103.3445659591449,0.017839192626226713,4.281406230294412
RA-MTM,36,55,0.05524734779050308,0.021233450772639273,0.0,0.07866869209601504,True,False,0.22270742358078602,88.23606564525588,94.86574738011625,0.9097988239375624,218.35171774501498
RA-MTM,36,56,0.0010173538366332834,0.024373950967557376,1.942890293094024e-16,0.006304238387392936,True,True,0.7281746031746031,44.04713663195304,43.92505417155704,8.277385378569196,1986.572490856607
RA-MTM,36,53,0.05524734779050308,0.014832568453384336,0.0,0.06358068112383641,True,True,0.061224489795918366,98.75460001452257,92.1249182796622,0.053517577878680146,12.844218690883235
RA-MTM,37,61,0.10695992548372744,0.05171257769322436,0.0,0.03047912692058509,True,True,0.4875,44.09021683614338,31.255025778096083,1.24874348383587,299.6984361206088
RA-MTM,37,63,0.06643069083191062,0.01118334304140755,0.0,0.01118334304140755,True,True,0.1111111111111111,97.39478948769722,105.3664723875265,0.16055273363604042,38.5326560726497
RA-MTM,37,55,0.06156844340158554,0.006321095611082465,0.0,0.07234759648493257,True,False,0.11764705882352941,89.57587895845143,96.96409216664169,0.10703515575736029,25.68843738176647
RA-MTM,37,64,0.09029325881706071,,,,False,True,,21.245399985477434,32.08059104352472,0.053517577878680146,12.844218690883235
RA-MTM,37,56,0.008240252672956139,0.009257606509589423,0.0,0.002953368122196487,True,False,0.08620689655172414,37.86908367591737,38.85791399667211,0.7135677050490686,171.25624921177646
RA-MTM,37,65,0.028736886990212557,,,,False,True,,74.2780105316662,70.82958409284069,0.124874348383587,29.96984361206088
RA-MTM,38,61,0.06422802684493287,0.04273189863879458,0.0,0.012252771718209488,True,True,0.2,41.351169917823725,33.64380669643178,0.249748696767174,59.93968722412176
RA-MTM,38,63,0.0531570167585721,0.013273674073338525,0.0,0.0020903310319309774,True,True,0.04225352112676056,90.17438711286394,96.55322912389259,3.79974802938629,911.9395270527096
RA-MTM,38,66,0.03255559004801268,,,,False,False,,49.12151578539717,53.02818659115869,0.21407031151472058,51.37687476353294
RA-MTM,38,56,0.04756136017826611,0.03932110750530997,0.0,0.042274475627506455,True,False,0.09302325581395349,28.53009923632754,34.237462457719474,0.124874348383587,29.96984361206088
RA-MTM,38,67,0.030987069618768064,,,,False,False,,44.30987853663054,48.02832689088271,0.23190950414094727,55.65828099382735
RA-MTM,39,68,0.038898821897828326,,,,False,True,,20.22554209035842,15.557683462619021,0.035678385252453426,8.562812460588823
RA-MTM,39,61,0.038898821897828326,0.02532920494710454,0.0,0.03758197666531403,True,True,0.47368421052631576,43.245191723044755,38.577333095305356,0.249748696767174,59.93968722412176
RA-MTM,39,69,0.038898821897828326,,,,False,False,,36.543268412262655,41.211127040002054,0.2854270820196274,68.50249968471059
RA-MTM,39,67,0.038898821897828326,0.007911752279060262,0.0,0.007911752279060262,True,False,0.07407407407407407,56.509819647814936,61.177678275554335,0.8027636681802022,192.66328036324853
RA-MTM,40,68,0.008333333333333333,0.03056548856449499,1.1102230246251565e-16,0.03056548856449499,True,True,0.4,20.02157051133462,19.02157051133462,0.08919596313113358,21.407031151472058
RA-MTM,40,67,0.008333333333333333,0.03056548856449499,0.0,0.02265373628543473,True,True,0.027846534653465347,61.21676115209741,62.21676115209741,28.82813528398237,6918.752468155769
RA-MTM,41,70,0.008333333333333333,,,,False,True,,20.93944261694173,19.93944261694173,0.3567838525245343,85.62812460588823
RA-MTM,41,71,0.008333333333333333,,,,False,False,,92.63545264380846,93.63545264380846,0.17839192626226716,42.814062302944116
RA-MTM,41,72,0.008333333333333333,,,,False,False,,62.737513297424705,63.737513297424705,0.6778893197966152,162.69343675118765
RA-MTM,41,67,0.005346572891002488,0.013679906224335821,0.0,0.03633364250977055,True,False,0.05136138613861386,52.23433506367213,51.59274631675183,1.4806529879768173,355.35671711443615
RA-MTM,42,73,0.093037252053999,,,,False,False,,40.41872841371491,29.25425816723503,0.624371741917935,149.8492180603044
RA-MTM,42,71,0.016583964333647335,0.008250631000314002,4.440892098500626e-16,0.008250631000314002,True,False,0.034482758620689655,81.35371427297477,83.34378999301245,5.173365861605747,1241.6078067853794
RA-MTM,42,67,0.012715124810300201,0.018061697701302688,2.220446049250313e-16,0.018271944808467864,True,False,0.3855421686746988,57.13164966997778,58.65746464721381,0.5708541640392548,137.00499936942117
RA-MTM,42,74,0.07637058538733234,,,,False,True,,20.808318030426427,29.972788276906307,0.249748696767174,59.93968722412176
RA-MTM,43,75,0.08546918925924132,,,,False,True,,56.99555376843318,46.739251057324225,1.320100254340777,316.8240610417865
RA-MTM,43,76,0.08546918925924132,,,,False,False,,76.31772632190423,86.57402903301319,0.053517577878680146,12.844218690883235
RA-MTM,43,71,0.03466097178652537,0.0512449361201727,1.6653345369377348e-16,0.0429943051198587,True,True,0.26109660574412535,89.35922520871112,85.19990859432808,3.4429641768617563,826.3114024468215
RA-MTM,43,67,0.06880252259257472,0.05608739778227451,0.0,0.037815452973806646,True,True,0.06741573033707865,40.44130234340929,48.697605054518256,4.513315734435358,1083.195776264486
RA-MTM,44,75,0.08003727075146788,0.005431918507773433,1.3877787807814457e-16,0.005431918507773433,True,True,0.10655737704918032,39.90378377158924,30.299311281413093,1.0881907501998296,261.1657800479591
RA-MTM,44,76,0.17073799815826848,0.2562071874175098,0.0,0.2562071874175098,True,True,0.011194029850746268,82.20854729818878,61.71998751919656,4.78090362382876,1147.4168697189023
RA-MTM,44,71,0.05068086863132327,0.08534184041784863,0.0,0.04234753529798994,True,True,0.27586206896551724,94.70607321874702,100.78777745450581,1.1773867133309632,282.57281119943116
RA-MTM,44,67,0.1874046648249351,0.11860214223236039,1.6653345369377348e-16,0.15641759520616702,True,True,0.7228571428571429,42.48758300095638,64.97614277994859,6.24371741917935,1498.492180603044
RA-MTM,45,75,0.02290720493987024,0.057130065811597644,1.6653345369377348e-16,0.06256198431937107,True,True,0.7317073170731707,41.41592280005351,38.66705820726908,1.444974602724364,346.79390465384733
RA-MTM,45,77,0.02290720493987024,,,,False,False,,94.6751684340465,97.42403302683093,0.07135677050490685,17.125624921177646
RA-MTM,45,76,0.01484094331251479,0.18557894147078327,0.0,0.07062824594672652,True,True,0.22591362126245848,90.87846973538555,92.65938293288733,1.801758455248898,432.42202925973555
RA-MTM,45,71,0.02290720493987024,0.07358807357119351,0.0,0.031240538273203573,True,True,0.5362318840579711,93.24736738087994,90.49850278809551,0.7135677050490686,171.25624921177646
RA-MTM,45,67,0.022498994316444747,0.16490567050849034,0.0,0.008488075302323317,True,True,0.7191489361702128,46.5637062464015,49.26358556437487,8.170350222811836,1960.8840534748406
RA-MTM,46,75,0.08561458501279162,0.06270738007292138,0.0,0.00014539575355030366,True,True,0.79,40.622699992738724,30.34894979120373,1.748240877370218,419.5778105688523
RA-MTM,46,77,0.01984996115053678,0.00305724378933346,0.0,0.00305724378933346,True,True,0.2,94.6751684340465,97.05716377211091,0.035678385252453426,8.562812460588823
RA-MTM,46,76,0.02612035499358001,0.011279411681065218,0.0,0.05934883426566131,True,False,0.06363636363636363,95.56754409227565,98.70198669150525,0.2854270820196274,68.50249968471059
RA-MTM,46,78,0.05178005084063599,,,,False,True,,98.09662717896192,104.31023327983824,0.5530149714130281,132.72359313912676
RA-MTM,46,79,0.06894791834612489,,,,False,True,,23.12821456108177,31.401964762616757,0.46381900828189454,111.3165619876547
RA-MTM,46,67,0.0029451052833541287,0.025444099599798875,0.0,0.03393217490212219,True,True,0.10043668122270742,45.145548049353486,44.79213541535099,0.8206028608064289,196.94468659354294
RA-MTM,47,75,0.10534130719696609,0.019726722184174476,0.0,0.019872117937724778,True,True,0.05102040816326531,40.0107852556673,27.36982839203137,0.08919596313113358,21.407031151472058
RA-MTM,47,78,0.04706666944202217,0.004713381398613829,0.0,0.004713381398613829,True,True,0.09012875536480687,89.41581157580953,95.06381190885219,3.9781399556485573,954.7535893556537
RA-MTM,47,80,0.10534130719696613,,,,False,False,,44.70213157321477,32.061174709578836,0.07135677050490685,17.125624921177646
RA-MTM,47,81,0.059656077615114475,,,,False,False,,38.17504104445308,45.33377035826682,0.7135677050490686,171.25624921177646
RA-MTM,47,79,0.08867464053029937,0.019726722184174476,0.0,0.019726722184174476,True,True,0.4230769230769231,21.987114818291264,32.62807168192719,0.19623111888849387,47.09546853323853
RA-MTM,47,67,0.04521450085857991,0.04815960614193404,1.942890293094024e-16,0.01422743123981185,True,True,0.3472222222222222,56.64046811019618,62.06620821322577,0.9097988239375624,218.35171774501498
RA-MTM,48,75,0.05047274921605949,0.05486855798090661,0.0,0.03499644004318183,True,True,0.04032258064516129,34.89833632336103,28.84160641743389,2.2120598856521125,530.894372556507
RA-MTM,48,78,0.050472749216059515,0.003406079774037352,0.0,0.0013073016245764772,True,True,0.75,90.96847679493375,97.02520670086089,3.514320947366663,843.4370273679991
RA-MTM,48,79,0.05047274921605949,0.038201891314239886,0.0,0.01847516913006541,True,True,0.1774193548387097,26.114398968626286,32.171128874553425,1.1060299428260563,265.4471862782535
RA-MTM,48,67,0.019468252991648248,0.025746247866931662,2.220446049250313e-16,0.011518816627119814,True,True,0.3128834355828221,60.47551656459534,62.81170692359313,2.907788398074955,697.8692155379891
RA-MTM,49,75,0.029172510773895037,0.02130023844216445,0.0,0.05629667848534628,True,True,0.2903225806451613,35.41009297324153,31.909391680374128,0.6422109345441617,154.1306242905988
RA-MTM,49,78,0.029172510773895037,0.02130023844216448,0.0,0.02260754006674096,True,True,0.9130434782608695,91.02622963341965,94.52693092628705,3.5499993326191164,851.9998398285879
RA-MTM,49,79,0.02858615404344628,0.021886595172613207,0.0,0.04036176430267861,True,True,0.275,31.702534459373823,35.132872944587376,2.5331653529241933,607.9596847018064
RA-MTM,49,82,0.02608992629596892,,,,False,True,,52.860994734166894,55.991785889683165,0.07135677050490685,17.125624921177646
RA-MTM,49,67,0.009784054212567858,0.009684198779080392,0.0,0.021203015406200208,True,True,0.03680981595092025,71.21843684630916,72.3925233518173,0.10703515575736029,25.68843738176647
RA-MTM,50,78,0.008333333333333333,0.020839177440561702,0.0,0.04344671750730266,True,True,0.7638190954773869,92.90383630041873,93.90383630041873,2.7115572791864606,650.7737470047506
RA-MTM,50,83,0.008333333333333333,,,,False,True,,20.22554209035842,19.22554209035842,0.07135677050490685,17.125624921177646
RA-MTM,50,79,0.008333333333333333,0.036919487376779615,1.1102230246251565e-16,0.07728125167945823,True,True,0.20064724919093851,48.66131789968124,47.66131789968124,4.085175111405918,980.4420267374203
RA-MTM,51,84,0.041526060622769645,,,,False,True,,36.502474096457966,31.51934682172561,3.121858709589675,749.246090301522
RA-MTM,51,78,0.04152606062276962,0.03319272728943628,0.0,0.010253990217866379,True,True,0.5,85.03348557032277,90.01661284505512,5.423114558372921,1301.5474940095012
RA-MTM,51,83,0.03488290666366322,0.04321623999699655,0.0,0.04321623999699655,True,True,0.03773584905660377,30.289422828985675,34.47537162862526,1.8909544183800318,453.82906041120765
RA-MTM,51,79,0.010060948795674858,0.01839428212900819,0.0,0.05888696955045004,True,True,0.24034334763948498,60.475933684388885,61.68324753986987,1.070351557573603,256.8843738176647
RA-MTM,52,84,0.008333333333333333,0.03319272728943631,1.6653345369377348e-16,0.03319272728943631,True,True,0.5722222222222222,40.43383741956853,39.43383741956853,1.9266328036324853,462.39187287179647
RA-MTM,52,78,0.008333333333333333,0.03319272728943628,0.0,0.04344671750730266,True,True,0.762214983713355,85.90525117559696,86.90525117559696,4.227888652415731,1014.6932765797756
RA-MTM,52,85,0.008333333333333333,,,,False,False,,66.11914737071409,67.11914737071409,0.017839192626226713,4.281406230294412
RA-MTM,52,86,0.008333333333333333,,,,False,False,,64.07943158047605,65.07943158047605,0.017839192626226713,4.281406230294412
RA-MTM,52,83,0.008333333333333333,0.04321623999699655,0.0,0.0,True,True,0.12282734646581692,56.00092802192034,55.00092802192034,15.395223236433655,3694.853576744077
RA-MTM,53,84,0.029564297053716437,0.021230963720383102,0.0,0.011961763569053208,True,True,0.009174311926605505,20.22554209035842,16.677826443912448,0.035678385252453426,8.562812460588823
RA-MTM,53,87,0.03446855151644647,,,,False,True,,61.01985789511902,56.88363171314544,0.17839192626226716,42.814062302944116
RA-MTM,53,78,0.020860258892154822,0.012526925558821489,1.3877787807814457e-16,0.03091979194848117,True,True,0.7949790794979079,89.02345593192867,91.52668699898724,3.4251249842355294,822.029996216527
RA-MTM,53,88,0.017801884849779803,,,,False,False,,62.03971579023803,59.90348960826445,0.017839192626226713,4.281406230294412
RA-MTM,53,83,0.03446855151644647,0.0428018848497798,0.0,0.0428018848497798,True,True,0.8103448275862069,59.44709951191579,63.583325693889364,12.701505149873421,3048.3612359696212
RA-MTM,54,84,0.040058431275949664,0.010494134222233227,0.0,0.00146762934681998,True,True,1.0,20.22554209035842,15.41853033724446,0.035678385252453426,8.562812460588823
RA-MTM,54,87,0.08585273802048074,0.12032128953692721,2.220446049250313e-16,0.12032128953692721,True,True,0.2631578947368421,61.66397867098364,71.96630723344133,0.6778893197966152,162.69343675118765
RA-MTM,54,78,0.04564324961865201,0.02478299072649719,0.0,0.006136801221983982,True,True,0.5677083333333334,93.45882415546414,98.93601410970238,1.944471996258712,466.6732791020909
RA-MTM,54,89,0.1450216906644716,,,,False,False,,53.88085262928591,71.2834555090225,0.017839192626226713,4.281406230294412
RA-MTM,54,90,0.07420176865938201,,,,False,False,,64.07943158047605,72.9836438196019,0.035678385252453426,8.562812460588823
RA-MTM,54,83,0.024976565599954627,0.059445117116401096,0.0,0.016643232266621292,True,True,0.19241573033707865,32.858380397051626,29.86119252505707,2.44396938979306,586.5526535503344
RA-MTM,54,91,0.16168835733113826,,,,False,True,,89.99874686618371,70.59614398644712,0.7314068976752953,175.53765544207087
RA-MTM,55,84,0.10365740905427986,0.14371584033022952,0.0,0.1451834696770495,True,True,0.2857142857142857,21.245399985477434,33.68428907199102,0.124874348383587,29.96984361206088
RA-MTM,55,87,0.07713894260625404,0.008713795414226707,0.0,0.1116074941227005,True,True,0.2823529411764706,51.84113683904788,61.09780995179836,1.2665826764620967,303.9798423509032
RA-MTM,55,78,0.04484241028941689,0.0008008393292351219,0.0,0.006937640551219104,True,True,0.7203389830508474,91.6589929569923,97.04008219172232,1.6768841068653113,402.4521856476747
RA-MTM,55,92,0.09311285478395957,,,,False,True,,23.0131536703504,11.839611096275249,0.2675878893934007,64.22109345441618
RA-MTM,55,83,0.10866496529694505,0.08368839969699042,0.0,0.10033163196361171,True,True,0.20422535211267606,44.64213993232543,31.602344096692022,0.6065325492917083,145.56781183001
RA-MTM,56,84,0.16116389317433139,0.057506484120051514,0.0,0.20268995379710103,True,True,0.875,21.500364459257188,40.84003164017695,0.1427135410098137,34.25124984235529
RA-MTM,56,93,0.09137232376325374,,,,False,True,,43.34232104638943,54.30699989797988,0.21407031151472058,51.37687476353294
RA-MTM,56,87,0.07520919676575938,0.0019297458404946492,0.0,0.10967774828220585,True,True,0.2112676056338028,60.0,69.02510361189113,0.2675878893934007,64.22109345441618
RA-MTM,56,78,0.047522587505122026,0.0026801772157051336,0.0,0.00425746333551397,True,True,0.9285714285714286,91.04662139667558,96.74933189729022,1.694723299491538,406.7335918779691
RA-MTM,56,94,0.12321602304429367,,,,False,False,,38.92293683420703,24.137014068891787,0.10703515575736029,25.68843738176647
RA-MTM,56,83,0.17783055984099788,0.06916559454405284,0.0,0.16949722650766455,True,True,0.16216216216216217,61.412110931703296,40.07244375078355,0.9276380165637891,222.6331239753094
RA-MTM,57,84,0.01873161881198075,0.17989551198631212,1.1102230246251565e-16,0.022794441810788896,True,True,0.75,21.585352617183773,19.337558359746083,0.10703515575736029,25.68843738176647
RA-MTM,57,87,0.01873161881198075,0.056477577953778633,0.0,0.053200170328427214,True,True,0.12631578947368421,67.95932574668964,70.20712000412733,1.6412057216128577,393.8893731870859
RA-MTM,57,78,0.01873161881198075,0.028790968693141277,0.0,0.03304843202865525,True,True,0.42105263157894735,94.7261613288025,96.9739555862402,0.7135677050490686,171.25624921177646
RA-MTM,57,95,0.0012867946936877318,,,,False,True,,25.167930351319797,25.01351498807727,0.23190950414094727,55.65828099382735
RA-MTM,57,83,0.01873161881198075,0.15909894102901714,0.0,0.010398285478647414,True,True,0.12682926829268293,67.71609558697358,65.46830132953589,7.314068976752953,1755.3765544207088
RA-MTM,58,87,0.07750556061179216,0.0962371794237729,0.0,0.043037009095345684,True,True,0.33695652173913043,71.84351104009177,62.54284376667671,0.5530149714130281,132.72359313912676
RA-MTM,58,96,0.07750556061179216,,,,False,False,,66.11914737071409,56.81848009729903,0.017839192626226713,4.281406230294412
RA-MTM,58,97,0.0579746888807076,,,,False,False,,50.203996533725295,43.24703386804038,1.3557786395932303,325.3868735023753
RA-MTM,58,98,0.03715932551996861,,,,False,False,,59.83002368414683,64.28914274654306,0.21407031151472058,51.37687476353294
RA-MTM,58,99,0.07750556061179216,,,,False,True,,55.92056841952393,65.22123569293899,0.16055273363604042,38.5326560726497
RA-MTM,58,83,0.05136326692752604,0.07009488573950678,0.0,0.05969660026085937,True,True,0.12926829268292683,89.36421033870971,95.52780237001284,0.9454772091900159,226.91453020560382
