t,kind,order,SNS,TW1,TW3,sse,passes_guard
0,tmtm,"(np.int64(0),)",0.0,,,0.0,True
0,free,"(0,)",0.0,,,0.0,True
0,same_history,"(0,)",0.0,,,0.0,True
1,tmtm,"(np.int64(0),)",0.0,,,0.0,True
1,free,"(0,)",0.0,,,0.0,True
1,same_history,"(0,)",0.0,,,0.0,True
2,tmtm,"(np.int64(0),)",0.0,,,0.0,True
2,free,"(0,)",0.0,,,0.0,True
2,same_history,"(0,)",0.0,,,0.0,True
3,tmtm,"(np.int64(0),)",0.0,,,0.0,True
3,free,"(0,)",0.0,,,0.0,True
3,same_history,"(0,)",0.0,,,0.0,True
4,tmtm,"(np.int64(0),)",0.0,,,0.0,True
4,free,"(0,)",0.0,,,0.0,True
4,same_history,"(0,)",0.0,,,0.0,True
5,tmtm,"(np.int64(0),)",0.0,,,0.0,True
5,free,"(0,)",0.0,,,0.0,True
5,same_history,"(0,)",0.0,,,0.0,True
6,tmtm,"(np.int64(0),)",0.0,,,0.0,True
6,free,"(0,)",0.0,,,0.0,True
6,same_history,"(0,)",0.0,,,0.0,True
7,tmtm,"(np.int64(0),)",0.0,,,0.0,True
7,free,"(0,)",0.0,,,0.0,True
7,same_history,"(0,)",0.0,,,0.0,True
8,tmtm,"(np.int64(0), np.int64(1))",0.0,,,845.467455621302,False
8,tmtm,"(np.int64(1), np.int64(0))",0.0,,,845.467455621302,False
8,free,"(0, 1)",0.0,,,2.0194839173657902e-28,True
8,free,"(1, 0)",0.0,,,2.0194839173657902e-28,True
8,same_history,"(0, 1)",0.0,,,0.0,True
8,same_history,"(1, 0)",0.0,,,0.0,True
9,tmtm,"(np.int64(0), np.int64(1))",0.0,,,511.4556213017749,False
9,tmtm,"(np.int64(1), np.int64(0))",0.0,,,511.4556213017749,False
9,free,"(0, 1)",0.0,,,1.135959703518257e-28,True
9,free,"(1, 0)",0.0,,,1.135959703518257e-28,True
9,same_history,"(0, 1)",1.7412897042592793e-32,,,5.32544378698226,True
9,same_history,"(1, 0)",0.0,,,644.378698224852,False
10,tmtm,"(np.int64(0), np.int64(1))",0.0,,,631.7583323142144,False
10,tmtm,"(np.int64(1), np.int64(0))",1.355089264015003e-32,,,687.0545948454544,False
10,free,"(0, 1)",0.0,,,2.0194839173657902e-28,True
10,free,"(1, 0)",0.0,,,2.0194839173657902e-28,True
10,same_history,"(0, 1)",1.355089264015003e-32,,,0.3050113184567878,True
10,same_history,"(1, 0)",1.355089264015003e-32,,,655.7298878483097,False
11,tmtm,"(np.int64(1), np.int64(0), np.int64(2))",0.13763070061618785,0.33333333333333337,,2537.107683108296,False
11,tmtm,"(np.int64(0), np.int64(2), np.int64(1))",0.23349021774028678,0.0,,2457.368798066048,False
11,tmtm,"(np.int64(1), np.int64(2), np.int64(0))",0.21205249431704165,0.0,,2567.8310964557522,False
11,tmtm,"(np.int64(2), np.int64(0), np.int64(1))",0.17324945513159057,0.33333333333333337,,2426.6453847185912,False
11,free,"(0, 2, 1)",0.19553097337583158,0.33333333333333337,,623.616536388007,False
11,free,"(1, 0, 2)",0.08782931024012247,0.6666666666666667,,280.11833265932546,True
11,free,"(1, 2, 0)",0.19553097337583158,0.33333333333333337,,623.616536388007,False
11,free,"(2, 0, 1)",0.08782931024012249,0.6666666666666667,,280.11833265932546,True
11,same_history,"(0, 2, 1)",0.19553778667520605,0.33333333333333337,,645.1767482406863,False
11,same_history,"(1, 0, 2)",0.20422131479773636,0.6666666666666667,,651.853945655518,False
11,same_history,"(1, 2, 0)",0.1967495800022982,0.33333333333333337,,1471.0881150953232,False
11,same_history,"(2, 0, 1)",0.0944138099001871,0.6666666666666667,,307.0297357862782,True
12,tmtm,"(np.int64(0), np.int64(1))",0.0,,,1156.3072312108275,False
12,tmtm,"(np.int64(1), np.int64(0))",0.0,,,1156.3072312108275,False
12,free,"(0, 1)",0.0,,,2.0194839173657902e-28,True
12,free,"(1, 0)",0.0,,,2.0194839173657902e-28,True
12,same_history,"(0, 1)",0.0,,,1300.5802808321826,False
12,same_history,"(1, 0)",0.0,,,10.397539961135967,True
13,tmtm,"(np.int64(0), np.int64(1))",2.5373984761519543e-32,,,1538.3378492525062,False
13,tmtm,"(np.int64(1), np.int64(0))",0.0,,,1623.9750131298158,False
13,free,"(0, 1)",0.0,,,5.048709793414476e-29,True
13,free,"(1, 0)",0.0,,,5.048709793414476e-29,True
13,same_history,"(0, 1)",2.5373984761519543e-32,,,1362.9702866626844,False
13,same_history,"(1, 0)",0.0,,,1.7305784397328874,True
14,tmtm,"(np.int64(0), np.int64(1), np.int64(2))",0.07967440559569622,0.6666666666666667,,4276.677874860226,False
14,tmtm,"(np.int64(1), np.int64(2), np.int64(0))",0.05545012766879447,1.0,,4443.58709773412,False
14,tmtm,"(np.int64(0), np.int64(2), np.int64(1))",0.06355062466633705,1.0,,4264.825817674112,False
14,tmtm,"(np.int64(2), np.int64(1), np.int64(0))",0.07454690656830108,0.6666666666666667,,4455.439154920235,False
14,free,"(0, 1, 2)",0.07388708428719482,0.6666666666666667,,409.7126264061386,False
14,free,"(0, 2, 1)",0.052513226323173096,1.0,,291.1920545449916,True
14,free,"(1, 2, 0)",0.052513226323173116,1.0,,291.1920545449916,True
14,free,"(2, 1, 0)",0.07388708428719479,0.6666666666666667,,409.7126264061386,False
14,same_history,"(0, 1, 2)",0.25858907222134697,0.33333333333333337,,1487.107747186927,False
14,same_history,"(0, 2, 1)",0.08177581178328329,1.0,,2023.1449337240142,False
14,same_history,"(1, 2, 0)",0.052665533208765714,1.0,,330.5048107399683,True
14,same_history,"(2, 1, 0)",0.07454316963751628,0.6666666666666667,,416.0784156310901,False
15,tmtm,"(np.int64(0), np.int64(1), np.int64(2), np.int64(3), np.int64(4))",0.23445385384150796,0.8,,16600.931469917483,False
15,tmtm,"(np.int64(3), np.int64(4), np.int64(0), np.int64(1), np.int64(2))",0.21701376023784244,0.4,,17586.338183100255,False
15,tmtm,"(np.int64(2), np.int64(0), np.int64(1), np.int64(3), np.int64(4))",0.29565467244730903,0.6,,16827.418809871448,False
15,tmtm,"(np.int64(3), np.int64(4), np.int64(2), np.int64(0), np.int64(1))",0.20414045765596386,0.9333333333333333,,17550.444021655865,False
15,tmtm,"(np.int64(0), np.int64(1), np.int64(2), np.int64(4), np.int64(3))",0.192050338504341,0.8666666666666667,,16985.834500273744,False
15,tmtm,"(np.int64(4), np.int64(3), np.int64(0), np.int64(1), np.int64(2))",0.2550735566265677,0.8,,17187.51799298068,False
15,tmtm,"(np.int64(2), np.int64(0), np.int64(1), np.int64(4), np.int64(3))",0.2626477059157466,0.5333333333333333,,17212.321840227713,False
15,tmtm,"(np.int64(4), np.int64(3), np.int64(2), np.int64(0), np.int64(1))",0.2440443197663874,0.6,,17151.623831536286,False
15,tmtm,"(np.int64(1), np.int64(0), np.int64(2), np.int64(3), np.int64(4))",0.24878019675036656,0.7333333333333334,,16653.11291038633,False
15,tmtm,"(np.int64(3), np.int64(4), np.int64(1), np.int64(0), np.int64(2))",0.26567181962494923,0.4,,17724.74992114098,False
15,tmtm,"(np.int64(2), np.int64(1), np.int64(0), np.int64(3), np.int64(4))",0.2585563335882921,0.7333333333333334,,16689.007071830725,False
15,tmtm,"(np.int64(3), np.int64(4), np.int64(2), np.int64(1), np.int64(0))",0.18523856988039794,0.9333333333333333,,17498.262581187017,False
15,tmtm,"(np.int64(1), np.int64(0), np.int64(2), np.int64(4), np.int64(3))",0.2086016733338301,0.8,,17038.015940742596,False
15,tmtm,"(np.int64(4), np.int64(3), np.int64(1), np.int64(0), np.int64(2))",0.29684462452374116,0.5333333333333333,,17325.929731021406,False
15,tmtm,"(np.int64(2), np.int64(1), np.int64(0), np.int64(4), np.int64(3))",0.2198874382620947,0.6,,17073.910102186986,False
15,tmtm,"(np.int64(4), np.int64(3), np.int64(2), np.int64(1), np.int64(0))",0.22786591478327667,0.6666666666666667,,17099.442391067438,False
15,free,"(0, 1, 2, 3, 4)",0.2079030883622947,0.6666666666666667,,4508.91360630463,False
15,free,"(0, 1, 2, 4, 3)",0.17806522679763626,0.9333333333333333,,3861.802776678676,True
15,free,"(1, 0, 2, 3, 4)",0.222339403061469,0.6666666666666667,,4822.002249117728,False
15,free,"(1, 0, 2, 4, 3)",0.19250154149681054,0.9333333333333333,,4174.891419491774,False
15,free,"(2, 0, 1, 3, 4)",0.28318863881698636,0.7333333333333334,,6141.674550248628,False
15,free,"(2, 0, 1, 4, 3)",0.2533507772523279,0.7333333333333334,,5494.563720622675,False
15,free,"(2, 1, 0, 3, 4)",0.24489618482449088,0.7333333333333334,,5311.204122004283,False
15,free,"(2, 1, 0, 4, 3)",0.21505832325983246,0.4,,4664.09329237833,False
15,free,"(3, 4, 0, 1, 2)",0.21505832325983246,0.4,,4664.09329237833,False
15,free,"(3, 4, 1, 0, 2)",0.2533507772523279,0.7333333333333334,,5494.563720622676,False
15,free,"(3, 4, 2, 0, 1)",0.19250154149681054,0.9333333333333333,,4174.891419491774,False
15,free,"(3, 4, 2, 1, 0)",0.1780652267976362,0.9333333333333333,,3861.8027766786754,True
15,free,"(4, 3, 0, 1, 2)",0.24489618482449088,0.7333333333333334,,5311.204122004283,False
15,free,"(4, 3, 1, 0, 2)",0.28318863881698636,0.7333333333333334,,6141.674550248628,False
15,free,"(4, 3, 2, 0, 1)",0.222339403061469,0.6666666666666667,,4822.002249117727,False
15,free,"(4, 3, 2, 1, 0)",0.2079030883622947,0.6666666666666667,,4508.913606304629,False
15,same_history,"(0, 1, 2, 3, 4)",0.24190440979987557,0.5333333333333333,,6493.900089749374,False
15,same_history,"(0, 1, 2, 4, 3)",0.20777680935274623,0.9333333333333333,,6076.233384398365,False
15,same_history,"(1, 0, 2, 3, 4)",0.2778050279578435,0.4,,6423.936582821355,False
15,same_history,"(1, 0, 2, 4, 3)",0.2514463912549352,0.6666666666666667,,6006.269469762097,False
15,same_history,"(2, 0, 1, 3, 4)",0.32024309915558835,0.7333333333333334,,7167.943695977821,False
15,same_history,"(2, 0, 1, 4, 3)",0.29571905390016434,0.7333333333333334,,6750.276551620671,False
15,same_history,"(2, 1, 0, 3, 4)",0.28590011759114387,0.7333333333333334,,6224.570868316787,False
15,same_history,"(2, 1, 0, 4, 3)",0.2649142155934016,0.4,,5806.903768920566,False
15,same_history,"(3, 4, 0, 1, 2)",0.2167405792914029,0.6,,4707.638607055353,False
15,same_history,"(3, 4, 1, 0, 2)",0.2534230200753773,0.7333333333333334,,5496.3465927508805,False
15,same_history,"(3, 4, 2, 0, 1)",0.19273672744595635,0.9333333333333333,,4186.052911422969,False
15,same_history,"(3, 4, 2, 1, 0)",0.17883858201297728,0.9333333333333333,,3938.0921342939673,True
15,same_history,"(4, 3, 0, 1, 2)",0.2541449962259967,0.7333333333333334,,5515.269872381233,False
15,same_history,"(4, 3, 1, 0, 2)",0.29066379451171187,0.7333333333333334,,6303.978074861816,False
15,same_history,"(4, 3, 2, 0, 1)",0.2297111964157276,0.6666666666666667,,4993.684393829786,False
15,same_history,"(4, 3, 2, 1, 0)",0.21516486268110863,0.6666666666666667,,4745.7236155109895,False
16,tmtm,"(np.int64(0), np.int64(1), np.int64(3), np.int64(2), np.int64(4))",0.2278659147832766,0.6666666666666667,,17099.442391067438,False
16,tmtm,"(np.int64(2), np.int64(4), np.int64(0), np.int64(1), np.int64(3))",0.21988743826209461,0.6,,17073.91010218699,False
16,tmtm,"(np.int64(0), np.int64(1), np.int64(3), np.int64(4), np.int64(2))",0.18523856988039797,0.9333333333333333,,17498.26258118701,False
16,tmtm,"(np.int64(4), np.int64(2), np.int64(0), np.int64(1), np.int64(3))",0.25855633358829205,0.7333333333333334,,16689.00707183073,False
16,tmtm,"(np.int64(1), np.int64(3), np.int64(0), np.int64(2), np.int64(4))",0.26257666693605564,0.6666666666666667,,17212.08861128224,False
16,tmtm,"(np.int64(2), np.int64(4), np.int64(1), np.int64(3), np.int64(0))",0.25421397574610355,0.4666666666666667,,17184.711018060425,False
16,tmtm,"(np.int64(1), np.int64(3), np.int64(0), np.int64(4), np.int64(2))",0.22576539920448008,0.4,,17610.908801401813,False
16,tmtm,"(np.int64(4), np.int64(2), np.int64(1), np.int64(3), np.int64(0))",0.28833019459457526,0.5333333333333333,,16799.80798770416,False
16,tmtm,"(np.int64(0), np.int64(3), np.int64(1), np.int64(2), np.int64(4))",0.2886082231280206,0.4666666666666667,,17298.31890885412,False
16,tmtm,"(np.int64(2), np.int64(4), np.int64(0), np.int64(3), np.int64(1))",0.22756614964403848,0.4666666666666667,,17098.48072048855,False
16,tmtm,"(np.int64(0), np.int64(3), np.int64(1), np.int64(4), np.int64(2))",0.25608997358576313,0.4,,17697.13909897369,False
16,tmtm,"(np.int64(4), np.int64(2), np.int64(0), np.int64(3), np.int64(1))",0.26521147295487424,0.6,,16713.577690132286,False
16,tmtm,"(np.int64(3), np.int64(1), np.int64(0), np.int64(2), np.int64(4))",0.25507355662656767,0.8,,17187.51799298068,False
16,tmtm,"(np.int64(2), np.int64(4), np.int64(3), np.int64(1), np.int64(0))",0.19205033850434095,0.8,,16985.834500273748,False
16,tmtm,"(np.int64(3), np.int64(1), np.int64(0), np.int64(4), np.int64(2))",0.21701376023784247,0.4,,17586.33818310025,False
16,tmtm,"(np.int64(4), np.int64(2), np.int64(3), np.int64(1), np.int64(0))",0.2344538538415079,0.8,,16600.931469917483,False
16,free,"(0, 1, 3, 2, 4)",0.2079030883622946,0.6666666666666667,,4508.913606304629,False
16,free,"(0, 1, 3, 4, 2)",0.17806522679763617,0.9333333333333333,,3861.802776678675,True
16,free,"(0, 3, 1, 2, 4)",0.26941777141916123,0.6,,5843.017845003016,False
16,free,"(0, 3, 1, 4, 2)",0.23957990985450278,0.6,,5195.907015377063,False
16,free,"(1, 3, 0, 2, 4)",0.25249614591669534,0.6,,5476.028840318768,False
16,free,"(1, 3, 0, 4, 2)",0.22265828435203688,0.4,,4828.918010692813,False
16,free,"(2, 4, 0, 1, 3)",0.21505832325983237,0.4,,4664.093292378329,False
16,free,"(2, 4, 0, 3, 1)",0.22265828435203688,0.4,,4828.918010692814,False
16,free,"(2, 4, 1, 3, 0)",0.23957990985450278,0.6,,5195.907015377062,False
16,free,"(2, 4, 3, 1, 0)",0.17806522679763617,0.9333333333333333,,3861.8027766786754,True
16,free,"(3, 1, 0, 2, 4)",0.24489618482449088,0.7333333333333334,,5311.204122004283,False
16,free,"(3, 1, 0, 4, 2)",0.21505832325983237,0.4,,4664.093292378329,False
16,free,"(4, 2, 0, 1, 3)",0.24489618482449083,0.7333333333333334,,5311.204122004283,False
16,free,"(4, 2, 0, 3, 1)",0.25249614591669534,0.6,,5476.028840318767,False
16,free,"(4, 2, 1, 3, 0)",0.26941777141916123,0.6,,5843.017845003016,False
16,free,"(4, 2, 3, 1, 0)",0.2079030883622946,0.6666666666666667,,4508.913606304628,False
16,same_history,"(0, 1, 3, 2, 4)",0.23026997122719506,0.5333333333333333,,7842.6056858273,False
16,same_history,"(0, 1, 3, 4, 2)",0.17818507950920054,0.9333333333333333,,7440.189332507175,False
16,same_history,"(0, 3, 1, 2, 4)",0.30426411956351274,0.4,,8923.44349084965,False
16,same_history,"(0, 3, 1, 4, 2)",0.2553221747706999,0.5333333333333333,,8521.02723110771,False
16,same_history,"(1, 3, 0, 2, 4)",0.30625590629328175,0.7333333333333334,,8190.903211985925,False
16,same_history,"(1, 3, 0, 4, 2)",0.26970709597991094,0.4,,7827.275885053997,False
16,same_history,"(2, 4, 0, 1, 3)",0.24333218347122912,0.7333333333333334,,5336.176120676086,False
16,same_history,"(2, 4, 0, 3, 1)",0.2434109093098851,0.5333333333333333,,5310.003649564938,False
16,same_history,"(2, 4, 1, 3, 0)",0.2427379165156981,0.6,,5267.931296648724,False
16,same_history,"(2, 4, 3, 1, 0)",0.17810276092218466,0.9333333333333333,,3865.8654552105136,True
16,same_history,"(3, 1, 0, 2, 4)",0.3042928888773495,0.7333333333333334,,7852.636592869243,False
16,same_history,"(3, 1, 0, 4, 2)",0.2710240370369316,0.4,,7489.009812392013,False
16,same_history,"(4, 2, 0, 1, 3)",0.2801688625498336,0.7333333333333334,,6159.058298966209,False
16,same_history,"(4, 2, 0, 3, 1)",0.28059687973186825,0.5333333333333333,,6132.885912088375,False
16,same_history,"(4, 2, 1, 3, 0)",0.28042373628899453,0.6,,6090.813481657535,False
16,same_history,"(4, 2, 3, 1, 0)",0.21581160459197227,0.6666666666666667,,4688.747753875407,False
17,tmtm,"(np.int64(0), np.int64(1), np.int64(2), np.int64(3))",0.13220154292403918,0.75,,8971.594625803602,False
17,tmtm,"(np.int64(3), np.int64(0), np.int64(1), np.int64(2))",0.3129327332578475,0.25,,10078.912555392144,False
17,tmtm,"(np.int64(2), np.int64(0), np.int64(1), np.int64(3))",0.16227848934369274,0.75,,9554.892395245366,False
17,tmtm,"(np.int64(3), np.int64(2), np.int64(0), np.int64(1))",0.11215372441817682,0.75,,9884.22731963809,False
17,tmtm,"(np.int64(1), np.int64(0), np.int64(2), np.int64(3))",0.11388086791399057,0.875,,9371.714578179368,False
17,tmtm,"(np.int64(3), np.int64(1), np.int64(0), np.int64(2))",0.1603344342528925,0.625,,9725.635466339194,False
17,tmtm,"(np.int64(2), np.int64(1), np.int64(0), np.int64(3))",0.2794125412767987,0.25,,9761.688484519116,False
17,tmtm,"(np.int64(3), np.int64(2), np.int64(1), np.int64(0))",0.14082844115085497,0.75,,9337.626367483124,False
17,free,"(0, 1, 2, 3)",0.13106362925759626,0.75,,1724.9941503549617,True
17,free,"(1, 0, 2, 3)",0.11163797294002947,0.75,,1469.3233459951284,True
17,free,"(2, 0, 1, 3)",0.14935454224313027,0.75,,1965.730028671631,True
17,free,"(2, 1, 0, 3)",0.23979510004267193,0.375,,3156.063563938107,False
17,free,"(3, 0, 1, 2)",0.23979510004267193,0.375,,3156.063563938107,False
17,free,"(3, 1, 0, 2)",0.14935454224313022,0.75,,1965.7300286716313,True
17,free,"(3, 2, 0, 1)",0.11163797294002947,0.75,,1469.3233459951284,True
17,free,"(3, 2, 1, 0)",0.13106362925759626,0.75,,1724.9941503549617,True
17,same_history,"(0, 1, 2, 3)",0.2083219184912998,0.75,,3508.0790687531894,False
17,same_history,"(1, 0, 2, 3)",0.22255775976283737,0.875,,3062.167649899813,False
17,same_history,"(2, 0, 1, 3)",0.26120402612862664,0.75,,5128.934489749174,False
17,same_history,"(2, 1, 0, 3)",0.38453145570980196,0.0,,5453.614298336373,False
17,same_history,"(3, 0, 1, 2)",0.2602623989957379,0.375,,3580.4626714741817,False
17,same_history,"(3, 1, 0, 2)",0.18697070984341144,0.75,,2461.062623373982,True
17,same_history,"(3, 2, 0, 1)",0.20438781769300376,0.875,,3204.1377583872863,False
17,same_history,"(3, 2, 1, 0)",0.22755272438816784,0.375,,3068.399141496831,False
18,tmtm,"(np.int64(0), np.int64(3), np.int64(1), np.int64(2))",0.24209260506675212,0.5,,10497.897076157016,False
18,tmtm,"(np.int64(1), np.int64(2), np.int64(0), np.int64(3))",0.20425866191556027,0.5,,10065.600351027731,False
18,tmtm,"(np.int64(3), np.int64(0), np.int64(1), np.int64(2))",0.3014732504612556,0.5,,10043.207336247295,False
18,tmtm,"(np.int64(1), np.int64(2), np.int64(3), np.int64(0))",0.11822667358522009,0.75,,10538.846303955204,False
18,tmtm,"(np.int64(0), np.int64(3), np.int64(2), np.int64(1))",0.12172104616005447,0.625,,10816.897811944016,False
18,tmtm,"(np.int64(2), np.int64(1), np.int64(0), np.int64(3))",0.2959649386298104,0.5,,9923.751297643666,False
18,tmtm,"(np.int64(3), np.int64(0), np.int64(2), np.int64(1))",0.21638561523728314,0.5,,10334.373752507667,False
18,tmtm,"(np.int64(2), np.int64(1), np.int64(3), np.int64(0))",0.2294056236496331,0.5,,10369.162931044513,False
18,free,"(0, 3, 1, 2)",0.21204115305616525,0.375,,2992.1864233065658,False
18,free,"(0, 3, 2, 1)",0.11433758849710395,0.75,,1613.4574588170965,True
18,free,"(1, 2, 0, 3)",0.19603331948823172,0.375,,2766.29431897607,False
18,free,"(1, 2, 3, 0)",0.11433758849710393,0.75,,1613.4574588170963,True
18,free,"(2, 1, 0, 3)",0.29373688404729303,0.5,,4145.02328346554,False
18,free,"(2, 1, 3, 0)",0.21204115305616525,0.375,,2992.1864233065658,False
18,free,"(3, 0, 1, 2)",0.29373688404729303,0.5,,4145.02328346554,False
18,free,"(3, 0, 2, 1)",0.1960333194882317,0.375,,2766.2943189760704,False
18,same_history,"(0, 3, 1, 2)",0.2328434773687091,0.5,,3655.433621681077,False
18,same_history,"(0, 3, 2, 1)",0.14582914734064747,0.75,,2152.1586379147366,True
18,same_history,"(1, 2, 0, 3)",0.3127722946387979,0.625,,4562.355256651305,False
18,same_history,"(1, 2, 3, 0)",0.18961130269152612,0.5,,4138.574907363311,False
18,same_history,"(2, 1, 0, 3)",0.3613681436461951,0.625,,5102.544464105549,False
18,same_history,"(2, 1, 3, 0)",0.29549297072142866,0.125,,4678.764055010139,False
18,same_history,"(3, 0, 1, 2)",0.3163814199411999,0.5,,4481.8823062203755,False
18,same_history,"(3, 0, 2, 1)",0.2106439963000783,0.5,,2978.6073269280337,False
19,tmtm,"(np.int64(0), np.int64(2), np.int64(1), np.int64(3), np.int64(4))",0.15440812034348442,0.8,,26080.79978030892,False
19,tmtm,"(np.int64(1), np.int64(3), np.int64(4), np.int64(0), np.int64(2))",0.2385740558063983,0.4666666666666667,,28729.195530626643,False
19,tmtm,"(np.int64(2), np.int64(0), np.int64(1), np.int64(3), np.int64(4))",0.14489643212070982,0.8666666666666667,,26729.15240009321,False
19,tmtm,"(np.int64(1), np.int64(3), np.int64(4), np.int64(2), np.int64(0))",0.22973741369959153,0.8666666666666667,,28048.369538061284,False
19,tmtm,"(np.int64(0), np.int64(2), np.int64(4), np.int64(1), np.int64(3))",0.2106418565665325,0.5333333333333333,,26626.14912170051,False
19,tmtm,"(np.int64(4), np.int64(1), np.int64(3), np.int64(0), np.int64(2))",0.2445893581770875,0.33333333333333337,,28544.66126872497,False
19,tmtm,"(np.int64(2), np.int64(0), np.int64(4), np.int64(1), np.int64(3))",0.2075912985616759,0.5333333333333333,,27279.140794739236,False
19,tmtm,"(np.int64(4), np.int64(1), np.int64(3), np.int64(2), np.int64(0))",0.23735781788351387,0.4,,27868.47432941405,False
19,tmtm,"(np.int64(0), np.int64(2), np.int64(3), np.int64(1), np.int64(4))",0.21098842998232292,0.6,,26628.11110046736,False
19,tmtm,"(np.int64(3), np.int64(1), np.int64(4), np.int64(0), np.int64(2))",0.2200005130146418,0.4,,28436.15446415933,False
19,tmtm,"(np.int64(2), np.int64(0), np.int64(3), np.int64(1), np.int64(4))",0.2079722887389964,0.6,,27281.102773506085,False
19,tmtm,"(np.int64(3), np.int64(1), np.int64(4), np.int64(2), np.int64(0))",0.21512137397003772,0.6666666666666667,,27759.96752484841,False
19,tmtm,"(np.int64(0), np.int64(2), np.int64(4), np.int64(3), np.int64(1))",0.22140306102020818,0.8,,27053.722732546525,False
19,tmtm,"(np.int64(4), np.int64(3), np.int64(1), np.int64(0), np.int64(2))",0.15695539122220503,0.8,,28131.88249294523,False
19,tmtm,"(np.int64(2), np.int64(0), np.int64(4), np.int64(3), np.int64(1))",0.21686592789832743,0.8,,27711.353458839687,False
19,tmtm,"(np.int64(4), np.int64(3), np.int64(1), np.int64(2), np.int64(0))",0.16472010548564608,0.7333333333333334,,27460.334606888755,False
19,free,"(0, 2, 1, 3, 4)",0.13658870508273277,0.6666666666666667,,4758.257472596609,False
19,free,"(0, 2, 3, 1, 4)",0.1979316065477472,0.6,,6895.22274443124,False
19,free,"(0, 2, 4, 1, 3)",0.20710668379193412,0.6,,7214.849318475995,False
19,free,"(0, 2, 4, 3, 1)",0.21466498910265686,0.7333333333333334,,7478.153394044538,False
19,free,"(1, 3, 4, 0, 2)",0.21088507506313534,0.7333333333333334,,7346.474832384319,False
19,free,"(1, 3, 4, 2, 0)",0.2146649891026568,0.7333333333333334,,7478.153394044537,False
19,free,"(2, 0, 1, 3, 4)",0.13280879104321128,0.8666666666666667,,4626.57891093639,True
19,free,"(2, 0, 3, 1, 4)",0.1941516925082257,0.6,,6763.544182771022,False
19,free,"(2, 0, 4, 1, 3)",0.20332676975241262,0.6,,7083.170756815777,False
19,free,"(2, 0, 4, 3, 1)",0.21088507506313534,0.7333333333333334,,7346.474832384318,False
19,free,"(3, 1, 4, 0, 2)",0.2033267697524126,0.6,,7083.170756815776,False
19,free,"(3, 1, 4, 2, 0)",0.20710668379193412,0.6,,7214.849318475995,False
19,free,"(4, 1, 3, 0, 2)",0.19415169250822573,0.6,,6763.544182771021,False
19,free,"(4, 1, 3, 2, 0)",0.1979316065477472,0.6,,6895.22274443124,False
19,free,"(4, 3, 1, 0, 2)",0.1328087910432113,0.8666666666666667,,4626.57891093639,True
19,free,"(4, 3, 1, 2, 0)",0.13658870508273277,0.6666666666666667,,4758.257472596609,False
19,same_history,"(0, 2, 1, 3, 4)",0.18823833115887192,0.6,,6847.735634632321,False
19,same_history,"(0, 2, 3, 1, 4)",0.25002398711469154,0.4666666666666667,,9132.448842705855,False
19,same_history,"(0, 2, 4, 1, 3)",0.26092239887439433,0.6,,9213.144585438911,False
19,same_history,"(0, 2, 4, 3, 1)",0.2739591776280008,0.7333333333333334,,9957.771565010902,False
19,same_history,"(1, 3, 4, 0, 2)",0.21134668245758104,0.7333333333333334,,7402.322050304185,False
19,same_history,"(1, 3, 4, 2, 0)",0.2153955159927561,0.7333333333333334,,7504.011665972251,False
19,same_history,"(2, 0, 1, 3, 4)",0.18353993096138838,0.8666666666666667,,7673.00843329451,False
19,same_history,"(2, 0, 3, 1, 4)",0.22742804894159244,0.6,,9967.843698877487,False
19,same_history,"(2, 0, 4, 1, 3)",0.2647976227170233,0.5333333333333333,,9979.824367609637,False
19,same_history,"(2, 0, 4, 3, 1)",0.2524677940899327,0.7333333333333334,,10675.320965394243,False
19,same_history,"(3, 1, 4, 0, 2)",0.20361112258737527,0.6,,7095.925062583578,False
19,same_history,"(3, 1, 4, 2, 0)",0.20811544829293546,0.6,,7263.12376578186,False
19,same_history,"(4, 1, 3, 0, 2)",0.2043111275752604,0.6,,7267.232526212444,False
19,same_history,"(4, 1, 3, 2, 0)",0.20948024452818673,0.6,,7310.329107748887,False
19,same_history,"(4, 3, 1, 0, 2)",0.1489217666770891,0.8,,5352.681340862265,True
19,same_history,"(4, 3, 1, 2, 0)",0.15581235645729594,0.8,,5461.287011376492,False
20,tmtm,"(np.int64(0), np.int64(2), np.int64(4), np.int64(1), np.int64(3), np.int64(5))",0.18357458549551559,0.75,,42493.45985763766,False
20,tmtm,"(np.int64(1), np.int64(3), np.int64(5), np.int64(0), np.int64(2), np.int64(4))",0.21173326307988571,0.75,,43062.30010731601,False
20,tmtm,"(np.int64(0), np.int64(2), np.int64(4), np.int64(3), np.int64(5), np.int64(1))",0.22743297299284243,0.7916666666666666,,43189.80788650113,False
20,tmtm,"(np.int64(3), np.int64(5), np.int64(1), np.int64(0), np.int64(2), np.int64(4))",0.19399463498584432,0.9583333333333334,,42579.041730050114,False
20,tmtm,"(np.int64(2), np.int64(4), np.int64(0), np.int64(1), np.int64(3), np.int64(5))",0.1989844782013261,0.7083333333333333,,42483.88403589817,False
20,tmtm,"(np.int64(1), np.int64(3), np.int64(5), np.int64(2), np.int64(4), np.int64(0))",0.24866616964722582,0.5833333333333333,,43909.48091096432,False
20,tmtm,"(np.int64(2), np.int64(4), np.int64(0), np.int64(3), np.int64(5), np.int64(1))",0.24109407500983887,0.625,,43177.912538134406,False
20,tmtm,"(np.int64(3), np.int64(5), np.int64(1), np.int64(2), np.int64(4), np.int64(0))",0.22983710440959226,0.5833333333333333,,43423.90300707122,False
20,tmtm,"(np.int64(0), np.int64(2), np.int64(4), np.int64(1), np.int64(5), np.int64(3))",0.18216534029445416,0.625,,42481.927479582155,False
20,tmtm,"(np.int64(1), np.int64(5), np.int64(3), np.int64(0), np.int64(2), np.int64(4))",0.23928446235732767,0.75,,43286.922136969086,False
20,tmtm,"(np.int64(0), np.int64(2), np.int64(4), np.int64(5), np.int64(3), np.int64(1))",0.19966988904536492,0.875,,42965.18585684804,False
20,tmtm,"(np.int64(5), np.int64(3), np.int64(1), np.int64(0), np.int64(2), np.int64(4))",0.19539364687690197,0.9583333333333334,,42590.574108105626,False
20,tmtm,"(np.int64(2), np.int64(4), np.int64(0), np.int64(1), np.int64(5), np.int64(3))",0.1976053343418531,0.625,,42472.35165784266,False
20,tmtm,"(np.int64(1), np.int64(5), np.int64(3), np.int64(2), np.int64(4), np.int64(0))",0.2770010083317087,0.45833333333333337,,44134.102940617406,False
20,tmtm,"(np.int64(2), np.int64(4), np.int64(0), np.int64(5), np.int64(3), np.int64(1))",0.21389573481987156,0.7083333333333333,,42953.29050848133,False
20,tmtm,"(np.int64(5), np.int64(3), np.int64(1), np.int64(2), np.int64(4), np.int64(0))",0.231275797201254,0.5833333333333333,,43435.43538512672,False
20,tmtm,"(np.int64(0), np.int64(4), np.int64(2), np.int64(1), np.int64(3), np.int64(5))",0.2173126189576274,0.7916666666666666,,42638.09683013294,False
20,tmtm,"(np.int64(1), np.int64(3), np.int64(5), np.int64(0), np.int64(4), np.int64(2))",0.20886506209227107,0.75,,43600.99705722368,False
20,tmtm,"(np.int64(0), np.int64(4), np.int64(2), np.int64(3), np.int64(5), np.int64(1))",0.2594896998325663,0.7083333333333333,,43332.125332369185,False
20,tmtm,"(np.int64(3), np.int64(5), np.int64(1), np.int64(0), np.int64(4), np.int64(2))",0.19085378749448642,0.9583333333333334,,43115.41915333057,False
20,tmtm,"(np.int64(4), np.int64(2), np.int64(0), np.int64(1), np.int64(3), np.int64(5))",0.19356273594660114,0.875,,42088.997736878075,False
20,tmtm,"(np.int64(1), np.int64(3), np.int64(5), np.int64(4), np.int64(2), np.int64(0))",0.20410406358480987,0.875,,43908.65458935663,False
20,tmtm,"(np.int64(4), np.int64(2), np.int64(0), np.int64(3), np.int64(5), np.int64(1))",0.23407297844691227,0.7916666666666666,,42780.706712487096,False
20,tmtm,"(np.int64(3), np.int64(5), np.int64(1), np.int64(4), np.int64(2), np.int64(0))",0.1851347989443666,0.75,,43420.757158836306,False
20,tmtm,"(np.int64(0), np.int64(4), np.int64(2), np.int64(1), np.int64(5), np.int64(3))",0.21594933776186492,0.7083333333333333,,42626.56445207743,False
20,tmtm,"(np.int64(1), np.int64(5), np.int64(3), np.int64(0), np.int64(4), np.int64(2))",0.23794783973273295,0.75,,43825.619086876766,False
20,tmtm,"(np.int64(0), np.int64(4), np.int64(2), np.int64(5), np.int64(3), np.int64(1))",0.2326201016214165,0.7916666666666666,,43107.5033027161,False
20,tmtm,"(np.int64(5), np.int64(3), np.int64(1), np.int64(0), np.int64(4), np.int64(2))",0.19232845878492372,0.9583333333333334,,43126.951531386076,False
20,tmtm,"(np.int64(4), np.int64(2), np.int64(0), np.int64(1), np.int64(5), np.int64(3))",0.19222022372797498,0.7916666666666666,,42077.46535882256,False
20,tmtm,"(np.int64(1), np.int64(5), np.int64(3), np.int64(4), np.int64(2), np.int64(0))",0.23425532409380254,0.7916666666666666,,44133.2766190097,False
20,tmtm,"(np.int64(4), np.int64(2), np.int64(0), np.int64(5), np.int64(3), np.int64(1))",0.2075919091845622,0.875,,42556.084682834015,False
20,tmtm,"(np.int64(5), np.int64(3), np.int64(1), np.int64(4), np.int64(2), np.int64(0))",0.1866636444132759,0.875,,43432.2895368918,False
20,free,"(0, 2, 4, 1, 3, 5)",0.1823191214931156,0.5833333333333333,,10002.765990900623,False
20,free,"(0, 2, 4, 1, 5, 3)",0.18114407245168093,0.5833333333333333,,9938.298037714774,False
20,free,"(0, 2, 4, 3, 5, 1)",0.21602450112252786,0.75,,11851.979733849743,False
20,free,"(0, 2, 4, 5, 3, 1)",0.19313746955292513,0.7916666666666666,,10596.304414979055,False
20,free,"(0, 4, 2, 1, 3, 5)",0.21082943076981114,0.7916666666666666,,11566.95711735774,False
20,free,"(0, 4, 2, 1, 5, 3)",0.20965438172837642,0.7083333333333333,,11502.489164171891,False
20,free,"(0, 4, 2, 3, 5, 1)",0.24453481039922334,0.7083333333333333,,13416.170860306856,False
20,free,"(0, 4, 2, 5, 3, 1)",0.22164777882962064,0.75,,12160.495541436172,False
20,free,"(1, 3, 5, 0, 2, 4)",0.2020311044834121,0.7083333333333333,,11084.245275430829,False
20,free,"(1, 3, 5, 0, 4, 2)",0.20208226359523268,0.7083333333333333,,11087.052071666205,False
20,free,"(1, 3, 5, 2, 4, 0)",0.2216477788296205,0.75,,12160.49554143617,False
20,free,"(1, 3, 5, 4, 2, 0)",0.19313746955292505,0.7916666666666666,,10596.304414979057,False
20,free,"(1, 5, 3, 0, 2, 4)",0.2249181360530149,0.7916666666666666,,12339.920594301511,False
20,free,"(1, 5, 3, 0, 4, 2)",0.22496929516483544,0.7083333333333333,,12342.72739053689,False
20,free,"(1, 5, 3, 2, 4, 0)",0.24453481039922334,0.7083333333333333,,13416.17086030686,False
20,free,"(1, 5, 3, 4, 2, 0)",0.21602450112252786,0.75,,11851.979733849743,False
20,free,"(2, 4, 0, 1, 3, 5)",0.19126391553542324,0.9583333333333334,,10493.51364758777,True
20,free,"(2, 4, 0, 1, 5, 3)",0.1900888664939885,0.9583333333333334,,10429.04569440192,True
20,free,"(2, 4, 0, 3, 5, 1)",0.2249692951648355,0.7083333333333333,,12342.727390536887,False
20,free,"(2, 4, 0, 5, 3, 1)",0.2020822635952327,0.7083333333333333,,11087.052071666201,False
20,free,"(3, 5, 1, 0, 2, 4)",0.19003770738216796,0.9583333333333334,,10426.238898166548,True
20,free,"(3, 5, 1, 0, 4, 2)",0.19008886649398857,0.9583333333333334,,10429.04569440192,True
20,free,"(3, 5, 1, 2, 4, 0)",0.20965438172837642,0.7083333333333333,,11502.489164171891,False
20,free,"(3, 5, 1, 4, 2, 0)",0.18114407245168093,0.5833333333333333,,9938.298037714778,False
20,free,"(4, 2, 0, 1, 3, 5)",0.1912127564236027,0.9583333333333334,,10490.706851352395,True
20,free,"(4, 2, 0, 1, 5, 3)",0.190037707382168,0.9583333333333334,,10426.238898166548,True
20,free,"(4, 2, 0, 3, 5, 1)",0.2249181360530149,0.7916666666666666,,12339.920594301513,False
20,free,"(4, 2, 0, 5, 3, 1)",0.20203110448341216,0.7083333333333333,,11084.245275430829,False
20,free,"(5, 3, 1, 0, 2, 4)",0.19121275642360266,0.9583333333333334,,10490.706851352395,True
20,free,"(5, 3, 1, 0, 4, 2)",0.19126391553542324,0.9583333333333334,,10493.51364758777,True
20,free,"(5, 3, 1, 2, 4, 0)",0.21082943076981106,0.7916666666666666,,11566.957117357739,False
20,free,"(5, 3, 1, 4, 2, 0)",0.18231912149311558,0.5833333333333333,,10002.765990900623,False
20,same_history,"(0, 2, 4, 1, 3, 5)",0.19270071439863687,0.875,,15729.615004421914,False
20,same_history,"(0, 2, 4, 1, 5, 3)",0.1930803945866463,0.7916666666666666,,15615.911257239142,False
20,same_history,"(0, 2, 4, 3, 5, 1)",0.2370513820436659,0.7916666666666666,,17037.146278569016,False
20,same_history,"(0, 2, 4, 5, 3, 1)",0.2157499268034978,0.7916666666666666,,15779.88410565489,False
20,same_history,"(0, 4, 2, 1, 3, 5)",0.23871851171828098,0.5833333333333333,,16799.342762540113,False
20,same_history,"(0, 4, 2, 1, 5, 3)",0.23847581279551075,0.5416666666666667,,16685.638886351444,False
20,same_history,"(0, 4, 2, 3, 5, 1)",0.2787950380203307,0.625,,18106.875048875278,False
20,same_history,"(0, 4, 2, 5, 3, 1)",0.2566317068055057,0.41666666666666663,,16849.612021740708,False
20,same_history,"(1, 3, 5, 0, 2, 4)",0.2112656270400444,0.8333333333333334,,11594.15509272438,False
20,same_history,"(1, 3, 5, 0, 4, 2)",0.21116332757925155,0.75,,11622.260222413648,False
20,same_history,"(1, 3, 5, 2, 4, 0)",0.23470094788459114,0.75,,12992.477310378956,False
20,same_history,"(1, 3, 5, 4, 2, 0)",0.20383401304002613,0.7916666666666666,,11333.556179651167,False
20,same_history,"(1, 5, 3, 0, 2, 4)",0.23234844517544725,0.7916666666666666,,12747.78851992023,False
20,same_history,"(1, 5, 3, 0, 4, 2)",0.23245564508316388,0.7083333333333333,,12775.893769693994,False
20,same_history,"(1, 5, 3, 2, 4, 0)",0.2562281129150938,0.7083333333333333,,14146.11119155319,False
20,same_history,"(1, 5, 3, 4, 2, 0)",0.22542416634872744,0.75,,12487.189646665514,False
20,same_history,"(2, 4, 0, 1, 3, 5)",0.21014255040247443,0.9583333333333334,,15109.7766506576,False
20,same_history,"(2, 4, 0, 1, 5, 3)",0.2097754265651111,0.9583333333333334,,14996.072326035144,False
20,same_history,"(2, 4, 0, 3, 5, 1)",0.24937604006721123,0.75,,16417.308749648913,False
20,same_history,"(2, 4, 0, 5, 3, 1)",0.22708232402932554,0.5416666666666667,,15160.045661334994,False
20,same_history,"(3, 5, 1, 0, 2, 4)",0.19126622337509352,0.9583333333333334,,10494.755753093674,True
20,same_history,"(3, 5, 1, 0, 4, 2)",0.19162988283193821,0.8333333333333334,,10522.861031078928,False
20,same_history,"(3, 5, 1, 2, 4, 0)",0.21575719881850844,0.7083333333333333,,11893.077925681402,False
20,same_history,"(3, 5, 1, 4, 2, 0)",0.18506980668656683,0.5833333333333333,,10234.15687582338,False
20,same_history,"(4, 2, 0, 1, 3, 5)",0.24554573440753602,0.9166666666666666,,15085.712179278436,False
20,same_history,"(4, 2, 0, 1, 5, 3)",0.2443409562747034,0.9166666666666666,,14972.008251272255,False
20,same_history,"(4, 2, 0, 3, 5, 1)",0.27817629335458566,0.7083333333333333,,16393.244106893348,False
20,same_history,"(4, 2, 0, 5, 3, 1)",0.25510486181433945,0.5,,15135.98132764373,False
20,same_history,"(5, 3, 1, 0, 2, 4)",0.19143083121142848,0.9166666666666666,,10504.830200970315,True
20,same_history,"(5, 3, 1, 0, 4, 2)",0.19185778551430305,0.7916666666666666,,10532.935485762186,False
20,same_history,"(5, 3, 1, 2, 4, 0)",0.216060862420532,0.7916666666666666,,11903.152380928717,False
20,same_history,"(5, 3, 1, 4, 2, 0)",0.18539753304362439,0.5833333333333333,,10244.23141789528,False
21,tmtm,"(np.int64(1), np.int64(4), np.int64(0), np.int64(2), np.int64(3))",0.21951555005962928,0.7333333333333334,,28457.083824072888,False
21,tmtm,"(np.int64(0), np.int64(2), np.int64(3), np.int64(1), np.int64(4))",0.2110236694307702,0.4,,30431.704166754258,False
21,tmtm,"(np.int64(4), np.int64(1), np.int64(0), np.int64(2), np.int64(3))",0.19217997729387848,0.8,,28977.103778591216,False
21,tmtm,"(np.int64(0), np.int64(2), np.int64(3), np.int64(4), np.int64(1))",0.23324699056189854,0.7333333333333334,,29883.849892709295,False
21,tmtm,"(np.int64(1), np.int64(4), np.int64(3), np.int64(0), np.int64(2))",0.2476491702946946,0.6,,29241.487032010627,False
21,tmtm,"(np.int64(3), np.int64(0), np.int64(2), np.int64(1), np.int64(4))",0.26454646753577515,0.5333333333333333,,30459.225433526415,False
21,tmtm,"(np.int64(4), np.int64(1), np.int64(3), np.int64(0), np.int64(2))",0.21998545016898255,0.4666666666666667,,29770.785093037837,False
21,tmtm,"(np.int64(3), np.int64(0), np.int64(2), np.int64(4), np.int64(1))",0.28696089110015477,0.6,,29920.64926599033,False
21,tmtm,"(np.int64(1), np.int64(4), np.int64(2), np.int64(0), np.int64(3))",0.2627529854580182,0.6666666666666667,,28937.160660245558,False
21,tmtm,"(np.int64(2), np.int64(0), np.int64(3), np.int64(1), np.int64(4))",0.20676581360980123,0.4666666666666667,,30164.552698504292,False
21,tmtm,"(np.int64(4), np.int64(1), np.int64(2), np.int64(0), np.int64(3))",0.24072281818433475,0.6,,29461.819668018325,False
21,tmtm,"(np.int64(2), np.int64(0), np.int64(3), np.int64(4), np.int64(1))",0.2298604582734493,0.8666666666666667,,29621.337477713765,False
21,tmtm,"(np.int64(1), np.int64(4), np.int64(3), np.int64(2), np.int64(0))",0.25574269562589275,0.7333333333333334,,29663.530624911193,False
21,tmtm,"(np.int64(3), np.int64(2), np.int64(0), np.int64(1), np.int64(4))",0.21261004509556003,0.8,,30134.04072200434,False
21,tmtm,"(np.int64(4), np.int64(1), np.int64(3), np.int64(2), np.int64(0))",0.22507638814401068,0.6,,30197.467739192838,False
21,tmtm,"(np.int64(3), np.int64(2), np.int64(0), np.int64(4), np.int64(1))",0.24468435279643844,0.7333333333333334,,29600.10360772269,False
21,free,"(0, 2, 3, 1, 4)",0.20267234837114134,0.4666666666666667,,7615.683320095242,False
21,free,"(0, 2, 3, 4, 1)",0.2225100063916172,0.8,,8361.109731297787,False
21,free,"(1, 4, 0, 2, 3)",0.20581774755333573,0.5333333333333333,,7733.87588202783,False
21,free,"(1, 4, 2, 0, 3)",0.2564343803934739,0.6666666666666667,,9635.863250004239,False
21,free,"(1, 4, 3, 0, 2)",0.2232615800534656,0.8,,8389.351112257562,False
21,free,"(1, 4, 3, 2, 0)",0.22251000639161725,0.8,,8361.109731297787,False
21,free,"(2, 0, 3, 1, 4)",0.20342392203298967,0.4666666666666667,,7643.924701055016,False
21,free,"(2, 0, 3, 4, 1)",0.2232615800534656,0.8,,8389.351112257562,False
21,free,"(3, 0, 2, 1, 4)",0.23659672237299798,0.6666666666666667,,8890.436838801694,False
21,free,"(3, 0, 2, 4, 1)",0.2564343803934738,0.6666666666666667,,9635.863250004239,False
21,free,"(3, 2, 0, 1, 4)",0.18598008953285985,0.8,,6988.449470825286,True
21,free,"(3, 2, 0, 4, 1)",0.20581774755333576,0.5333333333333333,,7733.87588202783,False
21,free,"(4, 1, 0, 2, 3)",0.18598008953285988,0.8,,6988.449470825286,True
21,free,"(4, 1, 2, 0, 3)",0.23659672237299803,0.6666666666666667,,8890.436838801696,False
21,free,"(4, 1, 3, 0, 2)",0.20342392203298967,0.4666666666666667,,7643.924701055017,False
21,free,"(4, 1, 3, 2, 0)",0.20267234837114131,0.4666666666666667,,7615.6833200952415,False
21,same_history,"(0, 2, 3, 1, 4)",0.2475830149047693,0.4666666666666667,,12400.744980311953,False
21,same_history,"(0, 2, 3, 4, 1)",0.27334739845855854,0.8666666666666667,,12812.612824297501,False
21,same_history,"(1, 4, 0, 2, 3)",0.21240457553734732,0.6666666666666667,,8017.3063984069295,False
21,same_history,"(1, 4, 2, 0, 3)",0.26580143078281565,0.6666666666666667,,10021.777765090794,False
21,same_history,"(1, 4, 3, 0, 2)",0.24645034790853765,0.6,,9384.752627224194,False
21,same_history,"(1, 4, 3, 2, 0)",0.2505366301776736,0.7333333333333334,,9584.493739454316,False
21,same_history,"(2, 0, 3, 1, 4)",0.2415491113969847,0.4666666666666667,,12653.960855591107,False
21,same_history,"(2, 0, 3, 4, 1)",0.2693055401653241,0.8666666666666667,,13065.828468639587,False
21,same_history,"(3, 0, 2, 1, 4)",0.24714242449153456,0.6,,14354.490833490505,False
21,same_history,"(3, 0, 2, 4, 1)",0.2822566202337435,0.6,,14768.273795961964,False
21,same_history,"(3, 2, 0, 1, 4)",0.18675437024576008,0.8,,12780.27099915783,False
21,same_history,"(3, 2, 0, 4, 1)",0.22342583312825726,0.4,,13194.054735769534,False
21,same_history,"(4, 1, 0, 2, 3)",0.18624138472423088,0.8,,7019.630874019003,True
21,same_history,"(4, 1, 2, 0, 3)",0.239637229509672,0.6666666666666667,,9024.102388630028,False
21,same_history,"(4, 1, 3, 0, 2)",0.22077754576652076,0.6,,8387.077536597017,False
21,same_history,"(4, 1, 3, 2, 0)",0.22507557350165527,0.7333333333333334,,8586.818885445979,False
22,tmtm,"(np.int64(1), np.int64(0), np.int64(2), np.int64(3), np.int64(4), np.int64(5))",0.10790691297521685,0.8333333333333334,,48651.32407142936,False
22,tmtm,"(np.int64(4), np.int64(5), np.int64(1), np.int64(0), np.int64(2), np.int64(3))",0.2704687646069551,0.875,,51118.186552804014,False
22,tmtm,"(np.int64(0), np.int64(2), np.int64(3), np.int64(1), np.int64(4), np.int64(5))",0.21562618007477016,0.625,,49927.78863157446,False
22,tmtm,"(np.int64(4), np.int64(5), np.int64(0), np.int64(2), np.int64(3), np.int64(1))",0.31918721815873896,0.625,,50911.74171793357,False
22,tmtm,"(np.int64(1), np.int64(3), np.int64(0), np.int64(2), np.int64(4), np.int64(5))",0.2951008569564714,0.625,,50473.18127506612,False
22,tmtm,"(np.int64(4), np.int64(5), np.int64(1), np.int64(3), np.int64(0), np.int64(2))",0.22112258270746105,0.625,,51891.91479026457,False
22,tmtm,"(np.int64(3), np.int64(0), np.int64(2), np.int64(1), np.int64(4), np.int64(5))",0.2969054455605427,0.75,,50415.882879321,False
22,tmtm,"(np.int64(4), np.int64(5), np.int64(3), np.int64(0), np.int64(2), np.int64(1))",0.18252720430364225,0.7083333333333333,,50351.7069995039,False
22,tmtm,"(np.int64(1), np.int64(0), np.int64(2), np.int64(3), np.int64(5), np.int64(4))",0.09915122873919789,0.8333333333333334,,48574.35331147556,False
22,tmtm,"(np.int64(5), np.int64(4), np.int64(1), np.int64(0), np.int64(2), np.int64(3))",0.27902351652269686,0.875,,51195.1573127578,False
22,tmtm,"(np.int64(0), np.int64(2), np.int64(3), np.int64(1), np.int64(5), np.int64(4))",0.20721592693439772,0.625,,49850.81787162067,False
22,tmtm,"(np.int64(5), np.int64(4), np.int64(0), np.int64(2), np.int64(3), np.int64(1))",0.32697930619384197,0.625,,50988.71247788735,False
22,tmtm,"(np.int64(1), np.int64(3), np.int64(0), np.int64(2), np.int64(5), np.int64(4))",0.28726535736618625,0.625,,50396.21051511233,False
22,tmtm,"(np.int64(5), np.int64(4), np.int64(1), np.int64(3), np.int64(0), np.int64(2))",0.2309722446121044,0.625,,51968.88555021836,False
22,tmtm,"(np.int64(3), np.int64(0), np.int64(2), np.int64(1), np.int64(5), np.int64(4))",0.2891299889247769,0.75,,50338.91211936721,False
22,tmtm,"(np.int64(5), np.int64(4), np.int64(3), np.int64(0), np.int64(2), np.int64(1))",0.1915843836837342,0.7083333333333333,,50428.67775945768,False
22,tmtm,"(np.int64(1), np.int64(2), np.int64(0), np.int64(3), np.int64(4), np.int64(5))",0.16117726817956296,0.7083333333333333,,49316.297401289565,False
22,tmtm,"(np.int64(4), np.int64(5), np.int64(1), np.int64(2), np.int64(0), np.int64(3))",0.29605014551930825,0.7083333333333333,,51045.238730515106,False
22,tmtm,"(np.int64(2), np.int64(0), np.int64(3), np.int64(1), np.int64(4), np.int64(5))",0.22153849780442075,0.625,,50363.4702277837,False
22,tmtm,"(np.int64(4), np.int64(5), np.int64(2), np.int64(0), np.int64(3), np.int64(1))",0.29934275200640703,0.625,,50609.50216199368,False
22,tmtm,"(np.int64(1), np.int64(3), np.int64(2), np.int64(0), np.int64(4), np.int64(5))",0.31043823454925734,0.625,,50618.88689763367,False
22,tmtm,"(np.int64(4), np.int64(5), np.int64(1), np.int64(3), np.int64(2), np.int64(0))",0.22019944885890586,0.5416666666666667,,51299.69926068298,False
22,tmtm,"(np.int64(3), np.int64(2), np.int64(0), np.int64(1), np.int64(4), np.int64(5))",0.2707724812068981,0.7916666666666666,,50332.29676823758,False
22,tmtm,"(np.int64(4), np.int64(5), np.int64(3), np.int64(2), np.int64(0), np.int64(1))",0.12537961395581743,0.75,,49530.19973627135,False
22,tmtm,"(np.int64(1), np.int64(2), np.int64(0), np.int64(3), np.int64(5), np.int64(4))",0.15256196505778274,0.7083333333333333,,49239.326641335785,False
22,tmtm,"(np.int64(5), np.int64(4), np.int64(1), np.int64(2), np.int64(0), np.int64(3))",0.3042269780407032,0.7083333333333333,,51122.2094904689,False
22,tmtm,"(np.int64(2), np.int64(0), np.int64(3), np.int64(1), np.int64(5), np.int64(4))",0.2128907978722148,0.625,,50286.49946782991,False
22,tmtm,"(np.int64(5), np.int64(4), np.int64(2), np.int64(0), np.int64(3), np.int64(1))",0.3071744998276572,0.625,,50686.47292194746,False
22,tmtm,"(np.int64(1), np.int64(3), np.int64(2), np.int64(0), np.int64(5), np.int64(4))",0.3026923762942982,0.625,,50541.91613767988,False
22,tmtm,"(np.int64(5), np.int64(4), np.int64(1), np.int64(3), np.int64(2), np.int64(0))",0.22954134189159275,0.5416666666666667,,51376.67002063677,False
22,tmtm,"(np.int64(3), np.int64(2), np.int64(0), np.int64(1), np.int64(5), np.int64(4))",0.2627381924714537,0.7916666666666666,,50255.32600828377,False
22,tmtm,"(np.int64(5), np.int64(4), np.int64(3), np.int64(2), np.int64(0), np.int64(1))",0.13449666734567314,0.75,,49607.17049622513,False
22,free,"(0, 2, 3, 1, 4, 5)",0.20840672465644938,0.625,,13187.891213948129,False
22,free,"(0, 2, 3, 1, 5, 4)",0.20232492442165498,0.625,,12803.037414179194,False
22,free,"(1, 0, 2, 3, 4, 5)",0.07779464662112279,0.9166666666666666,,4922.813015549955,False
22,free,"(1, 0, 2, 3, 5, 4)",0.07171284638632838,0.9583333333333334,,4537.959215781021,True
22,free,"(1, 2, 0, 3, 4, 5)",0.10790124560730571,0.8333333333333334,,6827.946129206681,False
22,free,"(1, 2, 0, 3, 5, 4)",0.10181944537251132,0.875,,6443.092329437745,False
22,free,"(1, 3, 0, 2, 4, 5)",0.2809874594468818,0.625,,17780.770048460447,False
22,free,"(1, 3, 0, 2, 5, 4)",0.27490565921208726,0.625,,17395.91624869151,False
22,free,"(1, 3, 2, 0, 4, 5)",0.29056528540036647,0.625,,18386.85090765011,False
22,free,"(1, 3, 2, 0, 5, 4)",0.284483485165572,0.625,,18001.997107881176,False
22,free,"(2, 0, 3, 1, 4, 5)",0.20877681827798086,0.625,,13211.310585025423,False
22,free,"(2, 0, 3, 1, 5, 4)",0.20269501804318646,0.625,,12826.456785256492,False
22,free,"(3, 0, 2, 1, 4, 5)",0.2845529300991254,0.75,,18006.391554512258,False
22,free,"(3, 0, 2, 1, 5, 4)",0.2784711298643309,0.75,,17621.537754743324,False
22,free,"(3, 2, 0, 1, 4, 5)",0.2643942506879586,0.7916666666666666,,16730.758671122494,False
22,free,"(3, 2, 0, 1, 5, 4)",0.2583124504531642,0.7916666666666666,,16345.904871353558,False
22,free,"(4, 5, 0, 2, 3, 1)",0.284483485165572,0.625,,18001.997107881172,False
22,free,"(4, 5, 1, 0, 2, 3)",0.2583124504531642,0.7916666666666666,,16345.904871353554,False
22,free,"(4, 5, 1, 2, 0, 3)",0.2784711298643309,0.75,,17621.53775474332,False
22,free,"(4, 5, 1, 3, 0, 2)",0.20269501804318646,0.625,,12826.45678525649,False
22,free,"(4, 5, 1, 3, 2, 0)",0.202324924421655,0.625,,12803.037414179194,False
22,free,"(4, 5, 2, 0, 3, 1)",0.2749056592120873,0.625,,17395.91624869151,False
22,free,"(4, 5, 3, 0, 2, 1)",0.1018194453725113,0.875,,6443.092329437746,False
22,free,"(4, 5, 3, 2, 0, 1)",0.07171284638632838,0.9583333333333334,,4537.959215781018,True
22,free,"(5, 4, 0, 2, 3, 1)",0.29056528540036647,0.625,,18386.85090765011,False
22,free,"(5, 4, 1, 0, 2, 3)",0.26439425068795863,0.7916666666666666,,16730.758671122494,False
22,free,"(5, 4, 1, 2, 0, 3)",0.2845529300991254,0.75,,18006.391554512258,False
22,free,"(5, 4, 1, 3, 0, 2)",0.20877681827798084,0.625,,13211.310585025423,False
22,free,"(5, 4, 1, 3, 2, 0)",0.20840672465644938,0.625,,13187.89121394813,False
22,free,"(5, 4, 2, 0, 3, 1)",0.28098745944688175,0.625,,17780.770048460447,False
22,free,"(5, 4, 3, 0, 2, 1)",0.1079012456073057,0.8333333333333334,,6827.94612920668,False
22,free,"(5, 4, 3, 2, 0, 1)",0.07779464662112277,0.9166666666666666,,4922.813015549953,False
22,same_history,"(0, 2, 3, 1, 4, 5)",0.2453725304427939,0.5416666666666667,,16814.429551742007,False
22,same_history,"(0, 2, 3, 1, 5, 4)",0.21576604432758045,0.625,,16252.239612843548,False
22,same_history,"(1, 0, 2, 3, 4, 5)",0.10606380998758179,0.875,,7421.059995097483,False
22,same_history,"(1, 0, 2, 3, 5, 4)",0.0964785651409966,0.9583333333333334,,7475.648802812111,True
22,same_history,"(1, 2, 0, 3, 4, 5)",0.13572319154430162,0.7916666666666666,,9339.672075006245,False
22,same_history,"(1, 2, 0, 3, 5, 4)",0.12549039271279372,0.875,,9394.260809089701,False
22,same_history,"(1, 3, 0, 2, 4, 5)",0.3203705561642644,0.45833333333333337,,20911.06809105373,False
22,same_history,"(1, 3, 0, 2, 5, 4)",0.29661386024455716,0.625,,20348.878203213437,False
22,same_history,"(1, 3, 2, 0, 4, 5)",0.33636694783421356,0.5,,21939.290347125116,False
22,same_history,"(1, 3, 2, 0, 5, 4)",0.3120836951560504,0.625,,21377.100498102503,False
22,same_history,"(2, 0, 3, 1, 4, 5)",0.24639171499293563,0.5416666666666667,,17017.684675019562,False
22,same_history,"(2, 0, 3, 1, 5, 4)",0.21531314301143648,0.625,,16455.49446143272,False
22,same_history,"(3, 0, 2, 1, 4, 5)",0.33615970400013073,0.5833333333333333,,22829.26471208956,False
22,same_history,"(3, 0, 2, 1, 5, 4)",0.30066833783940744,0.6666666666666667,,22267.0747527799,False
22,same_history,"(3, 2, 0, 1, 4, 5)",0.31604826832512645,0.7083333333333333,,21785.429366745197,False
22,same_history,"(3, 2, 0, 1, 5, 4)",0.27867273524893643,0.7916666666666666,,21223.239486229013,False
22,same_history,"(4, 5, 0, 2, 3, 1)",0.305597525793598,0.5416666666666667,,19456.16729152514,False
22,same_history,"(4, 5, 1, 0, 2, 3)",0.2596216054283162,0.7916666666666666,,16430.331098776962,False
22,same_history,"(4, 5, 1, 2, 0, 3)",0.28139165135886884,0.75,,17809.112964369408,False
22,same_history,"(4, 5, 1, 3, 0, 2)",0.21738999126683323,0.625,,13846.863984041542,False
22,same_history,"(4, 5, 1, 3, 2, 0)",0.21944781893232723,0.625,,14005.153591498809,False
22,same_history,"(4, 5, 2, 0, 3, 1)",0.2985473220809326,0.625,,19055.102002927077,False
22,same_history,"(4, 5, 3, 0, 2, 1)",0.1348913590207888,0.8333333333333334,,9154.821732516912,False
22,same_history,"(4, 5, 3, 2, 0, 1)",0.10669525008423439,0.9583333333333334,,7506.66632529417,False
22,same_history,"(5, 4, 0, 2, 3, 1)",0.312242603818365,0.5416666666666667,,19805.83992833897,False
22,same_history,"(5, 4, 1, 0, 2, 3)",0.26508858202928287,0.7916666666666666,,16780.003745173763,False
22,same_history,"(5, 4, 1, 2, 0, 3)",0.28690024075427384,0.75,,18158.78567363138,False
22,same_history,"(5, 4, 1, 3, 0, 2)",0.22381288761214066,0.625,,14196.536976584874,False
22,same_history,"(5, 4, 1, 3, 2, 0)",0.22604254490157874,0.625,,14354.8263451143,False
22,same_history,"(5, 4, 2, 0, 3, 1)",0.30544560539721155,0.625,,19404.774981988885,False
22,same_history,"(5, 4, 3, 0, 2, 1)",0.14329674911107712,0.7916666666666666,,9504.494237194167,False
22,same_history,"(5, 4, 3, 2, 0, 1)",0.11543566429358303,0.875,,7856.338894991352,False
23,tmtm,"(np.int64(0), np.int64(1), np.int64(2), np.int64(3), np.int64(4), np.int64(5), np.int64(6))",0.15975784102988555,0.6571428571428571,0.7619047619047619,67878.010336137,False
23,tmtm,"(np.int64(4), np.int64(5), np.int64(6), np.int64(0), np.int64(1), np.int64(2), np.int64(3))",0.3091448261815297,0.6,0.5714285714285714,68931.88185849901,False
23,tmtm,"(np.int64(0), np.int64(1), np.int64(2), np.int64(3), np.int64(5), np.int64(6), np.int64(4))",0.19656963800087357,0.6285714285714286,0.8095238095238095,67350.57558747618,False
23,tmtm,"(np.int64(5), np.int64(6), np.int64(4), np.int64(0), np.int64(1), np.int64(2), np.int64(3))",0.26319649602114253,0.5428571428571429,0.5952380952380952,69216.0357339045,False
23,tmtm,"(np.int64(3), np.int64(0), np.int64(1), np.int64(2), np.int64(4), np.int64(5), np.int64(6))",0.2519224539027985,0.6,0.7380952380952381,68809.0047474723,False
23,tmtm,"(np.int64(4), np.int64(5), np.int64(6), np.int64(3), np.int64(0), np.int64(1), np.int64(2))",0.21197070112158942,0.7428571428571429,0.8571428571428572,68030.32121333046,False
23,tmtm,"(np.int64(3), np.int64(0), np.int64(1), np.int64(2), np.int64(5), np.int64(6), np.int64(4))",0.28233964239634635,0.7714285714285715,0.7619047619047619,68286.20905206594,False
23,tmtm,"(np.int64(5), np.int64(6), np.int64(4), np.int64(3), np.int64(0), np.int64(1), np.int64(2))",0.15546759759188244,0.8,0.8095238095238095,68319.1141419904,False
23,tmtm,"(np.int64(2), np.int64(0), np.int64(1), np.int64(3), np.int64(4), np.int64(5), np.int64(6))",0.11940372870125224,0.9428571428571428,0.8571428571428572,67095.95128879425,False
23,tmtm,"(np.int64(4), np.int64(5), np.int64(6), np.int64(2), np.int64(0), np.int64(1), np.int64(3))",0.27964856008374445,0.8285714285714285,0.7142857142857143,68951.66800270935,False
23,tmtm,"(np.int64(2), np.int64(0), np.int64(1), np.int64(3), np.int64(5), np.int64(6), np.int64(4))",0.15966558167566308,0.8571428571428572,0.8333333333333334,66573.15559338787,False
23,tmtm,"(np.int64(5), np.int64(6), np.int64(4), np.int64(2), np.int64(0), np.int64(1), np.int64(3))",0.22958785290411346,0.7428571428571429,0.6904761904761905,69240.46093136929,False
23,tmtm,"(np.int64(3), np.int64(2), np.int64(0), np.int64(1), np.int64(4), np.int64(5), np.int64(6))",0.25330345454739395,0.7714285714285715,0.6666666666666667,68764.19834140841,False
23,tmtm,"(np.int64(4), np.int64(5), np.int64(6), np.int64(3), np.int64(2), np.int64(0), np.int64(1))",0.2174471299669125,0.7714285714285715,0.7857142857142857,68787.35999881968,False
23,tmtm,"(np.int64(3), np.int64(2), np.int64(0), np.int64(1), np.int64(5), np.int64(6), np.int64(4))",0.28514432135297,0.8,0.6190476190476191,68246.04169925649,False
23,tmtm,"(np.int64(5), np.int64(6), np.int64(4), np.int64(3), np.int64(2), np.int64(0), np.int64(1))",0.15766743643257378,0.8285714285714285,0.7142857142857143,69080.79198073407,False
23,tmtm,"(np.int64(0), np.int64(1), np.int64(2), np.int64(3), np.int64(4), np.int64(6), np.int64(5))",0.14441009085080864,0.6571428571428571,0.7619047619047619,67686.66078420817,False
23,tmtm,"(np.int64(4), np.int64(6), np.int64(5), np.int64(0), np.int64(1), np.int64(2), np.int64(3))",0.30558265087676856,0.6285714285714286,0.5952380952380952,68879.95053717252,False
23,tmtm,"(np.int64(0), np.int64(1), np.int64(2), np.int64(3), np.int64(6), np.int64(5), np.int64(4))",0.2004015752446162,0.6,0.8333333333333334,67402.50690880268,False
23,tmtm,"(np.int64(6), np.int64(5), np.int64(4), np.int64(0), np.int64(1), np.int64(2), np.int64(3))",0.27743404417455,0.5428571428571429,0.5952380952380952,69407.38528583333,False
23,tmtm,"(np.int64(3), np.int64(0), np.int64(1), np.int64(2), np.int64(4), np.int64(6), np.int64(5))",0.23765582743062638,0.6,0.7380952380952381,68617.65519554347,False
23,tmtm,"(np.int64(4), np.int64(6), np.int64(5), np.int64(3), np.int64(0), np.int64(1), np.int64(2))",0.20806562092901662,0.7714285714285715,0.8333333333333334,67978.38989200398,False
23,tmtm,"(np.int64(3), np.int64(0), np.int64(1), np.int64(2), np.int64(6), np.int64(5), np.int64(4))",0.2859074321292145,0.7428571428571429,0.7142857142857143,68338.14037339241,False
23,tmtm,"(np.int64(6), np.int64(5), np.int64(4), np.int64(3), np.int64(0), np.int64(1), np.int64(2))",0.1711412725217224,0.8,0.8095238095238095,68510.46369391923,False
23,tmtm,"(np.int64(2), np.int64(0), np.int64(1), np.int64(3), np.int64(4), np.int64(6), np.int64(5))",0.10393068504949543,0.9428571428571428,0.8571428571428572,66904.60173686543,False
23,tmtm,"(np.int64(4), np.int64(6), np.int64(5), np.int64(2), np.int64(0), np.int64(1), np.int64(3))",0.2759147206831417,0.8571428571428572,0.7619047619047619,68899.73668138288,False
23,tmtm,"(np.int64(2), np.int64(0), np.int64(1), np.int64(3), np.int64(6), np.int64(5), np.int64(4))",0.1635266447862014,0.8285714285714285,0.8571428571428572,66625.08691471435,False
23,tmtm,"(np.int64(6), np.int64(5), np.int64(4), np.int64(2), np.int64(0), np.int64(1), np.int64(3))",0.24455464178481479,0.7428571428571429,0.6904761904761905,69431.81048329812,False
23,tmtm,"(np.int64(3), np.int64(2), np.int64(0), np.int64(1), np.int64(4), np.int64(6), np.int64(5))",0.2391030785097834,0.8,0.6666666666666667,68572.8487894796,False
23,tmtm,"(np.int64(4), np.int64(6), np.int64(5), np.int64(3), np.int64(2), np.int64(0), np.int64(1))",0.21339970376164547,0.8,0.7619047619047619,68735.4286774932,False
23,tmtm,"(np.int64(3), np.int64(2), np.int64(0), np.int64(1), np.int64(6), np.int64(5), np.int64(4))",0.2886885990380358,0.7714285714285715,0.6428571428571428,68297.97302058297,False
23,tmtm,"(np.int64(6), np.int64(5), np.int64(4), np.int64(3), np.int64(2), np.int64(0), np.int64(1))",0.17399520882641933,0.8285714285714285,0.7142857142857143,69272.14153266288,False
23,tmtm,"(np.int64(1), np.int64(0), np.int64(2), np.int64(3), np.int64(4), np.int64(5), np.int64(6))",0.1796673660451267,0.8285714285714285,0.7142857142857143,68615.31325103446,False
23,tmtm,"(np.int64(4), np.int64(5), np.int64(6), np.int64(1), np.int64(0), np.int64(2), np.int64(3))",0.2920758647561006,0.7714285714285715,0.6428571428571428,68428.2326003452,False
23,tmtm,"(np.int64(1), np.int64(0), np.int64(2), np.int64(3), np.int64(5), np.int64(6), np.int64(4))",0.21594006553448053,0.8,0.7619047619047619,68083.23944911922,False
23,tmtm,"(np.int64(5), np.int64(6), np.int64(4), np.int64(1), np.int64(0), np.int64(2), np.int64(3))",0.2443897047491437,0.6571428571428571,0.6666666666666667,68707.74742249626,False
23,tmtm,"(np.int64(3), np.int64(1), np.int64(0), np.int64(2), np.int64(4), np.int64(5), np.int64(6))",0.2426454303743519,0.7428571428571429,0.6904761904761905,68943.06502499331,False
23,tmtm,"(np.int64(4), np.int64(5), np.int64(6), np.int64(3), np.int64(1), np.int64(0), np.int64(2))",0.1647036032922443,0.8285714285714285,0.8571428571428572,66923.42931780021,False
23,tmtm,"(np.int64(3), np.int64(1), np.int64(0), np.int64(2), np.int64(5), np.int64(6), np.int64(4))",0.2733259963694909,0.8571428571428572,0.7619047619047619,68415.63027633251,False
23,tmtm,"(np.int64(5), np.int64(6), np.int64(4), np.int64(3), np.int64(1), np.int64(0), np.int64(2))",0.10537503270391402,0.8857142857142857,0.8333333333333334,67207.58319320572,False
23,tmtm,"(np.int64(2), np.int64(1), np.int64(0), np.int64(3), np.int64(4), np.int64(5), np.int64(6))",0.1746110541136721,0.7142857142857143,0.8095238095238095,68064.86546396991,False
23,tmtm,"(np.int64(4), np.int64(5), np.int64(6), np.int64(2), np.int64(1), np.int64(0), np.int64(3))",0.29175605525093,0.6571428571428571,0.7142857142857143,68679.63000483374,False
23,tmtm,"(np.int64(2), np.int64(1), np.int64(0), np.int64(3), np.int64(5), np.int64(6), np.int64(4))",0.2103145926875553,0.6857142857142857,0.8333333333333334,67537.4307153091,False
23,tmtm,"(np.int64(5), np.int64(6), np.int64(4), np.int64(2), np.int64(1), np.int64(0), np.int64(3))",0.2442151983330849,0.5714285714285714,0.7142857142857143,68963.78388023925,False
23,tmtm,"(np.int64(3), np.int64(2), np.int64(1), np.int64(0), np.int64(4), np.int64(5), np.int64(6))",0.27554305077644015,0.5428571428571429,0.6190476190476191,69129.86987920763,False
23,tmtm,"(np.int64(4), np.int64(5), np.int64(6), np.int64(3), np.int64(2), np.int64(1), np.int64(0))",0.20306523665611037,0.6571428571428571,0.8333333333333334,67912.07936356762,False
23,tmtm,"(np.int64(3), np.int64(2), np.int64(1), np.int64(0), np.int64(5), np.int64(6), np.int64(4))",0.30424150773124553,0.6857142857142857,0.5952380952380952,68607.07418380126,False
23,tmtm,"(np.int64(5), np.int64(6), np.int64(4), np.int64(3), np.int64(2), np.int64(1), np.int64(0))",0.14570887495979234,0.7142857142857143,0.7619047619047619,68200.87229222758,False
23,tmtm,"(np.int64(1), np.int64(0), np.int64(2), np.int64(3), np.int64(4), np.int64(6), np.int64(5))",0.16407413497208154,0.8285714285714285,0.7142857142857143,68423.96369910565,False
23,tmtm,"(np.int64(4), np.int64(6), np.int64(5), np.int64(1), np.int64(0), np.int64(2), np.int64(3))",0.2885234987402019,0.8,0.6190476190476191,68376.30127901872,False
23,tmtm,"(np.int64(1), np.int64(0), np.int64(2), np.int64(3), np.int64(6), np.int64(5), np.int64(4))",0.21982565847056626,0.7714285714285715,0.7857142857142857,68135.1707704457,False
23,tmtm,"(np.int64(6), np.int64(5), np.int64(4), np.int64(1), np.int64(0), np.int64(2), np.int64(3))",0.2585928838082813,0.6571428571428571,0.6666666666666667,68899.09697442508,False
23,tmtm,"(np.int64(3), np.int64(1), np.int64(0), np.int64(2), np.int64(4), np.int64(6), np.int64(5))",0.22807082341515827,0.7428571428571429,0.6904761904761905,68751.7154730645,False
23,tmtm,"(np.int64(4), np.int64(6), np.int64(5), np.int64(3), np.int64(1), np.int64(0), np.int64(2))",0.16078716296448226,0.8571428571428572,0.8333333333333334,66871.49799647373,False
23,tmtm,"(np.int64(3), np.int64(1), np.int64(0), np.int64(2), np.int64(6), np.int64(5), np.int64(4))",0.2769700717563067,0.8285714285714285,0.7142857142857143,68467.56159765899,False
23,tmtm,"(np.int64(6), np.int64(5), np.int64(4), np.int64(3), np.int64(1), np.int64(0), np.int64(2))",0.12107055431215512,0.8857142857142857,0.8333333333333334,67398.93274513455,False
23,tmtm,"(np.int64(2), np.int64(1), np.int64(0), np.int64(3), np.int64(4), np.int64(6), np.int64(5))",0.1593989455844522,0.7142857142857143,0.8095238095238095,67873.51591204108,False
23,tmtm,"(np.int64(4), np.int64(6), np.int64(5), np.int64(2), np.int64(1), np.int64(0), np.int64(3))",0.28814938598530604,0.6857142857142857,0.7619047619047619,68627.69868350727,False
23,tmtm,"(np.int64(2), np.int64(1), np.int64(0), np.int64(3), np.int64(6), np.int64(5), np.int64(4))",0.21411357110612367,0.6571428571428571,0.8571428571428572,67589.36203663559,False
23,tmtm,"(np.int64(6), np.int64(5), np.int64(4), np.int64(2), np.int64(1), np.int64(0), np.int64(3))",0.2586358608489798,0.5714285714285714,0.7142857142857143,69155.13343216808,False
23,tmtm,"(np.int64(3), np.int64(2), np.int64(1), np.int64(0), np.int64(4), np.int64(6), np.int64(5))",0.26150239343867776,0.5428571428571429,0.6190476190476191,68938.52032727879,False
23,tmtm,"(np.int64(4), np.int64(6), np.int64(5), np.int64(3), np.int64(2), np.int64(1), np.int64(0))",0.19913818012603818,0.6857142857142857,0.8095238095238095,67860.14804224114,False
23,tmtm,"(np.int64(3), np.int64(2), np.int64(1), np.int64(0), np.int64(6), np.int64(5), np.int64(4))",0.3077543656110043,0.6571428571428571,0.5714285714285714,68659.00550512773,False
23,tmtm,"(np.int64(6), np.int64(5), np.int64(4), np.int64(3), np.int64(2), np.int64(1), np.int64(0))",0.16147326873185894,0.7142857142857143,0.7619047619047619,68392.22184415639,False
23,free,"(0, 1, 2, 3, 4, 5, 6)",0.11724091578094865,0.8571428571428572,0.8809523809523809,10248.867865620387,False
23,free,"(0, 1, 2, 3, 4, 6, 5)",0.10785981131030775,0.8571428571428572,0.8333333333333334,9428.798357354031,False
23,free,"(0, 1, 2, 3, 5, 6, 4)",0.13847281040395293,0.7714285714285715,0.8809523809523809,12104.899789957388,False
23,free,"(0, 1, 2, 3, 6, 5, 4)",0.1410187957263715,0.7428571428571429,0.8809523809523809,12327.462595642304,False
23,free,"(1, 0, 2, 3, 4, 5, 6)",0.1265358172140485,0.9428571428571428,0.8809523809523809,11061.401749181929,False
23,free,"(1, 0, 2, 3, 4, 6, 5)",0.1171547127434076,0.9428571428571428,0.8333333333333334,10241.332240915573,False
23,free,"(1, 0, 2, 3, 5, 6, 4)",0.14776771183705276,0.8571428571428572,0.8809523809523809,12917.43367351893,False
23,free,"(1, 0, 2, 3, 6, 5, 4)",0.15031369715947132,0.8285714285714285,0.8809523809523809,13139.996479203846,False
23,free,"(2, 0, 1, 3, 4, 5, 6)",0.08973641569318981,0.9714285714285714,0.8809523809523809,7844.502587238695,False
23,free,"(2, 0, 1, 3, 4, 6, 5)",0.0803553112225489,0.9714285714285714,0.9047619047619048,7024.433078972343,True
23,free,"(2, 0, 1, 3, 5, 6, 4)",0.11096831031619404,0.8857142857142857,0.8809523809523809,9700.534511575697,False
23,free,"(2, 0, 1, 3, 6, 5, 4)",0.11351429563861265,0.8571428571428572,0.8809523809523809,9923.097317260615,False
23,free,"(2, 1, 0, 3, 4, 5, 6)",0.11783199284099863,0.9142857142857143,0.8809523809523809,10300.538143412592,False
23,free,"(2, 1, 0, 3, 4, 6, 5)",0.10845088837035784,0.9142857142857143,0.8809523809523809,9480.468635146237,False
23,free,"(2, 1, 0, 3, 5, 6, 4)",0.13906388746400247,0.8285714285714285,0.8809523809523809,12156.570067749592,False
23,free,"(2, 1, 0, 3, 6, 5, 4)",0.14160987278642095,0.8,0.8809523809523809,12379.132873434508,False
23,free,"(3, 0, 1, 2, 4, 5, 6)",0.23941332742643048,0.7428571428571429,0.7380952380952381,20928.833093102778,False
23,free,"(3, 0, 1, 2, 4, 6, 5)",0.23003222295578948,0.7714285714285715,0.7380952380952381,20108.763584836423,False
23,free,"(3, 0, 1, 2, 5, 6, 4)",0.26064522204943463,0.8,0.7619047619047619,22784.865017439784,False
23,free,"(3, 0, 1, 2, 6, 5, 4)",0.26319120737185325,0.7142857142857143,0.7142857142857143,23007.427823124704,False
23,free,"(3, 1, 0, 2, 4, 5, 6)",0.23057768929339736,0.8285714285714285,0.7380952380952381,20156.446702816607,False
23,free,"(3, 1, 0, 2, 4, 6, 5)",0.22119658482275642,0.8571428571428572,0.7380952380952381,19336.377194550245,False
23,free,"(3, 1, 0, 2, 5, 6, 4)",0.2518095839164016,0.8857142857142857,0.7619047619047619,22012.478627153607,False
23,free,"(3, 1, 0, 2, 6, 5, 4)",0.2543555692388202,0.8,0.7142857142857143,22235.041432838523,False
23,free,"(3, 2, 0, 1, 4, 5, 6)",0.24355530578511608,0.7714285714285715,0.6666666666666667,21290.913077020192,False
23,free,"(3, 2, 0, 1, 4, 6, 5)",0.23417420131447514,0.8,0.6666666666666667,20470.843568753833,False
23,free,"(3, 2, 0, 1, 5, 6, 4)",0.2647872004081203,0.8285714285714285,0.6190476190476191,23146.945001357188,False
23,free,"(3, 2, 0, 1, 6, 5, 4)",0.26733318573053894,0.7428571428571429,0.6904761904761905,23369.507807042115,False
23,free,"(3, 2, 1, 0, 4, 5, 6)",0.25317024987194137,0.7142857142857143,0.6428571428571428,22131.424180373524,False
23,free,"(3, 2, 1, 0, 4, 6, 5)",0.24378914540130045,0.7428571428571429,0.6428571428571428,21311.354672107173,False
23,free,"(3, 2, 1, 0, 5, 6, 4)",0.27440214449494554,0.7714285714285715,0.6428571428571428,23987.45610471052,False
23,free,"(3, 2, 1, 0, 6, 5, 4)",0.2769481298173642,0.6857142857142857,0.6428571428571428,24210.018910395447,False
23,free,"(4, 5, 6, 0, 1, 2, 3)",0.2769481298173642,0.6857142857142857,0.6428571428571428,24210.018910395444,False
23,free,"(4, 5, 6, 1, 0, 2, 3)",0.26733318573053894,0.7428571428571429,0.6904761904761905,23369.50780704211,False
23,free,"(4, 5, 6, 2, 0, 1, 3)",0.2543555692388202,0.8,0.7142857142857143,22235.041432838523,False
23,free,"(4, 5, 6, 2, 1, 0, 3)",0.26319120737185325,0.7142857142857143,0.7142857142857143,23007.427823124704,False
23,free,"(4, 5, 6, 3, 0, 1, 2)",0.14160987278642104,0.8,0.8809523809523809,12379.132873434508,False
23,free,"(4, 5, 6, 3, 1, 0, 2)",0.11351429563861262,0.8571428571428572,0.8809523809523809,9923.097317260615,False
23,free,"(4, 5, 6, 3, 2, 0, 1)",0.15031369715947132,0.8285714285714285,0.8809523809523809,13139.996479203845,False
23,free,"(4, 5, 6, 3, 2, 1, 0)",0.1410187957263715,0.7428571428571429,0.8809523809523809,12327.462595642304,False
23,free,"(4, 6, 5, 0, 1, 2, 3)",0.27440214449494554,0.7714285714285715,0.6428571428571428,23987.45610471053,False
23,free,"(4, 6, 5, 1, 0, 2, 3)",0.2647872004081203,0.8285714285714285,0.6190476190476191,23146.94500135719,False
23,free,"(4, 6, 5, 2, 0, 1, 3)",0.25180958391640157,0.8857142857142857,0.7619047619047619,22012.478627153607,False
23,free,"(4, 6, 5, 2, 1, 0, 3)",0.26064522204943463,0.8,0.7619047619047619,22784.865017439777,False
23,free,"(4, 6, 5, 3, 0, 1, 2)",0.13906388746400247,0.8285714285714285,0.8809523809523809,12156.570067749592,False
23,free,"(4, 6, 5, 3, 1, 0, 2)",0.11096831031619404,0.8857142857142857,0.8809523809523809,9700.534511575697,False
23,free,"(4, 6, 5, 3, 2, 0, 1)",0.14776771183705276,0.8571428571428572,0.8809523809523809,12917.433673518932,False
23,free,"(4, 6, 5, 3, 2, 1, 0)",0.13847281040395293,0.7714285714285715,0.8809523809523809,12104.899789957388,False
23,free,"(5, 6, 4, 0, 1, 2, 3)",0.24378914540130045,0.7428571428571429,0.6428571428571428,21311.354672107176,False
23,free,"(5, 6, 4, 1, 0, 2, 3)",0.23417420131447514,0.8,0.6666666666666667,20470.843568753844,False
23,free,"(5, 6, 4, 2, 0, 1, 3)",0.22119658482275645,0.8571428571428572,0.7380952380952381,19336.37719455025,False
23,free,"(5, 6, 4, 2, 1, 0, 3)",0.2300322229557895,0.7714285714285715,0.7380952380952381,20108.763584836426,False
23,free,"(5, 6, 4, 3, 0, 1, 2)",0.10845088837035784,0.9142857142857143,0.8809523809523809,9480.468635146237,False
23,free,"(5, 6, 4, 3, 1, 0, 2)",0.08035531122254887,0.9714285714285714,0.9047619047619048,7024.433078972342,True
23,free,"(5, 6, 4, 3, 2, 0, 1)",0.11715471274340758,0.9428571428571428,0.8333333333333334,10241.332240915575,False
23,free,"(5, 6, 4, 3, 2, 1, 0)",0.10785981131030775,0.8571428571428572,0.8333333333333334,9428.798357354033,False
23,free,"(6, 5, 4, 0, 1, 2, 3)",0.25317024987194137,0.7142857142857143,0.6428571428571428,22131.424180373528,False
23,free,"(6, 5, 4, 1, 0, 2, 3)",0.24355530578511603,0.7714285714285715,0.6666666666666667,21290.913077020192,False
23,free,"(6, 5, 4, 2, 0, 1, 3)",0.23057768929339736,0.8285714285714285,0.7380952380952381,20156.446702816604,False
23,free,"(6, 5, 4, 2, 1, 0, 3)",0.23941332742643043,0.7428571428571429,0.7380952380952381,20928.83309310278,False
23,free,"(6, 5, 4, 3, 0, 1, 2)",0.1178319928409986,0.9142857142857143,0.8809523809523809,10300.53814341259,False
23,free,"(6, 5, 4, 3, 1, 0, 2)",0.08973641569318981,0.9714285714285714,0.8809523809523809,7844.502587238694,False
23,free,"(6, 5, 4, 3, 2, 0, 1)",0.1265358172140485,0.9428571428571428,0.8809523809523809,11061.401749181927,False
23,free,"(6, 5, 4, 3, 2, 1, 0)",0.11724091578094868,0.8571428571428572,0.8809523809523809,10248.867865620387,False
23,same_history,"(0, 1, 2, 3, 4, 5, 6)",0.11896260556916338,0.8571428571428572,0.8809523809523809,10547.673159366694,False
23,same_history,"(0, 1, 2, 3, 4, 6, 5)",0.10976045609687395,0.8571428571428572,0.8809523809523809,9753.138135962414,False
23,same_history,"(0, 1, 2, 3, 5, 6, 4)",0.14038893579504985,0.7714285714285715,0.8809523809523809,12410.127384382144,False
23,same_history,"(0, 1, 2, 3, 6, 5, 4)",0.14288513112182952,0.7428571428571429,0.8809523809523809,12625.755188352261,False
23,same_history,"(1, 0, 2, 3, 4, 5, 6)",0.1301190348108164,0.9428571428571428,0.8809523809523809,11533.630394705708,False
23,same_history,"(1, 0, 2, 3, 4, 6, 5)",0.12091258912037332,0.9428571428571428,0.8809523809523809,10739.095494407835,False
23,same_history,"(1, 0, 2, 3, 5, 6, 4)",0.1515490807544203,0.8571428571428572,0.8809523809523809,13396.084654280952,False
23,same_history,"(1, 0, 2, 3, 6, 5, 4)",0.15404647098902213,0.8285714285714285,0.8809523809523809,13611.71253390563,False
23,same_history,"(2, 0, 1, 3, 4, 5, 6)",0.09011957872339346,0.9714285714285714,0.8809523809523809,8002.857338467897,False
23,same_history,"(2, 0, 1, 3, 4, 6, 5)",0.08092748664616277,0.9714285714285714,0.9047619047619048,7208.322116052919,True
23,same_history,"(2, 0, 1, 3, 5, 6, 4)",0.11153683448763373,0.8857142857142857,0.8809523809523809,9865.311481119876,False
23,same_history,"(2, 0, 1, 3, 6, 5, 4)",0.11403024162150278,0.8571428571428572,0.8809523809523809,10080.939264607197,False
23,same_history,"(2, 1, 0, 3, 4, 5, 6)",0.11817767314847695,0.9142857142857143,0.8809523809523809,10458.828311832236,False
23,same_history,"(2, 1, 0, 3, 4, 6, 5)",0.10898283863317236,0.9142857142857143,0.8809523809523809,9664.293139378697,False
23,same_history,"(2, 1, 0, 3, 5, 6, 4)",0.13959739600951016,0.8285714285714285,0.8809523809523809,12321.282559367402,False
23,same_history,"(2, 1, 0, 3, 6, 5, 4)",0.14209153402017902,0.8,0.8809523809523809,12536.910281422648,False
23,same_history,"(3, 0, 1, 2, 4, 5, 6)",0.243447138602751,0.6857142857142857,0.6904761904761905,21284.628318708525,False
23,same_history,"(3, 0, 1, 2, 4, 6, 5)",0.23433712326006864,0.7142857142857143,0.6904761904761905,20490.093568703633,False
23,same_history,"(3, 0, 1, 2, 5, 6, 4)",0.2647723005798657,0.7428571428571429,0.6904761904761905,23147.082471830137,False
23,same_history,"(3, 0, 1, 2, 6, 5, 4)",0.26724225889009257,0.6571428571428571,0.6904761904761905,23362.71064796266,False
23,same_history,"(3, 1, 0, 2, 4, 5, 6)",0.23631747930836777,0.8571428571428572,0.6904761904761905,20668.24998016391,False
23,same_history,"(3, 1, 0, 2, 4, 6, 5)",0.22719339751123108,0.8857142857142857,0.6904761904761905,19873.71500678434,False
23,same_history,"(3, 1, 0, 2, 5, 6, 4)",0.25766011581248377,0.9142857142857143,0.6904761904761905,22530.7042246213,False
23,same_history,"(3, 1, 0, 2, 6, 5, 4)",0.2601340619650739,0.8285714285714285,0.6904761904761905,22746.33199370415,False
23,same_history,"(3, 2, 0, 1, 4, 5, 6)",0.24426706536884552,0.7714285714285715,0.6666666666666667,21353.332680729494,False
23,same_history,"(3, 2, 0, 1, 4, 6, 5)",0.2351803407559014,0.8,0.6666666666666667,20558.797677465533,False
23,same_history,"(3, 2, 0, 1, 5, 6, 4)",0.2655621111007585,0.8285714285714285,0.6190476190476191,23215.786939929472,False
23,same_history,"(3, 2, 0, 1, 6, 5, 4)",0.26802548850291574,0.7428571428571429,0.6904761904761905,23431.414696633554,False
23,same_history,"(3, 2, 1, 0, 4, 5, 6)",0.25509433976964124,0.7142857142857143,0.6428571428571428,22299.622998507188,False
23,same_history,"(3, 2, 1, 0, 4, 6, 5)",0.24600266417185815,0.7428571428571429,0.6428571428571428,21505.08800008261,False
23,same_history,"(3, 2, 1, 0, 5, 6, 4)",0.2763958020896986,0.7714285714285715,0.6428571428571428,24162.077224806926,False
23,same_history,"(3, 2, 1, 0, 6, 5, 4)",0.27886053749447276,0.6857142857142857,0.6428571428571428,24377.70500831669,False
23,same_history,"(4, 5, 6, 0, 1, 2, 3)",0.3126747729407413,0.6285714285714286,0.5714285714285714,29633.892245492767,False
23,same_history,"(4, 5, 6, 1, 0, 2, 3)",0.3027697940771376,0.7428571428571429,0.5714285714285714,28951.510470911224,False
23,same_history,"(4, 5, 6, 2, 0, 1, 3)",0.2904266643312076,0.8285714285714285,0.6428571428571428,27438.319477643327,False
23,same_history,"(4, 5, 6, 2, 1, 0, 3)",0.29915235524713096,0.6285714285714286,0.7142857142857143,28318.606448769173,False
23,same_history,"(4, 5, 6, 3, 0, 1, 2)",0.1456949166659759,0.8,0.8809523809523809,19720.528455196985,False
23,same_history,"(4, 5, 6, 3, 1, 0, 2)",0.11661065200918316,0.8571428571428572,0.8809523809523809,17502.58370905058,False
23,same_history,"(4, 5, 6, 3, 2, 0, 1)",0.1590465514612143,0.8285714285714285,0.8809523809523809,20205.248464544024,False
23,same_history,"(4, 5, 6, 3, 2, 1, 0)",0.14796720433727797,0.8,0.8809523809523809,19549.97270133609,False
23,same_history,"(4, 6, 5, 0, 1, 2, 3)",0.31013024076778734,0.7142857142857143,0.5238095238095238,29418.25627304492,False
23,same_history,"(4, 6, 5, 1, 0, 2, 3)",0.3002263915274581,0.8285714285714285,0.5714285714285714,28735.87467384746,False
23,same_history,"(4, 6, 5, 2, 0, 1, 3)",0.2878807853637834,0.9142857142857143,0.6666666666666667,27222.68343867863,False
23,same_history,"(4, 6, 5, 2, 1, 0, 3)",0.2966069133082484,0.7714285714285715,0.7619047619047619,28102.972237184265,False
23,same_history,"(4, 6, 5, 3, 0, 1, 2)",0.14323702130976912,0.7428571428571429,0.8809523809523809,19504.891566944003,False
23,same_history,"(4, 6, 5, 3, 1, 0, 2)",0.11415575393421198,0.8,0.8809523809523809,17286.94786621138,False
23,same_history,"(4, 6, 5, 3, 2, 0, 1)",0.15656921410893512,0.7714285714285715,0.8809523809523809,19989.612639414503,False
23,same_history,"(4, 6, 5, 3, 2, 1, 0)",0.14549729646240553,0.7428571428571429,0.8809523809523809,19334.3370632826,False
23,same_history,"(5, 6, 4, 0, 1, 2, 3)",0.27940603840273553,0.7142857142857143,0.6428571428571428,26889.720723037353,False
23,same_history,"(5, 6, 4, 1, 0, 2, 3)",0.26947442188997794,0.8285714285714285,0.6904761904761905,26207.33873545457,False
23,same_history,"(5, 6, 4, 2, 0, 1, 3)",0.2572284175154663,0.9142857142857143,0.6666666666666667,24694.147476637852,False
23,same_history,"(5, 6, 4, 2, 1, 0, 3)",0.2659203933944982,0.7428571428571429,0.7380952380952381,25574.43480402646,False
23,same_history,"(5, 6, 4, 3, 0, 1, 2)",0.11255813188074326,0.9428571428571428,0.8809523809523809,16976.35667085956,False
23,same_history,"(5, 6, 4, 3, 1, 0, 2)",0.08349070323067745,1.0,0.9047619047619048,14758.412033864894,False
23,same_history,"(5, 6, 4, 3, 2, 0, 1)",0.1258095820724274,0.9714285714285714,0.8809523809523809,17461.07670503378,False
23,same_history,"(5, 6, 4, 3, 2, 1, 0)",0.11476702514794546,0.9428571428571428,0.8809523809523809,16805.798575088607,False
23,same_history,"(6, 5, 4, 0, 1, 2, 3)",0.2887804084579451,0.6571428571428571,0.6428571428571428,27684.247401360753,False
23,same_history,"(6, 5, 4, 1, 0, 2, 3)",0.27884438556677255,0.7714285714285715,0.6904761904761905,27001.86571264355,False
23,same_history,"(6, 5, 4, 2, 0, 1, 3)",0.2666086264760778,0.7714285714285715,0.7142857142857143,25488.67445170067,False
23,same_history,"(6, 5, 4, 2, 1, 0, 3)",0.27529865603163567,0.6,0.7380952380952381,26368.96106580316,False
23,same_history,"(6, 5, 4, 3, 0, 1, 2)",0.12162370790899481,0.9142857142857143,0.8809523809523809,17770.88376305836,False
23,same_history,"(6, 5, 4, 3, 1, 0, 2)",0.09254551323196332,0.9714285714285714,0.8809523809523809,15552.938746514055,False
23,same_history,"(6, 5, 4, 3, 2, 0, 1)",0.1349432784086002,0.9428571428571428,0.8809523809523809,18255.603715581437,False
23,same_history,"(6, 5, 4, 3, 2, 1, 0)",0.12387459867192728,0.9142857142857143,0.8809523809523809,17600.327936745147,False
24,tmtm,"(np.int64(0), np.int64(1), np.int64(2), np.int64(4), np.int64(3), np.int64(5))",0.15974155223277794,0.875,,54125.01386567451,False
24,tmtm,"(np.int64(4), np.int64(3), np.int64(5), np.int64(0), np.int64(1), np.int64(2))",0.21804770436379786,0.875,,54666.4562329476,False
24,tmtm,"(np.int64(0), np.int64(1), np.int64(2), np.int64(3), np.int64(5), np.int64(4))",0.08216176619519898,0.9166666666666666,,54528.82247233857,False
24,tmtm,"(np.int64(3), np.int64(5), np.int64(4), np.int64(0), np.int64(1), np.int64(2))",0.25800861741705117,0.875,,54475.57634729555,False
24,tmtm,"(np.int64(0), np.int64(1), np.int64(2), np.int64(4), np.int64(5), np.int64(3))",0.17046834087172882,0.9166666666666666,,54223.1801489275,False
24,tmtm,"(np.int64(4), np.int64(5), np.int64(3), np.int64(0), np.int64(1), np.int64(2))",0.190651925192524,0.9166666666666666,,54409.626681659465,False
24,tmtm,"(np.int64(0), np.int64(1), np.int64(2), np.int64(5), np.int64(3), np.int64(4))",0.11379744753481447,0.875,,54785.652023626724,False
24,tmtm,"(np.int64(5), np.int64(3), np.int64(4), np.int64(0), np.int64(1), np.int64(2))",0.2483148787453632,0.7916666666666666,,54377.410064042546,False
24,tmtm,"(np.int64(1), np.int64(2), np.int64(0), np.int64(4), np.int64(3), np.int64(5))",0.2453991882885504,0.7916666666666666,,54544.57770065407,False
24,tmtm,"(np.int64(4), np.int64(3), np.int64(5), np.int64(1), np.int64(2), np.int64(0))",0.16942626737050306,0.7916666666666666,,54617.712578192935,False
24,tmtm,"(np.int64(1), np.int64(2), np.int64(0), np.int64(3), np.int64(5), np.int64(4))",0.18156536257192357,0.8333333333333334,,54943.7472540637,False
24,tmtm,"(np.int64(3), np.int64(5), np.int64(4), np.int64(1), np.int64(2), np.int64(0))",0.21276029446058514,0.7916666666666666,,54422.193639286445,False
24,tmtm,"(np.int64(1), np.int64(2), np.int64(0), np.int64(4), np.int64(5), np.int64(3))",0.2552605933642839,0.8333333333333334,,54642.74398390708,False
24,tmtm,"(np.int64(4), np.int64(5), np.int64(3), np.int64(1), np.int64(2), np.int64(0))",0.14030175728256472,0.8333333333333334,,54360.88302690478,False
24,tmtm,"(np.int64(1), np.int64(2), np.int64(0), np.int64(5), np.int64(3), np.int64(4))",0.21046471098618086,0.7916666666666666,,55200.57680535184,False
24,tmtm,"(np.int64(5), np.int64(3), np.int64(4), np.int64(1), np.int64(2), np.int64(0))",0.2024666942993307,0.7083333333333333,,54324.02735603343,False
24,tmtm,"(np.int64(0), np.int64(2), np.int64(1), np.int64(4), np.int64(3), np.int64(5))",0.2283342707155624,0.45833333333333337,,54915.842172004384,False
24,tmtm,"(np.int64(4), np.int64(3), np.int64(5), np.int64(0), np.int64(2), np.int64(1))",0.20483448895725898,0.7083333333333333,,53923.925204380444,False
24,tmtm,"(np.int64(0), np.int64(2), np.int64(1), np.int64(3), np.int64(5), np.int64(4))",0.16163161676020063,0.7083333333333333,,55324.2898319229,False
24,tmtm,"(np.int64(3), np.int64(5), np.int64(4), np.int64(0), np.int64(2), np.int64(1))",0.24396419035140746,0.7083333333333333,,53737.68437198285,False
24,tmtm,"(np.int64(0), np.int64(2), np.int64(1), np.int64(4), np.int64(5), np.int64(3))",0.2387367836138612,0.45833333333333337,,55014.0084552574,False
24,tmtm,"(np.int64(4), np.int64(5), np.int64(3), np.int64(0), np.int64(2), np.int64(1))",0.17849115109223365,0.75,,53667.0956530923,False
24,tmtm,"(np.int64(0), np.int64(2), np.int64(1), np.int64(5), np.int64(3), np.int64(4))",0.19220014066865446,0.625,,55581.119383211044,False
24,tmtm,"(np.int64(5), np.int64(3), np.int64(4), np.int64(0), np.int64(2), np.int64(1))",0.23461185458008088,0.625,,53639.51808872985,False
24,tmtm,"(np.int64(2), np.int64(1), np.int64(0), np.int64(4), np.int64(3), np.int64(5))",0.26337087592336045,0.9166666666666666,,55101.437897764976,False
24,tmtm,"(np.int64(4), np.int64(3), np.int64(5), np.int64(2), np.int64(1), np.int64(0))",0.10586921611074897,0.9166666666666666,,53641.21344040681,False
24,tmtm,"(np.int64(2), np.int64(1), np.int64(0), np.int64(3), np.int64(5), np.int64(4))",0.19948052920469167,0.9583333333333334,,55505.24650442904,False
24,tmtm,"(np.int64(3), np.int64(5), np.int64(4), np.int64(2), np.int64(1), np.int64(0))",0.15366524421938008,0.9166666666666666,,53450.33355475476,False
24,tmtm,"(np.int64(2), np.int64(1), np.int64(0), np.int64(4), np.int64(5), np.int64(3))",0.27341224237981887,0.9583333333333334,,55199.604181017974,False
24,tmtm,"(np.int64(4), np.int64(5), np.int64(3), np.int64(2), np.int64(1), np.int64(0))",0.07659052909253058,0.9583333333333334,,53384.38388911867,False
24,tmtm,"(np.int64(2), np.int64(1), np.int64(0), np.int64(5), np.int64(3), np.int64(4))",0.22900692735663714,0.9166666666666666,,55762.076055717174,False
24,tmtm,"(np.int64(5), np.int64(3), np.int64(4), np.int64(2), np.int64(1), np.int64(0))",0.14331446069772924,0.8333333333333334,,53352.16727150176,False
24,free,"(0, 1, 2, 3, 5, 4)",0.0632484750463654,1.0,,4328.300856911841,True
24,free,"(0, 1, 2, 4, 3, 5)",0.12132881290672778,0.7083333333333333,,8302.929113900655,False
24,free,"(0, 1, 2, 4, 5, 3)",0.12640047105980365,0.8333333333333334,,8649.999336761055,False
24,free,"(0, 1, 2, 5, 3, 4)",0.07675384245534811,0.875,,5252.517500655525,False
24,free,"(0, 2, 1, 3, 5, 4)",0.1221264006913982,0.8333333333333334,,8357.510665303524,False
24,free,"(0, 2, 1, 4, 3, 5)",0.1802067385517599,0.7083333333333333,,12332.138922292339,False
24,free,"(0, 2, 1, 4, 5, 3)",0.1852783967048357,0.8333333333333334,,12679.209145152736,False
24,free,"(0, 2, 1, 5, 3, 4)",0.13563176810035762,0.7916666666666666,,9281.727309047204,False
24,free,"(1, 2, 0, 3, 5, 4)",0.16766005725707536,0.75,,11473.528317697986,False
24,free,"(1, 2, 0, 4, 3, 5)",0.22574039511743774,0.625,,15448.156574686802,False
24,free,"(1, 2, 0, 4, 5, 3)",0.2308120532705137,0.75,,15795.226797547199,False
24,free,"(1, 2, 0, 5, 3, 4)",0.1811654246660567,0.7083333333333333,,12397.744961441675,False
24,free,"(2, 1, 0, 3, 5, 4)",0.18323189930068798,0.9166666666666666,,12539.160607040232,False
24,free,"(2, 1, 0, 4, 3, 5)",0.24131223716105032,0.7916666666666666,,16513.788864029048,False
24,free,"(2, 1, 0, 4, 5, 3)",0.24638389531412616,0.9166666666666666,,16860.859086889443,False
24,free,"(2, 1, 0, 5, 3, 4)",0.19673726670966907,0.875,,13463.377250783915,False
24,free,"(3, 5, 4, 0, 1, 2)",0.24638389531412616,0.9166666666666666,,16860.859086889443,False
24,free,"(3, 5, 4, 0, 2, 1)",0.2308120532705137,0.75,,15795.226797547199,False
24,free,"(3, 5, 4, 1, 2, 0)",0.1852783967048357,0.8333333333333334,,12679.209145152736,False
24,free,"(3, 5, 4, 2, 1, 0)",0.12640047105980368,0.8333333333333334,,8649.999336761053,False
24,free,"(4, 3, 5, 0, 1, 2)",0.19673726670966904,0.875,,13463.377250783913,False
24,free,"(4, 3, 5, 0, 2, 1)",0.18116542466605676,0.7083333333333333,,12397.744961441673,False
24,free,"(4, 3, 5, 1, 2, 0)",0.13563176810035762,0.7916666666666666,,9281.727309047206,False
24,free,"(4, 3, 5, 2, 1, 0)",0.07675384245534814,0.875,,5252.517500655525,False
24,free,"(4, 5, 3, 0, 1, 2)",0.18323189930068795,0.9166666666666666,,12539.160607040229,False
24,free,"(4, 5, 3, 0, 2, 1)",0.16766005725707542,0.75,,11473.528317697988,False
24,free,"(4, 5, 3, 1, 2, 0)",0.1221264006913982,0.8333333333333334,,8357.510665303524,False
24,free,"(4, 5, 3, 2, 1, 0)",0.06324847504636538,1.0,,4328.300856911841,True
24,free,"(5, 3, 4, 0, 1, 2)",0.24131223716105038,0.7916666666666666,,16513.788864029044,False
24,free,"(5, 3, 4, 0, 2, 1)",0.2257403951174378,0.625,,15448.156574686802,False
24,free,"(5, 3, 4, 1, 2, 0)",0.18020673855175987,0.7083333333333333,,12332.138922292335,False
24,free,"(5, 3, 4, 2, 1, 0)",0.12132881290672776,0.7083333333333333,,8302.929113900655,False
24,same_history,"(0, 1, 2, 3, 5, 4)",0.06364991079352335,1.0,,4451.872118288043,True
24,same_history,"(0, 1, 2, 4, 3, 5)",0.12438521619675383,0.7083333333333333,,8603.932352934668,False
24,same_history,"(0, 1, 2, 4, 5, 3)",0.1299713157915742,0.8333333333333334,,8988.730739463666,False
24,same_history,"(0, 1, 2, 5, 3, 4)",0.0771552844415701,0.875,,5374.675529319585,False
24,same_history,"(0, 2, 1, 3, 5, 4)",0.12251576910151586,0.8333333333333334,,8478.480075315,False
24,same_history,"(0, 2, 1, 4, 3, 5)",0.18325021983175863,0.7083333333333333,,12630.540335440834,False
24,same_history,"(0, 2, 1, 4, 5, 3)",0.1888350165780044,0.8333333333333334,,13015.338513762392,False
24,same_history,"(0, 2, 1, 5, 3, 4)",0.13602114079597422,0.7916666666666666,,9401.283310458331,False
24,same_history,"(1, 2, 0, 3, 5, 4)",0.17327796308666604,0.75,,12012.484353105563,False
24,same_history,"(1, 2, 0, 4, 3, 5)",0.233987728803208,0.625,,16164.544384497673,False
24,same_history,"(1, 2, 0, 4, 5, 3)",0.23955334406806053,0.75,,16549.343002752285,False
24,same_history,"(1, 2, 0, 5, 3, 4)",0.18678069661196953,0.7083333333333333,,12935.287591361533,False
24,same_history,"(2, 1, 0, 3, 5, 4)",0.19545602841796822,0.9166666666666666,,13545.603336302316,False
24,same_history,"(2, 1, 0, 4, 3, 5)",0.2561551682184017,0.7916666666666666,,17697.663274511953,False
24,same_history,"(2, 1, 0, 4, 5, 3)",0.2617151052391589,0.9166666666666666,,18082.461786587468,False
24,same_history,"(2, 1, 0, 5, 3, 4)",0.20895724138420194,0.875,,14468.406553063778,False
24,same_history,"(3, 5, 4, 0, 1, 2)",0.27431234725196324,0.9166666666666666,,23133.41513316232,False
24,same_history,"(3, 5, 4, 0, 2, 1)",0.2549503818826551,0.875,,22375.130067418766,False
24,same_history,"(3, 5, 4, 1, 2, 0)",0.19663064946295267,0.8333333333333334,,20052.0478057396,False
24,same_history,"(3, 5, 4, 2, 1, 0)",0.13424150124290649,0.8333333333333334,,16462.293763619058,False
24,same_history,"(4, 3, 5, 0, 1, 2)",0.22030186202065158,0.875,,20192.709972959517,False
24,same_history,"(4, 3, 5, 0, 2, 1)",0.20035538514640358,0.7916666666666666,,19434.424229172422,False
24,same_history,"(4, 3, 5, 1, 2, 0)",0.1406068905093505,0.7916666666666666,,17111.341796919536,False
24,same_history,"(4, 3, 5, 2, 1, 0)",0.07806794140077357,0.875,,13521.590120124833,False
24,same_history,"(4, 5, 3, 0, 1, 2)",0.20649842719233857,0.7916666666666666,,19372.61255249699,False
24,same_history,"(4, 5, 3, 0, 2, 1)",0.1865103460878978,0.7916666666666666,,18614.327641164913,False
24,same_history,"(4, 5, 3, 1, 2, 0)",0.12669721557583496,0.8333333333333334,,16291.244476674836,False
24,same_history,"(4, 5, 3, 2, 1, 0)",0.06415527905725947,1.0,,12701.492774350458,False
24,same_history,"(5, 3, 4, 0, 1, 2)",0.26859251256958117,0.875,,22851.838501198352,False
24,same_history,"(5, 3, 4, 0, 2, 1)",0.2491199102467615,0.8333333333333334,,22093.553591458516,False
24,same_history,"(5, 3, 4, 1, 2, 0)",0.19051169442066482,0.7916666666666666,,19770.47069000066,False
24,same_history,"(5, 3, 4, 2, 1, 0)",0.12808836771151022,0.7916666666666666,,16180.719036919747,False
25,tmtm,"(np.int64(0), np.int64(1), np.int64(2), np.int64(4), np.int64(3))",0.07852533839049526,0.9333333333333333,,40334.133418493286,False
25,tmtm,"(np.int64(3), np.int64(0), np.int64(1), np.int64(2), np.int64(4))",0.2383551748175191,0.6666666666666667,,42826.416028005246,False
25,tmtm,"(np.int64(1), np.int64(2), np.int64(4), np.int64(0), np.int64(3))",0.20285037314943105,0.4666666666666667,,40989.76678530545,False
25,tmtm,"(np.int64(3), np.int64(1), np.int64(2), np.int64(4), np.int64(0))",0.27618552043444117,0.1333333333333333,,42292.01632655988,False
25,tmtm,"(np.int64(0), np.int64(4), np.int64(1), np.int64(2), np.int64(3))",0.23647338797412043,0.5333333333333333,,41732.08910458443,False
25,tmtm,"(np.int64(3), np.int64(0), np.int64(4), np.int64(1), np.int64(2))",0.22088957281441254,0.5333333333333333,,42451.62975781042,False
25,tmtm,"(np.int64(4), np.int64(1), np.int64(2), np.int64(0), np.int64(3))",0.26638992527938493,0.4666666666666667,,42222.1137199825,False
25,tmtm,"(np.int64(3), np.int64(4), np.int64(1), np.int64(2), np.int64(0))",0.15551635470123004,0.6,,41751.621304950946,False
25,tmtm,"(np.int64(0), np.int64(2), np.int64(1), np.int64(4), np.int64(3))",0.1582594415393146,0.7333333333333334,,40883.35179337542,False
25,tmtm,"(np.int64(3), np.int64(0), np.int64(2), np.int64(1), np.int64(4))",0.2911828805588953,0.5333333333333333,,43169.30166255542,False
25,tmtm,"(np.int64(2), np.int64(1), np.int64(4), np.int64(0), np.int64(3))",0.21642572280069255,0.4666666666666667,,41090.61287801593,False
25,tmtm,"(np.int64(3), np.int64(2), np.int64(1), np.int64(4), np.int64(0))",0.26137817274934655,0.4,,42186.52967893839,False
25,tmtm,"(np.int64(0), np.int64(4), np.int64(2), np.int64(1), np.int64(3))",0.25108774413767354,0.5333333333333333,,41837.57575220592,False
25,tmtm,"(np.int64(3), np.int64(0), np.int64(4), np.int64(2), np.int64(1))",0.20529146081826524,0.6666666666666667,,42350.78366509995,False
25,tmtm,"(np.int64(4), np.int64(2), np.int64(1), np.int64(0), np.int64(3))",0.21738711723321974,0.8666666666666667,,41879.22808543233,False
25,tmtm,"(np.int64(3), np.int64(4), np.int64(2), np.int64(1), np.int64(0))",0.06797360692334485,1.0,,41202.40293006882,False
25,free,"(0, 1, 2, 4, 3)",0.05972954318152284,0.8666666666666667,,3102.525653180598,False
25,free,"(0, 2, 1, 4, 3)",0.12138312740928511,0.8,,6304.991576883421,False
25,free,"(0, 4, 1, 2, 3)",0.22017342872638293,0.4,,11436.446260711502,False
25,free,"(0, 4, 2, 1, 3)",0.23201503893367392,0.6,,12051.533828540929,False
25,free,"(1, 2, 4, 0, 3)",0.2015542156389021,0.6,,10469.31034824708,False
25,free,"(2, 1, 4, 0, 3)",0.2128748912668799,0.4666666666666667,,11057.339063624942,False
25,free,"(3, 0, 1, 2, 4)",0.2143721307544211,0.8666666666666667,,11135.110023716406,False
25,free,"(3, 0, 2, 1, 4)",0.2528634291469146,0.5333333333333333,,13134.459664211943,False
25,free,"(3, 0, 4, 1, 2)",0.21287489126687992,0.4666666666666667,,11057.339063624944,False
25,free,"(3, 0, 4, 2, 1)",0.2015542156389021,0.6,,10469.31034824708,False
25,free,"(3, 1, 2, 4, 0)",0.23201503893367392,0.6,,12051.533828540927,False
25,free,"(3, 2, 1, 4, 0)",0.22017342872638293,0.4,,11436.4462607115,False
25,free,"(3, 4, 1, 2, 0)",0.12138312740928511,0.8,,6304.99157688342,False
25,free,"(3, 4, 2, 1, 0)",0.05972954318152284,0.8666666666666667,,3102.5256531805976,False
25,free,"(4, 1, 2, 0, 3)",0.2528634291469146,0.5333333333333333,,13134.459664211943,False
25,free,"(4, 2, 1, 0, 3)",0.21437213075442113,0.8666666666666667,,11135.110023716406,False
25,same_history,"(0, 1, 2, 4, 3)",0.06020873493272994,0.9333333333333333,,3139.236992562393,True
25,same_history,"(0, 2, 1, 4, 3)",0.1220099389453277,0.8,,6350.145127598276,False
25,same_history,"(0, 4, 1, 2, 3)",0.2266196080173071,0.4,,11784.015180898798,False
25,same_history,"(0, 4, 2, 1, 3)",0.2506688225171441,0.5333333333333333,,13038.69383352274,False
25,same_history,"(1, 2, 4, 0, 3)",0.2443309529405125,0.4,,12908.01879895634,False
25,same_history,"(2, 1, 4, 0, 3)",0.2606714126758682,0.4,,13823.052263279296,False
25,same_history,"(3, 0, 1, 2, 4)",0.2816788628144389,0.6666666666666667,,16007.190812868836,False
25,same_history,"(3, 0, 2, 1, 4)",0.31930332237529624,0.5333333333333333,,18170.41363547316,False
25,same_history,"(3, 0, 4, 1, 2)",0.28141529025562095,0.4,,17002.26421504793,False
25,same_history,"(3, 0, 4, 2, 1)",0.268297011179489,0.6666666666666667,,16803.870591430314,False
25,same_history,"(3, 1, 2, 4, 0)",0.27993094407080277,0.4,,19864.34328767129,False
25,same_history,"(3, 2, 1, 4, 0)",0.25595578749751235,0.4666666666666667,,19640.32994199298,False
25,same_history,"(3, 4, 1, 2, 0)",0.13422899168321906,0.8,,15492.533281118735,False
25,same_history,"(3, 4, 2, 1, 0)",0.06123659195149603,0.8666666666666667,,12818.932594582133,False
25,same_history,"(4, 1, 2, 0, 3)",0.30950229985109434,0.4666666666666667,,16499.94052333566,False
25,same_history,"(4, 2, 1, 0, 3)",0.27592241389811356,0.8666666666666667,,14965.384287446215,False
26,tmtm,"(np.int64(0), np.int64(1), np.int64(2), np.int64(4), np.int64(3), np.int64(5))",0.09107554710718785,0.8333333333333334,,66983.67284426616,False
26,tmtm,"(np.int64(1), np.int64(2), np.int64(4), np.int64(3), np.int64(5), np.int64(0))",0.19567964771033344,0.6666666666666667,,69484.45497530336,False
26,tmtm,"(np.int64(0), np.int64(3), np.int64(5), np.int64(1), np.int64(2), np.int64(4))",0.28066721497019154,0.8333333333333334,,69619.22577095585,False
26,tmtm,"(np.int64(3), np.int64(5), np.int64(1), np.int64(2), np.int64(4), np.int64(0))",0.28141134378165766,0.625,,68976.41158923494,False
26,tmtm,"(np.int64(0), np.int64(4), np.int64(1), np.int64(2), np.int64(3), np.int64(5))",0.27057830802238253,0.625,,68839.58517374432,False
26,tmtm,"(np.int64(4), np.int64(1), np.int64(2), np.int64(3), np.int64(5), np.int64(0))",0.31508094030871325,0.625,,70042.17688602714,False
26,tmtm,"(np.int64(0), np.int64(3), np.int64(5), np.int64(4), np.int64(1), np.int64(2))",0.2052398153857827,0.875,,69588.60330376207,False
26,tmtm,"(np.int64(3), np.int64(5), np.int64(4), np.int64(1), np.int64(2), np.int64(0))",0.14992399921791033,0.8333333333333334,,67647.59870328677,False
26,tmtm,"(np.int64(0), np.int64(1), np.int64(2), np.int64(4), np.int64(5), np.int64(3))",0.08001378227365578,0.9166666666666666,,66861.29948312418,False
26,tmtm,"(np.int64(1), np.int64(2), np.int64(4), np.int64(5), np.int64(3), np.int64(0))",0.1693409731890961,0.875,,69200.68144157316,False
26,tmtm,"(np.int64(0), np.int64(5), np.int64(3), np.int64(1), np.int64(2), np.int64(4))",0.30384976897747834,0.7083333333333333,,69902.99930468605,False
26,tmtm,"(np.int64(5), np.int64(3), np.int64(1), np.int64(2), np.int64(4), np.int64(0))",0.29103142238702073,0.625,,69098.78495037692,False
26,tmtm,"(np.int64(0), np.int64(4), np.int64(1), np.int64(2), np.int64(5), np.int64(3))",0.2608209149241944,0.625,,68717.21181260233,False
26,tmtm,"(np.int64(4), np.int64(1), np.int64(2), np.int64(5), np.int64(3), np.int64(0))",0.29208461406178043,0.75,,69758.40335229693,False
26,tmtm,"(np.int64(0), np.int64(5), np.int64(3), np.int64(4), np.int64(1), np.int64(2))",0.23099842565948986,0.6666666666666667,,69872.3768374923,False
26,tmtm,"(np.int64(5), np.int64(3), np.int64(4), np.int64(1), np.int64(2), np.int64(0))",0.16055587015694942,0.75,,67769.97206442876,False
26,tmtm,"(np.int64(0), np.int64(2), np.int64(1), np.int64(4), np.int64(3), np.int64(5))",0.17249976459190855,0.625,,68420.78818385125,False
26,tmtm,"(np.int64(2), np.int64(1), np.int64(4), np.int64(3), np.int64(5), np.int64(0))",0.23158488566362473,0.6666666666666667,,71054.94398945433,False
26,tmtm,"(np.int64(0), np.int64(3), np.int64(5), np.int64(2), np.int64(1), np.int64(4))",0.2772799907507508,0.75,,69025.24015685673,False
26,tmtm,"(np.int64(3), np.int64(5), np.int64(2), np.int64(1), np.int64(4), np.int64(0))",0.2468421171286064,0.6666666666666667,,68515.79964970169,False
26,tmtm,"(np.int64(0), np.int64(4), np.int64(2), np.int64(1), np.int64(3), np.int64(5))",0.314177860922281,0.625,,69318.75332629531,False
26,tmtm,"(np.int64(4), np.int64(2), np.int64(1), np.int64(3), np.int64(5), np.int64(0))",0.3288302233498281,0.5416666666666667,,70654.718713144,False
26,tmtm,"(np.int64(0), np.int64(3), np.int64(5), np.int64(4), np.int64(2), np.int64(1))",0.17652539702853812,0.875,,68036.67050262887,False
26,tmtm,"(np.int64(3), np.int64(5), np.int64(4), np.int64(2), np.int64(1), np.int64(0))",0.08132218659301206,0.9166666666666666,,66229.03957671943,False
26,tmtm,"(np.int64(0), np.int64(2), np.int64(1), np.int64(4), np.int64(5), np.int64(3))",0.16160789326218156,0.625,,68298.41482270927,False
26,tmtm,"(np.int64(2), np.int64(1), np.int64(4), np.int64(5), np.int64(3), np.int64(0))",0.20361854422769843,0.875,,70771.17045572413,False
26,tmtm,"(np.int64(0), np.int64(5), np.int64(3), np.int64(2), np.int64(1), np.int64(4))",0.2996975320579761,0.625,,69309.01369058693,False
26,tmtm,"(np.int64(5), np.int64(3), np.int64(2), np.int64(1), np.int64(4), np.int64(0))",0.25667476289519686,0.6666666666666667,,68638.17301084366,False
26,tmtm,"(np.int64(0), np.int64(4), np.int64(2), np.int64(1), np.int64(5), np.int64(3))",0.3047643220965063,0.625,,69196.37996515332,False
26,tmtm,"(np.int64(4), np.int64(2), np.int64(1), np.int64(5), np.int64(3), np.int64(0))",0.3053412896095975,0.7083333333333333,,70370.94517941379,False
26,tmtm,"(np.int64(0), np.int64(5), np.int64(3), np.int64(4), np.int64(2), np.int64(1))",0.20080566853610124,0.6666666666666667,,68320.44403635907,False
26,tmtm,"(np.int64(5), np.int64(3), np.int64(4), np.int64(2), np.int64(1), np.int64(0))",0.09198595355011328,0.8333333333333334,,66351.41293786142,False
26,free,"(0, 1, 2, 4, 3, 5)",0.08147628717687437,0.8333333333333334,,6994.859781186702,False
26,free,"(0, 1, 2, 4, 5, 3)",0.07350801579670146,0.9166666666666666,,6310.771895815158,True
26,free,"(0, 2, 1, 4, 3, 5)",0.13011777246634323,0.75,,11170.803248148772,False
26,free,"(0, 2, 1, 4, 5, 3)",0.12214950108617044,0.8333333333333334,,10486.71536277723,False
26,free,"(0, 3, 5, 1, 2, 4)",0.237886996451678,0.875,,20422.950549217454,False
26,free,"(0, 3, 5, 2, 1, 4)",0.24643117375087972,0.6666666666666667,,21156.480809669458,False
26,free,"(0, 3, 5, 4, 1, 2)",0.18242954986180715,0.9166666666666666,,15661.846721834163,False
26,free,"(0, 3, 5, 4, 2, 1)",0.15861484395270187,0.9166666666666666,,13617.318990682581,False
26,free,"(0, 4, 1, 2, 3, 5)",0.22107759665842985,0.5833333333333333,,18979.838710991215,False
26,free,"(0, 4, 1, 2, 5, 3)",0.21310932527825696,0.5833333333333333,,18295.750825619674,False
26,free,"(0, 4, 2, 1, 3, 5)",0.236955573742828,0.7916666666666666,,20342.986531818446,False
26,free,"(0, 4, 2, 1, 5, 3)",0.22898730236265508,0.7916666666666666,,19658.898646446905,False
26,free,"(0, 5, 3, 1, 2, 4)",0.2563647477054769,0.75,,22009.29282830765,False
26,free,"(0, 5, 3, 2, 1, 4)",0.26490892500467866,0.5416666666666667,,22742.82308875965,False
26,free,"(0, 5, 3, 4, 1, 2)",0.2009073011156061,0.6666666666666667,,17248.189000924358,False
26,free,"(0, 5, 3, 4, 2, 1)",0.17709259520650078,0.7083333333333333,,15203.661269772776,False
26,free,"(1, 2, 4, 3, 5, 0)",0.17709259520650078,0.7083333333333333,,15203.661269772778,False
26,free,"(1, 2, 4, 5, 3, 0)",0.1586148439527019,0.9166666666666666,,13617.318990682583,False
26,free,"(2, 1, 4, 3, 5, 0)",0.2009073011156061,0.6666666666666667,,17248.189000924358,False
26,free,"(2, 1, 4, 5, 3, 0)",0.18242954986180715,0.9166666666666666,,15661.846721834163,False
26,free,"(3, 5, 1, 2, 4, 0)",0.22898730236265508,0.7916666666666666,,19658.8986464469,False
26,free,"(3, 5, 2, 1, 4, 0)",0.21310932527825696,0.5833333333333333,,18295.750825619674,False
26,free,"(3, 5, 4, 1, 2, 0)",0.1221495010861704,0.8333333333333334,,10486.715362777231,False
26,free,"(3, 5, 4, 2, 1, 0)",0.07350801579670145,0.9166666666666666,,6310.771895815156,True
26,free,"(4, 1, 2, 3, 5, 0)",0.26490892500467866,0.5416666666666667,,22742.82308875965,False
26,free,"(4, 1, 2, 5, 3, 0)",0.24643117375087972,0.6666666666666667,,21156.480809669458,False
26,free,"(4, 2, 1, 3, 5, 0)",0.2563647477054769,0.75,,22009.292828307658,False
26,free,"(4, 2, 1, 5, 3, 0)",0.23788699645167802,0.875,,20422.950549217458,False
26,free,"(5, 3, 1, 2, 4, 0)",0.236955573742828,0.7916666666666666,,20342.986531818442,False
26,free,"(5, 3, 2, 1, 4, 0)",0.22107759665842985,0.5833333333333333,,18979.83871099122,False
26,free,"(5, 3, 4, 1, 2, 0)",0.13011777246634323,0.75,,11170.803248148775,False
26,free,"(5, 3, 4, 2, 1, 0)",0.08147628717687438,0.8333333333333334,,6994.859781186701,False
26,same_history,"(0, 1, 2, 4, 3, 5)",0.08152061562072267,0.8333333333333334,,6998.687223678027,False
26,same_history,"(0, 1, 2, 4, 5, 3)",0.07365207966016911,0.9166666666666666,,6334.091682929785,True
26,same_history,"(0, 2, 1, 4, 3, 5)",0.13015834307606872,0.75,,11174.360992982303,False
26,same_history,"(0, 2, 1, 4, 5, 3)",0.12229284836298193,0.8333333333333334,,10509.765457646461,False
26,same_history,"(0, 3, 5, 1, 2, 4)",0.2694034153242474,0.75,,23814.035766508096,False
26,same_history,"(0, 3, 5, 2, 1, 4)",0.27981691948114246,0.75,,24810.909892880092,False
26,same_history,"(0, 3, 5, 4, 1, 2)",0.22024141340760198,0.75,,20256.487248206566,False
26,same_history,"(0, 3, 5, 4, 2, 1)",0.19775005031029314,0.8333333333333334,,18586.42588483741,False
26,same_history,"(0, 4, 1, 2, 3, 5)",0.22179222980380026,0.5833333333333333,,19041.274894189864,False
26,same_history,"(0, 4, 1, 2, 5, 3)",0.21385987824735955,0.5833333333333333,,18376.679354497126,False
26,same_history,"(0, 4, 2, 1, 3, 5)",0.24551302319272306,0.7916666666666666,,21078.24875744317,False
26,same_history,"(0, 4, 2, 1, 5, 3)",0.2376713892953679,0.7916666666666666,,20413.65271282962,False
26,same_history,"(0, 5, 3, 1, 2, 4)",0.2848391816931867,0.41666666666666663,,24867.113111079336,False
26,same_history,"(0, 5, 3, 2, 1, 4)",0.29557750086696355,0.625,,25863.987485404214,False
26,same_history,"(0, 5, 3, 4, 1, 2)",0.23726612850777165,0.625,,21309.56436609662,False
26,same_history,"(0, 5, 3, 4, 2, 1)",0.21528560579235817,0.7083333333333333,,19639.502852816157,False
26,same_history,"(1, 2, 4, 3, 5, 0)",0.2184030528037411,0.6666666666666667,,20554.213328661583,False
26,same_history,"(1, 2, 4, 5, 3, 0)",0.1988427655485111,0.8333333333333334,,18903.400150815098,False
26,same_history,"(2, 1, 4, 3, 5, 0)",0.24191862821277385,0.6666666666666667,,22737.36966989067,False
26,same_history,"(2, 1, 4, 5, 3, 0)",0.22237789808706518,0.8333333333333334,,21086.55662294825,False
26,same_history,"(3, 5, 1, 2, 4, 0)",0.25790079629350515,0.7916666666666666,,26574.981951285685,False
26,same_history,"(3, 5, 2, 1, 4, 0)",0.23990264420016058,0.6666666666666667,,25556.208175343814,False
26,same_history,"(3, 5, 4, 1, 2, 0)",0.14280757453760637,0.7083333333333333,,18752.284902708467,False
26,same_history,"(3, 5, 4, 2, 1, 0)",0.09203953629120533,0.875,,15066.57569527696,False
26,same_history,"(4, 1, 2, 3, 5, 0)",0.3035219925373736,0.5416666666666667,,28520.84928449805,False
26,same_history,"(4, 1, 2, 5, 3, 0)",0.28407749781132113,0.5833333333333333,,26870.036082987153,False
26,same_history,"(4, 2, 1, 3, 5, 0)",0.2990912130772562,0.75,,28393.41554565619,False
26,same_history,"(4, 2, 1, 5, 3, 0)",0.2796923816161181,0.7916666666666666,,26742.602343735227,False
26,same_history,"(5, 3, 1, 2, 4, 0)",0.29464836225300967,0.625,,27544.81984443464,False
26,same_history,"(5, 3, 2, 1, 4, 0)",0.278770211630782,0.5416666666666667,,26526.046003529715,False
26,same_history,"(5, 3, 4, 1, 2, 0)",0.18627037728949766,0.7083333333333333,,19722.122868673057,False
26,same_history,"(5, 3, 4, 2, 1, 0)",0.13706430954423898,0.7916666666666666,,16036.413728719559,False
27,tmtm,"(np.int64(0), np.int64(1), np.int64(2), np.int64(4), np.int64(3), np.int64(5))",0.09734867065214162,0.8333333333333334,,69904.34174584075,False
27,tmtm,"(np.int64(1), np.int64(2), np.int64(4), np.int64(3), np.int64(5), np.int64(0))",0.19314811968822623,0.6666666666666667,,70939.52811068697,False
27,tmtm,"(np.int64(0), np.int64(4), np.int64(3), np.int64(5), np.int64(1), np.int64(2))",0.28673923247192235,0.7083333333333333,,72252.6567543967,False
27,tmtm,"(np.int64(4), np.int64(3), np.int64(5), np.int64(1), np.int64(2), np.int64(0))",0.20679435998740658,0.75,,68980.27036613449,False
27,tmtm,"(np.int64(0), np.int64(1), np.int64(2), np.int64(3), np.int64(5), np.int64(4))",0.14072795765878787,0.9583333333333334,,69678.28653707032,False
27,tmtm,"(np.int64(1), np.int64(2), np.int64(3), np.int64(5), np.int64(4), np.int64(0))",0.24897206617551268,0.8333333333333334,,71230.53225887747,False
27,tmtm,"(np.int64(0), np.int64(3), np.int64(5), np.int64(4), np.int64(1), np.int64(2))",0.20976569000174403,0.9166666666666666,,71340.2097625103,False
27,tmtm,"(np.int64(3), np.int64(5), np.int64(4), np.int64(1), np.int64(2), np.int64(0))",0.15542030967822662,0.875,,68584.88273120901,False
27,tmtm,"(np.int64(0), np.int64(1), np.int64(2), np.int64(4), np.int64(5), np.int64(3))",0.08522421630260885,0.9166666666666666,,69777.32647887431,False
27,tmtm,"(np.int64(1), np.int64(2), np.int64(4), np.int64(5), np.int64(3), np.int64(0))",0.16699716325535213,0.875,,70651.1126711323,False
27,tmtm,"(np.int64(0), np.int64(4), np.int64(5), np.int64(3), np.int64(1), np.int64(2))",0.29042551373669545,0.7916666666666666,,72295.58295626375,False
27,tmtm,"(np.int64(4), np.int64(5), np.int64(3), np.int64(1), np.int64(2), np.int64(0))",0.19747826205566535,0.875,,68861.7963954133,False
27,tmtm,"(np.int64(0), np.int64(1), np.int64(2), np.int64(5), np.int64(3), np.int64(4))",0.15124483247780326,0.875,,69796.76050779149,False
27,tmtm,"(np.int64(1), np.int64(2), np.int64(5), np.int64(3), np.int64(4), np.int64(0))",0.24532517280282498,0.75,,71187.60605701042,False
27,tmtm,"(np.int64(0), np.int64(5), np.int64(3), np.int64(4), np.int64(1), np.int64(2))",0.23558629105006693,0.7083333333333333,,71628.62520206496,False
27,tmtm,"(np.int64(5), np.int64(3), np.int64(4), np.int64(1), np.int64(2), np.int64(0))",0.16580901017383082,0.7916666666666666,,68711.89799817545,False
27,tmtm,"(np.int64(0), np.int64(2), np.int64(1), np.int64(4), np.int64(3), np.int64(5))",0.1873652374079524,0.6666666666666667,,71365.63047761649,False
27,tmtm,"(np.int64(2), np.int64(1), np.int64(4), np.int64(3), np.int64(5), np.int64(0))",0.2335864236593446,0.6666666666666667,,72529.55146377413,False
27,tmtm,"(np.int64(0), np.int64(4), np.int64(3), np.int64(5), np.int64(2), np.int64(1))",0.2566895116940464,0.7083333333333333,,70690.46772083617,False
27,tmtm,"(np.int64(4), np.int64(3), np.int64(5), np.int64(2), np.int64(1), np.int64(0))",0.13924758756444217,0.8333333333333334,,67546.81595388537,False
27,tmtm,"(np.int64(0), np.int64(2), np.int64(1), np.int64(3), np.int64(5), np.int64(4))",0.22506639395301156,0.7083333333333333,,71134.93621559165,False
27,tmtm,"(np.int64(2), np.int64(1), np.int64(3), np.int64(5), np.int64(4), np.int64(0))",0.29065555516111163,0.8333333333333334,,72815.91655871022,False
27,tmtm,"(np.int64(0), np.int64(3), np.int64(5), np.int64(4), np.int64(2), np.int64(1))",0.181141323970899,0.9166666666666666,,69773.38167569532,False
27,tmtm,"(np.int64(3), np.int64(5), np.int64(4), np.int64(2), np.int64(1), np.int64(0))",0.08454836370042879,0.9583333333333334,,67146.78926570545,False
27,tmtm,"(np.int64(0), np.int64(2), np.int64(1), np.int64(4), np.int64(5), np.int64(3))",0.1754885282543492,0.75,,71238.61521065007,False
27,tmtm,"(np.int64(2), np.int64(1), np.int64(4), np.int64(5), np.int64(3), np.int64(0))",0.20603332891628418,0.875,,72241.13602421946,False
27,tmtm,"(np.int64(0), np.int64(4), np.int64(5), np.int64(3), np.int64(2), np.int64(1))",0.26016451282782,0.7916666666666666,,70733.3939227032,False
27,tmtm,"(np.int64(4), np.int64(5), np.int64(3), np.int64(2), np.int64(1), np.int64(0))",0.12985116858215748,0.9583333333333334,,67428.34198316418,False
27,tmtm,"(np.int64(0), np.int64(2), np.int64(1), np.int64(5), np.int64(3), np.int64(4))",0.23536542032229274,0.6666666666666667,,71253.41018631283,False
27,tmtm,"(np.int64(2), np.int64(1), np.int64(5), np.int64(3), np.int64(4), np.int64(0))",0.28683210557512595,0.75,,72772.99035684316,False
27,tmtm,"(np.int64(0), np.int64(5), np.int64(3), np.int64(4), np.int64(2), np.int64(1))",0.2054812795136641,0.7083333333333333,,70061.79711524995,False
27,tmtm,"(np.int64(5), np.int64(3), np.int64(4), np.int64(2), np.int64(1), np.int64(0))",0.09503173045770766,0.875,,67273.80453267189,False
27,free,"(0, 1, 2, 3, 5, 4)",0.11945211713675828,0.7916666666666666,,10481.128109331728,False
27,free,"(0, 1, 2, 4, 3, 5)",0.0845934232923652,0.9166666666666666,,7422.509772004431,False
27,free,"(0, 1, 2, 4, 5, 3)",0.0765012204888668,0.9583333333333334,,6712.472844211376,True
27,free,"(0, 1, 2, 5, 3, 4)",0.12700014991194306,0.8333333333333334,,11143.417739573882,False
27,free,"(0, 2, 1, 3, 5, 4)",0.16870061702766143,0.8333333333333334,,14802.356137113155,False
27,free,"(0, 2, 1, 4, 3, 5)",0.13384192318326923,0.7916666666666666,,11743.737799785855,False
27,free,"(0, 2, 1, 4, 5, 3)",0.12574972037977103,0.875,,11033.7008719928,False
27,free,"(0, 2, 1, 5, 3, 4)",0.17624864980284605,0.7916666666666666,,15464.645767355309,False
27,free,"(0, 3, 5, 4, 1, 2)",0.18428104149952343,0.9166666666666666,,16169.434668673794,False
27,free,"(0, 3, 5, 4, 2, 1)",0.15948139158929767,0.9166666666666666,,13993.430475478397,False
27,free,"(0, 4, 3, 5, 1, 2)",0.2511621760962997,0.7083333333333333,,22037.809014887527,False
27,free,"(0, 4, 3, 5, 2, 1)",0.226362526186074,0.7083333333333333,,19861.80482169213,False
27,free,"(0, 4, 5, 3, 1, 2)",0.2538970247439341,0.7916666666666666,,22277.773778364022,False
27,free,"(0, 4, 5, 3, 2, 1)",0.22909737483370837,0.7916666666666666,,20101.76958516863,False
27,free,"(0, 5, 3, 4, 1, 2)",0.202656125725841,0.6666666666666667,,17781.7259901855,False
27,free,"(0, 5, 3, 4, 2, 1)",0.17785647581561526,0.7916666666666666,,15605.721796990105,False
27,free,"(1, 2, 3, 5, 4, 0)",0.22909737483370837,0.7916666666666666,,20101.769585168633,False
27,free,"(1, 2, 4, 3, 5, 0)",0.17785647581561526,0.7916666666666666,,15605.721796990105,False
27,free,"(1, 2, 4, 5, 3, 0)",0.15948139158929767,0.9166666666666666,,13993.430475478397,False
27,free,"(1, 2, 5, 3, 4, 0)",0.22636252618607391,0.7083333333333333,,19861.804821692134,False
27,free,"(2, 1, 3, 5, 4, 0)",0.2538970247439341,0.7916666666666666,,22277.77377836402,False
27,free,"(2, 1, 4, 3, 5, 0)",0.20265612572584107,0.6666666666666667,,17781.7259901855,False
27,free,"(2, 1, 4, 5, 3, 0)",0.18428104149952346,0.9166666666666666,,16169.434668673792,False
27,free,"(2, 1, 5, 3, 4, 0)",0.2511621760962997,0.7083333333333333,,22037.809014887527,False
27,free,"(3, 5, 4, 1, 2, 0)",0.12574972037977103,0.875,,11033.700871992798,False
27,free,"(3, 5, 4, 2, 1, 0)",0.07650122048886679,0.9583333333333334,,6712.472844211373,True
27,free,"(4, 3, 5, 1, 2, 0)",0.17624864980284602,0.7916666666666666,,15464.645767355309,False
27,free,"(4, 3, 5, 2, 1, 0)",0.12700014991194303,0.8333333333333334,,11143.417739573884,False
27,free,"(4, 5, 3, 1, 2, 0)",0.16870061702766148,0.8333333333333334,,14802.356137113153,False
27,free,"(4, 5, 3, 2, 1, 0)",0.1194521171367583,0.7916666666666666,,10481.12810933173,False
27,free,"(5, 3, 4, 1, 2, 0)",0.13384192318326923,0.7916666666666666,,11743.737799785857,False
27,free,"(5, 3, 4, 2, 1, 0)",0.08459342329236519,0.9166666666666666,,7422.50977200443,False
27,same_history,"(0, 1, 2, 3, 5, 4)",0.12459180465593962,0.875,,10937.587056183456,False
27,same_history,"(0, 1, 2, 4, 3, 5)",0.08529804867780263,0.9166666666666666,,7485.965297884047,False
27,same_history,"(0, 1, 2, 4, 5, 3)",0.0765344316513265,0.9583333333333334,,6716.84587756032,True
27,same_history,"(0, 1, 2, 5, 3, 4)",0.13087843812577385,0.7916666666666666,,11485.901317712916,False
27,same_history,"(0, 2, 1, 3, 5, 4)",0.17383966547986524,0.8333333333333334,,15258.708456648581,False
27,same_history,"(0, 2, 1, 4, 3, 5)",0.13454653868938443,0.7916666666666666,,11807.086563047382,False
27,same_history,"(0, 2, 1, 4, 5, 3)",0.1257829049031805,0.875,,11037.967132379319,False
27,same_history,"(0, 2, 1, 5, 3, 4)",0.1801269311339767,0.75,,15807.022538125895,False
27,same_history,"(0, 3, 5, 4, 1, 2)",0.2362862847848006,0.7916666666666666,,22185.356427895014,False
27,same_history,"(0, 3, 5, 4, 2, 1)",0.2126938252445951,0.9166666666666666,,20398.879453324746,False
27,same_history,"(0, 4, 3, 5, 1, 2)",0.3002927182898478,0.75,,27303.64932236182,False
27,same_history,"(0, 4, 3, 5, 2, 1)",0.2772250095443117,0.75,,25517.171162053928,False
27,same_history,"(0, 4, 5, 3, 1, 2)",0.3025080237051579,0.7916666666666666,,27446.52974669481,False
27,same_history,"(0, 4, 5, 3, 2, 1)",0.2795146679150713,0.7916666666666666,,25660.052950366146,False
27,same_history,"(0, 5, 3, 4, 1, 2)",0.2542118861506698,0.6666666666666667,,23645.672001892886,False
27,same_history,"(0, 5, 3, 4, 2, 1)",0.23071635096273693,0.7916666666666666,,21859.19553617168,False
27,same_history,"(1, 2, 3, 5, 4, 0)",0.28177478777671927,0.7916666666666666,,26168.633921096833,False
27,same_history,"(1, 2, 4, 3, 5, 0)",0.22811183642994043,0.7916666666666666,,21308.613619001353,False
27,same_history,"(1, 2, 4, 5, 3, 0)",0.20982398233026434,0.875,,19701.796380394127,False
27,same_history,"(1, 2, 5, 3, 4, 0)",0.277218500249835,0.7083333333333333,,25742.819227611115,False
27,same_history,"(2, 1, 3, 5, 4, 0)",0.30611622001862376,0.7916666666666666,,28456.196484004096,False
27,same_history,"(2, 1, 4, 3, 5, 0)",0.25272908502488634,0.7083333333333333,,23596.17592259474,False
27,same_history,"(2, 1, 4, 5, 3, 0)",0.23447593994487562,0.8333333333333334,,21989.358724540973,False
27,same_history,"(2, 1, 5, 3, 4, 0)",0.3016000004552528,0.7083333333333333,,28030.38168646178,False
27,same_history,"(3, 5, 4, 1, 2, 0)",0.12943906360705373,0.875,,23206.515163956454,False
27,same_history,"(3, 5, 4, 2, 1, 0)",0.07659138953144608,0.9166666666666666,,19404.39156504742,False
27,same_history,"(4, 3, 5, 1, 2, 0)",0.1898673600823981,0.7916666666666666,,26944.87328251596,False
27,same_history,"(4, 3, 5, 2, 1, 0)",0.1371536667047194,0.8333333333333334,,23142.750246895568,False
27,same_history,"(4, 5, 3, 1, 2, 0)",0.18519968267265718,0.8333333333333334,,26221.596159662193,False
27,same_history,"(4, 5, 3, 2, 1, 0)",0.13256901103048674,0.6666666666666667,,22419.468219405593,False
27,same_history,"(5, 3, 4, 1, 2, 0)",0.1393211321088745,0.7916666666666666,,23800.667256615372,False
27,same_history,"(5, 3, 4, 2, 1, 0)",0.08649405500402635,0.9166666666666666,,19998.542926998543,False
28,tmtm,"(np.int64(0), np.int64(1), np.int64(2), np.int64(3), np.int64(4))",0.06721992610753787,0.9333333333333333,,42846.95087684501,False
28,tmtm,"(np.int64(1), np.int64(2), np.int64(3), np.int64(4), np.int64(0))",0.13691008394734794,0.9333333333333333,,42375.271735076334,False
28,tmtm,"(np.int64(0), np.int64(4), np.int64(1), np.int64(2), np.int64(3))",0.16244727021845481,0.6666666666666667,,41759.33057093123,False
28,tmtm,"(np.int64(4), np.int64(1), np.int64(2), np.int64(3), np.int64(0))",0.19796548194812558,0.5333333333333333,,43958.04632025092,False
28,tmtm,"(np.int64(0), np.int64(3), np.int64(1), np.int64(2), np.int64(4))",0.18750838400992087,0.5333333333333333,,43873.3898940227,False
28,tmtm,"(np.int64(3), np.int64(1), np.int64(2), np.int64(4), np.int64(0))",0.19204913439858365,0.6666666666666667,,42037.03744183574,False
28,tmtm,"(np.int64(0), np.int64(4), np.int64(3), np.int64(1), np.int64(2))",0.1685303198566983,0.7333333333333334,,42648.885102231536,False
28,tmtm,"(np.int64(4), np.int64(3), np.int64(1), np.int64(2), np.int64(0))",0.14916636034912845,0.6,,43482.927541132936,False
28,tmtm,"(np.int64(0), np.int64(2), np.int64(1), np.int64(3), np.int64(4))",0.1505231709708232,0.6666666666666667,,43326.73091934789,False
28,tmtm,"(np.int64(2), np.int64(1), np.int64(3), np.int64(4), np.int64(0))",0.16787821757098645,0.7333333333333334,,41891.528599727826,False
28,tmtm,"(np.int64(0), np.int64(4), np.int64(2), np.int64(1), np.int64(3))",0.20318818355199184,0.6666666666666667,,42488.02702285397,False
28,tmtm,"(np.int64(4), np.int64(2), np.int64(1), np.int64(3), np.int64(0))",0.20217249368764195,0.5333333333333333,,43723.21959432227,False
28,tmtm,"(np.int64(0), np.int64(3), np.int64(2), np.int64(1), np.int64(4))",0.19426868433151978,0.6,,44122.13377971466,False
28,tmtm,"(np.int64(3), np.int64(2), np.int64(1), np.int64(4), np.int64(0))",0.15982442521116272,0.7333333333333334,,41322.25814967631,False
28,tmtm,"(np.int64(0), np.int64(4), np.int64(3), np.int64(2), np.int64(1))",0.1401542357359491,0.9333333333333333,,43146.545397343354,False
28,tmtm,"(np.int64(4), np.int64(3), np.int64(2), np.int64(1), np.int64(0))",0.07792408558461285,1.0,,43017.06465839336,False
28,free,"(0, 1, 2, 3, 4)",0.055593583363686826,1.0,,3115.580204253341,True
28,free,"(0, 2, 1, 3, 4)",0.12410326601533031,0.7333333333333334,,6955.005514775077,False
28,free,"(0, 3, 1, 2, 4)",0.16545025923850293,0.4666666666666667,,9272.177134182815,False
28,free,"(0, 3, 2, 1, 4)",0.17456955560846138,0.6,,9783.241496792702,False
28,free,"(0, 4, 1, 2, 3)",0.15586220321548655,0.7333333333333334,,8734.842504264105,False
28,free,"(0, 4, 2, 1, 3)",0.18577713551991562,0.6666666666666667,,10411.337618628988,False
28,free,"(0, 4, 3, 1, 2)",0.16119610119652655,0.7333333333333334,,9033.765256778917,False
28,free,"(0, 4, 3, 2, 1)",0.1317221262481381,0.9333333333333333,,7381.982311090272,False
28,free,"(1, 2, 3, 4, 0)",0.1317221262481381,0.9333333333333333,,7381.982311090271,False
28,free,"(2, 1, 3, 4, 0)",0.16119610119652655,0.7333333333333334,,9033.765256778917,False
28,free,"(3, 1, 2, 4, 0)",0.18577713551991562,0.6666666666666667,,10411.33761862899,False
28,free,"(3, 2, 1, 4, 0)",0.15586220321548658,0.7333333333333334,,8734.842504264105,False
28,free,"(4, 1, 2, 3, 0)",0.1745695556084614,0.6,,9783.241496792702,False
28,free,"(4, 2, 1, 3, 0)",0.16545025923850293,0.4666666666666667,,9272.177134182815,False
28,free,"(4, 3, 1, 2, 0)",0.12410326601533034,0.7333333333333334,,6955.005514775076,False
28,free,"(4, 3, 2, 1, 0)",0.05559358336368681,1.0,,3115.58020425334,True
28,same_history,"(0, 1, 2, 3, 4)",0.057536782948378724,1.0,,3224.659762142794,True
28,same_history,"(0, 2, 1, 3, 4)",0.12603877458287976,0.7333333333333334,,7063.814744936027,False
28,same_history,"(0, 3, 1, 2, 4)",0.1695209345523374,0.4666666666666667,,9506.044888005315,False
28,same_history,"(0, 3, 2, 1, 4)",0.1957966505170118,0.6,,10976.957843687067,False
28,same_history,"(0, 4, 1, 2, 3)",0.21269459314758185,0.5333333333333333,,12184.300273461939,False
28,same_history,"(0, 4, 2, 1, 3)",0.2468328561842673,0.6666666666666667,,14145.779195054803,False
28,same_history,"(0, 4, 3, 1, 2)",0.23151291436447097,0.6666666666666667,,13531.04545649071,False
28,same_history,"(0, 4, 3, 2, 1)",0.20673882767062982,0.9333333333333333,,12359.469643729797,False
28,same_history,"(1, 2, 3, 4, 0)",0.21569718435423088,0.8,,13431.660449979807,False
28,same_history,"(2, 1, 3, 4, 0)",0.24697574172863787,0.6,,15375.0500400983,False
28,same_history,"(3, 1, 2, 4, 0)",0.2693751692774572,0.5333333333333333,,17173.30423964036,False
28,same_history,"(3, 2, 1, 4, 0)",0.24378759714539966,0.8,,16168.458447689503,False
28,same_history,"(4, 1, 2, 3, 0)",0.2326742997427072,0.4,,19344.670205381743,False
28,same_history,"(4, 2, 1, 3, 0)",0.21039694670536657,0.5333333333333333,,19253.06571194529,False
28,same_history,"(4, 3, 1, 2, 0)",0.1420297364628558,0.6666666666666667,,17730.713747900863,False
28,same_history,"(4, 3, 2, 1, 0)",0.06225362483155932,1.0,,14488.075661470362,False
29,tmtm,"(np.int64(0), np.int64(1), np.int64(2), np.int64(3), np.int64(4))",0.07548373457685721,1.0,,42448.32185388508,False
29,tmtm,"(np.int64(1), np.int64(2), np.int64(3), np.int64(4), np.int64(0))",0.1431682005213016,0.9333333333333333,,41628.48562915478,False
29,tmtm,"(np.int64(0), np.int64(4), np.int64(1), np.int64(2), np.int64(3))",0.16317996641044946,0.7333333333333334,,41535.504133291855,False
29,tmtm,"(np.int64(4), np.int64(1), np.int64(2), np.int64(3), np.int64(0))",0.1805878849406901,0.6,,43344.311320359986,False
29,tmtm,"(np.int64(0), np.int64(3), np.int64(1), np.int64(2), np.int64(4))",0.1812709710021201,0.5333333333333333,,43205.90607865926,False
29,tmtm,"(np.int64(3), np.int64(1), np.int64(2), np.int64(4), np.int64(0))",0.1923037286517894,0.6666666666666667,,41397.387945998926,False
29,tmtm,"(np.int64(0), np.int64(4), np.int64(3), np.int64(1), np.int64(2))",0.17097014941431266,0.7333333333333334,,42002.27702651306,False
29,tmtm,"(np.int64(4), np.int64(3), np.int64(1), np.int64(2), np.int64(0))",0.14978651981990676,0.6,,42822.40230565115,False
29,tmtm,"(np.int64(0), np.int64(2), np.int64(1), np.int64(3), np.int64(4))",0.1470701454385448,0.6666666666666667,,42918.82378987908,False
29,tmtm,"(np.int64(2), np.int64(1), np.int64(3), np.int64(4), np.int64(0))",0.1667095355384139,0.6666666666666667,,41144.742493806276,False
29,tmtm,"(np.int64(0), np.int64(4), np.int64(2), np.int64(1), np.int64(3))",0.19812447919307308,0.6,,42254.92247870572,False
29,tmtm,"(np.int64(4), np.int64(2), np.int64(1), np.int64(3), np.int64(0))",0.18360145068091732,0.5333333333333333,,43109.484594431335,False
29,tmtm,"(np.int64(0), np.int64(3), np.int64(2), np.int64(1), np.int64(4))",0.18532001570966217,0.6,,43450.01091109678,False
29,tmtm,"(np.int64(3), np.int64(2), np.int64(1), np.int64(4), np.int64(0))",0.1618593613396941,0.7333333333333334,,40687.24770709393,False
29,tmtm,"(np.int64(0), np.int64(4), np.int64(3), np.int64(2), np.int64(1))",0.1464110752604229,0.9333333333333333,,42495.29826837045,False
29,tmtm,"(np.int64(4), np.int64(3), np.int64(2), np.int64(1), np.int64(0))",0.0872597204800553,1.0,,42361.17847616602,False
29,free,"(0, 1, 2, 3, 4)",0.055593583363686826,1.0,,3115.580204253341,True
29,free,"(0, 2, 1, 3, 4)",0.12410326601533031,0.7333333333333334,,6955.005514775077,False
29,free,"(0, 3, 1, 2, 4)",0.16545025923850293,0.4666666666666667,,9272.177134182815,False
29,free,"(0, 3, 2, 1, 4)",0.17456955560846138,0.6,,9783.241496792702,False
29,free,"(0, 4, 1, 2, 3)",0.15586220321548655,0.7333333333333334,,8734.842504264105,False
29,free,"(0, 4, 2, 1, 3)",0.18577713551991562,0.6666666666666667,,10411.337618628988,False
29,free,"(0, 4, 3, 1, 2)",0.16119610119652655,0.7333333333333334,,9033.765256778917,False
29,free,"(0, 4, 3, 2, 1)",0.1317221262481381,0.9333333333333333,,7381.982311090272,False
29,free,"(1, 2, 3, 4, 0)",0.1317221262481381,0.9333333333333333,,7381.982311090271,False
29,free,"(2, 1, 3, 4, 0)",0.16119610119652655,0.7333333333333334,,9033.765256778917,False
29,free,"(3, 1, 2, 4, 0)",0.18577713551991562,0.6666666666666667,,10411.33761862899,False
29,free,"(3, 2, 1, 4, 0)",0.15586220321548658,0.7333333333333334,,8734.842504264105,False
29,free,"(4, 1, 2, 3, 0)",0.1745695556084614,0.6,,9783.241496792702,False
29,free,"(4, 2, 1, 3, 0)",0.16545025923850293,0.4666666666666667,,9272.177134182815,False
29,free,"(4, 3, 1, 2, 0)",0.12410326601533034,0.7333333333333334,,6955.005514775076,False
29,free,"(4, 3, 2, 1, 0)",0.05559358336368681,1.0,,3115.58020425334,True
29,same_history,"(0, 1, 2, 3, 4)",0.05569723380374912,1.0,,3121.3891716299013,True
29,same_history,"(0, 2, 1, 3, 4)",0.1242066227019283,0.7333333333333334,,6960.800089357372,False
29,same_history,"(0, 3, 1, 2, 4)",0.16754092634358034,0.4666666666666667,,9391.43907028958,False
29,same_history,"(0, 3, 2, 1, 4)",0.19175099033873028,0.6,,10748.829465796105,False
29,same_history,"(0, 4, 1, 2, 3)",0.20204881078285097,0.5333333333333333,,11488.679371715263,False
29,same_history,"(0, 4, 2, 1, 3)",0.2363258263076932,0.6666666666666667,,13447.177321171528,False
29,same_history,"(0, 4, 3, 1, 2)",0.22005249876623553,0.6666666666666667,,12682.916239782733,False
29,same_history,"(0, 4, 3, 2, 1)",0.19628510920978756,0.9333333333333333,,11522.725790588296,False
29,same_history,"(1, 2, 3, 4, 0)",0.21631583415263547,0.8,,14070.222173179967,False
29,same_history,"(2, 1, 3, 4, 0)",0.24569764418682596,0.6,,16010.594203295894,False
29,same_history,"(3, 1, 2, 4, 0)",0.2694242229165776,0.5333333333333333,,17824.993229375443,False
29,same_history,"(3, 2, 1, 4, 0)",0.23797367320326068,0.8,,16665.899799468705,False
29,same_history,"(4, 1, 2, 3, 0)",0.2230927585197236,0.4,,19390.882747260795,False
29,same_history,"(4, 2, 1, 3, 0)",0.19841401316665574,0.5333333333333333,,19310.662559806104,False
29,same_history,"(4, 3, 1, 2, 0)",0.1365454099817385,0.6666666666666667,,17624.418619835877,False
29,same_history,"(4, 3, 2, 1, 0)",0.05595087106852543,1.0,,14393.165505563089,False
30,tmtm,"(np.int64(0), np.int64(1), np.int64(2), np.int64(3), np.int64(4), np.int64(5))",0.13143218585851893,0.8333333333333334,,60947.20211319084,False
30,tmtm,"(np.int64(1), np.int64(2), np.int64(3), np.int64(4), np.int64(5), np.int64(0))",0.1737233212890382,0.6666666666666667,,63581.96151428005,False
30,tmtm,"(np.int64(0), np.int64(4), np.int64(5), np.int64(1), np.int64(2), np.int64(3))",0.21854796053777498,0.8333333333333334,,61284.628170141164,False
30,tmtm,"(np.int64(4), np.int64(5), np.int64(1), np.int64(2), np.int64(3), np.int64(0))",0.21265501503634046,0.7916666666666666,,62013.54008710829,False
30,tmtm,"(np.int64(0), np.int64(2), np.int64(3), np.int64(1), np.int64(4), np.int64(5))",0.2164533135134687,0.7916666666666666,,62352.93103654444,False
30,tmtm,"(np.int64(2), np.int64(3), np.int64(1), np.int64(4), np.int64(5), np.int64(0))",0.23140464476075195,0.6666666666666667,,62402.04227159889,False
30,tmtm,"(np.int64(0), np.int64(4), np.int64(5), np.int64(2), np.int64(3), np.int64(1))",0.16981676061616613,0.75,,63027.31603176792,False
30,tmtm,"(np.int64(4), np.int64(5), np.int64(2), np.int64(3), np.int64(1), np.int64(0))",0.1290039974575605,0.8333333333333334,,61170.57978270028,False
30,tmtm,"(np.int64(0), np.int64(1), np.int64(3), np.int64(2), np.int64(4), np.int64(5))",0.150716967046587,0.625,,61215.98563218579,False
30,tmtm,"(np.int64(1), np.int64(3), np.int64(2), np.int64(4), np.int64(5), np.int64(0))",0.19380352775781842,0.45833333333333337,,63839.26608774581,False
30,tmtm,"(np.int64(0), np.int64(4), np.int64(5), np.int64(1), np.int64(3), np.int64(2))",0.21132772852983592,0.75,,61174.298256701535,False
30,tmtm,"(np.int64(4), np.int64(5), np.int64(1), np.int64(3), np.int64(2), np.int64(0))",0.20430371562338928,0.7916666666666666,,61891.73122813946,False
30,tmtm,"(np.int64(0), np.int64(3), np.int64(2), np.int64(1), np.int64(4), np.int64(5))",0.2248661105327759,0.7916666666666666,,62474.73989551326,False
30,tmtm,"(np.int64(3), np.int64(2), np.int64(1), np.int64(4), np.int64(5), np.int64(0))",0.2388854805494982,0.75,,62512.37218503854,False
30,tmtm,"(np.int64(0), np.int64(4), np.int64(5), np.int64(3), np.int64(2), np.int64(1))",0.1500065539152193,0.8333333333333334,,62770.011458302164,False
30,tmtm,"(np.int64(4), np.int64(5), np.int64(3), np.int64(2), np.int64(1), np.int64(0))",0.10922147783743492,0.9166666666666666,,60901.79626370535,False
30,tmtm,"(np.int64(0), np.int64(1), np.int64(2), np.int64(3), np.int64(5), np.int64(4))",0.1120948355956287,1.0,,60680.665661319836,False
30,tmtm,"(np.int64(1), np.int64(2), np.int64(3), np.int64(5), np.int64(4), np.int64(0))",0.1473509300322988,0.9166666666666666,,63248.733655584176,False
30,tmtm,"(np.int64(0), np.int64(5), np.int64(4), np.int64(1), np.int64(2), np.int64(3))",0.24015354484349508,0.75,,61617.856028837065,False
30,tmtm,"(np.int64(5), np.int64(4), np.int64(1), np.int64(2), np.int64(3), np.int64(0))",0.23077526215215655,0.7916666666666666,,62280.076538979316,False
30,tmtm,"(np.int64(0), np.int64(2), np.int64(3), np.int64(1), np.int64(5), np.int64(4))",0.19788643938190956,0.7916666666666666,,62086.39458467341,False
30,tmtm,"(np.int64(2), np.int64(3), np.int64(1), np.int64(5), np.int64(4), np.int64(0))",0.20858827317341955,0.75,,62068.81441290301,False
30,tmtm,"(np.int64(0), np.int64(5), np.int64(4), np.int64(2), np.int64(3), np.int64(1))",0.19512526286918863,0.6666666666666667,,63360.54389046381,False
30,tmtm,"(np.int64(5), np.int64(4), np.int64(2), np.int64(3), np.int64(1), np.int64(0))",0.1484017705133481,0.8333333333333334,,61437.11623457131,False
30,tmtm,"(np.int64(0), np.int64(1), np.int64(3), np.int64(2), np.int64(5), np.int64(4))",0.13159430669570513,0.75,,60949.44918031477,False
30,tmtm,"(np.int64(1), np.int64(3), np.int64(2), np.int64(5), np.int64(4), np.int64(0))",0.16775102639934894,0.6666666666666667,,63506.03822904993,False
30,tmtm,"(np.int64(0), np.int64(5), np.int64(4), np.int64(1), np.int64(3), np.int64(2))",0.23303359382002772,0.6666666666666667,,61507.526115397406,False
30,tmtm,"(np.int64(5), np.int64(4), np.int64(1), np.int64(3), np.int64(2), np.int64(0))",0.22252036708918638,0.7916666666666666,,62158.267680010475,False
30,tmtm,"(np.int64(0), np.int64(3), np.int64(2), np.int64(1), np.int64(5), np.int64(4))",0.20639859480317133,0.7916666666666666,,62208.20344364224,False
30,tmtm,"(np.int64(3), np.int64(2), np.int64(1), np.int64(5), np.int64(4), np.int64(0))",0.2161796037506114,0.8333333333333334,,62179.14432634266,False
30,tmtm,"(np.int64(0), np.int64(5), np.int64(4), np.int64(3), np.int64(2), np.int64(1))",0.1756175607459536,0.75,,63103.23931699805,False
30,tmtm,"(np.int64(5), np.int64(4), np.int64(3), np.int64(2), np.int64(1), np.int64(0))",0.1288395336744603,0.9166666666666666,,61168.33271557637,False
30,free,"(0, 1, 2, 3, 4, 5)",0.06430430675788577,0.875,,5338.137364510304,False
30,free,"(0, 1, 2, 3, 5, 4)",0.04825054062850422,0.9166666666666666,,4005.4551051552207,True
30,free,"(0, 1, 3, 2, 4, 5)",0.07603210872660562,0.875,,6311.705404495154,False
30,free,"(0, 1, 3, 2, 5, 4)",0.05997834259722428,0.875,,4979.023145140071,False
30,free,"(0, 2, 3, 1, 4, 5)",0.19426133342057203,0.7083333333333333,,16126.348835644372,False
30,free,"(0, 2, 3, 1, 5, 4)",0.1782075672911905,0.7083333333333333,,14793.66657628929,False
30,free,"(0, 3, 2, 1, 4, 5)",0.19944914503334396,0.7916666666666666,,16557.008186571635,False
30,free,"(0, 3, 2, 1, 5, 4)",0.18339537890396243,0.7916666666666666,,15224.325927216547,False
30,free,"(0, 4, 5, 1, 2, 3)",0.20518325942335405,0.8333333333333334,,17033.018143306534,False
30,free,"(0, 4, 5, 1, 3, 2)",0.20048433349117034,0.75,,16642.942993502034,False
30,free,"(0, 4, 5, 2, 3, 1)",0.13731308180804833,0.75,,11398.864704279833,False
30,free,"(0, 4, 5, 3, 2, 1)",0.126156448049174,0.9166666666666666,,10472.711441253712,False
30,free,"(0, 5, 4, 1, 2, 3)",0.2254170317393531,0.75,,18712.698112981714,False
30,free,"(0, 5, 4, 1, 3, 2)",0.22071810580716938,0.6666666666666667,,18322.622963177215,False
30,free,"(0, 5, 4, 2, 3, 1)",0.15754685412403233,0.6666666666666667,,13078.544673955015,False
30,free,"(0, 5, 4, 3, 2, 1)",0.14639022036517368,0.75,,12152.391410928893,False
30,free,"(1, 2, 3, 4, 5, 0)",0.14639022036517368,0.75,,12152.391410928894,False
30,free,"(1, 2, 3, 5, 4, 0)",0.12615644804917397,0.9166666666666666,,10472.71144125371,False
30,free,"(1, 3, 2, 4, 5, 0)",0.15754685412403233,0.6666666666666667,,13078.544673955012,False
30,free,"(1, 3, 2, 5, 4, 0)",0.13731308180804835,0.75,,11398.864704279835,False
30,free,"(2, 3, 1, 4, 5, 0)",0.22071810580716938,0.6666666666666667,,18322.622963177215,False
30,free,"(2, 3, 1, 5, 4, 0)",0.20048433349117034,0.75,,16642.942993502038,False
30,free,"(3, 2, 1, 4, 5, 0)",0.2254170317393531,0.75,,18712.698112981718,False
30,free,"(3, 2, 1, 5, 4, 0)",0.2051832594233541,0.8333333333333334,,17033.018143306534,False
30,free,"(4, 5, 1, 2, 3, 0)",0.18339537890396243,0.7916666666666666,,15224.325927216543,False
30,free,"(4, 5, 1, 3, 2, 0)",0.17820756729119044,0.7083333333333333,,14793.666576289286,False
30,free,"(4, 5, 2, 3, 1, 0)",0.05997834259722427,0.875,,4979.0231451400705,False
30,free,"(4, 5, 3, 2, 1, 0)",0.04825054062850423,0.9166666666666666,,4005.4551051552203,True
30,free,"(5, 4, 1, 2, 3, 0)",0.19944914503334396,0.7916666666666666,,16557.00818657163,False
30,free,"(5, 4, 1, 3, 2, 0)",0.19426133342057203,0.7083333333333333,,16126.34883564437,False
30,free,"(5, 4, 2, 3, 1, 0)",0.07603210872660562,0.875,,6311.705404495155,False
30,free,"(5, 4, 3, 2, 1, 0)",0.06430430675788576,0.875,,5338.137364510304,False
30,same_history,"(0, 1, 2, 3, 4, 5)",0.06436510590093884,0.875,,5344.505120445122,False
30,same_history,"(0, 1, 2, 3, 5, 4)",0.04837874296824108,0.9166666666666666,,4019.3909377060622,True
30,same_history,"(0, 1, 3, 2, 4, 5)",0.07609188723126203,0.875,,6318.04701178226,False
30,same_history,"(0, 1, 3, 2, 5, 4)",0.060106526728295064,0.875,,4992.932831775024,False
30,same_history,"(0, 2, 3, 1, 4, 5)",0.19591329592180384,0.7083333333333333,,16264.786554547762,False
30,same_history,"(0, 2, 3, 1, 5, 4)",0.17991546169299388,0.7083333333333333,,14939.672399658415,False
30,same_history,"(0, 3, 2, 1, 4, 5)",0.20421100766110958,0.7916666666666666,,16955.696860747204,False
30,same_history,"(0, 3, 2, 1, 5, 4)",0.18826687163229353,0.7916666666666666,,15630.582683460227,False
30,same_history,"(0, 4, 5, 1, 2, 3)",0.23480899993769552,0.7083333333333333,,19863.43983794631,False
30,same_history,"(0, 4, 5, 1, 3, 2)",0.23074820157535492,0.7083333333333333,,19553.107225710646,False
30,same_history,"(0, 4, 5, 2, 3, 1)",0.1750997910069641,0.75,,15400.397674815133,False
30,same_history,"(0, 4, 5, 3, 2, 1)",0.16466877710330075,0.8333333333333334,,14591.216649666994,False
30,same_history,"(0, 5, 4, 1, 2, 3)",0.2513359785581853,0.41666666666666663,,21090.309105301672,False
30,same_history,"(0, 5, 4, 1, 3, 2)",0.24734652972243917,0.41666666666666663,,20779.97691287495,False
30,same_history,"(0, 5, 4, 2, 3, 1)",0.1927054731111275,0.6666666666666667,,16627.26720068109,False
30,same_history,"(0, 5, 4, 3, 2, 1)",0.1823683519165263,0.75,,15818.08635430194,False
30,same_history,"(1, 2, 3, 4, 5, 0)",0.1930708727199757,0.75,,18966.853616380467,False
30,same_history,"(1, 2, 3, 5, 4, 0)",0.17403513721208352,0.7916666666666666,,17231.66003811319,False
30,same_history,"(1, 3, 2, 4, 5, 0)",0.2034284643331622,0.6666666666666667,,19893.0082864543,False
30,same_history,"(1, 3, 2, 5, 4, 0)",0.184467728481801,0.5833333333333333,,18157.813365199963,False
30,same_history,"(2, 3, 1, 4, 5, 0)",0.2631051597150116,0.5833333333333333,,25780.809775962844,False
30,same_history,"(2, 3, 1, 5, 4, 0)",0.245116505802199,0.45833333333333337,,24045.614769882595,False
30,same_history,"(3, 2, 1, 4, 5, 0)",0.26823867793833295,0.75,,26271.60738264703,False
30,same_history,"(3, 2, 1, 5, 4, 0)",0.2503327531494968,0.625,,24536.412344875047,False
30,same_history,"(4, 5, 1, 2, 3, 0)",0.21921671390524186,0.7916666666666666,,23726.61949988776,False
30,same_history,"(4, 5, 1, 3, 2, 0)",0.2133978616121349,0.7916666666666666,,23377.326185155747,False
30,same_history,"(4, 5, 2, 3, 1, 0)",0.08565788341749286,0.875,,14830.316679707841,False
30,same_history,"(4, 5, 3, 2, 1, 0)",0.07356674023925745,0.875,,13982.175006252523,False
30,same_history,"(5, 4, 1, 2, 3, 0)",0.25866635098749396,0.625,,24976.257968596565,False
30,same_history,"(5, 4, 1, 3, 2, 0)",0.2532261316194755,0.625,,24626.96521207732,False
30,same_history,"(5, 4, 2, 3, 1, 0)",0.129869676420508,0.7916666666666666,,16079.955733649647,False
30,same_history,"(5, 4, 3, 2, 1, 0)",0.11801120632198679,0.8333333333333334,,15231.814176602082,False
31,tmtm,"(np.int64(0), np.int64(1), np.int64(2), np.int64(3), np.int64(4), np.int64(5))",0.12512332116256838,0.9583333333333334,,69693.4186868112,False
31,tmtm,"(np.int64(1), np.int64(2), np.int64(3), np.int64(4), np.int64(5), np.int64(0))",0.16991928466595013,0.8333333333333334,,70806.00892551042,False
31,tmtm,"(np.int64(0), np.int64(3), np.int64(4), np.int64(5), np.int64(1), np.int64(2))",0.2501424399472747,0.7083333333333333,,72121.14886291312,False
31,tmtm,"(np.int64(3), np.int64(4), np.int64(5), np.int64(1), np.int64(2), np.int64(0))",0.22828976504870657,0.75,,71030.70582374408,False
31,tmtm,"(np.int64(0), np.int64(1), np.int64(2), np.int64(4), np.int64(5), np.int64(3))",0.18666261233790254,0.9166666666666666,,70903.16791614627,False
31,tmtm,"(np.int64(1), np.int64(2), np.int64(4), np.int64(5), np.int64(3), np.int64(0))",0.23355663987986375,0.7916666666666666,,72058.99698298045,False
31,tmtm,"(np.int64(0), np.int64(4), np.int64(5), np.int64(3), np.int64(1), np.int64(2))",0.1716312272656587,0.875,,71009.28067513263,False
31,tmtm,"(np.int64(4), np.int64(5), np.int64(3), np.int64(1), np.int64(2), np.int64(0))",0.15423219997061638,0.8333333333333334,,69962.07646409857,False
31,tmtm,"(np.int64(0), np.int64(2), np.int64(1), np.int64(3), np.int64(4), np.int64(5))",0.15047139287176234,0.7916666666666666,,70055.58525386117,False
31,tmtm,"(np.int64(2), np.int64(1), np.int64(3), np.int64(4), np.int64(5), np.int64(0))",0.1814506075287752,0.7083333333333333,,70569.3042661992,False
31,tmtm,"(np.int64(0), np.int64(3), np.int64(4), np.int64(5), np.int64(2), np.int64(1))",0.23975196162491114,0.7083333333333333,,72512.74564687494,False
31,tmtm,"(np.int64(3), np.int64(4), np.int64(5), np.int64(2), np.int64(1), np.int64(0))",0.20508172037068914,0.8333333333333334,,70823.43138134471,False
31,tmtm,"(np.int64(0), np.int64(2), np.int64(1), np.int64(4), np.int64(5), np.int64(3))",0.21121038571013562,0.8333333333333334,,71265.33448319626,False
31,tmtm,"(np.int64(2), np.int64(1), np.int64(4), np.int64(5), np.int64(3), np.int64(0))",0.2438184630879,0.7916666666666666,,71822.29232366923,False
31,tmtm,"(np.int64(0), np.int64(4), np.int64(5), np.int64(3), np.int64(2), np.int64(1))",0.1579328040186083,0.875,,71400.87745909445,False
31,tmtm,"(np.int64(4), np.int64(5), np.int64(3), np.int64(2), np.int64(1), np.int64(0))",0.1289188216437128,0.9166666666666666,,69754.80202169919,False
31,tmtm,"(np.int64(0), np.int64(1), np.int64(2), np.int64(3), np.int64(5), np.int64(4))",0.10855056214855731,0.9583333333333334,,69426.94017163395,False
31,tmtm,"(np.int64(1), np.int64(2), np.int64(3), np.int64(5), np.int64(4), np.int64(0))",0.14936531790695165,0.9583333333333334,,70472.8390035083,False
31,tmtm,"(np.int64(0), np.int64(3), np.int64(5), np.int64(4), np.int64(1), np.int64(2))",0.25517195366053985,0.7916666666666666,,72207.70645328841,False
31,tmtm,"(np.int64(3), np.int64(5), np.int64(4), np.int64(1), np.int64(2), np.int64(0))",0.22942434991995353,0.8333333333333334,,71050.57200729453,False
31,tmtm,"(np.int64(0), np.int64(1), np.int64(2), np.int64(5), np.int64(4), np.int64(3))",0.1854659964483855,0.8333333333333334,,70883.30173259585,False
31,tmtm,"(np.int64(1), np.int64(2), np.int64(5), np.int64(4), np.int64(3), np.int64(0))",0.22840150824804137,0.7083333333333333,,71972.43939260516,False
31,tmtm,"(np.int64(0), np.int64(5), np.int64(4), np.int64(3), np.int64(1), np.int64(2))",0.19207142962441964,0.6666666666666667,,71342.45059713474,False
31,tmtm,"(np.int64(5), np.int64(4), np.int64(3), np.int64(1), np.int64(2), np.int64(0))",0.17023038297119572,0.75,,70228.55497927582,False
31,tmtm,"(np.int64(0), np.int64(2), np.int64(1), np.int64(3), np.int64(5), np.int64(4))",0.13417507697643105,0.7916666666666666,,69789.10673868391,False
31,tmtm,"(np.int64(2), np.int64(1), np.int64(3), np.int64(5), np.int64(4), np.int64(0))",0.16142476675992115,0.8333333333333334,,70236.13434419705,False
31,tmtm,"(np.int64(0), np.int64(3), np.int64(5), np.int64(4), np.int64(2), np.int64(1))",0.2449546507405192,0.7916666666666666,,72599.30323725022,False
31,tmtm,"(np.int64(3), np.int64(5), np.int64(4), np.int64(2), np.int64(1), np.int64(0))",0.20624336116417538,0.9166666666666666,,70843.29756489514,False
31,tmtm,"(np.int64(0), np.int64(2), np.int64(1), np.int64(5), np.int64(4), np.int64(3))",0.21003457162214464,0.75,,71245.46829964583,False
31,tmtm,"(np.int64(2), np.int64(1), np.int64(5), np.int64(4), np.int64(3), np.int64(0))",0.2387959693031904,0.7083333333333333,,71735.73473329392,False
31,tmtm,"(np.int64(0), np.int64(5), np.int64(4), np.int64(3), np.int64(2), np.int64(1))",0.17911366502572526,0.6666666666666667,,71734.04738109658,False
31,tmtm,"(np.int64(5), np.int64(4), np.int64(3), np.int64(2), np.int64(1), np.int64(0))",0.14530026215032474,0.8333333333333334,,70021.28053687645,False
31,free,"(0, 1, 2, 3, 4, 5)",0.08041968307793265,1.0,,7685.849489311325,False
31,free,"(0, 1, 2, 3, 5, 4)",0.06647840191738169,1.0,,6353.456913425029,True
31,free,"(0, 1, 2, 4, 5, 3)",0.14455394075207553,0.875,,13815.272445560598,False
31,free,"(0, 1, 2, 5, 4, 3)",0.14351460724228235,0.7916666666666666,,13715.94152780845,False
31,free,"(0, 2, 1, 3, 4, 5)",0.11263609164370784,0.7916666666666666,,10764.827891686202,False
31,free,"(0, 2, 1, 3, 5, 4)",0.09869481048315705,0.8333333333333334,,9432.435315799908,False
31,free,"(0, 2, 1, 4, 5, 3)",0.1767703493178499,0.7916666666666666,,16894.250847935476,False
31,free,"(0, 2, 1, 5, 4, 3)",0.17573101580805683,0.7083333333333333,,16794.919930183332,False
31,free,"(0, 3, 4, 5, 1, 2)",0.21964260465480437,0.6666666666666667,,20991.62712667251,False
31,free,"(0, 3, 4, 5, 2, 1)",0.20474584188515274,0.6666666666666667,,19567.91750555196,False
31,free,"(0, 3, 5, 4, 1, 2)",0.2241710136456722,0.7916666666666666,,21424.41507854899,False
31,free,"(0, 3, 5, 4, 2, 1)",0.2092742508760206,0.7916666666666666,,20000.705457428438,False
31,free,"(0, 4, 5, 3, 1, 2)",0.1385075643917069,0.8333333333333334,,13237.409702474572,False
31,free,"(0, 4, 5, 3, 2, 1)",0.12361080162205525,0.9583333333333334,,11813.70008135401,False
31,free,"(0, 5, 4, 3, 1, 2)",0.15607930295904504,0.7083333333333333,,14916.771429916982,False
31,free,"(0, 5, 4, 3, 2, 1)",0.1411825401893935,0.8333333333333334,,13493.061808796423,False
31,free,"(1, 2, 3, 4, 5, 0)",0.1411825401893935,0.8333333333333334,,13493.061808796425,False
31,free,"(1, 2, 3, 5, 4, 0)",0.12361080162205527,0.9583333333333334,,11813.700081354013,False
31,free,"(1, 2, 4, 5, 3, 0)",0.20927425087602058,0.7916666666666666,,20000.705457428434,False
31,free,"(1, 2, 5, 4, 3, 0)",0.20474584188515274,0.6666666666666667,,19567.91750555195,False
31,free,"(2, 1, 3, 4, 5, 0)",0.156079302959045,0.7083333333333333,,14916.77142991698,False
31,free,"(2, 1, 3, 5, 4, 0)",0.1385075643917069,0.8333333333333334,,13237.409702474568,False
31,free,"(2, 1, 4, 5, 3, 0)",0.22417101364567218,0.7916666666666666,,21424.41507854899,False
31,free,"(2, 1, 5, 4, 3, 0)",0.2196426046548043,0.6666666666666667,,20991.62712667251,False
31,free,"(3, 4, 5, 1, 2, 0)",0.17573101580805683,0.7083333333333333,,16794.919930183332,False
31,free,"(3, 4, 5, 2, 1, 0)",0.14351460724228235,0.7916666666666666,,13715.94152780845,False
31,free,"(3, 5, 4, 1, 2, 0)",0.1767703493178499,0.7916666666666666,,16894.250847935476,False
31,free,"(3, 5, 4, 2, 1, 0)",0.14455394075207548,0.875,,13815.2724455606,False
31,free,"(4, 5, 3, 1, 2, 0)",0.09869481048315708,0.8333333333333334,,9432.435315799908,False
31,free,"(4, 5, 3, 2, 1, 0)",0.06647840191738169,1.0,,6353.456913425031,True
31,free,"(5, 4, 3, 1, 2, 0)",0.11263609164370784,0.7916666666666666,,10764.827891686205,False
31,free,"(5, 4, 3, 2, 1, 0)",0.08041968307793265,1.0,,7685.849489311324,False
31,same_history,"(0, 1, 2, 3, 4, 5)",0.08055474784290123,1.0,,7721.716668507926,False
31,same_history,"(0, 1, 2, 3, 5, 4)",0.0666072880267002,1.0,,6388.850379304095,True
31,same_history,"(0, 1, 2, 4, 5, 3)",0.15088337803003551,0.875,,14457.256773862482,False
31,same_history,"(0, 1, 2, 5, 4, 3)",0.14583961979587315,0.7916666666666666,,13977.264537743768,False
31,same_history,"(0, 2, 1, 3, 4, 5)",0.11298487906864726,0.7916666666666666,,10804.263478030114,False
31,same_history,"(0, 2, 1, 3, 5, 4)",0.09903708736164801,0.8333333333333334,,9471.397143817263,False
31,same_history,"(0, 2, 1, 4, 5, 3)",0.1833837156144502,0.7916666666666666,,17539.8035877717,False
31,same_history,"(0, 2, 1, 5, 4, 3)",0.17834772387752804,0.7083333333333333,,17059.81138787694,False
31,same_history,"(0, 3, 4, 5, 1, 2)",0.2544163930248131,0.5833333333333333,,24438.65029918161,False
31,same_history,"(0, 3, 4, 5, 2, 1)",0.2439300987055784,0.7083333333333333,,23731.449929527247,False
31,same_history,"(0, 3, 5, 4, 1, 2)",0.2578830175459004,0.625,,24751.05125280659,False
31,same_history,"(0, 3, 5, 4, 2, 1)",0.24758508068889543,0.7916666666666666,,24043.852808517364,False
31,same_history,"(0, 4, 5, 3, 1, 2)",0.18231898504334454,0.7916666666666666,,17856.484553817016,False
31,same_history,"(0, 4, 5, 3, 2, 1)",0.16983775686228875,0.875,,17149.286531067544,False
31,same_history,"(0, 5, 4, 3, 1, 2)",0.19861589465830584,0.6666666666666667,,19352.625098108932,False
31,same_history,"(0, 5, 4, 3, 2, 1)",0.18643544362277617,0.6666666666666667,,18645.426699206935,False
31,same_history,"(1, 2, 3, 4, 5, 0)",0.19275189788251038,0.7916666666666666,,19875.03295420106,False
31,same_history,"(1, 2, 3, 5, 4, 0)",0.1754373982181605,0.7916666666666666,,18197.331714007585,False
31,same_history,"(1, 2, 4, 5, 3, 0)",0.26410157994773903,0.75,,26989.31949074032,False
31,same_history,"(1, 2, 5, 4, 3, 0)",0.2545796466948638,0.6666666666666667,,26123.448255245414,False
31,same_history,"(2, 1, 3, 4, 5, 0)",0.21026773173983923,0.7083333333333333,,21085.581842657404,False
31,same_history,"(2, 1, 3, 5, 4, 0)",0.19284666075337525,0.75,,19407.880315230937,False
31,same_history,"(2, 1, 4, 5, 3, 0)",0.2825521393702785,0.75,,28199.86719528897,False
31,same_history,"(2, 1, 5, 4, 3, 0)",0.27308635170921175,0.6666666666666667,,27333.99715391722,False
31,same_history,"(3, 4, 5, 1, 2, 0)",0.202123062082436,0.75,,28192.451902630946,False
31,same_history,"(3, 4, 5, 2, 1, 0)",0.15936076375198388,0.8333333333333334,,25641.09250948332,False
31,same_history,"(3, 5, 4, 1, 2, 0)",0.20482977365870028,0.8333333333333334,,28184.733424739607,False
31,same_history,"(3, 5, 4, 2, 1, 0)",0.16239883357109594,0.9166666666666666,,25633.374074715728,False
31,same_history,"(4, 5, 3, 1, 2, 0)",0.1129555409297438,0.8333333333333334,,21986.346690986124,False
31,same_history,"(4, 5, 3, 2, 1, 0)",0.06858006884042259,0.9166666666666666,,19434.990577872904,False
31,same_history,"(5, 4, 3, 1, 2, 0)",0.12814798325565854,0.75,,23162.370914411862,False
31,same_history,"(5, 4, 3, 2, 1, 0)",0.08387056070996095,0.9583333333333334,,20611.010210641383,False
32,tmtm,"(np.int64(0), np.int64(1), np.int64(2), np.int64(3), np.int64(4), np.int64(5))",0.18431657454517436,0.875,,77338.26696067894,False
32,tmtm,"(np.int64(1), np.int64(2), np.int64(3), np.int64(4), np.int64(5), np.int64(0))",0.22909781395382317,0.7083333333333333,,78375.74584590546,False
32,tmtm,"(np.int64(0), np.int64(4), np.int64(5), np.int64(1), np.int64(2), np.int64(3))",0.24227815007861103,0.8333333333333334,,79021.17662903089,False
32,tmtm,"(np.int64(4), np.int64(5), np.int64(1), np.int64(2), np.int64(3), np.int64(0))",0.2425540841409045,0.75,,78445.48492142426,False
32,tmtm,"(np.int64(0), np.int64(3), np.int64(1), np.int64(2), np.int64(4), np.int64(5))",0.26416185932174613,0.7083333333333333,,78865.01950873999,False
32,tmtm,"(np.int64(3), np.int64(1), np.int64(2), np.int64(4), np.int64(5), np.int64(0))",0.28328870397062234,0.6666666666666667,,79803.0902423114,False
32,tmtm,"(np.int64(0), np.int64(4), np.int64(5), np.int64(3), np.int64(1), np.int64(2))",0.20427643188473224,0.7916666666666666,,77908.90726912915,False
32,tmtm,"(np.int64(4), np.int64(5), np.int64(3), np.int64(1), np.int64(2), np.int64(0))",0.17868460590206126,0.75,,77233.80740986741,False
32,tmtm,"(np.int64(0), np.int64(2), np.int64(1), np.int64(3), np.int64(4), np.int64(5))",0.22891124043748926,0.6666666666666667,,78183.67316408022,False
32,tmtm,"(np.int64(2), np.int64(1), np.int64(3), np.int64(4), np.int64(5), np.int64(0))",0.2535497962864638,0.5833333333333333,,79233.9294419134,False
32,tmtm,"(np.int64(0), np.int64(4), np.int64(5), np.int64(2), np.int64(1), np.int64(3))",0.24108227918121797,0.7083333333333333,,78603.83866677004,False
32,tmtm,"(np.int64(4), np.int64(5), np.int64(2), np.int64(1), np.int64(3), np.int64(0))",0.2216970306846272,0.625,,78040.92435177007,False
32,tmtm,"(np.int64(0), np.int64(3), np.int64(2), np.int64(1), np.int64(4), np.int64(5))",0.28548287765262914,0.5833333333333333,,79121.64653362523,False
32,tmtm,"(np.int64(3), np.int64(2), np.int64(1), np.int64(4), np.int64(5), np.int64(0))",0.28629281303019516,0.5416666666666667,,80072.49465980331,False
32,tmtm,"(np.int64(0), np.int64(4), np.int64(5), np.int64(3), np.int64(2), np.int64(1))",0.18161949549523423,0.875,,76902.7901283523,False
32,tmtm,"(np.int64(4), np.int64(5), np.int64(3), np.int64(2), np.int64(1), np.int64(0))",0.13498414276971354,0.875,,76240.46766169721,False
32,tmtm,"(np.int64(0), np.int64(1), np.int64(2), np.int64(3), np.int64(5), np.int64(4))",0.1534271486512374,0.875,,76769.68763892163,False
32,tmtm,"(np.int64(1), np.int64(2), np.int64(3), np.int64(5), np.int64(4), np.int64(0))",0.19084496403045914,0.8333333333333334,,77659.32371504414,False
32,tmtm,"(np.int64(0), np.int64(5), np.int64(4), np.int64(1), np.int64(2), np.int64(3))",0.2798975220472334,0.7083333333333333,,79737.59875989224,False
32,tmtm,"(np.int64(5), np.int64(4), np.int64(1), np.int64(2), np.int64(3), np.int64(0))",0.2717630091188575,0.75,,79014.0642431816,False
32,tmtm,"(np.int64(0), np.int64(3), np.int64(1), np.int64(2), np.int64(5), np.int64(4))",0.23480238718319296,0.7083333333333333,,78296.44018698264,False
32,tmtm,"(np.int64(3), np.int64(1), np.int64(2), np.int64(5), np.int64(4), np.int64(0))",0.24575688811466656,0.7916666666666666,,79086.66811145005,False
32,tmtm,"(np.int64(0), np.int64(5), np.int64(4), np.int64(3), np.int64(1), np.int64(2))",0.24220660674760675,0.6666666666666667,,78625.3293999905,False
32,tmtm,"(np.int64(5), np.int64(4), np.int64(3), np.int64(1), np.int64(2), np.int64(0))",0.20910543620551397,0.75,,77802.38673162475,False
32,tmtm,"(np.int64(0), np.int64(2), np.int64(1), np.int64(3), np.int64(5), np.int64(4))",0.19886355373061781,0.6666666666666667,,77615.09384232288,False
32,tmtm,"(np.int64(2), np.int64(1), np.int64(3), np.int64(5), np.int64(4), np.int64(0))",0.21525706457818206,0.7083333333333333,,78517.50731105206,False
32,tmtm,"(np.int64(0), np.int64(5), np.int64(4), np.int64(2), np.int64(1), np.int64(3))",0.2781140093064498,0.5833333333333333,,79320.26079763139,False
32,tmtm,"(np.int64(5), np.int64(4), np.int64(2), np.int64(1), np.int64(3), np.int64(0))",0.2513029604739088,0.625,,78609.5036735274,False
32,tmtm,"(np.int64(0), np.int64(3), np.int64(2), np.int64(1), np.int64(5), np.int64(4))",0.2567540186902509,0.6666666666666667,,78553.06721186789,False
32,tmtm,"(np.int64(3), np.int64(2), np.int64(1), np.int64(5), np.int64(4), np.int64(0))",0.24848037032571033,0.75,,79356.07252894196,False
32,tmtm,"(np.int64(0), np.int64(5), np.int64(4), np.int64(3), np.int64(2), np.int64(1))",0.21921345420733876,0.75,,77619.21225921361,False
32,tmtm,"(np.int64(5), np.int64(4), np.int64(3), np.int64(2), np.int64(1), np.int64(0))",0.16597985258840978,0.875,,76809.04698345454,False
32,free,"(0, 1, 2, 3, 4, 5)",0.09909586269326173,0.9166666666666666,,10401.679318845418,False
32,free,"(0, 1, 2, 3, 5, 4)",0.0720118425692175,1.0,,7558.78271005874,True
32,free,"(0, 2, 1, 3, 4, 5)",0.12920190931612152,0.7083333333333333,,13561.785442535358,False
32,free,"(0, 2, 1, 3, 5, 4)",0.1021178891920776,0.875,,10718.888833748675,False
32,free,"(0, 3, 1, 2, 4, 5)",0.18982189426731616,0.625,,19924.812380675347,False
32,free,"(0, 3, 1, 2, 5, 4)",0.1627378741432719,0.625,,17081.91577188867,False
32,free,"(0, 3, 2, 1, 4, 5)",0.19937602424951884,0.7916666666666666,,20927.669548921127,False
32,free,"(0, 3, 2, 1, 5, 4)",0.17229200412547452,0.7916666666666666,,18084.772940134448,False
32,free,"(0, 4, 5, 1, 2, 3)",0.19072749901424138,0.875,,20019.86993314145,False
32,free,"(0, 4, 5, 2, 1, 3)",0.1949274661804455,0.7083333333333333,,20460.72296600481,False
32,free,"(0, 4, 5, 3, 1, 2)",0.15040421874691284,0.9166666666666666,,15787.3034159805,False
32,free,"(0, 4, 5, 3, 2, 1)",0.1343984315260228,0.9166666666666666,,14107.242701107762,False
32,free,"(0, 5, 4, 1, 2, 3)",0.2250086138289867,0.75,,23618.215548228447,False
32,free,"(0, 5, 4, 2, 1, 3)",0.22920858099519084,0.5833333333333333,,24059.06858109181,False
32,free,"(0, 5, 4, 3, 1, 2)",0.18468533356165856,0.6666666666666667,,19385.649031067507,False
32,free,"(0, 5, 4, 3, 2, 1)",0.1686795463407686,0.7083333333333333,,17705.588316194764,False
32,free,"(1, 2, 3, 4, 5, 0)",0.16867954634076865,0.7083333333333333,,17705.588316194764,False
32,free,"(1, 2, 3, 5, 4, 0)",0.13439843152602282,0.9166666666666666,,14107.24270110776,False
32,free,"(2, 1, 3, 4, 5, 0)",0.18468533356165853,0.6666666666666667,,19385.6490310675,False
32,free,"(2, 1, 3, 5, 4, 0)",0.15040421874691284,0.9166666666666666,,15787.303415980501,False
32,free,"(3, 1, 2, 4, 5, 0)",0.22920858099519084,0.5833333333333333,,24059.068581091808,False
32,free,"(3, 1, 2, 5, 4, 0)",0.19492746618044546,0.7083333333333333,,20460.72296600481,False
32,free,"(3, 2, 1, 4, 5, 0)",0.2250086138289867,0.75,,23618.21554822845,False
32,free,"(3, 2, 1, 5, 4, 0)",0.19072749901424135,0.875,,20019.869933141446,False
32,free,"(4, 5, 1, 2, 3, 0)",0.1722920041254746,0.7916666666666666,,18084.772940134448,False
32,free,"(4, 5, 2, 1, 3, 0)",0.16273787414327187,0.625,,17081.91577188867,False
32,free,"(4, 5, 3, 1, 2, 0)",0.1021178891920776,0.875,,10718.888833748675,False
32,free,"(4, 5, 3, 2, 1, 0)",0.07201184256921746,1.0,,7558.782710058738,True
32,free,"(5, 4, 1, 2, 3, 0)",0.19937602424951886,0.7916666666666666,,20927.66954892113,False
32,free,"(5, 4, 2, 1, 3, 0)",0.18982189426731616,0.625,,19924.81238067535,False
32,free,"(5, 4, 3, 1, 2, 0)",0.12920190931612152,0.7083333333333333,,13561.785442535354,False
32,free,"(5, 4, 3, 2, 1, 0)",0.09909586269326173,0.9166666666666666,,10401.679318845418,False
32,same_history,"(0, 1, 2, 3, 4, 5)",0.09924138352040786,0.9166666666666666,,10427.30040690692,False
32,same_history,"(0, 1, 2, 3, 5, 4)",0.07217354179001058,0.9583333333333334,,7589.69276930759,True
32,same_history,"(0, 2, 1, 3, 4, 5)",0.129347375789503,0.7083333333333333,,13587.143758351887,False
32,same_history,"(0, 2, 1, 3, 5, 4)",0.10227933316975574,0.875,,10749.536156923663,False
32,same_history,"(0, 3, 1, 2, 4, 5)",0.19021862943179532,0.625,,19975.60207694755,False
32,same_history,"(0, 3, 1, 2, 5, 4)",0.16315079675345892,0.625,,17137.994353114555,False
32,same_history,"(0, 3, 2, 1, 4, 5)",0.2045095354815035,0.7916666666666666,,21472.56851097131,False
32,same_history,"(0, 3, 2, 1, 5, 4)",0.1774468721364023,0.7916666666666666,,18634.96080730945,False
32,same_history,"(0, 4, 5, 1, 2, 3)",0.23456034777511264,0.6666666666666667,,25784.464717143357,False
32,same_history,"(0, 4, 5, 2, 1, 3)",0.2397567597997738,0.75,,26423.252999845256,False
32,same_history,"(0, 4, 5, 3, 1, 2)",0.19762882451675867,0.9166666666666666,,22445.948873501635,False
32,same_history,"(0, 4, 5, 3, 2, 1)",0.18245563268879358,0.9166666666666666,,21048.65997971038,False
32,same_history,"(0, 5, 4, 1, 2, 3)",0.2675592856684253,0.75,,29061.61106827212,False
32,same_history,"(0, 5, 4, 2, 1, 3)",0.27283148293930287,0.6666666666666667,,29700.399267314882,False
32,same_history,"(0, 5, 4, 3, 1, 2)",0.23094801298795575,0.6666666666666667,,25723.09526862113,False
32,same_history,"(0, 5, 4, 3, 2, 1)",0.2158688429836851,0.7083333333333333,,24325.80635345191,False
32,same_history,"(1, 2, 3, 4, 5, 0)",0.21736657115165367,0.7083333333333333,,24918.830900527926,False
32,same_history,"(1, 2, 3, 5, 4, 0)",0.1833838382350774,0.7916666666666666,,21343.27692581047,False
32,same_history,"(2, 1, 3, 4, 5, 0)",0.23289612227039852,0.6666666666666667,,26663.616080118663,False
32,same_history,"(2, 1, 3, 5, 4, 0)",0.1989635856033671,0.8333333333333334,,23088.061754300164,False
32,same_history,"(3, 1, 2, 4, 5, 0)",0.27726444294268476,0.5833333333333333,,31567.843930542567,False
32,same_history,"(3, 1, 2, 5, 4, 0)",0.24347098654860463,0.625,,27992.289604305264,False
32,same_history,"(3, 2, 1, 4, 5, 0)",0.275424425824764,0.75,,31535.27135004345,False
32,same_history,"(3, 2, 1, 5, 4, 0)",0.2416932270168951,0.7916666666666666,,27959.71700604781,False
32,same_history,"(4, 5, 1, 2, 3, 0)",0.18529055730841898,0.7916666666666666,,31393.834764104093,False
32,same_history,"(4, 5, 2, 1, 3, 0)",0.17181110969995214,0.7083333333333333,,30646.247778726174,False
32,same_history,"(4, 5, 3, 1, 2, 0)",0.10453733752529633,0.875,,25012.86585546437,False
32,same_history,"(4, 5, 3, 2, 1, 0)",0.07243284836931263,1.0,,22229.201484093184,False
32,same_history,"(5, 4, 1, 2, 3, 0)",0.21370175247914136,0.7916666666666666,,33961.33554625078,False
32,same_history,"(5, 4, 2, 1, 3, 0)",0.2002174608183662,0.7083333333333333,,33213.74862922024,False
32,same_history,"(5, 4, 3, 1, 2, 0)",0.1329341866695185,0.7083333333333333,,27580.366732883947,False
32,same_history,"(5, 4, 3, 2, 1, 0)",0.10082722955931334,0.9166666666666666,,24796.701572293598,False
33,tmtm,"(np.int64(0), np.int64(1), np.int64(2), np.int64(3), np.int64(4), np.int64(5))",0.15585341316110285,0.875,,76690.27000018931,False
33,tmtm,"(np.int64(1), np.int64(2), np.int64(3), np.int64(4), np.int64(5), np.int64(0))",0.21919490212862364,0.75,,76054.54583419993,False
33,tmtm,"(np.int64(0), np.int64(4), np.int64(5), np.int64(1), np.int64(2), np.int64(3))",0.23076652314903662,0.8333333333333334,,76455.42515516662,False
33,tmtm,"(np.int64(4), np.int64(5), np.int64(1), np.int64(2), np.int64(3), np.int64(0))",0.23507620364137868,0.7083333333333333,,77281.75247762595,False
33,tmtm,"(np.int64(0), np.int64(3), np.int64(1), np.int64(2), np.int64(4), np.int64(5))",0.23147817728921719,0.5416666666666667,,78417.50600214888,False
33,tmtm,"(np.int64(3), np.int64(1), np.int64(2), np.int64(4), np.int64(5), np.int64(0))",0.26711639710486024,0.5833333333333333,,76281.67066382502,False
33,tmtm,"(np.int64(0), np.int64(4), np.int64(5), np.int64(3), np.int64(1), np.int64(2))",0.21476924112047327,0.6666666666666667,,77659.2579621368,False
33,tmtm,"(np.int64(4), np.int64(5), np.int64(3), np.int64(1), np.int64(2), np.int64(0))",0.20094938173531837,0.625,,76985.47411226168,False
33,tmtm,"(np.int64(0), np.int64(1), np.int64(2), np.int64(3), np.int64(5), np.int64(4))",0.12458470285881557,0.875,,76087.58829167527,False
33,tmtm,"(np.int64(1), np.int64(2), np.int64(3), np.int64(5), np.int64(4), np.int64(0))",0.1842795876276001,0.8333333333333334,,75304.02131658189,False
33,tmtm,"(np.int64(0), np.int64(5), np.int64(4), np.int64(1), np.int64(2), np.int64(3))",0.2648480993140336,0.75,,77205.94967278467,False
33,tmtm,"(np.int64(5), np.int64(4), np.int64(1), np.int64(2), np.int64(3), np.int64(0))",0.26319317694262107,0.7083333333333333,,77884.43418613999,False
33,tmtm,"(np.int64(0), np.int64(3), np.int64(1), np.int64(2), np.int64(5), np.int64(4))",0.20136415760651497,0.5416666666666667,,77814.82429363484,False
33,tmtm,"(np.int64(3), np.int64(1), np.int64(2), np.int64(5), np.int64(4), np.int64(0))",0.23434304345104465,0.6666666666666667,,75531.14614620699,False
33,tmtm,"(np.int64(0), np.int64(5), np.int64(4), np.int64(3), np.int64(1), np.int64(2))",0.25126468516877465,0.5833333333333333,,78409.78247975484,False
33,tmtm,"(np.int64(5), np.int64(4), np.int64(3), np.int64(1), np.int64(2), np.int64(0))",0.2301468373299686,0.625,,77588.15582077569,False
33,tmtm,"(np.int64(0), np.int64(2), np.int64(1), np.int64(3), np.int64(4), np.int64(5))",0.2189988842645614,0.7083333333333333,,78181.36313014233,False
33,tmtm,"(np.int64(2), np.int64(1), np.int64(3), np.int64(4), np.int64(5), np.int64(0))",0.25333190820203155,0.5833333333333333,,77740.71365259658,False
33,tmtm,"(np.int64(0), np.int64(4), np.int64(5), np.int64(2), np.int64(1), np.int64(3))",0.22799484848297014,0.75,,75770.91225493094,False
33,tmtm,"(np.int64(4), np.int64(5), np.int64(2), np.int64(1), np.int64(3), np.int64(0))",0.20728485643238995,0.5416666666666667,,76792.3142658339,False
33,tmtm,"(np.int64(0), np.int64(3), np.int64(2), np.int64(1), np.int64(4), np.int64(5))",0.2578838367121333,0.75,,78897.66610743207,False
33,tmtm,"(np.int64(3), np.int64(2), np.int64(1), np.int64(4), np.int64(5), np.int64(0))",0.2692256391492149,0.75,,76956.90545755185,False
33,tmtm,"(np.int64(0), np.int64(4), np.int64(5), np.int64(3), np.int64(2), np.int64(1))",0.17957628030221448,0.875,,75963.81203723127,False
33,tmtm,"(np.int64(4), np.int64(5), np.int64(3), np.int64(2), np.int64(1), np.int64(0))",0.1363000307062643,0.875,,75485.10287579977,False
33,tmtm,"(np.int64(0), np.int64(2), np.int64(1), np.int64(3), np.int64(5), np.int64(4))",0.18862557923371123,0.7083333333333333,,77578.68142162831,False
33,tmtm,"(np.int64(2), np.int64(1), np.int64(3), np.int64(5), np.int64(4), np.int64(0))",0.21790946334006334,0.6666666666666667,,76990.18913497856,False
33,tmtm,"(np.int64(0), np.int64(5), np.int64(4), np.int64(2), np.int64(1), np.int64(3))",0.26136517166703865,0.6666666666666667,,76521.43677254897,False
33,tmtm,"(np.int64(5), np.int64(4), np.int64(2), np.int64(1), np.int64(3), np.int64(0))",0.236014925977828,0.5416666666666667,,77394.99597434793,False
33,tmtm,"(np.int64(0), np.int64(3), np.int64(2), np.int64(1), np.int64(5), np.int64(4))",0.22835701591621718,0.75,,78294.98439891802,False
33,tmtm,"(np.int64(3), np.int64(2), np.int64(1), np.int64(5), np.int64(4), np.int64(0))",0.23570089041139655,0.8333333333333334,,76206.38093993379,False
33,tmtm,"(np.int64(0), np.int64(5), np.int64(4), np.int64(3), np.int64(2), np.int64(1))",0.21556021836616507,0.7916666666666666,,76714.33655484932,False
33,tmtm,"(np.int64(5), np.int64(4), np.int64(3), np.int64(2), np.int64(1), np.int64(0))",0.1664463544409364,0.875,,76087.78458431379,False
33,free,"(0, 1, 2, 3, 4, 5)",0.10091422831897301,0.875,,10750.545009851092,False
33,free,"(0, 1, 2, 3, 5, 4)",0.07262768122721015,0.9583333333333334,,7737.136467280931,True
33,free,"(0, 2, 1, 3, 4, 5)",0.14305370634919484,0.75,,15239.72718764882,False
33,free,"(0, 2, 1, 3, 5, 4)",0.11476715925743261,0.875,,12226.318645078652,False
33,free,"(0, 3, 1, 2, 4, 5)",0.2081890284970498,0.5416666666666667,,22178.69133716521,False
33,free,"(0, 3, 1, 2, 5, 4)",0.17990248140528695,0.5416666666666667,,19165.28279459505,False
33,free,"(0, 3, 2, 1, 4, 5)",0.22114252757252442,0.75,,23558.64713889588,False
33,free,"(0, 3, 2, 1, 5, 4)",0.1928559804807615,0.75,,20545.238596325726,False
33,free,"(0, 4, 5, 1, 2, 3)",0.19566637219624483,0.7916666666666666,,20844.633866308035,False
33,free,"(0, 4, 5, 2, 1, 3)",0.20090449572985464,0.6666666666666667,,21402.65907002101,False
33,free,"(0, 4, 5, 3, 1, 2)",0.15671042786568748,0.9166666666666666,,16694.598337094438,False
33,free,"(0, 4, 5, 3, 2, 1)",0.1334029037520993,0.9583333333333334,,14211.61262511621,False
33,free,"(0, 5, 4, 1, 2, 3)",0.23118127684350362,0.7916666666666666,,24628.090245959662,False
33,free,"(0, 5, 4, 2, 1, 3)",0.23641940037711334,0.5833333333333333,,25186.115449672638,False
33,free,"(0, 5, 4, 3, 1, 2)",0.19222533251294668,0.6666666666666667,,20478.054716746068,False
33,free,"(0, 5, 4, 3, 2, 1)",0.16891780839935888,0.7916666666666666,,17995.069004767833,False
33,free,"(1, 2, 3, 4, 5, 0)",0.16891780839935885,0.7916666666666666,,17995.069004767836,False
33,free,"(1, 2, 3, 5, 4, 0)",0.13340290375209926,0.9583333333333334,,14211.612625116206,False
33,free,"(2, 1, 3, 4, 5, 0)",0.19222533251294674,0.6666666666666667,,20478.05471674607,False
33,free,"(2, 1, 3, 5, 4, 0)",0.15671042786568748,0.9166666666666666,,16694.598337094434,False
33,free,"(3, 1, 2, 4, 5, 0)",0.23641940037711334,0.5833333333333333,,25186.115449672638,False
33,free,"(3, 1, 2, 5, 4, 0)",0.20090449572985464,0.6666666666666667,,21402.659070021007,False
33,free,"(3, 2, 1, 4, 5, 0)",0.2311812768435036,0.7916666666666666,,24628.090245959665,False
33,free,"(3, 2, 1, 5, 4, 0)",0.19566637219624486,0.7916666666666666,,20844.633866308035,False
33,free,"(4, 5, 1, 2, 3, 0)",0.19285598048076152,0.75,,20545.23859632572,False
33,free,"(4, 5, 2, 1, 3, 0)",0.17990248140528695,0.5416666666666667,,19165.28279459505,False
33,free,"(4, 5, 3, 1, 2, 0)",0.11476715925743261,0.875,,12226.318645078652,False
33,free,"(4, 5, 3, 2, 1, 0)",0.07262768122721014,0.9583333333333334,,7737.13646728093,True
33,free,"(5, 4, 1, 2, 3, 0)",0.2211425275725244,0.75,,23558.64713889588,False
33,free,"(5, 4, 2, 1, 3, 0)",0.20818902849704976,0.5416666666666667,,22178.69133716521,False
33,free,"(5, 4, 3, 1, 2, 0)",0.14305370634919487,0.75,,15239.72718764882,False
33,free,"(5, 4, 3, 2, 1, 0)",0.10091422831897302,0.875,,10750.545009851092,False
33,same_history,"(0, 1, 2, 3, 4, 5)",0.10101409275050278,0.875,,10762.3705630337,False
33,same_history,"(0, 1, 2, 3, 5, 4)",0.07272305440344567,0.9583333333333334,,7748.845578389877,True
33,same_history,"(0, 2, 1, 3, 4, 5)",0.14311306104797844,0.75,,15246.445931606566,False
33,same_history,"(0, 2, 1, 3, 5, 4)",0.1148232115370114,0.875,,12232.920929667383,False
33,same_history,"(0, 3, 1, 2, 4, 5)",0.2088450268363379,0.5416666666666667,,22249.874350713453,False
33,same_history,"(0, 3, 1, 2, 5, 4)",0.1805536490374009,0.5416666666666667,,19236.349485217946,False
33,same_history,"(0, 3, 2, 1, 4, 5)",0.22723733199905516,0.75,,24208.00796524439,False
33,same_history,"(0, 3, 2, 1, 5, 4)",0.198948485433871,0.75,,21194.48292654841,False
33,same_history,"(0, 4, 5, 1, 2, 3)",0.2428296956750027,0.6666666666666667,,26929.617949762523,False
33,same_history,"(0, 4, 5, 2, 1, 3)",0.2493261525974345,0.7083333333333333,,27728.17116286839,False
33,same_history,"(0, 4, 5, 3, 1, 2)",0.20821853773985236,0.9166666666666666,,23864.77498024376,False
33,same_history,"(0, 4, 5, 3, 2, 1)",0.18592893542005373,0.9583333333333334,,21743.958166963563,False
33,same_history,"(0, 5, 4, 1, 2, 3)",0.2765024724721862,0.625,,30308.623896670128,False
33,same_history,"(0, 5, 4, 2, 1, 3)",0.28310841948962095,0.6666666666666667,,31107.176609537546,False
33,same_history,"(0, 5, 4, 3, 1, 2)",0.24237028902406016,0.6666666666666667,,27243.780288250164,False
33,same_history,"(0, 5, 4, 3, 2, 1)",0.22022775154970128,0.7916666666666666,,25122.963000114152,False
33,same_history,"(1, 2, 3, 4, 5, 0)",0.22057457291999186,0.7916666666666666,,25448.863580938945,False
33,same_history,"(1, 2, 3, 5, 4, 0)",0.18568500604565175,0.875,,21670.77429449485,False
33,same_history,"(2, 1, 3, 4, 5, 0)",0.24349501582148114,0.7083333333333333,,28002.07752319449,False
33,same_history,"(2, 1, 3, 5, 4, 0)",0.20868922248300778,0.8333333333333334,,24223.9864682403,False
33,same_history,"(3, 1, 2, 4, 5, 0)",0.28739174380681887,0.5833333333333333,,33037.43964335949,False
33,same_history,"(3, 1, 2, 5, 4, 0)",0.2528552648883914,0.5833333333333333,,29259.348561578558,False
33,same_history,"(3, 2, 1, 4, 5, 0)",0.28525080635021083,0.7916666666666666,,32998.60284830285,False
33,same_history,"(3, 2, 1, 5, 4, 0)",0.25082412566992696,0.7916666666666666,,29220.51284439995,False
33,same_history,"(4, 5, 1, 2, 3, 0)",0.20955049700936013,0.6666666666666667,,34348.62783755008,False
33,same_history,"(4, 5, 2, 1, 3, 0)",0.19180325294795958,0.5,,33282.93991631074,False
33,same_history,"(4, 5, 3, 1, 2, 0)",0.1166767567787107,0.875,,27219.94862291793,False
33,same_history,"(4, 5, 3, 2, 1, 0)",0.07288688925940799,0.9583333333333334,,23234.88919430845,False
33,same_history,"(5, 4, 1, 2, 3, 0)",0.24033536937156613,0.75,,37017.98798870411,False
33,same_history,"(5, 4, 2, 1, 3, 0)",0.22266414882314473,0.5416666666666667,,35952.29983761591,False
33,same_history,"(5, 4, 3, 1, 2, 0)",0.14761855977462582,0.75,,29889.30862285235,False
33,same_history,"(5, 4, 3, 2, 1, 0)",0.10382395702469714,0.875,,25904.250003414894,False
34,tmtm,"(np.int64(0), np.int64(1), np.int64(2), np.int64(3), np.int64(4), np.int64(6), np.int64(5))",0.2136962753569066,0.8285714285714285,0.7619047619047619,112734.98310652573,False
34,tmtm,"(np.int64(1), np.int64(2), np.int64(3), np.int64(4), np.int64(6), np.int64(5), np.int64(0))",0.26866525807005714,0.7428571428571429,0.7142857142857143,112704.48343568131,False
34,tmtm,"(np.int64(0), np.int64(3), np.int64(4), np.int64(6), np.int64(5), np.int64(1), np.int64(2))",0.2766429092535263,0.7142857142857143,0.6904761904761905,115391.82091804566,False
34,tmtm,"(np.int64(3), np.int64(4), np.int64(6), np.int64(5), np.int64(1), np.int64(2), np.int64(0))",0.2730690745617247,0.7142857142857143,0.7857142857142857,111249.61719846273,False
34,tmtm,"(np.int64(0), np.int64(1), np.int64(2), np.int64(4), np.int64(6), np.int64(5), np.int64(3))",0.231417314108873,0.9428571428571428,0.6666666666666667,112082.28205325536,False
34,tmtm,"(np.int64(1), np.int64(2), np.int64(4), np.int64(6), np.int64(5), np.int64(3), np.int64(0))",0.2815782791100642,0.8,0.5476190476190477,112824.55629206322,False
34,tmtm,"(np.int64(0), np.int64(4), np.int64(6), np.int64(5), np.int64(3), np.int64(1), np.int64(2))",0.21594827785017537,0.7428571428571429,0.8571428571428572,113295.92074285245,False
34,tmtm,"(np.int64(4), np.int64(6), np.int64(5), np.int64(3), np.int64(1), np.int64(2), np.int64(0))",0.21674376544055513,0.7714285714285715,0.9047619047619048,109926.49093292179,False
34,tmtm,"(np.int64(0), np.int64(1), np.int64(2), np.int64(3), np.int64(5), np.int64(4), np.int64(6))",0.171518471855901,0.9142857142857143,0.8809523809523809,111019.88513793323,False
34,tmtm,"(np.int64(1), np.int64(2), np.int64(3), np.int64(5), np.int64(4), np.int64(6), np.int64(0))",0.22511711647342708,0.7714285714285715,0.8333333333333334,111304.70913984104,False
34,tmtm,"(np.int64(0), np.int64(3), np.int64(5), np.int64(4), np.int64(6), np.int64(1), np.int64(2))",0.29504038013374323,0.8,0.5952380952380952,115868.04886513599,False
34,tmtm,"(np.int64(3), np.int64(5), np.int64(4), np.int64(6), np.int64(1), np.int64(2), np.int64(0))",0.2875467637186624,0.8571428571428572,0.5952380952380952,112041.16881830532,False
34,tmtm,"(np.int64(0), np.int64(1), np.int64(2), np.int64(5), np.int64(4), np.int64(6), np.int64(3))",0.22349588140365753,0.8285714285714285,0.7380952380952381,111519.97727956987,False
34,tmtm,"(np.int64(1), np.int64(2), np.int64(5), np.int64(4), np.int64(6), np.int64(3), np.int64(0))",0.2709567807986029,0.7142857142857143,0.6428571428571428,112577.57519112993,False
34,tmtm,"(np.int64(0), np.int64(5), np.int64(4), np.int64(6), np.int64(3), np.int64(1), np.int64(2))",0.26911026058906673,0.6571428571428571,0.7619047619047619,114924.94188484976,False
34,tmtm,"(np.int64(5), np.int64(4), np.int64(6), np.int64(3), np.int64(1), np.int64(2), np.int64(0))",0.26334216872082017,0.7428571428571429,0.8095238095238095,111870.83574767137,False
34,tmtm,"(np.int64(0), np.int64(1), np.int64(2), np.int64(3), np.int64(6), np.int64(4), np.int64(5))",0.21392805203961177,0.8285714285714285,0.8333333333333334,112741.66634328772,False
34,tmtm,"(np.int64(1), np.int64(2), np.int64(3), np.int64(6), np.int64(4), np.int64(5), np.int64(0))",0.2638102344546786,0.7428571428571429,0.7857142857142857,112552.77363423305,False
34,tmtm,"(np.int64(0), np.int64(3), np.int64(6), np.int64(4), np.int64(5), np.int64(1), np.int64(2))",0.2827604461492789,0.7142857142857143,0.6190476190476191,115571.88778481788,False
34,tmtm,"(np.int64(3), np.int64(6), np.int64(4), np.int64(5), np.int64(1), np.int64(2), np.int64(0))",0.27373013783224964,0.7428571428571429,0.7142857142857143,111271.29102702472,False
34,tmtm,"(np.int64(0), np.int64(1), np.int64(2), np.int64(6), np.int64(4), np.int64(5), np.int64(3))",0.23852734081114352,0.8857142857142857,0.5952380952380952,112296.81365073212,False
34,tmtm,"(np.int64(1), np.int64(2), np.int64(6), np.int64(4), np.int64(5), np.int64(3), np.int64(0))",0.28334087095146077,0.8,0.6428571428571428,112880.69485132971,False
34,tmtm,"(np.int64(0), np.int64(6), np.int64(4), np.int64(5), np.int64(3), np.int64(1), np.int64(2))",0.22950722845595908,0.6285714285714286,0.8095238095238095,113683.83597033941,False
34,tmtm,"(np.int64(6), np.int64(4), np.int64(5), np.int64(3), np.int64(1), np.int64(2), np.int64(0))",0.22408617745347015,0.7714285714285715,0.9047619047619048,110156.01312219852,False
34,tmtm,"(np.int64(0), np.int64(1), np.int64(2), np.int64(3), np.int64(5), np.int64(6), np.int64(4))",0.16343693425626846,0.9142857142857143,0.9285714285714286,110790.3629486565,False
34,tmtm,"(np.int64(1), np.int64(2), np.int64(3), np.int64(5), np.int64(6), np.int64(4), np.int64(0))",0.21232657975452374,0.8857142857142857,0.8809523809523809,110916.79391235407,False
34,tmtm,"(np.int64(0), np.int64(3), np.int64(5), np.int64(6), np.int64(4), np.int64(1), np.int64(2))",0.29315606507166114,0.8,0.5238095238095238,115811.91030586953,False
34,tmtm,"(np.int64(3), np.int64(5), np.int64(6), np.int64(4), np.int64(1), np.int64(2), np.int64(0))",0.2809970018937564,0.8571428571428572,0.6666666666666667,111826.63722082858,False
34,tmtm,"(np.int64(0), np.int64(1), np.int64(2), np.int64(5), np.int64(6), np.int64(4), np.int64(3))",0.2227782512610727,0.8285714285714285,0.8095238095238095,111498.30345100787,False
34,tmtm,"(np.int64(1), np.int64(2), np.int64(5), np.int64(6), np.int64(4), np.int64(3), np.int64(0))",0.26523284382500095,0.7142857142857143,0.7142857142857143,112397.50832435771,False
34,tmtm,"(np.int64(0), np.int64(5), np.int64(6), np.int64(4), np.int64(3), np.int64(1), np.int64(2))",0.274256366929423,0.7142857142857143,0.6904761904761905,115076.651686298,False
34,tmtm,"(np.int64(5), np.int64(6), np.int64(4), np.int64(3), np.int64(1), np.int64(2), np.int64(0))",0.2631316974233542,0.8,0.7380952380952381,111864.15251090936,False
34,tmtm,"(np.int64(0), np.int64(2), np.int64(1), np.int64(3), np.int64(4), np.int64(6), np.int64(5))",0.27553889730078507,0.7714285714285715,0.6666666666666667,114881.47955265353,False
34,tmtm,"(np.int64(2), np.int64(1), np.int64(3), np.int64(4), np.int64(6), np.int64(5), np.int64(0))",0.3074794086590651,0.6857142857142857,0.6904761904761905,115027.49835723497,False
34,tmtm,"(np.int64(0), np.int64(3), np.int64(4), np.int64(6), np.int64(5), np.int64(2), np.int64(1))",0.24237799951419714,0.7142857142857143,0.7142857142857143,113092.00126276417,False
34,tmtm,"(np.int64(3), np.int64(4), np.int64(6), np.int64(5), np.int64(2), np.int64(1), np.int64(0))",0.21928658521154165,0.7714285714285715,0.8095238095238095,109126.31601860713,False
34,tmtm,"(np.int64(0), np.int64(2), np.int64(1), np.int64(4), np.int64(6), np.int64(5), np.int64(3))",0.2897373822513894,0.8857142857142857,0.5952380952380952,114219.50039287427,False
34,tmtm,"(np.int64(2), np.int64(1), np.int64(4), np.int64(6), np.int64(5), np.int64(3), np.int64(0))",0.3190588231112976,0.6571428571428571,0.45238095238095233,115138.29310710802,False
34,tmtm,"(np.int64(0), np.int64(4), np.int64(6), np.int64(5), np.int64(3), np.int64(2), np.int64(1))",0.18061669803115687,0.8857142857142857,0.8809523809523809,110986.82298106208,False
34,tmtm,"(np.int64(4), np.int64(6), np.int64(5), np.int64(3), np.int64(2), np.int64(1), np.int64(0))",0.1595086006468255,0.9142857142857143,0.9285714285714286,107793.9116465573,False
34,tmtm,"(np.int64(0), np.int64(2), np.int64(1), np.int64(3), np.int64(5), np.int64(4), np.int64(6))",0.23317182701605607,0.8571428571428572,0.8095238095238095,113161.74253080659,False
34,tmtm,"(np.int64(2), np.int64(1), np.int64(3), np.int64(5), np.int64(4), np.int64(6), np.int64(0))",0.26294959798101103,0.7142857142857143,0.8095238095238095,113623.08500814026,False
34,tmtm,"(np.int64(0), np.int64(3), np.int64(5), np.int64(4), np.int64(6), np.int64(2), np.int64(1))",0.25972178142286234,0.8,0.6428571428571428,113563.59015660007,False
34,tmtm,"(np.int64(3), np.int64(5), np.int64(4), np.int64(6), np.int64(2), np.int64(1), np.int64(0))",0.23311549743233664,0.9142857142857143,0.6428571428571428,109913.22858519528,False
34,tmtm,"(np.int64(0), np.int64(2), np.int64(1), np.int64(5), np.int64(4), np.int64(6), np.int64(3))",0.2809316594806487,0.7142857142857143,0.7142857142857143,113652.55656593433,False
34,tmtm,"(np.int64(2), np.int64(1), np.int64(5), np.int64(4), np.int64(6), np.int64(3), np.int64(0))",0.3076332217475426,0.5714285714285714,0.6190476190476191,114886.67295292029,False
34,tmtm,"(np.int64(0), np.int64(5), np.int64(4), np.int64(6), np.int64(3), np.int64(2), np.int64(1))",0.23239444876352489,0.7428571428571429,0.7857142857142857,112611.20506980496,False
34,tmtm,"(np.int64(5), np.int64(4), np.int64(6), np.int64(3), np.int64(2), np.int64(1), np.int64(0))",0.20608882976559983,0.8285714285714285,0.8333333333333334,109733.61740805247,False
34,tmtm,"(np.int64(0), np.int64(2), np.int64(1), np.int64(3), np.int64(6), np.int64(4), np.int64(5))",0.27576346554916287,0.7714285714285715,0.7380952380952381,114888.16278941552,False
34,tmtm,"(np.int64(2), np.int64(1), np.int64(3), np.int64(6), np.int64(4), np.int64(5), np.int64(0))",0.3026040793170711,0.6857142857142857,0.7619047619047619,114875.7885557867,False
34,tmtm,"(np.int64(0), np.int64(3), np.int64(6), np.int64(4), np.int64(5), np.int64(2), np.int64(1))",0.24841582146862973,0.7142857142857143,0.6428571428571428,113272.06812953639,False
34,tmtm,"(np.int64(3), np.int64(6), np.int64(4), np.int64(5), np.int64(2), np.int64(1), np.int64(0))",0.21996489049882245,0.8,0.7380952380952381,109147.98984716913,False
34,tmtm,"(np.int64(0), np.int64(2), np.int64(1), np.int64(6), np.int64(4), np.int64(5), np.int64(3))",0.29663903922158913,0.8285714285714285,0.5238095238095238,114434.03199035104,False
34,tmtm,"(np.int64(2), np.int64(1), np.int64(6), np.int64(4), np.int64(5), np.int64(3), np.int64(0))",0.32083033808901795,0.6857142857142857,0.5238095238095238,115194.4316663745,False
34,tmtm,"(np.int64(0), np.int64(6), np.int64(4), np.int64(5), np.int64(3), np.int64(2), np.int64(1))",0.19400874615543734,0.7714285714285715,0.8333333333333334,111374.73820854904,False
34,tmtm,"(np.int64(6), np.int64(4), np.int64(5), np.int64(3), np.int64(2), np.int64(1), np.int64(0))",0.16704505920527593,0.9142857142857143,0.8809523809523809,108023.43383583405,False
34,tmtm,"(np.int64(0), np.int64(2), np.int64(1), np.int64(3), np.int64(5), np.int64(6), np.int64(4))",0.22532041529045896,0.8571428571428572,0.8571428571428572,112932.22034152986,False
34,tmtm,"(np.int64(2), np.int64(1), np.int64(3), np.int64(5), np.int64(6), np.int64(4), np.int64(0))",0.25006941495641644,0.8285714285714285,0.8571428571428572,113235.16978065332,False
34,tmtm,"(np.int64(0), np.int64(3), np.int64(5), np.int64(6), np.int64(4), np.int64(2), np.int64(1))",0.2578586504906735,0.8,0.5476190476190477,113507.4515973336,False
34,tmtm,"(np.int64(3), np.int64(5), np.int64(6), np.int64(4), np.int64(2), np.int64(1), np.int64(0))",0.2263861956415129,0.9142857142857143,0.6904761904761905,109698.69698771853,False
34,tmtm,"(np.int64(0), np.int64(2), np.int64(1), np.int64(5), np.int64(6), np.int64(4), np.int64(3))",0.2802340103255333,0.6571428571428571,0.7857142857142857,113630.88273737233,False
34,tmtm,"(np.int64(2), np.int64(1), np.int64(5), np.int64(6), np.int64(4), np.int64(3), np.int64(0))",0.3018698037713093,0.5142857142857142,0.6904761904761905,114706.60608614807,False
34,tmtm,"(np.int64(0), np.int64(5), np.int64(6), np.int64(4), np.int64(3), np.int64(2), np.int64(1))",0.23749087451535195,0.7428571428571429,0.7142857142857143,112762.91487125322,False
34,tmtm,"(np.int64(5), np.int64(6), np.int64(4), np.int64(3), np.int64(2), np.int64(1), np.int64(0))",0.20587230032529014,0.8285714285714285,0.7619047619047619,109726.93417129044,False
34,free,"(0, 1, 2, 3, 4, 6, 5)",0.10421685777308523,0.9428571428571428,0.8571428571428572,16031.481897538659,False
34,free,"(0, 1, 2, 3, 5, 4, 6)",0.07448040375351013,0.9142857142857143,0.9047619047619048,11457.179481419025,False
34,free,"(0, 1, 2, 3, 5, 6, 4)",0.06733104311953943,0.9142857142857143,0.9523809523809523,10357.406872346217,True
34,free,"(0, 1, 2, 3, 6, 4, 5)",0.10441294764916423,0.8285714285714285,0.8571428571428572,16061.646031881412,False
34,free,"(0, 1, 2, 4, 6, 5, 3)",0.14667473544337012,0.9428571428571428,0.7857142857142857,22562.69682594391,False
34,free,"(0, 1, 2, 5, 4, 6, 3)",0.14564438338754707,0.7714285714285715,0.8333333333333334,22404.19972015912,False
34,free,"(0, 1, 2, 5, 6, 4, 3)",0.14496926776061442,0.7428571428571429,0.8809523809523809,22300.347961593525,False
34,free,"(0, 1, 2, 6, 4, 5, 3)",0.15335715583407958,0.8857142857142857,0.7380952380952381,23590.640901543047,False
34,free,"(0, 2, 1, 3, 4, 6, 5)",0.13599289782861496,0.8,0.8333333333333334,20919.529971639146,False
34,free,"(0, 2, 1, 3, 5, 4, 6)",0.1062564438090541,0.8571428571428572,0.8809523809523809,16345.227555519505,False
34,free,"(0, 2, 1, 3, 5, 6, 4)",0.0991070831750837,0.8571428571428572,0.8809523809523809,15245.454946446695,False
34,free,"(0, 2, 1, 3, 6, 4, 5)",0.13618898770469617,0.7428571428571429,0.8809523809523809,20949.694105981893,False
34,free,"(0, 2, 1, 4, 6, 5, 3)",0.17845077549891064,0.9142857142857143,0.7619047619047619,27450.744900044392,False
34,free,"(0, 2, 1, 5, 4, 6, 3)",0.17742042344308764,0.7428571428571429,0.8571428571428572,27292.247794259594,False
34,free,"(0, 2, 1, 5, 6, 4, 3)",0.17674530781615508,0.7142857142857143,0.8571428571428572,27188.396035693997,False
34,free,"(0, 2, 1, 6, 4, 5, 3)",0.18513319588961974,0.8571428571428572,0.7619047619047619,28478.68897564352,False
34,free,"(0, 3, 4, 6, 5, 1, 2)",0.2289790387401379,0.6857142857142857,0.7380952380952381,35223.41195961791,False
34,free,"(0, 3, 4, 6, 5, 2, 1)",0.20954646903901178,0.6857142857142857,0.7380952380952381,32234.136557891936,False
34,free,"(0, 3, 5, 4, 6, 1, 2)",0.240456034530397,0.8,0.6666666666666667,36988.8964904438,False
34,free,"(0, 3, 5, 4, 6, 2, 1)",0.22102346482927088,0.8,0.6666666666666667,33999.62108871783,False
34,free,"(0, 3, 5, 6, 4, 1, 2)",0.23870738091685145,0.8571428571428572,0.5952380952380952,36719.90441613219,False
34,free,"(0, 3, 5, 6, 4, 2, 1)",0.21927481121572537,0.8571428571428572,0.5952380952380952,33730.62901440622,False
34,free,"(0, 3, 6, 4, 5, 1, 2)",0.2345879211442344,0.7142857142857143,0.6666666666666667,36086.21571947102,False
34,free,"(0, 3, 6, 4, 5, 2, 1)",0.2151553514431083,0.7142857142857143,0.6666666666666667,33096.94031774505,False
34,free,"(0, 4, 6, 5, 3, 1, 2)",0.1473169182213093,0.9428571428571428,0.8333333333333334,22661.482586706905,False
34,free,"(0, 4, 6, 5, 3, 2, 1)",0.12788434852018318,0.9714285714285714,0.8571428571428572,19672.20718498093,False
34,free,"(0, 5, 4, 6, 3, 1, 2)",0.1878739509456792,0.7142857142857143,0.8095238095238095,28900.294136317047,False
34,free,"(0, 5, 4, 6, 3, 2, 1)",0.16844138124455363,0.7714285714285715,0.7857142857142857,25911.018734591074,False
34,free,"(0, 5, 6, 4, 3, 1, 2)",0.19218661518916422,0.7714285714285715,0.6904761904761905,29563.703110899067,False
34,free,"(0, 5, 6, 4, 3, 2, 1)",0.17275404548803813,0.8857142857142857,0.7142857142857143,26574.427709173095,False
34,free,"(0, 6, 4, 5, 3, 1, 2)",0.15954744093410794,0.7714285714285715,0.7857142857142857,24542.880737231146,False
34,free,"(0, 6, 4, 5, 3, 2, 1)",0.14011487123298205,0.8,0.7857142857142857,21553.60533550517,False
34,free,"(1, 2, 3, 4, 6, 5, 0)",0.17275404548803813,0.8857142857142857,0.7142857142857143,26574.427709173087,False
34,free,"(1, 2, 3, 5, 4, 6, 0)",0.14011487123298205,0.8,0.7857142857142857,21553.605335505174,False
34,free,"(1, 2, 3, 5, 6, 4, 0)",0.12788434852018318,0.9714285714285714,0.8571428571428572,19672.207184980925,False
34,free,"(1, 2, 3, 6, 4, 5, 0)",0.16844138124455363,0.7714285714285715,0.7857142857142857,25911.018734591078,False
34,free,"(1, 2, 4, 6, 5, 3, 0)",0.21927481121572537,0.8571428571428572,0.5952380952380952,33730.62901440623,False
34,free,"(1, 2, 5, 4, 6, 3, 0)",0.21515535144310832,0.7142857142857143,0.6666666666666667,33096.94031774505,False
34,free,"(1, 2, 5, 6, 4, 3, 0)",0.20954646903901175,0.6857142857142857,0.7380952380952381,32234.136557891936,False
34,free,"(1, 2, 6, 4, 5, 3, 0)",0.22102346482927088,0.8,0.6666666666666667,33999.62108871783,False
34,free,"(2, 1, 3, 4, 6, 5, 0)",0.19218661518916422,0.7714285714285715,0.6904761904761905,29563.70311089907,False
34,free,"(2, 1, 3, 5, 4, 6, 0)",0.15954744093410794,0.7714285714285715,0.7857142857142857,24542.88073723115,False
34,free,"(2, 1, 3, 5, 6, 4, 0)",0.1473169182213093,0.9428571428571428,0.8333333333333334,22661.4825867069,False
34,free,"(2, 1, 3, 6, 4, 5, 0)",0.18787395094567924,0.7142857142857143,0.8095238095238095,28900.294136317047,False
34,free,"(2, 1, 4, 6, 5, 3, 0)",0.23870738091685145,0.8571428571428572,0.5952380952380952,36719.904416132194,False
34,free,"(2, 1, 5, 4, 6, 3, 0)",0.2345879211442344,0.7142857142857143,0.6666666666666667,36086.21571947103,False
34,free,"(2, 1, 5, 6, 4, 3, 0)",0.22897903874013786,0.6857142857142857,0.7380952380952381,35223.41195961791,False
34,free,"(2, 1, 6, 4, 5, 3, 0)",0.240456034530397,0.8,0.6666666666666667,36988.89649044381,False
34,free,"(3, 4, 6, 5, 1, 2, 0)",0.17674530781615505,0.7142857142857143,0.8571428571428572,27188.396035693997,False
34,free,"(3, 4, 6, 5, 2, 1, 0)",0.14496926776061442,0.7428571428571429,0.8809523809523809,22300.34796159352,False
34,free,"(3, 5, 4, 6, 1, 2, 0)",0.18513319588961974,0.8571428571428572,0.7619047619047619,28478.68897564352,False
34,free,"(3, 5, 4, 6, 2, 1, 0)",0.15335715583407958,0.8857142857142857,0.7380952380952381,23590.640901543044,False
34,free,"(3, 5, 6, 4, 1, 2, 0)",0.1784507754989107,0.9142857142857143,0.7619047619047619,27450.744900044392,False
34,free,"(3, 5, 6, 4, 2, 1, 0)",0.14667473544337015,0.9428571428571428,0.7857142857142857,22562.696825943913,False
34,free,"(3, 6, 4, 5, 1, 2, 0)",0.17742042344308764,0.7428571428571429,0.8571428571428572,27292.247794259594,False
34,free,"(3, 6, 4, 5, 2, 1, 0)",0.14564438338754704,0.7714285714285715,0.8333333333333334,22404.199720159115,False
34,free,"(4, 6, 5, 3, 1, 2, 0)",0.09910708317508368,0.8571428571428572,0.8809523809523809,15245.454946446693,False
34,free,"(4, 6, 5, 3, 2, 1, 0)",0.06733104311953943,0.9142857142857143,0.9523809523809523,10357.406872346215,True
34,free,"(5, 4, 6, 3, 1, 2, 0)",0.13618898770469617,0.7428571428571429,0.8809523809523809,20949.69410598189,False
34,free,"(5, 4, 6, 3, 2, 1, 0)",0.10441294764916427,0.8285714285714285,0.8571428571428572,16061.646031881413,False
34,free,"(5, 6, 4, 3, 1, 2, 0)",0.13599289782861496,0.8,0.8333333333333334,20919.52997163914,False
34,free,"(5, 6, 4, 3, 2, 1, 0)",0.10421685777308524,0.9428571428571428,0.8571428571428572,16031.481897538664,False
34,free,"(6, 4, 5, 3, 1, 2, 0)",0.10625644380905407,0.8571428571428572,0.8809523809523809,16345.227555519503,False
34,free,"(6, 4, 5, 3, 2, 1, 0)",0.07448040375351016,0.9142857142857143,0.9047619047619048,11457.179481419027,False
34,same_history,"(0, 1, 2, 3, 4, 6, 5)",0.10519023206071276,0.9428571428571428,0.8571428571428572,16182.367432487992,False
34,same_history,"(0, 1, 2, 3, 5, 4, 6)",0.07451946562082129,0.9142857142857143,0.9047619047619048,11465.196139872658,False
34,same_history,"(0, 1, 2, 3, 5, 6, 4)",0.06747813290341194,0.9142857142857143,0.9523809523809523,10381.630231097863,True
34,same_history,"(0, 1, 2, 3, 6, 4, 5)",0.10454808574877769,0.8285714285714285,0.8809523809523809,16088.132771017323,False
34,same_history,"(0, 1, 2, 4, 6, 5, 3)",0.1522510246774674,0.9142857142857143,0.7857142857142857,23451.498959909484,False
34,same_history,"(0, 1, 2, 5, 4, 6, 3)",0.14976827290336184,0.7714285714285715,0.8333333333333334,23046.56686263619,False
34,same_history,"(0, 1, 2, 5, 6, 4, 3)",0.14696690175920576,0.7428571428571429,0.8809523809523809,22627.673951775,False
34,same_history,"(0, 1, 2, 6, 4, 5, 3)",0.15773504059541074,0.8571428571428572,0.7380952380952381,24298.354704075082,False
34,same_history,"(0, 2, 1, 3, 4, 6, 5)",0.13696598798719123,0.8,0.8571428571428572,21070.415423440427,False
34,same_history,"(0, 2, 1, 3, 5, 4, 6)",0.1062950529043428,0.8571428571428572,0.8809523809523809,16353.244250840109,False
34,same_history,"(0, 2, 1, 3, 5, 6, 4)",0.0992537966572361,0.8571428571428572,0.8809523809523809,15269.67816486661,False
34,same_history,"(0, 2, 1, 3, 6, 4, 5)",0.1363227313643489,0.7428571428571429,0.8571428571428572,20976.18085518344,False
34,same_history,"(0, 2, 1, 4, 6, 5, 3)",0.1840189226527079,0.8857142857142857,0.7619047619047619,28339.546890927464,False
34,same_history,"(0, 2, 1, 5, 4, 6, 3)",0.1815422452863827,0.7428571428571429,0.8571428571428572,27934.61493532833,False
34,same_history,"(0, 2, 1, 5, 6, 4, 3)",0.17873774615273358,0.7142857142857143,0.8571428571428572,27515.722108101392,False
34,same_history,"(0, 2, 1, 6, 4, 5, 3)",0.18950200861933478,0.8285714285714285,0.7619047619047619,29186.402775172497,False
34,same_history,"(0, 3, 4, 6, 5, 1, 2)",0.25954214496990774,0.7142857142857143,0.6904761904761905,41637.87978357942,False
34,same_history,"(0, 3, 4, 6, 5, 2, 1)",0.24075513281953864,0.7142857142857143,0.7142857142857143,38979.54939858103,False
34,same_history,"(0, 3, 5, 4, 6, 1, 2)",0.2685565380889228,0.8,0.6666666666666667,42988.976844218654,False
34,same_history,"(0, 3, 5, 4, 6, 2, 1)",0.2497757138322322,0.8,0.6666666666666667,40330.64718184004,False
34,same_history,"(0, 3, 5, 6, 4, 1, 2)",0.2679275842231008,0.8571428571428572,0.5238095238095238,42658.01130962766,False
34,same_history,"(0, 3, 5, 6, 4, 2, 1)",0.2492575728026423,0.7428571428571429,0.5476190476190477,39999.680868249445,False
34,same_history,"(0, 3, 6, 4, 5, 1, 2)",0.26476852572124215,0.6571428571428571,0.6190476190476191,42147.54777621194,False
34,same_history,"(0, 3, 6, 4, 5, 2, 1)",0.24611367292282552,0.6571428571428571,0.6428571428571428,39489.21739826254,False
34,same_history,"(0, 4, 6, 5, 3, 1, 2)",0.18016939954382066,0.8857142857142857,0.8571428571428572,29910.492084219808,False
34,same_history,"(0, 4, 6, 5, 3, 2, 1)",0.16126958917699422,0.9142857142857143,0.8571428571428572,27252.16161480843,False
34,same_history,"(0, 5, 4, 6, 3, 1, 2)",0.21728807001375391,0.7142857142857143,0.8095238095238095,35585.91199655926,False
34,same_history,"(0, 5, 4, 6, 3, 2, 1)",0.19836104067634072,0.8,0.7857142857142857,32927.58195347377,False
34,same_history,"(0, 5, 6, 4, 3, 1, 2)",0.22004770555061884,0.8,0.6904761904761905,35755.43565735433,False
34,same_history,"(0, 5, 6, 4, 3, 2, 1)",0.20122012974423012,0.8857142857142857,0.6904761904761905,33097.10527176912,False
34,same_history,"(0, 6, 4, 5, 3, 1, 2)",0.19188094083622037,0.7714285714285715,0.7619047619047619,31240.68509800849,False
34,same_history,"(0, 6, 4, 5, 3, 2, 1)",0.17315806520045662,0.8,0.7857142857142857,28582.354881641473,False
34,same_history,"(1, 2, 3, 4, 6, 5, 0)",0.20591199523616247,0.8571428571428572,0.5714285714285714,34232.26345030458,False
34,same_history,"(1, 2, 3, 5, 4, 6, 0)",0.17461934244473046,0.8,0.7619047619047619,29266.934343669065,False
34,same_history,"(1, 2, 3, 5, 6, 4, 0)",0.1614272183948144,0.8857142857142857,0.8095238095238095,27335.764226099043,False
34,same_history,"(1, 2, 3, 6, 4, 5, 0)",0.200757963981501,0.7714285714285715,0.6904761904761905,33441.880937316244,False
34,same_history,"(1, 2, 4, 6, 5, 3, 0)",0.25231962939074726,0.8,0.5952380952380952,41830.565855790235,False
34,same_history,"(1, 2, 5, 4, 6, 3, 0)",0.24736050349110295,0.7142857142857143,0.6666666666666667,40952.63995539068,False
34,same_history,"(1, 2, 5, 6, 4, 3, 0)",0.24057853932107848,0.6857142857142857,0.7380952380952381,39808.32229653976,False
34,same_history,"(1, 2, 6, 4, 5, 3, 0)",0.2546345806237679,0.7428571428571429,0.6666666666666667,41893.08070794592,False
34,same_history,"(2, 1, 3, 4, 6, 5, 0)",0.22430742567992212,0.7428571428571429,0.5476190476190477,37214.29210775327,False
34,same_history,"(2, 1, 3, 5, 4, 6, 0)",0.19310632220206886,0.7714285714285715,0.7857142857142857,32248.96288259269,False
34,same_history,"(2, 1, 3, 5, 6, 4, 0)",0.17989388832565836,0.8571428571428572,0.7857142857142857,30317.79246923319,False
34,same_history,"(2, 1, 3, 6, 4, 5, 0)",0.21915889975747432,0.7142857142857143,0.7142857142857143,36423.909759197646,False
34,same_history,"(2, 1, 4, 6, 5, 3, 0)",0.2704657145566516,0.8,0.5952380952380952,44812.594697782915,False
34,same_history,"(2, 1, 5, 4, 6, 3, 0)",0.2655621154781601,0.7142857142857143,0.6666666666666667,43934.668830653995,False
34,same_history,"(2, 1, 5, 6, 4, 3, 0)",0.25883166807555147,0.6857142857142857,0.7380952380952381,42790.35114703685,False
34,same_history,"(2, 1, 6, 4, 5, 3, 0)",0.27289723721353926,0.7428571428571429,0.6666666666666667,44875.109880304815,False
34,same_history,"(3, 4, 6, 5, 1, 2, 0)",0.18423800460880022,0.7714285714285715,0.8571428571428572,39454.937464652176,False
34,same_history,"(3, 4, 6, 5, 2, 1, 0)",0.1526529912503356,0.8,0.8333333333333334,35175.900042995934,False
34,same_history,"(3, 5, 4, 6, 1, 2, 0)",0.18765970788069983,0.8285714285714285,0.7619047619047619,40898.93558562922,False
34,same_history,"(3, 5, 4, 6, 2, 1, 0)",0.15600113950533542,0.8571428571428572,0.7380952380952381,36619.89858995797,False
34,same_history,"(3, 5, 6, 4, 1, 2, 0)",0.19526822822844245,0.9142857142857143,0.6904761904761905,39745.65078741747,False
34,same_history,"(3, 5, 6, 4, 2, 1, 0)",0.1638080892784038,0.7142857142857143,0.7142857142857143,35466.61335533882,False
34,same_history,"(3, 6, 4, 5, 1, 2, 0)",0.20176040592443628,0.7142857142857143,0.8571428571428572,39718.52045764153,False
34,same_history,"(3, 6, 4, 5, 2, 1, 0)",0.17041785203679913,0.7428571428571429,0.8095238095238095,35439.482447008006,False
34,same_history,"(4, 6, 5, 3, 1, 2, 0)",0.11457788582320669,0.8571428571428572,0.8809523809523809,27868.463306540536,False
34,same_history,"(4, 6, 5, 3, 2, 1, 0)",0.08316537434522978,0.9142857142857143,0.9285714285714286,23589.427151966534,False
34,same_history,"(5, 4, 6, 3, 1, 2, 0)",0.14133698352890148,0.7428571428571429,0.8809523809523809,33348.2958954985,False
34,same_history,"(5, 4, 6, 3, 2, 1, 0)",0.10975980580667716,0.8571428571428572,0.8571428571428572,29069.25846594878,False
34,same_history,"(5, 6, 4, 3, 1, 2, 0)",0.15193862547902856,0.7428571428571429,0.8333333333333334,33265.89035791217,False
34,same_history,"(5, 6, 4, 3, 2, 1, 0)",0.12051621617632204,0.8857142857142857,0.8095238095238095,28986.85344181994,False
34,same_history,"(6, 4, 5, 3, 1, 2, 0)",0.14470554336809152,0.8285714285714285,0.8333333333333334,29581.726251496624,False
34,same_history,"(6, 4, 5, 3, 2, 1, 0)",0.11365597974400095,0.8857142857142857,0.8809523809523809,25302.688936382965,False
35,tmtm,"(np.int64(0), np.int64(1), np.int64(2), np.int64(4), np.int64(3), np.int64(5))",0.21116265363644227,0.875,,71942.11855858914,False
35,tmtm,"(np.int64(1), np.int64(2), np.int64(4), np.int64(3), np.int64(5), np.int64(0))",0.22176394998116247,0.7083333333333333,,73400.10362552,False
35,tmtm,"(np.int64(0), np.int64(2), np.int64(4), np.int64(3), np.int64(5), np.int64(1))",0.22540555152247094,0.7916666666666666,,74400.98640432624,False
35,tmtm,"(np.int64(2), np.int64(4), np.int64(3), np.int64(5), np.int64(1), np.int64(0))",0.22785708517184208,0.875,,70148.17526403473,False
35,tmtm,"(np.int64(0), np.int64(1), np.int64(3), np.int64(5), np.int64(2), np.int64(4))",0.22885806155416152,0.8333333333333334,,71592.40749913314,False
35,tmtm,"(np.int64(1), np.int64(3), np.int64(5), np.int64(2), np.int64(4), np.int64(0))",0.24441620821211324,0.7083333333333333,,73916.48099430269,False
35,tmtm,"(np.int64(0), np.int64(3), np.int64(5), np.int64(2), np.int64(4), np.int64(1))",0.17319424352270424,0.9166666666666666,,72846.49791189336,False
35,tmtm,"(np.int64(3), np.int64(5), np.int64(2), np.int64(4), np.int64(1), np.int64(0))",0.1851985195194211,0.9583333333333334,,69459.77519984053,False
35,tmtm,"(np.int64(0), np.int64(1), np.int64(4), np.int64(2), np.int64(3), np.int64(5))",0.223271786940161,0.75,,72218.3338398472,False
35,tmtm,"(np.int64(1), np.int64(4), np.int64(2), np.int64(3), np.int64(5), np.int64(0))",0.2329515301309504,0.5833333333333333,,73645.78327055118,False
35,tmtm,"(np.int64(0), np.int64(4), np.int64(2), np.int64(3), np.int64(5), np.int64(1))",0.2300189168840424,0.75,,74498.85223934133,False
35,tmtm,"(np.int64(4), np.int64(2), np.int64(3), np.int64(5), np.int64(1), np.int64(0))",0.23057004961614042,0.75,,70215.50546282293,False
35,tmtm,"(np.int64(0), np.int64(1), np.int64(3), np.int64(5), np.int64(4), np.int64(2))",0.2260039191421793,0.8333333333333334,,71525.07730034493,False
35,tmtm,"(np.int64(1), np.int64(3), np.int64(5), np.int64(4), np.int64(2), np.int64(0))",0.23999981986851338,0.75,,73818.61515928758,False
35,tmtm,"(np.int64(0), np.int64(3), np.int64(5), np.int64(4), np.int64(2), np.int64(1))",0.1613716280433354,0.9583333333333334,,72600.81826686217,False
35,tmtm,"(np.int64(3), np.int64(5), np.int64(4), np.int64(2), np.int64(1), np.int64(0))",0.17357840537339048,1.0,,69183.55991858248,False
35,tmtm,"(np.int64(0), np.int64(1), np.int64(2), np.int64(4), np.int64(5), np.int64(3))",0.20230372809578148,0.9166666666666666,,71741.38262246507,False
35,tmtm,"(np.int64(1), np.int64(2), np.int64(4), np.int64(5), np.int64(3), np.int64(0))",0.2052644602414056,0.875,,73040.97465118568,False
35,tmtm,"(np.int64(0), np.int64(2), np.int64(4), np.int64(5), np.int64(3), np.int64(1))",0.22095156941906927,0.75,,74306.7777802582,False
35,tmtm,"(np.int64(2), np.int64(4), np.int64(5), np.int64(3), np.int64(1), np.int64(0))",0.21763634180951263,0.8333333333333334,,69895.57360175645,False
35,tmtm,"(np.int64(0), np.int64(1), np.int64(5), np.int64(3), np.int64(2), np.int64(4))",0.23951891089345687,0.875,,71845.0091614114,False
35,tmtm,"(np.int64(1), np.int64(5), np.int64(3), np.int64(2), np.int64(4), np.int64(0))",0.24865540079826867,0.75,,74010.68961837073,False
35,tmtm,"(np.int64(0), np.int64(5), np.int64(3), np.int64(2), np.int64(4), np.int64(1))",0.19032526685106005,0.7916666666666666,,73205.62688622768,False
35,tmtm,"(np.int64(5), np.int64(3), np.int64(2), np.int64(4), np.int64(1), np.int64(0))",0.19359166771123326,0.9583333333333334,,69660.51113596461,False
35,tmtm,"(np.int64(0), np.int64(1), np.int64(4), np.int64(2), np.int64(5), np.int64(3))",0.21448092874011299,0.7916666666666666,,72017.59790372314,False
35,tmtm,"(np.int64(1), np.int64(4), np.int64(2), np.int64(5), np.int64(3), np.int64(0))",0.21657044015216295,0.75,,73286.65429621688,False
35,tmtm,"(np.int64(0), np.int64(4), np.int64(2), np.int64(5), np.int64(3), np.int64(1))",0.22557819916426713,0.7083333333333333,,74404.64361527332,False
35,tmtm,"(np.int64(4), np.int64(2), np.int64(5), np.int64(3), np.int64(1), np.int64(0))",0.22036721853055583,0.8333333333333334,,69962.9038005447,False
35,tmtm,"(np.int64(0), np.int64(1), np.int64(5), np.int64(3), np.int64(4), np.int64(2))",0.2366845477705334,0.875,,71777.67896262318,False
35,tmtm,"(np.int64(1), np.int64(5), np.int64(3), np.int64(4), np.int64(2), np.int64(0))",0.24425140084792304,0.7916666666666666,,73912.8237833556,False
35,tmtm,"(np.int64(0), np.int64(5), np.int64(3), np.int64(4), np.int64(2), np.int64(1))",0.17862533494310776,0.8333333333333334,,72959.9472411965,False
35,tmtm,"(np.int64(5), np.int64(3), np.int64(4), np.int64(2), np.int64(1), np.int64(0))",0.18203134459627865,1.0,,69384.29585470655,False
35,free,"(0, 1, 2, 4, 3, 5)",0.08319945423505129,1.0,,8641.915003783204,False
35,free,"(0, 1, 2, 4, 5, 3)",0.0723960500289483,1.0,,7519.767007032005,True
35,free,"(0, 1, 3, 5, 2, 4)",0.14575968474197945,0.75,,15140.036892065864,False
35,free,"(0, 1, 3, 5, 4, 2)",0.14346789173406976,0.7916666666666666,,14901.988691356919,False
35,free,"(0, 1, 4, 2, 3, 5)",0.09287402968978384,0.9166666666666666,,9646.811725116959,False
35,free,"(0, 1, 4, 2, 5, 3)",0.08207062548368095,0.9166666666666666,,8524.663728365762,False
35,free,"(0, 1, 5, 3, 2, 4)",0.15935444965262727,0.9166666666666666,,16552.123112274952,False
35,free,"(0, 1, 5, 3, 4, 2)",0.15706265664471755,0.9166666666666666,,16314.074911566006,False
35,free,"(0, 2, 4, 3, 5, 1)",0.19595628065902215,0.7916666666666666,,20353.94988443715,False
35,free,"(0, 2, 4, 5, 3, 1)",0.19088606819403311,0.75,,19827.30766573017,False
35,free,"(0, 3, 5, 2, 4, 1)",0.10314835071497963,0.9166666666666666,,10714.003930133513,False
35,free,"(0, 3, 5, 4, 2, 1)",0.09468254824825352,0.9583333333333334,,9834.662280251974,False
35,free,"(0, 4, 2, 3, 5, 1)",0.1992874491456373,0.75,,20699.957862365456,False
35,free,"(0, 4, 2, 5, 3, 1)",0.19421723668064825,0.7083333333333333,,20173.315643658483,False
35,free,"(0, 5, 3, 2, 4, 1)",0.12257574619511129,0.7916666666666666,,12731.924624780762,False
35,free,"(0, 5, 3, 4, 2, 1)",0.11410994372839195,0.8333333333333334,,11852.58297489922,False
35,free,"(1, 2, 4, 3, 5, 0)",0.11410994372839195,0.8333333333333334,,11852.582974899222,False
35,free,"(1, 2, 4, 5, 3, 0)",0.09468254824825353,0.9583333333333334,,9834.662280251976,False
35,free,"(1, 3, 5, 2, 4, 0)",0.19421723668064828,0.7083333333333333,,20173.315643658483,False
35,free,"(1, 3, 5, 4, 2, 0)",0.19088606819403317,0.75,,19827.307665730168,False
35,free,"(1, 4, 2, 3, 5, 0)",0.12257574619511129,0.7916666666666666,,12731.92462478076,False
35,free,"(1, 4, 2, 5, 3, 0)",0.10314835071497962,0.9166666666666666,,10714.003930133511,False
35,free,"(1, 5, 3, 2, 4, 0)",0.1992874491456373,0.75,,20699.957862365456,False
35,free,"(1, 5, 3, 4, 2, 0)",0.1959562806590222,0.7916666666666666,,20353.94988443715,False
35,free,"(2, 4, 3, 5, 1, 0)",0.15706265664471758,0.9166666666666666,,16314.074911566006,False
35,free,"(2, 4, 5, 3, 1, 0)",0.14346789173406974,0.7916666666666666,,14901.988691356913,False
35,free,"(3, 5, 2, 4, 1, 0)",0.08207062548368092,0.9166666666666666,,8524.663728365758,False
35,free,"(3, 5, 4, 2, 1, 0)",0.07239605002894829,1.0,,7519.767007032003,True
35,free,"(4, 2, 3, 5, 1, 0)",0.15935444965262727,0.9166666666666666,,16552.123112274952,False
35,free,"(4, 2, 5, 3, 1, 0)",0.14575968474197945,0.75,,15140.036892065866,False
35,free,"(5, 3, 2, 4, 1, 0)",0.09287402968978384,0.9166666666666666,,9646.81172511696,False
35,free,"(5, 3, 4, 2, 1, 0)",0.08319945423505129,1.0,,8641.915003783204,False
35,same_history,"(0, 1, 2, 4, 3, 5)",0.08422324359184928,1.0,,8748.660600634028,False
35,same_history,"(0, 1, 2, 4, 5, 3)",0.0729331486391527,1.0,,7575.821789603688,True
35,same_history,"(0, 1, 3, 5, 2, 4)",0.1613789403375371,0.75,,16787.920599438385,False
35,same_history,"(0, 1, 3, 5, 4, 2)",0.15992148322463115,0.875,,16642.589999371306,False
35,same_history,"(0, 1, 4, 2, 3, 5)",0.09387659301013794,0.9583333333333334,,9751.171382291228,False
35,same_history,"(0, 1, 4, 2, 5, 3)",0.08258611911155903,0.9583333333333334,,8578.33260290915,False
35,same_history,"(0, 1, 5, 3, 2, 4)",0.1736171108456737,0.9166666666666666,,18047.946477523397,False
35,same_history,"(0, 1, 5, 3, 4, 2)",0.1721734012113512,0.9166666666666666,,17902.615925933005,False
35,same_history,"(0, 2, 4, 3, 5, 1)",0.22645447326000537,0.7916666666666666,,23686.236516407374,False
35,same_history,"(0, 2, 4, 5, 3, 1)",0.22073526357684511,0.75,,23085.08452460582,False
35,same_history,"(0, 3, 5, 2, 4, 1)",0.1482448369764599,0.9166666666666666,,16222.64894432548,False
35,same_history,"(0, 3, 5, 4, 2, 1)",0.14049201887224017,0.9166666666666666,,15471.980261648814,False
35,same_history,"(0, 4, 2, 3, 5, 1)",0.2299606400690808,0.75,,24060.710988625047,False
35,same_history,"(0, 4, 2, 5, 3, 1)",0.22424435301721138,0.7083333333333333,,23459.557261289836,False
35,same_history,"(0, 5, 3, 2, 4, 1)",0.16671783792520764,0.7916666666666666,,18054.360572614678,False
35,same_history,"(0, 5, 3, 4, 2, 1)",0.15898875482765934,0.8333333333333334,,17303.691828762294,False
35,same_history,"(1, 2, 4, 3, 5, 0)",0.17300934186521397,0.8333333333333334,,21631.107184062323,False
35,same_history,"(1, 2, 4, 5, 3, 0)",0.15411834852562992,0.8333333333333334,,19623.78448589731,False
35,same_history,"(1, 3, 5, 2, 4, 0)",0.2479013415196639,0.625,,31445.530910405545,False
35,same_history,"(1, 3, 5, 4, 2, 0)",0.2440631826489316,0.75,,31196.559428169232,False
35,same_history,"(1, 4, 2, 3, 5, 0)",0.18045945251237158,0.7916666666666666,,22506.63109363278,False
35,same_history,"(1, 4, 2, 5, 3, 0)",0.1616044249203726,0.7916666666666666,,20499.30838091563,False
35,same_history,"(1, 5, 3, 2, 4, 0)",0.2535157149687539,0.6666666666666667,,31855.531561537467,False
35,same_history,"(1, 5, 3, 4, 2, 0)",0.2497025882517897,0.75,,31606.559660749423,False
35,same_history,"(2, 4, 3, 5, 1, 0)",0.19114093722724204,0.9166666666666666,,29606.589929279355,False
35,same_history,"(2, 4, 5, 3, 1, 0)",0.1800076348117155,0.625,,28182.441491543617,False
35,same_history,"(3, 5, 2, 4, 1, 0)",0.08447561531363833,0.9166666666666666,,23929.654117147216,False
35,same_history,"(3, 5, 4, 2, 1, 0)",0.07389508259518433,0.9166666666666666,,23075.343431174275,False
35,same_history,"(4, 2, 3, 5, 1, 0)",0.1917407632769669,0.9166666666666666,,29901.037057715337,False
35,same_history,"(4, 2, 5, 3, 1, 0)",0.1807151503157076,0.6666666666666667,,28476.88584628005,False
35,same_history,"(5, 3, 2, 4, 1, 0)",0.09662762689525858,0.9166666666666666,,24911.33992035495,False
35,same_history,"(5, 3, 4, 2, 1, 0)",0.08605196099719442,0.9166666666666666,,24057.029461381375,False
36,tmtm,"(np.int64(0), np.int64(1), np.int64(2), np.int64(3), np.int64(4), np.int64(5))",0.11134162062600537,0.9166666666666666,,67173.52699588459,False
36,tmtm,"(np.int64(1), np.int64(2), np.int64(3), np.int64(4), np.int64(5), np.int64(0))",0.15419835049576602,0.7916666666666666,,65076.95179028631,False
36,tmtm,"(np.int64(0), np.int64(5), np.int64(1), np.int64(2), np.int64(3), np.int64(4))",0.1994424333355915,0.625,,66682.05879226647,False
36,tmtm,"(np.int64(5), np.int64(1), np.int64(2), np.int64(3), np.int64(4), np.int64(0))",0.19903904026546856,0.625,,68803.7236313534,False
36,tmtm,"(np.int64(0), np.int64(3), np.int64(4), np.int64(1), np.int64(2), np.int64(5))",0.19002309475116785,0.5833333333333333,,69479.04737702629,False
36,tmtm,"(np.int64(3), np.int64(4), np.int64(1), np.int64(2), np.int64(5), np.int64(0))",0.21263113523789734,0.625,,65608.14415971337,False
36,tmtm,"(np.int64(0), np.int64(5), np.int64(3), np.int64(4), np.int64(1), np.int64(2))",0.20934298421665049,0.6666666666666667,,68208.50659781737,False
36,tmtm,"(np.int64(5), np.int64(3), np.int64(4), np.int64(1), np.int64(2), np.int64(0))",0.19829206489989679,0.5833333333333333,,68555.84342518964,False
36,tmtm,"(np.int64(0), np.int64(1), np.int64(2), np.int64(4), np.int64(3), np.int64(5))",0.12555477461327152,0.875,,67466.53280565386,False
36,tmtm,"(np.int64(1), np.int64(2), np.int64(4), np.int64(3), np.int64(5), np.int64(0))",0.165417957084585,0.75,,65339.42196382868,False
36,tmtm,"(np.int64(0), np.int64(5), np.int64(1), np.int64(2), np.int64(4), np.int64(3))",0.2042423201613844,0.625,,66795.15535504479,False
36,tmtm,"(np.int64(5), np.int64(1), np.int64(2), np.int64(4), np.int64(3), np.int64(0))",0.20282168515922963,0.6666666666666667,,68886.28455790483,False
36,tmtm,"(np.int64(0), np.int64(4), np.int64(3), np.int64(1), np.int64(2), np.int64(5))",0.18608588526096795,0.5833333333333333,,69396.48645047487,False
36,tmtm,"(np.int64(4), np.int64(3), np.int64(1), np.int64(2), np.int64(5), np.int64(0))",0.20807995982002256,0.6666666666666667,,65495.047596935045,False
36,tmtm,"(np.int64(0), np.int64(5), np.int64(4), np.int64(3), np.int64(1), np.int64(2))",0.19769170342699055,0.75,,67946.036424275,False
36,tmtm,"(np.int64(5), np.int64(4), np.int64(3), np.int64(1), np.int64(2), np.int64(0))",0.18490316931948883,0.75,,68262.83761542037,False
36,tmtm,"(np.int64(0), np.int64(2), np.int64(1), np.int64(3), np.int64(4), np.int64(5))",0.13278237345303637,0.8333333333333334,,67638.53223854952,False
36,tmtm,"(np.int64(2), np.int64(1), np.int64(3), np.int64(4), np.int64(5), np.int64(0))",0.16703853023217421,0.7916666666666666,,65029.31022950488,False
36,tmtm,"(np.int64(0), np.int64(5), np.int64(2), np.int64(1), np.int64(3), np.int64(4))",0.21577604174780973,0.7083333333333333,,67258.62518503306,False
36,tmtm,"(np.int64(5), np.int64(2), np.int64(1), np.int64(3), np.int64(4), np.int64(0))",0.21076263795949846,0.6666666666666667,,68867.64322067362,False
36,tmtm,"(np.int64(0), np.int64(3), np.int64(4), np.int64(2), np.int64(1), np.int64(5))",0.1816394191821412,0.625,,69572.85559835695,False
36,tmtm,"(np.int64(3), np.int64(4), np.int64(2), np.int64(1), np.int64(5), np.int64(0))",0.20099258348396454,0.625,,65189.305577597675,False
36,tmtm,"(np.int64(0), np.int64(5), np.int64(3), np.int64(4), np.int64(2), np.int64(1))",0.19928431723910076,0.75,,68413.87596924967,False
36,tmtm,"(np.int64(5), np.int64(3), np.int64(4), np.int64(2), np.int64(1), np.int64(0))",0.18252513394111014,0.7916666666666666,,68248.56599317558,False
36,tmtm,"(np.int64(0), np.int64(2), np.int64(1), np.int64(4), np.int64(3), np.int64(5))",0.14683314906855932,0.7916666666666666,,67931.5380483188,False
36,tmtm,"(np.int64(2), np.int64(1), np.int64(4), np.int64(3), np.int64(5), np.int64(0))",0.1780445642793232,0.75,,65291.78040304726,False
36,tmtm,"(np.int64(0), np.int64(5), np.int64(2), np.int64(1), np.int64(4), np.int64(3))",0.22055858711069318,0.7083333333333333,,67371.72174781137,False
36,tmtm,"(np.int64(5), np.int64(2), np.int64(1), np.int64(4), np.int64(3), np.int64(0))",0.21449092008433931,0.7916666666666666,,68950.20414722506,False
36,tmtm,"(np.int64(0), np.int64(4), np.int64(3), np.int64(2), np.int64(1), np.int64(5))",0.1776420938712325,0.6666666666666667,,69490.29467180553,False
36,tmtm,"(np.int64(4), np.int64(3), np.int64(2), np.int64(1), np.int64(5), np.int64(0))",0.19642799539783146,0.625,,65076.209014819346,False
36,tmtm,"(np.int64(0), np.int64(5), np.int64(4), np.int64(3), np.int64(2), np.int64(1))",0.18737466182610785,0.7916666666666666,,68151.4057957073,False
36,tmtm,"(np.int64(5), np.int64(4), np.int64(3), np.int64(2), np.int64(1), np.int64(0))",0.16898744327423063,1.0,,67955.56018340633,False
36,free,"(0, 1, 2, 3, 4, 5)",0.055643900488153986,1.0,,5559.744277005413,True
36,free,"(0, 1, 2, 4, 3, 5)",0.0664279426767903,0.8333333333333334,,6637.248124063976,False
36,free,"(0, 2, 1, 3, 4, 5)",0.0870636979184106,0.8333333333333334,,8699.100745822492,False
36,free,"(0, 2, 1, 4, 3, 5)",0.09784774010700574,0.7916666666666666,,9776.604592881062,False
36,free,"(0, 3, 4, 1, 2, 5)",0.17017891380485514,0.7916666666666666,,17003.682951646537,False
36,free,"(0, 3, 4, 2, 1, 5)",0.1630907351287995,0.6666666666666667,,16295.456884047599,False
36,free,"(0, 4, 3, 1, 2, 5)",0.16725750513663554,0.6666666666666667,,16711.785996518716,False
36,free,"(0, 4, 3, 2, 1, 5)",0.1601693264605799,0.625,,16003.55992891977,False
36,free,"(0, 5, 1, 2, 3, 4)",0.15183914970772946,0.7083333333333333,,15171.237749457112,False
36,free,"(0, 5, 1, 2, 4, 3)",0.1558410582696516,0.5833333333333333,,15571.094481804306,False
36,free,"(0, 5, 2, 1, 3, 4)",0.16850213580845674,0.7083333333333333,,16836.145148086754,False
36,free,"(0, 5, 2, 1, 4, 3)",0.17250404437037886,0.7083333333333333,,17236.00188043395,False
36,free,"(0, 5, 3, 4, 1, 2)",0.12383914401799305,0.75,,12373.574932438467,False
36,free,"(0, 5, 3, 4, 2, 1)",0.10287835403776782,0.75,,10279.245974336765,False
36,free,"(0, 5, 4, 3, 1, 2)",0.11435779029032477,0.7916666666666666,,11426.231168553211,False
36,free,"(0, 5, 4, 3, 2, 1)",0.09339700031009945,0.8333333333333334,,9331.90221045151,False
36,free,"(1, 2, 3, 4, 5, 0)",0.09339700031009941,0.8333333333333334,,9331.902210451508,False
36,free,"(1, 2, 4, 3, 5, 0)",0.10287835403776781,0.75,,10279.245974336765,False
36,free,"(2, 1, 3, 4, 5, 0)",0.11435779029032477,0.7916666666666666,,11426.231168553213,False
36,free,"(2, 1, 4, 3, 5, 0)",0.12383914401799308,0.75,,12373.574932438469,False
36,free,"(3, 4, 1, 2, 5, 0)",0.17250404437037886,0.7083333333333333,,17236.00188043395,False
36,free,"(3, 4, 2, 1, 5, 0)",0.1558410582696516,0.5833333333333333,,15571.094481804304,False
36,free,"(4, 3, 1, 2, 5, 0)",0.16850213580845674,0.7083333333333333,,16836.145148086754,False
36,free,"(4, 3, 2, 1, 5, 0)",0.1518391497077295,0.7083333333333333,,15171.237749457112,False
36,free,"(5, 1, 2, 3, 4, 0)",0.16016932646057988,0.625,,16003.559928919773,False
36,free,"(5, 1, 2, 4, 3, 0)",0.16309073512879949,0.6666666666666667,,16295.456884047602,False
36,free,"(5, 2, 1, 3, 4, 0)",0.16725750513663554,0.6666666666666667,,16711.785996518713,False
36,free,"(5, 2, 1, 4, 3, 0)",0.17017891380485511,0.7916666666666666,,17003.682951646537,False
36,free,"(5, 3, 4, 1, 2, 0)",0.09784774010700571,0.7916666666666666,,9776.60459288106,False
36,free,"(5, 3, 4, 2, 1, 0)",0.0664279426767903,0.8333333333333334,,6637.248124063979,False
36,free,"(5, 4, 3, 1, 2, 0)",0.08706369791841063,0.8333333333333334,,8699.100745822494,False
36,free,"(5, 4, 3, 2, 1, 0)",0.055643900488154006,1.0,,5559.744277005414,True
36,same_history,"(0, 1, 2, 3, 4, 5)",0.055689553324770553,1.0,,5663.104795051048,True
36,same_history,"(0, 1, 2, 4, 3, 5)",0.06645938864968363,0.8333333333333334,,6740.601790036968,False
36,same_history,"(0, 2, 1, 3, 4, 5)",0.08727634157453676,0.8333333333333334,,8786.423616934668,False
36,same_history,"(0, 2, 1, 4, 3, 5)",0.09805037159155162,0.7916666666666666,,9863.920362275945,False
36,same_history,"(0, 3, 4, 1, 2, 5)",0.1779536584420481,0.5833333333333333,,17870.09165191872,False
36,same_history,"(0, 3, 4, 2, 1, 5)",0.1732814272661499,0.625,,17470.580720255737,False
36,same_history,"(0, 4, 3, 1, 2, 5)",0.17574315309609984,0.5833333333333333,,17660.0272977803,False
36,same_history,"(0, 4, 3, 2, 1, 5)",0.1710352526214646,0.5833333333333333,,17260.516526516603,False
36,same_history,"(0, 5, 1, 2, 3, 4)",0.1741368820617754,0.5416666666666667,,17767.69520172716,False
36,same_history,"(0, 5, 1, 2, 4, 3)",0.17827900592617982,0.41666666666666663,,18192.784628461515,False
36,same_history,"(0, 5, 2, 1, 3, 4)",0.19000087880615688,0.7083333333333333,,19513.623347530793,False
36,same_history,"(0, 5, 2, 1, 4, 3)",0.19410948005389597,0.7083333333333333,,19938.7132312114,False
36,same_history,"(0, 5, 3, 4, 1, 2)",0.15485610392945712,0.75,,15890.410170744373,False
36,same_history,"(0, 5, 3, 4, 2, 1)",0.1360799897881999,0.75,,14392.252586370812,False
36,same_history,"(0, 5, 4, 3, 1, 2)",0.14626879308560073,0.75,,15069.713613623975,False
36,same_history,"(0, 5, 4, 3, 2, 1)",0.12735532920585815,0.7916666666666666,,13571.556296496277,False
36,same_history,"(1, 2, 3, 4, 5, 0)",0.14079622673605255,0.6666666666666667,,16816.94204955805,False
36,same_history,"(1, 2, 4, 3, 5, 0)",0.14973379041232776,0.6666666666666667,,17764.042646990096,False
36,same_history,"(2, 1, 3, 4, 5, 0)",0.16556490677643154,0.6666666666666667,,18646.806684796982,False
36,same_history,"(2, 1, 4, 3, 5, 0)",0.1746295231526354,0.6666666666666667,,19593.907059743375,False
36,same_history,"(3, 4, 1, 2, 5, 0)",0.21192192733281956,0.6666666666666667,,26107.54665112264,False
36,same_history,"(3, 4, 2, 1, 5, 0)",0.19759944782914213,0.5833333333333333,,24417.04389694151,False
36,same_history,"(4, 3, 1, 2, 5, 0)",0.20761673797097463,0.6666666666666667,,25793.840927382993,False
36,same_history,"(4, 3, 2, 1, 5, 0)",0.1940180343724304,0.75,,24148.544233933397,False
36,same_history,"(5, 1, 2, 3, 4, 0)",0.18315976834421568,0.625,,26730.430908908766,False
36,same_history,"(5, 1, 2, 4, 3, 0)",0.18491601778346,0.7083333333333333,,27072.492727361783,False
36,same_history,"(5, 2, 1, 3, 4, 0)",0.19332277638237913,0.6666666666666667,,27461.648879558008,False
36,same_history,"(5, 2, 1, 4, 3, 0)",0.1951220352886569,0.7916666666666666,,27803.710188687182,False
36,same_history,"(5, 3, 4, 1, 2, 0)",0.1028586252721536,0.7916666666666666,,21936.763963760055,False
36,same_history,"(5, 3, 4, 2, 1, 0)",0.06690429978359358,0.8333333333333334,,19236.251359718404,False
36,same_history,"(5, 4, 3, 1, 2, 0)",0.09176464837204455,0.8333333333333334,,21012.426013565306,False
36,same_history,"(5, 4, 3, 2, 1, 0)",0.055794300704406455,0.9583333333333334,,18311.913681771068,False
37,tmtm,"(np.int64(0), np.int64(1), np.int64(2), np.int64(3), np.int64(4))",0.15075361250057548,0.9333333333333333,,51783.998777591405,False
37,tmtm,"(np.int64(1), np.int64(2), np.int64(3), np.int64(4), np.int64(0))",0.1873759071053099,0.8,,50926.57992319345,False
37,tmtm,"(np.int64(0), np.int64(4), np.int64(1), np.int64(2), np.int64(3))",0.2178343549675237,0.6,,51812.779721239705,False
37,tmtm,"(np.int64(4), np.int64(1), np.int64(2), np.int64(3), np.int64(0))",0.2233800941052272,0.5333333333333333,,53060.1696432721,False
37,tmtm,"(np.int64(0), np.int64(3), np.int64(1), np.int64(2), np.int64(4))",0.20483392787859928,0.5333333333333333,,53032.09161150247,False
37,tmtm,"(np.int64(3), np.int64(1), np.int64(2), np.int64(4), np.int64(0))",0.2173838023656217,0.6,,51025.30208710617,False
37,tmtm,"(np.int64(0), np.int64(4), np.int64(3), np.int64(1), np.int64(2))",0.2110467002214054,0.6666666666666667,,52191.66544949333,False
37,tmtm,"(np.int64(4), np.int64(3), np.int64(1), np.int64(2), np.int64(0))",0.19644390612365242,0.7333333333333334,,52289.68470152736,False
37,tmtm,"(np.int64(0), np.int64(2), np.int64(1), np.int64(3), np.int64(4))",0.16505417622390062,0.7333333333333334,,52142.971059443465,False
37,tmtm,"(np.int64(2), np.int64(1), np.int64(3), np.int64(4), np.int64(0))",0.19455424827063167,0.6666666666666667,,50786.822561362475,False
37,tmtm,"(np.int64(0), np.int64(4), np.int64(2), np.int64(1), np.int64(3))",0.22933090645223914,0.6,,52283.31315319341,False
37,tmtm,"(np.int64(4), np.int64(2), np.int64(1), np.int64(3), np.int64(0))",0.2290843323063425,0.5333333333333333,,53031.97343154276,False
37,tmtm,"(np.int64(0), np.int64(3), np.int64(2), np.int64(1), np.int64(4))",0.20309464895446533,0.5333333333333333,,53213.37658062826,False
37,tmtm,"(np.int64(3), np.int64(2), np.int64(1), np.int64(4), np.int64(0))",0.2102690017275377,0.6,,50707.85741254891,False
37,tmtm,"(np.int64(0), np.int64(4), np.int64(3), np.int64(2), np.int64(1))",0.20746284379066035,0.8,,52484.51156872077,False
37,tmtm,"(np.int64(4), np.int64(3), np.int64(2), np.int64(1), np.int64(0))",0.18698831259493473,0.9333333333333333,,52083.80117707174,False
37,free,"(0, 1, 2, 3, 4)",0.06512919714942025,1.0,,5200.88702842871,True
37,free,"(0, 2, 1, 3, 4)",0.09739389540204804,0.8,,7777.3820254924385,False
37,free,"(0, 3, 1, 2, 4)",0.16188838466805494,0.4666666666666667,,12927.584504714858,False
37,free,"(0, 3, 2, 1, 4)",0.1648292937532745,0.5333333333333333,,13162.43057349129,False
37,free,"(0, 4, 1, 2, 3)",0.15463061252879917,0.6666666666666667,,12348.015668824752,False
37,free,"(0, 4, 2, 1, 3)",0.16606599425950058,0.6,,13261.187197285164,False
37,free,"(0, 4, 3, 1, 2)",0.13001357338753217,0.6666666666666667,,10382.223901817275,False
37,free,"(0, 4, 3, 2, 1)",0.1121251659508253,0.8,,8953.746501990388,False
37,free,"(1, 2, 3, 4, 0)",0.11212516595082529,0.8,,8953.746501990387,False
37,free,"(2, 1, 3, 4, 0)",0.13001357338753217,0.6666666666666667,,10382.223901817273,False
37,free,"(3, 1, 2, 4, 0)",0.16606599425950058,0.6,,13261.187197285166,False
37,free,"(3, 2, 1, 4, 0)",0.15463061252879917,0.6666666666666667,,12348.015668824753,False
37,free,"(4, 1, 2, 3, 0)",0.1648292937532745,0.5333333333333333,,13162.43057349129,False
37,free,"(4, 2, 1, 3, 0)",0.16188838466805497,0.4666666666666667,,12927.58450471486,False
37,free,"(4, 3, 1, 2, 0)",0.09739389540204803,0.8,,7777.382025492436,False
37,free,"(4, 3, 2, 1, 0)",0.06512919714942023,1.0,,5200.88702842871,True
37,same_history,"(0, 1, 2, 3, 4)",0.06518118996995265,0.9333333333333333,,5206.231235874256,True
37,same_history,"(0, 2, 1, 3, 4)",0.09744590067658979,0.8,,7782.563421020872,False
37,same_history,"(0, 3, 1, 2, 4)",0.1692609449148444,0.4666666666666667,,13525.901527389484,False
37,same_history,"(0, 3, 2, 1, 4)",0.18029684233104318,0.6,,14408.27910979943,False
37,same_history,"(0, 4, 1, 2, 3)",0.1995016049384033,0.4666666666666667,,16215.401263262409,False
37,same_history,"(0, 4, 2, 1, 3)",0.2132681935817133,0.6,,17343.9588407597,False
37,same_history,"(0, 4, 3, 1, 2)",0.18876428944605625,0.6666666666666667,,15754.771784614153,False
37,same_history,"(0, 4, 3, 2, 1)",0.17344532775760868,0.8,,14666.383926187866,False
37,same_history,"(1, 2, 3, 4, 0)",0.19318318860263645,0.6666666666666667,,18475.49698302856,False
37,same_history,"(2, 1, 3, 4, 0)",0.21030650487263497,0.6,,20033.243515485254,False
37,same_history,"(3, 1, 2, 4, 0)",0.24553805441079657,0.4666666666666667,,23954.02096960763,False
37,same_history,"(3, 2, 1, 4, 0)",0.23298113219330513,0.7333333333333334,,23353.49665422408,False
37,same_history,"(4, 1, 2, 3, 0)",0.20808200291289072,0.5333333333333333,,26702.705911451158,False
37,same_history,"(4, 2, 1, 3, 0)",0.1982744160808762,0.5333333333333333,,26744.38400374785,False
37,same_history,"(4, 3, 1, 2, 0)",0.10293954443525637,0.7333333333333334,,23004.91045330509,False
37,same_history,"(4, 3, 2, 1, 0)",0.06530439869445782,1.0,,20829.642015977734,False
38,tmtm,"(np.int64(0), np.int64(1), np.int64(2), np.int64(3), np.int64(4), np.int64(5))",0.21040545044652784,0.875,,78759.07814791128,False
38,tmtm,"(np.int64(1), np.int64(2), np.int64(3), np.int64(4), np.int64(5), np.int64(0))",0.22609318313790314,0.75,,81109.9094990152,False
38,tmtm,"(np.int64(0), np.int64(3), np.int64(4), np.int64(5), np.int64(1), np.int64(2))",0.28271933072104655,0.7083333333333333,,82721.45143564242,False
38,tmtm,"(np.int64(3), np.int64(4), np.int64(5), np.int64(1), np.int64(2), np.int64(0))",0.27270552408332366,0.7916666666666666,,81015.32105671799,False
38,tmtm,"(np.int64(0), np.int64(1), np.int64(2), np.int64(4), np.int64(5), np.int64(3))",0.2255082592594195,0.9166666666666666,,78534.46869492492,False
38,tmtm,"(np.int64(1), np.int64(2), np.int64(4), np.int64(5), np.int64(3), np.int64(0))",0.2434146378798038,0.75,,81731.80635303205,False
38,tmtm,"(np.int64(0), np.int64(4), np.int64(5), np.int64(3), np.int64(1), np.int64(2))",0.2588875468717295,0.875,,81850.84969710645,False
38,tmtm,"(np.int64(4), np.int64(5), np.int64(3), np.int64(1), np.int64(2), np.int64(0))",0.25085151826687313,0.7083333333333333,,80991.22562518524,False
38,tmtm,"(np.int64(0), np.int64(2), np.int64(1), np.int64(3), np.int64(4), np.int64(5))",0.2382713370921151,0.7916666666666666,,79542.43918782243,False
38,tmtm,"(np.int64(2), np.int64(1), np.int64(3), np.int64(4), np.int64(5), np.int64(0))",0.2467101709610792,0.7083333333333333,,81219.11188640527,False
38,tmtm,"(np.int64(0), np.int64(3), np.int64(4), np.int64(5), np.int64(2), np.int64(1))",0.2620630322490174,0.6666666666666667,,82424.36739144762,False
38,tmtm,"(np.int64(3), np.int64(4), np.int64(5), np.int64(2), np.int64(1), np.int64(0))",0.24436512582692232,0.8333333333333334,,80044.07836000212,False
38,tmtm,"(np.int64(0), np.int64(2), np.int64(1), np.int64(4), np.int64(5), np.int64(3))",0.253049310950576,0.8333333333333334,,79322.46878809048,False
38,tmtm,"(np.int64(2), np.int64(1), np.int64(4), np.int64(5), np.int64(3), np.int64(0))",0.2643072026719305,0.75,,81845.64779367657,False
38,tmtm,"(np.int64(0), np.int64(4), np.int64(5), np.int64(3), np.int64(2), np.int64(1))",0.23848004207116213,0.9583333333333334,,81558.40470616607,False
38,tmtm,"(np.int64(4), np.int64(5), np.int64(3), np.int64(2), np.int64(1), np.int64(0))",0.22230275369970975,1.0,,80024.6219817238,False
38,tmtm,"(np.int64(0), np.int64(1), np.int64(2), np.int64(3), np.int64(5), np.int64(4))",0.2006178204422731,0.9166666666666666,,78462.7172028328,False
38,tmtm,"(np.int64(1), np.int64(2), np.int64(3), np.int64(5), np.int64(4), np.int64(0))",0.21386345755178812,0.875,,80755.76451357889,False
38,tmtm,"(np.int64(0), np.int64(3), np.int64(5), np.int64(4), np.int64(1), np.int64(2))",0.28574081927457234,0.75,,82812.97437679628,False
38,tmtm,"(np.int64(3), np.int64(5), np.int64(4), np.int64(1), np.int64(2), np.int64(0))",0.273781520902868,0.8333333333333334,,81049.05995751402,False
38,tmtm,"(np.int64(0), np.int64(1), np.int64(2), np.int64(5), np.int64(4), np.int64(3))",0.22442867696547986,0.875,,78500.72979412889,False
38,tmtm,"(np.int64(1), np.int64(2), np.int64(5), np.int64(4), np.int64(3), np.int64(0))",0.24028794908080495,0.7083333333333333,,81640.28341187816,False
38,tmtm,"(np.int64(0), np.int64(5), np.int64(4), np.int64(3), np.int64(1), np.int64(2))",0.2706815861702468,0.75,,82204.99468254276,False
38,tmtm,"(np.int64(5), np.int64(4), np.int64(3), np.int64(1), np.int64(2), np.int64(0))",0.26060130395883213,0.7083333333333333,,81287.58657026371,False
38,tmtm,"(np.int64(0), np.int64(2), np.int64(1), np.int64(3), np.int64(5), np.int64(4))",0.22867683096843014,0.8333333333333334,,79246.07824274397,False
38,tmtm,"(np.int64(2), np.int64(1), np.int64(3), np.int64(5), np.int64(4), np.int64(0))",0.23482004257266537,0.8333333333333334,,80864.96690096897,False
38,tmtm,"(np.int64(0), np.int64(3), np.int64(5), np.int64(4), np.int64(2), np.int64(1))",0.2651578916384944,0.6666666666666667,,82515.89033260148,False
38,tmtm,"(np.int64(3), np.int64(5), np.int64(4), np.int64(2), np.int64(1), np.int64(0))",0.24545900624473949,0.8333333333333334,,80077.81726079814,False
38,tmtm,"(np.int64(0), np.int64(2), np.int64(1), np.int64(5), np.int64(4), np.int64(3))",0.25199153370355326,0.7916666666666666,,79288.72988729445,False
38,tmtm,"(np.int64(2), np.int64(1), np.int64(5), np.int64(4), np.int64(3), np.int64(0))",0.2612704206704635,0.7083333333333333,,81754.12485252268,False
38,tmtm,"(np.int64(0), np.int64(5), np.int64(4), np.int64(3), np.int64(2), np.int64(1))",0.25054691466135925,0.875,,81912.54969160238,False
38,tmtm,"(np.int64(5), np.int64(4), np.int64(3), np.int64(2), np.int64(1), np.int64(0))",0.23220608440093743,1.0,,80320.98292680227,False
38,free,"(0, 1, 2, 3, 4, 5)",0.07120895459153422,1.0,,8594.057041938377,False
38,free,"(0, 1, 2, 3, 5, 4)",0.05891884770196441,1.0,,7110.790221545509,True
38,free,"(0, 1, 2, 4, 5, 3)",0.11326087160636843,0.7916666666666666,,13669.213328410606,False
38,free,"(0, 1, 2, 5, 4, 3)",0.11186309646767179,0.7916666666666666,,13500.518824430475,False
38,free,"(0, 2, 1, 3, 4, 5)",0.12227894650419442,0.7916666666666666,,14757.585577734746,False
38,free,"(0, 2, 1, 3, 5, 4)",0.10998883961463268,0.8333333333333334,,13274.318757341876,False
38,free,"(0, 2, 1, 4, 5, 3)",0.16433086351903414,0.7916666666666666,,19832.74186420697,False
38,free,"(0, 2, 1, 5, 4, 3)",0.16293308838033754,0.75,,19664.047360226843,False
38,free,"(0, 3, 4, 5, 1, 2)",0.2057975281849799,0.6666666666666667,,24837.265291378088,False
38,free,"(0, 3, 4, 5, 2, 1)",0.17147488882515086,0.6666666666666667,,20694.939060354933,False
38,free,"(0, 3, 5, 4, 1, 2)",0.20958924898047027,0.75,,25294.879997147433,False
38,free,"(0, 3, 5, 4, 2, 1)",0.17526660962064125,0.75,,21152.553766124278,False
38,free,"(0, 4, 5, 3, 1, 2)",0.14669036974770308,0.875,,17703.748248323012,False
38,free,"(0, 4, 5, 3, 2, 1)",0.11236773038787407,0.9583333333333334,,13561.42201729986,False
38,free,"(0, 5, 4, 3, 1, 2)",0.16157626181507284,0.7083333333333333,,19500.294852342067,False
38,free,"(0, 5, 4, 3, 2, 1)",0.1272536224552441,0.875,,15357.968621318914,False
38,free,"(1, 2, 3, 4, 5, 0)",0.12725362245524413,0.875,,15357.968621318912,False
38,free,"(1, 2, 3, 5, 4, 0)",0.11236773038787409,0.9583333333333334,,13561.422017299861,False
38,free,"(1, 2, 4, 5, 3, 0)",0.17526660962064128,0.75,,21152.55376612428,False
38,free,"(1, 2, 5, 4, 3, 0)",0.17147488882515086,0.6666666666666667,,20694.93906035493,False
38,free,"(2, 1, 3, 4, 5, 0)",0.1615762618150728,0.7083333333333333,,19500.294852342064,False
38,free,"(2, 1, 3, 5, 4, 0)",0.14669036974770308,0.875,,17703.748248323016,False
38,free,"(2, 1, 4, 5, 3, 0)",0.20958924898047027,0.75,,25294.879997147433,False
38,free,"(2, 1, 5, 4, 3, 0)",0.20579752818497987,0.6666666666666667,,24837.26529137808,False
38,free,"(3, 4, 5, 1, 2, 0)",0.16293308838033754,0.75,,19664.04736022685,False
38,free,"(3, 4, 5, 2, 1, 0)",0.1118630964676718,0.7916666666666666,,13500.518824430477,False
38,free,"(3, 5, 4, 1, 2, 0)",0.16433086351903414,0.7916666666666666,,19832.74186420698,False
38,free,"(3, 5, 4, 2, 1, 0)",0.11326087160636843,0.7916666666666666,,13669.213328410606,False
38,free,"(4, 5, 3, 1, 2, 0)",0.10998883961463268,0.8333333333333334,,13274.31875734188,False
38,free,"(4, 5, 3, 2, 1, 0)",0.0589188477019644,1.0,,7110.79022154551,True
38,free,"(5, 4, 3, 1, 2, 0)",0.1222789465041944,0.7916666666666666,,14757.585577734744,False
38,free,"(5, 4, 3, 2, 1, 0)",0.07120895459153419,1.0,,8594.057041938377,False
38,same_history,"(0, 1, 2, 3, 4, 5)",0.0714319887933687,1.0,,8621.618025760616,False
38,same_history,"(0, 1, 2, 3, 5, 4)",0.05924107862958804,1.0,,7155.3046571632585,True
38,same_history,"(0, 1, 2, 4, 5, 3)",0.11643844076977708,0.875,,14057.95739908919,False
38,same_history,"(0, 1, 2, 5, 4, 3)",0.1131943937503211,0.7916666666666666,,13677.692243315567,False
38,same_history,"(0, 2, 1, 3, 4, 5)",0.12229547168035362,0.7916666666666666,,14763.117204537575,False
38,same_history,"(0, 2, 1, 3, 5, 4)",0.11015959625366396,0.8333333333333334,,13296.803746267507,False
38,same_history,"(0, 2, 1, 4, 5, 3)",0.16735633462047877,0.7916666666666666,,20199.456446903372,False
38,same_history,"(0, 2, 1, 5, 4, 3)",0.16414043758495006,0.75,,19819.191443899945,False
38,same_history,"(0, 3, 4, 5, 1, 2)",0.2375252632561615,0.7083333333333333,,29569.28087580953,False
38,same_history,"(0, 3, 4, 5, 2, 1)",0.20502078574620236,0.7083333333333333,,25880.11112044104,False
38,same_history,"(0, 3, 5, 4, 1, 2)",0.2397860587449255,0.7083333333333333,,29679.006055021837,False
38,same_history,"(0, 3, 5, 4, 2, 1)",0.20745519478880356,0.5416666666666667,,25989.835664899914,False
38,same_history,"(0, 4, 5, 3, 1, 2)",0.1820044761009177,0.7916666666666666,,23098.930516041604,False
38,same_history,"(0, 4, 5, 3, 2, 1)",0.14935408184657084,0.9583333333333334,,19409.76024830888,False
38,same_history,"(0, 5, 4, 3, 1, 2)",0.19455403302581947,0.7083333333333333,,24327.368999737697,False
38,same_history,"(0, 5, 4, 3, 2, 1)",0.16216167660803468,0.875,,20638.199074398293,False
38,same_history,"(1, 2, 3, 4, 5, 0)",0.1731448832270566,0.875,,25192.228939403638,False
38,same_history,"(1, 2, 3, 5, 4, 0)",0.1586900608552673,0.75,,23343.69133779597,False
38,same_history,"(1, 2, 4, 5, 3, 0)",0.21700978225826467,0.75,,30833.59853054437,False
38,same_history,"(1, 2, 5, 4, 3, 0)",0.21559275700953687,0.625,,30246.04141205837,False
38,same_history,"(2, 1, 3, 4, 5, 0)",0.20561728013251382,0.75,,29331.913910039657,False
38,same_history,"(2, 1, 3, 5, 4, 0)",0.19127301131567032,0.7083333333333333,,27483.376340929655,False
38,same_history,"(2, 1, 4, 5, 3, 0)",0.24908139436968063,0.75,,34973.2835436293,False
38,same_history,"(2, 1, 5, 4, 3, 0)",0.24795761991780715,0.6666666666666667,,34385.725211403784,False
38,same_history,"(3, 4, 5, 1, 2, 0)",0.16889643071572624,0.7916666666666666,,32260.94264647806,False
38,same_history,"(3, 4, 5, 2, 1, 0)",0.1176814277241466,0.7916666666666666,,26799.31446174751,False
38,same_history,"(3, 5, 4, 1, 2, 0)",0.19098150229842273,0.7916666666666666,,32238.85931205728,False
38,same_history,"(3, 5, 4, 2, 1, 0)",0.1398847907637344,0.625,,26777.229489732443,False
38,same_history,"(4, 5, 3, 1, 2, 0)",0.13212190382950154,0.75,,26142.936273668736,False
38,same_history,"(4, 5, 3, 2, 1, 0)",0.08099324002088644,0.9166666666666666,,20681.306171120334,False
38,same_history,"(5, 4, 3, 1, 2, 0)",0.1751064832842428,0.75,,28030.5656278089,False
38,same_history,"(5, 4, 3, 2, 1, 0)",0.1244369314879229,0.875,,22568.936947733968,False
39,tmtm,"(np.int64(0), np.int64(1), np.int64(2), np.int64(3), np.int64(4), np.int64(5), np.int64(6))",0.21931382080331957,0.8,0.9047619047619048,113423.04008591308,False
39,tmtm,"(np.int64(1), np.int64(2), np.int64(3), np.int64(4), np.int64(5), np.int64(6), np.int64(0))",0.23558076657489413,0.6857142857142857,0.8095238095238095,115874.97142815802,False
39,tmtm,"(np.int64(0), np.int64(4), np.int64(5), np.int64(6), np.int64(1), np.int64(2), np.int64(3))",0.2996101230650286,0.6571428571428571,0.5952380952380952,119988.82392956696,False
39,tmtm,"(np.int64(4), np.int64(5), np.int64(6), np.int64(1), np.int64(2), np.int64(3), np.int64(0))",0.30413346346317244,0.7428571428571429,0.6904761904761905,116895.25402942907,False
39,tmtm,"(np.int64(0), np.int64(1), np.int64(2), np.int64(3), np.int64(5), np.int64(6), np.int64(4))",0.2367989475094102,0.9142857142857143,0.7380952380952381,113153.7436387402,False
39,tmtm,"(np.int64(1), np.int64(2), np.int64(3), np.int64(5), np.int64(6), np.int64(4), np.int64(0))",0.25363394533598316,0.7428571428571429,0.6428571428571428,116436.10712022502,False
39,tmtm,"(np.int64(0), np.int64(5), np.int64(6), np.int64(4), np.int64(1), np.int64(2), np.int64(3))",0.2689310280219022,0.8,0.6190476190476191,118562.48488362583,False
39,tmtm,"(np.int64(5), np.int64(6), np.int64(4), np.int64(1), np.int64(2), np.int64(3), np.int64(0))",0.2758094925304584,0.7428571428571429,0.7619047619047619,116299.34712272776,False
39,tmtm,"(np.int64(0), np.int64(3), np.int64(1), np.int64(2), np.int64(4), np.int64(5), np.int64(6))",0.2622291405399567,0.6571428571428571,0.8333333333333334,115342.33520842636,False
39,tmtm,"(np.int64(3), np.int64(1), np.int64(2), np.int64(4), np.int64(5), np.int64(6), np.int64(0))",0.27228607049924836,0.6285714285714286,0.7380952380952381,117474.64240902675,False
39,tmtm,"(np.int64(0), np.int64(4), np.int64(5), np.int64(6), np.int64(3), np.int64(1), np.int64(2))",0.2732773173520897,0.5714285714285714,0.7619047619047619,118847.83978598117,False
39,tmtm,"(np.int64(4), np.int64(5), np.int64(6), np.int64(3), np.int64(1), np.int64(2), np.int64(0))",0.27276369410699264,0.6571428571428571,0.8571428571428572,115434.64574419869,False
39,tmtm,"(np.int64(0), np.int64(3), np.int64(1), np.int64(2), np.int64(5), np.int64(6), np.int64(4))",0.27837462266483665,0.7714285714285715,0.6666666666666667,115073.03876125348,False
39,tmtm,"(np.int64(3), np.int64(1), np.int64(2), np.int64(5), np.int64(6), np.int64(4), np.int64(0))",0.28973617262718554,0.6857142857142857,0.5714285714285714,118035.77810109373,False
39,tmtm,"(np.int64(0), np.int64(5), np.int64(6), np.int64(4), np.int64(3), np.int64(1), np.int64(2))",0.24208984808455894,0.8285714285714285,0.7857142857142857,117421.50074004004,False
39,tmtm,"(np.int64(5), np.int64(6), np.int64(4), np.int64(3), np.int64(1), np.int64(2), np.int64(0))",0.243331318035092,0.7714285714285715,0.8809523809523809,114838.7388374974,False
39,tmtm,"(np.int64(0), np.int64(2), np.int64(1), np.int64(3), np.int64(4), np.int64(5), np.int64(6))",0.22670162710828423,0.6571428571428571,0.9047619047619048,113702.2919740443,False
39,tmtm,"(np.int64(2), np.int64(1), np.int64(3), np.int64(4), np.int64(5), np.int64(6), np.int64(0))",0.2399072256756891,0.6285714285714286,0.8095238095238095,115574.47823940124,False
39,tmtm,"(np.int64(0), np.int64(4), np.int64(5), np.int64(6), np.int64(2), np.int64(1), np.int64(3))",0.3057480722637618,0.6,0.6904761904761905,120677.90199741702,False
39,tmtm,"(np.int64(4), np.int64(5), np.int64(6), np.int64(2), np.int64(1), np.int64(3), np.int64(0))",0.3067172721559965,0.6857142857142857,0.7857142857142857,117004.58702039112,False
39,tmtm,"(np.int64(0), np.int64(2), np.int64(1), np.int64(3), np.int64(5), np.int64(6), np.int64(4))",0.2442958375573644,0.7714285714285715,0.7380952380952381,113437.63458012586,False
39,tmtm,"(np.int64(2), np.int64(1), np.int64(3), np.int64(5), np.int64(6), np.int64(4), np.int64(0))",0.2580602582339841,0.6857142857142857,0.6428571428571428,116140.25298472267,False
39,tmtm,"(np.int64(0), np.int64(5), np.int64(6), np.int64(4), np.int64(2), np.int64(1), np.int64(3))",0.27537285486549334,0.8,0.6904761904761905,119256.20200473031,False
39,tmtm,"(np.int64(5), np.int64(6), np.int64(4), np.int64(2), np.int64(1), np.int64(3), np.int64(0))",0.2788855034637727,0.7428571428571429,0.8095238095238095,116413.31916694426,False
39,tmtm,"(np.int64(0), np.int64(3), np.int64(2), np.int64(1), np.int64(4), np.int64(5), np.int64(6))",0.2613087227003917,0.7428571428571429,0.7380952380952381,115392.53339536935,False
39,tmtm,"(np.int64(3), np.int64(2), np.int64(1), np.int64(4), np.int64(5), np.int64(6), np.int64(0))",0.2678281370937841,0.6857142857142857,0.6428571428571428,116945.09551908172,False
39,tmtm,"(np.int64(0), np.int64(4), np.int64(5), np.int64(6), np.int64(3), np.int64(2), np.int64(1))",0.27036567732805705,0.6571428571428571,0.7619047619047619,119307.86415264299,False
39,tmtm,"(np.int64(4), np.int64(5), np.int64(6), np.int64(3), np.int64(2), np.int64(1), np.int64(0))",0.267488139323387,0.8,0.8571428571428572,115314.9250339725,False
39,tmtm,"(np.int64(0), np.int64(3), np.int64(2), np.int64(1), np.int64(5), np.int64(6), np.int64(4))",0.27793451277541326,0.8571428571428572,0.5714285714285714,115127.87600145089,False
39,tmtm,"(np.int64(3), np.int64(2), np.int64(1), np.int64(5), np.int64(6), np.int64(4), np.int64(0))",0.2855852287106969,0.7428571428571429,0.47619047619047616,117510.87026440313,False
39,tmtm,"(np.int64(0), np.int64(5), np.int64(6), np.int64(4), np.int64(3), np.int64(2), np.int64(1))",0.2392344149462201,0.9142857142857143,0.8333333333333334,117886.1641599563,False
39,tmtm,"(np.int64(5), np.int64(6), np.int64(4), np.int64(3), np.int64(2), np.int64(1), np.int64(0))",0.2381481815348846,0.9142857142857143,0.9285714285714286,114723.65718052565,False
39,tmtm,"(np.int64(0), np.int64(1), np.int64(2), np.int64(3), np.int64(4), np.int64(6), np.int64(5))",0.21284858348281188,0.9142857142857143,0.9047619047619048,113717.86334128393,False
39,tmtm,"(np.int64(1), np.int64(2), np.int64(3), np.int64(4), np.int64(6), np.int64(5), np.int64(0))",0.22893908379988867,0.8571428571428572,0.8095238095238095,115738.42514090938,False
39,tmtm,"(np.int64(0), np.int64(4), np.int64(6), np.int64(5), np.int64(1), np.int64(2), np.int64(3))",0.29907174958691657,0.7428571428571429,0.47619047619047616,120048.03669864064,False
39,tmtm,"(np.int64(4), np.int64(6), np.int64(5), np.int64(1), np.int64(2), np.int64(3), np.int64(0))",0.3029540079487058,0.8571428571428572,0.5714285714285714,116523.09725588321,False
39,tmtm,"(np.int64(0), np.int64(1), np.int64(2), np.int64(3), np.int64(6), np.int64(5), np.int64(4))",0.23814099507796996,0.8285714285714285,0.8571428571428572,113660.43295666475,False
39,tmtm,"(np.int64(1), np.int64(2), np.int64(3), np.int64(6), np.int64(5), np.int64(4), np.int64(0))",0.25456922399070103,0.6857142857142857,0.7619047619047619,116511.42689553002,False
39,tmtm,"(np.int64(0), np.int64(6), np.int64(5), np.int64(4), np.int64(1), np.int64(2), np.int64(3))",0.2758882094159947,0.6857142857142857,0.6428571428571428,118833.56371525319,False
39,tmtm,"(np.int64(6), np.int64(5), np.int64(4), np.int64(1), np.int64(2), np.int64(3), np.int64(0))",0.2817855226167193,0.7428571428571429,0.7380952380952381,116139.0564117356,False
39,tmtm,"(np.int64(0), np.int64(3), np.int64(1), np.int64(2), np.int64(4), np.int64(6), np.int64(5))",0.25642481466413025,0.7714285714285715,0.8333333333333334,115637.1584637972,False
39,tmtm,"(np.int64(3), np.int64(1), np.int64(2), np.int64(4), np.int64(6), np.int64(5), np.int64(0))",0.26591456605760944,0.8,0.7380952380952381,117338.0961217781,False
39,tmtm,"(np.int64(0), np.int64(4), np.int64(6), np.int64(5), np.int64(3), np.int64(1), np.int64(2))",0.27268085654359686,0.6571428571428571,0.6428571428571428,118907.05255505485,False
39,tmtm,"(np.int64(4), np.int64(6), np.int64(5), np.int64(3), np.int64(1), np.int64(2), np.int64(0))",0.2717670831508264,0.7714285714285715,0.7380952380952381,115062.48897065286,False
39,tmtm,"(np.int64(0), np.int64(3), np.int64(1), np.int64(2), np.int64(6), np.int64(5), np.int64(4))",0.2800385388242307,0.6857142857142857,0.7857142857142857,115579.72807917804,False
39,tmtm,"(np.int64(3), np.int64(1), np.int64(2), np.int64(6), np.int64(5), np.int64(4), np.int64(0))",0.2906736487306713,0.6285714285714286,0.6904761904761905,118111.09787639875,False
39,tmtm,"(np.int64(0), np.int64(6), np.int64(5), np.int64(4), np.int64(3), np.int64(1), np.int64(2))",0.24919001442982186,0.7142857142857143,0.7619047619047619,117692.57957166739,False
39,tmtm,"(np.int64(6), np.int64(5), np.int64(4), np.int64(3), np.int64(1), np.int64(2), np.int64(0))",0.2497307007199587,0.7714285714285715,0.8571428571428572,114678.44812650526,False
39,tmtm,"(np.int64(0), np.int64(2), np.int64(1), np.int64(3), np.int64(4), np.int64(6), np.int64(5))",0.22016223848800895,0.7714285714285715,0.9047619047619048,113994.79570278793,False
39,tmtm,"(np.int64(2), np.int64(1), np.int64(3), np.int64(4), np.int64(6), np.int64(5), np.int64(0))",0.23319226251756048,0.8,0.8095238095238095,115435.61242552538,False
39,tmtm,"(np.int64(0), np.int64(4), np.int64(6), np.int64(5), np.int64(2), np.int64(1), np.int64(3))",0.3049811228155873,0.6857142857142857,0.5714285714285714,120734.79523986348,False
39,tmtm,"(np.int64(4), np.int64(6), np.int64(5), np.int64(2), np.int64(1), np.int64(3), np.int64(0))",0.30534211815197887,0.8,0.6666666666666667,116630.11072021806,False
39,tmtm,"(np.int64(0), np.int64(2), np.int64(1), np.int64(3), np.int64(6), np.int64(5), np.int64(4))",0.24551547388443004,0.6857142857142857,0.8571428571428572,113942.0043714232,False
39,tmtm,"(np.int64(2), np.int64(1), np.int64(3), np.int64(6), np.int64(5), np.int64(4), np.int64(0))",0.25879204383391635,0.6285714285714286,0.7619047619047619,116213.25323340046,False
39,tmtm,"(np.int64(0), np.int64(6), np.int64(5), np.int64(4), np.int64(2), np.int64(1), np.int64(3))",0.2821465074998915,0.6857142857142857,0.6904761904761905,119524.96130973047,False
39,tmtm,"(np.int64(6), np.int64(5), np.int64(4), np.int64(2), np.int64(1), np.int64(3), np.int64(0))",0.2846229905734312,0.7428571428571429,0.7857142857142857,116250.70892932489,False
39,tmtm,"(np.int64(0), np.int64(3), np.int64(2), np.int64(1), np.int64(4), np.int64(6), np.int64(5))",0.2552448385035933,0.8571428571428572,0.7380952380952381,115685.03712411296,False
39,tmtm,"(np.int64(3), np.int64(2), np.int64(1), np.int64(4), np.int64(6), np.int64(5), np.int64(0))",0.2612902562174967,0.8571428571428572,0.6428571428571428,116806.22970520586,False
39,tmtm,"(np.int64(0), np.int64(4), np.int64(6), np.int64(5), np.int64(3), np.int64(2), np.int64(1))",0.2694956656460733,0.7428571428571429,0.6428571428571428,119364.75739508946,False
39,tmtm,"(np.int64(4), np.int64(6), np.int64(5), np.int64(3), np.int64(2), np.int64(1), np.int64(0))",0.266354463851514,0.9142857142857143,0.7380952380952381,114940.44873379945,False
39,tmtm,"(np.int64(0), np.int64(3), np.int64(2), np.int64(1), np.int64(6), np.int64(5), np.int64(4))",0.2793909477744338,0.7714285714285715,0.6904761904761905,115632.24579274823,False
39,tmtm,"(np.int64(3), np.int64(2), np.int64(1), np.int64(6), np.int64(5), np.int64(4), np.int64(0))",0.28632459626023865,0.6857142857142857,0.5952380952380952,117583.87051308094,False
39,tmtm,"(np.int64(0), np.int64(6), np.int64(5), np.int64(4), np.int64(3), np.int64(2), np.int64(1))",0.24621645197779832,0.8,0.8095238095238095,118154.92346495643,False
39,tmtm,"(np.int64(6), np.int64(5), np.int64(4), np.int64(3), np.int64(2), np.int64(1), np.int64(0))",0.24446025722797124,0.9142857142857143,0.9047619047619048,114561.04694290627,False
39,free,"(0, 1, 2, 3, 4, 5, 6)",0.08257950044398181,0.9428571428571428,0.9285714285714286,14329.98650751973,False
39,free,"(0, 1, 2, 3, 4, 6, 5)",0.06604194398516254,0.9714285714285714,0.9761904761904762,11460.2311850939,True
39,free,"(0, 1, 2, 3, 5, 6, 4)",0.13006774079219102,0.9428571428571428,0.8333333333333334,22570.60118545674,False
39,free,"(0, 1, 2, 3, 6, 5, 4)",0.12467505351800977,0.8285714285714285,0.9047619047619048,21634.81039642681,False
39,free,"(0, 2, 1, 3, 4, 5, 6)",0.10241099940807027,0.8571428571428572,0.8809523809523809,17771.33830853672,False
39,free,"(0, 2, 1, 3, 4, 6, 5)",0.08587344294928441,0.8857142857142857,0.8809523809523809,14901.582986110892,False
39,free,"(0, 2, 1, 3, 5, 6, 4)",0.1498992397563115,0.7714285714285715,0.8333333333333334,26011.95298647373,False
39,free,"(0, 2, 1, 3, 6, 5, 4)",0.1445065524821054,0.6571428571428571,0.8809523809523809,25076.162197443802,False
39,free,"(0, 3, 1, 2, 4, 5, 6)",0.1354063623172439,0.7142857142857143,0.8333333333333334,23497.009967453607,False
39,free,"(0, 3, 1, 2, 4, 6, 5)",0.11886880585847437,0.7714285714285715,0.8095238095238095,20627.254645027777,False
39,free,"(0, 3, 1, 2, 5, 6, 4)",0.18289460266549978,0.7714285714285715,0.7142857142857143,31737.624645390617,False
39,free,"(0, 3, 1, 2, 6, 5, 4)",0.17750191539128188,0.6571428571428571,0.7619047619047619,30801.83385636069,False
39,free,"(0, 3, 2, 1, 4, 5, 6)",0.14251243784754233,0.8,0.7380952380952381,24730.124310866548,False
39,free,"(0, 3, 2, 1, 4, 6, 5)",0.12597488138872626,0.8857142857142857,0.7619047619047619,21860.36898844073,False
39,free,"(0, 3, 2, 1, 5, 6, 4)",0.19000067819575475,0.8857142857142857,0.5714285714285714,32970.73898880356,False
39,free,"(0, 3, 2, 1, 6, 5, 4)",0.18460799092157126,0.7714285714285715,0.6904761904761905,32034.94819977363,False
39,free,"(0, 4, 5, 6, 1, 2, 3)",0.21168473695230494,0.6857142857142857,0.6190476190476191,36733.56472326926,False
39,free,"(0, 4, 5, 6, 2, 1, 3)",0.21050882947436578,0.5714285714285714,0.6428571428571428,36529.50998568641,False
39,free,"(0, 4, 5, 6, 3, 1, 2)",0.18144879697522204,0.6,0.7619047619047619,31486.734582807272,False
39,free,"(0, 4, 5, 6, 3, 2, 1)",0.17004174835357458,0.6857142857142857,0.7619047619047619,29507.274160305773,False
39,free,"(0, 4, 6, 5, 1, 2, 3)",0.2184578707357609,0.8,0.47619047619047616,37908.903823268025,False
39,free,"(0, 4, 6, 5, 2, 1, 3)",0.21728196325782967,0.6857142857142857,0.5714285714285714,37704.84908568518,False
39,free,"(0, 4, 6, 5, 3, 1, 2)",0.18822193075867294,0.7142857142857143,0.6428571428571428,32662.07368280604,False
39,free,"(0, 4, 6, 5, 3, 2, 1)",0.17681488213702515,0.8,0.6428571428571428,30682.61326030454,False
39,free,"(0, 5, 6, 4, 1, 2, 3)",0.14835308489994595,0.9142857142857143,0.7142857142857143,25743.64937466432,False
39,free,"(0, 5, 6, 4, 2, 1, 3)",0.14717717742201492,0.8,0.7380952380952381,25539.594637081478,False
39,free,"(0, 5, 6, 4, 3, 1, 2)",0.11811714492285799,0.9428571428571428,0.7619047619047619,20496.819234202325,False
39,free,"(0, 5, 6, 4, 3, 2, 1)",0.10671009630121023,0.9714285714285714,0.8095238095238095,18517.358811700833,False
39,free,"(0, 6, 5, 4, 1, 2, 3)",0.1672798437037738,0.7142857142857143,0.6666666666666667,29028.001990412355,False
39,free,"(0, 6, 5, 4, 2, 1, 3)",0.1661039362258336,0.6571428571428571,0.7142857142857143,28823.947252829512,False
39,free,"(0, 6, 5, 4, 3, 1, 2)",0.13704390372669165,0.8285714285714285,0.7142857142857143,23781.171849950362,False
39,free,"(0, 6, 5, 4, 3, 2, 1)",0.12563685510504424,0.8571428571428572,0.7142857142857143,21801.711427448867,False
39,free,"(1, 2, 3, 4, 5, 6, 0)",0.12563685510504424,0.8571428571428572,0.7142857142857143,21801.711427448863,False
39,free,"(1, 2, 3, 4, 6, 5, 0)",0.10671009630121023,0.9714285714285714,0.8095238095238095,18517.35881170083,False
39,free,"(1, 2, 3, 5, 6, 4, 0)",0.17681488213702515,0.8,0.6428571428571428,30682.61326030454,False
39,free,"(1, 2, 3, 6, 5, 4, 0)",0.17004174835357458,0.6857142857142857,0.7619047619047619,29507.27416030578,False
39,free,"(2, 1, 3, 4, 5, 6, 0)",0.13704390372669165,0.8285714285714285,0.7142857142857143,23781.171849950366,False
39,free,"(2, 1, 3, 4, 6, 5, 0)",0.11811714492285799,0.9428571428571428,0.7619047619047619,20496.81923420233,False
39,free,"(2, 1, 3, 5, 6, 4, 0)",0.18822193075867294,0.7142857142857143,0.6428571428571428,32662.073682806033,False
39,free,"(2, 1, 3, 6, 5, 4, 0)",0.18144879697522204,0.6,0.7619047619047619,31486.734582807272,False
39,free,"(3, 1, 2, 4, 5, 6, 0)",0.16610393622583366,0.6571428571428571,0.7142857142857143,28823.94725282951,False
39,free,"(3, 1, 2, 4, 6, 5, 0)",0.1471771774220149,0.8,0.7380952380952381,25539.59463708147,False
39,free,"(3, 1, 2, 5, 6, 4, 0)",0.21728196325782967,0.6857142857142857,0.5714285714285714,37704.84908568518,False
39,free,"(3, 1, 2, 6, 5, 4, 0)",0.21050882947436583,0.5714285714285714,0.6428571428571428,36529.50998568641,False
39,free,"(3, 2, 1, 4, 5, 6, 0)",0.16727984370377377,0.7142857142857143,0.6666666666666667,29028.00199041235,False
39,free,"(3, 2, 1, 4, 6, 5, 0)",0.14835308489994598,0.9142857142857143,0.7142857142857143,25743.64937466432,False
39,free,"(3, 2, 1, 5, 6, 4, 0)",0.21845787073576084,0.8,0.47619047619047616,37908.90382326802,False
39,free,"(3, 2, 1, 6, 5, 4, 0)",0.21168473695230502,0.6857142857142857,0.6190476190476191,36733.56472326926,False
39,free,"(4, 5, 6, 1, 2, 3, 0)",0.18460799092157126,0.7714285714285715,0.6904761904761905,32034.948199773622,False
39,free,"(4, 5, 6, 2, 1, 3, 0)",0.17750191539128188,0.6571428571428571,0.7619047619047619,30801.83385636069,False
39,free,"(4, 5, 6, 3, 1, 2, 0)",0.1445065524821054,0.6571428571428571,0.8809523809523809,25076.162197443802,False
39,free,"(4, 5, 6, 3, 2, 1, 0)",0.12467505351800974,0.8285714285714285,0.9047619047619048,21634.81039642681,False
39,free,"(4, 6, 5, 1, 2, 3, 0)",0.19000067819575475,0.8857142857142857,0.5714285714285714,32970.73898880357,False
39,free,"(4, 6, 5, 2, 1, 3, 0)",0.18289460266549976,0.7714285714285715,0.7142857142857143,31737.62464539062,False
39,free,"(4, 6, 5, 3, 1, 2, 0)",0.1498992397563115,0.7714285714285715,0.8333333333333334,26011.952986473734,False
39,free,"(4, 6, 5, 3, 2, 1, 0)",0.13006774079219102,0.9428571428571428,0.8333333333333334,22570.60118545674,False
39,free,"(5, 6, 4, 1, 2, 3, 0)",0.12597488138872623,0.8857142857142857,0.7619047619047619,21860.368988440725,False
39,free,"(5, 6, 4, 2, 1, 3, 0)",0.11886880585847437,0.7714285714285715,0.8095238095238095,20627.254645027777,False
39,free,"(5, 6, 4, 3, 1, 2, 0)",0.08587344294928441,0.8857142857142857,0.8809523809523809,14901.582986110892,False
39,free,"(5, 6, 4, 3, 2, 1, 0)",0.06604194398516255,0.9714285714285714,0.9761904761904762,11460.2311850939,True
39,free,"(6, 5, 4, 1, 2, 3, 0)",0.1425124378475424,0.8,0.7380952380952381,24730.12431086655,False
39,free,"(6, 5, 4, 2, 1, 3, 0)",0.1354063623172439,0.7142857142857143,0.8333333333333334,23497.009967453603,False
39,free,"(6, 5, 4, 3, 1, 2, 0)",0.10241099940807027,0.8571428571428572,0.8809523809523809,17771.338308536724,False
39,free,"(6, 5, 4, 3, 2, 1, 0)",0.08257950044398182,0.9428571428571428,0.9285714285714286,14329.98650751973,False
39,same_history,"(0, 1, 2, 3, 4, 5, 6)",0.08263423031564496,0.9428571428571428,0.9285714285714286,14378.1995426328,False
39,same_history,"(0, 1, 2, 3, 4, 6, 5)",0.06611517170961594,0.9428571428571428,0.9523809523809523,11515.277656186974,True
39,same_history,"(0, 1, 2, 3, 5, 6, 4)",0.1313358419962158,0.9142857142857143,0.8571428571428572,22825.374509232162,False
39,same_history,"(0, 1, 2, 3, 6, 5, 4)",0.12498342912904957,0.8285714285714285,0.9047619047619048,21728.94781503887,False
39,same_history,"(0, 2, 1, 3, 4, 5, 6)",0.10247625482138495,0.8571428571428572,0.8809523809523809,17796.334221657133,False
39,same_history,"(0, 2, 1, 3, 4, 6, 5)",0.08596445592438245,0.8571428571428572,0.8809523809523809,14933.412307142875,False
39,same_history,"(0, 2, 1, 3, 5, 6, 4)",0.15117096537888472,0.7714285714285715,0.8333333333333334,26243.509220500608,False
39,same_history,"(0, 2, 1, 3, 6, 5, 4)",0.14483257113398632,0.6571428571428571,0.8809523809523809,25147.08256874965,False
39,same_history,"(0, 3, 1, 2, 4, 5, 6)",0.13547826322870485,0.7142857142857143,0.8333333333333334,23549.089116176925,False
39,same_history,"(0, 3, 1, 2, 4, 6, 5)",0.11895848999150058,0.7428571428571429,0.8095238095238095,20686.1672199326,False
39,same_history,"(0, 3, 1, 2, 5, 6, 4)",0.1841803600381752,0.7714285714285715,0.7142857142857143,31996.26417914001,False
39,same_history,"(0, 3, 1, 2, 6, 5, 4)",0.17782646145903902,0.6571428571428571,0.7619047619047619,30899.83743337693,False
39,same_history,"(0, 3, 2, 1, 4, 5, 6)",0.1428349268627323,0.8,0.7380952380952381,24812.981084208375,False
39,same_history,"(0, 3, 2, 1, 4, 6, 5)",0.12631822650654448,0.8571428571428572,0.7619047619047619,21950.059275521675,False
39,same_history,"(0, 3, 2, 1, 5, 6, 4)",0.19153458395492645,0.8857142857142857,0.6428571428571428,33260.15600383087,False
39,same_history,"(0, 3, 2, 1, 6, 5, 4)",0.18518697598708456,0.7714285714285715,0.6904761904761905,32163.72939961308,False
39,same_history,"(0, 4, 5, 6, 1, 2, 3)",0.2375425286649647,0.6857142857142857,0.5952380952380952,42124.437134472035,False
39,same_history,"(0, 4, 5, 6, 2, 1, 3)",0.2364008040318026,0.6,0.6904761904761905,42267.56019427064,False
39,same_history,"(0, 4, 5, 6, 3, 1, 2)",0.2120117907943964,0.5714285714285714,0.7142857142857143,37507.98248845134,False
39,same_history,"(0, 4, 5, 6, 3, 2, 1)",0.20177791893283678,0.6285714285714286,0.7619047619047619,36213.18051734276,False
39,same_history,"(0, 4, 6, 5, 1, 2, 3)",0.24465407954256027,0.8,0.47619047619047616,43294.01214273868,False
39,same_history,"(0, 4, 6, 5, 2, 1, 3)",0.2435804074368939,0.7142857142857143,0.5714285714285714,43437.13512450488,False
39,same_history,"(0, 4, 6, 5, 3, 1, 2)",0.21907540911669499,0.6857142857142857,0.6428571428571428,38677.55738217696,False
39,same_history,"(0, 4, 6, 5, 3, 2, 1)",0.2089391149801385,0.6857142857142857,0.6428571428571428,37382.755355159774,False
39,same_history,"(0, 5, 6, 4, 1, 2, 3)",0.17746851234593225,0.8285714285714285,0.6428571428571428,32170.723420578102,False
39,same_history,"(0, 5, 6, 4, 2, 1, 3)",0.17591403068245826,0.8285714285714285,0.7380952380952381,32313.846400191345,False
39,same_history,"(0, 5, 6, 4, 3, 1, 2)",0.15224236451949139,0.9142857142857143,0.7857142857142857,27554.269626882156,False
39,same_history,"(0, 5, 6, 4, 3, 2, 1)",0.1414131285334899,0.9428571428571428,0.8095238095238095,26259.46644681017,False
39,same_history,"(0, 6, 5, 4, 1, 2, 3)",0.19547310822356911,0.6285714285714286,0.6428571428571428,35167.68327514924,False
39,same_history,"(0, 6, 5, 4, 2, 1, 3)",0.19401659728551404,0.6571428571428571,0.7380952380952381,35310.804190211784,False
39,same_history,"(0, 6, 5, 4, 3, 1, 2)",0.1701721706828438,0.8,0.8095238095238095,30551.226447685236,False
39,same_history,"(0, 6, 5, 4, 3, 2, 1)",0.15948524009405976,0.8285714285714285,0.8095238095238095,29256.424445396577,False
39,same_history,"(1, 2, 3, 4, 5, 6, 0)",0.1624363723067041,0.8285714285714285,0.7142857142857143,30384.65589356831,False
39,same_history,"(1, 2, 3, 4, 6, 5, 0)",0.14361346506043038,0.8571428571428572,0.7380952380952381,27111.02179695633,False
39,same_history,"(1, 2, 3, 5, 6, 4, 0)",0.21352131567190574,0.7714285714285715,0.47619047619047616,39357.15523967515,False
39,same_history,"(1, 2, 3, 6, 5, 4, 0)",0.20623936869916368,0.6571428571428571,0.6666666666666667,38138.45129789122,False
39,same_history,"(2, 1, 3, 4, 5, 6, 0)",0.17530734393149225,0.8285714285714285,0.7142857142857143,32171.14159222868,False
39,same_history,"(2, 1, 3, 4, 6, 5, 0)",0.1564472040366797,0.8571428571428572,0.7142857142857143,28897.50748639454,False
39,same_history,"(2, 1, 3, 5, 6, 4, 0)",0.2265669736029826,0.7142857142857143,0.47619047619047616,41143.64326378213,False
39,same_history,"(2, 1, 3, 6, 5, 4, 0)",0.2193042415814945,0.6,0.6666666666666667,39924.93746879649,False
39,same_history,"(3, 1, 2, 4, 5, 6, 0)",0.20122304052180476,0.6285714285714286,0.7142857142857143,37549.48326901389,False
39,same_history,"(3, 1, 2, 4, 6, 5, 0)",0.18245727557861938,0.7142857142857143,0.6904761904761905,34275.84913933179,False
39,same_history,"(3, 1, 2, 5, 6, 4, 0)",0.2520492855114541,0.6857142857142857,0.47619047619047616,46521.98526787498,False
39,same_history,"(3, 1, 2, 6, 5, 4, 0)",0.24474656666863287,0.5714285714285714,0.5952380952380952,45303.279207126216,False
39,same_history,"(3, 2, 1, 4, 5, 6, 0)",0.20193431371603177,0.7428571428571429,0.6666666666666667,37514.5642477284,False
39,same_history,"(3, 2, 1, 4, 6, 5, 0)",0.1831510538783599,0.8285714285714285,0.6904761904761905,34240.93042624744,False
39,same_history,"(3, 2, 1, 5, 6, 4, 0)",0.2528373635901015,0.8,0.47619047619047616,46487.06626839184,False
39,same_history,"(3, 2, 1, 6, 5, 4, 0)",0.2455399419394536,0.6857142857142857,0.5952380952380952,45268.36042230743,False
39,same_history,"(4, 5, 6, 1, 2, 3, 0)",0.19516866767653124,0.7714285714285715,0.5952380952380952,48038.547326224994,False
39,same_history,"(4, 5, 6, 2, 1, 3, 0)",0.18228307618144662,0.6571428571428571,0.7619047619047619,47000.30128896326,False
39,same_history,"(4, 5, 6, 3, 1, 2, 0)",0.15835549087105044,0.6857142857142857,0.8333333333333334,41443.065307249555,False
39,same_history,"(4, 5, 6, 3, 2, 1, 0)",0.132417995129454,0.8,0.8571428571428572,38666.4368347584,False
39,same_history,"(4, 6, 5, 1, 2, 3, 0)",0.20167178424718074,0.8857142857142857,0.5714285714285714,48895.3226382604,False
39,same_history,"(4, 6, 5, 2, 1, 3, 0)",0.188851802945416,0.7714285714285715,0.7142857142857143,47857.076422360056,False
39,same_history,"(4, 6, 5, 3, 1, 2, 0)",0.1648017315267739,0.7428571428571429,0.8333333333333334,42299.83916366678,False
39,same_history,"(4, 6, 5, 3, 2, 1, 0)",0.13894787095259759,0.9142857142857143,0.8571428571428572,39523.21212408292,False
39,same_history,"(5, 6, 4, 1, 2, 3, 0)",0.13378819894064226,0.8857142857142857,0.7380952380952381,38794.06728000755,False
39,same_history,"(5, 6, 4, 2, 1, 3, 0)",0.12078806569365183,0.7714285714285715,0.8095238095238095,37755.82109304993,False
39,same_history,"(5, 6, 4, 3, 1, 2, 0)",0.09709457672072118,0.8857142857142857,0.8809523809523809,32198.584919229375,False
39,same_history,"(5, 6, 4, 3, 2, 1, 0)",0.07098985428296738,0.9714285714285714,0.9523809523809523,29421.9567689861,False
39,same_history,"(6, 5, 4, 1, 2, 3, 0)",0.15031425611152263,0.7714285714285715,0.7380952380952381,41398.36447617264,False
39,same_history,"(6, 5, 4, 2, 1, 3, 0)",0.13729683596342404,0.6857142857142857,0.8333333333333334,40360.11824062913,False
39,same_history,"(6, 5, 4, 3, 1, 2, 0)",0.11362943922011884,0.8571428571428572,0.8809523809523809,34802.88161644097,False
39,same_history,"(6, 5, 4, 3, 2, 1, 0)",0.08751026256896621,0.9428571428571428,0.9285714285714286,32026.25385498542,False
