scene,t,feature,q_x,q_y,area,x,y,width_x,width_y
pure_x,0,0,27.970183486238533,31.943807339449542,766.40625,26.970183486238533,30.943807339449542,9.196875,9.196875
pure_x,0,1,57.68382352941177,45.0,717.1875,56.68382352941177,46.0,8.606250000000001,8.606250000000001
pure_x,0,2,82.0375,76.1375,1054.6875,83.0375,77.1375,12.65625,12.65625
pure_x,1,0,28.53298611111111,32.03125,759.375,27.53298611111111,31.03125,9.1125,9.1125
pure_x,1,1,58.70752427184466,45.0,724.21875,57.70752427184466,46.0,8.690625,8.690625
pure_x,1,2,82.70408163265306,76.0204081632653,1033.59375,83.70408163265306,77.0204081632653,12.403125000000001,12.403125000000001
pure_x,2,0,29.100678733031675,32.07013574660633,776.953125,28.100678733031675,31.070135746606333,9.3234375,9.3234375
pure_x,2,1,59.44110576923077,45.0,731.25,58.44110576923077,46.0,8.775,8.775
pure_x,2,2,83.22068403908794,76.08102605863192,1079.296875,84.22068403908794,77.08102605863192,12.9515625,12.9515625
pure_x,3,0,29.845183486238533,31.943807339449542,766.40625,28.845183486238533,30.943807339449542,9.196875,9.196875
pure_x,3,1,59.58131067961165,45.0,724.21875,58.58131067961165,46.0,8.690625,8.690625
pure_x,3,2,83.79807692307692,75.99707357859532,1051.171875,84.79807692307692,76.99707357859532,12.614062500000001,12.614062500000001
pure_x,4,0,30.205479452054796,31.99486301369863,769.921875,29.205479452054796,30.99486301369863,9.239062500000001,9.239062500000001
pure_x,4,1,60.58252427184466,45.0,724.21875,59.58252427184466,46.0,8.690625,8.690625
pure_x,4,2,84.43259385665529,75.9598976109215,1030.078125,85.43259385665529,76.9598976109215,12.3609375,12.3609375
pure_x,5,0,30.9375,32.13068181818182,773.4375,29.9375,31.13068181818182,9.28125,9.28125
pure_x,5,1,61.07673267326733,45.0,710.15625,60.07673267326733,46.0,8.521875,8.521875
pure_x,5,2,85.03460912052117,75.98330618892508,1079.296875,86.03460912052117,76.98330618892508,12.9515625,12.9515625
pure_x,6,0,31.669520547945204,31.99486301369863,769.921875,30.669520547945204,30.99486301369863,9.239062500000001,9.239062500000001
pure_x,6,1,61.45631067961165,45.0,724.21875,60.45631067961165,46.0,8.690625,8.690625
pure_x,6,2,85.44554455445545,75.99628712871286,1065.234375,86.44554455445545,76.99628712871286,12.7828125,12.7828125
pure_x,7,0,32.0625,31.926136363636363,773.4375,31.0625,30.926136363636363,9.28125,9.28125
pure_x,7,1,62.43389423076923,45.0,731.25,61.43389423076923,46.0,8.775,8.775
pure_x,7,2,86.1300505050505,76.05429292929293,1044.140625,87.1300505050505,77.05429292929293,12.5296875,12.5296875
pure_x,8,0,32.8125,31.995412844036696,766.40625,31.8125,30.995412844036696,9.196875,9.196875
pure_x,8,1,62.8125,45.0,703.125,61.8125,46.0,8.4375,8.4375
pure_x,8,2,86.73725328947368,76.01151315789474,1068.75,87.73725328947368,77.01151315789474,12.825000000000001,12.825000000000001
pure_x,9,0,33.59518348623853,31.943807339449542,766.40625,32.59518348623853,30.943807339449542,9.196875,9.196875
pure_x,9,1,63.30882352941177,45.0,717.1875,62.30882352941177,46.0,8.606250000000001,8.606250000000001
pure_x,9,2,87.32054455445545,75.99628712871286,1065.234375,88.32054455445545,76.99628712871286,12.7828125,12.7828125
pure_x,10,0,33.80067567567568,31.925675675675677,780.46875,32.80067567567568,30.925675675675677,9.365625,9.365625
pure_x,10,1,64.15876777251185,45.0,741.796875,63.15876777251185,46.0,8.9015625,8.9015625
pure_x,10,2,87.91107382550335,76.05704697986577,1047.65625,88.91107382550335,77.05704697986577,12.571875,12.571875
pure_x,11,0,34.592013888888886,31.979166666666668,759.375,33.592013888888886,30.979166666666668,9.1125,9.1125
pure_x,11,1,64.6875,45.0,703.125,63.6875,46.0,8.4375,8.4375
pure_x,11,2,88.57201986754967,76.04304635761589,1061.71875,89.57201986754967,77.04304635761589,12.740625,12.740625
pure_x,12,0,35.26744186046512,31.9796511627907,755.859375,34.26744186046512,30.9796511627907,9.0703125,9.0703125
pure_x,12,1,65.1980198019802,45.0,710.15625,64.1980198019802,46.0,8.521875,8.521875
pure_x,12,2,89.19467213114754,75.99590163934427,1072.265625,90.19467213114754,76.99590163934427,12.8671875,12.8671875
pure_x,13,0,35.67567567567568,31.925675675675677,780.46875,34.67567567567568,30.925675675675677,9.365625,9.365625
pure_x,13,1,65.89413875598086,45.0,734.765625,64.89413875598086,46.0,8.817187500000001,8.817187500000001
pure_x,13,2,89.77424749163879,75.99707357859532,1051.171875,90.77424749163879,76.99707357859532,12.614062500000001,12.614062500000001
pure_x,14,0,36.41860465116279,32.031976744186046,755.859375,35.41860465116279,31.031976744186046,9.0703125,9.0703125
pure_x,14,1,66.5625,45.0,689.0625,65.5625,46.0,8.26875,8.26875
pure_x,14,2,90.29473244147157,76.09740802675586,1051.171875,91.29473244147157,77.09740802675586,12.614062500000001,12.614062500000001
pure_x,15,0,36.95677570093458,31.997663551401867,752.34375,35.95677570093458,30.997663551401867,9.028125000000001,9.028125000000001
pure_x,15,1,66.93014705882354,45.0,717.1875,65.93014705882354,46.0,8.606250000000001,8.606250000000001
pure_x,15,2,90.9375,75.9375,1082.8125,91.9375,76.9375,12.99375,12.99375
pure_x,16,0,37.5,31.875,776.953125,36.5,30.875,9.3234375,9.3234375
pure_x,16,1,67.76913875598086,45.0,734.765625,66.76913875598086,46.0,8.817187500000001,8.817187500000001
pure_x,16,2,91.64924749163879,75.99707357859532,1051.171875,92.64924749163879,76.99707357859532,12.614062500000001,12.614062500000001
pure_x,17,0,38.193127962085306,32.0260663507109,741.796875,37.193127962085306,31.0260663507109,8.9015625,8.9015625
pure_x,17,1,68.4375,45.0,689.0625,67.4375,46.0,8.26875,8.26875
pure_x,17,2,92.13926174496645,76.04446308724832,1047.65625,93.13926174496645,77.04446308724832,12.571875,12.571875
pure_x,18,0,38.697916666666664,31.99652777777778,759.375,37.697916666666664,30.99652777777778,9.1125,9.1125
pure_x,18,1,68.79247572815534,45.0,724.21875,67.79247572815534,46.0,8.690625,8.690625
pure_x,18,2,92.72782258064517,76.02217741935483,1089.84375,93.72782258064517,77.02217741935483,13.078125,13.078125
pure_x,19,0,39.375,32.011986301369866,769.921875,38.375,31.011986301369866,9.239062500000001,9.239062500000001
pure_x,19,1,69.64413875598086,45.0,734.765625,68.64413875598086,46.0,8.817187500000001,8.817187500000001
pure_x,19,2,93.49375,76.05,1054.6875,94.49375,77.05,12.65625,12.65625
pure_x,20,0,39.96149289099526,32.06161137440758,741.796875,38.96149289099526,31.061611374407583,8.9015625,8.9015625
pure_x,20,1,70.17045454545455,45.0,696.09375,69.17045454545455,46.0,8.353125,8.353125
pure_x,20,2,94.01426174496645,76.04446308724832,1047.65625,95.01426174496645,77.04446308724832,12.571875,12.571875
pure_y,0,0,27.970183486238533,31.943807339449542,766.40625,26.970183486238533,30.943807339449542,9.196875,9.196875
pure_y,0,1,57.68382352941177,45.0,717.1875,56.68382352941177,46.0,8.606250000000001,8.606250000000001
pure_y,0,2,82.0375,76.1375,1054.6875,83.0375,77.1375,12.65625,12.65625
pure_y,1,0,27.89798206278027,32.64013452914798,783.984375,26.89798206278027,31.64013452914798,9.4078125,9.4078125
pure_y,1,1,57.98076923076923,45.5859375,731.25,56.98076923076923,46.5859375,8.775,8.775
pure_y,1,2,82.1579391891892,76.68496621621621,1040.625,83.1579391891892,77.68496621621621,12.4875,12.4875
pure_y,2,0,27.980113636363637,33.10227272727273,773.4375,26.980113636363637,32.10227272727273,9.28125,9.28125
pure_y,2,1,58.00667475728155,46.24696601941748,724.21875,57.00667475728155,47.24696601941748,8.690625,8.690625
pure_y,2,2,82.07442434210526,77.17722039473684,1068.75,83.07442434210526,78.17722039473684,12.825000000000001,12.825000000000001
pure_y,3,0,27.988013698630137,33.75,769.921875,26.988013698630137,32.75,9.239062500000001,9.239062500000001
pure_y,3,1,57.81553398058252,46.665655339805824,724.21875,56.81553398058252,47.665655339805824,8.690625,8.690625
pure_y,3,2,81.95443143812709,77.77173913043478,1051.171875,82.95443143812709,78.77173913043478,12.614062500000001,12.614062500000001
pure_y,4,0,27.89798206278027,34.51513452914798,783.984375,26.89798206278027,33.51513452914798,9.4078125,9.4078125
pure_y,4,1,57.98076923076923,47.4609375,731.25,56.98076923076923,48.4609375,8.775,8.775
pure_y,4,2,82.1045918367347,78.45025510204081,1033.59375,83.1045918367347,79.45025510204081,12.403125000000001,12.403125000000001
pure_y,5,0,27.97945205479452,34.90582191780822,769.921875,26.97945205479452,33.90582191780822,9.239062500000001,9.239062500000001
pure_y,5,1,57.951219512195124,48.073170731707314,720.703125,56.951219512195124,49.073170731707314,8.6484375,8.6484375
pure_y,5,2,82.0467715231788,78.9362582781457,1061.71875,83.0467715231788,79.9362582781457,12.740625,12.740625
pure_y,6,0,28.056818181818183,35.60795454545455,773.4375,27.056818181818183,34.60795454545455,9.28125,9.28125
pure_y,6,1,57.915655339805824,48.44053398058252,724.21875,56.915655339805824,49.44053398058252,8.690625,8.690625
pure_y,6,2,82.05298013245033,79.58195364238411,1061.71875,83.05298013245033,80.58195364238411,12.740625,12.740625
pure_y,7,0,27.980113636363637,36.27272727272727,773.4375,26.980113636363637,35.27272727272727,9.28125,9.28125
pure_y,7,1,57.98076923076923,49.3359375,731.25,56.98076923076923,50.3359375,8.775,8.775
pure_y,7,2,82.10188356164383,80.3167808219178,1026.5625,83.10188356164383,81.3167808219178,12.31875,12.31875
pure_y,8,0,28.013188073394495,36.71731651376147,766.40625,27.013188073394495,35.71731651376147,9.196875,9.196875
pure_y,8,1,57.92179802955665,49.895320197044335,713.671875,56.92179802955665,50.895320197044335,8.5640625,8.5640625
pure_y,8,2,82.10755813953489,80.81810631229236,1058.203125,83.10755813953489,81.81810631229236,12.6984375,12.6984375
pure_y,9,0,28.056818181818183,37.48295454545455,773.4375,27.056818181818183,36.48295454545455,9.28125,9.28125
pure_y,9,1,57.91463414634146,50.24085365853659,720.703125,56.91463414634146,51.24085365853659,8.6484375,8.6484375
pure_y,9,2,81.98190789473684,81.37129934210526,1068.75,82.98190789473684,82.37129934210526,12.825000000000001,12.825000000000001
pure_y,10,0,28.006221719457013,37.839366515837106,776.953125,27.006221719457013,36.839366515837106,9.3234375,9.3234375
pure_y,10,1,57.97936893203884,51.189320388349515,724.21875,56.97936893203884,52.189320388349515,8.690625,8.690625
pure_y,10,2,82.0826198630137,82.0826198630137,1026.5625,83.0826198630137,83.0826198630137,12.31875,12.31875
pure_y,11,0,27.936643835616437,38.45890410958904,769.921875,26.936643835616437,37.45890410958904,9.239062500000001,9.239062500000001
pure_y,11,1,57.89745145631068,51.68082524271845,724.21875,56.89745145631068,52.68082524271845,8.690625,8.690625
pure_y,11,2,82.1969696969697,82.6199494949495,1044.140625,83.1969696969697,83.6199494949495,12.5296875,12.5296875
pure_y,12,0,28.039383561643834,39.28938356164384,769.921875,27.039383561643834,38.28938356164384,9.239062500000001,9.239062500000001
pure_y,12,1,57.89745145631068,52.04490291262136,724.21875,56.89745145631068,53.04490291262136,8.690625,8.690625
pure_y,12,2,81.95106907894737,83.18462171052632,1068.75,82.95106907894737,84.18462171052632,12.825000000000001,12.825000000000001
pure_y,13,0,27.980113636363637,39.64772727272727,773.4375,26.980113636363637,38.64772727272727,9.28125,9.28125
pure_y,13,1,57.96036585365854,52.99390243902439,720.703125,56.96036585365854,53.99390243902439,8.6484375,8.6484375
pure_y,13,2,82.16836734693878,83.88392857142857,1033.59375,83.16836734693878,84.88392857142857,12.403125000000001,12.403125000000001
pure_y,14,0,27.869318181818183,40.3125,773.4375,26.869318181818183,39.3125,9.28125,9.28125
pure_y,14,1,57.844202898550726,53.369565217391305,727.734375,56.844202898550726,54.369565217391305,8.7328125,8.7328125
pure_y,14,2,82.22576530612245,84.41964285714286,1033.59375,83.22576530612245,85.41964285714286,12.403125000000001,12.403125000000001
pure_y,15,0,28.00513698630137,41.044520547945204,769.921875,27.00513698630137,40.044520547945204,9.239062500000001,9.239062500000001
pure_y,15,1,57.98978365384615,53.84314903846154,731.25,56.98978365384615,54.84314903846154,8.775,8.775
pure_y,15,2,82.09079804560261,84.95521172638436,1079.296875,83.09079804560261,85.95521172638436,12.9515625,12.9515625
pure_y,16,0,28.056192660550458,41.40481651376147,766.40625,27.056192660550458,40.40481651376147,9.196875,9.196875
pure_y,16,1,57.90332512315271,54.79987684729064,713.671875,56.90332512315271,55.79987684729064,8.5640625,8.5640625
pure_y,16,2,82.16427364864865,85.63555743243244,1040.625,83.16427364864865,86.63555743243244,12.4875,12.4875
pure_y,17,0,27.869318181818183,42.1875,773.4375,26.869318181818183,41.1875,9.28125,9.28125
pure_y,17,1,57.80048076923077,55.18629807692308,731.25,56.80048076923077,56.18629807692308,8.775,8.775
pure_y,17,2,82.20127118644068,86.14830508474576,1037.109375,83.20127118644068,87.14830508474576,12.4453125,12.4453125
pure_y,18,0,28.00513698630137,42.919520547945204,769.921875,27.00513698630137,41.919520547945204,9.239062500000001,9.239062500000001
pure_y,18,1,58.052536231884055,55.67934782608695,727.734375,57.052536231884055,56.67934782608695,8.7328125,8.7328125
pure_y,18,2,82.05097087378641,86.78398058252426,1086.328125,83.05097087378641,87.78398058252426,13.035937500000001,13.035937500000001
pure_y,19,0,28.056192660550458,43.27981651376147,766.40625,27.056192660550458,42.27981651376147,9.196875,9.196875
pure_y,19,1,57.837252475247524,56.63985148514851,710.15625,56.837252475247524,57.63985148514851,8.521875,8.521875
pure_y,19,2,82.04849498327759,87.44774247491638,1051.171875,83.04849498327759,88.44774247491638,12.614062500000001,12.614062500000001
pure_y,20,0,27.929864253393664,44.02432126696833,776.953125,26.929864253393664,43.02432126696833,9.3234375,9.3234375
pure_y,20,1,57.901785714285715,56.955357142857146,738.28125,56.901785714285715,57.955357142857146,8.859375,8.859375
pure_y,20,2,82.14765100671141,87.96770134228188,1047.65625,83.14765100671141,88.96770134228188,12.571875,12.571875
diagonal,0,0,27.970183486238533,31.943807339449542,766.40625,26.970183486238533,30.943807339449542,9.196875,9.196875
diagonal,0,1,57.68382352941177,45.0,717.1875,56.68382352941177,46.0,8.606250000000001,8.606250000000001
diagonal,0,2,82.0375,76.1375,1054.6875,83.0375,77.1375,12.65625,12.65625
diagonal,1,0,28.658175355450236,32.45260663507109,741.796875,27.658175355450236,31.452606635071092,8.9015625,8.9015625
diagonal,1,1,58.69402985074627,45.41044776119403,706.640625,57.69402985074627,46.41044776119403,8.4796875,8.4796875
diagonal,1,2,82.5564381270903,76.58653846153847,1051.171875,83.5564381270903,77.58653846153847,12.614062500000001,12.614062500000001
diagonal,2,0,29.129784688995215,32.7811004784689,734.765625,28.129784688995215,31.7811004784689,8.817187500000001,8.817187500000001
diagonal,2,1,59.255514705882355,45.744485294117645,717.1875,58.255514705882355,46.744485294117645,8.606250000000001,8.606250000000001
diagonal,2,2,83.17953020134229,76.78062080536913,1047.65625,84.17953020134229,77.78062080536913,12.571875,12.571875
diagonal,3,0,29.714861751152075,33.17972350230415,762.890625,28.714861751152075,32.17972350230415,9.1546875,9.1546875
diagonal,3,1,59.6047794117647,46.185661764705884,717.1875,58.6047794117647,47.185661764705884,8.606250000000001,8.606250000000001
diagonal,3,2,83.86420265780731,77.08056478405315,1058.203125,84.86420265780731,78.08056478405315,12.6984375,12.6984375
diagonal,4,0,30.272727272727273,33.60511363636363,773.4375,29.272727272727273,32.60511363636363,9.28125,9.28125
diagonal,4,1,60.54347826086956,46.52173913043478,727.734375,59.54347826086956,47.52173913043478,8.7328125,8.7328125
diagonal,4,2,84.45571192052981,77.60761589403974,1061.71875,85.45571192052981,78.60761589403974,12.740625,12.740625
diagonal,5,0,30.9375,34.00568181818182,773.4375,29.9375,33.00568181818182,9.28125,9.28125
diagonal,5,1,61.005434782608695,47.155797101449274,727.734375,60.005434782608695,48.155797101449274,8.7328125,8.7328125
diagonal,5,2,85.11029411764706,78.01470588235294,1075.78125,86.11029411764706,79.01470588235294,12.909375,12.909375
diagonal,6,0,31.48972602739726,34.52054794520548,769.921875,30.48972602739726,33.52054794520548,9.239062500000001,9.239062500000001
diagonal,6,1,61.4797794117647,47.564338235294116,717.1875,60.4797794117647,48.564338235294116,8.606250000000001,8.606250000000001
diagonal,6,2,85.79564846416382,78.4684300341297,1030.078125,86.79564846416382,79.4684300341297,12.3609375,12.3609375
diagonal,7,0,32.403169014084504,34.70950704225352,748.828125,31.403169014084504,33.70950704225352,8.9859375,8.9859375
diagonal,7,1,62.31060606060606,47.8125,696.09375,61.31060606060606,48.8125,8.353125,8.353125
diagonal,7,2,86.20653973509934,78.79346026490066,1061.71875,87.20653973509934,79.79346026490066,12.740625,12.740625
diagonal,8,0,32.8125,34.882075471698116,745.3125,31.8125,33.882075471698116,8.94375,8.94375
diagonal,8,1,62.8125,48.20625,703.125,61.8125,49.20625,8.4375,8.4375
diagonal,8,2,86.74408783783784,79.09839527027027,1040.625,87.74408783783784,80.09839527027027,12.4875,12.4875
diagonal,9,0,33.577188940092164,35.625,762.890625,32.577188940092164,34.625,9.1546875,9.1546875
diagonal,9,1,63.32512315270936,48.52832512315271,713.671875,62.32512315270936,49.52832512315271,8.5640625,8.5640625
diagonal,9,2,87.40431596091206,79.54397394136808,1079.296875,88.40431596091206,80.54397394136808,12.9515625,12.9515625
diagonal,10,0,33.89488636363637,35.89772727272727,773.4375,32.89488636363637,34.89772727272727,9.28125,9.28125
diagonal,10,1,64.15760869565217,49.15760869565217,727.734375,63.15760869565217,50.15760869565217,8.7328125,8.7328125
diagonal,10,2,87.99152542372882,80.21186440677967,1037.109375,88.99152542372882,81.21186440677967,12.4453125,12.4453125
diagonal,11,0,34.5911214953271,36.4661214953271,752.34375,33.5911214953271,35.4661214953271,9.028125000000001,9.028125000000001
diagonal,11,1,64.6561004784689,49.620215311004785,734.765625,63.6561004784689,50.620215311004785,8.817187500000001,8.817187500000001
diagonal,11,2,88.6200495049505,80.48267326732673,1065.234375,89.6200495049505,81.48267326732673,12.7828125,12.7828125
diagonal,12,0,35.294117647058826,36.75339366515837,776.953125,34.294117647058826,35.75339366515837,9.3234375,9.3234375
diagonal,12,1,64.97906698564593,49.817583732057415,734.765625,63.97906698564593,50.817583732057415,8.817187500000001,8.817187500000001
diagonal,12,2,89.22979797979798,80.87752525252525,1044.140625,90.22979797979798,81.87752525252525,12.5296875,12.5296875
diagonal,13,0,35.76324884792627,37.36175115207373,762.890625,34.76324884792627,36.36175115207373,9.1546875,9.1546875
diagonal,13,1,65.97772277227723,50.10519801980198,710.15625,64.97772277227723,51.10519801980198,8.521875,8.521875
diagonal,13,2,89.8385761589404,81.17756622516556,1061.71875,90.8385761589404,82.17756622516556,12.740625,12.740625
diagonal,14,0,36.399647887323944,37.55281690140845,748.828125,35.399647887323944,36.55281690140845,8.9859375,8.9859375
diagonal,14,1,66.5625,50.625,689.0625,65.5625,51.625,8.26875,8.26875
diagonal,14,2,90.29473244147157,81.72240802675586,1051.171875,91.29473244147157,82.72240802675586,12.614062500000001,12.614062500000001
diagonal,15,0,36.875,38.125,759.375,35.875,37.125,9.1125,9.1125
diagonal,15,1,66.95504926108374,51.169950738916256,713.671875,65.95504926108374,52.169950738916256,8.5640625,8.5640625
diagonal,15,2,91.04304635761589,82.05298013245033,1061.71875,92.04304635761589,83.05298013245033,12.740625,12.740625
diagonal,16,0,37.68835616438356,38.41609589041096,769.921875,36.68835616438356,37.41609589041096,9.239062500000001,9.239062500000001
diagonal,16,1,67.74575242718447,51.31674757281554,724.21875,66.74575242718447,52.31674757281554,8.690625,8.690625
diagonal,16,2,91.73564189189189,82.44298986486487,1040.625,92.73564189189189,83.44298986486487,12.4875,12.4875
diagonal,17,0,38.200934579439256,38.674065420560744,752.34375,37.200934579439256,37.674065420560744,9.028125000000001,9.028125000000001
diagonal,17,1,68.3373786407767,51.6626213592233,724.21875,67.3373786407767,52.6626213592233,8.690625,8.690625
diagonal,17,2,92.07908163265306,82.70408163265306,1033.59375,93.07908163265306,83.70408163265306,12.403125000000001,12.403125000000001
diagonal,18,0,38.735986547085204,39.097533632286996,783.984375,37.735986547085204,38.097533632286996,9.4078125,9.4078125
diagonal,18,1,68.77427184466019,52.099514563106794,724.21875,67.77427184466019,53.099514563106794,8.690625,8.690625
diagonal,18,2,92.8125,83.28947368421052,1068.75,93.8125,84.28947368421052,12.825000000000001,12.825000000000001
diagonal,19,0,39.375,39.511986301369866,769.921875,38.375,38.511986301369866,9.239062500000001,9.239062500000001
diagonal,19,1,69.43810096153847,52.80649038461539,731.25,68.43810096153847,53.80649038461539,8.775,8.775
diagonal,19,2,93.42171717171718,83.69949494949495,1044.140625,94.42171717171718,84.69949494949495,12.5296875,12.5296875
diagonal,20,0,40.17983490566038,40.17983490566038,745.3125,39.17983490566038,39.17983490566038,8.94375,8.94375
diagonal,20,1,70.05849753694581,53.05418719211823,713.671875,69.05849753694581,54.05418719211823,8.5640625,8.5640625
diagonal,20,2,93.99834437086092,84.00869205298014,1061.71875,94.99834437086092,85.00869205298014,12.740625,12.740625
same_x,0,0,50.02994011976048,25.172155688622755,2348.4375,41.75272695740276,25.172155168878927,28.181250000000002,28.181250000000002
same_x,0,1,50.04504504504504,80.04504504504504,2341.40625,58.32225820740277,80.04504556478886,28.096875,28.096875
same_x,1,0,50.02994011976048,25.172155688622755,2348.4375,41.75272695740276,25.172155168878934,28.181250000000002,28.181250000000002
same_x,1,1,50.04504504504504,80.04504504504504,2341.40625,58.32225820740277,80.04504556478888,28.096875,28.096875
same_x,2,0,50.02994011976048,25.172155688622755,2348.4375,41.75272695740276,25.172155168878934,28.181250000000002,28.181250000000002
same_x,2,1,50.04504504504504,80.04504504504504,2341.40625,58.32225820740277,80.04504556478888,28.096875,28.096875
same_x,3,0,50.02994011976048,25.172155688622755,2348.4375,41.75272695740276,25.172155168878934,28.181250000000002,28.181250000000002
same_x,3,1,50.04504504504504,80.04504504504504,2341.40625,58.32225820740277,80.04504556478888,28.096875,28.096875
same_x,4,0,50.02994011976048,25.172155688622755,2348.4375,41.75272695740276,25.172155168878934,28.181250000000002,28.181250000000002
same_x,4,1,50.04504504504504,80.04504504504504,2341.40625,58.32225820740277,80.04504556478888,28.096875,28.096875
same_x,5,0,50.02994011976048,25.172155688622755,2348.4375,41.75272695740276,25.172155168878934,28.181250000000002,28.181250000000002
same_x,5,1,50.04504504504504,80.04504504504504,2341.40625,58.32225820740277,80.04504556478888,28.096875,28.096875
same_x,6,0,50.02994011976048,25.172155688622755,2348.4375,41.75272695740276,25.172155168878934,28.181250000000002,28.181250000000002
same_x,6,1,50.04504504504504,80.04504504504504,2341.40625,58.32225820740277,80.04504556478888,28.096875,28.096875
same_x,7,0,50.02994011976048,25.172155688622755,2348.4375,41.75272695740276,25.172155168878934,28.181250000000002,28.181250000000002
same_x,7,1,50.04504504504504,80.04504504504504,2341.40625,58.32225820740277,80.04504556478888,28.096875,28.096875
same_x,8,0,50.02994011976048,25.172155688622755,2348.4375,41.75272695740276,25.172155168878934,28.181250000000002,28.181250000000002
same_x,8,1,50.04504504504504,80.04504504504504,2341.40625,58.32225820740277,80.04504556478888,28.096875,28.096875
same_x,9,0,50.02994011976048,25.172155688622755,2348.4375,41.75272695740276,25.172155168878934,28.181250000000002,28.181250000000002
same_x,9,1,50.04504504504504,80.04504504504504,2341.40625,58.32225820740277,80.04504556478888,28.096875,28.096875
same_x,10,0,50.02994011976048,25.172155688622755,2348.4375,41.75272695740276,25.172155168878934,28.181250000000002,28.181250000000002
same_x,10,1,50.04504504504504,80.04504504504504,2341.40625,58.32225820740277,80.04504556478888,28.096875,28.096875
same_x,11,0,50.02994011976048,25.172155688622755,2348.4375,41.75272695740276,25.172155168878934,28.181250000000002,28.181250000000002
same_x,11,1,50.04504504504504,80.04504504504504,2341.40625,58.32225820740277,80.04504556478888,28.096875,28.096875
same_x,12,0,50.02994011976048,25.172155688622755,2348.4375,41.75272695740276,25.172155168878934,28.181250000000002,28.181250000000002
same_x,12,1,50.04504504504504,80.04504504504504,2341.40625,58.32225820740277,80.04504556478888,28.096875,28.096875
same_x,13,0,50.02994011976048,25.172155688622755,2348.4375,41.75272695740276,25.172155168878934,28.181250000000002,28.181250000000002
same_x,13,1,50.04504504504504,80.04504504504504,2341.40625,58.32225820740277,80.04504556478888,28.096875,28.096875
same_x,14,0,50.02994011976048,25.172155688622755,2348.4375,41.75272695740276,25.172155168878934,28.181250000000002,28.181250000000002
same_x,14,1,50.04504504504504,80.04504504504504,2341.40625,58.32225820740277,80.04504556478888,28.096875,28.096875
same_x,15,0,50.02994011976048,25.172155688622755,2348.4375,41.75272695740276,25.172155168878934,28.181250000000002,28.181250000000002
same_x,15,1,50.04504504504504,80.04504504504504,2341.40625,58.32225820740277,80.04504556478888,28.096875,28.096875
same_x,16,0,50.02994011976048,25.172155688622755,2348.4375,41.75272695740276,25.172155168878934,28.181250000000002,28.181250000000002
same_x,16,1,50.04504504504504,80.04504504504504,2341.40625,58.32225820740277,80.04504556478888,28.096875,28.096875
same_x,17,0,50.02994011976048,25.172155688622755,2348.4375,41.75272695740276,25.172155168878934,28.181250000000002,28.181250000000002
same_x,17,1,50.04504504504504,80.04504504504504,2341.40625,58.32225820740277,80.04504556478888,28.096875,28.096875
same_x,18,0,50.02994011976048,25.172155688622755,2348.4375,41.75272695740276,25.172155168878934,28.181250000000002,28.181250000000002
same_x,18,1,50.04504504504504,80.04504504504504,2341.40625,58.32225820740277,80.04504556478888,28.096875,28.096875
same_x,19,0,50.02994011976048,25.172155688622755,2348.4375,41.75272695740276,25.172155168878934,28.181250000000002,28.181250000000002
same_x,19,1,50.04504504504504,80.04504504504504,2341.40625,58.32225820740277,80.04504556478888,28.096875,28.096875
same_x,20,0,50.02994011976048,25.172155688622755,2348.4375,41.75272695740276,25.172155168878934,28.181250000000002,28.181250000000002
same_x,20,1,50.04504504504504,80.04504504504504,2341.40625,58.32225820740277,80.04504556478888,28.096875,28.096875
same_y,0,0,25.133995502248876,50.014992503748125,2344.921875,25.13399344629844,41.75052658689659,28.1390625,28.1390625
same_y,0,1,80.04504504504504,50.04504504504504,2341.40625,80.04504710099549,58.30951096189658,28.096875,28.096875
same_y,1,0,25.133995502248876,50.014992503748125,2344.921875,25.13399344629844,41.75052658689659,28.1390625,28.1390625
same_y,1,1,80.04504504504504,50.04504504504504,2341.40625,80.04504710099548,58.30951096189658,28.096875,28.096875
same_y,2,0,25.133995502248876,50.014992503748125,2344.921875,25.13399344629844,41.75052658689659,28.1390625,28.1390625
same_y,2,1,80.04504504504504,50.04504504504504,2341.40625,80.04504710099548,58.30951096189658,28.096875,28.096875
same_y,3,0,25.133995502248876,50.014992503748125,2344.921875,25.13399344629844,41.75052658689659,28.1390625,28.1390625
same_y,3,1,80.04504504504504,50.04504504504504,2341.40625,80.04504710099548,58.30951096189658,28.096875,28.096875
same_y,4,0,25.133995502248876,50.014992503748125,2344.921875,25.13399344629844,41.75052658689659,28.1390625,28.1390625
same_y,4,1,80.04504504504504,50.04504504504504,2341.40625,80.04504710099548,58.30951096189658,28.096875,28.096875
same_y,5,0,25.133995502248876,50.014992503748125,2344.921875,25.13399344629844,41.75052658689659,28.1390625,28.1390625
same_y,5,1,80.04504504504504,50.04504504504504,2341.40625,80.04504710099548,58.30951096189658,28.096875,28.096875
same_y,6,0,25.133995502248876,50.014992503748125,2344.921875,25.13399344629844,41.75052658689659,28.1390625,28.1390625
same_y,6,1,80.04504504504504,50.04504504504504,2341.40625,80.04504710099548,58.30951096189658,28.096875,28.096875
same_y,7,0,25.133995502248876,50.014992503748125,2344.921875,25.13399344629844,41.75052658689659,28.1390625,28.1390625
same_y,7,1,80.04504504504504,50.04504504504504,2341.40625,80.04504710099548,58.30951096189658,28.096875,28.096875
same_y,8,0,25.133995502248876,50.014992503748125,2344.921875,25.13399344629844,41.75052658689659,28.1390625,28.1390625
same_y,8,1,80.04504504504504,50.04504504504504,2341.40625,80.04504710099548,58.30951096189658,28.096875,28.096875
same_y,9,0,25.133995502248876,50.014992503748125,2344.921875,25.13399344629844,41.75052658689659,28.1390625,28.1390625
same_y,9,1,80.04504504504504,50.04504504504504,2341.40625,80.04504710099548,58.30951096189658,28.096875,28.096875
same_y,10,0,25.133995502248876,50.014992503748125,2344.921875,25.13399344629844,41.75052658689659,28.1390625,28.1390625
same_y,10,1,80.04504504504504,50.04504504504504,2341.40625,80.04504710099548,58.30951096189658,28.096875,28.096875
same_y,11,0,25.133995502248876,50.014992503748125,2344.921875,25.13399344629844,41.75052658689659,28.1390625,28.1390625
same_y,11,1,80.04504504504504,50.04504504504504,2341.40625,80.04504710099548,58.30951096189658,28.096875,28.096875
same_y,12,0,25.133995502248876,50.014992503748125,2344.921875,25.13399344629844,41.75052658689659,28.1390625,28.1390625
same_y,12,1,80.04504504504504,50.04504504504504,2341.40625,80.04504710099548,58.30951096189658,28.096875,28.096875
same_y,13,0,25.133995502248876,50.014992503748125,2344.921875,25.13399344629844,41.75052658689659,28.1390625,28.1390625
same_y,13,1,80.04504504504504,50.04504504504504,2341.40625,80.04504710099548,58.30951096189658,28.096875,28.096875
same_y,14,0,25.133995502248876,50.014992503748125,2344.921875,25.13399344629844,41.75052658689659,28.1390625,28.1390625
same_y,14,1,80.04504504504504,50.04504504504504,2341.40625,80.04504710099548,58.30951096189658,28.096875,28.096875
same_y,15,0,25.133995502248876,50.014992503748125,2344.921875,25.13399344629844,41.75052658689659,28.1390625,28.1390625
same_y,15,1,80.04504504504504,50.04504504504504,2341.40625,80.04504710099548,58.30951096189658,28.096875,28.096875
same_y,16,0,25.133995502248876,50.014992503748125,2344.921875,25.13399344629844,41.75052658689659,28.1390625,28.1390625
same_y,16,1,80.04504504504504,50.04504504504504,2341.40625,80.04504710099548,58.30951096189658,28.096875,28.096875
same_y,17,0,25.133995502248876,50.014992503748125,2344.921875,25.13399344629844,41.75052658689659,28.1390625,28.1390625
same_y,17,1,80.04504504504504,50.04504504504504,2341.40625,80.04504710099548,58.30951096189658,28.096875,28.096875
same_y,18,0,25.133995502248876,50.014992503748125,2344.921875,25.13399344629844,41.75052658689659,28.1390625,28.1390625
same_y,18,1,80.04504504504504,50.04504504504504,2341.40625,80.04504710099548,58.30951096189658,28.096875,28.096875
same_y,19,0,25.133995502248876,50.014992503748125,2344.921875,25.13399344629844,41.75052658689659,28.1390625,28.1390625
same_y,19,1,80.04504504504504,50.04504504504504,2341.40625,80.04504710099548,58.30951096189658,28.096875,28.096875
same_y,20,0,25.133995502248876,50.014992503748125,2344.921875,25.13399344629844,41.75052658689659,28.1390625,28.1390625
same_y,20,1,80.04504504504504,50.04504504504504,2341.40625,80.04504710099548,58.30951096189658,28.096875,28.096875
hierarchy_conflict,0,0,25.56584362139918,25.50925925925926,2562.890625,17.78029168513017,19.238745773178156,30.7546875,30.7546875
hierarchy_conflict,0,1,84.96386333771353,28.0338370565046,2675.390625,56.74178423998289,39.280859375,32.1046875,32.1046875
hierarchy_conflict,0,2,39.90079365079365,84.90079365079364,664.453125,67.26131548998289,85.12608583878097,7.9734375,7.9734375
hierarchy_conflict,0,3,70.00726744186046,89.93459302325581,604.6875,81.58889626927753,95.0807018107128,7.2562500000000005,7.2562500000000005
hierarchy_conflict,1,0,25.56584362139918,25.50925925925926,2562.890625,17.7802910442878,19.238745773178156,30.7546875,30.7546875
hierarchy_conflict,1,1,84.96386333771353,28.0338370565046,2675.390625,56.74178423998289,39.280859375000006,32.1046875,32.1046875
hierarchy_conflict,1,2,39.90079365079365,84.90079365079364,664.453125,67.26131548998289,85.12608583878097,7.9734375,7.9734375
hierarchy_conflict,1,3,70.00726744186046,89.93459302325581,604.6875,81.5888960266801,95.0807018107128,7.2562500000000005,7.2562500000000005
hierarchy_conflict,2,0,25.56584362139918,25.50925925925926,2562.890625,17.780290993326275,19.238745773178156,30.7546875,30.7546875
hierarchy_conflict,2,1,84.96386333771353,28.0338370565046,2675.390625,56.74178423998289,39.280859375000006,32.1046875,32.1046875
hierarchy_conflict,2,2,39.90079365079365,84.90079365079364,664.453125,67.26131548998289,85.12608583878097,7.9734375,7.9734375
hierarchy_conflict,2,3,70.00726744186046,89.93459302325581,604.6875,81.5888960027919,95.0807018107128,7.2562500000000005,7.2562500000000005
hierarchy_conflict,3,0,25.56584362139918,25.50925925925926,2562.890625,17.780290989237592,19.238745773178156,30.7546875,30.7546875
hierarchy_conflict,3,1,84.96386333771353,28.0338370565046,2675.390625,56.74178423998289,39.280859375000006,32.1046875,32.1046875
hierarchy_conflict,3,2,39.90079365079365,84.90079365079364,664.453125,67.26131548998289,85.12608583878097,7.9734375,7.9734375
hierarchy_conflict,3,3,70.00726744186046,89.93459302325581,604.6875,81.58889600053499,95.0807018107128,7.2562500000000005,7.2562500000000005
hierarchy_conflict,4,0,25.56584362139918,25.50925925925926,2562.890625,17.78029098890688,19.238745773178156,30.7546875,30.7546875
hierarchy_conflict,4,1,84.96386333771353,28.0338370565046,2675.390625,56.74178423998289,39.280859375000006,32.1046875,32.1046875
hierarchy_conflict,4,2,39.90079365079365,84.90079365079364,664.453125,67.26131548998289,85.12608583878097,7.9734375,7.9734375
hierarchy_conflict,4,3,70.00726744186046,89.93459302325581,604.6875,81.58889600032745,95.0807018107128,7.2562500000000005,7.2562500000000005
hierarchy_conflict,5,0,25.56584362139918,25.50925925925926,2562.890625,17.780290988879933,19.238745773178156,30.7546875,30.7546875
hierarchy_conflict,5,1,84.96386333771353,28.0338370565046,2675.390625,56.74178423998289,39.280859375000006,32.1046875,32.1046875
hierarchy_conflict,5,2,39.90079365079365,84.90079365079364,664.453125,67.26131548998289,85.12608583878097,7.9734375,7.9734375
hierarchy_conflict,5,3,70.00726744186046,89.93459302325581,604.6875,81.58889600030872,95.0807018107128,7.2562500000000005,7.2562500000000005
hierarchy_conflict,6,0,25.56584362139918,25.50925925925926,2562.890625,17.780290988877727,19.238745773178156,30.7546875,30.7546875
hierarchy_conflict,6,1,84.96386333771353,28.0338370565046,2675.390625,56.74178423998289,39.280859375000006,32.1046875,32.1046875
hierarchy_conflict,6,2,39.90079365079365,84.90079365079364,664.453125,67.26131548998289,85.12608583878097,7.9734375,7.9734375
hierarchy_conflict,6,3,70.00726744186046,89.93459302325581,604.6875,81.58889600030706,95.0807018107128,7.2562500000000005,7.2562500000000005
hierarchy_conflict,7,0,25.56584362139918,25.50925925925926,2562.890625,17.780290988877542,19.238745773178156,30.7546875,30.7546875
hierarchy_conflict,7,1,84.96386333771353,28.0338370565046,2675.390625,56.74178423998289,39.280859375000006,32.1046875,32.1046875
hierarchy_conflict,7,2,39.90079365079365,84.90079365079364,664.453125,67.26131548998289,85.12608583878097,7.9734375,7.9734375
hierarchy_conflict,7,3,70.00726744186046,89.93459302325581,604.6875,81.58889600030692,95.0807018107128,7.2562500000000005,7.2562500000000005
hierarchy_conflict,8,0,25.56584362139918,25.50925925925926,2562.890625,17.78029098887753,19.238745773178156,30.7546875,30.7546875
hierarchy_conflict,8,1,84.96386333771353,28.0338370565046,2675.390625,56.74178423998289,39.280859375000006,32.1046875,32.1046875
hierarchy_conflict,8,2,39.90079365079365,84.90079365079364,664.453125,67.26131548998289,85.12608583878097,7.9734375,7.9734375
hierarchy_conflict,8,3,70.00726744186046,89.93459302325581,604.6875,81.5888960003069,95.0807018107128,7.2562500000000005,7.2562500000000005
hierarchy_conflict,9,0,25.56584362139918,25.50925925925926,2562.890625,17.78029098887753,19.238745773178156,30.7546875,30.7546875
hierarchy_conflict,9,1,84.96386333771353,28.0338370565046,2675.390625,56.74178423998289,39.280859375000006,32.1046875,32.1046875
hierarchy_conflict,9,2,39.90079365079365,84.90079365079364,664.453125,67.26131548998289,85.12608583878097,7.9734375,7.9734375
hierarchy_conflict,9,3,70.00726744186046,89.93459302325581,604.6875,81.5888960003069,95.0807018107128,7.2562500000000005,7.2562500000000005
hierarchy_conflict,10,0,25.56584362139918,25.50925925925926,2562.890625,17.78029098887753,19.238745773178156,30.7546875,30.7546875
hierarchy_conflict,10,1,84.96386333771353,28.0338370565046,2675.390625,56.74178423998289,39.280859375000006,32.1046875,32.1046875
hierarchy_conflict,10,2,39.90079365079365,84.90079365079364,664.453125,67.26131548998289,85.12608583878097,7.9734375,7.9734375
hierarchy_conflict,10,3,70.00726744186046,89.93459302325581,604.6875,81.5888960003069,95.0807018107128,7.2562500000000005,7.2562500000000005
hierarchy_conflict,11,0,25.56584362139918,25.50925925925926,2562.890625,17.78029098887753,19.238745773178156,30.7546875,30.7546875
hierarchy_conflict,11,1,84.96386333771353,28.0338370565046,2675.390625,56.74178423998289,39.280859375000006,32.1046875,32.1046875
hierarchy_conflict,11,2,39.90079365079365,84.90079365079364,664.453125,67.26131548998289,85.12608583878097,7.9734375,7.9734375
hierarchy_conflict,11,3,70.00726744186046,89.93459302325581,604.6875,81.5888960003069,95.0807018107128,7.2562500000000005,7.2562500000000005
hierarchy_conflict,12,0,25.56584362139918,25.50925925925926,2562.890625,17.78029098887753,19.238745773178156,30.7546875,30.7546875
hierarchy_conflict,12,1,84.96386333771353,28.0338370565046,2675.390625,56.74178423998289,39.280859375000006,32.1046875,32.1046875
hierarchy_conflict,12,2,39.90079365079365,84.90079365079364,664.453125,67.26131548998289,85.12608583878097,7.9734375,7.9734375
hierarchy_conflict,12,3,70.00726744186046,89.93459302325581,604.6875,81.5888960003069,95.0807018107128,7.2562500000000005,7.2562500000000005
hierarchy_conflict,13,0,25.56584362139918,25.50925925925926,2562.890625,17.78029098887753,19.238745773178156,30.7546875,30.7546875
hierarchy_conflict,13,1,84.96386333771353,28.0338370565046,2675.390625,56.74178423998289,39.280859375000006,32.1046875,32.1046875
hierarchy_conflict,13,2,39.90079365079365,84.90079365079364,664.453125,67.26131548998289,85.12608583878097,7.9734375,7.9734375
hierarchy_conflict,13,3,70.00726744186046,89.93459302325581,604.6875,81.5888960003069,95.0807018107128,7.2562500000000005,7.2562500000000005
hierarchy_conflict,14,0,25.56584362139918,25.50925925925926,2562.890625,17.78029098887753,19.238745773178156,30.7546875,30.7546875
hierarchy_conflict,14,1,84.96386333771353,28.0338370565046,2675.390625,56.74178423998289,39.280859375000006,32.1046875,32.1046875
hierarchy_conflict,14,2,39.90079365079365,84.90079365079364,664.453125,67.26131548998289,85.12608583878097,7.9734375,7.9734375
hierarchy_conflict,14,3,70.00726744186046,89.93459302325581,604.6875,81.5888960003069,95.0807018107128,7.2562500000000005,7.2562500000000005
hierarchy_conflict,15,0,25.56584362139918,25.50925925925926,2562.890625,17.78029098887753,19.238745773178156,30.7546875,30.7546875
hierarchy_conflict,15,1,84.96386333771353,28.0338370565046,2675.390625,56.74178423998289,39.280859375000006,32.1046875,32.1046875
hierarchy_conflict,15,2,39.90079365079365,84.90079365079364,664.453125,67.26131548998289,85.12608583878097,7.9734375,7.9734375
hierarchy_conflict,15,3,70.00726744186046,89.93459302325581,604.6875,81.5888960003069,95.0807018107128,7.2562500000000005,7.2562500000000005
hierarchy_conflict,16,0,25.56584362139918,25.50925925925926,2562.890625,17.78029098887753,19.238745773178156,30.7546875,30.7546875
hierarchy_conflict,16,1,84.96386333771353,28.0338370565046,2675.390625,56.74178423998289,39.280859375000006,32.1046875,32.1046875
hierarchy_conflict,16,2,39.90079365079365,84.90079365079364,664.453125,67.26131548998289,85.12608583878097,7.9734375,7.9734375
hierarchy_conflict,16,3,70.00726744186046,89.93459302325581,604.6875,81.5888960003069,95.0807018107128,7.2562500000000005,7.2562500000000005
hierarchy_conflict,17,0,25.56584362139918,25.50925925925926,2562.890625,17.78029098887753,19.238745773178156,30.7546875,30.7546875
hierarchy_conflict,17,1,84.96386333771353,28.0338370565046,2675.390625,56.74178423998289,39.280859375000006,32.1046875,32.1046875
hierarchy_conflict,17,2,39.90079365079365,84.90079365079364,664.453125,67.26131548998289,85.12608583878097,7.9734375,7.9734375
hierarchy_conflict,17,3,70.00726744186046,89.93459302325581,604.6875,81.5888960003069,95.0807018107128,7.2562500000000005,7.2562500000000005
hierarchy_conflict,18,0,25.56584362139918,25.50925925925926,2562.890625,17.78029098887753,19.238745773178156,30.7546875,30.7546875
hierarchy_conflict,18,1,84.96386333771353,28.0338370565046,2675.390625,56.74178423998289,39.280859375000006,32.1046875,32.1046875
hierarchy_conflict,18,2,39.90079365079365,84.90079365079364,664.453125,67.26131548998289,85.12608583878097,7.9734375,7.9734375
hierarchy_conflict,18,3,70.00726744186046,89.93459302325581,604.6875,81.5888960003069,95.0807018107128,7.2562500000000005,7.2562500000000005
hierarchy_conflict,19,0,25.56584362139918,25.50925925925926,2562.890625,17.78029098887753,19.238745773178156,30.7546875,30.7546875
hierarchy_conflict,19,1,84.96386333771353,28.0338370565046,2675.390625,56.74178423998289,39.280859375000006,32.1046875,32.1046875
hierarchy_conflict,19,2,39.90079365079365,84.90079365079364,664.453125,67.26131548998289,85.12608583878097,7.9734375,7.9734375
hierarchy_conflict,19,3,70.00726744186046,89.93459302325581,604.6875,81.5888960003069,95.0807018107128,7.2562500000000005,7.2562500000000005
hierarchy_conflict,20,0,25.56584362139918,25.50925925925926,2562.890625,17.78029098887753,19.238745773178156,30.7546875,30.7546875
hierarchy_conflict,20,1,84.96386333771353,28.0338370565046,2675.390625,56.74178423998289,39.280859375000006,32.1046875,32.1046875
hierarchy_conflict,20,2,39.90079365079365,84.90079365079364,664.453125,67.26131548998289,85.12608583878097,7.9734375,7.9734375
hierarchy_conflict,20,3,70.00726744186046,89.93459302325581,604.6875,81.5888960003069,95.0807018107128,7.2562500000000005,7.2562500000000005
motion_growth,0,0,27.970183486238533,31.943807339449542,766.40625,26.970183486238533,30.943807339449542,9.196875,9.196875
motion_growth,0,1,57.68382352941177,45.0,717.1875,56.68382352941177,46.0,8.606250000000001,8.606250000000001
motion_growth,0,2,82.0375,76.1375,1054.6875,83.0375,77.1375,12.65625,12.65625
motion_growth,1,0,28.37442660550459,32.19323394495413,766.40625,27.37442660550459,31.19323394495413,9.196875,9.196875
motion_growth,1,1,58.55841708542714,45.43341708542714,699.609375,57.55841708542714,46.43341708542714,8.3953125,8.3953125
motion_growth,1,2,82.44318181818181,76.4709595959596,1044.140625,83.44318181818181,77.4709595959596,12.5296875,12.5296875
motion_growth,2,0,28.752828054298643,32.536764705882355,776.953125,27.752828054298643,31.536764705882355,9.3234375,9.3234375
motion_growth,2,1,58.891625615763544,45.67426108374384,713.671875,57.891625615763544,46.67426108374384,8.5640625,8.5640625
motion_growth,2,2,82.6266891891892,76.7483108108108,1040.625,83.6266891891892,77.7483108108108,12.4875,12.4875
motion_growth,3,0,29.3609865470852,33.01008968609865,783.984375,28.3609865470852,32.01008968609865,9.4078125,9.4078125
motion_growth,3,1,59.25914634146341,45.896341463414636,720.703125,58.25914634146341,46.896341463414636,8.6484375,8.6484375
motion_growth,3,2,83.0657894736842,76.875,1001.953125,84.0657894736842,77.875,12.0234375,12.0234375
motion_growth,4,0,29.72861842105263,33.28125,801.5625,28.72861842105263,32.28125,9.61875,9.61875
motion_growth,4,1,59.53598484848485,46.145833333333336,696.09375,58.53598484848485,47.145833333333336,8.353125,8.353125
motion_growth,4,2,83.60068259385666,77.23336177474403,1030.078125,84.60068259385666,78.23336177474403,12.3609375,12.3609375
motion_growth,5,0,29.935897435897434,33.405448717948715,822.65625,28.935897435897434,32.405448717948715,9.871875000000001,9.871875000000001
motion_growth,5,1,60.0,46.42578125,675.0,59.0,47.42578125,8.1,8.1
motion_growth,5,2,84.10424187725631,77.44359205776173,973.828125,85.10424187725631,78.44359205776173,11.6859375,11.6859375
motion_growth,6,0,30.47077922077922,33.75,812.109375,29.47077922077922,32.75,9.7453125,9.7453125
motion_growth,6,1,60.43882978723404,46.875,660.9375,59.43882978723404,47.875,7.93125,7.93125
motion_growth,6,2,84.46742957746478,77.68705985915493,998.4375,85.46742957746478,78.68705985915493,11.981250000000001,11.981250000000001
motion_growth,7,0,30.740343347639485,33.91094420600859,819.140625,29.740343347639485,32.91094420600859,9.8296875,9.8296875
motion_growth,7,1,60.763888888888886,47.00396825396825,664.453125,59.763888888888886,48.00396825396825,7.9734375,7.9734375
motion_growth,7,2,84.8017723880597,77.92444029850746,942.1875,85.8017723880597,78.92444029850746,11.30625,11.30625
motion_growth,8,0,31.3671875,34.2578125,843.75,30.3671875,33.2578125,10.125,10.125
motion_growth,8,1,61.27302631578947,47.20065789473684,667.96875,60.27302631578947,48.20065789473684,8.015625,8.015625
motion_growth,8,2,85.3125,78.5720802919708,963.28125,86.3125,79.5720802919708,11.559375000000001,11.559375000000001
motion_growth,9,0,31.717436974789916,34.6875,836.71875,30.717436974789916,33.6875,10.040625,10.040625
motion_growth,9,1,61.81515957446808,47.672872340425535,660.9375,60.81515957446808,48.672872340425535,7.93125,7.93125
motion_growth,9,2,85.37546641791045,78.75,942.1875,86.37546641791045,79.75,11.30625,11.30625
motion_growth,10,0,31.97156652360515,35.11802575107296,819.140625,30.97156652360515,34.11802575107296,9.8296875,9.8296875
motion_growth,10,1,62.1054469273743,48.247206703910614,629.296875,61.1054469273743,49.247206703910614,7.5515625,7.5515625
motion_growth,10,2,86.02695167286245,78.97304832713755,945.703125,87.02695167286245,79.97304832713755,11.348437500000001,11.348437500000001
motion_growth,11,0,32.3359375,35.296875,843.75,31.3359375,34.296875,10.125,10.125
motion_growth,11,1,62.335893854748605,48.289106145251395,629.296875,61.335893854748605,49.289106145251395,7.5515625,7.5515625
motion_growth,11,2,86.4367816091954,79.42528735632185,917.578125,87.4367816091954,80.42528735632185,11.0109375,11.0109375
motion_growth,12,0,32.77074898785425,35.571862348178136,868.359375,31.770748987854248,34.571862348178136,10.4203125,10.4203125
motion_growth,12,1,62.8125,48.75,646.875,61.8125,49.75,7.7625,7.7625
motion_growth,12,2,86.953125,79.6142578125,900.0,87.953125,80.6142578125,10.8,10.8
motion_growth,13,0,33.1640625,35.8984375,843.75,32.1640625,34.8984375,10.125,10.125
motion_growth,13,1,63.2514450867052,48.89089595375722,608.203125,62.2514450867052,49.89089595375722,7.2984375,7.2984375
motion_growth,13,2,87.1875,79.6875,900.0,88.1875,80.6875,10.8,10.8
motion_growth,14,0,33.65091463414634,36.03658536585366,864.84375,32.65091463414634,35.03658536585366,10.378125,10.378125
motion_growth,14,1,63.599137931034484,49.0625,611.71875,62.599137931034484,50.0625,7.340625,7.340625
motion_growth,14,2,87.55566801619433,80.26821862348179,868.359375,88.55566801619433,81.26821862348179,10.4203125,10.4203125
motion_growth,15,0,34.12356321839081,36.41522988505747,917.578125,33.12356321839081,35.41522988505747,11.0109375,11.0109375
motion_growth,15,1,64.1207627118644,49.32203389830509,622.265625,63.1207627118644,50.32203389830509,7.4671875000000005,7.4671875000000005
motion_growth,15,2,87.93522267206478,80.43522267206478,868.359375,88.93522267206478,81.43522267206478,10.4203125,10.4203125
motion_growth,16,0,34.54298418972332,36.62549407114624,889.453125,33.54298418972332,35.62549407114624,10.6734375,10.6734375
motion_growth,16,1,64.50224550898204,49.76047904191617,587.109375,63.50224550898204,50.76047904191617,7.0453125000000005,7.0453125000000005
motion_growth,16,2,88.21914225941423,80.71914225941423,840.234375,89.21914225941423,81.71914225941423,10.082812500000001,10.082812500000001
motion_growth,17,0,34.73492217898833,36.8579766536965,903.515625,33.73492217898833,35.8579766536965,10.8421875,10.8421875
motion_growth,17,1,64.6875,50.0735294117647,597.65625,63.6875,51.0735294117647,7.171875,7.171875
motion_growth,17,2,88.8328313253012,81.28012048192771,875.390625,89.8328313253012,82.28012048192771,10.504687500000001,10.504687500000001
motion_growth,18,0,35.04971590909091,37.40767045454545,928.125,34.04971590909091,36.40767045454545,11.137500000000001,11.137500000000001
motion_growth,18,1,65.34156976744185,50.43968023255814,604.6875,64.34156976744185,51.43968023255814,7.2562500000000005,7.2562500000000005
motion_growth,18,2,89.234375,81.390625,843.75,90.234375,82.390625,10.125,10.125
motion_growth,19,0,35.625,37.758620689655174,917.578125,34.625,36.758620689655174,11.0109375,11.0109375
motion_growth,19,1,65.54869186046511,50.799418604651166,604.6875,64.54869186046511,51.799418604651166,7.2562500000000005,7.2562500000000005
motion_growth,19,2,89.7734375,81.7890625,843.75,90.7734375,82.7890625,10.125,10.125
motion_growth,20,0,36.07783018867924,38.242924528301884,931.640625,35.07783018867924,37.242924528301884,11.1796875,11.1796875
motion_growth,20,1,66.03794642857143,51.03794642857143,590.625,65.03794642857143,52.03794642857143,7.0875,7.0875
motion_growth,20,2,90.0,82.02922077922078,812.109375,91.0,83.02922077922078,9.7453125,9.7453125
translation,0,0,27.361425339366516,36.81278280542986,776.953125,26.361425339366516,35.81278280542986,9.3234375,9.3234375
translation,0,1,57.67451298701299,42.27272727272727,541.40625,56.67451298701299,43.27272727272727,6.496875,6.496875
translation,0,2,78.10060975609755,70.79268292682927,720.703125,79.10060975609755,71.79268292682927,8.6484375,8.6484375
translation,1,0,28.02801724137931,36.78879310344828,815.625,27.02801724137931,35.78879310344828,9.7875,9.7875
translation,1,1,58.490566037735846,42.264150943396224,558.984375,57.490566037735846,43.264150943396224,6.7078125,6.7078125
translation,1,2,78.63636363636364,70.79545454545455,696.09375,79.63636363636364,71.79545454545455,8.353125,8.353125
translation,2,0,28.464506172839506,36.62808641975309,854.296875,27.464506172839506,35.62808641975309,10.2515625,10.2515625
translation,2,1,58.94954819277108,42.30045180722892,583.59375,57.94954819277108,43.30045180722892,7.003125,7.003125
translation,2,2,79.4057881773399,70.78817733990148,713.671875,80.4057881773399,71.78817733990148,8.5640625,8.5640625
translation,3,0,29.0625,36.90878378378378,780.46875,28.0625,35.90878378378378,9.365625,9.365625
translation,3,1,59.46774193548387,42.25403225806452,544.921875,58.46774193548387,43.25403225806452,6.5390625,6.5390625
translation,3,2,79.93566176470588,70.85477941176471,717.1875,80.93566176470588,71.85477941176471,8.606250000000001,8.606250000000001
translation,4,0,29.9025974025974,36.85876623376623,812.109375,28.9025974025974,35.85876623376623,9.7453125,9.7453125
translation,4,1,60.16826923076923,42.1875,548.4375,59.16826923076923,43.1875,6.58125,6.58125
translation,4,2,80.30464824120602,70.74120603015075,699.609375,81.30464824120602,71.74120603015075,8.3953125,8.3953125
translation,5,0,30.322745901639344,36.5625,857.8125,29.322745901639344,35.5625,10.293750000000001,10.293750000000001
translation,5,1,60.752245508982035,42.26047904191617,587.109375,59.752245508982035,43.26047904191617,7.0453125000000005,7.0453125000000005
translation,5,2,81.20977722772277,70.76732673267327,710.15625,82.20977722772277,71.76732673267327,8.521875,8.521875
translation,6,0,30.795200892857142,36.905691964285715,787.5,29.795200892857142,35.905691964285715,9.450000000000001,9.450000000000001
translation,6,1,61.31009615384615,42.33173076923077,548.4375,60.31009615384615,43.33173076923077,6.58125,6.58125
translation,6,2,81.74261083743842,70.82512315270937,713.671875,82.74261083743842,71.82512315270937,8.5640625,8.5640625
translation,7,0,31.645742358078603,36.86135371179039,805.078125,30.645742358078603,35.86135371179039,9.660937500000001,9.660937500000001
translation,7,1,61.95859872611465,42.193471337579616,551.953125,60.95859872611465,43.193471337579616,6.6234375000000005,6.6234375000000005
translation,7,2,82.10625,70.753125,703.125,83.10625,71.753125,8.4375,8.4375
translation,8,0,32.13520408163265,36.589285714285715,861.328125,31.13520408163265,35.589285714285715,10.3359375,10.3359375
translation,8,1,62.627245508982035,42.26047904191617,587.109375,61.627245508982035,43.26047904191617,7.0453125000000005,7.0453125000000005
translation,8,2,83.06902985074628,70.83955223880596,706.640625,84.06902985074628,71.83955223880596,8.4796875,8.4796875
translation,9,0,32.50545851528384,36.9514192139738,805.078125,31.50545851528384,35.9514192139738,9.660937500000001,9.660937500000001
translation,9,1,63.236464968152866,42.265127388535035,551.953125,62.236464968152866,43.265127388535035,6.6234375000000005,6.6234375000000005
translation,9,2,83.55816831683168,70.8694306930693,710.15625,84.55816831683168,71.8694306930693,8.521875,8.521875
translation,10,0,33.41814159292036,36.769911504424776,794.53125,32.41814159292036,35.769911504424776,9.534375,9.534375
translation,10,1,63.59172077922078,42.236201298701296,541.40625,62.59172077922078,43.236201298701296,6.496875,6.496875
translation,10,2,83.98125,70.753125,703.125,84.98125,71.753125,8.4375,8.4375
translation,11,0,33.91203703703704,36.6820987654321,854.296875,32.91203703703704,35.6820987654321,10.2515625,10.2515625
translation,11,1,64.50224550898204,42.26047904191617,587.109375,63.50224550898204,43.26047904191617,7.0453125000000005,7.0453125000000005
translation,11,2,84.80841708542714,70.81658291457286,699.609375,85.80841708542714,71.81658291457286,8.3953125,8.3953125
translation,12,0,34.31573275862069,36.796875,815.625,33.31573275862069,35.796875,9.7875,9.7875
translation,12,1,64.921875,42.1875,562.5,63.921875,43.1875,6.75,6.75
translation,12,2,85.3125,70.95,703.125,86.3125,71.95,8.4375,8.4375
translation,13,0,35.239955357142854,36.66294642857143,787.5,34.239955357142854,35.66294642857143,9.450000000000001,9.450000000000001
translation,13,1,65.3921568627451,42.193627450980394,537.890625,64.3921568627451,43.193627450980394,6.4546875,6.4546875
translation,13,2,85.70504926108374,70.70504926108374,713.671875,86.70504926108374,71.70504926108374,8.5640625,8.5640625
translation,14,0,35.734375,36.7734375,843.75,34.734375,35.7734375,10.125,10.125
translation,14,1,66.26136363636364,42.375,580.078125,65.26136363636364,43.375,6.9609375,6.9609375
translation,14,2,86.68341708542714,70.81658291457286,699.609375,87.68341708542714,71.81658291457286,8.3953125,8.3953125
translation,15,0,36.09775641025641,36.89102564102564,822.65625,35.09775641025641,35.89102564102564,9.871875000000001,9.871875000000001
translation,15,1,66.67824074074075,42.30324074074074,569.53125,65.67824074074075,43.30324074074074,6.8343750000000005,6.8343750000000005
translation,15,2,87.03358208955224,70.80223880597015,706.640625,88.03358208955224,71.80223880597015,8.4796875,8.4796875
translation,16,0,36.93156108597285,36.71945701357466,776.953125,35.93156108597285,35.71945701357466,9.3234375,9.3234375
translation,16,1,67.18344155844156,42.1875,541.40625,66.18344155844156,43.1875,6.496875,6.496875
translation,16,2,87.58004926108374,70.70504926108374,713.671875,88.58004926108374,71.70504926108374,8.5640625,8.5640625
translation,17,0,37.5,36.7515756302521,836.71875,36.5,35.7515756302521,10.040625,10.040625
translation,17,1,67.93981481481481,42.291666666666664,569.53125,66.93981481481481,43.291666666666664,6.8343750000000005,6.8343750000000005
translation,17,2,88.41053299492386,70.81218274111676,692.578125,89.41053299492386,71.81218274111676,8.3109375,8.3109375
translation,18,0,37.8860294117647,36.7515756302521,836.71875,36.8860294117647,35.7515756302521,10.040625,10.040625
translation,18,1,68.4375,42.1875,576.5625,67.4375,43.1875,6.91875,6.91875
translation,18,2,88.90858208955224,70.80223880597015,706.640625,89.90858208955224,71.80223880597015,8.4796875,8.4796875
translation,19,0,38.735986547085204,36.76008968609865,783.984375,37.735986547085204,35.76008968609865,9.4078125,9.4078125
translation,19,1,69.05844155844156,42.1875,541.40625,68.05844155844156,43.1875,6.496875,6.496875
translation,19,2,89.3841911764706,70.72610294117646,717.1875,90.3841911764706,71.72610294117646,8.606250000000001,8.606250000000001
translation,20,0,39.311708860759495,36.7246835443038,833.203125,38.311708860759495,35.7246835443038,9.9984375,9.9984375
translation,20,1,69.7360248447205,42.26319875776397,566.015625,68.7360248447205,43.26319875776397,6.7921875,6.7921875
translation,20,2,90.21045918367346,70.80994897959184,689.0625,91.21045918367346,71.80994897959184,8.26875,8.26875
growth,0,0,27.361425339366516,36.81278280542986,776.953125,26.361425339366516,35.81278280542986,9.3234375,9.3234375
growth,0,1,57.67451298701299,42.27272727272727,541.40625,56.67451298701299,43.27272727272727,6.496875,6.496875
growth,0,2,78.10060975609755,70.79268292682927,720.703125,79.10060975609755,71.79268292682927,8.6484375,8.6484375
growth,1,0,26.822698744769873,36.43305439330544,840.234375,25.822698744769873,35.43305439330544,10.082812500000001,10.082812500000001
growth,1,1,57.7265625,42.1875,562.5,56.7265625,43.1875,6.75,6.75
growth,1,2,78.26785714285714,71.25,738.28125,79.26785714285714,72.25,8.859375,8.859375
growth,2,0,26.486280487804876,36.25762195121951,864.84375,25.486280487804876,35.25762195121951,10.378125,10.378125
growth,2,1,57.76997041420118,42.05991124260355,594.140625,56.76997041420118,43.05991124260355,7.1296875,7.1296875
growth,2,2,78.8556338028169,71.61091549295774,748.828125,79.8556338028169,72.61091549295774,8.9859375,8.9859375
growth,3,0,25.879360465116278,36.25726744186046,907.03125,24.879360465116278,35.25726744186046,10.884375,10.884375
growth,3,1,57.75423728813559,41.82203389830509,622.265625,56.75423728813559,42.82203389830509,7.4671875000000005,7.4671875000000005
growth,3,2,79.01785714285714,71.81919642857143,787.5,80.01785714285714,72.81919642857143,9.450000000000001,9.450000000000001
growth,4,0,25.50410583941606,35.85082116788321,963.28125,24.50410583941606,34.85082116788321,11.559375000000001,11.559375000000001
growth,4,1,57.95454545454545,41.74131016042781,657.421875,56.95454545454545,42.74131016042781,7.8890625000000005,7.8890625000000005
growth,4,2,79.38631221719457,72.13235294117646,776.953125,80.38631221719457,73.13235294117646,9.3234375,9.3234375
growth,5,0,25.079787234042552,35.671542553191486,991.40625,24.079787234042552,34.671542553191486,11.896875,11.896875
growth,5,1,57.93170103092783,41.82023195876289,682.03125,56.93170103092783,42.82023195876289,8.184375,8.184375
growth,5,2,79.92384453781513,72.52626050420169,836.71875,80.92384453781513,73.52626050420169,10.040625,10.040625
growth,6,0,24.649390243902438,35.51393728222997,1008.984375,23.649390243902438,34.51393728222997,12.1078125,12.1078125
growth,6,1,57.91454081632653,41.69005102040816,689.0625,56.91454081632653,42.69005102040816,8.26875,8.26875
growth,6,2,80.16953441295547,72.83653846153847,868.359375,81.16953441295547,73.83653846153847,10.4203125,10.4203125
growth,7,0,24.375,35.509020618556704,1023.046875,23.375,34.509020618556704,12.2765625,12.2765625
growth,7,1,57.970360824742265,41.57860824742268,682.03125,56.970360824742265,42.57860824742268,8.184375,8.184375
growth,7,2,80.50154320987654,73.125,854.296875,81.50154320987654,74.125,10.2515625,10.2515625
growth,8,0,24.10438144329897,35.277061855670105,1023.046875,23.10438144329897,34.277061855670105,12.2765625,12.2765625
growth,8,1,58.125,41.327319587628864,682.03125,57.125,42.327319587628864,8.184375,8.184375
growth,8,2,81.0205078125,73.57177734375,900.0,82.0205078125,74.57177734375,10.8,10.8
growth,9,0,23.475,34.91875,1054.6875,22.475,33.91875,12.65625,12.65625
growth,9,1,58.048469387755105,41.25,689.0625,57.048469387755105,42.25,8.26875,8.26875
growth,9,2,81.25482625482626,73.75482625482626,910.546875,82.25482625482626,74.75482625482626,10.926562500000001,10.926562500000001
growth,10,0,23.25996677740864,34.696843853820596,1058.203125,22.25996677740864,33.696843853820596,12.6984375,12.6984375
growth,10,1,58.125,40.823019801980195,710.15625,57.125,41.823019801980195,8.521875,8.521875
growth,10,2,81.60083643122677,74.01022304832713,945.703125,82.60083643122677,75.01022304832713,11.348437500000001,11.348437500000001
growth,11,0,22.763578274760384,34.48682108626198,1100.390625,21.763578274760384,33.48682108626198,13.2046875,13.2046875
growth,11,1,58.19444444444444,41.09375,759.375,57.19444444444444,42.09375,9.1125,9.1125
growth,11,2,81.99646643109541,74.42358657243817,994.921875,82.99646643109541,75.42358657243817,11.9390625,11.9390625
growth,12,0,22.161214953271028,34.41004672897196,1128.515625,21.161214953271028,33.41004672897196,13.5421875,13.5421875
growth,12,1,58.17613636363637,41.0625,773.4375,57.17613636363637,42.0625,9.28125,9.28125
growth,12,2,82.33780276816609,74.83780276816609,1016.015625,83.33780276816609,75.83780276816609,12.192187500000001,12.192187500000001
growth,13,0,21.798278443113773,34.131736526946106,1174.21875,20.798278443113773,33.131736526946106,14.090625000000001,14.090625000000001
growth,13,1,58.125,40.77922077922078,812.109375,57.125,41.77922077922078,9.7453125,9.7453125
growth,13,2,82.5,75.0,1030.078125,83.5,76.0,12.3609375,12.3609375
growth,14,0,21.39423076923077,33.952991452991455,1233.984375,20.39423076923077,32.952991452991455,14.8078125,14.8078125
growth,14,1,58.23622881355932,40.66207627118644,829.6875,57.23622881355932,41.66207627118644,9.95625,9.95625
growth,14,2,82.79040404040404,75.15782828282828,1044.140625,83.79040404040404,76.15782828282828,12.5296875,12.5296875
growth,15,0,21.082063711911356,33.75,1269.140625,20.082063711911356,32.69058264307229,15.2296875,15.2296875
growth,15,1,58.230421686746986,40.56475903614458,875.390625,57.230421686746986,41.62417639307229,10.504687500000001,10.504687500000001
growth,15,2,83.35887096774194,75.58064516129032,1089.84375,84.35887096774194,76.64006251821803,13.078125,13.078125
growth,16,0,20.625,33.585438829787236,1321.875,19.625,32.41342478486489,15.8625,15.8625
growth,16,1,58.49856321839081,40.45977011494253,917.578125,57.49856321839081,41.63178415986488,11.0109375,11.0109375
growth,16,2,83.6484375,75.9375,1125.0,84.6484375,77.10951404492235,13.5,13.5
growth,17,0,20.150130548302872,33.24575718015666,1346.484375,19.150130548302872,32.117214527578334,16.1578125,16.1578125
growth,17,1,58.49431818181818,40.3125,928.125,57.49431818181818,41.441042652578325,11.137500000000001,11.137500000000001
growth,17,2,83.9506880733945,76.14678899082568,1149.609375,84.9506880733945,77.275331643404,13.7953125,13.7953125
growth,18,0,19.811046511627907,33.00387596899225,1360.546875,18.811046511627907,31.961062394873487,16.3265625,16.3265625
growth,18,1,58.556603773584904,40.29481132075472,931.640625,57.556603773584904,41.33762489487348,11.1796875,11.1796875
growth,18,2,84.3141592920354,76.58185840707965,1191.796875,85.3141592920354,77.62467198119842,14.301562500000001,14.301562500000001
growth,19,0,19.52319587628866,32.889819587628864,1364.0625,18.52319587628866,31.87736718017807,16.36875,16.36875
growth,19,1,58.59375,40.24147727272727,928.125,57.59375,41.25392968017807,11.137500000000001,11.137500000000001
growth,19,2,84.59978070175438,76.8201754385965,1202.34375,85.59978070175438,77.83262784604729,14.428125,14.428125
growth,20,0,19.199617346938776,32.71683673469388,1378.125,18.199617346938776,31.713345401545055,16.5375,16.5375
growth,20,1,58.70518867924528,40.139150943396224,931.640625,57.70518867924528,41.14264227654505,11.1796875,11.1796875
growth,20,2,84.93803116147309,77.13526912181302,1241.015625,85.93803116147309,78.13876045496184,14.8921875,14.8921875
translation_growth,0,0,27.361425339366516,36.81278280542986,776.953125,26.361425339366516,35.81278280542986,9.3234375,9.3234375
translation_growth,0,1,57.67451298701299,42.27272727272727,541.40625,56.67451298701299,43.27272727272727,6.496875,6.496875
translation_growth,0,2,78.10060975609755,70.79268292682927,720.703125,79.10060975609755,71.79268292682927,8.6484375,8.6484375
translation_growth,1,0,27.62079831932773,36.43644957983193,836.71875,26.62079831932773,35.43644957983193,10.040625,10.040625
translation_growth,1,1,58.5234375,42.1875,562.5,57.5234375,43.1875,6.75,6.75
translation_growth,1,2,79.30889423076923,71.25,731.25,80.30889423076923,72.25,8.775,8.775
translation_growth,2,0,27.636186770428015,36.318093385214006,903.515625,26.636186770428015,35.318093385214006,10.8421875,10.8421875
translation_growth,2,1,59.0625,42.025862068965516,611.71875,58.0625,43.025862068965516,7.340625,7.340625
translation_growth,2,2,79.92613636363636,71.63352272727273,773.4375,80.92613636363636,72.63352272727273,9.28125,9.28125
translation_growth,3,0,27.629310344827587,36.235632183908045,917.578125,26.629310344827587,35.235632183908045,11.0109375,11.0109375
translation_growth,3,1,59.62923728813559,41.82203389830509,622.265625,58.62923728813559,42.82203389830509,7.4671875000000005,7.4671875000000005
translation_growth,3,2,80.89285714285714,71.81919642857143,787.5,81.89285714285714,72.81919642857143,9.450000000000001,9.450000000000001
translation_growth,4,0,27.921511627906977,36.06104651162791,907.03125,26.921511627906977,35.06104651162791,10.884375,10.884375
translation_growth,4,1,60.30894886363637,41.77201704545455,618.75,59.30894886363637,42.77201704545455,7.425,7.425
translation_growth,4,2,82.16720779220779,72.11850649350649,812.109375,83.16720779220779,73.11850649350649,9.7453125,9.7453125
translation_growth,5,0,28.21768060836502,35.71768060836502,924.609375,27.21768060836502,34.71768060836502,11.0953125,11.0953125
translation_growth,5,1,60.858050847457626,41.726694915254235,622.265625,59.858050847457626,42.726694915254235,7.4671875000000005,7.4671875000000005
translation_growth,5,2,82.76107594936708,72.61075949367088,833.203125,83.76107594936708,73.61075949367088,9.9984375,9.9984375
translation_growth,6,0,28.401315789473685,35.51315789473684,1001.953125,27.401315789473685,34.51315789473684,12.0234375,12.0234375
translation_growth,6,1,61.54934210526316,41.6546052631579,667.96875,60.54934210526316,42.6546052631579,8.015625,8.015625
translation_growth,6,2,83.7399193548387,72.75453629032258,871.875,84.7399193548387,73.75453629032258,10.4625,10.4625
translation_growth,7,0,28.45218120805369,35.41736577181208,1047.65625,27.45218120805369,34.41736577181208,12.571875,12.571875
translation_growth,7,1,62.29779411764706,41.61764705882353,717.1875,61.29779411764706,42.61764705882353,8.606250000000001,8.606250000000001
translation_growth,7,2,84.76058467741936,73.125,871.875,85.76058467741936,74.125,10.4625,10.4625
translation_growth,8,0,28.70291095890411,35.2076198630137,1026.5625,27.70291095890411,34.2076198630137,12.31875,12.31875
translation_growth,8,1,62.8125,41.40151515151515,696.09375,61.8125,42.40151515151515,8.353125,8.353125
translation_growth,8,2,85.56225868725869,73.5304054054054,910.546875,86.56225868725869,74.5304054054054,10.926562500000001,10.926562500000001
translation_growth,9,0,28.88651877133106,34.9466723549488,1030.078125,27.88651877133106,33.9466723549488,12.3609375,12.3609375
translation_growth,9,1,63.390151515151516,41.25,696.09375,62.390151515151516,42.25,8.353125,8.353125
translation_growth,9,2,86.79389312977099,73.89074427480917,921.09375,87.79389312977099,74.89074427480917,11.053125,11.053125
translation_growth,10,0,29.23076923076923,34.6875,1096.875,28.23076923076923,33.6875,13.1625,13.1625
translation_growth,10,1,64.28571428571429,41.11607142857143,738.28125,63.28571428571429,42.11607142857143,8.859375,8.859375
translation_growth,10,2,87.61488970588235,74.0625,956.25,88.61488970588235,75.0625,11.475,11.475
translation_growth,11,0,29.0625,34.6875,1167.1875,28.0625,33.6875,14.00625,14.00625
translation_growth,11,1,64.88810043668123,41.20906113537118,805.078125,63.88810043668123,42.20906113537118,9.660937500000001,9.660937500000001
translation_growth,11,2,88.3899456521739,74.36820652173913,970.3125,89.3899456521739,75.36820652173913,11.64375,11.64375
translation_growth,12,0,29.35030395136778,34.473784194528875,1156.640625,28.35030395136778,33.473784194528875,13.879687500000001,13.879687500000001
translation_growth,12,1,65.46052631578948,40.89638157894737,801.5625,64.46052631578948,41.89638157894737,9.61875,9.61875
translation_growth,12,2,89.68641114982579,74.80400696864112,1008.984375,90.68641114982579,75.80400696864112,12.1078125,12.1078125
translation_growth,13,0,29.666411042944784,34.14685582822086,1146.09375,28.666411042944784,33.14685582822086,13.753125,13.753125
translation_growth,13,1,65.97813901345292,40.80437219730942,783.984375,64.97813901345292,41.80437219730942,9.4078125,9.4078125
translation_growth,13,2,90.16810344827586,74.96767241379311,1019.53125,91.16810344827586,75.96767241379311,12.234375,12.234375
translation_growth,14,0,29.891304347826086,33.858695652173914,1212.890625,28.891304347826086,32.858695652173914,14.5546875,14.5546875
translation_growth,14,1,66.73853711790393,40.86517467248908,805.078125,65.73853711790393,41.86517467248908,9.660937500000001,9.660937500000001
translation_growth,14,2,91.4217715231788,75.1862582781457,1061.71875,92.4217715231788,76.1862582781457,12.740625,12.740625
translation_growth,15,0,30.125,33.697916666666664,1265.625,29.125,32.66981441390562,15.1875,15.1875
translation_growth,15,1,67.394578313253,40.56475903614458,875.390625,66.394578313253,41.592861288905624,10.504687500000001,10.504687500000001
translation_growth,15,2,92.22426470588235,75.58823529411765,1075.78125,93.22426470588235,76.6163375468787,12.909375,12.909375
translation_growth,16,0,30.147357723577237,33.60264227642276,1297.265625,29.147357723577237,32.48863731468196,15.567187500000001,15.567187500000001
translation_growth,16,1,68.06617647058823,40.455882352941174,896.484375,67.06617647058823,41.56988731468198,10.7578125,10.7578125
translation_growth,16,2,93.29296875,75.9375,1125.0,94.29296875,77.0515049617408,13.5,13.5
translation_growth,17,0,30.388283378746593,33.36171662125341,1290.234375,29.388283378746593,32.316221362097295,15.4828125,15.4828125
translation_growth,17,1,68.5,40.330882352941174,896.484375,67.5,41.376377612097286,10.7578125,10.7578125
translation_growth,17,2,94.306640625,76.1953125,1125.0,95.306640625,77.24080775915611,13.5,13.5
translation_growth,18,0,30.553523936170212,33.05684840425532,1321.875,29.553523936170212,32.01706161021589,15.8625,15.8625
translation_growth,18,1,69.20588235294117,40.13235294117647,896.484375,68.20588235294117,41.1721397352159,10.7578125,10.7578125
translation_growth,18,2,95.17433234421365,76.61906528189911,1184.765625,96.17433234421365,77.65885207593854,14.2171875,14.2171875
translation_growth,19,0,30.9375,32.8125,1378.125,29.9375,31.807459181882024,16.5375,16.5375
translation_growth,19,1,69.89466292134831,40.252808988764045,938.671875,68.89466292134831,41.25784980688202,11.2640625,11.2640625
translation_growth,19,2,96.03429203539822,76.875,1191.796875,97.03429203539822,77.88004081811798,14.301562500000001,14.301562500000001
translation_growth,20,0,31.03102189781022,32.58667883211679,1444.921875,30.03102189781022,31.356579547637338,17.3390625,17.3390625
translation_growth,20,1,70.58552631578948,39.9671052631579,1001.953125,69.58552631578948,41.19720454763735,12.0234375,12.0234375
translation_growth,20,2,97.05255681818181,77.15198863636364,1237.5,98.05255681818181,78.38208792084309,14.85,14.85
local_growth,0,0,27.361425339366516,36.81278280542986,776.953125,26.361425339366516,35.81278280542986,9.3234375,9.3234375
local_growth,0,1,57.67451298701299,42.27272727272727,541.40625,56.67451298701299,43.27272727272727,6.496875,6.496875
local_growth,0,2,78.10060975609755,70.79268292682927,720.703125,79.10060975609755,71.79268292682927,8.6484375,8.6484375
local_growth,1,0,27.289772727272727,36.80965909090909,773.4375,26.289772727272727,35.80965909090909,9.28125,9.28125
local_growth,1,1,57.611464968152866,42.265127388535035,551.953125,56.611464968152866,43.265127388535035,6.6234375000000005,6.6234375000000005
local_growth,1,2,78.0410447761194,70.83022388059702,706.640625,79.0410447761194,71.83022388059702,8.4796875,8.4796875
local_growth,2,0,27.289772727272727,36.80965909090909,773.4375,26.289772727272727,35.80965909090909,9.28125,9.28125
local_growth,2,1,57.68518518518518,42.291666666666664,569.53125,56.68518518518518,43.291666666666664,6.8343750000000005,6.8343750000000005
local_growth,2,2,78.02356020942409,71.07329842931937,671.484375,79.02356020942409,72.07329842931937,8.0578125,8.0578125
local_growth,3,0,27.289772727272727,36.80965909090909,773.4375,26.289772727272727,35.80965909090909,9.28125,9.28125
local_growth,3,1,57.5735294117647,42.1875,597.65625,56.5735294117647,43.1875,7.171875,7.171875
local_growth,3,2,78.1815159574468,71.07047872340425,660.9375,79.1815159574468,72.07047872340425,7.93125,7.93125
local_growth,4,0,27.289772727272727,36.80965909090909,773.4375,26.289772727272727,35.80965909090909,9.28125,9.28125
local_growth,4,1,57.68571428571428,42.417857142857144,615.234375,56.68571428571428,43.417857142857144,7.3828125,7.3828125
local_growth,4,2,78.2586898395722,71.07954545454545,657.421875,79.2586898395722,72.07954545454545,7.8890625000000005,7.8890625000000005
local_growth,5,0,27.289772727272727,36.80965909090909,773.4375,26.289772727272727,35.80965909090909,9.28125,9.28125
local_growth,5,1,57.76639344262295,42.325819672131146,643.359375,56.76639344262295,43.325819672131146,7.7203125,7.7203125
local_growth,5,2,78.17796610169492,70.8792372881356,622.265625,79.17796610169492,71.8792372881356,7.4671875000000005,7.4671875000000005
local_growth,6,0,27.289772727272727,36.80965909090909,773.4375,26.289772727272727,35.80965909090909,9.28125,9.28125
local_growth,6,1,57.9296875,42.32421875,675.0,56.9296875,43.32421875,8.1,8.1
local_growth,6,2,78.17142857142858,70.88571428571429,615.234375,79.17142857142858,71.88571428571429,7.3828125,7.3828125
local_growth,7,0,27.2838785046729,36.6588785046729,752.34375,26.2838785046729,35.6588785046729,9.028125000000001,9.028125000000001
local_growth,7,1,57.9296875,42.32421875,675.0,56.9296875,43.32421875,8.1,8.1
local_growth,7,2,78.17142857142858,70.88571428571429,615.234375,79.17142857142858,71.88571428571429,7.3828125,7.3828125
local_growth,8,0,27.285714285714285,36.660714285714285,738.28125,26.285714285714285,35.660714285714285,8.859375,8.859375
local_growth,8,1,57.9296875,42.32421875,675.0,56.9296875,43.32421875,8.1,8.1
local_growth,8,2,78.15390173410404,70.92485549132948,608.203125,79.15390173410404,71.92485549132948,7.2984375,7.2984375
local_growth,9,0,27.1875,36.5625,731.25,26.1875,35.5625,8.775,8.775
local_growth,9,1,57.9296875,42.32421875,675.0,56.9296875,43.32421875,8.1,8.1
local_growth,9,2,78.04266467065868,70.93562874251496,587.109375,79.04266467065868,71.93562874251496,7.0453125000000005,7.0453125000000005
local_growth,10,0,27.38051470588235,36.755514705882355,717.1875,26.38051470588235,35.755514705882355,8.606250000000001,8.606250000000001
local_growth,10,1,57.9296875,42.32421875,675.0,56.9296875,43.32421875,8.1,8.1
local_growth,10,2,78.02710843373494,70.8546686746988,583.59375,79.02710843373494,71.8546686746988,7.003125,7.003125
local_growth,11,0,27.417091836734695,36.88775510204081,689.0625,26.417091836734695,35.88775510204081,8.26875,8.26875
local_growth,11,1,57.9296875,42.32421875,675.0,56.9296875,43.32421875,8.1,8.1
local_growth,11,2,78.00707547169812,70.84905660377359,558.984375,79.00707547169812,71.84905660377359,6.7078125,6.7078125
local_growth,12,0,27.24206349206349,36.617063492063494,664.453125,26.24206349206349,35.617063492063494,7.9734375,7.9734375
local_growth,12,1,57.8529792746114,42.32836787564767,678.515625,56.8529792746114,43.32836787564767,8.1421875,8.1421875
local_growth,12,2,78.05600649350649,70.73863636363636,541.40625,79.05600649350649,71.73863636363636,6.496875,6.496875
local_growth,13,0,27.340353260869566,36.71535326086956,646.875,26.340353260869566,35.71535326086956,7.7625,7.7625
local_growth,13,1,57.8529792746114,42.32836787564767,678.515625,56.8529792746114,43.32836787564767,8.1421875,8.1421875
local_growth,13,2,78.1,70.8125,527.34375,79.1,71.8125,6.328125,6.328125
local_growth,14,0,27.28230337078652,36.80477528089887,625.78125,26.28230337078652,35.80477528089887,7.509375,7.509375
local_growth,14,1,57.81730769230769,42.25961538461539,685.546875,56.81730769230769,43.25961538461539,8.2265625,8.2265625
local_growth,14,2,78.14597315436242,70.88506711409396,523.828125,79.14597315436242,71.88506711409396,6.2859375,6.2859375
local_growth,15,0,27.28230337078652,36.80477528089887,625.78125,26.28230337078652,35.80477528089887,7.509375,7.509375
local_growth,15,1,57.763324873096444,42.20177664974619,692.578125,56.763324873096444,43.20177664974619,8.3109375,8.3109375
local_growth,15,2,78.14597315436242,70.88506711409396,523.828125,79.14597315436242,71.88506711409396,6.2859375,6.2859375
local_growth,16,0,27.347301136363637,36.72230113636363,618.75,26.347301136363637,35.72230113636363,7.425,7.425
local_growth,16,1,57.763324873096444,42.20177664974619,692.578125,56.763324873096444,43.20177664974619,8.3109375,8.3109375
local_growth,16,2,78.18618881118881,70.97465034965035,502.734375,79.18618881118881,71.97465034965035,6.0328125,6.0328125
local_growth,17,0,27.296511627906977,36.835029069767444,604.6875,26.296511627906977,35.835029069767444,7.2562500000000005,7.2562500000000005
local_growth,17,1,57.67723880597015,42.34141791044776,706.640625,56.67723880597015,43.34141791044776,8.4796875,8.4796875
local_growth,17,2,78.24728260869566,71.01902173913044,485.15625,79.24728260869566,72.01902173913044,5.821875,5.821875
local_growth,18,0,27.296511627906977,36.835029069767444,604.6875,26.296511627906977,35.835029069767444,7.2562500000000005,7.2562500000000005
local_growth,18,1,57.54807692307692,42.29567307692308,731.25,56.54807692307692,43.29567307692308,8.775,8.775
local_growth,18,2,78.24728260869566,71.01902173913044,485.15625,79.24728260869566,72.01902173913044,5.821875,5.821875
local_growth,19,0,27.296511627906977,36.835029069767444,604.6875,26.296511627906977,35.835029069767444,7.2562500000000005,7.2562500000000005
local_growth,19,1,57.529205607476634,42.1875,752.34375,56.529205607476634,43.1875,9.028125000000001,9.028125000000001
local_growth,19,2,78.33941605839416,71.01733576642336,481.640625,79.33941605839416,72.01733576642336,5.7796875000000005,5.7796875000000005
local_growth,20,0,27.296511627906977,36.835029069767444,604.6875,26.296511627906977,35.835029069767444,7.2562500000000005,7.2562500000000005
local_growth,20,1,57.72260273972603,42.320205479452056,769.921875,56.72260273972603,43.320205479452056,9.239062500000001,9.239062500000001
local_growth,20,2,78.14832089552239,71.01212686567165,471.09375,79.14832089552239,72.01212686567165,5.653125,5.653125
hierarchy_change,0,0,25.261429961089494,28.58463035019455,1807.03125,19.350878283260645,34.897931078350695,21.684375,21.684375
hierarchy_change,0,1,38.67703045685279,78.39467005076142,2077.734375,40.10708225098824,75.11257920554029,24.9328125,24.9328125
hierarchy_change,0,2,78.08219178082192,31.90068493150685,1796.484375,92.34634439440032,23.587384203350698,21.5578125,21.5578125
hierarchy_change,0,3,92.77260638297872,81.26662234042553,1982.8125,80.50845376940032,89.57992306858168,23.79375,23.79375
hierarchy_change,1,0,25.560897435897434,28.78205128205128,1645.3125,19.876085506963964,35.02363108629117,19.743750000000002,19.743750000000002
hierarchy_change,1,1,38.836287313432834,76.49370335820896,1884.375,40.2684628005081,73.46436605520208,22.6125,22.6125
hierarchy_change,1,2,78.35170340681363,32.56638276553106,1754.296875,92.56190256660611,24.324802961291166,21.0515625,21.0515625
hierarchy_change,1,3,92.9763986013986,81.14291958041959,2010.9375,80.7661994416061,89.38449938465948,24.13125,24.13125
hierarchy_change,2,0,25.700503355704697,28.674496644295303,1571.484375,24.700503355704697,21.426709428411773,18.8578125,18.8578125
hierarchy_change,2,1,39.24607072691552,74.80476424361493,1789.453125,40.24607072691552,48.36134531240072,21.4734375,21.4734375
hierarchy_change,2,2,78.58272821576763,33.543827800829874,1694.53125,77.91928553609961,59.31329843740072,20.334375,20.334375
hierarchy_change,2,3,92.99115245009074,81.38384754990926,1937.109375,93.99115245009074,89.66250275246502,23.2453125,23.2453125
hierarchy_change,3,0,25.90412621359223,28.71662621359223,1448.4375,24.90412621359223,20.581010984246912,17.38125,17.38125
hierarchy_change,3,1,39.375,72.89605263157895,1669.921875,40.375,48.53642745807469,20.0390625,20.0390625
hierarchy_change,3,2,78.68885869565217,34.45516304347826,1617.1875,77.68885869565217,58.89775558307469,19.40625,19.40625
hierarchy_change,3,3,93.08085501858736,81.37778810408922,1891.40625,94.08085501858736,89.47009610129024,22.696875000000002,22.696875000000002
hierarchy_change,4,0,26.12837837837838,28.71283783783784,1300.78125,25.12837837837838,20.53474625598239,15.609375,15.609375
hierarchy_change,4,1,39.51080607476636,71.04848130841121,1504.6875,40.51080607476636,48.22746795017907,18.056250000000002,18.056250000000002
hierarchy_change,4,2,78.90066964285714,34.942801339285715,1575.0,77.90066964285714,57.96653045017907,18.900000000000002,18.900000000000002
hierarchy_change,4,3,93.50841346153847,81.40745192307692,1828.125,94.50841346153847,89.3872402456451,21.9375,21.9375
hierarchy_change,5,0,26.25,28.63586956521739,1212.890625,25.25,20.51782211508341,14.5546875,14.5546875
hierarchy_change,5,1,39.775763358778626,69.28435114503817,1381.640625,40.775763358778626,48.04651637725213,16.5796875,16.5796875
hierarchy_change,5,2,78.93229166666667,35.7421875,1518.75,77.93229166666667,57.24768825225213,18.225,18.225
hierarchy_change,5,3,93.70931952662721,81.36834319526628,1782.421875,94.70931952662721,89.21921493797572,21.3890625,21.3890625
hierarchy_change,6,0,26.6484375,28.787109375,1125.0,25.6484375,20.760194355027885,13.5,13.5
hierarchy_change,6,1,39.998282967032964,67.5,1279.6875,40.998282967032964,47.922872507226124,15.356250000000001,15.356250000000001
hierarchy_change,6,2,79.1636690647482,36.77607913669065,1466.015625,78.1636690647482,56.65998188222613,17.5921875,17.5921875
hierarchy_change,6,3,93.86910860655738,81.18212090163935,1715.625,94.86910860655738,88.90231514407671,20.587500000000002,20.587500000000002
hierarchy_change,7,0,26.581632653061224,28.616071428571427,1033.59375,25.581632653061224,20.60182656508455,12.403125000000001,12.403125000000001
hierarchy_change,7,1,40.04303892215569,65.81025449101796,1174.21875,41.04303892215569,47.702618481276446,14.090625000000001,14.090625000000001
hierarchy_change,7,2,79.48877805486285,37.44856608478803,1409.765625,78.48877805486285,55.954571606276446,16.9171875,16.9171875
hierarchy_change,7,3,94.14516129032258,81.37096774193549,1634.765625,95.14516129032258,88.98684914647843,19.6171875,19.6171875
hierarchy_change,8,0,26.927281368821294,28.802281368821294,924.609375,25.927281368821294,36.235243857735384,11.0953125,11.0953125
hierarchy_change,8,1,40.25292642140468,63.975752508361204,1051.171875,41.25292642140468,61.57527642158512,12.614062500000001,12.614062500000001
hierarchy_change,8,2,79.6875,38.30219072164948,1364.0625,78.6875,28.869228232735384,16.36875,16.36875
hierarchy_change,8,3,94.33774834437087,81.32036423841059,1592.578125,95.33774834437087,89.1282097436928,19.110937500000002,19.110937500000002
hierarchy_change,9,0,27.054655870445345,28.701923076923077,868.359375,26.054655870445345,36.45482627790296,10.4203125,10.4203125
hierarchy_change,9,1,40.42883211678832,61.99817518248175,963.28125,41.42883211678832,61.108660580479196,11.559375000000001,11.559375000000001
hierarchy_change,9,2,79.90463215258856,39.231948228882835,1290.234375,78.90463215258856,29.47904502790296,15.4828125,15.4828125
hierarchy_change,9,3,94.51357466063348,81.32918552036199,1553.90625,95.51357466063348,89.17179696635809,18.646875,18.646875
hierarchy_change,10,0,27.243150684931507,28.63013698630137,769.921875,26.243150684931507,36.430591590976775,9.239062500000001,9.239062500000001
hierarchy_change,10,1,40.77017716535433,60.428149606299215,892.96875,41.77017716535433,59.892795123360095,10.715625000000001,10.715625000000001
hierarchy_change,10,2,80.21739130434783,39.78260869565217,1212.890625,79.21739130434783,29.982154090976774,14.5546875,14.5546875
hierarchy_change,10,3,94.69842657342657,81.31118881118881,1508.203125,95.69842657342657,89.07062202574149,18.0984375,18.0984375
hierarchy_change,11,0,27.440625,28.70625,703.125,26.440625,36.710546875,8.4375,8.4375
hierarchy_change,11,1,40.95,58.516666666666666,791.015625,41.95,58.29118804882044,9.4921875,9.4921875
hierarchy_change,11,2,80.32386363636364,40.625,1160.15625,79.32386363636364,30.620703125000002,13.921875,13.921875
hierarchy_change,11,3,94.8328125,81.2671875,1406.25,95.8328125,88.93376871695789,16.875,16.875
hierarchy_change,12,0,27.726293103448278,28.63146551724138,611.71875,26.726293103448278,36.891806010477126,7.340625,7.340625
hierarchy_change,12,1,41.181640625,56.8359375,675.0,42.144974518432335,56.91502346146561,8.1,8.1
hierarchy_change,12,2,80.48267326732673,41.62128712871287,1065.234375,79.48267326732673,31.360946635477127,12.7828125,12.7828125
hierarchy_change,12,3,94.93878865979381,81.31121134020619,1364.0625,95.93878865979381,88.86900656565453,16.36875,16.36875
hierarchy_change,13,0,27.724056603773583,28.867924528301888,558.984375,26.724056603773583,22.282732551917203,6.7078125,6.7078125
hierarchy_change,13,1,41.29261363636363,54.73721590909091,618.75,42.03840119143737,45.92576606777418,7.425,7.425
hierarchy_change,13,2,80.82770270270271,42.3902027027027,1040.625,79.82770270270271,51.403891067774175,12.4875,12.4875
hierarchy_change,13,3,95.1896437994723,81.34729551451187,1332.421875,96.1896437994723,88.35656926767884,15.989062500000001,15.989062500000001
hierarchy_change,14,0,28.125,28.455105633802816,499.21875,27.125,20.86574974034611,5.9906250000000005,5.9906250000000005
hierarchy_change,14,1,41.60828025477707,53.30015923566879,551.953125,42.24401641024423,45.18284169189267,6.6234375000000005,6.6234375000000005
hierarchy_change,14,2,80.95394736842105,43.125,1001.953125,79.95394736842105,51.79343899283439,12.0234375,12.0234375
hierarchy_change,14,3,95.625,81.35531767955801,1272.65625,96.625,88.18701644715156,15.271875,15.271875
hierarchy_change,15,0,28.226744186046513,28.677325581395348,453.515625,27.226744186046513,21.664059355433803,5.4421875,5.4421875
hierarchy_change,15,1,41.625,51.14732142857143,492.1875,42.01176186573304,44.134055202609886,5.90625,5.90625
hierarchy_change,15,2,80.9684065934066,43.97664835164835,959.765625,79.9684065934066,50.989914577609895,11.5171875,11.5171875
hierarchy_change,15,3,95.68910256410257,81.26068376068376,1233.984375,96.68910256410257,87.9923981327187,14.8078125,14.8078125
hierarchy_change,16,0,28.58108108108108,28.716216216216218,390.234375,27.58108108108108,22.986508757274613,4.6828125,4.6828125
hierarchy_change,16,1,42.03125,49.578125,421.875,42.20735266606126,43.848417541058396,5.0625,5.0625
hierarchy_change,16,2,81.37089416058394,44.77417883211679,963.28125,80.37089416058394,50.50388629105839,11.559375000000001,11.559375000000001
hierarchy_change,16,3,96.0493119266055,81.35321100917432,1149.609375,97.0493119266055,87.08291846811592,13.7953125,13.7953125
hierarchy_change,17,0,28.68351063829787,28.68351063829787,330.46875,27.68351063829787,24.273490472458516,3.965625,3.965625
hierarchy_change,17,1,42.1875,47.8125,337.5,42.12872777102796,43.402479834160644,4.05,4.05
hierarchy_change,17,2,81.45758122743682,45.4264440433213,973.828125,80.45758122743682,49.83646420916065,11.6859375,11.6859375
hierarchy_change,17,3,96.181640625,81.3046875,1125.0,97.181640625,85.71470766583936,13.5,13.5
hierarchy_change,18,0,28.98343373493976,28.667168674698797,291.796875,27.98343373493976,25.725226044101785,3.5015625,3.5015625
hierarchy_change,18,1,42.1875,45.9375,309.375,41.87473466174556,42.99555736940299,3.7125,3.7125
hierarchy_change,18,2,81.66744402985074,46.30830223880597,942.1875,80.66744402985074,49.250244869402984,11.30625,11.30625
hierarchy_change,18,3,96.32364649681529,81.32364649681529,1103.90625,97.32364649681529,84.2655891274123,13.246875000000001,13.246875000000001
hierarchy_change,19,0,29.121835443037973,28.789556962025316,277.734375,28.121835443037973,27.274576250455375,3.3328125,3.3328125
hierarchy_change,19,1,42.53048780487805,44.24542682926829,288.28125,41.93595084611255,42.73044611769835,3.459375,3.459375
hierarchy_change,19,2,81.91634241245136,47.290856031128406,903.515625,80.91634241245136,48.80583674269835,10.8421875,10.8421875
hierarchy_change,19,3,96.50847457627118,81.30508474576271,1037.109375,97.50847457627118,82.82006545733265,12.4453125,12.4453125
hierarchy_change,20,0,29.516129032258064,28.608870967741936,217.96875,28.516129032258064,27.608870967741936,2.615625,2.615625
hierarchy_change,20,1,42.890625,42.626953125,225.0,42.05052376967079,41.626953125,2.7,2.7
hierarchy_change,20,2,81.9825,47.97,878.90625,80.9825,48.97,10.546875,10.546875
hierarchy_change,20,3,96.83552631578948,81.21710526315789,1001.953125,97.83552631578948,82.21710526315789,12.0234375,12.0234375
crowding,0,0,48.41875,24.5625,1054.6875,47.41875,23.831677144706546,12.65625,12.65625
crowding,0,1,59.729651162790695,58.30813953488372,755.859375,59.1698938318477,58.365213145404006,9.0703125,9.0703125
crowding,0,2,70.11432926829268,94.88567073170732,864.84375,71.11432926829268,95.55942635108104,10.378125,10.378125
crowding,1,0,48.75,24.489406779661017,1037.109375,47.75,23.766594789402397,12.4453125,12.4453125
crowding,1,1,60.026408450704224,58.265845070422536,748.828125,59.43975969451709,58.325625490437616,8.9859375,8.9859375
crowding,1,2,70.3125,95.0051652892562,850.78125,71.3125,95.66820161853367,10.209375,10.209375
crowding,2,0,49.42550505050505,24.703282828282827,1044.140625,48.42550505050505,24.010097551304366,12.5296875,12.5296875
crowding,2,1,60.54724880382775,58.33133971291866,734.765625,59.907759359835595,58.40272871566348,8.817187500000001,8.817187500000001
crowding,2,2,70.34323770491804,95.00256147540983,857.8125,71.34323770491804,95.62436045147962,10.293750000000001,10.293750000000001
crowding,3,0,50.02076411960133,24.568106312292358,1058.203125,49.02076411960133,23.90895577833587,12.6984375,12.6984375
crowding,3,1,60.666469194312796,58.40936018957346,741.796875,60.14818434963503,58.453399727754224,8.9015625,8.9015625
crowding,3,2,70.65306122448979,94.9438775510204,861.328125,71.65306122448979,95.55899112598384,10.3359375,10.3359375
crowding,4,0,50.54237288135593,24.45762711864407,1037.109375,49.54237288135593,23.822497211076325,12.4453125,12.4453125
crowding,4,1,61.06370192307692,58.44951923076923,731.25,60.57190733819353,58.495719766790785,8.775,8.775
crowding,4,2,70.75255102040816,94.875,861.328125,71.75255102040816,95.4639309556598,10.3359375,10.3359375
crowding,5,0,50.935388513513516,24.59037162162162,1040.625,49.935388513513516,23.964607902830924,12.4875,12.4875
crowding,5,1,61.33413461538461,58.40444711538461,731.25,60.82035269311758,58.447386416517446,8.775,8.775
crowding,5,2,71.0234375,94.9140625,843.75,72.0234375,95.49688933827005,10.125,10.125
crowding,6,0,51.62207357859532,24.600752508361204,1051.171875,50.62207357859532,24.008465678746557,12.614062500000001,12.614062500000001
crowding,6,1,61.75892857142857,58.4375,738.28125,61.24673318265353,58.482091581219855,8.859375,8.859375
crowding,6,2,71.07740585774059,94.87186192468619,840.234375,72.07740585774059,95.41955934556661,10.082812500000001,10.082812500000001
crowding,7,0,52.23035117056856,24.563127090301002,1051.171875,51.23035117056856,23.99367014780949,12.614062500000001,12.614062500000001
crowding,7,1,62.28376777251185,58.36492890995261,741.796875,61.72099607024985,58.420275899417895,8.9015625,8.9015625
crowding,7,2,71.1867088607595,94.8496835443038,833.203125,72.1867088607595,95.36379557002023,9.9984375,9.9984375
crowding,8,0,52.58262711864407,24.45762711864407,1037.109375,51.58262711864407,23.903645778813736,12.4453125,12.4453125
crowding,8,1,62.515243902439025,58.46341463414634,720.703125,61.98423768618666,58.51674424112537,8.6484375,8.6484375
crowding,8,2,71.32150423728814,94.91790254237289,829.6875,72.32150423728814,95.41855530078992,9.95625,9.95625
crowding,9,0,53.17550505050505,24.703282828282827,1044.140625,52.17550505050505,24.17834711926288,12.5296875,12.5296875
crowding,9,1,62.74390243902439,58.55487804878049,720.703125,62.23161241986115,58.59890825647309,8.6484375,8.6484375
crowding,9,2,71.43119747899159,94.93960084033614,836.71875,72.43119747899159,95.42050688234559,10.040625,10.040625
crowding,10,0,53.81944444444444,24.728535353535353,1044.140625,52.81944444444444,24.230926400363153,12.5296875,12.5296875
crowding,10,1,63.17028985507246,58.34239130434783,727.734375,62.56143488437046,58.39052728903949,8.7328125,8.7328125
crowding,10,2,71.51785714285714,95.04201680672269,836.71875,72.51785714285714,95.49148997428705,10.040625,10.040625
crowding,11,0,54.375,24.489406779661017,1037.109375,53.375,24.026729550882017,12.4453125,12.4453125
crowding,11,1,63.292682926829265,58.426829268292686,720.703125,62.78029739843619,58.459955361274794,8.6484375,8.6484375
crowding,11,2,71.5873430962343,95.04445606694561,840.234375,72.5873430962343,95.4740072656892,10.082812500000001,10.082812500000001
crowding,12,0,54.807203389830505,24.72457627118644,1037.109375,53.807203389830505,24.258571853215408,12.4453125,12.4453125
crowding,12,1,63.886529126213595,58.51638349514563,724.21875,63.3458947791784,58.56046973315102,8.690625,8.690625
crowding,12,2,71.95903361344538,94.91596638655462,836.71875,72.95903361344538,95.33788461926595,10.040625,10.040625
crowding,13,0,55.53271812080537,24.658137583892618,1047.65625,54.53271812080537,24.221070105646003,12.571875,12.571875
crowding,13,1,64.3170731707317,58.34451219512195,720.703125,63.740374748171966,58.38949936165488,8.6484375,8.6484375
crowding,13,2,72.05243644067797,94.82256355932203,829.6875,73.05243644067797,95.21464389085712,9.95625,9.95625
crowding,14,0,56.123310810810814,24.50168918918919,1040.625,55.123310810810814,24.09007663423128,12.4875,12.4875
crowding,14,1,64.43933823529412,58.5202205882353,717.1875,63.993471257287055,58.54075322341355,8.606250000000001,8.606250000000001
crowding,14,2,72.4599358974359,95.04807692307692,822.65625,73.4599358974359,95.43915692421425,9.871875000000001,9.871875000000001
crowding,15,0,56.376689189189186,24.50168918918919,1040.625,55.376689189189186,24.085757937288705,12.4875,12.4875
crowding,15,1,64.93566176470588,58.5202205882353,717.1875,64.42758252834444,58.55539989900151,8.606250000000001,8.606250000000001
crowding,15,2,72.65826180257511,95.08583690987125,819.140625,73.65826180257511,95.46658890549453,9.8296875,9.8296875
crowding,16,0,57.02759197324415,24.66973244147157,1051.171875,56.02759197324415,24.282943643437243,12.614062500000001,12.614062500000001
crowding,16,1,65.09708737864078,58.40716019417476,724.21875,64.58333833743235,58.43014659069529,8.690625,8.690625
crowding,16,2,72.78191489361703,95.06648936170212,826.171875,73.78191489361703,95.43029180445693,9.9140625,9.9140625
crowding,17,0,57.73620401337793,24.581939799331103,1051.171875,56.65757175402939,24.224328112179737,12.614062500000001,12.614062500000001
crowding,17,1,65.48847087378641,58.51638349514563,724.21875,65.03384347367393,58.53508458929103,8.690625,8.690625
crowding,17,2,72.90159574468085,95.00265957446808,826.171875,73.98022800402939,95.34157017990266,9.9140625,9.9140625
crowding,18,0,58.18201013513514,24.51435810810811,1040.625,56.98330740796455,24.16361725056563,12.4875,12.4875
crowding,18,1,66.08231707317073,58.426829268292686,720.703125,65.53857200521539,58.46233948773123,8.6484375,8.6484375
crowding,18,2,73.01233905579399,94.98122317596567,819.140625,74.21104178296457,95.29645381874607,9.8296875,9.8296875
crowding,19,0,58.6875,24.6125,1054.6875,57.281835937500006,24.281735005121043,12.65625,12.65625
crowding,19,1,66.26524390243902,58.46341463414634,720.703125,65.75542011084362,58.49212792349578,8.6484375,8.6484375
crowding,19,2,73.125,94.89448051948052,812.109375,74.5306640625,95.19653222570906,9.7453125,9.7453125
crowding,20,0,59.30392976588629,24.600752508361204,1051.171875,57.61967490729379,24.294113758482055,12.614062500000001,12.614062500000001
crowding,20,1,66.6310975609756,58.55487804878049,720.703125,66.1234132572658,58.58337513994933,8.6484375,8.6484375
crowding,20,2,73.1737012987013,95.02435064935065,812.109375,74.8579561572938,95.30249231878511,9.7453125,9.7453125
advection_diffusion,0,0,25.31437875751503,28.72995991983968,1754.296875,19.42292906162685,34.844630034770134,21.0515625,21.0515625
advection_diffusion,0,1,38.74567474048443,78.38992214532873,2032.03125,40.15787190413188,75.12406381916652,24.384375000000002,24.384375000000002
advection_diffusion,0,2,78.19236526946108,31.9124251497006,1761.328125,92.21942303037274,23.797755034770137,21.1359375,21.1359375
advection_diffusion,0,3,92.71444954128441,81.40252293577981,1916.015625,80.68739178037274,89.51719305071028,22.9921875,22.9921875
advection_diffusion,1,0,25.825400801603205,28.74874749498998,1754.296875,19.92412226279803,34.90742970315631,21.0515625,21.0515625
advection_diffusion,1,1,39.14226398601399,78.34353146853147,2010.9375,40.56584365321519,75.10281192390913,24.13125,24.13125
advection_diffusion,1,2,78.52079158316633,32.04033066132264,1754.296875,92.52869292413811,23.881648453156313,21.0515625,21.0515625
advection_diffusion,1,3,93.01510989010988,81.48008241758242,1919.53125,81.00720854913811,89.63876462574875,23.034375,23.034375
advection_diffusion,2,0,26.118222891566266,28.904367469879517,1750.78125,20.23542296781405,35.04011326681227,21.009375000000002,21.009375000000002
advection_diffusion,2,1,39.50797872340426,78.44747340425532,1982.8125,40.92525415623952,75.21975342737407,23.79375,23.79375
advection_diffusion,2,2,79.00398406374502,32.12898406374502,1764.84375,92.91777650721654,23.99323826681227,21.178125,21.178125
advection_diffusion,2,3,93.28899082568807,81.51949541284404,1916.015625,81.37519838221654,89.65524120977679,22.9921875,22.9921875
advection_diffusion,3,0,26.517319277108435,29.156626506024097,1750.78125,20.652109112796992,35.21720834229776,21.009375000000002,21.009375000000002
advection_diffusion,3,1,39.9239417989418,78.68055555555556,1993.359375,41.318598146028485,75.38940875121754,23.9203125,23.9203125
advection_diffusion,3,2,79.13318452380952,32.20982142857143,1771.875,93.26483952245671,24.14923959229776,21.2625,21.2625
advection_diffusion,3,3,93.8961038961039,81.60598330241187,1894.921875,81.76444889745672,89.66656513868554,22.7390625,22.7390625
advection_diffusion,4,0,26.911989795918366,29.29591836734694,1722.65625,21.06301317565082,35.31796102914592,20.671875,20.671875
advection_diffusion,4,1,40.300760286225405,78.7063953488372,1965.234375,41.693507467613934,75.41533083341805,23.5828125,23.5828125
advection_diffusion,4,2,79.64320866141732,32.31422244094488,1785.9375,93.79719244641498,24.292179779145915,21.431250000000002,21.431250000000002
advection_diffusion,4,3,94.41914498141264,81.74721189591078,1891.40625,82.26516119641498,89.76925455770974,22.696875000000002,22.696875000000002
advection_diffusion,5,0,27.3605476673428,29.349645030425965,1733.203125,21.507158327557427,35.48246268065416,20.798437500000002,20.798437500000002
advection_diffusion,5,1,40.71524064171123,78.82352941176471,1972.265625,42.127459730227784,75.54473268713,23.6671875,23.6671875
advection_diffusion,5,2,80.08823529411765,32.536764705882355,1792.96875,94.17418530244237,24.403947055654154,21.515625,21.515625
advection_diffusion,5,3,94.6753696857671,81.6855360443623,1901.953125,82.58941967744236,89.8183536945905,22.8234375,22.8234375
advection_diffusion,6,0,27.79031440162272,29.574036511156187,1733.203125,21.952279765163823,35.5511661805284,20.798437500000002,20.798437500000002
advection_diffusion,6,1,41.19914104882459,78.88901446654612,1944.140625,42.5875115194572,75.6420947955675,23.329687500000002,23.329687500000002
advection_diffusion,6,2,80.61008946322067,32.5236083499006,1768.359375,94.50640038774503,24.546478680528395,21.220312500000002,21.220312500000002
advection_diffusion,6,3,94.88122693726937,81.9049815498155,1905.46875,82.98491601274503,89.8821112191877,22.865625,22.865625
advection_diffusion,7,0,28.136386639676115,29.73431174089069,1736.71875,22.30455467602209,35.739087173253495,20.840625,20.840625
advection_diffusion,7,1,41.535618279569896,79.03561827956989,1961.71875,42.922502629289426,75.76684985533097,23.540625000000002,23.540625000000002
advection_diffusion,7,2,80.7927435387674,32.7286282306163,1768.359375,94.82917416078851,24.723852798253496,21.220312500000002,21.220312500000002
advection_diffusion,7,3,95.35466728280961,82.01478743068392,1901.953125,83.31823666078851,90.01956286304673,22.8234375,22.8234375
advection_diffusion,8,0,28.443181818181817,29.863636363636363,1740.234375,22.617996894902042,35.890055103347365,20.8828125,20.8828125
advection_diffusion,8,1,41.99659090909091,79.29886363636363,1933.59375,43.38271967243646,76.0205716665948,23.203125,23.203125
advection_diffusion,8,2,81.28898390342053,32.95397384305835,1747.265625,95.25714386143248,24.927555103347363,20.9671875,20.9671875
advection_diffusion,8,3,95.78819444444444,82.09027777777777,1898.4375,83.82003448643248,90.11669651748876,22.78125,22.78125
advection_diffusion,9,0,28.742424242424242,29.859848484848484,1740.234375,22.90016335579257,35.94351470459859,20.8828125,20.8828125
advection_diffusion,9,1,42.2625,79.39431818181818,1933.59375,43.65984566594433,76.1055688351621,23.203125,23.203125
advection_diffusion,9,2,81.59443887775551,33.043587174348694,1754.296875,95.63674158408452,24.959920954598587,21.0515625,21.0515625
advection_diffusion,9,3,96.30521616541354,82.2532894736842,1870.3125,84.26291345908452,90.3369556934343,22.44375,22.44375
advection_diffusion,10,0,29.52,29.9625,1757.8125,23.623146126437028,36.15448589977364,21.09375,21.09375
advection_diffusion,10,1,42.53970054446461,79.51905626134301,1937.109375,43.99950627769604,76.24870785898929,23.2453125,23.2453125
advection_diffusion,10,2,82.16800804828974,33.33123742454728,1747.265625,96.11518697657023,25.13925152477364,20.9671875,20.9671875
advection_diffusion,10,3,96.66744402985074,82.44053171641791,1884.375,84.72026510157022,90.63251761619155,22.6125,22.6125
advection_diffusion,11,0,29.80421686746988,30.131777108433734,1750.78125,23.925451100835502,36.23627917921687,21.009375000000002,21.009375000000002
advection_diffusion,11,1,43.108228980322004,79.645572450805,1965.234375,44.52837417667182,76.39063135474474,23.5828125,23.5828125
advection_diffusion,11,2,82.51125,33.315,1757.8125,96.45817275916049,25.210497929216867,21.09375,21.09375
advection_diffusion,11,3,96.94689239332097,82.63218923933209,1894.921875,84.9999696341605,90.73669131011522,22.7390625,22.7390625
advection_diffusion,12,0,30.127755511022045,30.214178356713425,1754.296875,24.254142174628043,36.37837824085672,21.0515625,21.0515625
advection_diffusion,12,1,43.595454545454544,79.67727272727272,1933.59375,44.99948622159507,76.47965878878841,23.203125,23.203125
advection_diffusion,12,2,82.8675,33.50625,1757.8125,96.759148262919,25.342050115856715,21.09375,21.09375
advection_diffusion,12,3,97.21368715083798,82.91201117318435,1887.890625,85.32203888791899,91.07621105732764,22.6546875,22.6546875
advection_diffusion,13,0,30.432981927710845,30.278614457831324,1750.78125,24.564283392432465,36.4681690018117,21.009375000000002,21.009375000000002
advection_diffusion,13,1,43.888001824817515,79.74224452554745,1926.5625,45.29424016029839,76.5403341390491,23.118750000000002,23.118750000000002
advection_diffusion,13,2,83.1980198019802,33.57920792079208,1775.390625,97.09812339719504,25.3896533768117,21.3046875,21.3046875
advection_diffusion,13,3,97.61385199240986,82.93050284629982,1852.734375,85.71374839719503,91.1200573902802,22.2328125,22.2328125
advection_diffusion,14,0,30.946969696969695,30.446969696969695,1740.234375,25.079726516683476,36.59036294254425,20.8828125,20.8828125
advection_diffusion,14,1,44.18807339449541,79.81651376146789,1916.015625,45.6110072558444,76.60548298181091,22.9921875,22.9921875
advection_diffusion,14,2,83.6621287128713,33.68688118811881,1775.390625,97.47981107010678,25.543487942544253,21.3046875,21.3046875
advection_diffusion,14,3,97.95530592734225,82.93738049713193,1838.671875,86.13762357010677,91.08077374270648,22.064062500000002,22.064062500000002
advection_diffusion,15,0,31.400556680161944,30.489625506072876,1736.71875,25.49884246072448,36.63115757473126,20.840625,20.840625
advection_diffusion,15,1,44.58526951672862,80.00116171003718,1891.40625,46.013780661831774,76.80701943929232,22.696875000000002,22.696875000000002
advection_diffusion,15,2,84.05815109343936,33.75745526838966,1768.359375,97.82038875560437,25.615923199731263,21.220312500000002,21.220312500000002
advection_diffusion,15,3,98.19825141776937,83.18761814744802,1859.765625,86.43601375560436,91.32915021610643,22.3171875,22.3171875
advection_diffusion,16,0,31.710459183673468,30.589285714285715,1722.65625,25.83600040687625,36.73770461309523,20.671875,20.671875
advection_diffusion,16,1,45.11214953271028,80.0607476635514,1880.859375,46.524137900973095,76.88241333065275,22.5703125,22.5703125
advection_diffusion,16,2,84.47172619047619,33.90252976190476,1771.875,98.15791104371137,25.754110863095235,21.2625,21.2625
advection_diffusion,16,3,98.50190839694656,83.14408396946565,1842.1875,86.81572354371137,91.29250286827518,22.10625,22.10625
advection_diffusion,17,0,32.16082317073171,30.819359756097562,1729.6875,26.29924971615982,36.901325443760236,20.75625,20.75625
advection_diffusion,17,1,45.474906191369605,80.093808630394,1873.828125,46.874547502542605,76.93697434529084,22.485937500000002,22.485937500000002
advection_diffusion,17,2,84.79743083003953,33.95750988142292,1778.90625,98.40601709771207,25.875544193760234,21.346875,21.346875
advection_diffusion,17,3,98.69350961538461,83.30048076923077,1828.125,87.08492334771206,91.38244645689346,21.9375,21.9375
advection_diffusion,18,0,32.537448347107436,31.12345041322314,1701.5625,26.6962151785179,37.10196884544556,20.41875,20.41875
advection_diffusion,18,1,45.86292613636363,80.37642045454545,1856.25,47.254052328417615,77.1910523183569,22.275000000000002,22.275000000000002
advection_diffusion,18,2,85.24209486166008,34.139081027667984,1778.90625,98.78400698965356,26.160562595445562,21.346875,21.346875
advection_diffusion,18,3,99.11029411764706,83.38970588235294,1792.96875,87.56838198965356,91.36822431457537,21.515625,21.515625
advection_diffusion,19,0,32.8489263803681,31.17331288343558,1719.140625,27.008463016278824,37.14306129107038,20.6296875,20.6296875
advection_diffusion,19,1,46.21573724007561,80.40879017013232,1859.765625,47.60636109633282,77.24487972361398,22.3171875,22.3171875
advection_diffusion,19,2,85.75323705179282,34.16085657370518,1764.84375,99.19406986909817,26.191108166070382,21.178125,21.178125
advection_diffusion,19,3,99.4298245614035,83.5233918128655,1803.515625,87.98899174409817,91.4931402205003,21.642187500000002,21.642187500000002
advection_diffusion,20,0,33.29183778234086,31.266683778234086,1712.109375,27.465984966833158,37.24357298941644,20.5453125,20.5453125
advection_diffusion,20,1,46.77820267686425,80.4206500956023,1838.671875,48.152506287452866,77.28616047468246,22.064062500000002,22.064062500000002
advection_diffusion,20,2,86.08907185628742,34.3001497005988,1761.328125,99.49671456072689,26.323260489416437,21.1359375,21.1359375
advection_diffusion,20,3,99.73091976516633,83.60812133072407,1796.484375,88.32327706072688,91.58501054190644,21.5578125,21.5578125
hierarchy_change_seed1,0,0,25.3125,29.524356617647058,1912.5,24.3125,20.931920659475892,22.95,22.95
hierarchy_change_seed1,0,1,37.819715808170514,79.43938721136767,1979.296875,38.819715808170514,49.38676250529185,23.751562500000002,23.751562500000002
hierarchy_change_seed1,0,2,77.70833333333333,31.75287356321839,1835.15625,76.70833333333333,61.33012188029185,22.021875,22.021875
hierarchy_change_seed1,0,3,93.51682282793867,81.01788756388416,2063.671875,94.51682282793867,90.08569926156265,24.7640625,24.7640625
hierarchy_change_seed1,1,0,25.739667338709676,29.814768145161292,1743.75,24.739667338709676,21.301146742064965,20.925,20.925
hierarchy_change_seed1,1,1,37.986918604651166,77.56177325581395,1814.0625,38.986918604651166,49.01754897370613,21.76875,21.76875
hierarchy_change_seed1,1,2,77.8125,32.291666666666664,1835.15625,76.8125,60.46520522370613,22.021875,22.021875
hierarchy_change_seed1,1,3,93.75,81.14493067590988,2028.515625,94.75,90.02923936726408,24.3421875,24.3421875
hierarchy_change_seed1,2,0,25.59415236051502,29.742489270386265,1638.28125,24.59415236051502,21.243028167258274,19.659375,19.659375
hierarchy_change_seed1,2,1,38.28059623430963,75.78059623430963,1680.46875,39.28059623430963,49.10067940038026,20.165625000000002,20.165625000000002
hierarchy_change_seed1,2,2,78.24416835699797,33.4001014198783,1733.203125,77.24416835699797,59.84169502538026,20.798437500000002,20.798437500000002
hierarchy_change_seed1,2,3,93.98352888086643,81.14959386281589,1947.65625,94.98352888086643,89.88737836803286,23.371875,23.371875
hierarchy_change_seed1,3,0,25.97832541567696,29.72832541567696,1480.078125,24.97832541567696,21.366923131421935,17.7609375,17.7609375
hierarchy_change_seed1,3,1,38.4375,73.963133640553,1525.78125,39.4375,48.9374358694672,18.309375,18.309375
hierarchy_change_seed1,3,2,78.04787234042553,34.160904255319146,1652.34375,77.04787234042553,58.9718108694672,19.828125,19.828125
hierarchy_change_seed1,3,3,94.11576704545455,81.09375,1856.25,95.11576704545455,89.66994348962922,22.275000000000002,22.275000000000002
hierarchy_change_seed1,4,0,26.082506203473944,29.678970223325063,1416.796875,25.082506203473944,21.346587304153342,17.0015625,17.0015625
hierarchy_change_seed1,4,1,38.826219512195124,72.1875,1441.40625,39.826219512195124,48.651604241777676,17.296875,17.296875
hierarchy_change_seed1,4,2,78.40353260869566,34.87907608695652,1617.1875,77.40353260869566,58.327385491777676,19.40625,19.40625
hierarchy_change_seed1,4,3,94.32160194174757,81.02184466019418,1810.546875,95.32160194174757,89.44181483590498,21.7265625,21.7265625
hierarchy_change_seed1,5,0,26.458333333333332,29.71875,1265.625,25.458333333333332,21.51946847623,15.1875,15.1875
hierarchy_change_seed1,5,1,38.82294429708223,70.44429708222812,1325.390625,39.82294429708223,48.54314823816399,15.9046875,15.9046875
hierarchy_change_seed1,5,2,78.46057046979865,35.91442953020134,1571.484375,77.46057046979865,57.733773238163984,18.8578125,18.8578125
hierarchy_change_seed1,5,3,94.44020669291339,80.97563976377953,1785.9375,95.44020669291339,89.25672652399965,21.431250000000002,21.431250000000002
hierarchy_change_seed1,6,0,26.519461077844312,29.769835329341316,1174.21875,25.519461077844312,21.57723083123954,14.090625000000001,14.090625000000001
hierarchy_change_seed1,6,1,38.98783185840708,68.61725663716814,1191.796875,39.98783185840708,48.231983159853584,14.301562500000001,14.301562500000001
hierarchy_change_seed1,6,2,78.82670454545455,36.50284090909091,1546.875,77.82670454545455,56.94799878485359,18.5625,18.5625
hierarchy_change_seed1,6,3,94.6875,81.19834710743801,1701.5625,95.6875,89.33106721824151,20.41875,20.41875
hierarchy_change_seed1,7,0,26.71875,29.80263157894737,1068.75,25.71875,21.66607514927978,12.825000000000001,12.825000000000001
hierarchy_change_seed1,7,1,39.17067307692308,66.7548076923077,1096.875,40.17067307692308,48.00213085915276,13.1625,13.1625
hierarchy_change_seed1,7,2,79.00568181818181,37.307117224880386,1469.53125,78.00568181818181,56.20134960915276,17.634375000000002,17.634375000000002
hierarchy_change_seed1,7,3,94.8555615550756,81.167656587473,1627.734375,95.8555615550756,89.16265746726202,19.532812500000002,19.532812500000002
hierarchy_change_seed1,8,0,26.772321428571427,29.852678571428573,984.375,25.772321428571427,21.745786851823667,11.8125,11.8125
hierarchy_change_seed1,8,1,39.41447368421053,65.17763157894737,1001.953125,40.41447368421053,47.93666099745411,12.0234375,12.0234375
hierarchy_change_seed1,8,2,79.2046875,38.2078125,1406.25,78.2046875,55.66127037245411,16.875,16.875
hierarchy_change_seed1,8,3,95.0755033557047,81.1744966442953,1571.484375,96.0755033557047,89.068901073077,18.8578125,18.8578125
hierarchy_change_seed1,9,0,27.1875,29.801829268292682,864.84375,26.1875,21.772939557513894,10.378125,10.378125
hierarchy_change_seed1,9,1,39.68503937007874,63.211122047244096,892.96875,40.68503937007874,47.49823944286105,10.715625000000001,10.715625000000001
hierarchy_change_seed1,9,2,79.46859137055837,38.83248730964467,1385.15625,78.46859137055837,54.83261444286105,16.621875,16.621875
hierarchy_change_seed1,9,3,95.26785714285714,81.10119047619048,1550.390625,96.26785714285714,88.84283565815123,18.6046875,18.6046875
hierarchy_change_seed1,10,0,27.391666666666666,29.825,791.015625,26.391666666666666,21.86685829075411,9.4921875,9.4921875
hierarchy_change_seed1,10,1,39.73684210526316,61.51315789473684,801.5625,40.73684210526316,47.397712909120834,9.61875,9.61875
hierarchy_change_seed1,10,2,79.6875,39.92473821989529,1342.96875,78.6875,54.331306659120834,16.115625,16.115625
hierarchy_change_seed1,10,3,95.54558823529412,81.01764705882353,1494.140625,96.54558823529412,88.68466531446191,17.9296875,17.9296875
hierarchy_change_seed1,11,0,27.435661764705884,29.604779411764707,717.1875,26.435661764705884,21.684536694738863,8.606250000000001,8.606250000000001
hierarchy_change_seed1,11,1,40.07584951456311,59.49029126213592,724.21875,41.07584951456311,46.890437552611054,8.690625,8.690625
hierarchy_change_seed1,11,2,79.82648247978436,40.461590296495956,1304.296875,78.82648247978436,53.47598442761105,15.6515625,15.6515625
hierarchy_change_seed1,11,3,95.64797794117646,81.12132352941177,1434.375,96.64797794117646,88.62702461874831,17.212500000000002,17.212500000000002
hierarchy_change_seed1,12,0,27.868852459016395,29.743852459016395,643.359375,26.868852459016395,37.550555408287266,7.7203125,7.7203125
hierarchy_change_seed1,12,1,40.266891891891895,57.983108108108105,650.390625,41.266891891891895,56.784507024738474,7.8046875,7.8046875
hierarchy_change_seed1,12,2,80.08539244186046,41.29905523255814,1209.375,79.08539244186046,31.492352283287268,14.512500000000001,14.512500000000001
hierarchy_change_seed1,12,3,96.02154046997389,81.18798955613578,1346.484375,97.02154046997389,89.04717278706457,16.1578125,16.1578125
hierarchy_change_seed1,13,0,27.861842105263158,29.736842105263158,601.171875,26.861842105263158,23.048515797912735,7.2140625,7.2140625
hierarchy_change_seed1,13,1,40.401785714285715,56.11607142857143,590.625,41.29317560933179,46.1516473696291,7.0875,7.0875
hierarchy_change_seed1,13,2,80.23203592814372,42.1875,1174.21875,79.23203592814372,51.94617861962911,14.090625000000001,14.090625000000001
hierarchy_change_seed1,13,3,96.14721485411141,81.14721485411141,1325.390625,97.14721485411141,88.55913080377252,15.9046875,15.9046875
hierarchy_change_seed1,14,0,28.125,29.842657342657343,502.734375,27.125,22.13281760027312,6.0328125,6.0328125
hierarchy_change_seed1,14,1,40.72345890410959,54.23373287671233,513.28125,41.417291625465026,45.652392997145824,6.159375,6.159375
hierarchy_change_seed1,14,2,80.36878881987577,42.79891304347826,1132.03125,79.36878881987577,51.93121972820524,13.584375,13.584375
hierarchy_change_seed1,14,3,96.21926229508196,81.05532786885246,1286.71875,97.21926229508196,88.27173920709984,15.440625,15.440625
hierarchy_change_seed1,15,0,28.35576923076923,29.653846153846153,457.03125,27.35576923076923,21.881414655311545,5.484375,5.484375
hierarchy_change_seed1,15,1,40.78846153846154,52.41346153846154,457.03125,41.32310289787366,44.55647965315934,5.484375,5.484375
hierarchy_change_seed1,15,2,80.68452380952381,43.892857142857146,1107.421875,79.68452380952381,51.74983902815934,13.2890625,13.2890625
hierarchy_change_seed1,15,3,96.34698275862068,80.96982758620689,1223.4375,97.34698275862068,88.00476277179979,14.68125,14.68125
hierarchy_change_seed1,16,0,28.63317757009346,29.824766355140188,376.171875,27.63317757009346,23.373725977664936,4.5140625000000005,4.5140625000000005
hierarchy_change_seed1,16,1,41.067961165048544,50.625,362.109375,41.36306502693966,44.17395962252475,4.3453125,4.3453125
hierarchy_change_seed1,16,2,80.76732673267327,44.504950495049506,1065.234375,79.76732673267327,50.95599087252476,12.7828125,12.7828125
hierarchy_change_seed1,16,3,96.66729607250755,81.20279456193353,1163.671875,97.66729607250755,87.65383493940878,13.9640625,13.9640625
hierarchy_change_seed1,17,0,28.608247422680414,29.84536082474227,341.015625,27.608247422680414,24.681019174769578,4.0921875,4.0921875
hierarchy_change_seed1,17,1,41.25,48.94736842105263,333.984375,41.31502873351399,43.78302677107994,4.0078125,4.0078125
hierarchy_change_seed1,17,2,80.90397923875433,45.168685121107266,1016.015625,79.90397923875433,50.33302677107996,12.192187500000001,12.192187500000001
hierarchy_change_seed1,17,3,96.8203125,81.181640625,1125.0,97.8203125,86.3459822749727,13.5,13.5
hierarchy_change_seed1,18,0,28.985294117647058,29.691176470588236,298.828125,27.985294117647058,25.955794925834045,3.5859375,3.5859375
hierarchy_change_seed1,18,1,41.63403614457831,47.25903614457831,291.796875,41.47407236458144,43.52365459982412,3.5015625,3.5015625
hierarchy_change_seed1,18,2,81.16258741258741,46.18006993006993,1005.46875,80.16258741258741,49.915451474824124,12.065625,12.065625
hierarchy_change_seed1,18,3,96.97619047619048,81.22619047619048,1107.421875,97.97619047619048,84.96157202094467,13.2890625,13.2890625
hierarchy_change_seed1,19,0,29.0625,29.791666666666668,253.125,28.0625,27.65047348484848,3.0375,3.0375
hierarchy_change_seed1,19,1,41.53409090909091,45.11363636363637,232.03125,41.08284944694539,42.97244318181818,2.7843750000000003,2.7843750000000003
hierarchy_change_seed1,19,2,81.5625,46.875,949.21875,80.5625,49.01619318181819,11.390625,11.390625
hierarchy_change_seed1,19,3,97.36607142857143,80.97576530612245,1033.59375,98.36607142857143,83.11695848794065,12.403125000000001,12.403125000000001
hierarchy_change_seed1,20,0,29.625,29.798076923076923,228.515625,28.625,28.798076923076923,2.7421875,2.7421875
hierarchy_change_seed1,20,1,42.0,43.25,210.9375,41.25367355743392,42.25,2.53125,2.53125
hierarchy_change_seed1,20,2,81.73003802281369,47.64496197718631,924.609375,80.73003802281369,48.64496197718631,11.0953125,11.0953125
hierarchy_change_seed1,20,3,97.5,80.96005154639175,1023.046875,98.5,81.96005154639175,12.2765625,12.2765625
hierarchy_change_seed2,0,0,24.585889570552148,28.21319018404908,1719.140625,18.917214387496056,34.69700219775477,20.6296875,20.6296875
hierarchy_change_seed2,0,1,39.42794850498339,77.26121262458472,2116.40625,40.78946810591178,74.23482840671144,25.396875,25.396875
hierarchy_change_seed2,0,2,78.36206896551724,32.323782961460445,1733.203125,91.73097328232342,23.839970947754768,20.798437500000002,20.798437500000002
hierarchy_change_seed2,0,3,91.9475338491296,80.14990328820116,1817.578125,80.57862953232342,88.63371530190683,21.8109375,21.8109375
hierarchy_change_seed2,1,0,25.0027352297593,28.26449671772429,1606.640625,19.481626922356945,35.02186256633637,19.2796875,19.2796875
hierarchy_change_seed2,1,1,39.56873905429072,75.52211033274956,2007.421875,40.9806266594688,72.79725229528235,24.0890625,24.0890625
hierarchy_change_seed2,1,2,78.53350515463917,33.34407216494845,1705.078125,91.74652328737876,24.586706316336365,20.4609375,20.4609375
hierarchy_change_seed2,1,3,91.99704142011835,80.26627218934911,1782.421875,80.78402328737876,88.96030192290714,21.3890625,21.3890625
hierarchy_change_seed2,2,0,25.093373493975903,28.197289156626507,1458.984375,24.093373493975903,20.97909927453022,17.5078125,17.5078125
hierarchy_change_seed2,2,1,39.80408653846154,73.77764423076923,1828.125,40.80408653846154,48.38182022339739,21.9375,21.9375
hierarchy_change_seed2,2,2,78.75,34.347707423580786,1610.15625,78.02820798152858,59.19666397339739,19.321875000000002,19.321875000000002
hierarchy_change_seed2,2,3,92.30681818181819,80.3219696969697,1740.234375,93.30681818181819,88.52805141763311,20.8828125,20.8828125
hierarchy_change_seed2,3,0,25.3125,28.219221105527637,1399.21875,24.3125,20.0135726619282,16.790625,16.790625
hierarchy_change_seed2,3,1,39.99359631147541,71.86859631147541,1715.625,40.99359631147541,48.311241121264416,20.587500000000002,20.587500000000002
hierarchy_change_seed2,3,2,78.91469594594595,34.852195945945944,1560.9375,77.91469594594595,58.64092862126442,18.73125,18.73125
hierarchy_change_seed2,3,3,92.6234076433121,80.19904458598727,1655.859375,93.6234076433121,88.22231825348054,19.8703125,19.8703125
hierarchy_change_seed2,4,0,25.51968232044199,28.125,1272.65625,24.51968232044199,19.920747949512254,15.271875,15.271875
hierarchy_change_seed2,4,1,40.26825842696629,70.20084269662921,1564.453125,41.26825842696629,48.223668099094944,18.7734375,18.7734375
hierarchy_change_seed2,4,2,79.02097902097903,35.625,1508.203125,78.02097902097903,57.94163684909494,18.0984375,18.0984375
hierarchy_change_seed2,4,3,92.8125,80.20374449339207,1596.09375,93.8125,88.07397908372046,19.153125,19.153125
hierarchy_change_seed2,5,0,25.686936936936938,28.181306306306308,1170.703125,24.686936936936938,20.015289633606603,14.0484375,14.0484375
hierarchy_change_seed2,5,1,40.50654613466334,68.31359102244389,1409.765625,41.50654613466334,48.00527980666567,16.9171875,16.9171875
hierarchy_change_seed2,5,2,79.21424278846153,36.35967548076923,1462.5,78.21424278846153,57.12207668166567,17.55,17.55
hierarchy_change_seed2,5,3,92.94345898004434,80.18431263858093,1585.546875,93.94345898004434,87.89684430298479,19.0265625,19.0265625
hierarchy_change_seed2,6,0,25.792079207920793,28.217821782178216,1065.234375,24.792079207920793,20.075065718038328,12.7828125,12.7828125
hierarchy_change_seed2,6,1,40.66776315789474,66.5625,1335.9375,41.66776315789474,47.82452277244617,16.03125,16.03125
hierarchy_change_seed2,6,2,79.6875,37.30603448275862,1427.34375,78.6875,56.614366522446176,17.128125,17.128125
hierarchy_change_seed2,6,3,93.1480946882217,80.30889145496536,1522.265625,94.1480946882217,87.88135992661844,18.267187500000002,18.267187500000002
hierarchy_change_seed2,7,0,25.973684210526315,28.236842105263158,1001.953125,24.973684210526315,20.157382415284374,12.0234375,12.0234375
hierarchy_change_seed2,7,1,40.869565217391305,64.7445652173913,1212.890625,41.869565217391305,47.67614635859724,14.5546875,14.5546875
hierarchy_change_seed2,7,2,79.73376623376623,38.18181818181818,1353.515625,78.73376623376623,55.87536510859724,16.2421875,16.2421875
hierarchy_change_seed2,7,3,93.34140435835351,80.24818401937046,1451.953125,94.34140435835351,87.7025231102139,17.423437500000002,17.423437500000002
hierarchy_change_seed2,8,0,26.448529411764707,28.323529411764707,896.484375,25.448529411764707,36.14803702731093,10.7578125,10.7578125
hierarchy_change_seed2,8,1,41.076277955271564,62.95327476038339,1100.390625,42.076277955271564,60.85962823224756,13.2046875,13.2046875
hierarchy_change_seed2,8,2,80.01050420168067,39.017857142857146,1255.078125,79.01050420168067,29.193349527310925,15.0609375,15.0609375
hierarchy_change_seed2,8,3,93.52461636828644,80.15984654731457,1374.609375,94.52461636828644,87.80980233567948,16.4953125,16.4953125
hierarchy_change_seed2,9,0,26.64431330472103,28.23766094420601,819.140625,25.64431330472103,36.2380937351844,9.8296875,9.8296875
hierarchy_change_seed2,9,1,41.276785714285715,61.185267857142854,984.375,42.276785714285715,60.51818925162315,11.8125,11.8125
hierarchy_change_seed2,9,2,80.30341569767442,39.65297965116279,1209.375,79.30341569767442,29.652546860184398,14.512500000000001,14.512500000000001
hierarchy_change_seed2,9,3,93.75,80.26068652849742,1357.03125,94.75,87.94093358705886,16.284375,16.284375
hierarchy_change_seed2,10,0,26.59246575342466,28.279109589041095,769.921875,25.59246575342466,36.40495570557071,9.239062500000001,9.239062500000001
hierarchy_change_seed2,10,1,41.54829545454545,59.17613636363637,928.125,42.54829545454545,58.89662908678049,11.137500000000001,11.137500000000001
hierarchy_change_seed2,10,2,80.24294670846395,40.356583072100314,1121.484375,79.24294670846395,30.23073695557071,13.457812500000001,13.457812500000001
hierarchy_change_seed2,10,3,94.04265873015873,80.23313492063492,1328.90625,95.04265873015873,87.87310410968615,15.946875,15.946875
hierarchy_change_seed2,11,0,26.97265625,28.125,675.0,25.97265625,36.48763552295918,8.1,8.1
hierarchy_change_seed2,11,1,41.577127659574465,57.702127659574465,826.171875,42.577127659574465,57.704772626307125,9.9140625,9.9140625
hierarchy_change_seed2,11,2,80.56760204081633,41.224489795918366,1033.59375,79.56760204081633,30.861854272959178,12.403125000000001,12.403125000000001
hierarchy_change_seed2,11,3,94.10090782122904,80.34741620111731,1258.59375,95.10090782122904,87.87421814378592,15.103125,15.103125
hierarchy_change_seed2,12,0,27.098214285714285,28.258928571428573,590.625,26.098214285714285,21.585650210118583,7.0875,7.0875
hierarchy_change_seed2,12,1,41.89623786407767,55.60376213592233,724.21875,42.7398151252245,46.04778081246211,8.690625,8.690625
hierarchy_change_seed2,12,2,80.89377133105802,41.94112627986348,1030.078125,79.89377133105802,51.810671437462105,12.3609375,12.3609375
hierarchy_change_seed2,12,3,94.39365671641791,80.24440298507463,1177.734375,95.39365671641791,87.21850464932949,14.1328125,14.1328125
hierarchy_change_seed2,13,0,27.230960264900663,28.19950331125828,530.859375,26.230960264900663,20.461395296840802,6.3703125,6.3703125
hierarchy_change_seed2,13,1,41.972765363128495,53.96648044692738,629.296875,42.684167754278356,45.781667820139454,7.5515625,7.5515625
hierarchy_change_seed2,13,2,80.99734042553192,42.799202127659576,991.40625,79.99734042553192,51.938525768183176,11.896875,11.896875
hierarchy_change_seed2,13,3,94.63269230769231,79.97884615384615,1142.578125,95.63269230769231,86.83070858988528,13.7109375,13.7109375
hierarchy_change_seed2,14,0,27.816964285714285,28.178571428571427,492.1875,26.816964285714285,20.39458930261372,5.90625,5.90625
hierarchy_change_seed2,14,1,42.29039634146341,52.22560975609756,576.5625,42.826106117729594,44.47388647877312,6.91875,6.91875
hierarchy_change_seed2,14,2,81.22444237918215,43.72444237918216,945.703125,80.22444237918215,51.508424505139864,11.348437500000001,11.348437500000001
hierarchy_change_seed2,14,3,94.74609375,80.185546875,1125.0,95.74609375,86.75464429208655,13.5,13.5
hierarchy_change_seed2,15,0,27.63081395348837,28.125,453.515625,26.63081395348837,21.75600734368831,5.4421875,5.4421875
hierarchy_change_seed2,15,1,42.520973154362416,50.26006711409396,523.828125,42.80330594377397,43.89107445778227,6.2859375,6.2859375
hierarchy_change_seed2,15,2,81.38327205882354,44.46231617647059,956.25,80.38327205882354,50.83130883278228,11.475,11.475
hierarchy_change_seed2,15,3,94.921875,80.3125,1096.875,95.921875,86.68149265631169,13.1625,13.1625
hierarchy_change_seed2,16,0,27.839285714285715,28.125,369.140625,26.839285714285715,23.15626240079365,4.4296875,4.4296875
hierarchy_change_seed2,16,1,42.55952380952381,48.49702380952381,442.96875,42.62121724202838,43.52828621031746,5.315625,5.315625
hierarchy_change_seed2,16,2,81.5625,45.236111111111114,949.21875,80.5625,50.204848710317464,11.390625,11.390625
hierarchy_change_seed2,16,3,95.36458333333333,80.39713541666667,1012.5,96.36458333333333,85.36587301587302,12.15,12.15
hierarchy_change_seed2,17,0,28.125,28.125,341.015625,27.125,24.6223341522371,4.0921875,4.0921875
hierarchy_change_seed2,17,1,42.83152173913044,46.58152173913044,404.296875,42.64093031029108,43.07885589136754,4.8515625,4.8515625
hierarchy_change_seed2,17,2,81.67151162790698,46.01017441860465,907.03125,80.67151162790698,49.51284026636755,10.884375,10.884375
hierarchy_change_seed2,17,3,95.36196043165468,80.11915467625899,977.34375,96.36196043165468,83.62182052402189,11.728125,11.728125
hierarchy_change_seed2,18,0,28.125,28.125,312.890625,27.125,25.91287238570039,3.7546875,3.7546875
hierarchy_change_seed2,18,1,43.125,45.0,341.015625,42.67775286068635,42.78787238570039,4.0921875,4.0921875
hierarchy_change_seed2,18,2,81.79961089494164,46.809338521400775,903.515625,80.79961089494164,49.021466135700386,10.8421875,10.8421875
hierarchy_change_seed2,18,3,95.52813653136532,80.25138376383764,952.734375,96.52813653136532,82.46351137813724,11.4328125,11.4328125
hierarchy_change_seed2,19,0,28.258928571428573,28.125,246.09375,27.258928571428573,27.125,2.953125,2.953125
hierarchy_change_seed2,19,1,43.350903614457835,43.125,291.796875,42.61707277614709,42.125,3.5015625,3.5015625
hierarchy_change_seed2,19,2,82.1604938271605,47.74691358024691,854.296875,81.1604938271605,48.74691358024691,10.2515625,10.2515625
hierarchy_change_seed2,19,3,95.94242125984252,80.1599409448819,892.96875,96.94242125984252,81.1599409448819,10.715625000000001,10.715625000000001
hierarchy_change_seed2,20,0,28.483455882352942,28.125,239.0625,27.483455882352942,27.125,2.86875,2.86875
hierarchy_change_seed2,20,1,43.83116883116883,41.371753246753244,270.703125,42.83116883116883,40.371753246753244,3.2484375,3.2484375
hierarchy_change_seed2,20,2,82.33173076923077,48.3974358974359,822.65625,81.33173076923077,49.3974358974359,9.871875000000001,9.871875000000001
hierarchy_change_seed2,20,3,95.88627049180327,80.30225409836065,857.8125,96.88627049180327,81.30225409836065,10.293750000000001,10.293750000000001
hierarchy_change_seed3,0,0,24.261363636363637,28.011363636363637,1972.265625,18.44748421715301,34.71410690728569,23.6671875,23.6671875
hierarchy_change_seed3,0,1,39.40113240418118,78.42661149825784,2017.96875,40.68336236273455,75.1134637247681,24.215625,24.215625
hierarchy_change_seed3,0,2,77.02774949083503,31.82153767820774,1726.171875,91.67126832426028,23.118794407285687,20.7140625,20.7140625
hierarchy_change_seed3,0,3,92.66674028268551,80.47924028268551,1989.84375,80.02322144926028,89.18198355360757,23.878125,23.878125
hierarchy_change_seed3,1,0,24.701704545454547,27.954545454545453,1856.25,23.701704545454547,20.63512617661404,22.275000000000002,22.275000000000002
hierarchy_change_seed3,1,1,39.72222222222222,76.57291666666667,1898.4375,40.72222222222222,48.57661751587846,22.78125,22.78125
hierarchy_change_seed3,1,2,77.39649681528662,32.607484076433124,1655.859375,77.09168816821426,59.739508140878456,19.8703125,19.8703125
hierarchy_change_seed3,1,3,92.82415630550622,80.58170515097692,1979.296875,93.82415630550622,89.14202148066704,23.751562500000002,23.751562500000002
hierarchy_change_seed3,2,0,24.609375,28.079637096774192,1743.75,23.609375,19.74837321609943,20.925,20.925
hierarchy_change_seed3,2,1,39.77012922465209,74.92171968190856,1768.359375,40.77012922465209,48.72929398016459,21.220312500000002,21.220312500000002
hierarchy_change_seed3,2,2,77.5755939524838,33.26808855291576,1627.734375,76.5755939524838,59.417575230164594,19.532812500000002,19.532812500000002
hierarchy_change_seed3,2,3,92.89189189189189,80.43243243243244,1951.171875,93.89189189189189,88.8484835771974,23.4140625,23.4140625
hierarchy_change_seed3,3,0,25.128239740820735,28.076403887688986,1627.734375,24.128239740820735,19.78789533373414,19.532812500000002,19.532812500000002
hierarchy_change_seed3,3,1,40.13469827586207,73.125,1631.25,41.13469827586207,48.574935988921574,19.575,19.575
hierarchy_change_seed3,3,2,77.78371710526316,34.1735197368421,1603.125,76.78371710526316,58.778060988921574,19.2375,19.2375
hierarchy_change_seed3,3,3,93.2123161764706,80.47679227941177,1912.5,94.2123161764706,88.7154754450154,22.95,22.95
hierarchy_change_seed3,4,0,24.909441805225654,28.040380047505938,1480.078125,23.909441805225654,19.733809211695984,17.7609375,17.7609375
hierarchy_change_seed3,4,1,40.058411214953274,71.31133177570094,1504.6875,41.058411214953274,48.360421797436906,18.056250000000002,18.056250000000002
hierarchy_change_seed3,4,2,77.95558086560365,34.898917995444194,1543.359375,76.95558086560365,58.00456242243691,18.5203125,18.5203125
hierarchy_change_seed3,4,3,93.48473837209302,80.5123546511628,1814.0625,94.48473837209302,88.66470858532696,21.76875,21.76875
hierarchy_change_seed3,5,0,25.3125,28.02289603960396,1420.3125,24.3125,19.815755747376606,17.04375,17.04375
hierarchy_change_seed3,5,1,40.34944581280788,69.47198275862068,1427.34375,41.34944581280788,48.139496434260046,17.128125,17.128125
hierarchy_change_seed3,5,2,78.10843373493977,35.751506024096386,1458.984375,77.10843373493977,57.29848080926005,17.5078125,17.5078125
hierarchy_change_seed3,5,3,93.70824898785425,80.51872469635627,1736.71875,94.70824898785425,88.51143405363773,20.840625,20.840625
hierarchy_change_seed3,6,0,25.51968232044199,28.125,1272.65625,24.51968232044199,19.95442366900946,15.271875,15.271875
hierarchy_change_seed3,6,1,40.59219613259668,67.56733425414365,1272.65625,41.59219613259668,47.91403736451462,15.271875,15.271875
hierarchy_change_seed3,6,2,78.42976485148515,36.49752475247525,1420.3125,77.42976485148515,56.49294361451462,17.04375,17.04375
hierarchy_change_seed3,6,3,93.84278350515464,80.53221649484536,1705.078125,94.84278350515464,88.36067724518746,20.4609375,20.4609375
hierarchy_change_seed3,7,0,25.686936936936938,28.068693693693692,1170.703125,24.686936936936938,19.965192574486704,14.0484375,14.0484375
hierarchy_change_seed3,7,1,40.87278106508876,65.7858727810651,1188.28125,41.87278106508876,47.57696063503156,14.259375,14.259375
hierarchy_change_seed3,7,2,78.45542394014963,37.24283042394015,1409.765625,77.45542394014963,55.87110126003156,16.9171875,16.9171875
hierarchy_change_seed3,7,3,93.96829521829522,80.504158004158,1691.015625,94.96829521829522,88.18830114350287,20.2921875,20.2921875
hierarchy_change_seed3,8,0,25.675895765472312,28.070032573289904,1079.296875,24.675895765472312,35.97518828435438,12.9515625,12.9515625
hierarchy_change_seed3,8,1,40.92338709677419,64.2399193548387,1089.84375,41.92338709677419,61.73540042073508,13.078125,13.078125
hierarchy_change_seed3,8,2,78.75,38.11354712041885,1342.96875,77.75,28.20839140935438,16.115625,16.115625
hierarchy_change_seed3,8,3,94.38455240174673,80.43668122270742,1610.15625,95.38455240174673,88.41011197404525,19.321875000000002,19.321875000000002
hierarchy_change_seed3,9,0,26.028645833333332,27.981770833333332,1012.5,25.028645833333332,36.09010416666667,12.15,12.15
hierarchy_change_seed3,9,1,41.25,62.203947368421055,1001.953125,42.25,61.218537402422854,12.0234375,12.0234375
hierarchy_change_seed3,9,2,78.88167134831461,38.90625,1251.5625,77.88167134831461,28.79791666666667,15.01875,15.01875
hierarchy_change_seed3,9,3,94.34187788018433,80.51699308755761,1525.78125,95.34187788018433,88.44162457291438,18.309375,18.309375
hierarchy_change_seed3,10,0,26.3109756097561,27.972560975609756,864.84375,25.3109756097561,36.1780705097347,10.378125,10.378125
hierarchy_change_seed3,10,1,41.39940239043825,60.455677290836654,882.421875,42.39940239043825,59.829764913767406,10.5890625,10.5890625
hierarchy_change_seed3,10,2,79.13377192982456,39.68201754385965,1202.34375,78.13377192982456,29.476508009734705,14.428125,14.428125
hierarchy_change_seed3,10,3,94.6875,80.53308823529412,1434.375,95.6875,88.40272397255346,17.212500000000002,17.212500000000002
hierarchy_change_seed3,11,0,26.65938864628821,28.002183406113538,805.078125,25.65938864628821,36.40218769230837,9.660937500000001,9.660937500000001
hierarchy_change_seed3,11,1,41.506057268722465,58.66189427312775,798.046875,42.506057268722465,58.33312220320085,9.5765625,9.5765625
hierarchy_change_seed3,11,2,79.26950636942675,40.57523885350319,1103.90625,78.26950636942675,30.175234567308365,13.246875000000001,13.246875000000001
hierarchy_change_seed3,11,3,94.74022004889976,80.5333129584352,1437.890625,95.74022004889976,88.28764162609443,17.2546875,17.2546875
hierarchy_change_seed3,12,0,26.820652173913043,28.05253623188406,727.734375,25.820652173913043,36.605091309463624,8.7328125,8.7328125
hierarchy_change_seed3,12,1,41.926829268292686,56.96341463414634,720.703125,42.86697528817596,56.93127767881205,8.6484375,8.6484375
hierarchy_change_seed3,12,2,79.53488372093024,41.29983388704319,1058.203125,78.53488372093024,30.747278809463626,12.6984375,12.6984375
hierarchy_change_seed3,12,3,94.96685606060606,80.44507575757575,1392.1875,95.96685606060606,88.11743410425433,16.70625,16.70625
hierarchy_change_seed3,13,0,26.97265625,28.125,675.0,25.97265625,21.485219952003884,8.1,8.1
hierarchy_change_seed3,13,1,42.17261904761905,55.12896825396825,664.453125,42.94979535557227,45.94105613999255,7.9734375,7.9734375
hierarchy_change_seed3,13,2,79.81473214285714,42.060267857142854,984.375,78.81473214285714,51.38754051499255,11.8125,11.8125
hierarchy_change_seed3,13,3,95.26082677165354,80.40846456692914,1339.453125,96.26082677165354,87.53557773089797,16.0734375,16.0734375
hierarchy_change_seed3,14,0,27.098214285714285,27.991071428571427,590.625,26.098214285714285,20.316395769814026,7.0875,7.0875
hierarchy_change_seed3,14,1,42.22727272727273,53.36363636363637,580.078125,42.8493467933437,45.47480013491982,6.9609375,6.9609375
hierarchy_change_seed3,14,2,79.7294776119403,43.00606343283582,942.1875,78.7294776119403,51.66893564251218,11.30625,11.30625
hierarchy_change_seed3,14,3,95.49332865168539,80.5249297752809,1251.5625,96.49332865168539,87.49520071492623,15.01875,15.01875
hierarchy_change_seed3,15,0,27.230960264900663,28.05049668874172,530.859375,26.230960264900663,20.79456258181239,6.3703125,6.3703125
hierarchy_change_seed3,15,1,42.269295302013425,51.53104026845637,523.828125,42.69720429197657,44.27510616152704,6.2859375,6.2859375
hierarchy_change_seed3,15,2,80.03591954022988,43.8433908045977,917.578125,79.03591954022988,51.099324911527034,11.0109375,11.0109375
hierarchy_change_seed3,15,3,95.625,80.51693083573487,1219.921875,96.625,87.34935972985355,14.6390625,14.6390625
hierarchy_change_seed3,16,0,27.60492700729927,28.029197080291972,481.640625,26.60492700729927,22.255993955291977,5.7796875000000005,5.7796875000000005
hierarchy_change_seed3,16,1,42.95454545454545,49.6875,464.0625,43.143302160081404,43.914296875000005,5.5687500000000005,5.5687500000000005
hierarchy_change_seed3,16,2,80.37,44.67,878.90625,79.37,50.443203125,10.546875,10.546875
hierarchy_change_seed3,16,3,95.86353550295858,80.54733727810651,1188.28125,96.86353550295858,86.3205404031065,14.259375,14.259375
hierarchy_change_seed3,17,0,27.82051282051282,28.028846153846153,411.328125,26.82051282051282,23.55820415978556,4.9359375000000005,4.9359375000000005
hierarchy_change_seed3,17,1,42.736486486486484,48.04054054054054,390.234375,42.742917335034626,43.56989854647995,4.6828125,4.6828125
hierarchy_change_seed3,17,2,80.625,45.38558467741935,871.875,79.625,49.856226671479945,10.4625,10.4625
hierarchy_change_seed3,17,3,96.14164086687306,80.3811919504644,1135.546875,97.14164086687306,84.851833944525,13.6265625,13.6265625
hierarchy_change_seed3,18,0,27.815533980582526,27.961165048543688,362.109375,26.815533980582526,24.847626168436687,4.3453125,4.3453125
hierarchy_change_seed3,18,1,42.9375,46.14375,351.5625,42.667532939183936,43.030211119892996,4.21875,4.21875
hierarchy_change_seed3,18,2,80.82198443579766,46.181906614785994,903.515625,79.82198443579766,49.295445494892995,10.8421875,10.8421875
hierarchy_change_seed3,18,3,96.34334415584415,80.625,1082.8125,97.34334415584415,83.738538880107,12.99375,12.99375
hierarchy_change_seed3,19,0,28.125,28.125,341.015625,27.125,26.325951086956522,4.0921875,4.0921875
hierarchy_change_seed3,19,1,43.20652173913044,44.42934782608695,323.4375,42.66984713791275,42.630298913043475,3.88125,3.88125
hierarchy_change_seed3,19,2,80.81711065573771,46.875,857.8125,79.81711065573771,48.67404891304348,10.293750000000001,10.293750000000001
hierarchy_change_seed3,19,3,96.32404181184668,80.48127177700349,1008.984375,97.32404181184668,82.28032069004696,12.1078125,12.1078125
hierarchy_change_seed3,20,0,28.7578125,27.9140625,281.25,27.7578125,26.9140625,3.375,3.375
hierarchy_change_seed3,20,1,43.35616438356164,42.457191780821915,256.640625,42.5455422048911,41.457191780821915,3.0796875,3.0796875
hierarchy_change_seed3,20,2,81.18447580645162,47.74445564516129,871.875,80.18447580645162,48.74445564516129,10.4625,10.4625
hierarchy_change_seed3,20,3,96.68901384083046,80.43685121107266,1016.015625,97.68901384083046,81.43685121107266,12.192187500000001,12.192187500000001
crowding_seed1,0,0,48.42094370860927,25.827814569536425,1061.71875,47.42094370860927,25.158421047114285,12.740625,12.740625
crowding_seed1,0,1,58.80681818181818,59.422348484848484,696.09375,58.55201904156247,59.42517968196641,8.353125,8.353125
crowding_seed1,0,2,69.38304721030043,94.75590128755364,819.140625,70.38304721030043,95.42246970016993,9.8296875,9.8296875
crowding_seed1,1,0,48.88795986622073,25.95526755852843,1051.171875,47.88795986622073,25.297541278163667,12.614062500000001,12.614062500000001
crowding_seed1,1,1,59.21153846153846,59.57692307692308,685.546875,58.95867769428532,59.5835528066524,8.2265625,8.2265625
crowding_seed1,1,2,69.60836909871244,94.83637339055794,819.140625,70.60836909871244,95.48747398752668,9.8296875,9.8296875
crowding_seed1,2,0,49.40190397350993,25.716059602649008,1061.71875,48.40190397350993,25.081478687507623,12.740625,12.740625
crowding_seed1,2,1,59.58653846153846,59.39423076923077,685.546875,59.31209645566025,59.40618156684557,8.2265625,8.2265625
crowding_seed1,2,2,69.70779220779221,94.75649350649351,812.109375,70.70779220779221,95.37912701590112,9.7453125,9.7453125
crowding_seed1,3,0,49.96504934210526,25.812088815789473,1068.75,48.96504934210526,25.18945861486627,12.825000000000001,12.825000000000001
crowding_seed1,3,1,59.931994818652846,59.24222797927461,678.515625,59.63522769452359,59.24425694975425,8.1421875,8.1421875
crowding_seed1,3,2,70.16489361702128,94.75531914893617,826.171875,71.16489361702128,95.37592266079645,9.9140625,9.9140625
crowding_seed1,4,0,50.504645270270274,26.00929054054054,1040.625,49.504645270270274,25.416631587605032,12.4875,12.4875
crowding_seed1,4,1,60.17670157068063,59.27356020942408,671.484375,59.86435556444005,59.27350086418194,8.0578125,8.0578125
crowding_seed1,4,2,70.16489361702128,94.75531914893617,826.171875,71.16489361702128,95.34803874608507,9.9140625,9.9140625
crowding_seed1,5,0,50.97457627118644,25.81779661016949,1037.109375,49.97457627118644,25.237199957412447,12.4453125,12.4453125
crowding_seed1,5,1,60.473684210526315,59.41776315789474,667.96875,60.26870961499786,59.40342447785838,8.015625,8.015625
crowding_seed1,5,2,70.60572687224669,94.74118942731278,798.046875,71.60572687224669,95.3361276585713,9.5765625,9.5765625
crowding_seed1,6,0,51.5625,25.855263157894736,1068.75,50.5625,25.291955498050143,12.825000000000001,12.825000000000001
crowding_seed1,6,1,61.014819587628864,59.55541237113402,682.03125,60.8191741147994,59.550046761708536,8.184375,8.184375
crowding_seed1,6,2,70.79570484581498,94.75770925110132,798.046875,71.79570484581498,95.32638555989965,9.5765625,9.5765625
crowding_seed1,7,0,52.232142857142854,25.82641196013289,1058.203125,51.232142857142854,25.29840912073065,12.6984375,12.6984375
crowding_seed1,7,1,61.32692307692308,59.45192307692308,685.546875,61.114479314299,59.44440755384605,8.2265625,8.2265625
crowding_seed1,7,2,70.85526315789474,94.79440789473684,801.5625,71.85526315789474,95.32992817920112,9.61875,9.61875
crowding_seed1,8,0,52.601694915254235,25.951271186440678,1037.109375,51.601694915254235,25.425970182563436,12.4453125,12.4453125
crowding_seed1,8,1,61.75595238095238,59.38492063492063,664.453125,61.47769859562186,59.38645752436679,7.9734375,7.9734375
crowding_seed1,8,2,71.11019736842105,94.7779605263158,801.5625,72.11019736842105,95.30172559154876,9.61875,9.61875
crowding_seed1,9,0,53.17550505050505,25.921717171717173,1044.140625,52.17550505050505,25.423542255001966,12.5296875,12.5296875
crowding_seed1,9,1,61.99404761904762,59.38492063492063,664.453125,61.73784499452966,59.378849960146,7.9734375,7.9734375
crowding_seed1,9,2,71.25,94.82489224137932,815.625,72.25,95.32913803129293,9.7875,9.7875
crowding_seed1,10,0,53.758389261744966,25.903942953020135,1047.65625,52.758389261744966,25.437182906182812,12.571875,12.571875
crowding_seed1,10,1,62.27748691099477,59.3913612565445,671.484375,62.032031414591216,59.38405776219534,8.0578125,8.0578125
crowding_seed1,10,2,71.25,94.82489224137932,815.625,72.25,95.29895587515252,9.7875,9.7875
crowding_seed1,11,0,54.254645270270274,26.00929054054054,1040.625,53.254645270270274,25.558728910673505,12.4875,12.4875
crowding_seed1,11,1,62.74342105263158,59.45723684210526,667.96875,62.46844153608915,59.461330655985925,8.015625,8.015625
crowding_seed1,11,2,71.31607929515418,94.75770925110132,798.046875,72.31607929515418,95.20417715938069,9.5765625,9.5765625
crowding_seed1,12,0,54.75127551020408,25.87372448979592,1033.59375,53.75127551020408,25.44213698752761,12.403125000000001,12.403125000000001
crowding_seed1,12,1,63.070945945945944,59.41216216216216,650.390625,62.79707383965961,59.41735738158065,7.8046875,7.8046875
crowding_seed1,12,2,71.45,94.75833333333334,791.015625,72.45,95.18472562706145,9.4921875,9.4921875
crowding_seed1,13,0,55.3125,25.841836734693878,1033.59375,54.3125,25.42757891599772,12.403125000000001,12.403125000000001
crowding_seed1,13,1,63.57954545454545,59.50868983957219,657.421875,63.28835780627726,59.52322177035018,7.8890625000000005,7.8890625000000005
crowding_seed1,13,2,71.575,94.825,791.015625,72.575,95.22472589193757,9.4921875,9.4921875
crowding_seed1,14,0,55.9522804054054,25.850929054054053,1040.625,54.9522804054054,25.467010243124804,12.4875,12.4875
crowding_seed1,14,1,63.76002673796791,59.418449197860966,657.421875,63.48890349686532,59.42147490539628,7.8890625000000005,7.8890625000000005
crowding_seed1,14,2,71.70630530973452,94.82853982300885,794.53125,72.70630530973452,95.20943294738305,9.534375,9.534375
crowding_seed1,15,0,56.38392857142857,25.899234693877553,1033.59375,55.38392857142857,25.53270704158162,12.403125000000001,12.403125000000001
crowding_seed1,15,1,63.971774193548384,59.56653225806452,653.90625,63.756786471196314,59.56358572717396,7.846875,7.846875
crowding_seed1,15,2,71.84430803571429,94.82979910714286,787.5,72.84430803571429,95.19927330679133,9.450000000000001,9.450000000000001
crowding_seed1,16,0,56.864442567567565,25.91427364864865,1040.625,55.864442567567565,25.55474505670947,12.4875,12.4875
crowding_seed1,16,1,64.47745901639344,59.42622950819672,643.359375,64.17256364998612,59.432310550806555,7.7203125,7.7203125
crowding_seed1,16,2,72.08881578947368,94.92598684210526,801.5625,73.08881578947368,95.2794347813248,9.61875,9.61875
crowding_seed1,17,0,57.57203389830509,25.91949152542373,1037.109375,56.57203389830509,25.575659666964068,12.4453125,12.4453125
crowding_seed1,17,1,64.90149456521739,59.34782608695652,646.875,64.61774682375862,59.34598715312974,7.7625,7.7625
crowding_seed1,17,2,72.53069196428571,94.82979910714286,787.5,73.53069196428571,95.1754700701355,9.450000000000001,9.450000000000001
crowding_seed1,18,0,58.004645270270274,26.00929054054054,1040.625,57.004645270270274,25.67689944215609,12.4875,12.4875
crowding_seed1,18,1,65.26209677419355,59.556451612903224,653.90625,65.00981276639482,59.55723694197036,7.846875,7.846875
crowding_seed1,18,2,72.66869469026548,94.82853982300885,794.53125,73.66869469026548,95.16014580447019,9.534375,9.534375
crowding_seed1,19,0,58.50127551020408,25.87372448979592,1033.59375,57.44045385023479,25.560223833527793,12.403125000000001,12.403125000000001
crowding_seed1,19,1,65.625,59.57432432432432,650.390625,65.371184151474,59.58076790432652,7.8046875,7.8046875
crowding_seed1,19,2,72.66869469026548,94.82853982300885,794.53125,73.72951635023477,95.1355973485871,9.534375,9.534375
crowding_seed1,20,0,59.17729591836735,25.822704081632654,1033.59375,57.91189014668366,25.536298445127898,12.403125000000001,12.403125000000001
crowding_seed1,20,1,65.75675675675676,59.6554054054054,650.390625,65.6302363125703,59.64375576514983,7.8046875,7.8046875
crowding_seed1,20,2,72.925,94.75833333333334,791.015625,74.19040577168369,95.05638896205899,9.4921875,9.4921875
crowding_seed2,0,0,47.73125,24.20625,1054.6875,46.73125,23.36239518033478,12.65625,12.65625
crowding_seed2,0,1,60.564320388349515,57.2876213592233,724.21875,59.564320388349515,57.45423514918946,8.690625,8.690625
crowding_seed2,0,2,70.36111111111111,95.50694444444444,949.21875,71.36111111111111,96.18418547412567,11.390625,11.390625
crowding_seed2,1,0,48.50431034482759,24.25862068965517,1019.53125,47.50431034482759,23.469368677154566,12.234375,12.234375
crowding_seed2,1,1,60.76829268292683,57.3109756097561,720.703125,59.76829268292683,57.45549805764557,8.6484375,8.6484375
crowding_seed2,1,2,70.41974169741698,95.47970479704797,952.734375,71.41974169741698,96.12443580211863,11.4328125,11.4328125
crowding_seed2,2,0,48.75,24.375,1030.078125,47.75,23.59037396898131,12.3609375,12.3609375
crowding_seed2,2,1,61.130514705882355,57.380514705882355,717.1875,60.130514705882355,57.53902243603063,8.606250000000001,8.606250000000001
crowding_seed2,2,2,70.4779411764706,95.5078125,956.25,71.4779411764706,96.13393339591242,11.475,11.475
crowding_seed2,3,0,49.4125,24.2,1054.6875,48.4125,23.453428729089726,12.65625,12.65625
crowding_seed2,3,1,61.39705882352941,57.31617647058823,717.1875,60.39705882352941,57.45870697837771,8.606250000000001,8.606250000000001
crowding_seed2,3,2,70.66666666666667,95.38888888888889,949.21875,71.66666666666667,95.99293217472562,11.390625,11.390625
crowding_seed2,4,0,50.05546075085324,24.12542662116041,1030.078125,49.05546075085324,23.414145166667605,12.3609375,12.3609375
crowding_seed2,4,1,61.69597989949749,57.25816582914573,699.609375,60.69597989949749,57.38740649590995,8.3953125,8.3953125
crowding_seed2,4,2,70.87919776119404,95.49207089552239,942.1875,71.87919776119404,96.07411523275003,11.30625,11.30625
crowding_seed2,5,0,50.605736301369866,24.317208904109588,1026.5625,49.605736301369866,23.626551250585806,12.31875,12.31875
crowding_seed2,5,1,62.09390862944162,57.22081218274111,692.578125,61.09390862944162,57.351532618120565,8.3109375,8.3109375
crowding_seed2,5,2,71.03230337078652,95.40730337078652,938.671875,72.03230337078652,95.96724515239622,11.2640625,11.2640625
crowding_seed2,6,0,50.89939024390244,24.263937282229964,1008.984375,49.89939024390244,23.576186363693967,12.1078125,12.1078125
crowding_seed2,6,1,62.41206030150754,57.380653266331656,699.609375,61.41206030150754,57.51183353076089,8.3953125,8.3953125
crowding_seed2,6,2,71.29293893129771,95.31727099236642,921.09375,72.29293893129771,95.87384476299405,11.053125,11.053125
crowding_seed2,7,0,51.74744897959184,24.113520408163264,1033.59375,50.74744897959184,23.47255551932934,12.403125000000001,12.403125000000001
crowding_seed2,7,1,62.771341463414636,57.38414634146341,720.703125,61.771341463414636,57.498342734711656,8.6484375,8.6484375
crowding_seed2,7,2,71.49239543726236,95.38260456273764,924.609375,72.49239543726236,95.90937523777124,11.0953125,11.0953125
crowding_seed2,8,0,52.422680412371136,24.297680412371133,1023.046875,51.422680412371136,23.681647434793852,12.2765625,12.2765625
crowding_seed2,8,1,63.234375,57.309375,703.125,62.234375,57.42226998340167,8.4375,8.4375
crowding_seed2,8,2,71.73479087452472,95.4467680608365,924.609375,72.73479087452472,95.94990979948982,11.0953125,11.0953125
crowding_seed2,9,0,52.70252613240418,24.17247386759582,1008.984375,51.70252613240418,23.56077296699715,12.1078125,12.1078125
crowding_seed2,9,1,63.59455958549223,57.26036269430052,678.515625,62.59455958549223,57.38248215192146,8.1421875,8.1421875
crowding_seed2,9,2,71.87971698113208,95.49764150943396,931.640625,72.87971698113208,95.98723062430889,11.1796875,11.1796875
crowding_seed2,10,0,53.2673487544484,24.32161921708185,987.890625,52.2673487544484,23.738349708499484,11.8546875,11.8546875
crowding_seed2,10,1,63.76943005181347,57.32836787564767,678.515625,62.76943005181347,57.43543500970909,8.1421875,8.1421875
crowding_seed2,10,2,72.04134980988593,95.38260456273764,924.609375,73.04134980988593,95.85881429272617,11.0953125,11.0953125
crowding_seed2,11,0,54.10060975609756,24.263937282229964,1008.984375,53.10060975609756,23.727260123035553,12.1078125,12.1078125
crowding_seed2,11,1,64.0576923076923,57.25961538461539,685.546875,63.05769230769231,57.34843353735631,8.2265625,8.2265625
crowding_seed2,11,2,72.1875,95.38533834586467,935.15625,73.1875,95.83320516820466,11.221875,11.221875
crowding_seed2,12,0,54.43318965517241,24.239224137931036,1019.53125,53.43318965517241,23.72074034517956,12.234375,12.234375
crowding_seed2,12,1,64.30203045685279,57.37309644670051,692.578125,63.30203045685279,57.4629166214159,8.3109375,8.3109375
crowding_seed2,12,2,72.1875,95.38533834586467,935.15625,73.1875,95.81400586853078,11.221875,11.221875
crowding_seed2,13,0,54.89732142857143,24.227678571428573,984.375,53.89732142857143,23.72270555706622,11.8125,11.8125
crowding_seed2,13,1,64.6875,57.296052631578945,667.96875,63.6875,57.38952471409866,8.015625,8.015625
crowding_seed2,13,2,72.33477011494253,95.2514367816092,917.578125,73.33477011494253,95.66294213103284,11.0109375,11.0109375
crowding_seed2,14,0,55.72767857142857,24.227678571428573,984.375,54.72767857142857,23.753895640977458,11.8125,11.8125
crowding_seed2,14,1,65.2734375,57.32421875,675.0,64.2734375,57.41954952578363,8.1,8.1
crowding_seed2,14,2,72.49273255813954,95.25436046511628,907.03125,73.49273255813954,95.63281685276348,10.884375,10.884375
crowding_seed2,15,0,56.106770833333336,24.153645833333332,1012.5,55.106770833333336,23.698361291707446,12.15,12.15
crowding_seed2,15,1,65.48828125,57.333984375,675.0,64.48828125,57.42681306903475,8.1,8.1
crowding_seed2,15,2,72.5537109375,95.2734375,900.0,73.5537109375,95.63589744543877,10.8,10.8
crowding_seed2,16,0,56.53947368421053,24.25657894736842,1001.953125,55.53947368421053,23.81838610578767,12.0234375,12.0234375
crowding_seed2,16,1,65.76171875,57.333984375,675.0,64.76171875,57.426478502309415,8.1,8.1
crowding_seed2,16,2,72.61429961089495,95.24562256809338,903.515625,73.61429961089495,95.5913258655654,10.8421875,10.8421875
crowding_seed2,17,0,57.24545454545454,24.225,966.796875,56.24545454545454,23.817358105777597,11.6015625,11.6015625
crowding_seed2,17,1,65.99598930481284,57.33288770053476,657.421875,64.99598930481284,57.407834500298534,7.8890625000000005,7.8890625000000005
crowding_seed2,17,2,72.90057915057915,95.40057915057915,910.546875,73.90057915057915,95.73328032133341,10.926562500000001,10.926562500000001
crowding_seed2,18,0,57.84673144876325,24.262367491166078,994.921875,56.84673144876325,23.873170722101893,11.9390625,11.9390625
crowding_seed2,18,1,66.43145161290323,57.409274193548384,653.90625,65.43145161290323,57.48213611345445,7.846875,7.846875
crowding_seed2,18,2,73.125,95.42877906976744,907.03125,74.125,95.74512049333237,10.884375,10.884375
crowding_seed2,19,0,58.38068181818182,24.204545454545453,1005.46875,57.38068181818182,23.829139726895374,12.065625,12.065625
crowding_seed2,19,1,66.78427419354838,57.318548387096776,653.90625,65.78427419354838,57.3868737551657,7.846875,7.846875
crowding_seed2,19,2,73.41403162055336,95.33596837944664,889.453125,74.41403162055336,95.64305444419124,10.6734375,10.6734375
crowding_seed2,20,0,58.98777173913044,24.286684782608695,970.3125,57.95902374629446,23.92798679803625,11.64375,11.64375
crowding_seed2,20,1,67.30263157894737,57.32565789473684,667.96875,66.2738835861114,57.400097033997426,8.015625,8.015625
crowding_seed2,20,2,73.5251976284585,95.32114624505928,889.453125,74.55394562129447,95.6054104345494,10.6734375,10.6734375
crowding_seed3,0,0,47.215401785714285,24.107142857142858,1181.25,46.215401785714285,23.287070245010888,14.175,14.175
crowding_seed3,0,1,60.391666666666666,58.425,791.015625,59.55079819701971,58.62857307771447,9.4921875,9.4921875
crowding_seed3,0,2,69.04233870967742,94.6875,871.875,70.04233870967742,95.30399953441058,10.4625,10.4625
crowding_seed3,1,0,47.85,23.91346153846154,1142.578125,46.85,23.126401933879986,13.7109375,13.7109375
crowding_seed3,1,1,60.75688073394495,58.580848623853214,766.40625,59.98715106164054,58.77251975303631,9.196875,9.196875
crowding_seed3,1,2,69.27591463414635,94.77896341463415,864.84375,70.27591463414635,95.3743524141319,10.378125,10.378125
crowding_seed3,2,0,48.41169724770642,24.03669724770642,1149.609375,47.41169724770642,23.27485003621893,13.7953125,13.7953125
crowding_seed3,2,1,61.070205479452056,58.52739726027397,769.921875,60.29587733514774,58.71182406938664,9.239062500000001,9.239062500000001
crowding_seed3,2,2,69.4672131147541,94.6875,857.8125,70.4672131147541,95.26492135515862,10.293750000000001,10.293750000000001
crowding_seed3,3,0,48.98016467065868,24.105538922155688,1174.21875,47.98016467065868,23.371634485634388,14.090625000000001,14.090625000000001
crowding_seed3,3,1,61.36824324324324,58.513513513513516,780.46875,60.585026515702715,58.68959058949208,9.365625,9.365625
crowding_seed3,3,2,69.64506172839506,94.72993827160494,854.296875,70.64506172839506,95.28776700383942,10.2515625,10.2515625
crowding_seed3,4,0,49.607469512195124,23.900533536585368,1153.125,48.607469512195124,23.197896664973047,13.8375,13.8375
crowding_seed3,4,1,61.73011363636363,58.39772727272727,773.4375,60.945442994785765,58.56577957109996,9.28125,9.28125
crowding_seed3,4,2,69.84948979591837,94.75255102040816,861.328125,70.84948979591837,95.2871362660167,10.3359375,10.3359375
crowding_seed3,5,0,49.969040247678016,23.86996904024768,1135.546875,48.969040247678016,23.178600096807283,13.6265625,13.6265625
crowding_seed3,5,1,62.05813953488372,58.395348837209305,755.859375,61.252113858095996,58.565959478425576,9.0703125,9.0703125
crowding_seed3,5,2,70.01764112903226,94.80846774193549,871.875,71.01764112903226,95.32923017603198,10.4625,10.4625
crowding_seed3,6,0,50.625,24.021656534954406,1156.640625,49.625,23.358249931173432,13.879687500000001,13.879687500000001
crowding_seed3,6,1,62.505760368663594,58.67799539170507,762.890625,61.751981186262306,58.84608498318839,9.1546875,9.1546875
crowding_seed3,6,2,70.16683266932272,94.75099601593625,882.421875,71.16683266932272,95.24631457459648,10.5890625,10.5890625
crowding_seed3,7,0,51.29954268292683,23.97484756097561,1153.125,50.29954268292683,23.35231999727021,13.8375,13.8375
crowding_seed3,7,1,62.708333333333336,58.619791666666664,759.375,61.98288974133705,58.76966601531577,9.1125,9.1125
crowding_seed3,7,2,70.3125,94.815,878.90625,71.3125,95.28765352841724,10.546875,10.546875
crowding_seed3,8,0,51.71389751552795,23.868400621118013,1132.03125,50.71389751552795,23.26543170969353,13.584375,13.584375
crowding_seed3,8,1,62.916666666666664,58.619791666666664,759.375,62.23458609152049,58.759317483846786,9.1125,9.1125
crowding_seed3,8,2,70.515,94.785,878.90625,71.515,95.24844335956203,10.546875,10.546875
crowding_seed3,9,0,52.27360681114551,23.933823529411764,1135.546875,51.27360681114551,23.347578278965955,13.6265625,13.6265625
crowding_seed3,9,1,63.316627358490564,58.558372641509436,745.3125,62.61587270378957,58.69538167575274,8.94375,8.94375
crowding_seed3,9,2,70.77551020408163,94.75255102040816,861.328125,71.77551020408163,95.20178740742796,10.3359375,10.3359375
crowding_seed3,10,0,52.994953416149066,23.88004658385093,1132.03125,51.994953416149066,23.330125255947383,13.584375,13.584375
crowding_seed3,10,1,63.645348837209305,58.48255813953488,755.859375,62.94797274337325,58.60922584006618,9.0703125,9.0703125
crowding_seed3,10,2,70.9104938271605,94.75308641975309,854.296875,71.9104938271605,95.17633982176126,10.2515625,10.2515625
crowding_seed3,11,0,53.4375,23.868865030674847,1146.09375,52.4375,23.334930165782858,13.753125,13.753125
crowding_seed3,11,1,63.984375,58.44618055555556,759.375,63.25895401407154,58.57331574886057,9.1125,9.1125
crowding_seed3,11,2,71.0625,94.8046875,843.75,72.0625,95.21148731847713,10.125,10.125
crowding_seed3,12,0,53.880046583850934,23.88004658385093,1132.03125,52.880046583850934,23.36161144773119,13.584375,13.584375
crowding_seed3,12,1,64.39285714285714,58.625,738.28125,63.67288354811023,58.758153301281986,8.859375,8.859375
crowding_seed3,12,2,71.12394957983193,94.82142857142857,836.71875,72.12394957983193,95.20671050708795,10.040625,10.040625
crowding_seed3,13,0,54.76851851851852,23.92361111111111,1139.0625,53.76851851851852,23.45041199527772,13.668750000000001,13.668750000000001
crowding_seed3,13,1,64.6875,58.867924528301884,745.3125,64.09574285665974,58.979695311065434,8.94375,8.94375
crowding_seed3,13,2,71.328125,94.78125,843.75,72.328125,95.142678384357,10.125,10.125
crowding_seed3,14,0,55.2161214953271,23.89018691588785,1128.515625,54.2161214953271,23.436706443899997,13.5421875,13.5421875
crowding_seed3,14,1,64.92629716981132,58.59375,745.3125,64.27150923426242,58.7014863470157,8.94375,8.94375
crowding_seed3,14,2,71.4375,94.8046875,843.75,72.4375,95.15043169648321,10.125,10.125
crowding_seed3,15,0,55.545419254658384,23.90333850931677,1132.03125,54.545419254658384,23.45659418285653,13.584375,13.584375
crowding_seed3,15,1,65.24107142857143,58.580357142857146,738.28125,64.56351810878508,58.691152445790735,8.859375,8.859375
crowding_seed3,15,2,71.5895061728395,94.75308641975309,854.296875,72.5895061728395,95.08903577282413,10.2515625,10.2515625
crowding_seed3,16,0,56.25,24.08564814814815,1139.0625,55.04980788934425,23.6677444904438,13.668750000000001,13.668750000000001
crowding_seed3,16,1,65.55390995260663,58.622630331753555,741.796875,64.89511989921934,58.72391789210724,8.9015625,8.9015625
crowding_seed3,16,2,71.74180327868852,94.6875,857.8125,72.94199538934427,95.00411650620624,10.293750000000001,10.293750000000001
crowding_seed3,17,0,56.954580745341616,23.90333850931677,1132.03125,55.487207728042705,23.51569439238528,13.584375,13.584375
crowding_seed3,17,1,65.93601895734596,58.58708530805687,741.796875,65.29955793057633,58.681785927598476,8.9015625,8.9015625
crowding_seed3,17,2,71.8698347107438,94.6875,850.78125,73.33720772804271,94.98044389731157,10.209375,10.209375
crowding_seed3,18,0,57.33889751552795,23.868400621118013,1132.03125,55.86983938276397,23.486756795072058,13.584375,13.584375
crowding_seed3,18,1,66.26785714285714,58.625,738.28125,65.65413233053063,58.7174454111321,8.859375,8.859375
crowding_seed3,18,2,72.1875,94.6875,843.75,73.65655813276398,94.97669876870725,10.125,10.125
crowding_seed3,19,0,57.79038461538462,23.91923076923077,1142.578125,56.10007512019231,23.55275008690728,13.7109375,13.7109375
crowding_seed3,19,1,66.5625,58.867924528301884,745.3125,66.00489481126577,58.95756951155068,8.94375,8.94375
crowding_seed3,19,2,72.3125,94.734375,843.75,74.00280949519231,95.01121088019994,10.125,10.125
crowding_seed3,20,0,58.577786377708975,23.92221362229102,1135.546875,56.63244787635449,23.587764564503615,13.6265625,13.6265625
crowding_seed3,20,1,66.85714285714286,58.625,738.28125,66.26222571446233,58.70285366824386,8.859375,8.859375
crowding_seed3,20,2,72.484375,94.8125,843.75,74.42971350135448,95.06909582161657,10.125,10.125
advection_diffusion_seed1,0,0,25.3125,29.86454372623574,1849.21875,24.3125,21.227507758510463,22.190625,22.190625
advection_diffusion_seed1,0,1,37.84557481751825,79.40009124087591,1926.5625,38.84557481751825,49.47785672422054,23.118750000000002,23.118750000000002
advection_diffusion_seed1,0,2,77.72165697674419,31.7078488372093,1814.0625,76.72165697674419,61.199731724220534,21.76875,21.76875
advection_diffusion_seed1,0,3,93.52864583333333,81.025390625,2025.0,94.52864583333333,90.09277693574809,24.3,24.3
advection_diffusion_seed1,1,0,25.64770554493308,29.88527724665392,1838.671875,24.64770554493308,21.276105412162014,22.064062500000002,22.064062500000002
advection_diffusion_seed1,1,1,38.35980662983425,79.58218232044199,1908.984375,39.35980662983425,49.67470578308413,22.907812500000002,22.907812500000002
advection_diffusion_seed1,1,2,77.98328488372093,31.875,1814.0625,76.98328488372093,61.343846408084126,21.76875,21.76875
advection_diffusion_seed1,1,3,93.83152173913044,81.15326086956522,2021.484375,94.83152173913044,90.20106109386886,24.2578125,24.2578125
advection_diffusion_seed1,2,0,26.268098455598455,30.043436293436294,1821.09375,25.268098455598455,35.64085877171815,21.853125000000002,21.853125000000002
advection_diffusion_seed1,2,1,38.46527777777778,79.63194444444444,1898.4375,39.46527777777778,73.92384477433393,22.78125,22.78125
advection_diffusion_seed1,2,2,78.321533203125,31.875,1800.0,77.321533203125,24.27757752171815,21.6,21.6
advection_diffusion_seed1,2,3,94.06141868512111,81.19593425605537,2032.03125,95.06141868512111,88.79335673433721,24.384375000000002,24.384375000000002
advection_diffusion_seed1,3,0,26.526162790697676,30.14171511627907,1814.0625,25.526162790697676,35.78889141230621,21.76875,21.76875
advection_diffusion_seed1,3,1,38.98247663551402,79.70327102803738,1880.859375,39.98247663551402,75.84638054178282,22.5703125,22.5703125
advection_diffusion_seed1,3,2,78.80116959064327,32.083333333333336,1803.515625,77.80116959064327,24.436157037306206,21.642187500000002,21.642187500000002
advection_diffusion_seed1,3,3,94.62543554006969,81.2162456445993,2017.96875,95.62543554006969,88.86342194062642,24.215625,24.215625
advection_diffusion_seed1,4,0,26.977557915057915,30.361969111969113,1821.09375,25.977557915057915,36.03964116517996,21.853125000000002,21.853125000000002
advection_diffusion_seed1,4,1,39.446157495256166,79.7284155597723,1852.734375,40.446157495256166,76.04230169067667,22.2328125,22.2328125
advection_diffusion_seed1,4,2,79.26005747126437,32.24856321839081,1835.15625,78.26005747126437,24.57089116517996,22.021875,22.021875
advection_diffusion_seed1,4,3,95.13002622377623,81.47399475524476,2010.9375,96.13002622377623,89.1516668084556,24.13125,24.13125
advection_diffusion_seed1,5,0,27.276353965183752,30.344535783365572,1817.578125,26.276353965183752,22.72965879763235,21.8109375,21.8109375
advection_diffusion_seed1,5,1,39.857041587901705,79.91611531190927,1859.765625,40.857041587901705,49.7187289272306,22.3171875,22.3171875
advection_diffusion_seed1,5,2,79.66770633397313,32.23488483685221,1831.640625,78.66770633397313,61.2929476772306,21.9796875,21.9796875
advection_diffusion_seed1,5,3,95.45994718309859,81.5625,1996.875,96.45994718309859,90.53798239716895,23.962500000000002,23.962500000000002
advection_diffusion_seed1,6,0,27.83625730994152,30.67982456140351,1803.515625,26.83625730994152,36.30330802423624,21.642187500000002,21.642187500000002
advection_diffusion_seed1,6,1,40.175521821631875,80.06641366223909,1852.734375,41.175521821631875,74.36633409418342,22.2328125,22.2328125
advection_diffusion_seed1,6,2,79.98922413793103,32.51077586206897,1835.15625,78.98922413793103,24.88729239923624,22.021875,22.021875
advection_diffusion_seed1,6,3,95.77354753521126,81.796875,1996.875,96.77354753521126,89.42035846283272,23.962500000000002,23.962500000000002
advection_diffusion_seed1,7,0,28.157958984375,30.714111328125,1800.0,27.157958984375,36.33360103138706,21.6,21.6
advection_diffusion_seed1,7,1,40.559398854961835,80.1526717557252,1842.1875,41.559398854961835,76.32021649745286,22.10625,22.10625
advection_diffusion_seed1,7,2,80.41666666666667,32.64254385964912,1803.515625,79.41666666666667,25.02305415638706,21.642187500000002,21.642187500000002
advection_diffusion_seed1,7,3,96.21639784946237,81.85147849462365,1961.71875,97.21639784946237,89.47096819788571,23.540625000000002,23.540625000000002
advection_diffusion_seed1,8,0,28.347519455252918,30.85359922178988,1807.03125,27.347519455252918,36.514690235894946,21.684375,21.684375
advection_diffusion_seed1,8,1,41.020114942528735,80.21551724137932,1835.15625,42.020114942528735,76.54633528664904,22.021875,22.021875
advection_diffusion_seed1,8,2,80.81395348837209,32.8125,1814.0625,79.81395348837209,25.151408985894943,21.76875,21.76875
advection_diffusion_seed1,8,3,96.66554054054055,81.99662162162163,1951.171875,97.66554054054055,89.65771263572668,23.4140625,23.4140625
advection_diffusion_seed1,9,0,28.795166015625,30.85693359375,1800.0,27.795166015625,23.26809737883121,21.6,21.6
advection_diffusion_seed1,9,1,41.31877413127413,80.3426640926641,1821.09375,42.31877413127413,50.317080228421254,21.853125000000002,21.853125000000002
advection_diffusion_seed1,9,2,81.10009671179884,32.87234042553192,1817.578125,80.10009671179884,61.733095853421254,21.8109375,21.8109375
advection_diffusion_seed1,9,3,96.99141048824593,82.09312839059675,1944.140625,97.99141048824593,91.06811565729477,23.329687500000002,23.329687500000002
advection_diffusion_seed1,10,0,29.43093385214008,31.028696498054476,1807.03125,28.43093385214008,22.54549527661195,21.684375,21.684375
advection_diffusion_seed1,10,1,41.9683908045977,80.44899425287356,1835.15625,42.9683908045977,50.83655265387788,22.021875,22.021875
advection_diffusion_seed1,10,2,81.69331395348837,33.13226744186046,1814.0625,80.69331395348837,62.28420890387788,21.76875,21.76875
advection_diffusion_seed1,10,3,97.25751366120218,82.28142076502732,1930.078125,98.25751366120218,91.24971152539898,23.1609375,23.1609375
advection_diffusion_seed1,11,0,29.814320388349515,31.15776699029126,1810.546875,28.814320388349515,36.81288686941606,21.7265625,21.7265625
advection_diffusion_seed1,11,1,42.27764423076923,80.625,1828.125,43.27764423076923,75.02771477952965,21.9375,21.9375
advection_diffusion_seed1,11,2,82.01848249027238,33.115272373540854,1807.03125,81.01848249027238,25.46015249441606,21.684375,21.684375
advection_diffusion_seed1,11,3,97.4077868852459,82.39071038251366,1930.078125,98.4077868852459,90.04583026163846,23.1609375,23.1609375
advection_diffusion_seed1,12,0,30.10578793774319,31.309581712062258,1807.03125,29.10578793774319,36.89108941180802,21.684375,21.684375
advection_diffusion_seed1,12,1,42.59134615384615,80.73677884615384,1828.125,43.59134615384615,76.95273772739799,21.9375,21.9375
advection_diffusion_seed1,12,2,82.51120517928287,33.256972111553786,1764.84375,81.51120517928287,25.67546441180802,21.178125,21.178125
advection_diffusion_seed1,12,3,97.9289667896679,82.45502767527675,1905.46875,98.9289667896679,90.03653537502252,22.865625,22.865625
advection_diffusion_seed1,13,0,30.55381274131274,31.440637065637066,1821.09375,29.55381274131274,37.0952444221466,21.853125000000002,21.853125000000002
advection_diffusion_seed1,13,1,43.01724137931034,80.91235632183908,1835.15625,44.01724137931034,77.27335634711626,22.021875,22.021875
advection_diffusion_seed1,13,2,82.70750988142292,33.449851778656125,1778.90625,81.70750988142292,25.7952444221466,21.346875,21.346875
advection_diffusion_seed1,13,3,98.24448529411765,82.66199448529412,1912.5,99.24448529411765,90.31660184180365,22.95,22.95
advection_diffusion_seed1,14,0,30.953883495145632,31.75121359223301,1810.546875,29.953883495145632,37.35397072208738,21.7265625,21.7265625
advection_diffusion_seed1,14,1,43.4835086042065,81.08030592734225,1838.671875,44.4835086042065,77.46372922656748,22.064062500000002,22.064062500000002
advection_diffusion_seed1,14,2,83.27912621359224,33.59344660194175,1810.546875,82.27912621359224,25.99068947208738,21.7265625,21.7265625
advection_diffusion_seed1,14,3,98.49696828358209,82.69589552238806,1884.375,99.49696828358209,90.29865265224242,22.6125,22.6125
advection_diffusion_seed1,15,0,31.281553398058254,31.725728155339805,1810.546875,30.281553398058254,37.39599196555901,21.7265625,21.7265625
advection_diffusion_seed1,15,1,43.790553435114504,81.00787213740458,1842.1875,44.790553435114504,77.41296390400494,22.10625,22.10625
advection_diffusion_seed1,15,2,83.51045719844358,33.71352140077821,1807.03125,82.51045719844358,26.043257590559012,21.684375,21.684375
advection_diffusion_seed1,15,3,98.68145910780669,82.63592007434944,1891.40625,99.68145910780669,90.30618388456864,22.696875000000002,22.696875000000002
advection_diffusion_seed1,16,0,31.77573529411765,31.77573529411765,1792.96875,30.77573529411765,37.3301344323311,21.515625,21.515625
advection_diffusion_seed1,16,1,44.234913793103445,81.05962643678161,1835.15625,45.234913793103445,77.4823517733582,22.021875,22.021875
advection_diffusion_seed1,16,2,83.94059405940594,33.679455445544555,1775.390625,82.94059405940594,26.125056307331104,21.3046875,21.3046875
advection_diffusion_seed1,16,3,99.08898305084746,82.94844632768361,1866.796875,100.08898305084746,90.50284546589707,22.4015625,22.4015625
advection_diffusion_seed1,17,0,32.14390962671906,31.8897347740668,1789.453125,31.143909626719058,37.40052244715365,21.4734375,21.4734375
advection_diffusion_seed1,17,1,44.76017441860465,81.39171511627907,1814.0625,45.76017441860465,77.81313615650768,21.76875,21.76875
advection_diffusion_seed1,17,2,84.34493987975952,33.78006012024048,1754.296875,83.34493987975952,26.269272447153643,21.0515625,21.0515625
advection_diffusion_seed1,17,3,99.35724431818181,83.1356534090909,1856.25,100.35724431818181,90.64644108217774,22.275000000000002,22.275000000000002
advection_diffusion_seed1,18,0,32.592455621301774,31.97855029585799,1782.421875,31.592455621301774,37.51686352392303,21.3890625,21.3890625
advection_diffusion_seed1,18,1,44.974365234375,81.470947265625,1800.0,45.974365234375,77.9153700558121,21.6,21.6
advection_diffusion_seed1,18,2,84.75149105367794,33.90283300198807,1768.359375,83.75149105367794,26.364519773923032,21.220312500000002,21.220312500000002
advection_diffusion_seed1,18,3,99.50406309751435,83.25286806883365,1838.671875,100.50406309751435,90.79118129689869,22.064062500000002,22.064062500000002
advection_diffusion_seed1,19,0,32.9889705882353,32.033088235294116,1792.96875,31.988970588235297,37.613786427456255,21.515625,21.515625
advection_diffusion_seed1,19,1,45.33455882352941,81.54411764705883,1792.96875,46.33455882352941,78.00639265800575,21.515625,21.515625
advection_diffusion_seed1,19,2,85.14554794520548,33.9261252446184,1796.484375,84.14554794520548,26.34542705245626,21.5578125,21.5578125
advection_diffusion_seed1,19,3,99.72747093023256,83.28851744186046,1814.0625,100.72747093023256,90.8692156340226,21.76875,21.76875
advection_diffusion_seed1,20,0,33.41317365269461,32.166916167664674,1761.328125,32.41317365269461,37.655212176094246,21.1359375,21.1359375
advection_diffusion_seed1,20,1,45.78712871287129,81.5569306930693,1775.390625,46.78712871287129,78.01747923110845,21.3046875,21.3046875
advection_diffusion_seed1,20,2,85.56919642857143,34.04389880952381,1771.875,84.56919642857143,26.555602801094246,21.2625,21.2625
advection_diffusion_seed1,20,3,100.28676470588235,83.4375,1792.96875,101.28676470588235,90.92579600842956,21.515625,21.515625
advection_diffusion_seed2,0,0,24.761029411764707,28.23923319327731,1673.4375,19.08552646731446,34.684607134293934,20.08125,20.08125
advection_diffusion_seed2,0,1,39.44551282051282,77.125,2056.640625,40.819420782380334,74.14099958461001,24.6796875,24.6796875
advection_diffusion_seed2,0,2,78.2919254658385,32.515527950310556,1698.046875,91.49602466127291,24.070154009293933,20.376562500000002,20.376562500000002
advection_diffusion_seed2,0,3,91.91692073170732,80.33536585365853,1729.6875,80.71282153627291,88.78073979467516,20.75625,20.75625
advection_diffusion_seed2,1,0,25.172275641025642,28.381410256410255,1645.3125,19.479262497797485,34.66743412410677,19.743750000000002,19.743750000000002
advection_diffusion_seed2,1,1,39.70474137931034,77.36961206896552,2039.0625,41.07335241729147,74.3501255173022,24.46875,24.46875
advection_diffusion_seed2,1,2,78.70389344262296,32.37064549180328,1715.625,91.81887807377049,24.084621624106767,20.587500000000002,20.587500000000002
advection_diffusion_seed2,1,3,92.14011270491804,80.3983094262295,1715.625,81.02512807377049,88.68433329392602,20.587500000000002,20.587500000000002
advection_diffusion_seed2,2,0,25.52061310782241,28.549154334038054,1662.890625,19.86166595946427,34.91983523566657,19.954687500000002,19.954687500000002
advection_diffusion_seed2,2,1,40.16243545611015,77.35907917383821,2042.578125,41.53142965661953,74.35839662065403,24.5109375,24.5109375
advection_diffusion_seed2,2,2,79.16111680327869,32.65496926229508,1715.625,92.24949879029481,24.28428836066657,20.587500000000002,20.587500000000002
advection_diffusion_seed2,2,3,92.67069327731092,80.4516806722689,1673.4375,81.58231129029481,88.82236157389742,20.08125,20.08125
advection_diffusion_seed2,3,0,25.912341101694917,28.704978813559322,1659.375,20.274034086460095,35.090029110963435,19.9125,19.9125
advection_diffusion_seed2,3,1,40.73478260869565,77.52065217391305,2021.484375,42.089818384603475,74.52266488918936,24.2578125,24.2578125
advection_diffusion_seed2,3,2,79.59317248459959,32.86062628336756,1712.109375,92.743730555188,24.475575985963438,20.5453125,20.5453125
advection_diffusion_seed2,3,3,93.1638198757764,80.56288819875776,1698.046875,82.013261805188,88.94793849616188,20.376562500000002,20.376562500000002
advection_diffusion_seed2,4,0,26.312893081761008,28.77358490566038,1676.953125,20.66064613906661,35.23865679942109,20.1234375,20.1234375
advection_diffusion_seed2,4,1,41.204896907216494,77.74806701030928,2046.09375,42.5646827099958,74.7445363189479,24.553125,24.553125
advection_diffusion_seed2,4,2,79.96255165289256,33.06818181818182,1701.5625,93.15363168822759,24.603109924421098,20.41875,20.41875
advection_diffusion_seed2,4,3,93.60369609856262,80.69430184804928,1712.109375,82.41261606322759,89.15937374181,20.5453125,20.5453125
advection_diffusion_seed2,5,0,26.82236842105263,28.95394736842105,1669.921875,21.15254212258853,35.33745005220845,20.0390625,20.0390625
advection_diffusion_seed2,5,1,41.370025951557096,77.87737889273356,2032.03125,42.74963209852189,74.84920367260314,24.384375000000002,24.384375000000002
advection_diffusion_seed2,5,2,80.25933609958506,33.12759336099585,1694.53125,93.40723501407824,24.74409067720845,20.334375,20.334375
advection_diffusion_seed2,5,3,93.80357142857143,80.7359693877551,1722.65625,82.65567251407823,89.1194720715425,20.671875,20.671875
advection_diffusion_seed2,6,0,27.14453125,28.93359375,1687.5,21.44252364530406,35.42550942332474,20.25,20.25
advection_diffusion_seed2,6,1,41.65985370051635,78.03356282271945,2042.578125,43.06155994566445,75.01935143261574,24.5109375,24.5109375
advection_diffusion_seed2,6,2,80.7332474226804,33.23969072164948,1705.078125,93.83603139628917,24.74777504832474,20.4609375,20.4609375
advection_diffusion_seed2,6,3,94.15561224489795,80.90433673469387,1722.65625,83.05282827128917,89.39625240801861,20.671875,20.671875
advection_diffusion_seed2,7,0,27.549582463465555,29.11143006263048,1683.984375,21.857330786157885,35.523247488256786,20.2078125,20.2078125
advection_diffusion_seed2,7,1,42.32049036777583,78.26401050788091,2007.421875,43.68795654096001,75.25590235487049,24.0890625,24.0890625
advection_diffusion_seed2,7,2,81.12995824634656,33.33115866388309,1683.984375,94.15898873109253,24.919341238256788,20.2078125,20.2078125
advection_diffusion_seed2,7,3,94.5419254658385,81.10636645962732,1698.046875,83.51289498109253,89.51818388525362,20.376562500000002,20.376562500000002
advection_diffusion_seed2,8,0,27.90047268907563,29.227941176470587,1673.4375,22.230538104206705,35.62217371323529,20.08125,20.08125
advection_diffusion_seed2,8,1,42.70942408376963,78.29188481675392,2014.453125,44.07332386952506,75.27529569975941,24.173437500000002,24.173437500000002
advection_diffusion_seed2,8,2,81.59375,33.43359375,1687.5,94.65038128573283,25.039361213235296,20.25,20.25
advection_diffusion_seed2,8,3,95.0714656964657,81.1239604989605,1691.015625,84.01483441073283,89.5181930357252,20.2921875,20.2921875
advection_diffusion_seed2,9,0,28.419811320754718,29.371069182389938,1676.953125,22.753426964086824,35.72032077540549,20.1234375,20.1234375
advection_diffusion_seed2,9,1,43.08545694200352,78.34138840070298,2000.390625,44.45149410175369,75.30467015568568,24.0046875,24.0046875
advection_diffusion_seed2,9,2,81.87631578947368,33.52894736842105,1669.921875,95.0163479989035,25.17969577540549,20.0390625,20.0390625
advection_diffusion_seed2,9,3,95.52083333333333,81.19212962962963,1708.59375,84.3808011239035,89.54138122264519,20.503125,20.503125
advection_diffusion_seed2,10,0,28.835526315789473,29.510526315789473,1669.921875,23.160791923448055,35.94276315789473,20.0390625,20.0390625
advection_diffusion_seed2,10,1,43.38476909413854,78.4702486678508,1979.296875,44.77185656954713,75.44808084759067,23.751562500000002,23.751562500000002
advection_diffusion_seed2,10,2,82.40721649484536,33.75,1705.078125,95.56601420807081,25.317763157894735,20.4609375,20.4609375
advection_diffusion_seed2,10,3,95.98379629629629,81.40046296296296,1708.59375,84.82499858307081,89.83269980506823,20.503125,20.503125
advection_diffusion_seed2,11,0,29.18238993710692,29.6501572327044,1676.953125,23.513281986658146,36.04945749833978,20.1234375,20.1234375
advection_diffusion_seed2,11,1,43.95684257602862,78.63595706618962,1965.234375,45.31146478353105,75.64336195501834,23.5828125,23.5828125
advection_diffusion_seed2,11,2,82.64363354037268,33.82375776397515,1698.046875,95.68620573848156,25.424457498339777,20.376562500000002,20.376562500000002
advection_diffusion_seed2,11,3,96.06159043659044,81.55275467775468,1691.015625,85.01901823848156,89.95205494339005,20.2921875,20.2921875
advection_diffusion_seed2,12,0,29.401427061310784,29.754228329809724,1662.890625,23.74857158837023,36.12194268298662,19.954687500000002,19.954687500000002
advection_diffusion_seed2,12,1,44.12994604316547,78.6623201438849,1954.6875,45.50306485981217,75.66298757550312,23.45625,23.45625
advection_diffusion_seed2,12,2,83.25471698113208,33.97012578616352,1676.953125,96.24328056251981,25.602411432986624,20.1234375,20.1234375
advection_diffusion_seed2,12,3,96.68067226890756,81.64915966386555,1673.4375,85.6921086875198,90.01687401704244,20.08125,20.08125
advection_diffusion_seed2,13,0,29.988305613305613,29.93373180873181,1691.015625,24.35228140437263,36.32856745703887,20.2921875,20.2921875
advection_diffusion_seed2,13,1,44.744165170556556,78.72980251346499,1958.203125,46.10313054347575,75.73120101049416,23.4984375,23.4984375
advection_diffusion_seed2,13,2,83.51808176100629,34.119496855345915,1676.953125,96.57370528694969,25.724661207038867,20.1234375,20.1234375
advection_diffusion_seed2,13,3,97.06761006289308,81.6745283018868,1676.953125,86.01198653694969,90.06936395019385,20.1234375,20.1234375
advection_diffusion_seed2,14,0,30.37735849056604,30.02751572327044,1676.953125,24.739412252403696,36.431531299135216,20.1234375,20.1234375
advection_diffusion_seed2,14,1,45.02717391304348,78.75679347826087,1940.625,46.397358364918816,75.76873110848699,23.2875,23.2875
advection_diffusion_seed2,14,2,83.95703125,34.2421875,1687.5,97.04296875,25.838171924135217,20.25,20.25
advection_diffusion_seed2,14,3,97.50390625,81.84375,1687.5,86.41796875,90.24776557586478,20.25,20.25
advection_diffusion_seed2,15,0,30.85010593220339,30.182733050847457,1659.375,25.20648232786101,36.475713623638015,19.9125,19.9125
advection_diffusion_seed2,15,1,45.54106170598911,79.0426497277677,1937.109375,46.89165658816966,76.0216551503864,23.2453125,23.2453125
advection_diffusion_seed2,15,2,84.35170807453416,34.19642857142857,1698.046875,97.4399116948084,25.90344799863801,20.376562500000002,20.376562500000002
advection_diffusion_seed2,15,3,97.82928719008264,81.89178719008264,1701.5625,86.7410835698084,90.1847677628732,20.41875,20.41875
advection_diffusion_seed2,16,0,31.05270127118644,30.238347457627118,1659.375,25.399974758972615,36.619980454357034,19.9125,19.9125
advection_diffusion_seed2,16,1,45.86065573770492,79.1974043715847,1930.078125,47.219702280659845,76.20645348027355,23.1609375,23.1609375
advection_diffusion_seed2,16,2,84.82531055900621,34.42934782608695,1698.046875,97.82758998584407,26.047714829357037,20.376562500000002,20.376562500000002
advection_diffusion_seed2,16,3,98.16268191268192,82.12577962577963,1691.015625,87.16040248584407,90.50741262250955,20.2921875,20.2921875
advection_diffusion_seed2,17,0,31.52122641509434,30.412735849056602,1676.953125,25.86501072088965,36.79310220146345,20.1234375,20.1234375
advection_diffusion_seed2,17,1,46.14963503649635,79.3761405109489,1926.5625,47.52733450452026,76.35446949027197,23.118750000000002,23.118750000000002
advection_diffusion_seed2,17,2,85.18305439330544,34.60120292887029,1680.46875,98.14551951656797,26.220836576463448,20.165625000000002,20.165625000000002
advection_diffusion_seed2,17,3,98.5884533898305,82.1146716101695,1659.375,87.62598826656797,90.49503796257633,19.9125,19.9125
advection_diffusion_seed2,18,0,31.9609375,30.421875,1687.5,26.29450594295875,36.846093749999994,20.25,20.25
advection_diffusion_seed2,18,1,46.55570652173913,79.31725543478261,1940.625,47.940114393068114,76.3297886832063,23.2875,23.2875
advection_diffusion_seed2,18,2,85.57247899159664,34.6875,1673.4375,98.53675122270333,26.26328125,20.08125,20.08125
advection_diffusion_seed2,18,3,98.92875782881002,82.2964509394572,1683.984375,87.96448559770333,90.7206696894572,20.2078125,20.2078125
advection_diffusion_seed2,19,0,32.41352201257862,30.59748427672956,1676.953125,26.751843559120985,36.976949375206885,20.1234375,20.1234375
advection_diffusion_seed2,19,1,47.17840909090909,79.5,1933.59375,48.541158721370564,76.55470495253594,23.203125,23.203125
advection_diffusion_seed2,19,2,86.05657894736842,34.81578947368421,1669.921875,98.82637223073014,26.436324375206887,20.0390625,20.0390625
advection_diffusion_seed2,19,3,99.03444676409185,82.45302713987473,1683.984375,88.26465348073015,90.83249223835206,20.2078125,20.2078125
advection_diffusion_seed2,20,0,32.810534591194966,30.782232704402517,1676.953125,27.160490844876957,37.11846341258262,20.1234375,20.1234375
advection_diffusion_seed2,20,1,47.56957116788321,79.60196167883211,1926.5625,48.92502023029699,76.65507627825058,23.118750000000002,23.118750000000002
advection_diffusion_seed2,20,2,86.4208156779661,34.94570974576271,1659.375,99.16853010211999,26.609479037582616,19.9125,19.9125
advection_diffusion_seed2,20,3,99.47054140127389,82.59156050955414,1655.859375,88.72282697711998,90.92779121773424,19.8703125,19.8703125
advection_diffusion_seed3,0,0,24.375,28.125,1944.140625,18.578591825304116,34.699724075975354,23.329687500000002,23.329687500000002
advection_diffusion_seed3,0,1,39.50797872340426,78.44747340425532,1982.8125,40.7724048012096,75.12885736086959,23.79375,23.79375
advection_diffusion_seed3,0,2,77.02130390143738,31.80569815195072,1712.109375,91.505662376907,23.230974075975357,20.5453125,20.5453125
advection_diffusion_seed3,0,3,92.5845521023766,80.43304387568556,1923.046875,80.100193626907,89.00776795166092,23.0765625,23.0765625
advection_diffusion_seed3,1,0,24.66113105924596,28.209156193895872,1958.203125,18.86092196764681,34.77204161709256,23.4984375,23.4984375
advection_diffusion_seed3,1,1,39.85940246045694,78.63466608084359,2000.390625,41.12341839676767,75.3057579340474,24.0046875,24.0046875
advection_diffusion_seed3,1,2,77.48321280991736,31.855630165289256,1701.5625,91.9386133728641,23.292744742092566,20.41875,20.41875
advection_diffusion_seed3,1,3,92.9358108108108,80.50337837837837,1951.171875,80.4804102478641,89.06626380157506,23.4140625,23.4140625
advection_diffusion_seed3,2,0,25.111363636363638,28.411363636363635,1933.59375,19.33032602798443,34.88661874970468,23.203125,23.203125
advection_diffusion_seed3,2,1,40.25066844919786,78.70655080213903,1972.265625,41.51182007495648,75.35064440267288,23.6671875,23.6671875
advection_diffusion_seed3,2,2,77.89630977130977,31.988045738045738,1691.015625,92.43773374528419,23.512790624704685,20.2921875,20.2921875
advection_diffusion_seed3,2,3,93.57368896925858,80.625,1944.140625,81.0322649952842,89.10025511334105,23.329687500000002,23.329687500000002
advection_diffusion_seed3,3,0,25.46875,28.563179347826086,1940.625,19.694657018017747,35.055994111156366,23.2875,23.2875
advection_diffusion_seed3,3,1,40.608377659574465,78.80319148936171,1982.8125,41.87292237406049,75.4767300468706,23.79375,23.79375
advection_diffusion_seed3,3,2,78.43814168377824,32.090605749486656,1712.109375,92.81789896688912,23.59779098615637,20.5453125,20.5453125
advection_diffusion_seed3,3,3,93.75,80.71347549909255,1937.109375,81.37024271688911,89.20629026242284,23.2453125,23.2453125
advection_diffusion_seed3,4,0,25.846994535519126,28.73633879781421,1930.078125,20.075161564248532,35.14644537666784,23.1609375,23.1609375
advection_diffusion_seed3,4,1,41.029804270462634,78.91681494661921,1975.78125,42.27125773294675,75.59708505839076,23.709375,23.709375
advection_diffusion_seed3,4,2,78.71932515337423,32.10889570552147,1719.140625,93.10577951778173,23.698789126667844,20.6296875,20.6296875
advection_diffusion_seed3,4,3,94.15004638218925,81.00417439703153,1894.921875,81.76359201778173,89.41428097588516,22.7390625,22.7390625
advection_diffusion_seed3,5,0,26.29431818181818,28.75227272727273,1933.59375,20.494948237061678,35.257587245128214,23.203125,23.203125
advection_diffusion_seed3,5,1,41.43382352941177,79.04411764705883,1972.265625,42.684503381857816,75.73119373282694,23.6671875,23.6671875
advection_diffusion_seed3,5,2,79.02876782077394,32.28360488798371,1726.171875,93.54991286680898,23.778290370128214,20.7140625,20.7140625
advection_diffusion_seed3,5,3,94.64449541284404,81.25114678899082,1916.015625,82.12335036680898,89.75646130684632,22.9921875,22.9921875
advection_diffusion_seed3,6,0,26.862522686025407,28.82940108892922,1937.109375,21.049565713737802,35.4163301456916,23.2453125,23.2453125
advection_diffusion_seed3,6,1,41.9367145421903,79.1842459605027,1958.203125,43.20296016046913,75.88317256013747,23.4984375,23.4984375
advection_diffusion_seed3,6,2,79.4286809815951,32.53450920245399,1719.140625,93.8752170676324,23.947580145691607,20.6296875,20.6296875
advection_diffusion_seed3,6,3,94.91628440366972,81.24426605504587,1916.015625,82.46974831763241,89.83119511180826,22.9921875,22.9921875
advection_diffusion_seed3,7,0,27.14318181818182,28.943181818181817,1933.59375,21.337078239794966,35.54104521780303,23.203125,23.203125
advection_diffusion_seed3,7,1,42.23488267148014,79.2610559566787,1947.65625,43.49805772002115,75.95820332055723,23.371875,23.371875
advection_diffusion_seed3,7,2,79.73484848484848,32.61742424242424,1740.234375,94.25220135639483,24.019560842803028,20.8828125,20.8828125
advection_diffusion_seed3,7,3,95.31135110294117,81.35914522058823,1912.5,82.79399823139484,89.95700862020945,22.95,22.95
advection_diffusion_seed3,8,0,27.427007299270073,29.0625,1926.5625,21.64056724831116,35.60461317054656,23.118750000000002,23.118750000000002
advection_diffusion_seed3,8,1,42.65625,79.37611607142857,1968.75,43.912923279673116,76.0673365686841,23.625,23.625
advection_diffusion_seed3,8,2,80.37069838056681,32.656882591093115,1736.71875,94.81145331851218,24.11476942054656,20.840625,20.840625
advection_diffusion_seed3,8,3,95.82564575645756,81.42066420664207,1905.46875,83.38489081851218,89.96277737718863,22.865625,22.865625
advection_diffusion_seed3,9,0,27.872077338129497,29.14006294964029,1954.6875,22.067287853022833,35.86966615346387,23.45625,23.45625
advection_diffusion_seed3,9,1,43.008436944937834,79.5626110124334,1979.296875,44.300024005481056,76.2558642575648,23.751562500000002,23.751562500000002
advection_diffusion_seed3,9,2,80.80339068825911,33.02505060728745,1736.71875,95.26099134132058,24.295447403463868,20.840625,20.840625
advection_diffusion_seed3,9,3,96.37640449438203,81.5625,1877.34375,83.91880384132058,90.29210320382359,22.528125,22.528125
advection_diffusion_seed3,10,0,28.391411870503596,29.25134892086331,1954.6875,22.58130248269089,35.89666032734644,23.45625,23.45625
advection_diffusion_seed3,10,1,43.43694096601073,79.645572450805,1965.234375,44.7233397655694,76.33077472731044,23.5828125,23.5828125
advection_diffusion_seed3,10,2,81.06776180698152,33.04158110882957,1712.109375,95.48095121599077,24.396269702346434,20.5453125,20.5453125
advection_diffusion_seed3,10,3,96.5625,81.5625,1898.4375,84.14931059099077,90.20781140648313,22.78125,22.78125
advection_diffusion_seed3,11,0,28.8736388384755,29.35004537205082,1937.109375,23.053784978218893,36.046686429647856,23.2453125,23.2453125
advection_diffusion_seed3,11,1,43.845628415300546,79.72677595628416,1930.078125,45.14040274629475,76.43325110878132,23.1609375,23.1609375
advection_diffusion_seed3,11,2,81.40178571428571,33.264030612244895,1722.65625,95.82415165162067,24.567389554647857,20.671875,20.671875
advection_diffusion_seed3,11,3,96.87268946395564,81.72365988909426,1901.953125,84.45032352662066,90.4203009466913,22.8234375,22.8234375
advection_diffusion_seed3,12,0,29.130930656934307,29.50729927007299,1926.5625,23.320424936730483,36.092187032577485,23.118750000000002,23.118750000000002
advection_diffusion_seed3,12,1,44.129341864716636,79.84689213893967,1923.046875,45.418191917626324,76.55620989401943,23.0765625,23.0765625
advection_diffusion_seed3,12,2,81.9390368852459,33.25051229508197,1715.625,96.21974933249282,24.665624532577482,20.587500000000002,20.587500000000002
advection_diffusion_seed3,12,3,97.17936802973978,81.85176579925651,1891.40625,84.89865558249282,90.436653561761,22.696875000000002,22.696875000000002
advection_diffusion_seed3,13,0,29.45893829401089,29.707350272232304,1937.109375,23.673894381434774,36.34757868117725,23.2453125,23.2453125
advection_diffusion_seed3,13,1,44.597727272727276,79.93636363636364,1933.59375,45.87703592989999,76.67111487056579,23.203125,23.203125
advection_diffusion_seed3,13,2,82.32433808553971,33.4979633401222,1726.171875,96.56403740951512,24.857734931177248,20.7140625,20.7140625
advection_diffusion_seed3,13,3,97.53537735849056,81.97995283018868,1863.28125,85.29567803451512,90.62018123913363,22.359375,22.359375
advection_diffusion_seed3,14,0,29.948583180987203,29.886882998171846,1923.046875,24.17602677698375,36.470373055834386,23.0765625,23.0765625
advection_diffusion_seed3,14,1,45.05514705882353,80.01838235294117,1912.5,46.324306546124156,76.75393113568262,22.95,22.95
advection_diffusion_seed3,14,2,82.62269938650307,33.627300613496935,1719.140625,96.83583233876679,25.043810555834387,20.6296875,20.6296875
advection_diffusion_seed3,14,3,97.86498091603053,82.05987595419847,1842.1875,85.6518479637668,90.64336601186102,22.10625,22.10625
advection_diffusion_seed3,15,0,30.44280442804428,29.920433579335793,1905.46875,24.646514854801993,36.48419860319249,22.865625,22.865625
advection_diffusion_seed3,15,1,45.51640480591497,80.22989833641405,1901.953125,46.78731019220628,76.95345994503175,22.8234375,22.8234375
advection_diffusion_seed3,15,2,83.03406762295081,33.68468237704918,1715.625,97.21541635662751,25.12091735319249,20.587500000000002,20.587500000000002
advection_diffusion_seed3,15,3,98.20223384030419,82.13640684410646,1849.21875,86.02088510662752,90.70017186796315,22.190625,22.190625
advection_diffusion_seed3,16,0,30.74861367837338,30.13170055452865,1901.953125,24.981577096000386,36.607611931977445,22.8234375,22.8234375
advection_diffusion_seed3,16,1,45.817486085343226,80.13798701298701,1894.921875,47.07569312496227,76.89418371241965,22.7390625,22.7390625
advection_diffusion_seed3,16,2,83.43365778688525,33.73078893442623,1715.625,97.5417561154008,25.25487755697744,20.587500000000002,20.587500000000002
advection_diffusion_seed3,16,3,98.45532319391636,82.30394486692015,1849.21875,86.3472248654008,90.77985624436894,22.190625,22.190625
advection_diffusion_seed3,17,0,31.202369888475836,30.324117100371748,1891.40625,25.435217609318556,36.75715972846456,22.696875000000002,22.696875000000002
advection_diffusion_seed3,17,1,46.21159217877095,80.33868715083798,1887.890625,47.4747515219688,77.10404303475657,22.6546875,22.6546875
advection_diffusion_seed3,17,2,83.97925204918033,33.869108606557376,1715.625,97.89053432252705,25.43606597846456,20.587500000000002,20.587500000000002
advection_diffusion_seed3,17,3,98.72330097087378,82.40898058252426,1810.546875,86.81201869752704,90.84202321061709,21.7265625,21.7265625
advection_diffusion_seed3,18,0,31.4567843866171,30.35199814126394,1891.40625,25.661945155873777,36.806926745095154,22.696875000000002,22.696875000000002
advection_diffusion_seed3,18,1,46.49722735674676,80.57994454713493,1901.953125,47.768079444548455,77.34079134513752,22.8234375,22.8234375
advection_diffusion_seed3,18,2,84.41334355828221,33.93021472392638,1719.140625,98.27998778553875,25.475286120095156,20.6296875,20.6296875
advection_diffusion_seed3,18,3,99.13139763779527,82.64025590551181,1785.9375,87.26475341053875,91.09518450934303,21.431250000000002,21.431250000000002
advection_diffusion_seed3,19,0,31.96561338289963,30.606412639405203,1891.40625,26.20111128555183,37.001235221159654,22.696875000000002,22.696875000000002
advection_diffusion_seed3,19,1,47.20957249070632,80.70515799256506,1891.40625,48.43370768685248,77.46453703996241,22.696875000000002,22.696875000000002
advection_diffusion_seed3,19,2,84.5398773006135,34.06441717791411,1719.140625,98.47893849560378,25.66959459615965,20.6296875,20.6296875
advection_diffusion_seed3,19,3,99.43440594059406,82.70420792079207,1775.390625,87.49534474560379,91.09903050254653,21.3046875,21.3046875
advection_diffusion_seed3,20,0,32.44656133828996,30.62732342007435,1891.40625,26.656530102052862,37.12470303195673,22.696875000000002,22.696875000000002
advection_diffusion_seed3,20,1,47.43055555555556,80.69791666666667,1898.4375,48.692219758837176,77.49978235593557,22.78125,22.78125
advection_diffusion_seed3,20,2,85.00127291242363,34.2693482688391,1726.171875,98.8110336811627,25.771968656956727,20.7140625,20.7140625
advection_diffusion_seed3,20,3,99.57391944990177,82.80574656188605,1789.453125,87.7641586811627,91.30312617376843,21.4734375,21.4734375
translation_growth_grid49,0,0,27.15447154471545,36.54471544715447,768.75,26.15447154471545,35.54471544715447,9.225,9.225
translation_growth_grid49,0,1,58.01204819277108,41.98795180722892,518.75,57.01204819277108,42.98795180722892,6.2250000000000005,6.2250000000000005
translation_growth_grid49,0,2,78.14732142857143,70.91517857142857,700.0,79.14732142857143,71.91517857142857,8.4,8.4
translation_growth_grid49,1,0,27.5,36.71052631578947,831.25,26.5,35.71052631578947,9.975,9.975
translation_growth_grid49,1,1,58.48314606741573,42.162921348314605,556.25,57.48314606741573,43.162921348314605,6.675,6.675
translation_growth_grid49,1,2,78.99122807017544,71.25,712.5,79.99122807017544,72.25,8.55,8.55
translation_growth_grid49,2,0,27.692307692307693,36.53846153846154,893.75,26.692307692307693,35.53846153846154,10.725,10.725
translation_growth_grid49,2,1,59.166666666666664,42.24747474747475,618.75,58.166666666666664,43.24747474747475,7.425,7.425
translation_growth_grid49,2,2,80.0,71.59482758620689,725.0,81.0,72.59482758620689,8.700000000000001,8.700000000000001
translation_growth_grid49,3,0,27.8,36.05,937.5,26.8,35.05,11.25,11.25
translation_growth_grid49,3,1,59.801980198019805,42.103960396039604,631.25,58.801980198019805,43.103960396039604,7.575,7.575
translation_growth_grid49,3,2,81.03813559322033,71.63135593220339,737.5,82.03813559322033,72.63135593220339,8.85,8.85
translation_growth_grid49,4,0,27.913793103448278,35.96551724137931,906.25,26.913793103448278,34.96551724137931,10.875,10.875
translation_growth_grid49,4,1,60.12626262626262,42.04545454545455,618.75,59.12626262626262,43.04545454545455,7.425,7.425
translation_growth_grid49,4,2,81.65289256198348,71.94214876033058,756.25,82.65289256198348,72.94214876033058,9.075000000000001,9.075000000000001
translation_growth_grid49,5,0,28.080985915492956,35.58098591549296,887.5,27.080985915492956,34.58098591549296,10.65,10.65
translation_growth_grid49,5,1,60.572916666666664,41.927083333333336,600.0,59.572916666666664,42.927083333333336,7.2,7.2
translation_growth_grid49,5,2,82.83834586466165,72.5,831.25,83.83834586466165,73.5,9.975,9.975
translation_growth_grid49,6,0,28.366666666666667,35.583333333333336,937.5,27.366666666666667,34.583333333333336,11.25,11.25
translation_growth_grid49,6,1,61.86868686868687,42.02020202020202,618.75,60.86868686868687,43.02020202020202,7.425,7.425
translation_growth_grid49,6,2,83.75,72.73076923076923,812.5,84.75,73.73076923076923,9.75,9.75
translation_growth_grid49,7,0,28.640625,35.375,1000.0,27.640625,34.375,12.0,12.0
translation_growth_grid49,7,1,62.40654205607477,41.61214953271028,668.75,61.40654205607477,42.61214953271028,8.025,8.025
translation_growth_grid49,7,2,84.70370370370371,73.03703703703704,843.75,85.70370370370371,74.03703703703704,10.125,10.125
translation_growth_grid49,8,0,28.75,35.35294117647059,1062.5,27.75,34.3514705882353,12.75,12.75
translation_growth_grid49,8,1,63.220338983050844,41.25,737.5,62.220338983050844,42.251470588235286,8.85,8.85
translation_growth_grid49,8,2,85.63380281690141,73.30985915492958,887.5,86.63380281690141,74.31132974316486,10.65,10.65
translation_growth_grid49,9,0,28.949704142011836,34.896449704142015,1056.25,27.949704142011836,33.896449704142015,12.675,12.675
translation_growth_grid49,9,1,63.516949152542374,41.25,737.5,62.516949152542374,42.25,8.85,8.85
translation_growth_grid49,9,2,86.7605633802817,73.75,887.5,87.7605633802817,74.75,10.65,10.65
translation_growth_grid49,10,0,29.032738095238095,34.6875,1050.0,28.032738095238095,33.6875,12.6,12.6
translation_growth_grid49,10,1,64.09482758620689,41.25,725.0,63.09482758620689,42.25,8.700000000000001,8.700000000000001
translation_growth_grid49,10,2,87.70134228187919,74.01006711409396,931.25,88.70134228187919,75.01006711409396,11.175,11.175
translation_growth_grid49,11,0,29.327485380116958,34.41520467836257,1068.75,28.327485380116958,33.41520467836257,12.825000000000001,12.825000000000001
translation_growth_grid49,11,1,64.53947368421052,41.074561403508774,712.5,63.53947368421052,42.074561403508774,8.55,8.55
translation_growth_grid49,11,2,88.48387096774194,74.16129032258064,968.75,89.48387096774194,75.16129032258064,11.625,11.625
translation_growth_grid49,12,0,29.505649717514125,34.23728813559322,1106.25,28.505649717514125,33.23728813559322,13.275,13.275
translation_growth_grid49,12,1,65.75630252100841,40.96638655462185,743.75,64.75630252100841,41.96638655462185,8.925,8.925
translation_growth_grid49,12,2,89.47712418300654,74.50980392156863,956.25,90.47712418300654,75.50980392156863,11.475,11.475
translation_growth_grid49,13,0,29.855263157894736,34.078947368421055,1187.5,28.855263157894736,33.078947368421055,14.25,14.25
translation_growth_grid49,13,1,66.14173228346456,40.531496062992126,793.75,65.14173228346456,41.531496062992126,9.525,9.525
translation_growth_grid49,13,2,90.88957055214723,75.0,1018.75,91.88957055214723,76.0,12.225,12.225
translation_growth_grid49,14,0,29.8,33.9375,1250.0,28.8,32.85797101449276,15.0,15.0
translation_growth_grid49,14,1,66.8840579710145,40.61594202898551,862.5,65.8840579710145,41.695471014492746,10.35,10.35
translation_growth_grid49,14,2,91.34969325153374,75.26073619631902,1018.75,92.34969325153374,76.34026518182625,12.225,12.225
translation_growth_grid49,15,0,30.0,33.75,1225.0,29.0,32.71114130434783,14.700000000000001,14.700000000000001
translation_growth_grid49,15,1,67.22826086956522,40.43478260869565,862.5,66.22826086956522,41.47364130434782,10.35,10.35
translation_growth_grid49,15,2,92.30994152046783,75.46783625730994,1068.75,93.30994152046783,76.5066949529621,12.825000000000001,12.825000000000001
translation_growth_grid49,16,0,30.191326530612244,33.69897959183673,1225.0,29.191326530612244,32.69897959183673,14.700000000000001,14.700000000000001
translation_growth_grid49,16,1,67.98148148148148,40.48148148148148,843.75,66.98148148148148,41.48148148148148,10.125,10.125
translation_growth_grid49,16,2,93.1638418079096,75.7909604519774,1106.25,94.1638418079096,76.7909604519774,13.275,13.275
translation_growth_grid49,17,0,30.527638190954775,33.42964824120603,1243.75,29.527638190954775,32.42964824120603,14.925,14.925
translation_growth_grid49,17,1,68.50378787878788,40.246212121212125,825.0,67.50378787878788,41.246212121212125,9.9,9.9
translation_growth_grid49,17,2,94.26470588235294,76.25,1062.5,95.26470588235294,77.25,12.75,12.75
translation_growth_grid49,18,0,30.79268292682927,33.292682926829265,1281.25,29.79268292682927,32.197680749128914,15.375,15.375
translation_growth_grid49,18,1,69.58928571428571,40.07142857142857,875.0,68.58928571428571,41.16643074912892,10.5,10.5
translation_growth_grid49,18,2,95.20833333333333,76.79166666666667,1125.0,96.20833333333333,77.88666884436702,13.5,13.5
translation_growth_grid49,19,0,30.758928571428573,32.857142857142854,1400.0,29.758928571428573,31.719196428571422,16.8,16.8
translation_growth_grid49,19,1,70.0,40.0,906.25,69.0,41.13794642857143,10.875,10.875
translation_growth_grid49,19,2,96.005291005291,77.15608465608466,1181.25,97.005291005291,78.2940310846561,14.175,14.175
translation_growth_grid49,20,0,30.891304347826086,32.54347826086956,1437.5,29.891304347826086,31.346739130434777,17.25,17.25
translation_growth_grid49,20,1,71.00308641975309,40.0,1012.5,70.00308641975309,41.196739130434786,12.15,12.15
translation_growth_grid49,20,2,97.01058201058201,77.46031746031746,1181.25,98.01058201058201,78.65705659075223,14.175,14.175
translation_growth_grid81,0,0,27.178861788617887,36.67886178861789,830.25,26.178861788617887,35.67886178861789,9.963000000000001,9.963000000000001
translation_growth_grid81,0,1,57.624,42.414,562.5,56.624,43.414,6.75,6.75
translation_growth_grid81,0,2,78.1651376146789,70.95412844036697,735.75,79.1651376146789,71.95412844036697,8.829,8.829
translation_growth_grid81,1,0,27.489304812834224,36.48930481283423,841.5,26.489304812834224,35.48930481283423,10.098,10.098
translation_growth_grid81,1,1,58.296,42.264,562.5,57.296,43.264,6.75,6.75
translation_growth_grid81,1,2,78.98307692307692,71.20615384615385,731.25,79.98307692307692,72.20615384615385,8.775,8.775
translation_growth_grid81,2,0,27.68625,36.33375,900.0,26.68625,35.33375,10.8,10.8
translation_growth_grid81,2,1,59.142857142857146,42.04945054945055,614.25,58.142857142857146,43.04945054945055,7.371,7.371
translation_growth_grid81,2,2,79.88904899135447,71.61095100864553,780.75,80.88904899135447,72.61095100864553,9.369,9.369
translation_growth_grid81,3,0,27.75,36.0735294117647,918.0,26.75,35.0735294117647,11.016,11.016
translation_growth_grid81,3,1,59.639575971731446,42.0,636.75,58.639575971731446,43.0,7.641,7.641
translation_growth_grid81,3,2,81.0,71.87252124645893,794.25,82.0,72.87252124645893,9.531,9.531
translation_growth_grid81,4,0,28.055555555555557,35.922222222222224,911.25,27.055555555555557,34.922222222222224,10.935,10.935
translation_growth_grid81,4,1,60.39247311827957,41.83870967741935,627.75,59.39247311827957,42.83870967741935,7.533,7.533
translation_growth_grid81,4,2,81.93074792243767,72.0415512465374,812.25,82.93074792243767,73.0415512465374,9.747,9.747
translation_growth_grid81,5,0,28.245882352941177,35.74588235294117,956.25,27.245882352941177,34.74588235294117,11.475,11.475
translation_growth_grid81,5,1,60.925862068965515,41.720689655172414,652.5,59.925862068965515,42.720689655172414,7.83,7.83
translation_growth_grid81,5,2,82.88582677165354,72.5,857.25,83.88582677165354,73.5,10.287,10.287
translation_growth_grid81,6,0,28.31045751633987,35.41503267973856,1032.75,27.31045751633987,34.41503267973856,12.393,12.393
translation_growth_grid81,6,1,61.548231511254016,41.469453376205784,699.75,60.548231511254016,42.469453376205784,8.397,8.397
translation_growth_grid81,6,2,83.73255813953489,72.78294573643412,870.75,84.73255813953489,73.78294573643412,10.449,10.449
translation_growth_grid81,7,0,28.603563474387528,35.26503340757238,1010.25,27.603563474387528,34.26503340757238,12.123000000000001,12.123000000000001
translation_growth_grid81,7,1,62.20388349514563,41.49029126213592,695.25,61.20388349514563,42.49029126213592,8.343,8.343
translation_growth_grid81,7,2,84.75,73.03030303030303,891.0,85.75,74.03030303030303,10.692,10.692
translation_growth_grid81,8,0,28.816304347826087,35.165217391304346,1035.0,27.816304347826087,34.165217391304346,12.42,12.42
translation_growth_grid81,8,1,62.78913738019169,41.41054313099041,704.25,61.78913738019169,42.41054313099041,8.451,8.451
translation_growth_grid81,8,2,85.72572815533981,73.39077669902913,927.0,86.72572815533981,74.39077669902913,11.124,11.124
translation_growth_grid81,9,0,28.937755102040818,34.8704081632653,1102.5,27.937755102040818,33.8704081632653,13.23,13.23
translation_growth_grid81,9,1,63.75,41.25,747.0,62.75,42.25,8.964,8.964
translation_growth_grid81,9,2,86.66943127962085,73.67061611374407,949.5,87.66943127962085,74.67061611374407,11.394,11.394
translation_growth_grid81,10,0,29.01006036217304,34.64486921529175,1118.25,28.01006036217304,33.64486921529175,13.419,13.419
translation_growth_grid81,10,1,64.07205882352942,41.175,765.0,63.07205882352942,42.175,9.18,9.18
translation_growth_grid81,10,2,87.63553530751709,74.08086560364465,987.75,88.63553530751709,75.08086560364465,11.853,11.853
translation_growth_grid81,11,0,29.3125,34.5,1134.0,28.3125,33.5,13.608,13.608
translation_growth_grid81,11,1,64.75953079178886,40.93988269794721,767.25,63.75953079178886,41.93988269794721,9.207,9.207
translation_growth_grid81,11,2,88.56108597285068,74.37556561085972,994.5,89.56108597285068,75.37556561085972,11.934000000000001,11.934000000000001
translation_growth_grid81,12,0,29.441860465116278,34.354651162790695,1161.0,28.441860465116278,33.354651162790695,13.932,13.932
translation_growth_grid81,12,1,65.51709401709402,40.76068376068376,789.75,64.51709401709402,41.76068376068376,9.477,9.477
translation_growth_grid81,12,2,89.37527114967462,74.6290672451193,1037.25,90.37527114967462,75.6290672451193,12.447000000000001,12.447000000000001
translation_growth_grid81,13,0,29.587912087912088,34.043956043956044,1228.5,28.587912087912088,33.043956043956044,14.742,14.742
translation_growth_grid81,13,1,66.03638814016172,40.81132075471698,834.75,65.03638814016172,41.81132075471698,10.017,10.017
translation_growth_grid81,13,2,90.47452229299363,74.97452229299363,1059.75,91.47452229299363,75.97452229299363,12.717,12.717
translation_growth_grid81,14,0,29.784530386740332,33.91988950276243,1221.75,28.784530386740332,32.91988950276243,14.661,14.661
translation_growth_grid81,14,1,66.65853658536585,40.58536585365854,830.25,65.65853658536585,41.58536585365854,9.963000000000001,9.963000000000001
translation_growth_grid81,14,2,91.43110647181628,75.24425887265136,1077.75,92.43110647181628,76.24425887265136,12.933,12.933
translation_growth_grid81,15,0,30.124548736462096,33.70667870036101,1246.5,29.124548736462096,32.70667870036101,14.958,14.958
translation_growth_grid81,15,1,67.35120643431635,40.56434316353887,839.25,66.35120643431635,41.56434316353887,10.071,10.071
translation_growth_grid81,15,2,92.25,75.67469879518072,1120.5,93.25,76.67469879518072,13.446,13.446
translation_growth_grid81,16,0,30.23156089193825,33.37564322469983,1311.75,29.23156089193825,32.3242675078723,15.741,15.741
translation_growth_grid81,16,1,68.07089552238806,40.42164179104478,904.5,67.07089552238806,41.47301750787231,10.854000000000001,10.854000000000001
translation_growth_grid81,16,2,93.15557729941291,75.85420743639922,1149.75,94.15557729941291,76.90558315322676,13.797,13.797
translation_growth_grid81,17,0,30.333050847457628,33.23898305084746,1327.5,29.333050847457628,32.22247763653484,15.93,15.93
translation_growth_grid81,17,1,68.55555555555556,40.422222222222224,911.25,67.55555555555556,41.43872763653484,10.935,10.935
translation_growth_grid81,17,2,94.22912621359224,76.26699029126213,1158.75,95.22912621359224,77.28349570557475,13.905000000000001,13.905000000000001
translation_growth_grid81,18,0,30.613752122241088,33.145161290322584,1325.25,29.613752122241088,32.0485571303098,15.903,15.903
translation_growth_grid81,18,1,69.23762376237623,40.15470297029703,909.0,68.23762376237623,41.25130713030981,10.908,10.908
translation_growth_grid81,18,2,95.10335195530726,76.60055865921788,1208.25,96.10335195530726,77.69716281923067,14.499,14.499
translation_growth_grid81,19,0,30.81048387096774,32.83548387096774,1395.0,29.81048387096774,31.732153072924625,16.740000000000002,16.740000000000002
translation_growth_grid81,19,1,69.9063981042654,40.16232227488152,949.5,68.9063981042654,41.265653072924636,11.394,11.394
translation_growth_grid81,19,2,96.08256880733946,76.9348623853211,1226.25,97.08256880733946,78.03819318336421,14.715,14.715
translation_growth_grid81,20,0,30.962790697674418,32.73255813953488,1451.25,29.962790697674418,31.424012177875554,17.415,17.415
translation_growth_grid81,20,1,70.5,39.96621621621622,999.0,69.5,41.274762177875544,11.988,11.988
translation_growth_grid81,20,2,97.0370036101083,77.13628158844766,1246.5,98.0370036101083,78.444827550107,14.958,14.958
