scene,mode,t,feature,q,x,width,true_measure
translation,Full,0,0,22.099999999999998,22.100000502772332,4.68,78
translation,Full,0,1,38.199999999999996,38.20000468446466,4.859999999999999,81
translation,Full,0,2,59.199999999999996,59.19999822790618,5.46,91
translation,Full,1,0,23.099999999999998,23.100000424805376,4.68,78
translation,Full,1,1,39.199999999999996,39.20000395765185,4.859999999999999,81
translation,Full,1,2,60.19999999999999,60.19999848170706,5.46,91
translation,Full,2,0,24.099999999999998,24.100000411444633,4.68,78
translation,Full,2,1,40.199999999999996,40.20000390103314,4.859999999999999,81
translation,Full,2,2,61.19999999999999,61.1999984904644,5.46,91
translation,Full,3,0,25.099999999999998,25.100000409646896,4.68,78
translation,Full,3,1,41.199999999999996,41.20000389635145,4.859999999999999,81
translation,Full,3,2,62.19999999999999,62.199998490141226,5.46,91
translation,Full,4,0,26.099999999999998,26.100000409426272,4.68,78
translation,Full,4,1,42.199999999999996,42.20000389593855,4.859999999999999,81
translation,Full,4,2,63.199999999999996,63.1999984900189,5.46,91
translation,Full,5,0,27.1,27.100000409400373,4.68,78
translation,Full,5,1,43.199999999999996,43.20000389589982,4.859999999999999,81
translation,Full,5,2,64.2,64.19999848999956,5.46,91
translation,Full,6,0,28.1,28.100000409397396,4.68,78
translation,Full,6,1,44.199999999999996,44.200003895896,4.859999999999999,81
translation,Full,6,2,65.2,65.19999848999706,5.46,91
translation,Full,7,0,29.1,29.10000040939706,4.68,78
translation,Full,7,1,45.199999999999996,45.20000389589561,4.859999999999999,81
translation,Full,7,2,66.2,66.19999848999674,5.46,91
translation,Full,8,0,30.1,30.100000409397026,4.68,78
translation,Full,8,1,46.199999999999996,46.200003895895584,4.859999999999999,81
translation,Full,8,2,67.2,67.1999984899967,5.46,91
translation,Full,9,0,31.1,31.100000409397015,4.68,78
translation,Full,9,1,47.199999999999996,47.200003895895556,4.859999999999999,81
translation,Full,9,2,68.2,68.19999848999667,5.46,91
translation,Full,10,0,32.1,32.10000040939701,4.68,78
translation,Full,10,1,48.199999999999996,48.200003895895556,4.859999999999999,81
translation,Full,10,2,69.2,69.19999848999669,5.46,91
translation,Full,11,0,33.099999999999994,33.100000409397,4.68,78
translation,Full,11,1,49.199999999999996,49.20000389589556,4.859999999999999,81
translation,Full,11,2,70.2,70.19999848999667,5.46,91
translation,Full,12,0,34.1,34.100000409397005,4.68,78
translation,Full,12,1,50.199999999999996,50.200003895895556,4.859999999999999,81
translation,Full,12,2,71.2,71.1999984899967,5.46,91
translation,RelativeWidth,0,0,22.099999999999998,22.100000502772332,4.68,78
translation,RelativeWidth,0,1,38.199999999999996,38.20000468446466,4.859999999999999,81
translation,RelativeWidth,0,2,59.199999999999996,59.19999822790618,5.46,91
translation,RelativeWidth,1,0,23.099999999999998,23.100000424805376,4.68,78
translation,RelativeWidth,1,1,39.199999999999996,39.20000395765185,4.859999999999999,81
translation,RelativeWidth,1,2,60.19999999999999,60.19999848170706,5.46,91
translation,RelativeWidth,2,0,24.099999999999998,24.100000411444633,4.68,78
translation,RelativeWidth,2,1,40.199999999999996,40.20000390103314,4.859999999999999,81
translation,RelativeWidth,2,2,61.19999999999999,61.1999984904644,5.46,91
translation,RelativeWidth,3,0,25.099999999999998,25.100000409646896,4.68,78
translation,RelativeWidth,3,1,41.199999999999996,41.20000389635145,4.859999999999999,81
translation,RelativeWidth,3,2,62.19999999999999,62.199998490141226,5.46,91
translation,RelativeWidth,4,0,26.099999999999998,26.100000409426272,4.68,78
translation,RelativeWidth,4,1,42.199999999999996,42.20000389593855,4.859999999999999,81
translation,RelativeWidth,4,2,63.199999999999996,63.1999984900189,5.46,91
translation,RelativeWidth,5,0,27.1,27.100000409400373,4.68,78
translation,RelativeWidth,5,1,43.199999999999996,43.20000389589982,4.859999999999999,81
translation,RelativeWidth,5,2,64.2,64.19999848999956,5.46,91
translation,RelativeWidth,6,0,28.1,28.100000409397396,4.68,78
translation,RelativeWidth,6,1,44.199999999999996,44.200003895896,4.859999999999999,81
translation,RelativeWidth,6,2,65.2,65.19999848999706,5.46,91
translation,RelativeWidth,7,0,29.1,29.10000040939706,4.68,78
translation,RelativeWidth,7,1,45.199999999999996,45.20000389589561,4.859999999999999,81
translation,RelativeWidth,7,2,66.2,66.19999848999674,5.46,91
translation,RelativeWidth,8,0,30.1,30.100000409397026,4.68,78
translation,RelativeWidth,8,1,46.199999999999996,46.200003895895584,4.859999999999999,81
translation,RelativeWidth,8,2,67.2,67.1999984899967,5.46,91
translation,RelativeWidth,9,0,31.1,31.100000409397015,4.68,78
translation,RelativeWidth,9,1,47.199999999999996,47.200003895895556,4.859999999999999,81
translation,RelativeWidth,9,2,68.2,68.19999848999667,5.46,91
translation,RelativeWidth,10,0,32.1,32.10000040939701,4.68,78
translation,RelativeWidth,10,1,48.199999999999996,48.200003895895556,4.859999999999999,81
translation,RelativeWidth,10,2,69.2,69.19999848999669,5.46,91
translation,RelativeWidth,11,0,33.099999999999994,33.100000409397,4.68,78
translation,RelativeWidth,11,1,49.199999999999996,49.20000389589556,4.859999999999999,81
translation,RelativeWidth,11,2,70.2,70.19999848999667,5.46,91
translation,RelativeWidth,12,0,34.1,34.100000409397005,4.68,78
translation,RelativeWidth,12,1,50.199999999999996,50.200003895895556,4.859999999999999,81
translation,RelativeWidth,12,2,71.2,71.1999984899967,5.46,91
translation,OldTime,0,0,22.099999999999998,22.100000502772332,4.68,78
translation,OldTime,0,1,38.199999999999996,38.20000468446466,4.859999999999999,81
translation,OldTime,0,2,59.199999999999996,59.19999822790618,5.46,91
translation,OldTime,1,0,23.099999999999998,22.988889218800345,4.68,78
translation,OldTime,1,1,39.199999999999996,39.088892653094625,4.859999999999999,81
translation,OldTime,1,2,60.19999999999999,60.08888696691042,5.46,91
translation,OldTime,2,0,24.099999999999998,23.976543502305752,4.68,78
translation,OldTime,2,1,40.199999999999996,40.07654687694658,4.859999999999999,81
translation,OldTime,2,2,61.19999999999999,61.07654122939482,5.46,91
translation,OldTime,3,0,25.099999999999998,24.975171754022274,4.68,78
translation,OldTime,3,1,41.199999999999996,41.075175123612134,4.859999999999999,81
translation,OldTime,3,2,62.19999999999999,62.07516947730226,5.46,91
translation,OldTime,4,0,26.099999999999998,25.975019337325275,4.68,78
translation,OldTime,4,1,42.199999999999996,42.0750227064593,4.859999999999999,81
translation,OldTime,4,2,63.199999999999996,63.075017060084974,5.46,91
translation,OldTime,5,0,27.1,26.975002402112292,4.68,78
translation,OldTime,5,1,43.199999999999996,43.075005771202676,4.859999999999999,81
translation,OldTime,5,2,64.2,64.07500012480769,5.46,91
translation,OldTime,6,0,28.1,27.975000520419243,4.68,78
translation,OldTime,6,1,44.199999999999996,44.07500388950526,4.859999999999999,81
translation,OldTime,6,2,65.2,65.07499824310709,5.46,91
translation,OldTime,7,0,29.1,28.975000311341947,4.68,78
translation,OldTime,7,1,45.199999999999996,45.0750036804275,4.859999999999999,81
translation,OldTime,7,2,66.2,66.07499803402894,5.46,91
translation,OldTime,8,0,30.1,29.975000288111104,4.68,78
translation,OldTime,8,1,46.199999999999996,46.07500365719662,4.859999999999999,81
translation,OldTime,8,2,67.2,67.07499801079797,5.46,91
translation,OldTime,9,0,31.1,30.975000285529894,4.68,78
translation,OldTime,9,1,47.199999999999996,47.075003654615394,4.859999999999999,81
translation,OldTime,9,2,68.2,68.07499800821678,5.46,91
translation,OldTime,10,0,32.1,31.975000285243095,4.68,78
translation,OldTime,10,1,48.199999999999996,48.075003654328604,4.859999999999999,81
translation,OldTime,10,2,69.2,69.07499800792996,5.46,91
translation,OldTime,11,0,33.099999999999994,32.975000285211216,4.68,78
translation,OldTime,11,1,49.199999999999996,49.07500365429672,4.859999999999999,81
translation,OldTime,11,2,70.2,70.07499800789812,5.46,91
translation,OldTime,12,0,34.1,33.97500028520769,4.68,78
translation,OldTime,12,1,50.199999999999996,50.0750036542932,4.859999999999999,81
translation,OldTime,12,2,71.2,71.07499800789455,5.46,91
translation,NoTime,0,0,22.099999999999998,22.100000502772332,4.68,78
translation,NoTime,0,1,38.199999999999996,38.20000468446466,4.859999999999999,81
translation,NoTime,0,2,59.199999999999996,59.19999822790618,5.46,91
translation,NoTime,1,0,23.099999999999998,23.10000050277232,4.68,78
translation,NoTime,1,1,39.199999999999996,39.200004684464666,4.859999999999999,81
translation,NoTime,1,2,60.19999999999999,60.19999822790618,5.46,91
translation,NoTime,2,0,24.099999999999998,24.10000050277232,4.68,78
translation,NoTime,2,1,40.199999999999996,40.200004684464666,4.859999999999999,81
translation,NoTime,2,2,61.19999999999999,61.19999822790618,5.46,91
translation,NoTime,3,0,25.099999999999998,25.10000050277232,4.68,78
translation,NoTime,3,1,41.199999999999996,41.200004684464666,4.859999999999999,81
translation,NoTime,3,2,62.19999999999999,62.19999822790618,5.46,91
translation,NoTime,4,0,26.099999999999998,26.100000502772332,4.68,78
translation,NoTime,4,1,42.199999999999996,42.20000468446466,4.859999999999999,81
translation,NoTime,4,2,63.199999999999996,63.19999822790618,5.46,91
translation,NoTime,5,0,27.1,27.100000502772335,4.68,78
translation,NoTime,5,1,43.199999999999996,43.20000468446467,4.859999999999999,81
translation,NoTime,5,2,64.2,64.19999822790616,5.46,91
translation,NoTime,6,0,28.1,28.10000050277233,4.68,78
translation,NoTime,6,1,44.199999999999996,44.20000468446468,4.859999999999999,81
translation,NoTime,6,2,65.2,65.1999982279062,5.46,91
translation,NoTime,7,0,29.1,29.10000050277233,4.68,78
translation,NoTime,7,1,45.199999999999996,45.20000468446468,4.859999999999999,81
translation,NoTime,7,2,66.2,66.1999982279062,5.46,91
translation,NoTime,8,0,30.1,30.10000050277233,4.68,78
translation,NoTime,8,1,46.199999999999996,46.20000468446468,4.859999999999999,81
translation,NoTime,8,2,67.2,67.1999982279062,5.46,91
translation,NoTime,9,0,31.1,31.10000050277233,4.68,78
translation,NoTime,9,1,47.199999999999996,47.20000468446468,4.859999999999999,81
translation,NoTime,9,2,68.2,68.1999982279062,5.46,91
translation,NoTime,10,0,32.1,32.10000050277233,4.68,78
translation,NoTime,10,1,48.199999999999996,48.20000468446468,4.859999999999999,81
translation,NoTime,10,2,69.2,69.1999982279062,5.46,91
translation,NoTime,11,0,33.099999999999994,33.10000050277231,4.68,78
translation,NoTime,11,1,49.199999999999996,49.200004684464666,4.859999999999999,81
translation,NoTime,11,2,70.2,70.19999822790616,5.46,91
translation,NoTime,12,0,34.1,34.10000050277232,4.68,78
translation,NoTime,12,1,50.199999999999996,50.20000468446466,4.859999999999999,81
translation,NoTime,12,2,71.2,71.19999822790618,5.46,91
translation,NoReferencePenalty,0,0,22.099999999999998,22.100000591217764,4.68,78
translation,NoReferencePenalty,0,1,38.199999999999996,38.19999005479701,4.859999999999999,81
translation,NoReferencePenalty,0,2,59.199999999999996,59.20000935398521,5.46,91
translation,NoReferencePenalty,1,0,23.099999999999998,23.099845024968836,4.68,78
translation,NoReferencePenalty,1,1,39.199999999999996,39.199906429240144,4.859999999999999,81
translation,NoReferencePenalty,1,2,60.19999999999999,60.19973852709612,5.46,91
translation,NoReferencePenalty,2,0,24.099999999999998,24.099676912003524,4.68,78
translation,NoReferencePenalty,2,1,40.199999999999996,40.1997485575612,4.859999999999999,81
translation,NoReferencePenalty,2,2,61.19999999999999,61.19955393474795,5.46,91
translation,NoReferencePenalty,3,0,25.099999999999998,25.099506892679777,4.68,78
translation,NoReferencePenalty,3,1,41.199999999999996,41.19957996184329,4.859999999999999,81
translation,NoReferencePenalty,3,2,62.19999999999999,62.19938156454862,5.46,91
translation,NoReferencePenalty,4,0,26.099999999999998,26.099336490696693,4.68,78
translation,NoReferencePenalty,4,1,42.199999999999996,42.19940972321172,4.859999999999999,81
translation,NoReferencePenalty,4,2,63.199999999999996,63.19921083249648,5.46,91
translation,NoReferencePenalty,5,0,27.1,27.099165924062376,4.68,78
translation,NoReferencePenalty,5,1,43.199999999999996,43.199239139719,4.859999999999999,81
translation,NoReferencePenalty,5,2,64.2,64.19904022486247,5.46,91
translation,NoReferencePenalty,6,0,28.1,28.098995223783472,4.68,78
translation,NoReferencePenalty,6,1,44.199999999999996,44.19906839672217,4.859999999999999,81
translation,NoReferencePenalty,6,2,65.2,65.19886952496712,5.46,91
translation,NoReferencePenalty,7,0,29.1,29.09882439408384,4.68,78
translation,NoReferencePenalty,7,1,45.199999999999996,45.198897520503095,4.859999999999999,81
translation,NoReferencePenalty,7,2,66.2,66.19869870160863,5.46,91
translation,NoReferencePenalty,8,0,30.1,30.09865343535094,4.68,78
translation,NoReferencePenalty,8,1,46.199999999999996,46.198726514601134,4.859999999999999,81
translation,NoReferencePenalty,8,2,67.2,67.19852775010784,5.46,91
translation,NoReferencePenalty,9,0,31.1,31.098482347422205,4.68,78
translation,NoReferencePenalty,9,1,47.199999999999996,47.198555379303734,4.859999999999999,81
translation,NoReferencePenalty,9,2,68.2,68.19835666957778,5.46,91
translation,NoReferencePenalty,10,0,32.1,32.0983111300557,4.68,78
translation,NoReferencePenalty,10,1,48.199999999999996,48.19838411443285,4.859999999999999,81
translation,NoReferencePenalty,10,2,69.2,69.19818545967311,5.46,91
translation,NoReferencePenalty,11,0,33.099999999999994,33.098139782997535,4.68,78
translation,NoReferencePenalty,11,1,49.199999999999996,49.19821271974329,4.859999999999999,81
translation,NoReferencePenalty,11,2,70.2,70.19801412012548,5.46,91
translation,NoReferencePenalty,12,0,34.1,34.09796830599156,4.68,78
translation,NoReferencePenalty,12,1,50.199999999999996,50.198041194979695,4.859999999999999,81
translation,NoReferencePenalty,12,2,71.2,71.19784265067683,5.46,91
translation,ReferenceOnly,0,0,22.099999999999998,22.099999999999998,4.68,78
translation,ReferenceOnly,0,1,38.199999999999996,38.200000000001005,4.859999999999999,81
translation,ReferenceOnly,0,2,59.199999999999996,59.19999999999898,5.46,91
translation,ReferenceOnly,1,0,23.099999999999998,23.099999999999998,4.68,78
translation,ReferenceOnly,1,1,39.199999999999996,39.20000000000432,4.859999999999999,81
translation,ReferenceOnly,1,2,60.19999999999999,60.1999999999957,5.46,91
translation,ReferenceOnly,2,0,24.099999999999998,24.100000000000005,4.68,78
translation,ReferenceOnly,2,1,40.199999999999996,40.2000000000003,4.859999999999999,81
translation,ReferenceOnly,2,2,61.19999999999999,61.199999999999676,5.46,91
translation,ReferenceOnly,3,0,25.099999999999998,25.09999999999999,4.68,78
translation,ReferenceOnly,3,1,41.199999999999996,41.20000000000269,4.859999999999999,81
translation,ReferenceOnly,3,2,62.19999999999999,62.199999999997296,5.46,91
translation,ReferenceOnly,4,0,26.099999999999998,26.099999999999998,4.68,78
translation,ReferenceOnly,4,1,42.199999999999996,42.20000000000307,4.859999999999999,81
translation,ReferenceOnly,4,2,63.199999999999996,63.19999999999694,5.46,91
translation,ReferenceOnly,5,0,27.1,27.1,4.68,78
translation,ReferenceOnly,5,1,43.199999999999996,43.20000000000103,4.859999999999999,81
translation,ReferenceOnly,5,2,64.2,64.19999999999895,5.46,91
translation,ReferenceOnly,6,0,28.1,28.100000000000005,4.68,78
translation,ReferenceOnly,6,1,44.199999999999996,44.200000000003854,4.859999999999999,81
translation,ReferenceOnly,6,2,65.2,65.19999999999618,5.46,91
translation,ReferenceOnly,7,0,29.1,29.1,4.68,78
translation,ReferenceOnly,7,1,45.199999999999996,45.199999999992286,4.859999999999999,81
translation,ReferenceOnly,7,2,66.2,66.2000000000077,5.46,91
translation,ReferenceOnly,8,0,30.1,30.1,4.68,78
translation,ReferenceOnly,8,1,46.199999999999996,46.19999999999256,4.859999999999999,81
translation,ReferenceOnly,8,2,67.2,67.20000000000744,5.46,91
translation,ReferenceOnly,9,0,31.1,31.10000000000001,4.68,78
translation,ReferenceOnly,9,1,47.199999999999996,47.2000000000017,4.859999999999999,81
translation,ReferenceOnly,9,2,68.2,68.19999999999827,5.46,91
translation,ReferenceOnly,10,0,32.1,32.10000000000001,4.68,78
translation,ReferenceOnly,10,1,48.199999999999996,48.20000000000455,4.859999999999999,81
translation,ReferenceOnly,10,2,69.2,69.19999999999543,5.46,91
translation,ReferenceOnly,11,0,33.099999999999994,33.099999999999994,4.68,78
translation,ReferenceOnly,11,1,49.199999999999996,49.20000000000808,4.859999999999999,81
translation,ReferenceOnly,11,2,70.2,70.19999999999196,5.46,91
translation,ReferenceOnly,12,0,34.1,34.09999999999999,4.68,78
translation,ReferenceOnly,12,1,50.199999999999996,50.19999999998813,4.859999999999999,81
translation,ReferenceOnly,12,2,71.2,71.20000000001184,5.46,91
translation,LegacyObjective,0,0,22.099999999999998,22.100002486210563,4.68,78
translation,LegacyObjective,0,1,38.199999999999996,38.1999883734349,4.859999999999999,81
translation,LegacyObjective,0,2,59.199999999999996,59.20000914035453,5.46,91
translation,LegacyObjective,1,0,23.099999999999998,23.100000355172934,4.68,78
translation,LegacyObjective,1,1,39.199999999999996,39.19999833906213,4.859999999999999,81
translation,LegacyObjective,1,2,60.19999999999999,60.20000130576492,5.46,91
translation,LegacyObjective,2,0,24.099999999999998,24.100000050738984,4.68,78
translation,LegacyObjective,2,1,40.199999999999996,40.19999976272316,4.859999999999999,81
translation,LegacyObjective,2,2,61.19999999999999,61.200000186537835,5.46,91
translation,LegacyObjective,3,0,25.099999999999998,25.100000007248422,4.68,78
translation,LegacyObjective,3,1,41.199999999999996,41.199999966103306,4.859999999999999,81
translation,LegacyObjective,3,2,62.19999999999999,62.200000026648254,5.46,91
translation,LegacyObjective,4,0,26.099999999999998,26.100000001035493,4.68,78
translation,LegacyObjective,4,1,42.199999999999996,42.19999999515762,4.859999999999999,81
translation,LegacyObjective,4,2,63.199999999999996,63.20000000380689,5.46,91
translation,LegacyObjective,5,0,27.1,27.100000000147936,4.68,78
translation,LegacyObjective,5,1,43.199999999999996,43.19999999930823,4.859999999999999,81
translation,LegacyObjective,5,2,64.2,64.20000000054385,5.46,91
translation,LegacyObjective,6,0,28.1,28.10000000002114,4.68,78
translation,LegacyObjective,6,1,44.199999999999996,44.19999999990118,4.859999999999999,81
translation,LegacyObjective,6,2,65.2,65.2000000000777,5.46,91
translation,LegacyObjective,7,0,29.1,29.10000000000302,4.68,78
translation,LegacyObjective,7,1,45.199999999999996,45.199999999985884,4.859999999999999,81
translation,LegacyObjective,7,2,66.2,66.2000000000111,5.46,91
translation,LegacyObjective,8,0,30.1,30.10000000000044,4.68,78
translation,LegacyObjective,8,1,46.199999999999996,46.199999999997985,4.859999999999999,81
translation,LegacyObjective,8,2,67.2,67.2000000000016,5.46,91
translation,LegacyObjective,9,0,31.1,31.100000000000072,4.68,78
translation,LegacyObjective,9,1,47.199999999999996,47.19999999999972,4.859999999999999,81
translation,LegacyObjective,9,2,68.2,68.20000000000024,5.46,91
translation,LegacyObjective,10,0,32.1,32.10000000000003,4.68,78
translation,LegacyObjective,10,1,48.199999999999996,48.199999999999974,4.859999999999999,81
translation,LegacyObjective,10,2,69.2,69.20000000000005,5.46,91
translation,LegacyObjective,11,0,33.099999999999994,33.10000000000001,4.68,78
translation,LegacyObjective,11,1,49.199999999999996,49.2,4.859999999999999,81
translation,LegacyObjective,11,2,70.2,70.20000000000002,5.46,91
translation,LegacyObjective,12,0,34.1,34.10000000000002,4.68,78
translation,LegacyObjective,12,1,50.199999999999996,50.20000000000002,4.859999999999999,81
translation,LegacyObjective,12,2,71.2,71.20000000000003,5.46,91
translation,TightBudget,0,0,22.099999999999998,22.099999999999998,4.68,78
translation,TightBudget,0,1,38.199999999999996,38.199999999999996,4.859999999999999,81
translation,TightBudget,0,2,59.199999999999996,59.199999999999996,5.46,91
translation,TightBudget,1,0,23.099999999999998,23.099999999999998,4.68,78
translation,TightBudget,1,1,39.199999999999996,39.199999999999996,4.859999999999999,81
translation,TightBudget,1,2,60.19999999999999,60.19999999999999,5.46,91
translation,TightBudget,2,0,24.099999999999998,24.099999999999998,4.68,78
translation,TightBudget,2,1,40.199999999999996,40.199999999999996,4.859999999999999,81
translation,TightBudget,2,2,61.19999999999999,61.19999999999999,5.46,91
translation,TightBudget,3,0,25.099999999999998,25.099999999999998,4.68,78
translation,TightBudget,3,1,41.199999999999996,41.199999999999996,4.859999999999999,81
translation,TightBudget,3,2,62.19999999999999,62.19999999999999,5.46,91
translation,TightBudget,4,0,26.099999999999998,26.099999999999998,4.68,78
translation,TightBudget,4,1,42.199999999999996,42.199999999999996,4.859999999999999,81
translation,TightBudget,4,2,63.199999999999996,63.199999999999996,5.46,91
translation,TightBudget,5,0,27.1,27.1,4.68,78
translation,TightBudget,5,1,43.199999999999996,43.199999999999996,4.859999999999999,81
translation,TightBudget,5,2,64.2,64.2,5.46,91
translation,TightBudget,6,0,28.1,28.1,4.68,78
translation,TightBudget,6,1,44.199999999999996,44.199999999999996,4.859999999999999,81
translation,TightBudget,6,2,65.2,65.2,5.46,91
translation,TightBudget,7,0,29.1,29.1,4.68,78
translation,TightBudget,7,1,45.199999999999996,45.199999999999996,4.859999999999999,81
translation,TightBudget,7,2,66.2,66.2,5.46,91
translation,TightBudget,8,0,30.1,30.1,4.68,78
translation,TightBudget,8,1,46.199999999999996,46.199999999999996,4.859999999999999,81
translation,TightBudget,8,2,67.2,67.2,5.46,91
translation,TightBudget,9,0,31.1,31.1,4.68,78
translation,TightBudget,9,1,47.199999999999996,47.199999999999996,4.859999999999999,81
translation,TightBudget,9,2,68.2,68.2,5.46,91
translation,TightBudget,10,0,32.1,32.1,4.68,78
translation,TightBudget,10,1,48.199999999999996,48.199999999999996,4.859999999999999,81
translation,TightBudget,10,2,69.2,69.2,5.46,91
translation,TightBudget,11,0,33.099999999999994,33.099999999999994,4.68,78
translation,TightBudget,11,1,49.199999999999996,49.199999999999996,4.859999999999999,81
translation,TightBudget,11,2,70.2,70.2,5.46,91
translation,TightBudget,12,0,34.1,34.1,4.68,78
translation,TightBudget,12,1,50.199999999999996,50.199999999999996,4.859999999999999,81
translation,TightBudget,12,2,71.2,71.2,5.46,91
translation,LooseBudget,0,0,22.099999999999998,22.100000042832782,4.68,78
translation,LooseBudget,0,1,38.199999999999996,38.1999999208338,4.859999999999999,81
translation,LooseBudget,0,2,59.199999999999996,59.19999997142098,5.46,91
translation,LooseBudget,1,0,23.099999999999998,23.100000001893847,4.68,78
translation,LooseBudget,1,1,39.199999999999996,39.199999993760585,4.859999999999999,81
translation,LooseBudget,1,2,60.19999999999999,60.199999997133055,5.46,91
translation,LooseBudget,2,0,24.099999999999998,24.100000000019378,4.68,78
translation,LooseBudget,2,1,40.199999999999996,40.19999999947719,4.859999999999999,81
translation,LooseBudget,2,2,61.19999999999999,61.199999999702015,5.46,91
translation,LooseBudget,3,0,25.099999999999998,25.099941426047796,4.68,78
translation,LooseBudget,3,1,41.199999999999996,41.200003777404234,4.859999999999999,81
translation,LooseBudget,3,2,62.19999999999999,62.19997801501021,5.46,91
translation,LooseBudget,4,0,26.099999999999998,26.09999495756559,4.68,78
translation,LooseBudget,4,1,42.199999999999996,42.19999911432269,4.859999999999999,81
translation,LooseBudget,4,2,63.199999999999996,63.19999739682975,5.46,91
translation,LooseBudget,5,0,27.1,27.099976699831636,4.68,78
translation,LooseBudget,5,1,43.199999999999996,43.20003351214334,4.859999999999999,81
translation,LooseBudget,5,2,64.2,64.20001117599915,5.46,91
translation,LooseBudget,6,0,28.1,28.099998763514325,4.68,78
translation,LooseBudget,6,1,44.199999999999996,44.20000255100177,4.859999999999999,81
translation,LooseBudget,6,2,65.2,65.20000106192548,5.46,91
translation,LooseBudget,7,0,29.1,29.10000161838327,4.68,78
translation,LooseBudget,7,1,45.199999999999996,45.19999987437837,4.859999999999999,81
translation,LooseBudget,7,2,66.2,66.20000064358328,5.46,91
translation,LooseBudget,8,0,30.1,30.09999953659941,4.68,78
translation,LooseBudget,8,1,46.199999999999996,46.20000040752855,4.859999999999999,81
translation,LooseBudget,8,2,67.2,67.20000005202904,5.46,91
translation,LooseBudget,9,0,31.1,31.100000212331963,4.68,78
translation,LooseBudget,9,1,47.199999999999996,47.199999803583005,4.859999999999999,81
translation,LooseBudget,9,2,68.2,68.1999999666153,5.46,91
translation,LooseBudget,10,0,32.1,32.099999631909704,4.68,78
translation,LooseBudget,10,1,48.199999999999996,48.20000034541394,4.859999999999999,81
translation,LooseBudget,10,2,69.2,69.20000006088772,5.46,91
translation,LooseBudget,11,0,33.099999999999994,33.09999997789927,4.68,78
translation,LooseBudget,11,1,49.199999999999996,49.200000021894326,4.859999999999999,81
translation,LooseBudget,11,2,70.2,70.2000000043549,5.46,91
translation,LooseBudget,12,0,34.1,34.099999998722524,4.68,78
translation,LooseBudget,12,1,50.199999999999996,50.200000001400284,4.859999999999999,81
translation,LooseBudget,12,2,71.2,71.2000000003332,5.46,91
growth,Full,0,0,35.7,35.70000000000001,11.52,192
growth,Full,0,1,72.20000000000002,72.20000000000002,10.26,171
growth,Full,1,0,35.7,35.699999999999996,11.52,192
growth,Full,1,1,73.0,73.00000000000001,10.74,179
growth,Full,2,0,35.7,35.7,11.52,192
growth,Full,2,1,73.9,73.89999999999999,11.28,188
growth,Full,3,0,35.7,35.70000000000001,11.52,192
growth,Full,3,1,74.70000000000002,74.70000000000003,11.76,196
growth,Full,4,0,35.7,35.699999999999996,11.52,192
growth,Full,4,1,75.49999999999999,75.49999999999999,12.24,204
growth,Full,5,0,35.7,35.7,11.52,192
growth,Full,5,1,76.4,76.39999999999999,12.78,213
growth,Full,6,0,35.7,35.699999999999996,11.52,192
growth,Full,6,1,77.20000000000002,77.20000000000003,13.26,221
growth,Full,7,0,35.7,35.70000000000001,11.52,192
growth,Full,7,1,78.1,78.1,13.799999999999999,230
growth,Full,8,0,35.7,35.7,11.52,192
growth,Full,8,1,78.9,78.89999999999999,14.28,238
growth,Full,9,0,35.7,35.7,11.52,192
growth,Full,9,1,79.80000000000001,79.80000000000001,14.82,247
growth,Full,10,0,35.7,35.7,11.52,192
growth,Full,10,1,80.60000000000001,80.60000000000001,15.299999999999999,255
growth,RelativeWidth,0,0,35.7,35.70000000000001,11.52,192
growth,RelativeWidth,0,1,72.20000000000002,72.20000000000002,10.26,171
growth,RelativeWidth,1,0,35.7,35.7,11.271590296495955,192
growth,RelativeWidth,1,1,73.0,73.0,10.508409703504041,179
growth,RelativeWidth,2,0,35.7,35.699999999999996,11.004631578947368,192
growth,RelativeWidth,2,1,73.9,73.9,10.775368421052631,188
growth,RelativeWidth,3,0,35.7,35.70000000000001,10.777731958762885,192
growth,RelativeWidth,3,1,74.70000000000002,74.7,11.002268041237114,196
growth,RelativeWidth,4,0,35.7,35.7,10.559999999999999,192
growth,RelativeWidth,4,1,75.49999999999999,75.49999999999999,11.219999999999999,204
growth,RelativeWidth,5,0,35.7,35.7,10.325333333333331,192
growth,RelativeWidth,5,1,76.4,76.4,11.454666666666665,213
growth,RelativeWidth,6,0,35.7,35.7,10.125326876513316,192
growth,RelativeWidth,6,1,77.20000000000002,77.20000000000003,11.654673123486681,221
growth,RelativeWidth,7,0,35.7,35.7,9.909383886255924,192
growth,RelativeWidth,7,1,78.1,78.10000000000001,11.870616113744077,230
growth,RelativeWidth,8,0,35.7,35.7,9.725023255813952,192
growth,RelativeWidth,8,1,78.9,78.90000000000002,12.054976744186046,238
growth,RelativeWidth,9,0,35.7,35.699999999999996,9.525649202733485,192
growth,RelativeWidth,9,1,79.80000000000001,79.80000000000001,12.254350797266515,247
growth,RelativeWidth,10,0,35.7,35.7,9.355167785234901,192
growth,RelativeWidth,10,1,80.60000000000001,80.60000000000001,12.4248322147651,255
growth,OldTime,0,0,35.7,35.70000000000001,11.52,192
growth,OldTime,0,1,72.20000000000002,72.20000000000002,10.26,171
growth,OldTime,1,0,35.7,35.679084967320264,11.52,192
growth,OldTime,1,1,73.0,72.93202614379085,10.74,179
growth,OldTime,2,0,35.7,35.672916399675344,11.52,192
growth,OldTime,2,1,73.9,73.8172070571148,11.28,188
growth,OldTime,3,0,35.7,35.67461922499503,11.52,192
growth,OldTime,3,1,74.70000000000002,74.62428338131502,11.76,196
growth,OldTime,4,0,35.7,35.67494891143918,11.52,192
growth,OldTime,4,1,75.49999999999999,75.42492915592857,12.24,204
growth,OldTime,5,0,35.7,35.67237942792435,11.52,192
growth,OldTime,5,1,76.4,76.3164959128943,12.78,213
growth,OldTime,6,0,35.7,35.67455500793852,11.52,192
growth,OldTime,6,1,77.20000000000002,77.12420891881912,13.26,221
growth,OldTime,7,0,35.7,35.67232712927109,11.52,192
growth,OldTime,7,1,78.1,78.01642441814641,13.799999999999999,230
growth,OldTime,8,0,35.7,35.67454869511836,11.52,192
growth,OldTime,8,1,78.9,78.82420147681691,14.28,238
growth,OldTime,9,0,35.7,35.67232639832554,11.52,192
growth,OldTime,9,1,79.80000000000001,79.7164236207784,14.82,247
growth,OldTime,10,0,35.7,35.67454861216566,11.52,192
growth,OldTime,10,1,80.60000000000001,80.52420138995701,15.299999999999999,255
growth,NoTime,0,0,35.7,35.70000000000001,11.52,192
growth,NoTime,0,1,72.20000000000002,72.20000000000002,10.26,171
growth,NoTime,1,0,35.7,35.70000000000001,11.52,192
growth,NoTime,1,1,73.0,72.99999999999999,10.74,179
growth,NoTime,2,0,35.7,35.699999999999996,11.52,192
growth,NoTime,2,1,73.9,73.9,11.28,188
growth,NoTime,3,0,35.7,35.7,11.52,192
growth,NoTime,3,1,74.70000000000002,74.7,11.76,196
growth,NoTime,4,0,35.7,35.7,11.52,192
growth,NoTime,4,1,75.49999999999999,75.49999999999999,12.24,204
growth,NoTime,5,0,35.7,35.699999999999996,11.52,192
growth,NoTime,5,1,76.4,76.4,12.78,213
growth,NoTime,6,0,35.7,35.699999999999996,11.52,192
growth,NoTime,6,1,77.20000000000002,77.20000000000002,13.26,221
growth,NoTime,7,0,35.7,35.699999999999996,11.52,192
growth,NoTime,7,1,78.1,78.1,13.799999999999999,230
growth,NoTime,8,0,35.7,35.7,11.52,192
growth,NoTime,8,1,78.9,78.89999999999999,14.28,238
growth,NoTime,9,0,35.7,35.70000000000001,11.52,192
growth,NoTime,9,1,79.80000000000001,79.8,14.82,247
growth,NoTime,10,0,35.7,35.7,11.52,192
growth,NoTime,10,1,80.60000000000001,80.60000000000001,15.299999999999999,255
growth,NoReferencePenalty,0,0,35.7,35.700000000000244,11.52,192
growth,NoReferencePenalty,0,1,72.20000000000002,72.19999999999978,10.26,171
growth,NoReferencePenalty,1,0,35.7,35.69999962655694,11.52,192
growth,NoReferencePenalty,1,1,73.0,73.00000006687617,10.74,179
growth,NoReferencePenalty,2,0,35.7,35.69999958712339,11.52,192
growth,NoReferencePenalty,2,1,73.9,73.90000004329846,11.28,188
growth,NoReferencePenalty,3,0,35.7,35.69999947661215,11.52,192
growth,NoReferencePenalty,3,1,74.70000000000002,74.69999991200132,11.76,196
growth,NoReferencePenalty,4,0,35.7,35.699999178953796,11.52,192
growth,NoReferencePenalty,4,1,75.49999999999999,75.49999971944055,12.24,204
growth,NoReferencePenalty,5,0,35.7,35.699998530982576,11.52,192
growth,NoReferencePenalty,5,1,76.4,76.39999921170654,12.78,213
growth,NoReferencePenalty,6,0,35.7,35.699997569144784,11.52,192
growth,NoReferencePenalty,6,1,77.20000000000002,77.19999841919272,13.26,221
growth,NoReferencePenalty,7,0,35.7,35.69999694888972,11.52,192
growth,NoReferencePenalty,7,1,78.1,78.09999567742781,13.799999999999999,230
growth,NoReferencePenalty,8,0,35.7,35.69999421590235,11.52,192
growth,NoReferencePenalty,8,1,78.9,78.89999397170112,14.28,238
growth,NoReferencePenalty,9,0,35.7,35.69999411460494,11.52,192
growth,NoReferencePenalty,9,1,79.80000000000001,79.79999408685225,14.82,247
growth,NoReferencePenalty,10,0,35.7,35.699994117033235,11.52,192
growth,NoReferencePenalty,10,1,80.60000000000001,80.599994107682,15.299999999999999,255
growth,ReferenceOnly,0,0,35.7,35.7,11.52,192
growth,ReferenceOnly,0,1,72.20000000000002,72.20000000000002,10.26,171
growth,ReferenceOnly,1,0,35.7,35.699999999999996,11.52,192
growth,ReferenceOnly,1,1,73.0,72.99999999999999,10.74,179
growth,ReferenceOnly,2,0,35.7,35.70000000000001,11.52,192
growth,ReferenceOnly,2,1,73.9,73.9,11.28,188
growth,ReferenceOnly,3,0,35.7,35.699999999999996,11.52,192
growth,ReferenceOnly,3,1,74.70000000000002,74.70000000000002,11.76,196
growth,ReferenceOnly,4,0,35.7,35.7,11.52,192
growth,ReferenceOnly,4,1,75.49999999999999,75.49999999999999,12.24,204
growth,ReferenceOnly,5,0,35.7,35.70000000000001,11.52,192
growth,ReferenceOnly,5,1,76.4,76.4,12.78,213
growth,ReferenceOnly,6,0,35.7,35.7,11.52,192
growth,ReferenceOnly,6,1,77.20000000000002,77.2,13.26,221
growth,ReferenceOnly,7,0,35.7,35.699999999999996,11.52,192
growth,ReferenceOnly,7,1,78.1,78.1,13.799999999999999,230
growth,ReferenceOnly,8,0,35.7,35.7,11.52,192
growth,ReferenceOnly,8,1,78.9,78.89999999999999,14.28,238
growth,ReferenceOnly,9,0,35.7,35.7,11.52,192
growth,ReferenceOnly,9,1,79.80000000000001,79.8,14.82,247
growth,ReferenceOnly,10,0,35.7,35.699999999999996,11.52,192
growth,ReferenceOnly,10,1,80.60000000000001,80.60000000000001,15.299999999999999,255
growth,LegacyObjective,0,0,35.7,35.70000000006734,11.52,192
growth,LegacyObjective,0,1,72.20000000000002,72.19999999993269,10.26,171
growth,LegacyObjective,1,0,35.7,35.69999966526537,11.52,192
growth,LegacyObjective,1,1,73.0,73.00000007612097,10.74,179
growth,LegacyObjective,2,0,35.7,35.69999973835534,11.52,192
growth,LegacyObjective,2,1,73.9,73.89999998584621,11.28,188
growth,LegacyObjective,3,0,35.7,35.69999981265306,11.52,192
growth,LegacyObjective,3,1,74.70000000000002,74.69999993750619,11.76,196
growth,LegacyObjective,4,0,35.7,35.69999985775825,11.52,192
growth,LegacyObjective,4,1,75.49999999999999,75.49999992407892,12.24,204
growth,LegacyObjective,5,0,35.7,35.699999886348955,11.52,192
growth,LegacyObjective,5,1,76.4,76.39999992505692,12.78,213
growth,LegacyObjective,6,0,35.7,35.699999904462985,11.52,192
growth,LegacyObjective,6,1,77.20000000000002,77.19999993100257,13.26,221
growth,LegacyObjective,7,0,35.7,35.69999991511384,11.52,192
growth,LegacyObjective,7,1,78.1,78.09999993251924,13.799999999999999,230
growth,LegacyObjective,8,0,35.7,35.69999991939426,11.52,192
growth,LegacyObjective,8,1,78.9,78.89999992773396,14.28,238
growth,LegacyObjective,9,0,35.7,35.69999991528489,11.52,192
growth,LegacyObjective,9,1,79.80000000000001,79.79999991289841,14.82,247
growth,LegacyObjective,10,0,35.7,35.69999990137828,11.52,192
growth,LegacyObjective,10,1,80.60000000000001,80.59999988828658,15.299999999999999,255
growth,TightBudget,0,0,35.7,35.7,11.52,192
growth,TightBudget,0,1,72.20000000000002,72.20000000000002,10.26,171
growth,TightBudget,1,0,35.7,35.7,11.52,192
growth,TightBudget,1,1,73.0,73.0,10.74,179
growth,TightBudget,2,0,35.7,35.7,11.52,192
growth,TightBudget,2,1,73.9,73.9,11.28,188
growth,TightBudget,3,0,35.7,35.7,11.52,192
growth,TightBudget,3,1,74.70000000000002,74.70000000000002,11.76,196
growth,TightBudget,4,0,35.7,35.7,11.52,192
growth,TightBudget,4,1,75.49999999999999,75.49999999999999,12.24,204
growth,TightBudget,5,0,35.7,35.7,11.52,192
growth,TightBudget,5,1,76.4,76.4,12.78,213
growth,TightBudget,6,0,35.7,35.7,11.52,192
growth,TightBudget,6,1,77.20000000000002,77.20000000000002,13.26,221
growth,TightBudget,7,0,35.7,35.7,11.52,192
growth,TightBudget,7,1,78.1,78.1,13.799999999999999,230
growth,TightBudget,8,0,35.7,35.7,11.52,192
growth,TightBudget,8,1,78.9,78.9,14.28,238
growth,TightBudget,9,0,35.7,35.7,11.52,192
growth,TightBudget,9,1,79.80000000000001,79.80000000000001,14.82,247
growth,TightBudget,10,0,35.7,35.7,11.52,192
growth,TightBudget,10,1,80.60000000000001,80.60000000000001,15.299999999999999,255
growth,LooseBudget,0,0,35.7,35.7,11.52,192
growth,LooseBudget,0,1,72.20000000000002,72.2,10.26,171
growth,LooseBudget,1,0,35.7,35.7,11.52,192
growth,LooseBudget,1,1,73.0,73.0,10.74,179
growth,LooseBudget,2,0,35.7,35.699999999999996,11.52,192
growth,LooseBudget,2,1,73.9,73.9,11.28,188
growth,LooseBudget,3,0,35.7,35.699999999999996,11.52,192
growth,LooseBudget,3,1,74.70000000000002,74.70000000000002,11.76,196
growth,LooseBudget,4,0,35.7,35.70000000000001,11.52,192
growth,LooseBudget,4,1,75.49999999999999,75.49999999999999,12.24,204
growth,LooseBudget,5,0,35.7,35.7,11.52,192
growth,LooseBudget,5,1,76.4,76.40000000000002,12.78,213
growth,LooseBudget,6,0,35.7,35.7,11.52,192
growth,LooseBudget,6,1,77.20000000000002,77.20000000000002,13.26,221
growth,LooseBudget,7,0,35.7,35.70000000000002,11.52,192
growth,LooseBudget,7,1,78.1,78.1,13.799999999999999,230
growth,LooseBudget,8,0,35.7,35.70000000000483,11.52,192
growth,LooseBudget,8,1,78.9,78.90000000000445,14.28,238
growth,LooseBudget,9,0,35.7,35.70000001410704,11.52,192
growth,LooseBudget,9,1,79.80000000000001,79.800000013127,14.82,247
growth,LooseBudget,10,0,35.7,35.69999968748243,11.52,192
growth,LooseBudget,10,1,80.60000000000001,80.59999970686182,15.299999999999999,255
collective_growth,Full,0,0,22.099999999999998,22.100000502772332,4.68,78
collective_growth,Full,0,1,38.199999999999996,38.20000468446466,4.859999999999999,81
collective_growth,Full,0,2,59.199999999999996,59.19999822790618,5.46,91
collective_growth,Full,1,0,21.599999999999998,21.60000039388558,4.859999999999999,81
collective_growth,Full,1,1,38.199999999999996,38.20000389656759,4.9799999999999995,83
collective_growth,Full,1,2,59.800000000000004,59.79999834815151,5.58,93
collective_growth,Full,2,0,21.0,21.00000038533804,4.9799999999999995,83
collective_growth,Full,2,1,38.1,38.10000414776345,5.16,86
collective_growth,Full,2,2,60.4,60.39999809381354,5.819999999999999,97
collective_growth,Full,3,0,20.6,20.600000361183938,5.1,85
collective_growth,Full,3,1,38.1,38.10000411445945,5.279999999999999,88
collective_growth,Full,3,2,60.99999999999999,60.999997979231296,5.9399999999999995,99
collective_growth,Full,4,0,19.900000000000002,19.900000327393254,5.279999999999999,88
collective_growth,Full,4,1,38.0,38.00000404297639,5.46,91
collective_growth,Full,4,2,61.5,61.49999784928045,6.12,102
collective_growth,Full,5,0,19.5,19.500000304844967,5.3999999999999995,90
collective_growth,Full,5,1,38.0,38.0000039951238,5.58,93
collective_growth,Full,5,2,62.09999999999999,62.09999777094147,6.24,104
collective_growth,Full,6,0,18.9,18.900000317882334,5.52,92
collective_growth,Full,6,1,37.9,37.90000431428247,5.76,96
collective_growth,Full,6,2,62.7,62.69999754441221,6.4799999999999995,108
collective_growth,Full,7,0,18.4,18.40000026927143,5.7,95
collective_growth,Full,7,1,37.9,37.90000392778874,5.88,98
collective_growth,Full,7,2,63.2,63.199997618899154,6.54,109
collective_growth,Full,8,0,17.8,17.800000278409584,5.819999999999999,97
collective_growth,Full,8,1,37.800000000000004,37.80000422262551,6.06,101
collective_growth,Full,8,2,63.800000000000004,63.79999740416719,6.779999999999999,113
collective_growth,Full,9,0,17.3,17.300000268986853,6.0,100
collective_growth,Full,9,1,37.800000000000004,37.80000421084207,6.18,103
collective_growth,Full,9,2,64.4,64.39999735243839,6.8999999999999995,115
collective_growth,Full,10,0,16.7,16.700000285125736,6.12,102
collective_growth,Full,10,1,37.699999999999996,37.70000453502377,6.359999999999999,106
collective_growth,Full,10,2,65.0,64.99999713425004,7.14,119
collective_growth,RelativeWidth,0,0,22.099999999999998,22.100000502772332,4.68,78
collective_growth,RelativeWidth,0,1,38.199999999999996,38.20000468446466,4.859999999999999,81
collective_growth,RelativeWidth,0,2,59.199999999999996,59.19999822790618,5.46,91
collective_growth,RelativeWidth,1,0,21.599999999999998,21.600000414111356,4.727626459143969,81
collective_growth,RelativeWidth,1,1,38.199999999999996,38.20000385401904,4.844357976653696,83
collective_growth,RelativeWidth,1,2,59.800000000000004,59.79999851796789,5.428015564202334,93
collective_growth,RelativeWidth,2,0,21.0,21.0000004311439,4.680451127819549,83
collective_growth,RelativeWidth,2,1,38.1,38.100004032177196,4.849624060150376,86
collective_growth,RelativeWidth,2,2,60.4,60.39999848824922,5.469924812030075,97
collective_growth,RelativeWidth,3,0,20.6,20.600000421147012,4.6875,85
collective_growth,RelativeWidth,3,1,38.1,38.10000395390128,4.852941176470588,88
collective_growth,RelativeWidth,3,2,60.99999999999999,60.99999849582825,5.459558823529411,99
collective_growth,RelativeWidth,4,0,19.900000000000002,19.900000400278238,4.697508896797152,88
collective_growth,RelativeWidth,4,1,38.0,38.0000038162301,4.857651245551601,91
collective_growth,RelativeWidth,4,2,61.5,61.49999850676858,5.444839857651246,102
collective_growth,RelativeWidth,5,0,19.5,19.50000038486748,4.70383275261324,90
collective_growth,RelativeWidth,5,1,38.0,38.00000372209443,4.860627177700348,93
collective_growth,RelativeWidth,5,2,62.09999999999999,62.09999851360859,5.43554006968641,104
collective_growth,RelativeWidth,6,0,18.9,18.900000411272234,4.662162162162162,92
collective_growth,RelativeWidth,6,1,37.9,37.900003934204925,4.864864864864865,96
collective_growth,RelativeWidth,6,2,62.7,62.699998474907964,5.472972972972974,108
collective_growth,RelativeWidth,7,0,18.4,18.40000036006646,4.718543046357616,95
collective_growth,RelativeWidth,7,1,37.9,37.90000353941863,4.8675496688741715,98
collective_growth,RelativeWidth,7,2,63.2,63.1999985351445,5.413907284768213,109
collective_growth,RelativeWidth,8,0,17.8,17.800000378617966,4.678456591639871,97
collective_growth,RelativeWidth,8,1,37.800000000000004,37.80000372146131,4.871382636655948,101
collective_growth,RelativeWidth,8,2,63.800000000000004,63.79999849361701,5.45016077170418,113
collective_growth,RelativeWidth,9,0,17.3,17.300000374119602,4.716981132075472,100
collective_growth,RelativeWidth,9,1,37.800000000000004,37.80000365554741,4.8584905660377355,103
collective_growth,RelativeWidth,9,2,64.4,64.39999852263414,5.4245283018867925,115
collective_growth,RelativeWidth,10,0,16.7,16.70000039946351,4.678899082568807,102
collective_growth,RelativeWidth,10,1,37.699999999999996,37.700003850969374,4.862385321100917,106
collective_growth,RelativeWidth,10,2,65.0,64.99999848881937,5.458715596330275,119
collective_growth,OldTime,0,0,22.099999999999998,22.100000502772332,4.68,78
collective_growth,OldTime,0,1,38.199999999999996,38.20000468446466,4.859999999999999,81
collective_growth,OldTime,0,2,59.199999999999996,59.19999822790618,5.46,91
collective_growth,OldTime,1,0,21.599999999999998,21.631852386435803,4.859999999999999,81
collective_growth,OldTime,1,1,38.199999999999996,38.19852344280347,4.9799999999999995,83
collective_growth,OldTime,1,2,59.800000000000004,59.758516747466004,5.58,93
collective_growth,OldTime,2,0,21.0,21.043440975922913,4.9799999999999995,83
collective_growth,OldTime,2,1,38.1,38.107890970501884,5.16,86
collective_growth,OldTime,2,2,60.4,60.35854854035543,5.819999999999999,97
collective_growth,OldTime,3,0,20.6,20.62674657864935,5.1,85
collective_growth,OldTime,3,1,38.1,38.09771435350119,5.279999999999999,88
collective_growth,OldTime,3,2,60.99999999999999,60.95441787167353,5.9399999999999995,99
collective_growth,OldTime,4,0,19.900000000000002,19.95258171669393,5.279999999999999,88
collective_growth,OldTime,4,1,38.0,38.010650689001686,5.46,91
collective_growth,OldTime,4,2,61.5,61.467757100170495,6.12,102
collective_growth,OldTime,5,0,19.5,19.52766862863815,5.3999999999999995,90
collective_growth,OldTime,5,1,38.0,37.99821097746267,5.58,93
collective_growth,OldTime,5,2,62.09999999999999,62.05534417424921,6.24,104
collective_growth,OldTime,6,0,18.9,18.94304827282639,5.52,92
collective_growth,OldTime,6,1,37.9,37.90775567519795,5.76,96
collective_growth,OldTime,6,2,62.7,62.658223973981045,6.4799999999999995,108
collective_growth,OldTime,7,0,18.4,18.43633727534613,5.7,95
collective_growth,OldTime,7,1,37.9,37.9006553221563,5.88,98
collective_growth,OldTime,7,2,63.2,63.16401276709232,6.54,109
collective_growth,OldTime,8,0,17.8,17.843919225136965,5.819999999999999,97
collective_growth,OldTime,8,1,37.800000000000004,37.80821190161653,6.06,101
collective_growth,OldTime,8,2,63.800000000000004,63.75909435439613,6.779999999999999,113
collective_growth,OldTime,9,0,17.3,17.334946431617855,6.0,100
collective_growth,OldTime,9,1,37.800000000000004,37.799237258488894,6.18,103
collective_growth,OldTime,9,2,64.4,64.35595486672602,6.8999999999999995,115
collective_growth,OldTime,10,0,16.7,16.743665513936286,6.12,102
collective_growth,OldTime,10,1,37.699999999999996,37.70795667107087,6.359999999999999,106
collective_growth,OldTime,10,2,65.0,64.95839587874666,7.14,119
collective_growth,NoTime,0,0,22.099999999999998,22.100000502772332,4.68,78
collective_growth,NoTime,0,1,38.199999999999996,38.20000468446466,4.859999999999999,81
collective_growth,NoTime,0,2,59.199999999999996,59.19999822790618,5.46,91
collective_growth,NoTime,1,0,21.599999999999998,21.600000456611067,4.859999999999999,81
collective_growth,NoTime,1,1,38.199999999999996,38.20000459944435,4.9799999999999995,83
collective_growth,NoTime,1,2,59.800000000000004,59.799998045438194,5.58,93
collective_growth,NoTime,2,0,21.0,21.00000047068031,4.9799999999999995,83
collective_growth,NoTime,2,1,38.1,38.10000500512262,5.16,86
collective_growth,NoTime,2,2,60.4,60.399997721397085,5.819999999999999,97
collective_growth,NoTime,3,0,20.6,20.600000435877906,5.1,85
collective_growth,NoTime,3,1,38.1,38.1000049359809,5.279999999999999,88
collective_growth,NoTime,3,2,60.99999999999999,60.999997588938236,5.9399999999999995,99
collective_growth,NoTime,4,0,19.900000000000002,19.900000391886778,5.279999999999999,88
collective_growth,NoTime,4,1,38.0,38.00000484367526,5.46,91
collective_growth,NoTime,4,2,61.5,61.49999742641603,6.12,102
collective_growth,NoTime,5,0,19.5,19.500000366961782,5.3999999999999995,90
collective_growth,NoTime,5,1,38.0,38.00000478897472,5.58,93
collective_growth,NoTime,5,2,62.09999999999999,62.09999733673363,6.24,104
collective_growth,NoTime,6,0,18.9,18.900000391095087,5.52,92
collective_growth,NoTime,6,1,37.9,37.90000520807178,5.76,96
collective_growth,NoTime,6,2,62.7,62.69999705755387,6.4799999999999995,108
collective_growth,NoTime,7,0,18.4,18.40000031618292,5.7,95
collective_growth,NoTime,7,1,37.9,37.900004672082204,5.88,98
collective_growth,NoTime,7,2,63.2,63.19999715948039,6.54,109
collective_growth,NoTime,8,0,17.8,17.800000341847024,5.819999999999999,97
collective_growth,NoTime,8,1,37.800000000000004,37.80000509321305,6.06,101
collective_growth,NoTime,8,2,63.800000000000004,63.79999688712024,6.779999999999999,113
collective_growth,NoTime,9,0,17.3,17.30000032507659,6.0,100
collective_growth,NoTime,9,1,37.800000000000004,37.80000504804824,6.18,103
collective_growth,NoTime,9,2,64.4,64.39999683506953,6.8999999999999995,115
collective_growth,NoTime,10,0,16.7,16.70000035095004,6.12,102
collective_growth,NoTime,10,1,37.699999999999996,37.70000546929027,6.359999999999999,106
collective_growth,NoTime,10,2,65.0,64.9999965638171,7.14,119
collective_growth,NoReferencePenalty,0,0,22.099999999999998,22.100000591217764,4.68,78
collective_growth,NoReferencePenalty,0,1,38.199999999999996,38.19999005479701,4.859999999999999,81
collective_growth,NoReferencePenalty,0,2,59.199999999999996,59.20000935398521,5.46,91
collective_growth,NoReferencePenalty,1,0,21.599999999999998,21.599834391435138,4.859999999999999,81
collective_growth,NoReferencePenalty,1,1,38.199999999999996,38.1998914372121,4.9799999999999995,83
collective_growth,NoReferencePenalty,1,2,59.800000000000004,59.799729280286336,5.58,93
collective_growth,NoReferencePenalty,2,0,21.0,20.9995916860996,4.9799999999999995,83
collective_growth,NoReferencePenalty,2,1,38.1,38.09964451801774,5.16,86
collective_growth,NoReferencePenalty,2,2,60.4,60.39946566199696,5.819999999999999,97
collective_growth,NoReferencePenalty,3,0,20.6,20.599325314677454,5.1,85
collective_growth,NoReferencePenalty,3,1,38.1,38.09936663417165,5.279999999999999,88
collective_growth,NoReferencePenalty,3,2,60.99999999999999,60.99920241896838,5.9399999999999995,99
collective_growth,NoReferencePenalty,4,0,19.900000000000002,19.899045000759507,5.279999999999999,88
collective_growth,NoReferencePenalty,4,1,38.0,37.99906411575352,5.46,91
collective_growth,NoReferencePenalty,4,2,61.5,61.49893973437486,6.12,102
collective_growth,NoReferencePenalty,5,0,19.5,19.498782502554178,5.3999999999999995,90
collective_growth,NoReferencePenalty,5,1,38.0,37.99878369367252,5.58,93
collective_growth,NoReferencePenalty,5,2,62.09999999999999,62.09870002817355,6.24,104
collective_growth,NoReferencePenalty,6,0,18.9,18.898703167190135,5.52,92
collective_growth,NoReferencePenalty,6,1,37.9,37.89869817331506,5.76,96
collective_growth,NoReferencePenalty,6,2,62.7,62.698680560878934,6.4799999999999995,108
collective_growth,NoReferencePenalty,7,0,18.4,18.398713736038307,5.7,95
collective_growth,NoReferencePenalty,7,1,37.9,37.89871579961159,5.88,98
collective_growth,NoReferencePenalty,7,2,63.2,63.19871308514098,6.54,109
collective_growth,NoReferencePenalty,8,0,17.8,17.798950229249616,5.819999999999999,97
collective_growth,NoReferencePenalty,8,1,37.800000000000004,37.79901073309476,6.06,101
collective_growth,NoReferencePenalty,8,2,63.800000000000004,63.79895871296155,6.779999999999999,113
collective_growth,NoReferencePenalty,9,0,17.3,17.299237493736012,6.0,100
collective_growth,NoReferencePenalty,9,1,37.800000000000004,37.7993259776139,6.18,103
collective_growth,NoReferencePenalty,9,2,64.4,64.39923667235847,6.8999999999999995,115
collective_growth,NoReferencePenalty,10,0,16.7,16.69955711617597,6.12,102
collective_growth,NoReferencePenalty,10,1,37.699999999999996,37.69968274232864,6.359999999999999,106
collective_growth,NoReferencePenalty,10,2,65.0,64.99953002170346,7.14,119
collective_growth,ReferenceOnly,0,0,22.099999999999998,22.099999999999998,4.68,78
collective_growth,ReferenceOnly,0,1,38.199999999999996,38.200000000001005,4.859999999999999,81
collective_growth,ReferenceOnly,0,2,59.199999999999996,59.19999999999898,5.46,91
collective_growth,ReferenceOnly,1,0,21.599999999999998,21.59999999999999,4.859999999999999,81
collective_growth,ReferenceOnly,1,1,38.199999999999996,38.19999999999579,4.9799999999999995,83
collective_growth,ReferenceOnly,1,2,59.800000000000004,59.8000000000042,5.58,93
collective_growth,ReferenceOnly,2,0,21.0,20.999999999999993,4.9799999999999995,83
collective_growth,ReferenceOnly,2,1,38.1,38.100000000002545,5.16,86
collective_growth,ReferenceOnly,2,2,60.4,60.39999999999746,5.819999999999999,97
collective_growth,ReferenceOnly,3,0,20.6,20.600000000000005,5.1,85
collective_growth,ReferenceOnly,3,1,38.1,38.100000000003014,5.279999999999999,88
collective_growth,ReferenceOnly,3,2,60.99999999999999,60.999999999996994,5.9399999999999995,99
collective_growth,ReferenceOnly,4,0,19.900000000000002,19.9,5.279999999999999,88
collective_growth,ReferenceOnly,4,1,38.0,38.000000000003894,5.46,91
collective_growth,ReferenceOnly,4,2,61.5,61.49999999999611,6.12,102
collective_growth,ReferenceOnly,5,0,19.5,19.499999999999996,5.3999999999999995,90
collective_growth,ReferenceOnly,5,1,38.0,38.000000000001556,5.58,93
collective_growth,ReferenceOnly,5,2,62.09999999999999,62.099999999998424,6.24,104
collective_growth,ReferenceOnly,6,0,18.9,18.89999999999999,5.52,92
collective_growth,ReferenceOnly,6,1,37.9,37.899999999999274,5.76,96
collective_growth,ReferenceOnly,6,2,62.7,62.70000000000072,6.4799999999999995,108
collective_growth,ReferenceOnly,7,0,18.4,18.399999999999995,5.7,95
collective_growth,ReferenceOnly,7,1,37.9,37.89999999999882,5.88,98
collective_growth,ReferenceOnly,7,2,63.2,63.20000000000118,6.54,109
collective_growth,ReferenceOnly,8,0,17.8,17.8,5.819999999999999,97
collective_growth,ReferenceOnly,8,1,37.800000000000004,37.80000000000474,6.06,101
collective_growth,ReferenceOnly,8,2,63.800000000000004,63.7999999999953,6.779999999999999,113
collective_growth,ReferenceOnly,9,0,17.3,17.3,6.0,100
collective_growth,ReferenceOnly,9,1,37.800000000000004,37.799999999999436,6.18,103
collective_growth,ReferenceOnly,9,2,64.4,64.40000000000055,6.8999999999999995,115
collective_growth,ReferenceOnly,10,0,16.7,16.700000000000003,6.12,102
collective_growth,ReferenceOnly,10,1,37.699999999999996,37.699999999986815,6.359999999999999,106
collective_growth,ReferenceOnly,10,2,65.0,65.00000000001315,7.14,119
collective_growth,LegacyObjective,0,0,22.099999999999998,22.100002486210563,4.68,78
collective_growth,LegacyObjective,0,1,38.199999999999996,38.1999883734349,4.859999999999999,81
collective_growth,LegacyObjective,0,2,59.199999999999996,59.20000914035453,5.46,91
collective_growth,LegacyObjective,1,0,21.599999999999998,21.600000355172938,4.859999999999999,81
collective_growth,LegacyObjective,1,1,38.199999999999996,38.19999833906213,4.9799999999999995,83
collective_growth,LegacyObjective,1,2,59.800000000000004,59.800001305764944,5.58,93
collective_growth,LegacyObjective,2,0,21.0,21.00000005073899,4.9799999999999995,83
collective_growth,LegacyObjective,2,1,38.1,38.099999762723165,5.16,86
collective_growth,LegacyObjective,2,2,60.4,60.40000018653785,5.819999999999999,97
collective_growth,LegacyObjective,3,0,20.6,20.600000007248433,5.1,85
collective_growth,LegacyObjective,3,1,38.1,38.09999996610331,5.279999999999999,88
collective_growth,LegacyObjective,3,2,60.99999999999999,61.000000026648266,5.9399999999999995,99
collective_growth,LegacyObjective,4,0,19.900000000000002,19.900000001035497,5.279999999999999,88
collective_growth,LegacyObjective,4,1,38.0,37.99999999515762,5.46,91
collective_growth,LegacyObjective,4,2,61.5,61.500000003806896,6.12,102
collective_growth,LegacyObjective,5,0,19.5,19.50000000014793,5.3999999999999995,90
collective_growth,LegacyObjective,5,1,38.0,37.99999999930824,5.58,93
collective_growth,LegacyObjective,5,2,62.09999999999999,62.10000000054383,6.24,104
collective_growth,LegacyObjective,6,0,18.9,18.899931462106178,5.52,92
collective_growth,LegacyObjective,6,1,37.9,37.899923370885396,5.76,96
collective_growth,LegacyObjective,6,2,62.7,62.699919627465945,6.4799999999999995,108
collective_growth,LegacyObjective,7,0,18.4,18.399930608322798,5.7,95
collective_growth,LegacyObjective,7,1,37.9,37.89993015369878,5.88,98
collective_growth,LegacyObjective,7,2,63.2,63.19992961895397,6.54,109
collective_growth,LegacyObjective,8,0,17.8,17.799930195753422,5.819999999999999,97
collective_growth,LegacyObjective,8,1,37.800000000000004,37.799930130807134,6.06,101
collective_growth,LegacyObjective,8,2,63.800000000000004,63.799930054415015,6.779999999999999,113
collective_growth,LegacyObjective,9,0,17.3,17.29993013681493,6.0,100
collective_growth,LegacyObjective,9,1,37.800000000000004,37.799930127536896,6.18,103
collective_growth,LegacyObjective,9,2,64.4,64.39993011662372,6.8999999999999995,115
collective_growth,LegacyObjective,10,0,16.7,16.699930128395142,6.12,102
collective_growth,LegacyObjective,10,1,37.699999999999996,37.6999301270697,6.359999999999999,106
collective_growth,LegacyObjective,10,2,65.0,64.99993012551067,7.14,119
collective_growth,TightBudget,0,0,22.099999999999998,22.099999999999998,4.68,78
collective_growth,TightBudget,0,1,38.199999999999996,38.199999999999996,4.859999999999999,81
collective_growth,TightBudget,0,2,59.199999999999996,59.199999999999996,5.46,91
collective_growth,TightBudget,1,0,21.599999999999998,21.599999999999998,4.859999999999999,81
collective_growth,TightBudget,1,1,38.199999999999996,38.199999999999996,4.9799999999999995,83
collective_growth,TightBudget,1,2,59.800000000000004,59.800000000000004,5.58,93
collective_growth,TightBudget,2,0,21.0,21.0,4.9799999999999995,83
collective_growth,TightBudget,2,1,38.1,38.1,5.16,86
collective_growth,TightBudget,2,2,60.4,60.4,5.819999999999999,97
collective_growth,TightBudget,3,0,20.6,20.6,5.1,85
collective_growth,TightBudget,3,1,38.1,38.1,5.279999999999999,88
collective_growth,TightBudget,3,2,60.99999999999999,60.99999999999999,5.9399999999999995,99
collective_growth,TightBudget,4,0,19.900000000000002,19.900000000000002,5.279999999999999,88
collective_growth,TightBudget,4,1,38.0,38.0,5.46,91
collective_growth,TightBudget,4,2,61.5,61.5,6.12,102
collective_growth,TightBudget,5,0,19.5,19.5,5.3999999999999995,90
collective_growth,TightBudget,5,1,38.0,38.0,5.58,93
collective_growth,TightBudget,5,2,62.09999999999999,62.09999999999999,6.24,104
collective_growth,TightBudget,6,0,18.9,18.9,5.52,92
collective_growth,TightBudget,6,1,37.9,37.9,5.76,96
collective_growth,TightBudget,6,2,62.7,62.7,6.4799999999999995,108
collective_growth,TightBudget,7,0,18.4,18.4,5.7,95
collective_growth,TightBudget,7,1,37.9,37.9,5.88,98
collective_growth,TightBudget,7,2,63.2,63.2,6.54,109
collective_growth,TightBudget,8,0,17.8,17.8,5.819999999999999,97
collective_growth,TightBudget,8,1,37.800000000000004,37.800000000000004,6.06,101
collective_growth,TightBudget,8,2,63.800000000000004,63.800000000000004,6.779999999999999,113
collective_growth,TightBudget,9,0,17.3,17.3,6.0,100
collective_growth,TightBudget,9,1,37.800000000000004,37.800000000000004,6.18,103
collective_growth,TightBudget,9,2,64.4,64.4,6.8999999999999995,115
collective_growth,TightBudget,10,0,16.7,16.7,6.12,102
collective_growth,TightBudget,10,1,37.699999999999996,37.699999999999996,6.359999999999999,106
collective_growth,TightBudget,10,2,65.0,65.0,7.14,119
collective_growth,LooseBudget,0,0,22.099999999999998,22.100000042832782,4.68,78
collective_growth,LooseBudget,0,1,38.199999999999996,38.1999999208338,4.859999999999999,81
collective_growth,LooseBudget,0,2,59.199999999999996,59.19999997142098,5.46,91
collective_growth,LooseBudget,1,0,21.599999999999998,21.600000096624424,4.859999999999999,81
collective_growth,LooseBudget,1,1,38.199999999999996,38.19999984278626,4.9799999999999995,83
collective_growth,LooseBudget,1,2,59.800000000000004,59.79999996209882,5.58,93
collective_growth,LooseBudget,2,0,21.0,21.00000002613186,4.9799999999999995,83
collective_growth,LooseBudget,2,1,38.1,38.09999995195637,5.16,86
collective_growth,LooseBudget,2,2,60.4,60.39999998854881,5.819999999999999,97
collective_growth,LooseBudget,3,0,20.6,20.60000068281339,5.1,85
collective_growth,LooseBudget,3,1,38.1,38.099999075656264,5.279999999999999,88
collective_growth,LooseBudget,3,2,60.99999999999999,60.9999997883826,5.9399999999999995,99
collective_growth,LooseBudget,4,0,19.900000000000002,19.900000040545407,5.279999999999999,88
collective_growth,LooseBudget,4,1,38.0,37.99999980150198,5.46,91
collective_growth,LooseBudget,4,2,61.5,61.49999990411016,6.12,102
collective_growth,LooseBudget,5,0,19.5,19.499999965647433,5.3999999999999995,90
collective_growth,LooseBudget,5,1,38.0,37.99999985198192,5.58,93
collective_growth,LooseBudget,5,2,62.09999999999999,62.09999990049794,6.24,104
collective_growth,LooseBudget,6,0,18.9,18.89999993901149,5.52,92
collective_growth,LooseBudget,6,1,37.9,37.89999984507252,5.76,96
collective_growth,LooseBudget,6,2,62.7,62.699999885596334,6.4799999999999995,108
collective_growth,LooseBudget,7,0,18.4,18.399999941377697,5.7,95
collective_growth,LooseBudget,7,1,37.9,37.89999987935897,5.88,98
collective_growth,LooseBudget,7,2,63.2,63.19999990651521,6.54,109
collective_growth,LooseBudget,8,0,17.8,17.799999442942514,5.819999999999999,97
collective_growth,LooseBudget,8,1,37.800000000000004,37.799998165931015,6.06,101
collective_growth,LooseBudget,8,2,63.800000000000004,63.79999868936007,6.779999999999999,113
collective_growth,LooseBudget,9,0,17.3,17.299999425346524,6.0,100
collective_growth,LooseBudget,9,1,37.800000000000004,37.799998661491024,6.18,103
collective_growth,LooseBudget,9,2,64.4,64.39999897974329,6.8999999999999995,115
collective_growth,LooseBudget,10,0,16.7,16.69999965876343,6.12,102
collective_growth,LooseBudget,10,1,37.699999999999996,37.69999940728135,6.359999999999999,106
collective_growth,LooseBudget,10,2,65.0,64.99999951701122,7.14,119
translation_growth,Full,0,0,22.099999999999998,22.100000502772332,4.68,78
translation_growth,Full,0,1,38.199999999999996,38.20000468446466,4.859999999999999,81
translation_growth,Full,0,2,59.199999999999996,59.19999822790618,5.46,91
translation_growth,Full,1,0,22.599999999999994,22.600000393885566,4.859999999999999,81
translation_growth,Full,1,1,39.199999999999996,39.20000389656758,4.9799999999999995,83
translation_growth,Full,1,2,60.80000000000002,60.79999834815154,5.58,93
translation_growth,Full,2,0,23.0,23.000000385338033,4.9799999999999995,83
translation_growth,Full,2,1,40.1,40.10000414776344,5.16,86
translation_growth,Full,2,2,62.4,62.399998093813544,5.819999999999999,97
translation_growth,Full,3,0,23.6,23.600000361183934,5.1,85
translation_growth,Full,3,1,41.1,41.100004114459445,5.279999999999999,88
translation_growth,Full,3,2,64.0,63.99999797923132,5.9399999999999995,99
translation_growth,Full,4,0,24.0,24.0000003275767,5.22,87
translation_growth,Full,4,1,42.0,42.000004046395595,5.46,91
translation_growth,Full,4,2,65.5,65.49999784706543,6.12,102
translation_growth,Full,5,0,24.5,24.500000304877748,5.3999999999999995,90
translation_growth,Full,5,1,43.0,43.00000399537231,5.58,93
translation_growth,Full,5,2,67.1,67.09999777081435,6.24,104
translation_growth,Full,6,0,24.900000000000002,24.900000317886803,5.52,92
translation_growth,Full,6,1,43.9,43.90000431430132,5.76,96
translation_growth,Full,6,2,68.69999999999999,68.699997544406,6.4799999999999995,108
translation_growth,Full,7,0,25.4,25.400000269271988,5.7,95
translation_growth,Full,7,1,44.9,44.900003927790245,5.88,98
translation_growth,Full,7,2,70.2,70.19999761889902,6.54,109
translation_growth,Full,8,0,25.8,25.800000278409648,5.819999999999999,97
translation_growth,Full,8,1,45.800000000000004,45.80000422262564,6.06,101
translation_growth,Full,8,2,71.80000000000001,71.7999974041672,6.779999999999999,113
translation_growth,Full,9,0,26.3,26.30000026898686,6.0,100
translation_growth,Full,9,1,46.800000000000004,46.80000421084209,6.18,103
translation_growth,Full,9,2,73.4,73.39999735243839,6.8999999999999995,115
translation_growth,Full,10,0,26.7,26.700000285125736,6.12,102
translation_growth,Full,10,1,47.699999999999996,47.70000453502375,6.359999999999999,106
translation_growth,Full,10,2,75.0,74.99999713425002,7.14,119
translation_growth,RelativeWidth,0,0,22.099999999999998,22.100000502772332,4.68,78
translation_growth,RelativeWidth,0,1,38.199999999999996,38.20000468446466,4.859999999999999,81
translation_growth,RelativeWidth,0,2,59.199999999999996,59.19999822790618,5.46,91
translation_growth,RelativeWidth,1,0,22.599999999999994,22.60000041411135,4.727626459143969,81
translation_growth,RelativeWidth,1,1,39.199999999999996,39.200003854019045,4.844357976653696,83
translation_growth,RelativeWidth,1,2,60.80000000000002,60.799998517967914,5.428015564202334,93
translation_growth,RelativeWidth,2,0,23.0,23.000000431143906,4.680451127819549,83
translation_growth,RelativeWidth,2,1,40.1,40.10000403217718,4.849624060150376,86
translation_growth,RelativeWidth,2,2,62.4,62.399998488249246,5.469924812030075,97
translation_growth,RelativeWidth,3,0,23.6,23.600000421147026,4.6875,85
translation_growth,RelativeWidth,3,1,41.1,41.10000395390126,4.852941176470588,88
translation_growth,RelativeWidth,3,2,64.0,63.99999849582828,5.459558823529411,99
translation_growth,RelativeWidth,4,0,24.0,24.000000397641536,4.660714285714286,87
translation_growth,RelativeWidth,4,1,42.0,42.000003824332296,4.875,91
translation_growth,RelativeWidth,4,2,65.5,65.4999984821297,5.4642857142857135,102
translation_growth,RelativeWidth,5,0,24.5,24.50000038440766,4.70383275261324,90
translation_growth,RelativeWidth,5,1,43.0,43.00000372235059,4.860627177700348,93
translation_growth,RelativeWidth,5,2,67.1,67.09999851168195,5.43554006968641,104
translation_growth,RelativeWidth,6,0,24.900000000000002,24.900000411210023,4.662162162162162,92
translation_growth,RelativeWidth,6,1,43.9,43.900003934190465,4.864864864864865,96
translation_growth,RelativeWidth,6,2,68.69999999999999,68.69999847474796,5.472972972972974,108
translation_growth,RelativeWidth,7,0,25.4,25.4000003600588,4.718543046357616,95
translation_growth,RelativeWidth,7,1,44.9,44.90000353941415,4.8675496688741715,98
translation_growth,RelativeWidth,7,2,70.2,70.19999853513035,5.413907284768213,109
translation_growth,RelativeWidth,8,0,25.8,25.800000378617074,4.678456591639871,97
translation_growth,RelativeWidth,8,1,45.800000000000004,45.800003721460634,4.871382636655948,101
translation_growth,RelativeWidth,8,2,71.80000000000001,71.7999984936157,5.45016077170418,113
translation_growth,RelativeWidth,9,0,26.3,26.300000374119506,4.716981132075472,100
translation_growth,RelativeWidth,9,1,46.800000000000004,46.800003655547336,4.8584905660377355,103
translation_growth,RelativeWidth,9,2,73.4,73.39999852263402,5.4245283018867925,115
translation_growth,RelativeWidth,10,0,26.7,26.7000003994635,4.678899082568807,102
translation_growth,RelativeWidth,10,1,47.699999999999996,47.700003850969374,4.862385321100917,106
translation_growth,RelativeWidth,10,2,75.0,74.99999848881937,5.458715596330275,119
translation_growth,OldTime,0,0,22.099999999999998,22.100000502772332,4.68,78
translation_growth,OldTime,0,1,38.199999999999996,38.20000468446466,4.859999999999999,81
translation_growth,OldTime,0,2,59.199999999999996,59.19999822790618,5.46,91
translation_growth,OldTime,1,0,22.599999999999994,22.520741168801276,4.859999999999999,81
translation_growth,OldTime,1,1,39.199999999999996,39.087412149619595,4.9799999999999995,83
translation_growth,OldTime,1,2,60.80000000000002,60.647405129248135,5.58,93
translation_growth,OldTime,2,0,23.0,22.91998404015834,4.9799999999999995,83
translation_growth,OldTime,2,1,40.1,39.98443370109676,5.16,86
translation_growth,OldTime,2,2,62.4,62.235091495802585,5.819999999999999,97
translation_growth,OldTime,3,0,23.6,23.501917929583936,5.1,85
translation_growth,OldTime,3,1,41.1,40.97288561706628,5.279999999999999,88
translation_growth,OldTime,3,2,64.0,63.82958884022605,5.9399999999999995,99
translation_growth,OldTime,4,0,24.0,23.91945251257769,5.22,87
translation_growth,OldTime,4,1,42.0,41.88418804298305,5.46,91
translation_growth,OldTime,4,2,65.5,65.34129425923228,6.12,102
translation_growth,OldTime,5,0,24.5,24.410110981697652,5.3999999999999995,90
translation_growth,OldTime,5,1,43.0,42.874431000737346,5.58,93
translation_growth,OldTime,5,2,67.1,66.93156406262668,6.24,104
translation_growth,OldTime,6,0,24.900000000000002,24.81869078594238,5.52,92
translation_growth,OldTime,6,1,43.9,43.78298354775645,5.76,96
translation_growth,OldTime,6,2,68.69999999999999,68.53345102003799,6.4799999999999995,108
translation_growth,OldTime,7,0,25.4,25.31139631032146,5.7,95
translation_growth,OldTime,7,1,44.9,44.7756866257919,5.88,98
translation_growth,OldTime,7,2,70.2,70.03904394618795,6.54,109
translation_growth,OldTime,8,0,25.8,25.718924898965792,5.819999999999999,97
translation_growth,OldTime,8,1,45.800000000000004,45.68321563613751,6.06,101
translation_growth,OldTime,8,2,71.80000000000001,71.63409799051801,6.779999999999999,113
translation_growth,OldTime,9,0,26.3,26.209946948969776,6.0,100
translation_growth,OldTime,9,1,46.800000000000004,46.67423755787395,6.18,103
translation_growth,OldTime,9,2,73.4,73.23095510447602,6.8999999999999995,115
translation_growth,OldTime,10,0,26.7,26.61866550726729,6.12,102
translation_growth,OldTime,10,1,47.699999999999996,47.58295655716193,6.359999999999999,106
translation_growth,OldTime,10,2,75.0,74.83339570204525,7.14,119
translation_growth,NoTime,0,0,22.099999999999998,22.100000502772332,4.68,78
translation_growth,NoTime,0,1,38.199999999999996,38.20000468446466,4.859999999999999,81
translation_growth,NoTime,0,2,59.199999999999996,59.19999822790618,5.46,91
translation_growth,NoTime,1,0,22.599999999999994,22.600000456611053,4.859999999999999,81
translation_growth,NoTime,1,1,39.199999999999996,39.20000459944434,4.9799999999999995,83
translation_growth,NoTime,1,2,60.80000000000002,60.79999804543822,5.58,93
translation_growth,NoTime,2,0,23.0,23.00000047068031,4.9799999999999995,83
translation_growth,NoTime,2,1,40.1,40.10000500512262,5.16,86
translation_growth,NoTime,2,2,62.4,62.399997721397085,5.819999999999999,97
translation_growth,NoTime,3,0,23.6,23.6000004358779,5.1,85
translation_growth,NoTime,3,1,41.1,41.100004935980905,5.279999999999999,88
translation_growth,NoTime,3,2,64.0,63.999997588938264,5.9399999999999995,99
translation_growth,NoTime,4,0,24.0,24.000000392164406,5.22,87
translation_growth,NoTime,4,1,42.0,42.000004848460755,5.46,91
translation_growth,NoTime,4,2,65.5,65.49999742331794,6.12,102
translation_growth,NoTime,5,0,24.5,24.500000366961782,5.3999999999999995,90
translation_growth,NoTime,5,1,43.0,43.000004788974714,5.58,93
translation_growth,NoTime,5,2,67.1,67.09999733673365,6.24,104
translation_growth,NoTime,6,0,24.900000000000002,24.900000391095094,5.52,92
translation_growth,NoTime,6,1,43.9,43.90000520807178,5.76,96
translation_growth,NoTime,6,2,68.69999999999999,68.69999705755384,6.4799999999999995,108
translation_growth,NoTime,7,0,25.4,25.400000316182908,5.7,95
translation_growth,NoTime,7,1,44.9,44.90000467208222,5.88,98
translation_growth,NoTime,7,2,70.2,70.19999715948042,6.54,109
translation_growth,NoTime,8,0,25.8,25.800000341847024,5.819999999999999,97
translation_growth,NoTime,8,1,45.800000000000004,45.800005093213066,6.06,101
translation_growth,NoTime,8,2,71.80000000000001,71.79999688712026,6.779999999999999,113
translation_growth,NoTime,9,0,26.3,26.300000325076596,6.0,100
translation_growth,NoTime,9,1,46.800000000000004,46.80000504804825,6.18,103
translation_growth,NoTime,9,2,73.4,73.39999683506956,6.8999999999999995,115
translation_growth,NoTime,10,0,26.7,26.700000350950045,6.12,102
translation_growth,NoTime,10,1,47.699999999999996,47.70000546929028,6.359999999999999,106
translation_growth,NoTime,10,2,75.0,74.99999656381713,7.14,119
translation_growth,NoReferencePenalty,0,0,22.099999999999998,22.100000591217764,4.68,78
translation_growth,NoReferencePenalty,0,1,38.199999999999996,38.19999005479701,4.859999999999999,81
translation_growth,NoReferencePenalty,0,2,59.199999999999996,59.20000935398521,5.46,91
translation_growth,NoReferencePenalty,1,0,22.599999999999994,22.599834391435138,4.859999999999999,81
translation_growth,NoReferencePenalty,1,1,39.199999999999996,39.19989143721211,4.9799999999999995,83
translation_growth,NoReferencePenalty,1,2,60.80000000000002,60.79972928028636,5.58,93
translation_growth,NoReferencePenalty,2,0,23.0,22.999591686099606,4.9799999999999995,83
translation_growth,NoReferencePenalty,2,1,40.1,40.099644518017755,5.16,86
translation_growth,NoReferencePenalty,2,2,62.4,62.39946566199697,5.819999999999999,97
translation_growth,NoReferencePenalty,3,0,23.6,23.59932531467746,5.1,85
translation_growth,NoReferencePenalty,3,1,41.1,41.09936663417165,5.279999999999999,88
translation_growth,NoReferencePenalty,3,2,64.0,63.999202418968395,5.9399999999999995,99
translation_growth,NoReferencePenalty,4,0,24.0,23.999044851709964,5.22,87
translation_growth,NoReferencePenalty,4,1,42.0,41.999061618495475,5.46,91
translation_growth,NoReferencePenalty,4,2,65.5,65.49894171829474,6.12,102
translation_growth,NoReferencePenalty,5,0,24.5,24.49878229299539,5.3999999999999995,90
translation_growth,NoReferencePenalty,5,1,43.0,42.998783148691224,5.58,93
translation_growth,NoReferencePenalty,5,2,67.1,67.09870012358482,6.24,104
translation_growth,NoReferencePenalty,6,0,24.900000000000002,24.898702967327424,5.52,92
translation_growth,NoReferencePenalty,6,1,43.9,43.89869784103269,5.76,96
translation_growth,NoReferencePenalty,6,2,68.69999999999999,68.69868047727893,6.4799999999999995,108
translation_growth,NoReferencePenalty,7,0,25.4,25.398713533111174,5.7,95
translation_growth,NoReferencePenalty,7,1,44.9,44.898715578012165,5.88,98
translation_growth,NoReferencePenalty,7,2,70.2,70.19871289902832,6.54,109
translation_growth,NoReferencePenalty,8,0,25.8,25.798950026422823,5.819999999999999,97
translation_growth,NoReferencePenalty,8,1,45.800000000000004,45.79901052789661,6.06,101
translation_growth,NoReferencePenalty,8,2,71.80000000000001,71.79895851242512,6.779999999999999,113
translation_growth,NoReferencePenalty,9,0,26.3,26.299237291125568,6.0,100
translation_growth,NoReferencePenalty,9,1,46.800000000000004,46.79932577488868,6.18,103
translation_growth,NoReferencePenalty,9,2,73.4,73.39923646992153,6.8999999999999995,115
translation_growth,NoReferencePenalty,10,0,26.7,26.6995569134559,6.12,102
translation_growth,NoReferencePenalty,10,1,47.699999999999996,47.69968253969929,6.359999999999999,106
translation_growth,NoReferencePenalty,10,2,75.0,74.99952981886496,7.14,119
translation_growth,ReferenceOnly,0,0,22.099999999999998,22.099999999999998,4.68,78
translation_growth,ReferenceOnly,0,1,38.199999999999996,38.200000000001005,4.859999999999999,81
translation_growth,ReferenceOnly,0,2,59.199999999999996,59.19999999999898,5.46,91
translation_growth,ReferenceOnly,1,0,22.599999999999994,22.599999999999994,4.859999999999999,81
translation_growth,ReferenceOnly,1,1,39.199999999999996,39.200000000003506,4.9799999999999995,83
translation_growth,ReferenceOnly,1,2,60.80000000000002,60.79999999999652,5.58,93
translation_growth,ReferenceOnly,2,0,23.0,23.0,4.9799999999999995,83
translation_growth,ReferenceOnly,2,1,40.1,40.10000000000511,5.16,86
translation_growth,ReferenceOnly,2,2,62.4,62.399999999994904,5.819999999999999,97
translation_growth,ReferenceOnly,3,0,23.6,23.6,5.1,85
translation_growth,ReferenceOnly,3,1,41.1,41.099999999995674,5.279999999999999,88
translation_growth,ReferenceOnly,3,2,64.0,64.00000000000432,5.9399999999999995,99
translation_growth,ReferenceOnly,4,0,24.0,23.999999999999996,5.22,87
translation_growth,ReferenceOnly,4,1,42.0,41.9999999999886,5.46,91
translation_growth,ReferenceOnly,4,2,65.5,65.50000000001138,6.12,102
translation_growth,ReferenceOnly,5,0,24.5,24.5,5.3999999999999995,90
translation_growth,ReferenceOnly,5,1,43.0,42.999999999995715,5.58,93
translation_growth,ReferenceOnly,5,2,67.1,67.10000000000427,6.24,104
translation_growth,ReferenceOnly,6,0,24.900000000000002,24.899999999999995,5.52,92
translation_growth,ReferenceOnly,6,1,43.9,43.90000000000025,5.76,96
translation_growth,ReferenceOnly,6,2,68.69999999999999,68.69999999999976,6.4799999999999995,108
translation_growth,ReferenceOnly,7,0,25.4,25.400000000000002,5.7,95
translation_growth,ReferenceOnly,7,1,44.9,44.900000000000716,5.88,98
translation_growth,ReferenceOnly,7,2,70.2,70.19999999999926,6.54,109
translation_growth,ReferenceOnly,8,0,25.8,25.800000000000004,5.819999999999999,97
translation_growth,ReferenceOnly,8,1,45.800000000000004,45.79999999999885,6.06,101
translation_growth,ReferenceOnly,8,2,71.80000000000001,71.80000000000113,6.779999999999999,113
translation_growth,ReferenceOnly,9,0,26.3,26.3,6.0,100
translation_growth,ReferenceOnly,9,1,46.800000000000004,46.80000000000946,6.18,103
translation_growth,ReferenceOnly,9,2,73.4,73.39999999999057,6.8999999999999995,115
translation_growth,ReferenceOnly,10,0,26.7,26.7,6.12,102
translation_growth,ReferenceOnly,10,1,47.699999999999996,47.69999999999869,6.359999999999999,106
translation_growth,ReferenceOnly,10,2,75.0,75.00000000000132,7.14,119
translation_growth,LegacyObjective,0,0,22.099999999999998,22.100002486210563,4.68,78
translation_growth,LegacyObjective,0,1,38.199999999999996,38.1999883734349,4.859999999999999,81
translation_growth,LegacyObjective,0,2,59.199999999999996,59.20000914035453,5.46,91
translation_growth,LegacyObjective,1,0,22.599999999999994,22.600000355172934,4.859999999999999,81
translation_growth,LegacyObjective,1,1,39.199999999999996,39.19999833906213,4.9799999999999995,83
translation_growth,LegacyObjective,1,2,60.80000000000002,60.80000130576495,5.58,93
translation_growth,LegacyObjective,2,0,23.0,23.000000050738993,4.9799999999999995,83
translation_growth,LegacyObjective,2,1,40.1,40.099999762723165,5.16,86
translation_growth,LegacyObjective,2,2,62.4,62.400000186537845,5.819999999999999,97
translation_growth,LegacyObjective,3,0,23.6,23.600000007248433,5.1,85
translation_growth,LegacyObjective,3,1,41.1,41.09999996610331,5.279999999999999,88
translation_growth,LegacyObjective,3,2,64.0,64.00000002664827,5.9399999999999995,99
translation_growth,LegacyObjective,4,0,24.0,24.000000001035488,5.22,87
translation_growth,LegacyObjective,4,1,42.0,41.999999995157616,5.46,91
translation_growth,LegacyObjective,4,2,65.5,65.50000000380689,6.12,102
translation_growth,LegacyObjective,5,0,24.5,24.500000000147924,5.3999999999999995,90
translation_growth,LegacyObjective,5,1,43.0,42.99999999930823,5.58,93
translation_growth,LegacyObjective,5,2,67.1,67.10000000054384,6.24,104
translation_growth,LegacyObjective,6,0,24.900000000000002,24.899931462106178,5.52,92
translation_growth,LegacyObjective,6,1,43.9,43.89992337088539,5.76,96
translation_growth,LegacyObjective,6,2,68.69999999999999,68.69991962746593,6.4799999999999995,108
translation_growth,LegacyObjective,7,0,25.4,25.399930608322794,5.7,95
translation_growth,LegacyObjective,7,1,44.9,44.89993015369877,5.88,98
translation_growth,LegacyObjective,7,2,70.2,70.19992961895396,6.54,109
translation_growth,LegacyObjective,8,0,25.8,25.7999301957534,5.819999999999999,97
translation_growth,LegacyObjective,8,1,45.800000000000004,45.79993013080712,6.06,101
translation_growth,LegacyObjective,8,2,71.80000000000001,71.799930054415,6.779999999999999,113
translation_growth,LegacyObjective,9,0,26.3,26.299930136814915,6.0,100
translation_growth,LegacyObjective,9,1,46.800000000000004,46.79993012753688,6.18,103
translation_growth,LegacyObjective,9,2,73.4,73.39993011662372,6.8999999999999995,115
translation_growth,LegacyObjective,10,0,26.7,26.699930128395135,6.12,102
translation_growth,LegacyObjective,10,1,47.699999999999996,47.69993012706969,6.359999999999999,106
translation_growth,LegacyObjective,10,2,75.0,74.99993012551067,7.14,119
translation_growth,TightBudget,0,0,22.099999999999998,22.099999999999998,4.68,78
translation_growth,TightBudget,0,1,38.199999999999996,38.199999999999996,4.859999999999999,81
translation_growth,TightBudget,0,2,59.199999999999996,59.199999999999996,5.46,91
translation_growth,TightBudget,1,0,22.599999999999994,22.599999999999994,4.859999999999999,81
translation_growth,TightBudget,1,1,39.199999999999996,39.199999999999996,4.9799999999999995,83
translation_growth,TightBudget,1,2,60.80000000000002,60.80000000000002,5.58,93
translation_growth,TightBudget,2,0,23.0,23.0,4.9799999999999995,83
translation_growth,TightBudget,2,1,40.1,40.1,5.16,86
translation_growth,TightBudget,2,2,62.4,62.4,5.819999999999999,97
translation_growth,TightBudget,3,0,23.6,23.6,5.1,85
translation_growth,TightBudget,3,1,41.1,41.1,5.279999999999999,88
translation_growth,TightBudget,3,2,64.0,64.0,5.9399999999999995,99
translation_growth,TightBudget,4,0,24.0,24.0,5.22,87
translation_growth,TightBudget,4,1,42.0,42.0,5.46,91
translation_growth,TightBudget,4,2,65.5,65.5,6.12,102
translation_growth,TightBudget,5,0,24.5,24.5,5.3999999999999995,90
translation_growth,TightBudget,5,1,43.0,43.0,5.58,93
translation_growth,TightBudget,5,2,67.1,67.1,6.24,104
translation_growth,TightBudget,6,0,24.900000000000002,24.900000000000002,5.52,92
translation_growth,TightBudget,6,1,43.9,43.9,5.76,96
translation_growth,TightBudget,6,2,68.69999999999999,68.69999999999999,6.4799999999999995,108
translation_growth,TightBudget,7,0,25.4,25.4,5.7,95
translation_growth,TightBudget,7,1,44.9,44.9,5.88,98
translation_growth,TightBudget,7,2,70.2,70.2,6.54,109
translation_growth,TightBudget,8,0,25.8,25.8,5.819999999999999,97
translation_growth,TightBudget,8,1,45.800000000000004,45.800000000000004,6.06,101
translation_growth,TightBudget,8,2,71.80000000000001,71.80000000000001,6.779999999999999,113
translation_growth,TightBudget,9,0,26.3,26.3,6.0,100
translation_growth,TightBudget,9,1,46.800000000000004,46.800000000000004,6.18,103
translation_growth,TightBudget,9,2,73.4,73.4,6.8999999999999995,115
translation_growth,TightBudget,10,0,26.7,26.7,6.12,102
translation_growth,TightBudget,10,1,47.699999999999996,47.699999999999996,6.359999999999999,106
translation_growth,TightBudget,10,2,75.0,75.0,7.14,119
translation_growth,LooseBudget,0,0,22.099999999999998,22.100000042832782,4.68,78
translation_growth,LooseBudget,0,1,38.199999999999996,38.1999999208338,4.859999999999999,81
translation_growth,LooseBudget,0,2,59.199999999999996,59.19999997142098,5.46,91
translation_growth,LooseBudget,1,0,22.599999999999994,22.599999654716388,4.859999999999999,81
translation_growth,LooseBudget,1,1,39.199999999999996,39.200000460067685,4.9799999999999995,83
translation_growth,LooseBudget,1,2,60.80000000000002,60.800000138945265,5.58,93
translation_growth,LooseBudget,2,0,23.0,23.000000397706728,4.9799999999999995,83
translation_growth,LooseBudget,2,1,40.1,40.09999979933849,5.16,86
translation_growth,LooseBudget,2,2,62.4,62.4000000343844,5.819999999999999,97
translation_growth,LooseBudget,3,0,23.6,23.600000030031904,5.1,85
translation_growth,LooseBudget,3,1,41.1,41.09999999010309,5.279999999999999,88
translation_growth,LooseBudget,3,2,64.0,64.00000000578936,5.9399999999999995,99
translation_growth,LooseBudget,4,0,24.0,24.000000002386194,5.22,87
translation_growth,LooseBudget,4,1,42.0,41.99999999972427,5.46,91
translation_growth,LooseBudget,4,2,65.5,65.50000000077002,6.12,102
translation_growth,LooseBudget,5,0,24.5,24.500000000201755,5.3999999999999995,90
translation_growth,LooseBudget,5,1,43.0,43.00000000002429,5.58,93
translation_growth,LooseBudget,5,2,67.1,67.100000000094,6.24,104
translation_growth,LooseBudget,6,0,24.900000000000002,24.900001874021285,5.52,92
translation_growth,LooseBudget,6,1,43.9,43.89999880962742,5.76,96
translation_growth,LooseBudget,6,2,68.69999999999999,68.69999997284309,6.4799999999999995,108
translation_growth,LooseBudget,7,0,25.4,25.400000160948707,5.7,95
translation_growth,LooseBudget,7,1,44.9,44.899999942832885,5.88,98
translation_growth,LooseBudget,7,2,70.2,70.20000002763508,6.54,109
translation_growth,LooseBudget,8,0,25.8,25.800000012676826,5.819999999999999,97
translation_growth,LooseBudget,8,1,45.800000000000004,45.799999998135775,6.06,101
translation_growth,LooseBudget,8,2,71.80000000000001,71.80000000378928,6.779999999999999,113
translation_growth,LooseBudget,9,0,26.3,26.30000010033446,6.0,100
translation_growth,LooseBudget,9,1,46.800000000000004,46.8000000907719,6.18,103
translation_growth,LooseBudget,9,2,73.4,73.40000010996084,6.8999999999999995,115
translation_growth,LooseBudget,10,0,26.7,26.699999816533637,6.12,102
translation_growth,LooseBudget,10,1,47.699999999999996,47.70000015181469,6.359999999999999,106
translation_growth,LooseBudget,10,2,75.0,75.00000003332897,7.14,119
hierarchy_conflict,Full,0,0,26.483333333333338,25.729205197399214,4.5,75
hierarchy_conflict,Full,0,1,56.66358024691358,51.38535625876469,4.859999999999999,81
hierarchy_conflict,Full,0,2,49.05882352941177,54.37535625876469,5.1,85
hierarchy_conflict,Full,0,3,82.17671232876712,82.89253172316836,4.38,73
hierarchy_conflict,Full,1,0,26.483333333333338,25.729205165797588,4.5,75
hierarchy_conflict,Full,1,1,56.66358024691358,51.38535626659932,4.859999999999999,81
hierarchy_conflict,Full,1,2,49.05882352941177,54.37535626659932,5.1,85
hierarchy_conflict,Full,1,3,82.17671232876712,82.89253174613957,4.38,73
hierarchy_conflict,Full,2,0,26.483333333333338,25.729205163665576,4.5,75
hierarchy_conflict,Full,2,1,56.66358024691358,51.385356267218675,4.859999999999999,81
hierarchy_conflict,Full,2,2,49.05882352941177,54.37535626721867,5.1,85
hierarchy_conflict,Full,2,3,82.17671232876712,82.89253174781496,4.38,73
hierarchy_conflict,Full,3,0,26.483333333333338,25.729205163524913,4.5,75
hierarchy_conflict,Full,3,1,56.66358024691358,51.38535626726997,4.859999999999999,81
hierarchy_conflict,Full,3,2,49.05882352941177,54.37535626726997,5.1,85
hierarchy_conflict,Full,3,3,82.17671232876712,82.89253174793993,4.38,73
hierarchy_conflict,Full,4,0,26.483333333333338,25.729205163516,4.5,75
hierarchy_conflict,Full,4,1,56.66358024691358,51.385356267274446,4.859999999999999,81
hierarchy_conflict,Full,4,2,49.05882352941177,54.37535626727445,5.1,85
hierarchy_conflict,Full,4,3,82.17671232876712,82.89253174794955,4.38,73
hierarchy_conflict,Full,5,0,26.483333333333338,25.729205163515473,4.5,75
hierarchy_conflict,Full,5,1,56.66358024691358,51.38535626727486,4.859999999999999,81
hierarchy_conflict,Full,5,2,49.05882352941177,54.37535626727486,5.1,85
hierarchy_conflict,Full,5,3,82.17671232876712,82.89253174795031,4.38,73
hierarchy_conflict,Full,6,0,26.483333333333338,25.72920516351545,4.5,75
hierarchy_conflict,Full,6,1,56.66358024691358,51.3853562672749,4.859999999999999,81
hierarchy_conflict,Full,6,2,49.05882352941177,54.3753562672749,5.1,85
hierarchy_conflict,Full,6,3,82.17671232876712,82.89253174795039,4.38,73
hierarchy_conflict,Full,7,0,26.483333333333338,25.72920516351545,4.5,75
hierarchy_conflict,Full,7,1,56.66358024691358,51.3853562672749,4.859999999999999,81
hierarchy_conflict,Full,7,2,49.05882352941177,54.3753562672749,5.1,85
hierarchy_conflict,Full,7,3,82.17671232876712,82.89253174795039,4.38,73
hierarchy_conflict,Full,8,0,26.483333333333338,25.72920516351545,4.5,75
hierarchy_conflict,Full,8,1,56.66358024691358,51.3853562672749,4.859999999999999,81
hierarchy_conflict,Full,8,2,49.05882352941177,54.3753562672749,5.1,85
hierarchy_conflict,Full,8,3,82.17671232876712,82.89253174795039,4.38,73
hierarchy_conflict,Full,9,0,26.483333333333338,25.72920516351545,4.5,75
hierarchy_conflict,Full,9,1,56.66358024691358,51.3853562672749,4.859999999999999,81
hierarchy_conflict,Full,9,2,49.05882352941177,54.3753562672749,5.1,85
hierarchy_conflict,Full,9,3,82.17671232876712,82.89253174795039,4.38,73
hierarchy_conflict,Full,10,0,26.483333333333338,25.72920516351545,4.5,75
hierarchy_conflict,Full,10,1,56.66358024691358,51.3853562672749,4.859999999999999,81
hierarchy_conflict,Full,10,2,49.05882352941177,54.3753562672749,5.1,85
hierarchy_conflict,Full,10,3,82.17671232876712,82.89253174795039,4.38,73
hierarchy_conflict,RelativeWidth,0,0,26.483333333333338,25.729205197399214,4.5,75
hierarchy_conflict,RelativeWidth,0,1,56.66358024691358,51.38535625876469,4.859999999999999,81
hierarchy_conflict,RelativeWidth,0,2,49.05882352941177,54.37535625876469,5.1,85
hierarchy_conflict,RelativeWidth,0,3,82.17671232876712,82.89253172316836,4.38,73
hierarchy_conflict,RelativeWidth,1,0,26.483333333333338,25.729205165797588,4.5,75
hierarchy_conflict,RelativeWidth,1,1,56.66358024691358,51.38535626659932,4.859999999999999,81
hierarchy_conflict,RelativeWidth,1,2,49.05882352941177,54.37535626659932,5.1,85
hierarchy_conflict,RelativeWidth,1,3,82.17671232876712,82.89253174613957,4.38,73
hierarchy_conflict,RelativeWidth,2,0,26.483333333333338,25.729205163665576,4.5,75
hierarchy_conflict,RelativeWidth,2,1,56.66358024691358,51.385356267218675,4.859999999999999,81
hierarchy_conflict,RelativeWidth,2,2,49.05882352941177,54.37535626721867,5.1,85
hierarchy_conflict,RelativeWidth,2,3,82.17671232876712,82.89253174781496,4.38,73
hierarchy_conflict,RelativeWidth,3,0,26.483333333333338,25.729205163524913,4.5,75
hierarchy_conflict,RelativeWidth,3,1,56.66358024691358,51.38535626726997,4.859999999999999,81
hierarchy_conflict,RelativeWidth,3,2,49.05882352941177,54.37535626726997,5.1,85
hierarchy_conflict,RelativeWidth,3,3,82.17671232876712,82.89253174793993,4.38,73
hierarchy_conflict,RelativeWidth,4,0,26.483333333333338,25.729205163516,4.5,75
hierarchy_conflict,RelativeWidth,4,1,56.66358024691358,51.385356267274446,4.859999999999999,81
hierarchy_conflict,RelativeWidth,4,2,49.05882352941177,54.37535626727445,5.1,85
hierarchy_conflict,RelativeWidth,4,3,82.17671232876712,82.89253174794955,4.38,73
hierarchy_conflict,RelativeWidth,5,0,26.483333333333338,25.729205163515473,4.5,75
hierarchy_conflict,RelativeWidth,5,1,56.66358024691358,51.38535626727486,4.859999999999999,81
hierarchy_conflict,RelativeWidth,5,2,49.05882352941177,54.37535626727486,5.1,85
hierarchy_conflict,RelativeWidth,5,3,82.17671232876712,82.89253174795031,4.38,73
hierarchy_conflict,RelativeWidth,6,0,26.483333333333338,25.72920516351545,4.5,75
hierarchy_conflict,RelativeWidth,6,1,56.66358024691358,51.3853562672749,4.859999999999999,81
hierarchy_conflict,RelativeWidth,6,2,49.05882352941177,54.3753562672749,5.1,85
hierarchy_conflict,RelativeWidth,6,3,82.17671232876712,82.89253174795039,4.38,73
hierarchy_conflict,RelativeWidth,7,0,26.483333333333338,25.72920516351545,4.5,75
hierarchy_conflict,RelativeWidth,7,1,56.66358024691358,51.3853562672749,4.859999999999999,81
hierarchy_conflict,RelativeWidth,7,2,49.05882352941177,54.3753562672749,5.1,85
hierarchy_conflict,RelativeWidth,7,3,82.17671232876712,82.89253174795039,4.38,73
hierarchy_conflict,RelativeWidth,8,0,26.483333333333338,25.72920516351545,4.5,75
hierarchy_conflict,RelativeWidth,8,1,56.66358024691358,51.3853562672749,4.859999999999999,81
hierarchy_conflict,RelativeWidth,8,2,49.05882352941177,54.3753562672749,5.1,85
hierarchy_conflict,RelativeWidth,8,3,82.17671232876712,82.89253174795039,4.38,73
hierarchy_conflict,RelativeWidth,9,0,26.483333333333338,25.72920516351545,4.5,75
hierarchy_conflict,RelativeWidth,9,1,56.66358024691358,51.3853562672749,4.859999999999999,81
hierarchy_conflict,RelativeWidth,9,2,49.05882352941177,54.3753562672749,5.1,85
hierarchy_conflict,RelativeWidth,9,3,82.17671232876712,82.89253174795039,4.38,73
hierarchy_conflict,RelativeWidth,10,0,26.483333333333338,25.72920516351545,4.5,75
hierarchy_conflict,RelativeWidth,10,1,56.66358024691358,51.3853562672749,4.859999999999999,81
hierarchy_conflict,RelativeWidth,10,2,49.05882352941177,54.3753562672749,5.1,85
hierarchy_conflict,RelativeWidth,10,3,82.17671232876712,82.89253174795039,4.38,73
hierarchy_conflict,OldTime,0,0,26.483333333333338,25.729205197399214,4.5,75
hierarchy_conflict,OldTime,0,1,56.66358024691358,51.38535625876469,4.859999999999999,81
hierarchy_conflict,OldTime,0,2,49.05882352941177,54.37535625876469,5.1,85
hierarchy_conflict,OldTime,0,3,82.17671232876712,82.89253172316836,4.38,73
hierarchy_conflict,OldTime,1,0,26.483333333333338,25.729205165797588,4.5,75
hierarchy_conflict,OldTime,1,1,56.66358024691358,51.38535626659932,4.859999999999999,81
hierarchy_conflict,OldTime,1,2,49.05882352941177,54.37535626659932,5.1,85
hierarchy_conflict,OldTime,1,3,82.17671232876712,82.89253174613957,4.38,73
hierarchy_conflict,OldTime,2,0,26.483333333333338,25.729205163665576,4.5,75
hierarchy_conflict,OldTime,2,1,56.66358024691358,51.385356267218675,4.859999999999999,81
hierarchy_conflict,OldTime,2,2,49.05882352941177,54.37535626721868,5.1,85
hierarchy_conflict,OldTime,2,3,82.17671232876712,82.89253174781496,4.38,73
hierarchy_conflict,OldTime,3,0,26.483333333333338,25.729205163524913,4.5,75
hierarchy_conflict,OldTime,3,1,56.66358024691358,51.38535626726997,4.859999999999999,81
hierarchy_conflict,OldTime,3,2,49.05882352941177,54.37535626726997,5.1,85
hierarchy_conflict,OldTime,3,3,82.17671232876712,82.89253174793993,4.38,73
hierarchy_conflict,OldTime,4,0,26.483333333333338,25.729205163516,4.5,75
hierarchy_conflict,OldTime,4,1,56.66358024691358,51.385356267274446,4.859999999999999,81
hierarchy_conflict,OldTime,4,2,49.05882352941177,54.37535626727445,5.1,85
hierarchy_conflict,OldTime,4,3,82.17671232876712,82.89253174794955,4.38,73
hierarchy_conflict,OldTime,5,0,26.483333333333338,25.729205163515477,4.5,75
hierarchy_conflict,OldTime,5,1,56.66358024691358,51.38535626727486,4.859999999999999,81
hierarchy_conflict,OldTime,5,2,49.05882352941177,54.37535626727486,5.1,85
hierarchy_conflict,OldTime,5,3,82.17671232876712,82.89253174795031,4.38,73
hierarchy_conflict,OldTime,6,0,26.483333333333338,25.72920516351545,4.5,75
hierarchy_conflict,OldTime,6,1,56.66358024691358,51.385356267274894,4.859999999999999,81
hierarchy_conflict,OldTime,6,2,49.05882352941177,54.375356267274896,5.1,85
hierarchy_conflict,OldTime,6,3,82.17671232876712,82.89253174795039,4.38,73
hierarchy_conflict,OldTime,7,0,26.483333333333338,25.72920516351545,4.5,75
hierarchy_conflict,OldTime,7,1,56.66358024691358,51.3853562672749,4.859999999999999,81
hierarchy_conflict,OldTime,7,2,49.05882352941177,54.3753562672749,5.1,85
hierarchy_conflict,OldTime,7,3,82.17671232876712,82.89253174795039,4.38,73
hierarchy_conflict,OldTime,8,0,26.483333333333338,25.72920516351545,4.5,75
hierarchy_conflict,OldTime,8,1,56.66358024691358,51.3853562672749,4.859999999999999,81
hierarchy_conflict,OldTime,8,2,49.05882352941177,54.3753562672749,5.1,85
hierarchy_conflict,OldTime,8,3,82.17671232876712,82.89253174795039,4.38,73
hierarchy_conflict,OldTime,9,0,26.483333333333338,25.72920516351545,4.5,75
hierarchy_conflict,OldTime,9,1,56.66358024691358,51.3853562672749,4.859999999999999,81
hierarchy_conflict,OldTime,9,2,49.05882352941177,54.3753562672749,5.1,85
hierarchy_conflict,OldTime,9,3,82.17671232876712,82.89253174795039,4.38,73
hierarchy_conflict,OldTime,10,0,26.483333333333338,25.72920516351545,4.5,75
hierarchy_conflict,OldTime,10,1,56.66358024691358,51.3853562672749,4.859999999999999,81
hierarchy_conflict,OldTime,10,2,49.05882352941177,54.3753562672749,5.1,85
hierarchy_conflict,OldTime,10,3,82.17671232876712,82.89253174795039,4.38,73
hierarchy_conflict,NoTime,0,0,26.483333333333338,25.729205197399214,4.5,75
hierarchy_conflict,NoTime,0,1,56.66358024691358,51.38535625876469,4.859999999999999,81
hierarchy_conflict,NoTime,0,2,49.05882352941177,54.37535625876469,5.1,85
hierarchy_conflict,NoTime,0,3,82.17671232876712,82.89253172316836,4.38,73
hierarchy_conflict,NoTime,1,0,26.483333333333338,25.729205197399214,4.5,75
hierarchy_conflict,NoTime,1,1,56.66358024691358,51.38535625876469,4.859999999999999,81
hierarchy_conflict,NoTime,1,2,49.05882352941177,54.37535625876469,5.1,85
hierarchy_conflict,NoTime,1,3,82.17671232876712,82.89253172316836,4.38,73
hierarchy_conflict,NoTime,2,0,26.483333333333338,25.729205197399214,4.5,75
hierarchy_conflict,NoTime,2,1,56.66358024691358,51.38535625876469,4.859999999999999,81
hierarchy_conflict,NoTime,2,2,49.05882352941177,54.37535625876469,5.1,85
hierarchy_conflict,NoTime,2,3,82.17671232876712,82.89253172316836,4.38,73
hierarchy_conflict,NoTime,3,0,26.483333333333338,25.729205197399214,4.5,75
hierarchy_conflict,NoTime,3,1,56.66358024691358,51.38535625876469,4.859999999999999,81
hierarchy_conflict,NoTime,3,2,49.05882352941177,54.37535625876469,5.1,85
hierarchy_conflict,NoTime,3,3,82.17671232876712,82.89253172316836,4.38,73
hierarchy_conflict,NoTime,4,0,26.483333333333338,25.729205197399214,4.5,75
hierarchy_conflict,NoTime,4,1,56.66358024691358,51.38535625876469,4.859999999999999,81
hierarchy_conflict,NoTime,4,2,49.05882352941177,54.37535625876469,5.1,85
hierarchy_conflict,NoTime,4,3,82.17671232876712,82.89253172316836,4.38,73
hierarchy_conflict,NoTime,5,0,26.483333333333338,25.729205197399214,4.5,75
hierarchy_conflict,NoTime,5,1,56.66358024691358,51.38535625876469,4.859999999999999,81
hierarchy_conflict,NoTime,5,2,49.05882352941177,54.37535625876469,5.1,85
hierarchy_conflict,NoTime,5,3,82.17671232876712,82.89253172316836,4.38,73
hierarchy_conflict,NoTime,6,0,26.483333333333338,25.729205197399214,4.5,75
hierarchy_conflict,NoTime,6,1,56.66358024691358,51.38535625876469,4.859999999999999,81
hierarchy_conflict,NoTime,6,2,49.05882352941177,54.37535625876469,5.1,85
hierarchy_conflict,NoTime,6,3,82.17671232876712,82.89253172316836,4.38,73
hierarchy_conflict,NoTime,7,0,26.483333333333338,25.729205197399214,4.5,75
hierarchy_conflict,NoTime,7,1,56.66358024691358,51.38535625876469,4.859999999999999,81
hierarchy_conflict,NoTime,7,2,49.05882352941177,54.37535625876469,5.1,85
hierarchy_conflict,NoTime,7,3,82.17671232876712,82.89253172316836,4.38,73
hierarchy_conflict,NoTime,8,0,26.483333333333338,25.729205197399214,4.5,75
hierarchy_conflict,NoTime,8,1,56.66358024691358,51.38535625876469,4.859999999999999,81
hierarchy_conflict,NoTime,8,2,49.05882352941177,54.37535625876469,5.1,85
hierarchy_conflict,NoTime,8,3,82.17671232876712,82.89253172316836,4.38,73
hierarchy_conflict,NoTime,9,0,26.483333333333338,25.729205197399214,4.5,75
hierarchy_conflict,NoTime,9,1,56.66358024691358,51.38535625876469,4.859999999999999,81
hierarchy_conflict,NoTime,9,2,49.05882352941177,54.37535625876469,5.1,85
hierarchy_conflict,NoTime,9,3,82.17671232876712,82.89253172316836,4.38,73
hierarchy_conflict,NoTime,10,0,26.483333333333338,25.729205197399214,4.5,75
hierarchy_conflict,NoTime,10,1,56.66358024691358,51.38535625876469,4.859999999999999,81
hierarchy_conflict,NoTime,10,2,49.05882352941177,54.37535625876469,5.1,85
hierarchy_conflict,NoTime,10,3,82.17671232876712,82.89253172316836,4.38,73
hierarchy_conflict,NoReferencePenalty,0,0,26.483333333333338,24.598015058867492,4.5,75
hierarchy_conflict,NoReferencePenalty,0,1,56.66358024691358,51.204151217179735,4.859999999999999,81
hierarchy_conflict,NoReferencePenalty,0,2,49.05882352941177,54.61402339181604,5.1,85
hierarchy_conflict,NoReferencePenalty,0,3,82.17671232876712,83.96625977056254,4.38,73
hierarchy_conflict,NoReferencePenalty,1,0,26.483333333333338,24.598013326810918,4.5,75
hierarchy_conflict,NoReferencePenalty,1,1,56.66358024691358,51.20415284243187,4.859999999999999,81
hierarchy_conflict,NoReferencePenalty,1,2,49.05882352941177,54.61402256623971,5.1,85
hierarchy_conflict,NoReferencePenalty,1,3,82.17671232876712,83.96626053110128,4.38,73
hierarchy_conflict,NoReferencePenalty,2,0,26.483333333333338,24.598013017145412,4.5,75
hierarchy_conflict,NoReferencePenalty,2,1,56.66358024691358,51.20415305694501,4.859999999999999,81
hierarchy_conflict,NoReferencePenalty,2,2,49.05882352941177,54.61402240563209,5.1,85
hierarchy_conflict,NoReferencePenalty,2,3,82.17671232876712,83.96626061500592,4.38,73
hierarchy_conflict,NoReferencePenalty,3,0,26.483333333333338,24.59801293206973,4.5,75
hierarchy_conflict,NoReferencePenalty,3,1,56.66358024691358,51.204153053727914,4.859999999999999,81
hierarchy_conflict,NoReferencePenalty,3,2,49.05882352941177,54.61402234499967,5.1,85
hierarchy_conflict,NoReferencePenalty,3,3,82.17671232876712,83.96626059207338,4.38,73
hierarchy_conflict,NoReferencePenalty,4,0,26.483333333333338,24.5980128824558,4.5,75
hierarchy_conflict,NoReferencePenalty,4,1,56.66358024691358,51.20415301690036,4.859999999999999,81
hierarchy_conflict,NoReferencePenalty,4,2,49.05882352941177,54.614022299384395,5.1,85
hierarchy_conflict,NoReferencePenalty,4,3,82.17671232876712,83.96626055227173,4.38,73
hierarchy_conflict,NoReferencePenalty,5,0,26.483333333333338,24.598012838441054,4.5,75
hierarchy_conflict,NoReferencePenalty,5,1,56.66358024691358,51.20415297488335,4.859999999999999,81
hierarchy_conflict,NoReferencePenalty,5,2,49.05882352941177,54.614022256022565,5.1,85
hierarchy_conflict,NoReferencePenalty,5,3,82.17671232876712,83.96626050980646,4.38,73
hierarchy_conflict,NoReferencePenalty,6,0,26.483333333333338,24.59801279531031,4.5,75
hierarchy_conflict,NoReferencePenalty,6,1,56.66358024691358,51.20415293206487,4.859999999999999,81
hierarchy_conflict,NoReferencePenalty,6,2,49.05882352941177,54.614022212998464,5.1,85
hierarchy_conflict,NoReferencePenalty,6,3,82.17671232876712,83.96626046692052,4.38,73
hierarchy_conflict,NoReferencePenalty,7,0,26.483333333333338,24.598012752319057,4.5,75
hierarchy_conflict,NoReferencePenalty,7,1,56.66358024691358,51.204152889122504,4.859999999999999,81
hierarchy_conflict,NoReferencePenalty,7,2,49.05882352941177,54.61402217002484,5.1,85
hierarchy_conflict,NoReferencePenalty,7,3,82.17671232876712,83.96626042396805,4.38,73
hierarchy_conflict,NoReferencePenalty,8,0,26.483333333333338,24.59801270934975,4.5,75
hierarchy_conflict,NoReferencePenalty,8,1,56.66358024691358,51.20415284616092,4.859999999999999,81
hierarchy_conflict,NoReferencePenalty,8,2,49.05882352941177,54.61402212705868,5.1,85
hierarchy_conflict,NoReferencePenalty,8,3,82.17671232876712,83.96626038100501,4.38,73
hierarchy_conflict,NoReferencePenalty,9,0,26.483333333333338,24.59801266638382,4.5,75
hierarchy_conflict,NoReferencePenalty,9,1,56.66358024691358,51.20415280319628,4.859999999999999,81
hierarchy_conflict,NoReferencePenalty,9,2,49.05882352941177,54.614022084093556,5.1,85
hierarchy_conflict,NoReferencePenalty,9,3,82.17671232876712,83.96626033804023,4.38,73
hierarchy_conflict,NoReferencePenalty,10,0,26.483333333333338,24.598012623418338,4.5,75
hierarchy_conflict,NoReferencePenalty,10,1,56.66358024691358,51.204152760231075,4.859999999999999,81
hierarchy_conflict,NoReferencePenalty,10,2,49.05882352941177,54.61402204112849,5.1,85
hierarchy_conflict,NoReferencePenalty,10,3,82.17671232876712,83.96626029507507,4.38,73
hierarchy_conflict,ReferenceOnly,0,0,26.483333333333338,26.483333333333334,4.5,75
hierarchy_conflict,ReferenceOnly,0,1,56.66358024691358,51.36620188816308,4.859999999999999,81
hierarchy_conflict,ReferenceOnly,0,2,49.05882352941177,54.356201888163085,5.1,85
hierarchy_conflict,ReferenceOnly,0,3,82.17671232876712,82.17671232876711,4.38,73
hierarchy_conflict,ReferenceOnly,1,0,26.483333333333338,26.48333333333333,4.5,75
hierarchy_conflict,ReferenceOnly,1,1,56.66358024691358,51.366201888162706,4.859999999999999,81
hierarchy_conflict,ReferenceOnly,1,2,49.05882352941177,54.3562018881627,5.1,85
hierarchy_conflict,ReferenceOnly,1,3,82.17671232876712,82.17671232876711,4.38,73
hierarchy_conflict,ReferenceOnly,2,0,26.483333333333338,26.48333333333334,4.5,75
hierarchy_conflict,ReferenceOnly,2,1,56.66358024691358,51.36620188816268,4.859999999999999,81
hierarchy_conflict,ReferenceOnly,2,2,49.05882352941177,54.35620188816267,5.1,85
hierarchy_conflict,ReferenceOnly,2,3,82.17671232876712,82.17671232876712,4.38,73
hierarchy_conflict,ReferenceOnly,3,0,26.483333333333338,26.483333333333345,4.5,75
hierarchy_conflict,ReferenceOnly,3,1,56.66358024691358,51.36620188816261,4.859999999999999,81
hierarchy_conflict,ReferenceOnly,3,2,49.05882352941177,54.35620188816261,5.1,85
hierarchy_conflict,ReferenceOnly,3,3,82.17671232876712,82.17671232876712,4.38,73
hierarchy_conflict,ReferenceOnly,4,0,26.483333333333338,26.483333333333338,4.5,75
hierarchy_conflict,ReferenceOnly,4,1,56.66358024691358,51.36620188816291,4.859999999999999,81
hierarchy_conflict,ReferenceOnly,4,2,49.05882352941177,54.356201888162914,5.1,85
hierarchy_conflict,ReferenceOnly,4,3,82.17671232876712,82.17671232876712,4.38,73
hierarchy_conflict,ReferenceOnly,5,0,26.483333333333338,26.483333333333334,4.5,75
hierarchy_conflict,ReferenceOnly,5,1,56.66358024691358,51.36620188816265,4.859999999999999,81
hierarchy_conflict,ReferenceOnly,5,2,49.05882352941177,54.35620188816265,5.1,85
hierarchy_conflict,ReferenceOnly,5,3,82.17671232876712,82.17671232876714,4.38,73
hierarchy_conflict,ReferenceOnly,6,0,26.483333333333338,26.483333333333334,4.5,75
hierarchy_conflict,ReferenceOnly,6,1,56.66358024691358,51.36620188816266,4.859999999999999,81
hierarchy_conflict,ReferenceOnly,6,2,49.05882352941177,54.35620188816265,5.1,85
hierarchy_conflict,ReferenceOnly,6,3,82.17671232876712,82.17671232876714,4.38,73
hierarchy_conflict,ReferenceOnly,7,0,26.483333333333338,26.483333333333334,4.5,75
hierarchy_conflict,ReferenceOnly,7,1,56.66358024691358,51.36620188816266,4.859999999999999,81
hierarchy_conflict,ReferenceOnly,7,2,49.05882352941177,54.35620188816265,5.1,85
hierarchy_conflict,ReferenceOnly,7,3,82.17671232876712,82.17671232876714,4.38,73
hierarchy_conflict,ReferenceOnly,8,0,26.483333333333338,26.483333333333334,4.5,75
hierarchy_conflict,ReferenceOnly,8,1,56.66358024691358,51.36620188816266,4.859999999999999,81
hierarchy_conflict,ReferenceOnly,8,2,49.05882352941177,54.35620188816265,5.1,85
hierarchy_conflict,ReferenceOnly,8,3,82.17671232876712,82.17671232876714,4.38,73
hierarchy_conflict,ReferenceOnly,9,0,26.483333333333338,26.483333333333334,4.5,75
hierarchy_conflict,ReferenceOnly,9,1,56.66358024691358,51.36620188816266,4.859999999999999,81
hierarchy_conflict,ReferenceOnly,9,2,49.05882352941177,54.35620188816265,5.1,85
hierarchy_conflict,ReferenceOnly,9,3,82.17671232876712,82.17671232876714,4.38,73
hierarchy_conflict,ReferenceOnly,10,0,26.483333333333338,26.483333333333334,4.5,75
hierarchy_conflict,ReferenceOnly,10,1,56.66358024691358,51.36620188816266,4.859999999999999,81
hierarchy_conflict,ReferenceOnly,10,2,49.05882352941177,54.35620188816265,5.1,85
hierarchy_conflict,ReferenceOnly,10,3,82.17671232876712,82.17671232876714,4.38,73
hierarchy_conflict,LegacyObjective,0,0,26.483333333333338,24.59801269590786,4.5,75
hierarchy_conflict,LegacyObjective,0,1,56.66358024691358,51.21677595434555,4.859999999999999,81
hierarchy_conflict,LegacyObjective,0,2,49.05882352941177,54.60139990567746,5.1,85
hierarchy_conflict,LegacyObjective,0,3,82.17671232876712,83.96626088249494,4.38,73
hierarchy_conflict,LegacyObjective,1,0,26.483333333333338,24.59801285908415,4.5,75
hierarchy_conflict,LegacyObjective,1,1,56.66358024691358,51.2167757949313,4.859999999999999,81
hierarchy_conflict,LegacyObjective,1,2,49.05882352941177,54.60139927765702,5.1,85
hierarchy_conflict,LegacyObjective,1,3,82.17671232876712,83.96626051448814,4.38,73
hierarchy_conflict,LegacyObjective,2,0,26.483333333333338,24.59801265667837,4.5,75
hierarchy_conflict,LegacyObjective,2,1,56.66358024691358,51.216775556119806,4.859999999999999,81
hierarchy_conflict,LegacyObjective,2,2,49.05882352941177,54.60139898788561,5.1,85
hierarchy_conflict,LegacyObjective,2,3,82.17671232876712,83.96626025306323,4.38,73
hierarchy_conflict,LegacyObjective,3,0,26.483333333333338,24.59801241358073,4.5,75
hierarchy_conflict,LegacyObjective,3,1,56.66358024691358,51.21677530892514,4.859999999999999,81
hierarchy_conflict,LegacyObjective,3,2,49.05882352941177,54.601398735102315,5.1,85
hierarchy_conflict,LegacyObjective,3,3,82.17671232876712,83.96626000341408,4.38,73
hierarchy_conflict,LegacyObjective,4,0,26.483333333333338,24.59801216588838,4.5,75
hierarchy_conflict,LegacyObjective,4,1,56.66358024691358,51.21677506078109,4.859999999999999,81
hierarchy_conflict,LegacyObjective,4,2,49.05882352941177,54.60139848629855,5.1,85
hierarchy_conflict,LegacyObjective,4,3,82.17671232876712,83.96625975500051,4.38,73
hierarchy_conflict,LegacyObjective,5,0,26.483333333333338,24.59801191761191,4.5,75
hierarchy_conflict,LegacyObjective,5,1,56.66358024691358,51.21677481246397,4.859999999999999,81
hierarchy_conflict,LegacyObjective,5,2,49.05882352941177,54.60139823785718,5.1,85
hierarchy_conflict,LegacyObjective,5,3,82.17671232876712,83.9662595066507,4.38,73
hierarchy_conflict,LegacyObjective,6,0,26.483333333333338,24.598011669196904,4.5,75
hierarchy_conflict,LegacyObjective,6,1,56.66358024691358,51.21677456405464,4.859999999999999,81
hierarchy_conflict,LegacyObjective,6,2,49.05882352941177,54.60139798938179,5.1,85
hierarchy_conflict,LegacyObjective,6,3,82.17671232876712,83.96625925823436,4.38,73
hierarchy_conflict,LegacyObjective,7,0,26.483333333333338,24.598011420692853,4.5,75
hierarchy_conflict,LegacyObjective,7,1,56.66358024691358,51.21677431556149,4.859999999999999,81
hierarchy_conflict,LegacyObjective,7,2,49.05882352941177,54.601397740828894,5.1,85
hierarchy_conflict,LegacyObjective,7,3,82.17671232876712,83.966259009737,4.38,73
hierarchy_conflict,LegacyObjective,8,0,26.483333333333338,24.598011172105252,4.5,75
hierarchy_conflict,LegacyObjective,8,1,56.66358024691358,51.21677406698539,4.859999999999999,81
hierarchy_conflict,LegacyObjective,8,2,49.05882352941177,54.60139749219374,5.1,85
hierarchy_conflict,LegacyObjective,8,3,82.17671232876712,83.966258761157,4.38,73
hierarchy_conflict,LegacyObjective,9,0,26.483333333333338,24.598010923434693,4.5,75
hierarchy_conflict,LegacyObjective,9,1,56.66358024691358,51.21677381832638,4.859999999999999,81
hierarchy_conflict,LegacyObjective,9,2,49.05882352941177,54.60139724347577,5.1,85
hierarchy_conflict,LegacyObjective,9,3,82.17671232876712,83.96625851249412,4.38,73
hierarchy_conflict,LegacyObjective,10,0,26.483333333333338,24.59801067468122,4.5,75
hierarchy_conflict,LegacyObjective,10,1,56.66358024691358,51.21677356958448,4.859999999999999,81
hierarchy_conflict,LegacyObjective,10,2,49.05882352941177,54.60139699467493,5.1,85
hierarchy_conflict,LegacyObjective,10,3,82.17671232876712,83.96625826374837,4.38,73
hierarchy_conflict,TightBudget,0,0,26.483333333333338,25.724416647372667,4.5,75
hierarchy_conflict,TightBudget,0,1,56.66358024691358,51.36620188816268,4.859999999999999,81
hierarchy_conflict,TightBudget,0,2,49.05882352941177,54.35620188816268,5.1,85
hierarchy_conflict,TightBudget,0,3,82.17671232876712,82.88774309467213,4.38,73
hierarchy_conflict,TightBudget,1,0,26.483333333333338,25.72441664737271,4.5,75
hierarchy_conflict,TightBudget,1,1,56.66358024691358,51.36620188816268,4.859999999999999,81
hierarchy_conflict,TightBudget,1,2,49.05882352941177,54.35620188816268,5.1,85
hierarchy_conflict,TightBudget,1,3,82.17671232876712,82.8877430946722,4.38,73
hierarchy_conflict,TightBudget,2,0,26.483333333333338,25.724416647372713,4.5,75
hierarchy_conflict,TightBudget,2,1,56.66358024691358,51.36620188816268,4.859999999999999,81
hierarchy_conflict,TightBudget,2,2,49.05882352941177,54.35620188816268,5.1,85
hierarchy_conflict,TightBudget,2,3,82.17671232876712,82.8877430946722,4.38,73
hierarchy_conflict,TightBudget,3,0,26.483333333333338,25.724416647372713,4.5,75
hierarchy_conflict,TightBudget,3,1,56.66358024691358,51.36620188816268,4.859999999999999,81
hierarchy_conflict,TightBudget,3,2,49.05882352941177,54.35620188816268,5.1,85
hierarchy_conflict,TightBudget,3,3,82.17671232876712,82.8877430946722,4.38,73
hierarchy_conflict,TightBudget,4,0,26.483333333333338,25.724416647372713,4.5,75
hierarchy_conflict,TightBudget,4,1,56.66358024691358,51.36620188816268,4.859999999999999,81
hierarchy_conflict,TightBudget,4,2,49.05882352941177,54.35620188816268,5.1,85
hierarchy_conflict,TightBudget,4,3,82.17671232876712,82.8877430946722,4.38,73
hierarchy_conflict,TightBudget,5,0,26.483333333333338,25.724416647372713,4.5,75
hierarchy_conflict,TightBudget,5,1,56.66358024691358,51.36620188816268,4.859999999999999,81
hierarchy_conflict,TightBudget,5,2,49.05882352941177,54.35620188816268,5.1,85
hierarchy_conflict,TightBudget,5,3,82.17671232876712,82.8877430946722,4.38,73
hierarchy_conflict,TightBudget,6,0,26.483333333333338,25.724416647372713,4.5,75
hierarchy_conflict,TightBudget,6,1,56.66358024691358,51.36620188816268,4.859999999999999,81
hierarchy_conflict,TightBudget,6,2,49.05882352941177,54.35620188816268,5.1,85
hierarchy_conflict,TightBudget,6,3,82.17671232876712,82.8877430946722,4.38,73
hierarchy_conflict,TightBudget,7,0,26.483333333333338,25.724416647372713,4.5,75
hierarchy_conflict,TightBudget,7,1,56.66358024691358,51.36620188816268,4.859999999999999,81
hierarchy_conflict,TightBudget,7,2,49.05882352941177,54.35620188816268,5.1,85
hierarchy_conflict,TightBudget,7,3,82.17671232876712,82.8877430946722,4.38,73
hierarchy_conflict,TightBudget,8,0,26.483333333333338,25.724416647372713,4.5,75
hierarchy_conflict,TightBudget,8,1,56.66358024691358,51.36620188816268,4.859999999999999,81
hierarchy_conflict,TightBudget,8,2,49.05882352941177,54.35620188816268,5.1,85
hierarchy_conflict,TightBudget,8,3,82.17671232876712,82.8877430946722,4.38,73
hierarchy_conflict,TightBudget,9,0,26.483333333333338,25.724416647372713,4.5,75
hierarchy_conflict,TightBudget,9,1,56.66358024691358,51.36620188816268,4.859999999999999,81
hierarchy_conflict,TightBudget,9,2,49.05882352941177,54.35620188816268,5.1,85
hierarchy_conflict,TightBudget,9,3,82.17671232876712,82.8877430946722,4.38,73
hierarchy_conflict,TightBudget,10,0,26.483333333333338,25.724416647372713,4.5,75
hierarchy_conflict,TightBudget,10,1,56.66358024691358,51.36620188816268,4.859999999999999,81
hierarchy_conflict,TightBudget,10,2,49.05882352941177,54.35620188816268,5.1,85
hierarchy_conflict,TightBudget,10,3,82.17671232876712,82.8877430946722,4.38,73
hierarchy_conflict,LooseBudget,0,0,26.483333333333338,25.729205239378228,4.5,75
hierarchy_conflict,LooseBudget,0,1,56.66358024691358,51.38535625618495,4.859999999999999,81
hierarchy_conflict,LooseBudget,0,2,49.05882352941177,54.37535625618494,5.1,85
hierarchy_conflict,LooseBudget,0,3,82.17671232876712,82.89253168667773,4.38,73
hierarchy_conflict,LooseBudget,1,0,26.483333333333338,25.729205239378224,4.5,75
hierarchy_conflict,LooseBudget,1,1,56.66358024691358,51.38535625618495,4.859999999999999,81
hierarchy_conflict,LooseBudget,1,2,49.05882352941177,54.37535625618494,5.1,85
hierarchy_conflict,LooseBudget,1,3,82.17671232876712,82.89253168667769,4.38,73
hierarchy_conflict,LooseBudget,2,0,26.483333333333338,25.72920523937823,4.5,75
hierarchy_conflict,LooseBudget,2,1,56.66358024691358,51.38535625618494,4.859999999999999,81
hierarchy_conflict,LooseBudget,2,2,49.05882352941177,54.37535625618494,5.1,85
hierarchy_conflict,LooseBudget,2,3,82.17671232876712,82.8925316866777,4.38,73
hierarchy_conflict,LooseBudget,3,0,26.483333333333338,25.729205239378224,4.5,75
hierarchy_conflict,LooseBudget,3,1,56.66358024691358,51.38535625618495,4.859999999999999,81
hierarchy_conflict,LooseBudget,3,2,49.05882352941177,54.37535625618494,5.1,85
hierarchy_conflict,LooseBudget,3,3,82.17671232876712,82.89253168667769,4.38,73
hierarchy_conflict,LooseBudget,4,0,26.483333333333338,25.72920523937823,4.5,75
hierarchy_conflict,LooseBudget,4,1,56.66358024691358,51.38535625618494,4.859999999999999,81
hierarchy_conflict,LooseBudget,4,2,49.05882352941177,54.37535625618494,5.1,85
hierarchy_conflict,LooseBudget,4,3,82.17671232876712,82.8925316866777,4.38,73
hierarchy_conflict,LooseBudget,5,0,26.483333333333338,25.729205239378224,4.5,75
hierarchy_conflict,LooseBudget,5,1,56.66358024691358,51.38535625618495,4.859999999999999,81
hierarchy_conflict,LooseBudget,5,2,49.05882352941177,54.37535625618494,5.1,85
hierarchy_conflict,LooseBudget,5,3,82.17671232876712,82.89253168667769,4.38,73
hierarchy_conflict,LooseBudget,6,0,26.483333333333338,25.72920523937823,4.5,75
hierarchy_conflict,LooseBudget,6,1,56.66358024691358,51.38535625618494,4.859999999999999,81
hierarchy_conflict,LooseBudget,6,2,49.05882352941177,54.37535625618494,5.1,85
hierarchy_conflict,LooseBudget,6,3,82.17671232876712,82.8925316866777,4.38,73
hierarchy_conflict,LooseBudget,7,0,26.483333333333338,25.729205239378224,4.5,75
hierarchy_conflict,LooseBudget,7,1,56.66358024691358,51.38535625618495,4.859999999999999,81
hierarchy_conflict,LooseBudget,7,2,49.05882352941177,54.37535625618494,5.1,85
hierarchy_conflict,LooseBudget,7,3,82.17671232876712,82.89253168667769,4.38,73
hierarchy_conflict,LooseBudget,8,0,26.483333333333338,25.72920523937823,4.5,75
hierarchy_conflict,LooseBudget,8,1,56.66358024691358,51.38535625618494,4.859999999999999,81
hierarchy_conflict,LooseBudget,8,2,49.05882352941177,54.37535625618494,5.1,85
hierarchy_conflict,LooseBudget,8,3,82.17671232876712,82.8925316866777,4.38,73
hierarchy_conflict,LooseBudget,9,0,26.483333333333338,25.729205239378224,4.5,75
hierarchy_conflict,LooseBudget,9,1,56.66358024691358,51.38535625618495,4.859999999999999,81
hierarchy_conflict,LooseBudget,9,2,49.05882352941177,54.37535625618494,5.1,85
hierarchy_conflict,LooseBudget,9,3,82.17671232876712,82.89253168667769,4.38,73
hierarchy_conflict,LooseBudget,10,0,26.483333333333338,25.72920523937823,4.5,75
hierarchy_conflict,LooseBudget,10,1,56.66358024691358,51.38535625618494,4.859999999999999,81
hierarchy_conflict,LooseBudget,10,2,49.05882352941177,54.37535625618494,5.1,85
hierarchy_conflict,LooseBudget,10,3,82.17671232876712,82.8925316866777,4.38,73
topology_change,Full,0,0,26.483333333333338,25.729205197399214,4.5,75
topology_change,Full,0,1,56.66358024691358,51.38535625876469,4.859999999999999,81
topology_change,Full,0,2,49.05882352941177,54.37535625876469,5.1,85
topology_change,Full,0,3,82.17671232876712,82.89253172316836,4.38,73
topology_change,Full,1,0,26.329605263157898,25.573445560036102,4.56,76
topology_change,Full,1,1,56.666666666666664,51.36756487059271,5.04,84
topology_change,Full,1,2,49.05882352941177,54.402564870592705,5.1,85
topology_change,Full,1,3,82.17671232876712,82.88823249223341,4.38,73
topology_change,Full,2,0,26.026282051282053,25.267499547451358,4.68,78
topology_change,Full,2,1,56.64367816091954,51.33715836572159,5.22,87
topology_change,Full,2,2,49.05882352941177,54.41715836572159,5.1,85
topology_change,Full,2,3,82.17671232876712,82.88367979872093,4.38,73
topology_change,Full,3,0,25.728125,24.967112174132122,4.8,80
topology_change,Full,3,1,56.61516853932584,51.310545280965954,5.34,89
topology_change,Full,3,2,49.05882352941177,54.42054528096595,5.1,85
topology_change,Full,3,3,82.17671232876712,82.88062667099302,4.38,73
topology_change,Full,4,0,25.434756097560978,24.67070700057683,4.92,82
topology_change,Full,4,1,56.554347826086946,51.261528360317804,5.52,92
topology_change,Full,4,2,49.05882352941177,54.416528360317805,5.1,85
topology_change,Full,4,3,82.17671232876712,82.87587607481098,4.38,73
topology_change,Full,5,0,25.145833333333332,24.378493358061746,5.04,84
topology_change,Full,5,1,56.473684210526315,51.202843393109895,5.7,95
topology_change,Full,5,2,49.05882352941177,54.40284339310989,5.1,85
topology_change,Full,5,3,82.17671232876712,82.87087328441889,4.38,73
topology_change,Full,6,0,24.861046511627915,24.09020766159198,5.16,86
topology_change,Full,6,1,56.375,51.1353138127377,5.88,98
topology_change,Full,6,2,49.05882352941177,54.380313812737704,5.1,85
topology_change,Full,6,3,82.17671232876712,82.86574712799872,4.38,73
topology_change,Full,7,0,24.580113636363638,23.80706981957139,5.279999999999999,88
topology_change,Full,7,1,56.33838383838384,51.11135824477259,5.9399999999999995,99
topology_change,Full,7,2,49.05882352941177,54.37135824477259,5.1,85
topology_change,Full,7,3,82.17671232876712,82.86424708126404,4.38,73
topology_change,Full,8,0,24.302777777777777,23.527056723129682,5.3999999999999995,90
topology_change,Full,8,1,56.74270833333333,51.33722244629481,5.76,96
topology_change,Full,8,2,49.05882352941177,54.55222244629481,5.1,85
topology_change,Full,8,3,82.17671232876712,82.86452036785604,4.38,73
topology_change,Full,9,0,24.165384615384617,23.387961997528357,5.46,91
topology_change,Full,9,1,57.002659574468076,51.48301175428442,5.64,94
topology_change,Full,9,2,49.05882352941177,54.668011754284414,5.1,85
topology_change,Full,9,3,82.17671232876712,82.86459454315076,4.38,73
topology_change,Full,10,0,23.893010752688173,23.113183160611886,5.58,93
topology_change,Full,10,1,57.25434782608696,51.62487639881036,5.52,92
topology_change,Full,10,2,49.05882352941177,54.77987639881035,5.1,85
topology_change,Full,10,3,82.17671232876712,82.86495848506631,4.38,73
topology_change,RelativeWidth,0,0,26.483333333333338,25.729205197399214,4.5,75
topology_change,RelativeWidth,0,1,56.66358024691358,51.38535625876469,4.859999999999999,81
topology_change,RelativeWidth,0,2,49.05882352941177,54.37535625876469,5.1,85
topology_change,RelativeWidth,0,3,82.17671232876712,82.89253172316836,4.38,73
topology_change,RelativeWidth,1,0,26.329605263157898,25.57344556012163,4.502641509433962,76
topology_change,RelativeWidth,1,1,56.666666666666664,51.38350826677561,4.976603773584905,84
topology_change,RelativeWidth,1,2,49.05882352941177,54.38662147432277,5.035849056603773,85
topology_change,RelativeWidth,1,3,82.17671232876712,82.88823249219068,4.324905660377358,73
topology_change,RelativeWidth,2,0,26.026282051282053,25.267499547720934,4.5495975232198145,78
topology_change,RelativeWidth,2,1,56.64367816091954,51.37310263804794,5.074551083591331,87
topology_change,RelativeWidth,2,2,49.05882352941177,54.381214093156295,4.957894736842105,85
topology_change,RelativeWidth,2,3,82.17671232876712,82.88367979874788,4.2579566563467495,73
topology_change,RelativeWidth,3,0,25.728125,24.967112175264603,4.609174311926605,80
topology_change,RelativeWidth,3,1,56.61516853932584,51.362426014869015,5.127706422018348,89
topology_change,RelativeWidth,3,2,49.05882352941177,54.368664546979105,4.897247706422019,85
topology_change,RelativeWidth,3,3,82.17671232876712,82.8806266703702,4.205871559633027,73
topology_change,RelativeWidth,4,0,25.434756097560978,24.67070700224062,4.653253012048192,82
topology_change,RelativeWidth,4,1,56.554347826086946,51.333501252530965,5.220722891566266,92
topology_change,RelativeWidth,4,2,49.05882352941177,54.344555469398436,4.823493975903614,85
topology_change,RelativeWidth,4,3,82.17671232876712,82.87587607406813,4.142530120481928,73
topology_change,RelativeWidth,5,0,25.145833333333332,24.37849336979447,4.6960237388724035,84
topology_change,RelativeWidth,5,1,56.473684210526315,51.29497989646778,5.310979228486646,95
topology_change,RelativeWidth,5,2,49.05882352941177,54.31070689943514,4.751928783382789,85
topology_change,RelativeWidth,5,3,82.17671232876712,82.8708732813381,4.08106824925816,73
topology_change,RelativeWidth,6,0,24.861046511627915,24.09020768620313,4.737543859649122,86
topology_change,RelativeWidth,6,1,56.375,51.24768223772623,5.39859649122807,98
topology_change,RelativeWidth,6,2,49.05882352941177,54.26794539562096,4.682456140350877,85
topology_change,RelativeWidth,6,3,82.17671232876712,82.865747111158,4.02140350877193,73
topology_change,RelativeWidth,7,0,24.580113636363638,23.80706979490901,4.805565217391304,88
topology_change,RelativeWidth,7,1,56.33838383838384,51.235358272855265,5.406260869565217,99
topology_change,RelativeWidth,7,2,49.05882352941177,54.247358272855266,4.641739130434782,85
topology_change,RelativeWidth,7,3,82.17671232876712,82.86424712396644,3.9864347826086957,73
topology_change,RelativeWidth,8,0,24.302777777777777,23.52705672257873,4.9290697674418595,90
topology_change,RelativeWidth,8,1,56.74270833333333,51.45560907723437,5.257674418604651,96
topology_change,RelativeWidth,8,2,49.05882352941177,54.433835821420416,4.655232558139534,85
topology_change,RelativeWidth,8,3,82.17671232876712,82.86452036980697,3.998023255813953,73
topology_change,RelativeWidth,9,0,24.165384615384617,23.3879621810684,4.9983673469387755,91
topology_change,RelativeWidth,9,1,57.002659574468076,51.59651756517525,5.163148688046647,94
topology_change,RelativeWidth,9,2,49.05882352941177,54.55450590336767,4.668804664723033,85
topology_change,RelativeWidth,9,3,82.17671232876712,82.86459440445435,4.009679300291546,73
topology_change,RelativeWidth,10,0,23.893010752688173,23.113183177249603,5.108221574344023,93
topology_change,RelativeWidth,10,1,57.25434782608696,51.73711400845321,5.053294460641399,92
topology_change,RelativeWidth,10,2,49.05882352941177,54.667638789794324,4.668804664723033,85
topology_change,RelativeWidth,10,3,82.17671232876712,82.86495847409027,4.009679300291546,73
topology_change,OldTime,0,0,26.483333333333338,25.729205197399214,4.5,75
topology_change,OldTime,0,1,56.66358024691358,51.38535625876469,4.859999999999999,81
topology_change,OldTime,0,2,49.05882352941177,54.37535625876469,5.1,85
topology_change,OldTime,0,3,82.17671232876712,82.89253172316836,4.38,73
topology_change,OldTime,1,0,26.329605263157898,25.585727793909356,4.56,76
topology_change,OldTime,1,1,56.666666666666664,51.36901422438941,5.04,84
topology_change,OldTime,1,2,49.05882352941177,54.40401422438941,5.1,85
topology_change,OldTime,1,3,82.17671232876712,82.88978951192381,4.38,73
topology_change,OldTime,2,0,26.026282051282053,25.29306426489355,4.68,78
topology_change,OldTime,2,1,56.64367816091954,51.341607141395,5.22,87
topology_change,OldTime,2,2,49.05882352941177,54.421607141395,5.1,85
topology_change,OldTime,2,3,82.17671232876712,82.88733416168166,4.38,73
topology_change,OldTime,3,0,25.728125,24.993467783650626,4.8,80
topology_change,OldTime,3,1,56.61516853932584,51.31562055275765,5.34,89
topology_change,OldTime,3,2,49.05882352941177,54.42562055275765,5.1,85
topology_change,OldTime,3,3,82.17671232876712,82.88465199725331,4.38,73
topology_change,OldTime,4,0,25.434756097560978,24.697093166210845,4.92,82
topology_change,OldTime,4,1,56.554347826086946,51.268083907146774,5.52,92
topology_change,OldTime,4,2,49.05882352941177,54.423083907146776,5.1,85
topology_change,OldTime,4,3,82.17671232876712,82.88023671725306,4.38,73
topology_change,OldTime,5,0,25.145833333333332,24.404764987088225,5.04,84
topology_change,OldTime,5,1,56.473684210526315,51.210387930699966,5.7,95
topology_change,OldTime,5,2,49.05882352941177,54.41038793069997,5.1,85
topology_change,OldTime,5,3,82.17671232876712,82.87545084027153,4.38,73
topology_change,OldTime,6,0,24.861046511627915,24.116347757595875,5.16,86
topology_change,OldTime,6,1,56.375,51.1437209903443,5.88,98
topology_change,OldTime,6,2,49.05882352941177,54.3887209903443,5.1,85
topology_change,OldTime,6,3,82.17671232876712,82.87050483092911,4.38,73
topology_change,OldTime,7,0,24.580113636363638,23.832268845585233,5.279999999999999,88
topology_change,OldTime,7,1,56.33838383838384,51.11699740518434,5.9399999999999995,99
topology_change,OldTime,7,2,49.05882352941177,54.37699740518434,5.1,85
topology_change,OldTime,7,3,82.17671232876712,82.868354304318,4.38,73
topology_change,OldTime,8,0,24.302777777777777,23.547269851310737,5.3999999999999995,90
topology_change,OldTime,8,1,56.74270833333333,51.32261855763485,5.76,96
topology_change,OldTime,8,2,49.05882352941177,54.53761855763484,5.1,85
topology_change,OldTime,8,3,82.17671232876712,82.86391449251593,4.38,73
topology_change,OldTime,9,0,24.165384615384617,23.397591974760267,5.46,91
topology_change,OldTime,9,1,57.002659574468076,51.47155881091549,5.64,94
topology_change,OldTime,9,2,49.05882352941177,54.65655881091549,5.1,85
topology_change,OldTime,9,3,82.17671232876712,82.86318617295483,4.38,73
topology_change,OldTime,10,0,23.893010752688173,23.132919879720255,5.58,93
topology_change,OldTime,10,1,57.25434782608696,51.61535956190467,5.52,92
topology_change,OldTime,10,2,49.05882352941177,54.77035956190467,5.1,85
topology_change,OldTime,10,3,82.17671232876712,82.86492225204158,4.38,73
topology_change,NoTime,0,0,26.483333333333338,25.729205197399214,4.5,75
topology_change,NoTime,0,1,56.66358024691358,51.38535625876469,4.859999999999999,81
topology_change,NoTime,0,2,49.05882352941177,54.37535625876469,5.1,85
topology_change,NoTime,0,3,82.17671232876712,82.89253172316836,4.38,73
topology_change,NoTime,1,0,26.329605263157898,25.57329243493855,4.56,76
topology_change,NoTime,1,1,56.666666666666664,51.36780228908136,5.04,84
topology_change,NoTime,1,2,49.05882352941177,54.402802289081365,5.1,85
topology_change,NoTime,1,3,82.17671232876712,82.88791064056535,4.38,73
topology_change,NoTime,2,0,26.026282051282053,25.267302585993228,4.68,78
topology_change,NoTime,2,1,56.64367816091954,51.337427444142314,5.22,87
topology_change,NoTime,2,2,49.05882352941177,54.41742744414231,5.1,85
topology_change,NoTime,2,3,82.17671232876712,82.88333853125067,4.38,73
topology_change,NoTime,3,0,25.728125,24.966944880826613,4.8,80
topology_change,NoTime,3,1,56.61516853932584,51.31074340431256,5.34,89
topology_change,NoTime,3,2,49.05882352941177,54.42074340431256,5.1,85
topology_change,NoTime,3,3,82.17671232876712,82.88039770528722,4.38,73
topology_change,NoTime,4,0,25.434756097560978,24.670479306961752,4.92,82
topology_change,NoTime,4,1,56.554347826086946,51.261820359562215,5.52,92
topology_change,NoTime,4,2,49.05882352941177,54.416820359562216,5.1,85
topology_change,NoTime,4,3,82.17671232876712,82.8755197651228,4.38,73
topology_change,NoTime,5,0,25.145833333333332,24.378246565821662,5.04,84
topology_change,NoTime,5,1,56.473684210526315,51.20315439269144,5.7,95
topology_change,NoTime,5,2,49.05882352941177,54.40315439269144,5.1,85
topology_change,NoTime,5,3,82.17671232876712,82.87049805749574,4.38,73
topology_change,NoTime,6,0,24.861046511627915,24.089945256812637,5.16,86
topology_change,NoTime,6,1,56.375,51.13563723369768,5.88,98
topology_change,NoTime,6,2,49.05882352941177,54.380637233697676,5.1,85
topology_change,NoTime,6,3,82.17671232876712,82.86536265285321,4.38,73
topology_change,NoTime,7,0,24.580113636363638,23.806904450954335,5.279999999999999,88
topology_change,NoTime,7,1,56.33838383838384,51.11149716185038,5.9399999999999995,99
topology_change,NoTime,7,2,49.05882352941177,54.37149716185038,5.1,85
topology_change,NoTime,7,3,82.17671232876712,82.86413456664494,4.38,73
topology_change,NoTime,8,0,24.302777777777777,23.526855948907148,5.3999999999999995,90
topology_change,NoTime,8,1,56.74270833333333,51.33731259030019,5.76,96
topology_change,NoTime,8,2,49.05882352941177,54.5523125903002,5.1,85
topology_change,NoTime,8,3,82.17671232876712,82.86454085823266,4.38,73
topology_change,NoTime,9,0,24.165384615384617,23.38783456763529,5.46,91
topology_change,NoTime,9,1,57.002659574468076,51.48307276226676,5.64,94
topology_change,NoTime,9,2,49.05882352941177,54.66807276226676,5.1,85
topology_change,NoTime,9,3,82.17671232876712,82.86459997679279,4.38,73
topology_change,NoTime,10,0,23.893010752688173,23.1130027743863,5.58,93
topology_change,NoTime,10,1,57.25434782608696,51.62495294614704,5.52,92
topology_change,NoTime,10,2,49.05882352941177,54.779952946147034,5.1,85
topology_change,NoTime,10,3,82.17671232876712,82.86498579308272,4.38,73
topology_change,NoReferencePenalty,0,0,26.483333333333338,24.598015058867492,4.5,75
topology_change,NoReferencePenalty,0,1,56.66358024691358,51.204151217179735,4.859999999999999,81
topology_change,NoReferencePenalty,0,2,49.05882352941177,54.61402339181604,5.1,85
topology_change,NoReferencePenalty,0,3,82.17671232876712,83.96625977056254,4.38,73
topology_change,NoReferencePenalty,1,0,26.329605263157898,24.43968748358749,4.56,76
topology_change,NoReferencePenalty,1,1,56.666666666666664,51.235272870391114,5.04,84
topology_change,NoReferencePenalty,1,2,49.05882352941177,54.60031662632027,5.1,85
topology_change,NoReferencePenalty,1,3,82.17671232876712,83.9565307085047,4.38,73
topology_change,NoReferencePenalty,2,0,26.026282051282053,24.13002340464589,4.68,78
topology_change,NoReferencePenalty,2,1,56.64367816091954,51.255491420894074,5.22,87
topology_change,NoReferencePenalty,2,2,49.05882352941177,54.57461094667628,5.1,85
topology_change,NoReferencePenalty,2,3,82.17671232876712,83.94536951065422,4.38,73
topology_change,NoReferencePenalty,3,0,25.728125,23.826231841954286,4.8,80
topology_change,NoReferencePenalty,3,1,56.61516853932584,51.26521283563155,5.34,89
topology_change,NoReferencePenalty,3,2,49.05882352941177,54.549967181797875,5.1,85
topology_change,NoReferencePenalty,3,3,82.17671232876712,83.9374160533262,4.38,73
topology_change,NoReferencePenalty,4,0,25.434756097560978,23.5254523463408,4.92,82
topology_change,NoReferencePenalty,4,1,56.554347826086946,51.26364724938122,5.52,92
topology_change,NoReferencePenalty,4,2,49.05882352941177,54.509647918245406,5.1,85
topology_change,NoReferencePenalty,4,3,82.17671232876712,83.9258921765449,4.38,73
topology_change,NoReferencePenalty,5,0,25.145833333333332,23.228392359620365,5.04,84
topology_change,NoReferencePenalty,5,1,56.473684210526315,51.25147575614755,5.7,95
topology_change,NoReferencePenalty,5,2,49.05882352941177,54.46168513317426,5.1,85
topology_change,NoReferencePenalty,5,3,82.17671232876712,83.91349993872117,4.38,73
topology_change,NoReferencePenalty,6,0,24.861046511627915,22.934922184890887,5.16,86
topology_change,NoReferencePenalty,6,1,56.375,51.195464002518676,5.88,98
topology_change,NoReferencePenalty,6,2,49.05882352941177,54.44046400251868,5.1,85
topology_change,NoReferencePenalty,6,3,82.17671232876712,83.90073157839437,4.38,73
topology_change,NoReferencePenalty,7,0,24.580113636363638,22.648184350954885,5.279999999999999,88
topology_change,NoReferencePenalty,7,1,56.33838383838384,51.17485964707389,5.9399999999999995,99
topology_change,NoReferencePenalty,7,2,49.05882352941177,54.434859647073885,5.1,85
topology_change,NoReferencePenalty,7,3,82.17671232876712,83.89612765181776,4.38,73
topology_change,NoReferencePenalty,8,0,24.302777777777777,22.364218883128576,5.3999999999999995,90
topology_change,NoReferencePenalty,8,1,56.74270833333333,51.40276930310056,5.76,96
topology_change,NoReferencePenalty,8,2,49.05882352941177,54.61776930310056,5.1,85
topology_change,NoReferencePenalty,8,3,82.17671232876712,83.8962544675862,4.38,73
topology_change,NoReferencePenalty,9,0,24.165384615384617,22.222347018392608,5.46,91
topology_change,NoReferencePenalty,9,1,57.002659574468076,51.54991053963205,5.64,94
topology_change,NoReferencePenalty,9,2,49.05882352941177,54.734910539632054,5.1,85
topology_change,NoReferencePenalty,9,3,82.17671232876712,83.8964007154424,4.38,73
topology_change,NoReferencePenalty,10,0,23.893010752688173,21.944091529311514,5.58,93
topology_change,NoReferencePenalty,10,1,57.25434782608696,51.693277456990394,5.52,92
topology_change,NoReferencePenalty,10,2,49.05882352941177,54.84827745699039,5.1,85
topology_change,NoReferencePenalty,10,3,82.17671232876712,83.89723576860749,4.38,73
topology_change,ReferenceOnly,0,0,26.483333333333338,26.483333333333334,4.5,75
topology_change,ReferenceOnly,0,1,56.66358024691358,51.36620188816308,4.859999999999999,81
topology_change,ReferenceOnly,0,2,49.05882352941177,54.356201888163085,5.1,85
topology_change,ReferenceOnly,0,3,82.17671232876712,82.17671232876711,4.38,73
topology_change,ReferenceOnly,1,0,26.329605263157898,26.329605263157905,4.56,76
topology_change,ReferenceOnly,1,1,56.666666666666664,51.345245098038944,5.04,84
topology_change,ReferenceOnly,1,2,49.05882352941177,54.38024509803895,5.1,85
topology_change,ReferenceOnly,1,3,82.17671232876712,82.17671232876714,4.38,73
topology_change,ReferenceOnly,2,0,26.026282051282053,26.026282051282053,4.68,78
topology_change,ReferenceOnly,2,1,56.64367816091954,51.31125084516627,5.22,87
topology_change,ReferenceOnly,2,2,49.05882352941177,54.39125084516627,5.1,85
topology_change,ReferenceOnly,2,3,82.17671232876712,82.17671232876712,4.38,73
topology_change,ReferenceOnly,3,0,25.728125,25.728125000000002,4.8,80
topology_change,ReferenceOnly,3,1,56.61516853932584,51.28199603436941,5.34,89
topology_change,ReferenceOnly,3,2,49.05882352941177,54.39199603436941,5.1,85
topology_change,ReferenceOnly,3,3,82.17671232876712,82.17671232876712,4.38,73
topology_change,ReferenceOnly,4,0,25.434756097560978,25.43475609756098,4.92,82
topology_change,ReferenceOnly,4,1,56.554347826086946,51.22908567774929,5.52,92
topology_change,ReferenceOnly,4,2,49.05882352941177,54.38408567774928,5.1,85
topology_change,ReferenceOnly,4,3,82.17671232876712,82.17671232876711,4.38,73
topology_change,ReferenceOnly,5,0,25.145833333333332,25.14583333333333,5.04,84
topology_change,ReferenceOnly,5,1,56.473684210526315,51.16625386996917,5.7,95
topology_change,ReferenceOnly,5,2,49.05882352941177,54.36625386996917,5.1,85
topology_change,ReferenceOnly,5,3,82.17671232876712,82.17671232876714,4.38,73
topology_change,ReferenceOnly,6,0,24.861046511627915,24.861046511627922,5.16,86
topology_change,ReferenceOnly,6,1,56.375,51.09441176470577,5.88,98
topology_change,ReferenceOnly,6,2,49.05882352941177,54.33941176470577,5.1,85
topology_change,ReferenceOnly,6,3,82.17671232876712,82.17671232876714,4.38,73
topology_change,ReferenceOnly,7,0,24.580113636363638,24.580113636363635,5.279999999999999,88
topology_change,ReferenceOnly,7,1,56.33838383838384,51.068603683897614,5.9399999999999995,99
topology_change,ReferenceOnly,7,2,49.05882352941177,54.32860368389761,5.1,85
topology_change,ReferenceOnly,7,3,82.17671232876712,82.17671232876714,4.38,73
topology_change,ReferenceOnly,8,0,24.302777777777777,24.302777777777777,5.3999999999999995,90
topology_change,ReferenceOnly,8,1,56.74270833333333,51.29326593137296,5.76,96
topology_change,ReferenceOnly,8,2,49.05882352941177,54.50826593137296,5.1,85
topology_change,ReferenceOnly,8,3,82.17671232876712,82.17671232876712,4.38,73
topology_change,ReferenceOnly,9,0,24.165384615384617,24.165384615384614,5.46,91
topology_change,ReferenceOnly,9,1,57.002659574468076,51.438241551939306,5.64,94
topology_change,ReferenceOnly,9,2,49.05882352941177,54.62324155193931,5.1,85
topology_change,ReferenceOnly,9,3,82.17671232876712,82.17671232876714,4.38,73
topology_change,ReferenceOnly,10,0,23.893010752688173,23.893010752688166,5.58,93
topology_change,ReferenceOnly,10,1,57.25434782608696,51.579085677749326,5.52,92
topology_change,ReferenceOnly,10,2,49.05882352941177,54.73408567774933,5.1,85
topology_change,ReferenceOnly,10,3,82.17671232876712,82.17671232876712,4.38,73
topology_change,LegacyObjective,0,0,26.483333333333338,24.59801269590786,4.5,75
topology_change,LegacyObjective,0,1,56.66358024691358,51.21677595434555,4.859999999999999,81
topology_change,LegacyObjective,0,2,49.05882352941177,54.60139990567746,5.1,85
topology_change,LegacyObjective,0,3,82.17671232876712,83.96626088249494,4.38,73
topology_change,LegacyObjective,1,0,26.329605263157898,24.43943186090583,4.56,76
topology_change,LegacyObjective,1,1,56.666666666666664,51.25016088479506,5.04,84
topology_change,LegacyObjective,1,2,49.05882352941177,54.586224690562496,5.1,85
topology_change,LegacyObjective,1,3,82.17671232876712,83.95599028639803,4.38,73
topology_change,LegacyObjective,2,0,26.026282051282053,24.129642449413062,4.68,78
topology_change,LegacyObjective,2,1,56.64367816091954,51.272191954230436,5.22,87
topology_change,LegacyObjective,2,2,49.05882352941177,54.55897181228822,5.1,85
topology_change,LegacyObjective,2,3,82.17671232876712,83.94468976661801,4.38,73
topology_change,LegacyObjective,3,0,25.728125,23.825876055464878,4.8,80
topology_change,LegacyObjective,3,1,56.61516853932584,51.28235077768362,5.34,89
topology_change,LegacyObjective,3,2,49.05882352941177,54.53370297211142,5.1,85
topology_change,LegacyObjective,3,3,82.17671232876712,83.93689928565428,4.38,73
topology_change,LegacyObjective,4,0,25.434756097560978,23.52500228823146,4.92,82
topology_change,LegacyObjective,4,1,56.554347826086946,51.2823588167856,5.52,92
topology_change,LegacyObjective,4,2,49.05882352941177,54.492084581186745,5.1,85
topology_change,LegacyObjective,4,3,82.17671232876712,83.92519393040241,4.38,73
topology_change,LegacyObjective,5,0,25.145833333333332,23.22788926869676,5.04,84
topology_change,LegacyObjective,5,1,56.473684210526315,51.257214194604316,5.7,95
topology_change,LegacyObjective,5,2,49.05882352941177,54.45721419460431,5.1,85
topology_change,LegacyObjective,5,3,82.17671232876712,83.9127338140217,4.38,73
topology_change,LegacyObjective,6,0,24.861046511627915,22.934382966684733,5.16,86
topology_change,LegacyObjective,6,1,56.375,51.19613014070102,5.88,98
topology_change,LegacyObjective,6,2,49.05882352941177,54.44113014070102,5.1,85
topology_change,LegacyObjective,6,3,82.17671232876712,83.8999370619966,4.38,73
topology_change,LegacyObjective,7,0,24.580113636363638,22.647797069070396,5.279999999999999,88
topology_change,LegacyObjective,7,1,56.33838383838384,51.175224230892894,5.9399999999999995,99
topology_change,LegacyObjective,7,2,49.05882352941177,54.43522423089289,5.1,85
topology_change,LegacyObjective,7,3,82.17671232876712,83.89578623195617,4.38,73
topology_change,LegacyObjective,8,0,24.302777777777777,22.363804941592253,5.3999999999999995,90
topology_change,LegacyObjective,8,1,56.74270833333333,51.40299306510171,5.76,96
topology_change,LegacyObjective,8,2,49.05882352941177,54.61799306510171,5.1,85
topology_change,LegacyObjective,8,3,82.17671232876712,83.89622725006814,4.38,73
topology_change,LegacyObjective,9,0,24.165384615384617,22.22205370832785,5.46,91
topology_change,LegacyObjective,9,1,57.002659574468076,51.55005778484529,5.64,94
topology_change,LegacyObjective,9,2,49.05882352941177,54.735057784845296,5.1,85
topology_change,LegacyObjective,9,3,82.17671232876712,83.89640801292548,4.38,73
topology_change,LegacyObjective,10,0,23.893010752688173,21.943730537030312,5.58,93
topology_change,LegacyObjective,10,1,57.25434782608696,51.69343269026596,5.52,92
topology_change,LegacyObjective,10,2,49.05882352941177,54.84843269026596,5.1,85
topology_change,LegacyObjective,10,3,82.17671232876712,83.89728210875835,4.38,73
topology_change,TightBudget,0,0,26.483333333333338,25.724416647372667,4.5,75
topology_change,TightBudget,0,1,56.66358024691358,51.36620188816268,4.859999999999999,81
topology_change,TightBudget,0,2,49.05882352941177,54.35620188816268,5.1,85
topology_change,TightBudget,0,3,82.17671232876712,82.88774309467213,4.38,73
topology_change,TightBudget,1,0,26.329605263157898,25.567933522110007,4.56,76
topology_change,TightBudget,1,1,56.666666666666664,51.34524509803921,5.04,84
topology_change,TightBudget,1,2,49.05882352941177,54.38024509803921,5.1,85
topology_change,TightBudget,1,3,82.17671232876712,82.88272032307937,4.38,73
topology_change,TightBudget,2,0,26.026282051282053,25.261105439960005,4.68,78
topology_change,TightBudget,2,1,56.64367816091954,51.31125084516565,5.22,87
topology_change,TightBudget,2,2,49.05882352941177,54.39125084516565,5.1,85
topology_change,TightBudget,2,3,82.17671232876712,82.87728555439166,4.38,73
topology_change,TightBudget,3,0,25.728125,24.960038639220528,4.8,80
topology_change,TightBudget,3,1,56.61516853932584,51.28199603436881,5.34,89
topology_change,TightBudget,3,2,49.05882352941177,54.39199603436881,5.1,85
topology_change,TightBudget,3,3,82.17671232876712,82.87355299495076,4.38,73
topology_change,TightBudget,4,0,25.434756097560978,24.662685303015202,4.92,82
topology_change,TightBudget,4,1,56.554347826086946,51.22908567774935,5.52,92
topology_change,TightBudget,4,2,49.05882352941177,54.384085677749354,5.1,85
topology_change,TightBudget,4,3,82.17671232876712,82.86785423048117,4.38,73
topology_change,TightBudget,5,0,25.145833333333332,24.369442540686542,5.04,84
topology_change,TightBudget,5,1,56.473684210526315,51.16625386996904,5.7,95
topology_change,TightBudget,5,2,49.05882352941177,54.36625386996904,5.1,85
topology_change,TightBudget,5,3,82.17671232876712,82.86182231475084,4.38,73
topology_change,TightBudget,6,0,24.861046511627915,24.08008290617507,5.16,86
topology_change,TightBudget,6,1,56.375,51.09441176470588,5.88,98
topology_change,TightBudget,6,2,49.05882352941177,54.33941176470588,5.1,85
topology_change,TightBudget,6,3,82.17671232876712,82.85562223090896,4.38,73
topology_change,TightBudget,7,0,24.580113636363638,23.796429520166367,5.279999999999999,88
topology_change,TightBudget,7,1,56.33838383838384,51.0686036838978,5.9399999999999995,99
topology_change,TightBudget,7,2,49.05882352941177,54.328603683897796,5.1,85
topology_change,TightBudget,7,3,82.17671232876712,82.85360674764006,4.38,73
topology_change,TightBudget,8,0,24.302777777777777,23.51609756403948,5.3999999999999995,90
topology_change,TightBudget,8,1,56.74270833333333,51.29326593137256,5.76,96
topology_change,TightBudget,8,2,49.05882352941177,54.50826593137254,5.1,85
topology_change,TightBudget,8,3,82.17671232876712,82.8535610792119,4.38,73
topology_change,TightBudget,9,0,24.165384615384617,23.37678968357012,5.46,91
topology_change,TightBudget,9,1,57.002659574468076,51.438241551939925,5.64,94
topology_change,TightBudget,9,2,49.05882352941177,54.62324155193993,5.1,85
topology_change,TightBudget,9,3,82.17671232876712,82.85342181627321,4.38,73
topology_change,TightBudget,10,0,23.893010752688173,23.10175912929137,5.58,93
topology_change,TightBudget,10,1,57.25434782608696,51.57908567774936,5.52,92
topology_change,TightBudget,10,2,49.05882352941177,54.73408567774936,5.1,85
topology_change,TightBudget,10,3,82.17671232876712,82.85353432332664,4.38,73
topology_change,LooseBudget,0,0,26.483333333333338,25.729205239378228,4.5,75
topology_change,LooseBudget,0,1,56.66358024691358,51.38535625618495,4.859999999999999,81
topology_change,LooseBudget,0,2,49.05882352941177,54.37535625618494,5.1,85
topology_change,LooseBudget,0,3,82.17671232876712,82.89253168667773,4.38,73
topology_change,LooseBudget,1,0,26.329605263157898,25.573445632876478,4.56,76
topology_change,LooseBudget,1,1,56.666666666666664,51.36756486064058,5.04,84
topology_change,LooseBudget,1,2,49.05882352941177,54.402564860640574,5.1,85
topology_change,LooseBudget,1,3,82.17671232876712,82.88823243384586,4.38,73
topology_change,LooseBudget,2,0,26.026282051282053,25.267499623101603,4.68,78
topology_change,LooseBudget,2,1,56.64367816091954,51.33715835487283,5.22,87
topology_change,LooseBudget,2,2,49.05882352941177,54.417158354872825,5.1,85
topology_change,LooseBudget,2,3,82.17671232876712,82.88367973753323,4.38,73
topology_change,LooseBudget,3,0,25.728125,24.967112251495113,4.8,80
topology_change,LooseBudget,3,1,56.61516853932584,51.31054526939215,5.34,89
topology_change,LooseBudget,3,2,49.05882352941177,54.42054526939215,5.1,85
topology_change,LooseBudget,3,3,82.17671232876712,82.88062660722534,4.38,73
topology_change,LooseBudget,4,0,25.434756097560978,24.670707079948926,4.92,82
topology_change,LooseBudget,4,1,56.554347826086946,51.261528347231504,5.52,92
topology_change,LooseBudget,4,2,49.05882352941177,54.416528347231505,5.1,85
topology_change,LooseBudget,4,3,82.17671232876712,82.87587600741489,4.38,73
topology_change,LooseBudget,5,0,25.145833333333332,24.378493437371493,5.04,84
topology_change,LooseBudget,5,1,56.473684210526315,51.20284337661563,5.7,95
topology_change,LooseBudget,5,2,49.05882352941177,54.402843376615635,5.1,85
topology_change,LooseBudget,5,3,82.17671232876712,82.8708732114358,4.38,73
topology_change,LooseBudget,6,0,24.861046511627915,24.09020773183316,5.16,86
topology_change,LooseBudget,6,1,56.375,51.13531379070329,5.88,98
topology_change,LooseBudget,6,2,49.05882352941177,54.3803137907033,5.1,85
topology_change,LooseBudget,6,3,82.17671232876712,82.86574705656706,4.38,73
topology_change,LooseBudget,7,0,24.580113636363638,23.807069884129636,5.279999999999999,88
topology_change,LooseBudget,7,1,56.33838383838384,51.111358219261334,5.9399999999999995,99
topology_change,LooseBudget,7,2,49.05882352941177,54.37135821926133,5.1,85
topology_change,LooseBudget,7,3,82.17671232876712,82.86424701027407,4.38,73
topology_change,LooseBudget,8,0,24.302777777777777,23.527056795320032,5.3999999999999995,90
topology_change,LooseBudget,8,1,56.74270833333333,51.337222435273496,5.76,96
topology_change,LooseBudget,8,2,49.05882352941177,54.5522224352735,5.1,85
topology_change,LooseBudget,8,3,82.17671232876712,82.86452030342298,4.38,73
topology_change,LooseBudget,9,0,24.165384615384617,23.387962229409077,5.46,91
topology_change,LooseBudget,9,1,57.002659574468076,51.48301172850177,5.64,94
topology_change,LooseBudget,9,2,49.05882352941177,54.668011728501774,5.1,85
topology_change,LooseBudget,9,3,82.17671232876712,82.86459436161896,4.38,73
topology_change,LooseBudget,10,0,23.893010752688173,23.113183225869648,5.58,93
topology_change,LooseBudget,10,1,57.25434782608696,51.62487639560694,5.52,92
topology_change,LooseBudget,10,2,49.05882352941177,54.77987639560694,5.1,85
topology_change,LooseBudget,10,3,82.17671232876712,82.8649584198705,4.38,73
crowding,Full,0,0,57.90833333333334,54.98333333333334,15.0,250
crowding,Full,0,1,62.133333333333326,65.05833333333332,15.299999999999999,255
crowding,Full,1,0,57.925000000000004,55.010000000000005,14.879999999999999,248
crowding,Full,1,1,62.12500000000001,65.04,15.24,254
crowding,Full,2,0,57.941666666666656,55.039999999999985,14.76,246
crowding,Full,2,1,62.10833333333332,65.00999999999999,15.12,252
crowding,Full,3,0,57.958333333333336,55.07,14.639999999999999,244
crowding,Full,3,1,62.09166666666667,64.98,15.0,250
crowding,Full,4,0,57.975,55.099999999999994,14.52,242
crowding,Full,4,1,62.075,64.95000000000002,14.879999999999999,248
crowding,Full,5,0,57.99166666666666,55.126666666666665,14.399999999999999,240
crowding,Full,5,1,62.06666666666667,64.93166666666667,14.82,247
crowding,Full,6,0,58.00833333333333,55.15666666666667,14.28,238
crowding,Full,6,1,62.050000000000004,64.90166666666667,14.7,245
crowding,Full,7,0,58.025000000000006,55.18666666666666,14.16,236
crowding,Full,7,1,62.033333333333324,64.87166666666667,14.58,243
crowding,Full,8,0,58.04166666666666,55.21666666666666,14.04,234
crowding,Full,8,1,62.01666666666667,64.84166666666667,14.459999999999999,241
crowding,Full,9,0,58.05833333333332,55.24666666666666,13.92,232
crowding,Full,9,1,62.00000000000001,64.81166666666667,14.34,239
crowding,Full,10,0,58.07500000000001,55.27333333333334,13.799999999999999,230
crowding,Full,10,1,61.99166666666667,64.79333333333334,14.28,238
crowding,RelativeWidth,0,0,57.90833333333334,54.98333333333334,15.0,250
crowding,RelativeWidth,0,1,62.133333333333326,65.05833333333332,15.299999999999999,255
crowding,RelativeWidth,1,0,57.925000000000004,54.98750000000001,14.968924302788844,248
crowding,RelativeWidth,1,1,62.12500000000001,65.0625,15.331075697211155,254
crowding,RelativeWidth,2,0,57.941666666666656,54.98749999999999,14.96746987951807,246
crowding,RelativeWidth,2,1,62.10833333333332,65.06249999999999,15.332530120481927,252
crowding,RelativeWidth,3,0,57.958333333333336,54.987500000000004,14.965991902834006,244
crowding,RelativeWidth,3,1,62.09166666666667,65.0625,15.334008097165992,250
crowding,RelativeWidth,4,0,57.975,54.987500000000004,14.964489795918366,242
crowding,RelativeWidth,4,1,62.075,65.0625,15.335510204081631,248
crowding,RelativeWidth,5,0,57.99166666666666,54.99166666666667,14.93223819301848,240
crowding,RelativeWidth,5,1,62.06666666666667,65.06666666666666,15.36776180698152,247
crowding,RelativeWidth,6,0,58.00833333333333,54.991666666666674,14.930434782608696,238
crowding,RelativeWidth,6,1,62.050000000000004,65.06666666666666,15.369565217391303,245
crowding,RelativeWidth,7,0,58.025000000000006,54.99166666666667,14.928601252609603,236
crowding,RelativeWidth,7,1,62.033333333333324,65.06666666666666,15.371398747390394,243
crowding,RelativeWidth,8,0,58.04166666666666,54.99166666666667,14.926736842105264,234
crowding,RelativeWidth,8,1,62.01666666666667,65.06666666666666,15.373263157894733,241
crowding,RelativeWidth,9,0,58.05833333333332,54.99166666666667,14.92484076433121,232
crowding,RelativeWidth,9,1,62.00000000000001,65.06666666666666,15.375159235668791,239
crowding,RelativeWidth,10,0,58.07500000000001,54.99583333333334,14.89102564102564,230
crowding,RelativeWidth,10,1,61.99166666666667,65.07083333333334,15.408974358974358,238
crowding,OldTime,0,0,57.90833333333334,54.98333333333334,15.0,250
crowding,OldTime,0,1,62.133333333333326,65.05833333333332,15.299999999999999,255
crowding,OldTime,1,0,57.925000000000004,55.010000000000005,14.879999999999999,248
crowding,OldTime,1,1,62.12500000000001,65.04,15.24,254
crowding,OldTime,2,0,57.941666666666656,55.039999999999985,14.76,246
crowding,OldTime,2,1,62.10833333333332,65.00999999999999,15.12,252
crowding,OldTime,3,0,57.958333333333336,55.07,14.639999999999999,244
crowding,OldTime,3,1,62.09166666666667,64.98,15.0,250
crowding,OldTime,4,0,57.975,55.099999999999994,14.52,242
crowding,OldTime,4,1,62.075,64.95000000000002,14.879999999999999,248
crowding,OldTime,5,0,57.99166666666666,55.126666666666665,14.399999999999999,240
crowding,OldTime,5,1,62.06666666666667,64.93166666666667,14.82,247
crowding,OldTime,6,0,58.00833333333333,55.15666666666667,14.28,238
crowding,OldTime,6,1,62.050000000000004,64.90166666666667,14.7,245
crowding,OldTime,7,0,58.025000000000006,55.18666666666666,14.16,236
crowding,OldTime,7,1,62.033333333333324,64.87166666666667,14.58,243
crowding,OldTime,8,0,58.04166666666666,55.21666666666666,14.04,234
crowding,OldTime,8,1,62.01666666666667,64.84166666666667,14.459999999999999,241
crowding,OldTime,9,0,58.05833333333332,55.24666666666666,13.92,232
crowding,OldTime,9,1,62.00000000000001,64.81166666666667,14.34,239
crowding,OldTime,10,0,58.07500000000001,55.27333333333334,13.799999999999999,230
crowding,OldTime,10,1,61.99166666666667,64.79333333333334,14.28,238
crowding,NoTime,0,0,57.90833333333334,54.98333333333334,15.0,250
crowding,NoTime,0,1,62.133333333333326,65.05833333333332,15.299999999999999,255
crowding,NoTime,1,0,57.925000000000004,55.010000000000005,14.879999999999999,248
crowding,NoTime,1,1,62.12500000000001,65.04,15.24,254
crowding,NoTime,2,0,57.941666666666656,55.039999999999985,14.76,246
crowding,NoTime,2,1,62.10833333333332,65.00999999999999,15.12,252
crowding,NoTime,3,0,57.958333333333336,55.07,14.639999999999999,244
crowding,NoTime,3,1,62.09166666666667,64.98,15.0,250
crowding,NoTime,4,0,57.975,55.099999999999994,14.52,242
crowding,NoTime,4,1,62.075,64.95000000000002,14.879999999999999,248
crowding,NoTime,5,0,57.99166666666666,55.126666666666665,14.399999999999999,240
crowding,NoTime,5,1,62.06666666666667,64.93166666666667,14.82,247
crowding,NoTime,6,0,58.00833333333333,55.15666666666667,14.28,238
crowding,NoTime,6,1,62.050000000000004,64.90166666666667,14.7,245
crowding,NoTime,7,0,58.025000000000006,55.18666666666666,14.16,236
crowding,NoTime,7,1,62.033333333333324,64.87166666666667,14.58,243
crowding,NoTime,8,0,58.04166666666666,55.21666666666666,14.04,234
crowding,NoTime,8,1,62.01666666666667,64.84166666666667,14.459999999999999,241
crowding,NoTime,9,0,58.05833333333332,55.24666666666666,13.92,232
crowding,NoTime,9,1,62.00000000000001,64.81166666666667,14.34,239
crowding,NoTime,10,0,58.07500000000001,55.27333333333334,13.799999999999999,230
crowding,NoTime,10,1,61.99166666666667,64.79333333333334,14.28,238
crowding,NoReferencePenalty,0,0,57.90833333333334,54.98333333333334,15.0,250
crowding,NoReferencePenalty,0,1,62.133333333333326,65.05833333333332,15.299999999999999,255
crowding,NoReferencePenalty,1,0,57.925000000000004,55.010000000000005,14.879999999999999,248
crowding,NoReferencePenalty,1,1,62.12500000000001,65.04,15.24,254
crowding,NoReferencePenalty,2,0,57.941666666666656,55.039999999999985,14.76,246
crowding,NoReferencePenalty,2,1,62.10833333333332,65.00999999999999,15.12,252
crowding,NoReferencePenalty,3,0,57.958333333333336,55.07,14.639999999999999,244
crowding,NoReferencePenalty,3,1,62.09166666666667,64.98,15.0,250
crowding,NoReferencePenalty,4,0,57.975,55.099999999999994,14.52,242
crowding,NoReferencePenalty,4,1,62.075,64.95000000000002,14.879999999999999,248
crowding,NoReferencePenalty,5,0,57.99166666666666,55.126666666666665,14.399999999999999,240
crowding,NoReferencePenalty,5,1,62.06666666666667,64.93166666666667,14.82,247
crowding,NoReferencePenalty,6,0,58.00833333333333,55.15666666666667,14.28,238
crowding,NoReferencePenalty,6,1,62.050000000000004,64.90166666666667,14.7,245
crowding,NoReferencePenalty,7,0,58.025000000000006,55.18666666666666,14.16,236
crowding,NoReferencePenalty,7,1,62.033333333333324,64.87166666666667,14.58,243
crowding,NoReferencePenalty,8,0,58.04166666666666,55.21666666666666,14.04,234
crowding,NoReferencePenalty,8,1,62.01666666666667,64.84166666666667,14.459999999999999,241
crowding,NoReferencePenalty,9,0,58.05833333333332,55.24666666666666,13.92,232
crowding,NoReferencePenalty,9,1,62.00000000000001,64.81166666666667,14.34,239
crowding,NoReferencePenalty,10,0,58.07500000000001,55.27333333333334,13.799999999999999,230
crowding,NoReferencePenalty,10,1,61.99166666666667,64.79333333333334,14.28,238
crowding,ReferenceOnly,0,0,57.90833333333334,55.98333333333334,15.0,250
crowding,ReferenceOnly,0,1,62.133333333333326,64.05833333333334,15.299999999999999,255
crowding,ReferenceOnly,1,0,57.925000000000004,56.01,14.879999999999999,248
crowding,ReferenceOnly,1,1,62.12500000000001,64.03999999999999,15.24,254
crowding,ReferenceOnly,2,0,57.941666666666656,56.039999999999985,14.76,246
crowding,ReferenceOnly,2,1,62.10833333333332,64.00999999999999,15.12,252
crowding,ReferenceOnly,3,0,57.958333333333336,56.07000000000001,14.639999999999999,244
crowding,ReferenceOnly,3,1,62.09166666666667,63.980000000000004,15.0,250
crowding,ReferenceOnly,4,0,57.975,56.10000000000001,14.52,242
crowding,ReferenceOnly,4,1,62.075,63.95000000000001,14.879999999999999,248
crowding,ReferenceOnly,5,0,57.99166666666666,56.126666666666665,14.399999999999999,240
crowding,ReferenceOnly,5,1,62.06666666666667,63.931666666666665,14.82,247
crowding,ReferenceOnly,6,0,58.00833333333333,56.15666666666667,14.28,238
crowding,ReferenceOnly,6,1,62.050000000000004,63.90166666666668,14.7,245
crowding,ReferenceOnly,7,0,58.025000000000006,56.18666666666667,14.16,236
crowding,ReferenceOnly,7,1,62.033333333333324,63.87166666666667,14.58,243
crowding,ReferenceOnly,8,0,58.04166666666666,56.21666666666666,14.04,234
crowding,ReferenceOnly,8,1,62.01666666666667,63.84166666666666,14.459999999999999,241
crowding,ReferenceOnly,9,0,58.05833333333332,56.24666666666666,13.92,232
crowding,ReferenceOnly,9,1,62.00000000000001,63.81166666666666,14.34,239
crowding,ReferenceOnly,10,0,58.07500000000001,56.27333333333333,13.799999999999999,230
crowding,ReferenceOnly,10,1,61.99166666666667,63.79333333333333,14.28,238
crowding,LegacyObjective,0,0,57.90833333333334,54.98333333333334,15.0,250
crowding,LegacyObjective,0,1,62.133333333333326,65.05833333333332,15.299999999999999,255
crowding,LegacyObjective,1,0,57.925000000000004,55.010000000000005,14.879999999999999,248
crowding,LegacyObjective,1,1,62.12500000000001,65.04,15.24,254
crowding,LegacyObjective,2,0,57.941666666666656,55.039999999999985,14.76,246
crowding,LegacyObjective,2,1,62.10833333333332,65.00999999999999,15.12,252
crowding,LegacyObjective,3,0,57.958333333333336,55.07,14.639999999999999,244
crowding,LegacyObjective,3,1,62.09166666666667,64.98,15.0,250
crowding,LegacyObjective,4,0,57.975,55.099999999999994,14.52,242
crowding,LegacyObjective,4,1,62.075,64.95000000000002,14.879999999999999,248
crowding,LegacyObjective,5,0,57.99166666666666,55.126666666666665,14.399999999999999,240
crowding,LegacyObjective,5,1,62.06666666666667,64.93166666666667,14.82,247
crowding,LegacyObjective,6,0,58.00833333333333,55.15666666666667,14.28,238
crowding,LegacyObjective,6,1,62.050000000000004,64.90166666666667,14.7,245
crowding,LegacyObjective,7,0,58.025000000000006,55.18666666666666,14.16,236
crowding,LegacyObjective,7,1,62.033333333333324,64.87166666666667,14.58,243
crowding,LegacyObjective,8,0,58.04166666666666,55.21666666666666,14.04,234
crowding,LegacyObjective,8,1,62.01666666666667,64.84166666666667,14.459999999999999,241
crowding,LegacyObjective,9,0,58.05833333333332,55.24666666666666,13.92,232
crowding,LegacyObjective,9,1,62.00000000000001,64.81166666666667,14.34,239
crowding,LegacyObjective,10,0,58.07500000000001,55.27333333333334,13.799999999999999,230
crowding,LegacyObjective,10,1,61.99166666666667,64.79333333333334,14.28,238
crowding,TightBudget,0,0,57.90833333333334,55.98333333333334,15.0,250
crowding,TightBudget,0,1,62.133333333333326,64.05833333333332,15.299999999999999,255
crowding,TightBudget,1,0,57.925000000000004,56.010000000000005,14.879999999999999,248
crowding,TightBudget,1,1,62.12500000000001,64.04,15.24,254
crowding,TightBudget,2,0,57.941666666666656,56.039999999999985,14.76,246
crowding,TightBudget,2,1,62.10833333333332,64.00999999999999,15.12,252
crowding,TightBudget,3,0,57.958333333333336,56.07,14.639999999999999,244
crowding,TightBudget,3,1,62.09166666666667,63.980000000000004,15.0,250
crowding,TightBudget,4,0,57.975,56.099999999999994,14.52,242
crowding,TightBudget,4,1,62.075,63.95000000000001,14.879999999999999,248
crowding,TightBudget,5,0,57.99166666666666,56.126666666666665,14.399999999999999,240
crowding,TightBudget,5,1,62.06666666666667,63.931666666666665,14.82,247
crowding,TightBudget,6,0,58.00833333333333,56.15666666666667,14.28,238
crowding,TightBudget,6,1,62.050000000000004,63.901666666666664,14.7,245
crowding,TightBudget,7,0,58.025000000000006,56.18666666666666,14.16,236
crowding,TightBudget,7,1,62.033333333333324,63.87166666666667,14.58,243
crowding,TightBudget,8,0,58.04166666666666,56.21666666666666,14.04,234
crowding,TightBudget,8,1,62.01666666666667,63.84166666666667,14.459999999999999,241
crowding,TightBudget,9,0,58.05833333333332,56.24666666666666,13.92,232
crowding,TightBudget,9,1,62.00000000000001,63.81166666666667,14.34,239
crowding,TightBudget,10,0,58.07500000000001,56.27333333333334,13.799999999999999,230
crowding,TightBudget,10,1,61.99166666666667,63.79333333333334,14.28,238
crowding,LooseBudget,0,0,57.90833333333334,53.76609735264413,15.0,250
crowding,LooseBudget,0,1,62.133333333333326,66.27556882086539,15.299999999999999,255
crowding,LooseBudget,1,0,57.925000000000004,53.80583758799178,14.879999999999999,248
crowding,LooseBudget,1,1,62.12500000000001,66.24416751808958,15.24,254
crowding,LooseBudget,2,0,57.941666666666656,53.8546055740872,14.76,246
crowding,LooseBudget,2,1,62.10833333333332,66.19539940721255,15.12,252
crowding,LooseBudget,3,0,57.958333333333336,53.9038983674474,14.639999999999999,244
crowding,LooseBudget,3,1,62.09166666666667,66.14610599285594,15.0,250
crowding,LooseBudget,4,0,57.975,53.953221716359806,14.52,242
crowding,LooseBudget,4,1,62.075,66.096782056675,14.879999999999999,248
crowding,LooseBudget,5,0,57.99166666666666,53.99485601149431,14.399999999999999,240
crowding,LooseBudget,5,1,62.06666666666667,66.06347912686147,14.82,247
crowding,LooseBudget,6,0,58.00833333333333,54.04373420411245,14.28,238
crowding,LooseBudget,6,1,62.050000000000004,66.01460043722497,14.7,245
crowding,LooseBudget,7,0,58.025000000000006,54.093033635052606,14.16,236
crowding,LooseBudget,7,1,62.033333333333324,65.96530073589368,14.58,243
crowding,LooseBudget,8,0,58.04166666666666,54.14236096446057,14.04,234
crowding,LooseBudget,8,1,62.01666666666667,65.91597837961689,14.459999999999999,241
crowding,LooseBudget,9,0,58.05833333333332,54.191686127243706,13.92,232
crowding,LooseBudget,9,1,62.00000000000001,65.86665276006738,14.34,239
crowding,LooseBudget,10,0,58.07500000000001,54.23332162437875,13.799999999999999,230
crowding,LooseBudget,10,1,61.99166666666667,65.8333500629899,14.28,238
