method,t,track,reference,motion,growth,trajectory,eligible,boundary,iou,q,x,width,area
TMTM,0,0,0.08458541698012205,,,,False,True,,18.871304557495463,8.721054519880818,0.03225806451612903,1.934169275228408
TMTM,0,1,0.211129822815197,,,,False,True,,63.73405261254317,38.39847387471953,2.4516129032258065,146.996864917359
TMTM,0,2,0.18330512032415325,,,,False,False,,68.91121734587598,46.91460290697759,0.6451612903225806,38.683385504568164
TMTM,0,3,0.5428127794623749,,,,False,True,,19.809327436008726,84.94686097149372,0.6129032258064516,36.74921622933975
TMTM,0,4,0.06379241934290274,,,,False,True,,65.79549967973882,58.140409358590496,21.70967741935484,1301.6959222287187
TMTM,1,5,0.3038021982524158,,,,False,False,,72.33860863275136,35.882344842461464,0.03225806451612903,1.934169275228408
TMTM,1,6,0.2229395627252339,,,,False,False,,77.50606011142501,50.753312584396944,0.4193548387096774,25.144200577969304
TMTM,1,4,0.09990113065992716,0.03610871131702442,1.6653345369377348e-16,0.03610871131702442,True,True,0.545201668984701,70.03177084423336,58.043635165042105,14.129032258064516,847.1661425500428
TMTM,1,3,0.03361288517346163,0.5091998942889133,2.220446049250313e-16,0.5091998942889133,True,True,0.171875,23.81654055712994,27.850086777945336,1.8064516129032258,108.31347941279085
TMTM,2,7,0.09637652061307898,,,,False,False,,66.5120434450632,54.94686097149372,1.2903225806451613,77.36677100913633
TMTM,2,8,0.34463276752643607,,,,False,True,,92.10924468756927,50.753312584396944,4.290322580645161,257.2445136053783
TMTM,2,9,0.1447649356962379,,,,False,False,,70.64123390020356,53.26944161665501,0.6774193548387096,40.61755477979657
TMTM,2,3,0.5154946217743418,0.48188173660088013,0.0,0.027318157688033178,True,True,0.18143459915611815,31.087506358572707,92.94686097149372,7.225806451612903,433.2539176511634
TMTM,2,4,0.07244759716858434,0.17234872782851152,0.0,0.1362400165114871,True,True,0.1351931330472103,75.83379447255392,84.52750613278404,2.935483870967742,176.00940404578515
TMTM,3,8,0.18500756065743332,0.15962520686900278,4.440892098500626e-16,0.15962520686900278,True,True,0.05637982195845697,66.43809083103088,44.23718355213888,76.09677419354838,4562.705320263814
TMTM,3,3,0.3440919349188419,0.1714026868554999,2.220446049250313e-16,0.19872084454353303,True,True,0.2857142857142857,53.65582878123269,94.94686097149372,25.29032258064516,1516.3887117790719
TMTM,4,10,0.1039380102527329,,,,False,True,,51.77426091149909,39.301699681171144,0.03225806451612903,1.934169275228408
TMTM,4,8,0.16826832599258487,0.01673923466484843,4.440892098500626e-16,0.1763644415338512,True,False,0.0877490462060195,62.88099557447487,42.68879645536469,6.677419354838709,400.3730399722805
TMTM,4,11,0.31516476447030234,,,,False,False,,92.28276174018806,54.462990003751784,1.3548387096774193,81.23510955959314
TMTM,4,12,0.14167079672766292,,,,False,False,,80.01187270784553,63.011377100525976,2.161290322580645,129.58934144030334
TMTM,4,3,0.23992367609205517,0.10416825882678674,0.0,0.30288910337031977,True,True,0.8917274939172749,54.73666500173742,83.52750613278404,24.870967741935484,1491.2445112011026
TMTM,5,8,0.21887508949328255,0.05060676350069766,0.0,0.12575767803315355,True,False,0.3744186046511628,69.01832332359085,42.753312584396944,12.387096774193548,742.7210016877087
TMTM,5,13,0.16186690150120356,,,,False,False,,69.59669560325105,50.172667423106624,0.12903225806451613,7.736677100913632
TMTM,5,14,0.2789980310762715,,,,False,False,,29.305806919760503,62.78557064891308,0.5806451612903225,34.815046954111345
TMTM,5,3,0.18825914638911972,0.05166452970293545,0.0,0.3545536330732552,True,True,0.027237354085603113,40.87189243705742,63.462990003751784,0.6774193548387096,40.61755477979657
TMTM,6,15,0.0871091767006809,,,,False,True,,20.851575078801236,10.398473874719528,0.29032258064516125,17.407523477055673
TMTM,6,16,0.23127233236897204,,,,False,True,,39.47373440415746,11.721054519880818,2.32258064516129,139.26018781644538
TMTM,6,8,0.31691570678243625,0.09804061728915373,0.0,0.027717060743999808,True,True,0.24242424242424243,80.94448772086994,42.91460290697759,18.032258064516128,1081.2006248526802
TMTM,6,17,0.37669810229479295,,,,False,True,,22.839862889666954,68.0436351650421,0.6129032258064516,36.74921622933975
TMTM,6,18,0.23791831856196027,,,,False,False,,40.78375951825204,69.33395774568727,1.935483870967742,116.05015651370448
TMTM,7,16,0.1655000872859536,0.06577224508301843,0.0,0.06577224508301845,True,True,0.23003194888178913,33.90364563935654,14.043635165042108,10.096774193548386,605.3949831464918
TMTM,7,8,0.4460945457311555,0.1291788389487192,0.0,0.10146177820471938,True,False,0.0017825311942959,95.18788387858721,41.65653839084856,0.0967741935483871,5.8025078256852245
TMTM,7,19,0.4262470314133891,,,,False,False,,92.90295635400363,41.753312584396944,0.03225806451612903,1.934169275228408
TMTM,7,18,0.31017408835812466,0.07225576979616441,1.6653345369377348e-16,0.07225576979616441,True,False,0.6129032258064516,39.984034884647784,77.20492548762275,1.2903225806451613,77.36677100913633
TMTM,7,20,0.2040594232030651,,,,False,True,,53.55650438067429,78.0436351650421,0.3225806451612903,19.341692752284082
TMTM,8,16,0.2629709467536637,0.4284710340396173,2.220446049250313e-16,0.49424327912263577,True,True,0.1757188498402556,21.164540909441172,52.721054519880816,1.7741935483870968,106.37931013756244
TMTM,8,21,0.6222411947547045,,,,False,True,,99.6480624065744,24.979119036009852,0.8064516129032258,48.3542318807102
TMTM,8,8,0.5953495148394768,0.14925496910832142,0.0,0.2507167473130408,True,True,0.046875,97.87267371997288,26.430731939235656,2.064516129032258,123.78683361461812
TMTM,8,22,0.37996438437258195,,,,False,True,,19.899521943558078,65.49524806826791,0.6451612903225806,38.683385504568164
TMTM,8,18,0.20100130472256209,0.10917278363556258,0.0,0.036917013839398174,True,False,0.1320754716981132,48.82670440478627,72.94686097149372,0.6451612903225806,38.683385504568164
TMTM,8,20,0.15681486503906564,0.047244558163999466,4.440892098500626e-16,0.047244558163999466,True,True,0.1,54.516173940999394,73.33395774568727,0.03225806451612903,1.934169275228408
TMTM,9,23,0.2823646948873551,,,,False,True,,62.54030177733117,28.65653839084856,1.096774193548387,65.76175535776588
TMTM,9,16,0.1447663208679862,0.11820462588567751,2.220446049250313e-16,0.37603865323695823,True,True,0.40441176470588236,22.67167666088376,40.043635165042105,4.387096774193548,263.0470214310635
TMTM,9,21,0.6131018727482288,0.009139322006475789,0.0,0.009139322006475818,True,True,0.16233766233766234,95.42231150773279,21.850086777945336,4.967741935483871,297.86206838517484
TMTM,9,8,0.6388808786562729,0.04353136381679595,0.0,0.29424811112983673,True,True,0.09375,101.12869544250452,24.462990003751784,0.1935483870967742,11.605015651370449
TMTM,9,24,0.23282315599332276,,,,False,True,,34.71775967164982,62.65653839084855,6.870967741935484,411.9780556236509
TMTM,9,18,0.04580351495357835,0.15519778976898374,0.0,0.1921148036083819,True,True,0.07352941176470588,62.64398756416109,68.14040935859049,4.064516129032258,243.7053286787794
TMTM,10,16,0.11053539701787983,0.03423092385010636,0.0,0.34180772938685183,True,True,0.6323529411764706,21.198742361606204,34.462990003751784,2.7741935483870965,166.3385576696431
TMTM,10,23,0.25941792110198164,0.5417826159893369,1.1102230246251565e-16,0.5417826159893369,True,True,0.5151515151515151,60.62316205215915,91.75331258439695,2.129032258064516,127.65517216507493
TMTM,10,21,0.6265483627583609,0.013446490010132066,0.0,0.004307168003656278,True,True,0.7182320441988951,93.16492256701315,17.979119036009852,5.064516129032258,303.66457621086005
TMTM,10,24,0.22909664852445288,0.0037265074688698735,0.0,0.0037265074688698735,True,True,0.07258064516129033,23.035908309849695,50.52750613278404,1.7096774193548387,102.51097158710563
TMTM,10,18,0.0074001782581061566,0.0384033366954722,0.0,0.23051814030385412,True,True,0.22183098591549297,59.67174280632743,60.55976419730017,18.32258064516129,1098.6081483297357
TMTM,11,16,0.5120544835400812,0.40151908652220136,0.0,0.7433268159090533,True,True,0.3953488372093023,20.564839075716236,82.01137710052598,1.096774193548387,65.76175535776588
TMTM,11,23,0.2609819995051211,0.0015640784031393906,0.0,0.5433466943924761,True,True,0.616822429906542,61.370956514750155,92.68879645536468,3.4516129032258065,206.95611244943967
TMTM,11,21,0.6763240514081953,0.049775688649834365,0.0,0.05408285665349067,True,True,0.7770700636942676,94.36381165660617,13.204925487622752,3.935483870967742,235.96865157786578
TMTM,11,25,0.6921066851078858,,,,False,True,,101.12869544250452,18.075893229558236,0.12903225806451613,7.736677100913632
TMTM,11,26,0.1498467649490111,,,,False,False,,43.77170079051562,61.75331258439695,2.7741935483870965,166.3385576696431
TMTM,11,27,0.19014576581557688,,,,False,True,,18.871304557495463,41.68879645536469,0.03225806451612903,1.934169275228408
TMTM,11,18,0.15487651512442227,0.16227669338252843,0.0,0.3927948336863825,True,True,0.43042071197411,73.82236536706955,55.23718355213888,10.193548387096774,611.197490972177
TMTM,12,23,0.29326206980930813,0.5542440693144292,1.1102230246251565e-16,0.010897374921953033,True,True,0.6484848484848484,61.1383093486107,25.94686097149372,5.32258064516129,319.13793041268735
TMTM,12,21,0.0818172601719367,0.7581413115801319,0.0,0.7040584549266413,True,True,0.040983606557377046,89.61266071860325,99.43073193923566,0.16129032258064516,9.670846376142041
TMTM,12,25,0.06974559073281697,0.7618522758407027,0.0,0.7618522758407027,True,True,0.12121212121212122,99.38384169645892,107.75331258439695,1.064516129032258,63.827586082537465
TMTM,12,28,0.16944745747888293,,,,False,False,,27.90348865467293,48.23718355213888,0.5483870967741935,32.88087767888294
TMTM,12,18,0.07066235678051841,0.08421415834390385,0.0,0.3085806753424787,True,True,0.47806354009077157,67.68440830128496,59.20492548762275,21.32258064516129,1278.4858909259779
TMTM,13,21,0.4370485444080988,0.5188658045800355,4.440892098500626e-16,0.18519265034660576,True,True,0.11363636363636363,93.65075081659461,41.20492548762275,1.4193548387096775,85.10344811004995
TMTM,13,23,0.29639755072054136,0.003135480911233272,1.6653345369377348e-16,0.014032855833186276,True,True,0.6363636363636364,63.15972834828127,27.5920222618163,3.3870967741935485,203.08777389898285
TMTM,13,29,0.09973311704011874,,,,False,True,,43.785802758243456,31.817828713429208,5.032258064516129,301.73040693563166
TMTM,13,28,0.42051844857565696,0.25107099109677405,0.0,0.25107099109677405,True,True,0.11333333333333333,30.871743916608434,81.33395774568727,4.838709677419355,290.12539128426124
TMTM,13,18,0.03964516594451221,0.031017190836006195,2.220446049250313e-16,0.27756348450647245,True,True,0.4538799414348463,78.2849260461255,73.52750613278404,10.709677419354838,642.1441993758315
TMTM,14,29,0.06028752455843692,0.039445592481681814,0.0,0.039445592481681814,True,True,0.43492063492063493,37.43942843463518,30.204925487622752,9.548387096774194,572.5141054676088
TMTM,14,23,0.3799750442611213,0.08357749354057992,1.249000902703301e-16,0.09761034937376618,True,True,0.35333333333333333,69.41483402476376,23.817828713429204,3.161290322580645,189.54858897238398
TMTM,14,21,0.6282753752092775,0.19122683080117867,0.0,0.006034180454572891,True,True,0.4489795918367347,94.79151889983282,19.398473874719528,3.161290322580645,189.54858897238398
TMTM,14,18,0.010290856664519529,0.04993602260903174,0.0,0.22762746189744074,True,True,0.2698019801980198,75.2926033330417,76.52750613278404,5.838709677419355,350.08463881634185
TMTM,14,28,0.3406835873439345,0.07983486123172247,2.220446049250313e-16,0.17123612986505157,True,True,0.04878048780487805,21.61321758699577,62.49524806826791,0.7096774193548387,42.55172405502498
TMTM,14,30,0.21858527329141944,,,,False,True,,99.75773892775437,73.52750613278404,0.0967741935483871,5.8025078256852245
TMTM,15,29,0.12788698393328585,0.06759945937484894,1.6653345369377348e-16,0.028153866893167123,True,True,0.7682291666666666,35.9384603338106,20.5920222618163,12.354838709677418,740.7868324124803
TMTM,15,21,0.5085724405704098,0.1197029346388676,0.0,0.1136687541842947,True,True,0.02040816326530612,90.84652158187839,29.817828713429208,0.06451612903225806,3.868338550456816
TMTM,15,31,0.34103328748823697,,,,False,False,,73.70956514750151,32.78557064891307,0.03225806451612903,1.934169275228408
TMTM,15,23,0.32907101545671685,0.050904028804404464,0.0,0.046706320569361755,True,False,0.02040816326530612,72.33860863275136,32.850086777945336,0.06451612903225806,3.868338550456816
TMTM,15,18,0.01270489502865407,0.002414038364134541,0.0,0.2252134235333062,True,True,0.0964818763326226,66.84162840676491,68.3662158102034,60.516129032258064,3628.5015603284937
TMTM,16,29,0.19282828530044308,0.0649413013671572,1.1102230246251565e-16,0.09309516826032432,True,True,0.6642468239564429,35.15077133657915,12.01137710052598,17.225806451612904,1032.8463929719699
TMTM,16,31,0.3707754027779945,0.029742115289757544,0.0,0.029742115289757544,True,True,0.018867924528301886,77.02055446614338,32.52750613278404,1.7096774193548387,102.51097158710563
TMTM,16,21,0.46621549175439886,0.04235694881601102,0.0,0.15602570300030572,True,True,0.18181818181818182,89.53788127234417,33.592022261816304,0.3548387096774194,21.27586202751249
TMTM,16,32,0.5653820397999407,,,,False,True,,97.24431865071242,29.398473874719528,0.967741935483871,58.02507825685224
TMTM,16,33,0.1395202721232595,,,,False,False,,44.46249283283162,61.20492548762276,0.7741935483870968,46.420062605481796
TMTM,16,18,0.11881234120112368,0.13151723622977773,0.0,0.35673065976308393,True,True,0.22707889125799574,82.75272901240275,68.49524806826791,13.741935483870968,823.9561112473018
TMTM,17,29,0.13829301667699834,0.05453526862344473,1.6653345369377348e-16,0.03855989963687959,True,True,0.7052238805970149,33.767829424346424,17.172667423106624,12.258064516129032,734.9843245867951
TMTM,17,31,0.12552380015790757,0.4962992029359021,0.0,0.4665570876461445,True,True,0.125,89.9807791460932,105.0436351650421,9.32258064516129,558.97492054101
TMTM,17,34,0.14525330200039405,,,,False,False,,73.86112817928294,56.430731939235656,6.419354838709677,384.89968577045323
TMTM,17,18,0.19496909734476742,0.07615675614364376,0.0,0.4328874159067277,True,True,0.27699530516431925,84.95605587867226,61.55976419730017,3.8064516129032255,228.23197447695216
TMTM,18,29,0.1440691146286693,0.005776097951670985,0.0,0.04433599758855058,True,True,0.5926892950391645,31.686767630159846,14.398473874719528,7.419354838709677,444.85893330253384
TMTM,18,35,0.4257115675939512,,,,False,True,,61.09676521180012,10.01137710052598,0.3225806451612903,19.341692752284082
TMTM,18,31,0.5547149716958132,0.6802387718537208,0.0,0.21368168420757627,True,True,0.3460207612456747,89.99652854273324,23.430731939235656,3.225806451612903,193.4169275228408
TMTM,18,36,0.15822405026439634,,,,False,True,,23.669652359121,42.65653839084856,3.6129032258064515,216.6269588255817
TMTM,18,37,0.24344995368881303,,,,False,True,,94.87053283350612,65.65653839084855,3.4838709677419355,208.89028172466809
TMTM,18,18,0.22385032438271585,0.02888122703794842,1.6653345369377348e-16,0.4617686429446761,True,True,0.6507936507936508,89.29277086516156,62.430731939235656,2.903225806451613,174.07523477055673
TMTM,19,29,0.13538128616297918,0.008687828465690146,1.1102230246251565e-16,0.03564816912286043,True,True,0.47391304347826085,29.386163698147996,13.140409358590496,3.5161290322580645,210.82445099989647
TMTM,19,31,0.5312745650321125,0.023440406663700782,0.0,0.1902412775438755,True,True,0.52,90.92561522696012,27.172667423106624,1.6774193548387095,100.57680231187722
TMTM,19,38,0.04048567005588026,,,,False,False,,75.7659999196268,80.62428032633242,2.258064516129032,135.39184926598855
TMTM,19,39,0.04961127368472565,,,,False,False,,88.2227944588221,82.26944161665502,0.9354838709677419,56.09090898162383
TMTM,19,36,0.13998976723234005,0.018234283032056306,0.0,0.018234283032056306,True,True,0.28285714285714286,35.63195987135485,52.430731939235656,10.870967741935484,651.8150457519736
TMTM,19,18,0.15269046151078194,0.07115986287193389,0.0,0.3906087800727422,True,True,0.4225352112676056,79.6568131269811,61.33395774568727,6.870967741935484,411.9780556236509
TMTM,20,29,0.18853848374546642,0.05315719758248726,0.0,0.0888053667053477,True,True,0.49504950495049505,36.34567256933679,13.72105451988082,6.225806451612903,373.29467011908275
TMTM,20,31,0.04602582352388277,0.5773003885559952,4.440892098500626e-16,0.3870591110121197,True,True,0.11231101511879049,83.3269879550794,88.85008677794534,14.935483870967742,895.5203744307529
TMTM,20,40,0.16903891401866222,,,,False,True,,99.58636936341061,79.30169968117114,1.5483870967741935,92.84012521096359
TMTM,20,36,0.13707819313629782,0.0029115740960422207,0.0,0.021145857128098525,True,False,0.21068249258160238,35.11038102094443,51.55976419730017,2.290322580645161,137.32601854121697
TMTM,20,41,0.05956998306362168,,,,False,False,,60.38558151977348,53.23718355213888,1.032258064516129,61.89341680730906
TMTM,20,18,0.3906177460430628,0.23792728453228087,4.440892098500626e-16,0.6285360646050232,True,True,0.11267605633802817,90.04679694827416,43.172667423106624,0.7741935483870968,46.420062605481796
TMTM,21,31,0.10040459197961187,0.05437876845572909,0.0,0.4414378794678488,True,True,0.853448275862069,84.80153574039191,96.85008677794534,12.806451612903226,767.865202265678
TMTM,21,29,0.2710619738051877,0.08252349005972125,0.0,0.17132885676506895,True,True,0.43010752688172044,43.442039763600114,10.914602906977592,6.64516129032258,398.43887069705204
TMTM,21,36,0.10694788125009372,0.030130311886204096,1.1102230246251565e-16,0.051276169014302625,True,True,0.3163265306122449,34.113115221482474,46.94686097149372,6.032258064516129,361.68965446771233
TMTM,21,41,0.2052880146838195,0.14571803162019784,0.0,0.14571803162019784,True,True,0.05568445475638051,81.45239047548755,56.81782871342921,13.64516129032258,818.1536034216166
TMTM,22,31,0.05955524333466187,0.04084934864495,0.0,0.4005885308228988,True,True,0.528395061728395,92.0260382229472,99.17266742310662,7.161290322580645,429.3855791007066
TMTM,22,36,0.0013238767669475847,0.10562400448314614,0.0,0.15690017349744875,True,False,0.2331288343558282,50.594447372363234,50.753312584396944,13.419354838709676,804.6144184950177
TMTM,22,41,0.26694688184721876,0.06165886716339924,0.0,0.20737689878359705,True,True,0.36,92.04500292219223,60.011377100525976,5.0,299.7962376604033
TMTM,23,42,0.18171458599737292,,,,False,True,,22.49454677504944,0.6887964553646895,1.3548387096774193,81.23510955959314
TMTM,23,31,0.07342791022511755,0.013872666890455677,2.220446049250313e-16,0.4144611977133545,True,True,0.5585585585585585,94.71615690576994,103.52750613278404,4.0,239.8369901283226
TMTM,23,36,0.07562877105922912,0.0769526478261767,0.0,0.23385282132362545,True,False,0.33088235294117646,65.76424898247218,56.68879645536469,9.935483870967742,595.7241367703497
TMTM,23,43,0.16496267656892763,,,,False,True,,24.151339783222404,43.94686097149372,2.3870967741935485,143.1285263669022
TMTM,23,41,0.1170412116645494,0.14990567018266934,0.0,0.057471228600927717,True,True,0.012903225806451613,75.76599991962675,61.72105451988082,0.06451612903225806,3.868338550456816
TMTM,24,31,0.06580075589898371,0.007627154326133834,0.0,0.4068340433872207,True,True,0.1935483870967742,97.24431865071244,105.14040935859049,0.7741935483870968,46.420062605481796
TMTM,24,44,0.3464098561179649,,,,False,False,,70.41926951210112,28.850086777945332,3.3870967741935485,203.08777389898285
TMTM,24,45,0.22522762725527828,,,,False,False,,36.69373924924743,63.72105451988082,0.03225806451612903,1.934169275228408
TMTM,24,46,0.23718989928679832,,,,False,False,,35.32278273449728,63.78557064891308,0.03225806451612903,1.934169275228408
TMTM,24,43,0.29727007664869975,0.1323074000797721,0.0,0.1323074000797721,True,False,0.013513513513513514,28.46800016074652,64.14040935859049,0.03225806451612903,1.934169275228408
TMTM,24,47,0.30923234868021987,,,,False,False,,27.097043645996372,64.20492548762276,0.03225806451612903,1.934169275228408
TMTM,24,36,0.2605749583026319,0.18494618724340275,0.0,0.41879900856702823,True,True,0.2462406015037594,82.24811403232567,50.97911903600985,11.451612903225806,686.6300927060848
TMTM,25,48,0.3553438290016552,,,,False,True,,42.4268301291117,-0.21442935108692307,0.3548387096774194,21.27586202751249
TMTM,25,49,0.08836043978153184,,,,False,True,,20.421081487213026,9.817828713429206,0.7419354838709677,44.48589333025338
TMTM,25,50,0.031395750399983234,,,,False,False,,55.95356447188283,59.721054519880816,7.32258064516129,439.05642547684863
TMTM,25,43,0.28533767735365195,0.01193239929504773,0.0,0.12037500078472435,True,False,0.022222222222222223,29.899888076152248,64.14040935859049,1.4516129032258065,87.03761738527837
TMTM,25,36,0.3623667147731997,0.10179175647056785,2.220446049250313e-16,0.520590765037596,True,True,0.5267605633802817,86.65667319589059,43.172667423106624,6.032258064516129,361.68965446771233
TMTM,26,49,0.059768343973587816,0.02859209580794402,1.1102230246251565e-16,0.02859209580794402,True,True,0.208955223880597,21.022288054775874,13.850086777945336,1.8709677419354838,112.18181796324767
TMTM,26,50,0.14273861317948633,0.17413436357946957,0.0,0.17413436357946957,True,False,0.24193548387096775,72.33355906916111,55.20492548762275,17.516129032258064,1050.2539164490256
TMTM,26,43,0.2975189629009544,0.012181285547302422,0.0,0.13255628633202676,True,True,0.39473684210526316,30.115553165314676,65.81782871342921,3.6774193548387095,220.49529737603854
TMTM,26,36,0.21170736425923026,0.15065935051396948,2.220446049250313e-16,0.3699314145236266,True,True,0.24598930481283424,95.2872285535691,69.88234484246146,1.4838709677419355,88.97178666050677
TMTM,27,49,0.0035539416717788558,0.06332228564536667,1.1449174941446927e-16,0.0919143814533107,True,True,0.4375,23.681678293460905,24.108151294074368,1.8387096774193548,110.24764868801927
TMTM,27,51,0.0373653917002794,,,,False,False,,59.624256362624024,55.140409358590496,4.354838709677419,261.11285215583507
TMTM,27,50,0.22128254349143137,0.07854393031194504,0.0,0.2526782938914146,True,True,0.2381786339754816,86.53302425498161,59.97911903600985,5.290322580645161,317.2037611374589
TMTM,28,52,0.11791875031345536,,,,False,True,,18.871304557495463,4.721054519880819,0.06451612903225806,3.868338550456816
TMTM,28,53,0.12047242019443782,,,,False,True,,20.242261072245615,5.785570648913076,0.6774193548387096,40.61755477979657
TMTM,28,50,0.20188074509619652,0.01940179839523483,0.0,0.23327649549617976,True,True,0.16579770594369134,78.55964715723086,54.33395774568727,30.774193548387096,1845.1974885679012
TMTM,28,54,0.5924982625247589,,,,False,True,,23.943843662071025,95.0436351650421,1.2903225806451613,77.36677100913633
TMTM,28,55,0.05855809095629804,,,,False,True,,64.98440618577021,72.01137710052598,4.516129032258064,270.7836985319771
TMTM,29,52,0.09789175301905864,0.020026997294396727,0.0,0.02002699729439672,True,True,0.11764705882352941,20.564839075716243,8.817828713429206,0.5483870967741935,32.88087767888294
TMTM,29,56,0.21763036313609493,,,,False,False,,72.09476261234124,45.97911903600985,8.161290322580644,489.34482663278726
TMTM,29,50,0.2802173736788307,0.07833662858263418,2.220446049250313e-16,0.311613124078814,True,True,0.20104166666666667,89.63746194198566,56.011377100525976,6.419354838709677,384.89968577045323
TMTM,29,55,0.05042142729970038,0.10897951825599843,0.0,0.10897951825599843,True,True,0.4307692307692308,70.54581934423196,64.49524806826791,10.483870967741936,628.6050144492326
TMTM,30,52,0.07995457582050583,0.01793717719855281,0.0,0.03796417449294953,True,True,0.40476190476190477,20.993022973180228,11.398473874719528,1.3548387096774193,81.23510955959314
TMTM,30,56,0.31179557883231196,0.09416521569621701,1.6653345369377348e-16,0.09416521569621701,True,True,0.29,69.65265301201632,32.23718355213888,12.64516129032258,758.1943558895359
TMTM,30,57,0.22715994217380528,,,,False,True,,20.558635652572573,47.81782871342921,0.4193548387096774,25.144200577969304
TMTM,30,58,0.07795822093448214,,,,False,False,,52.3015518787107,61.65653839084855,0.4193548387096774,25.144200577969304
TMTM,30,50,0.24137764003894457,0.03883973363988614,2.220446049250313e-16,0.27277339043892784,True,True,0.004081632653061225,98.29927455036062,69.33395774568727,1.5161290322580645,90.90595593573518
TMTM,30,55,0.008234336624165313,0.04218709067553507,2.220446049250313e-16,0.06679242758046336,True,True,0.29607250755287007,64.5478845922,63.55976419730017,3.354838709677419,201.15360462375443
TMTM,31,52,0.11560087316437041,0.035646297343864576,0.0,0.002317877149084957,True,True,0.9761904761904762,21.044772202831073,7.172667423106624,1.3225806451612903,79.30094028436473
TMTM,31,56,0.41584761769105666,0.10405203885874469,0.0,0.1982172545549617,True,True,0.47058823529411764,74.55825251377536,24.65653839084856,15.580645161290322,934.2037599353212
TMTM,31,57,0.19107157866793376,0.036088363505871524,0.0,0.036088363505871524,True,True,0.1,25.631174757148123,48.559764197300176,4.193548387096774,251.44200577969306
TMTM,31,55,0.05519615082444176,0.046961814200276446,0.0,0.1137542417807398,True,True,0.26013513513513514,73.79620552203963,67.17266742310662,8.67741935483871,520.2915350364418
TMTM,31,50,0.1999027472650835,0.04147489277386107,0.0,0.23129849766506674,True,True,0.28,95.80615838523923,71.81782871342921,0.5483870967741935,32.88087767888294
TMTM,32,52,0.16962100978102146,0.05402013661665104,0.0,0.05170225946756609,True,True,0.6862745098039216,22.5271885968292,2.172667423106625,1.4516129032258065,87.03761738527837
TMTM,32,56,0.32247672865957383,0.0933708890314828,0.0,0.1048463655234789,True,True,0.5765407554671969,66.38600389451355,27.688796455364688,10.0,599.5924753208066
TMTM,32,57,0.1003326347054083,0.09073894396252546,0.0,0.126827307468397,True,True,0.6477987421383647,23.64888029071569,35.68879645536469,4.258064516129032,255.31034433014986
TMTM,32,55,0.07353876302988524,0.018342612205443486,0.0,0.1320968539861833,True,True,0.19078014184397163,73.09409318024125,64.26944161665502,45.483870967741936,2727.1786780720554
TMTM,32,59,0.5201332142920543,,,,False,True,,25.11152041773753,87.52750613278404,0.9354838709677419,56.09090898162383
TMTM,33,52,0.17360868328453555,0.003987673503514118,0.0,0.05568993297108019,True,True,0.13333333333333333,19.328290062412183,-1.5047519317320845,0.1935483870967742,11.605015651370449
TMTM,33,56,0.24534477088849396,0.0771319577710799,1.3877787807814457e-16,0.027714407752399004,True,False,0.2472885032537961,69.8398463813388,40.39847387471953,8.548387096774194,512.5548579355282
TMTM,33,57,0.4162300237532669,0.3158973890478586,0.0,0.18907008157946162,True,True,0.35967302452316074,27.160548443682334,77.10815129407436,11.838709677419354,709.8401240088258
TMTM,33,55,0.24158445297437733,0.1680456899444921,1.1102230246251565e-16,0.3001425439306754,True,True,0.46808510638297873,84.32409210261255,55.33395774568727,21.29032258064516,1276.5517216507494
TMTM,34,60,0.31072597212090725,,,,False,True,,46.97591310987356,9.68879645536469,0.12903225806451613,7.736677100913632
TMTM,34,56,0.31993104339072487,0.07458627250223089,0.0,0.10230068025462989,True,False,0.04905660377358491,75.08052166225167,36.68879645536469,0.4193548387096774,25.144200577969304
TMTM,34,61,0.4056829830837457,,,,False,False,,86.04817378025288,37.3662158102034,0.9032258064516129,54.15673970639543
TMTM,34,57,0.32297884365773355,0.09325118009553336,0.0,0.09581890148392823,True,True,0.6108202443280978,31.70552876482376,70.46299000375178,17.93548387096774,1075.398117026995
TMTM,34,55,0.24768039331711442,0.006095940342737075,0.0,0.30623848427341244,True,True,0.3188622754491018,87.63625010503132,57.91460290697759,7.129032258064516,427.4514098254782
TMTM,35,62,0.19821703310846078,,,,False,True,,37.28129204128321,13.495248068267916,0.9032258064516129,54.15673970639543
TMTM,35,56,0.4586596042103576,0.1387285608196328,0.0,0.24102924107426268,True,True,0.025590551181102362,85.2763360573818,30.23718355213888,16.387096774193548,982.5579918160313
TMTM,35,63,0.47342893680895043,,,,False,True,,100.11317209824519,43.30169968117114,0.8709677419354839,52.22257043116702
TMTM,35,57,0.252084042814675,0.07089480084305855,1.1102230246251565e-16,0.02492410064086969,True,True,0.6170921198668147,37.503227446635954,67.75331258439695,29.064516129032256,1742.6865169807957
TMTM,35,55,0.3463423558949216,0.09866196257780721,0.0,0.4049004468512197,True,True,0.48868778280542985,92.99181464662625,51.430731939235656,3.4838709677419355,208.89028172466809
TMTM,36,62,0.015462314172637725,0.18275471893582304,0.0,0.18275471893582304,True,True,0.24778761061946902,39.35072576898444,37.49524806826791,3.6451612903225805,218.56112810081012
TMTM,36,56,0.5257687091535579,0.06710910494320027,0.0,0.308138346017463,True,True,0.7556221889055472,82.2971705860497,19.204925487622752,21.387096774193548,1282.3542294764345
TMTM,36,57,0.21086739053025447,0.0412166522844205,0.0,0.016292551643550812,True,True,0.7227191413237924,44.06212894657286,69.3662158102034,33.064516129032256,1982.5235071091183
TMTM,36,55,0.1091095136197455,0.23723284227517613,0.0,0.16766760457604354,True,True,0.037037037037037035,99.07226067037931,85.97911903600985,0.12903225806451613,7.736677100913632
TMTM,37,62,0.47693063520186657,0.4923929493745043,0.0,0.6751476683103274,True,True,0.5028248587570622,44.0055073279149,101.23718355213889,4.935483870967742,295.92789910994645
TMTM,37,56,0.6480881205152547,0.12231941136169672,4.440892098500626e-16,0.43045775737915976,True,True,0.030165912518853696,97.42711285267912,19.65653839084856,0.6451612903225806,38.683385504568164
TMTM,37,64,0.6071610099080128,,,,False,False,,92.90295635400363,20.043635165042108,0.03225806451612903,1.934169275228408
TMTM,37,65,0.5724941959622222,,,,False,False,,89.00100319663781,20.30169968117114,0.4193548387096774,25.144200577969304
TMTM,37,57,0.20740601712738355,0.0034613734028709447,0.0,0.019753925046421757,True,False,0.08878048780487804,37.92910665814318,62.81782871342921,2.935483870967742,176.00940404578515
TMTM,37,66,0.356543802397698,,,,False,True,,21.613217586995766,64.39847387471953,0.16129032258064516,9.670846376142041
TMTM,37,67,0.03229662378152973,,,,False,True,,75.24181066398697,71.3662158102034,0.5483870967741935,32.88087767888294
TMTM,38,62,0.29595906330732913,0.7728896985091958,2.220446049250313e-16,0.09774203019886836,True,True,0.24836601307189543,41.81678727805064,6.301699681171142,1.2258064516129032,73.4984324586795
TMTM,38,56,0.5805491619927342,0.06753895852252037,0.0,0.3629187988566393,True,True,0.042735042735042736,90.06437331384764,20.398473874719528,15.096774193548386,905.191220806895
TMTM,38,68,0.1335092160927463,,,,False,False,,49.15156149197706,65.17266742310662,0.7419354838709677,44.48589333025338
TMTM,38,57,0.31830501352927104,0.11089899640188754,0.0,0.09114507135546578,True,False,0.09900990099009901,28.330904509271512,66.52750613278404,0.6451612903225806,38.683385504568164
TMTM,38,69,0.1631055558175201,,,,False,False,,44.76129104758486,64.33395774568727,0.8387096774193548,50.28840115593861
TMTM,39,70,0.18535819627257932,,,,False,True,,19.899521943558078,-2.343461609151439,0.12903225806451613,7.736677100913632
TMTM,39,62,0.3519896562368045,0.05603059292947537,0.0,0.15377262312834375,True,True,0.44680851063829785,43.41142617152317,1.172667423106625,0.967741935483871,58.02507825685224
TMTM,39,57,0.15933791472005818,0.1589670988092129,0.0,0.06782202745374712,True,False,0.03389830508474576,36.79405314057061,55.91460290697759,1.3225806451612903,79.30094028436473
TMTM,39,69,0.01384669111097659,0.14925886470654348,0.0,0.14925886470654348,True,False,0.06140350877192982,56.478806425273305,58.140409358590496,3.064516129032258,183.74608114669877
TMTM,40,70,0.1733099559198109,0.012048240352768406,0.0,0.012048240352768413,True,True,0.4444444444444444,19.937604068967804,-0.859590641409504,0.29032258064516125,17.407523477055673
TMTM,40,69,0.03458027609197074,0.04842696720294733,0.0,0.19768583190949082,True,True,0.02653631284916201,61.19326829607859,57.043635165042105,115.48387096774194,6924.326005317701
TMTM,41,71,0.08370320264621543,,,,False,True,,21.184793676136348,11.140409358590496,1.5483870967741935,92.84012521096359
TMTM,41,72,0.4198346405107649,,,,False,False,,92.61734041343067,42.23718355213888,0.7741935483870968,46.420062605481796
TMTM,41,73,0.06156537056241908,,,,False,False,,62.6572860841453,55.26944161665501,2.6129032258064515,156.66771129350104
TMTM,41,74,0.050980272526398925,,,,False,False,,62.7419130295003,56.62428032633243,0.03225806451612903,1.934169275228408
TMTM,41,69,0.06138459020510846,0.09596486629707919,0.0,0.10172096561241162,True,False,0.04748603351955307,52.06458111462264,59.430731939235656,5.483870967741935,328.8087767888294
TMTM,42,75,0.1880122413215676,,,,False,False,,40.379297672017316,17.817828713429204,2.4838709677419355,148.93103419258742
TMTM,42,72,0.20659678429794243,0.21323785621282246,0.0,0.21323785621282246,True,False,0.037037037037037035,81.35137831305326,56.55976419730017,20.903225806451612,1253.3416903480083
TMTM,42,69,0.09189567860813602,0.030511088403027565,2.220446049250313e-16,0.07120987720938406,True,False,0.35294117647058826,56.98389566754965,68.01137710052598,1.935483870967742,116.05015651370448
TMTM,42,76,0.46289352539392514,,,,False,True,,20.657702440351724,76.20492548762275,1.064516129032258,63.827586082537465
TMTM,43,77,0.25489770280343327,,,,False,True,,57.17974659822829,26.5920222618163,5.64516129032258,338.47962316497143
TMTM,43,78,0.3460446879342927,,,,False,False,,75.47222352360885,33.94686097149372,0.22580645161290322,13.539184926598857
TMTM,43,72,0.3204873535501445,0.11389056925220208,1.6653345369377348e-16,0.0993472869606204,True,True,0.25757575757575757,89.30856920396268,50.850086777945336,13.903225806451612,833.6269576234439
TMTM,43,76,0.21727216935208915,0.24562135604183602,0.0,0.245621356041836,True,True,0.05935251798561151,40.71291032666238,66.78557064891308,17.93548387096774,1075.398117026995
TMTM,44,79,0.20140993289923184,,,,False,True,,40.11605291940154,15.94686097149372,4.354838709677419,261.11285215583507
TMTM,44,77,0.4550674934624735,0.20016979065904023,0.0,0.20016979065904025,True,True,0.05409153952843273,82.20012147731312,27.5920222618163,18.870967741935484,1131.4890260086188
TMTM,44,72,0.07815851891234224,0.24232883463780225,0.0,0.34167612159842264,True,True,0.2891832229580574,94.39039937000705,85.01137710052598,4.935483870967742,295.92789910994645
TMTM,44,76,0.22600819561320437,0.008736026261115212,0.0,0.2368853297807208,True,True,0.710997442455243,42.76136136887694,69.88234484246146,25.225806451612904,1512.5203732286152
TMTM,45,79,0.2529791812764675,0.051569248377235685,0.0,0.051569248377235685,True,True,0.7403314917127072,41.530169176282726,11.172667423106624,5.806451612903226,348.15046954111347
TMTM,45,80,0.541703927100823,,,,False,True,,94.27391286875377,29.26944161665501,0.22580645161290322,13.539184926598857
TMTM,45,77,0.4834319148314439,0.028364421368970393,1.1102230246251565e-16,0.2285342120280106,True,True,0.21417797888386123,90.95869075126699,32.94686097149372,7.096774193548387,425.51724055024977
TMTM,45,72,0.0790019867380251,0.0008434678256828458,0.0,0.3408326537727398,True,True,0.026143790849673203,99.07226067037931,89.5920222618163,0.12903225806451613,7.736677100913632
TMTM,45,81,0.04936512386352601,,,,False,False,,95.64486938350393,89.72105451988081,0.03225806451612903,1.934169275228408
TMTM,45,76,0.21071550537671951,0.015292690236484852,0.0,0.25217802001720563,True,True,0.7230769230769231,46.66100032628738,71.94686097149372,32.58064516129032,1953.5109679806922
TMTM,46,79,0.25483725471367663,0.0018580734372090734,1.6653345369377348e-16,0.053427321814444775,True,True,0.7946428571428571,40.55958960165104,9.97911903600985,7.161290322580645,429.3855791007066
TMTM,46,80,0.4925871301664536,0.04911679693436941,0.0,0.04911679693436947,True,True,0.2727272727272727,95.05731659146815,35.94686097149372,0.22580645161290322,13.539184926598857
TMTM,46,82,0.4927566978057955,,,,False,False,,95.69056793399564,36.559764197300176,0.967741935483871,58.02507825685224
TMTM,46,77,0.4708319373614921,0.012599977469951777,0.0,0.21593423455805885,True,True,0.058394160583941604,97.99508055164696,41.49524806826791,2.258064516129032,135.39184926598855
TMTM,46,83,0.39575762902496453,,,,False,True,,23.32691323043346,70.81782871342921,1.8064516129032258,108.31347941279085
TMTM,46,76,0.23579528183731052,0.02507977646059102,0.0,0.22709824355661462,True,True,0.10396039603960396,45.16755618327452,73.46299000375178,3.3870967741935485,203.08777389898285
TMTM,47,79,0.22589777580308387,0.028939478910592713,0.0,0.024487842903852048,True,True,0.036036036036036036,40.63523922915411,13.527506132784044,0.25806451612903225,15.473354201827265
TMTM,47,77,0.46310812342509294,0.007723813936399182,0.0,0.20821042062165965,True,True,0.09233791748526522,89.61660997605325,34.043635165042105,15.67741935483871,940.0062677610064
TMTM,47,84,0.25373691192883485,,,,False,False,,44.23400008037326,13.785570648913076,0.1935483870967742,11.605015651370449
TMTM,47,85,0.2330086709991588,,,,False,False,,38.114852709659175,66.07589322955823,2.6451612903225805,158.60188056872946
TMTM,47,83,0.38049844374091724,0.015259185284047305,0.0,0.015259185284047305,True,True,0.45614035087719296,22.22253159355139,67.88234484246146,0.8709677419354839,52.22257043116702
TMTM,47,76,0.1255817854031789,0.11021349643413163,0.0,0.33731173999074626,True,True,0.36363636363636365,56.2641434973058,71.33395774568727,3.870967741935484,232.10031302740896
TMTM,48,79,0.2085314487087146,0.017366327094369288,0.0,0.007121515809482778,True,True,0.02962962962962963,35.0028928810556,9.97911903600985,8.709677419354838,522.2257043116701
TMTM,48,77,0.4856743637664918,0.022566240341398883,0.0,0.23077666096305854,True,True,0.7623574144486692,90.87294591379532,32.592022261816304,14.225806451612902,852.968650375728
TMTM,48,83,0.3030981853091176,0.07740025843179969,2.220446049250313e-16,0.09265944371584697,True,True,0.1956521739130435,26.123465831173803,62.49524806826791,4.451612903225806,266.91535998152034
TMTM,48,76,0.08153650952371176,0.04404527587946715,0.0,0.38135701587021337,True,True,0.32967032967032966,60.83989918348701,70.62428032633242,11.741935483870968,704.0376161831406
TMTM,49,79,0.2351005937469576,0.026569145038243022,0.0,0.03369066084772578,True,True,0.3037037037037037,35.70731931790283,7.495248068267916,2.6451612903225805,158.60188056872946
TMTM,49,77,0.5407587082548564,0.055084344488364675,1.1102230246251565e-16,0.2858610054514231,True,True,0.911062906724512,90.99919628465715,26.108151294074368,14.193548387096774,851.0344811004995
TMTM,49,83,0.27584143603685474,0.02725674927226279,2.220446049250313e-16,0.1199161929881098,True,True,0.2773109243697479,31.878146711587274,64.97911903600985,10.258064516129032,615.0658295226337
TMTM,49,76,0.1505871105396278,0.06905060101591604,0.0,0.31230641485429733,True,True,0.024725274725274724,52.23124641641581,70.30169968117114,0.29032258064516125,17.407523477055673
TMTM,49,86,0.0014396436715771916,,,,False,True,,70.96765211800123,71.14040935859049,0.29032258064516125,17.407523477055673
TMTM,50,77,0.5748003288862883,0.03404162063143179,0.0,0.31990262608285497,True,True,0.759090909090909,92.89064237333218,23.914602906977592,10.774193548387096,646.0125379262882
TMTM,50,87,0.4208245994263454,,,,False,True,,19.899521943558078,70.39847387471953,0.12903225806451613,7.736677100913632
TMTM,50,88,0.18000991091433735,,,,False,True,,101.12869544250452,79.52750613278404,0.03225806451612903,1.934169275228408
TMTM,50,83,0.11292938916914791,0.16291204686770688,1.1102230246251565e-16,0.2828282398558166,True,True,0.21145374449339208,48.58888265829274,62.14040935859049,16.35483870967742,980.6238225408028
TMTM,51,89,0.5346733757599197,,,,False,True,,36.463475235142056,100.62428032633242,12.483870967741936,748.523509513394
TMTM,51,77,0.5301060100348809,0.04469431885140738,0.0,0.27520830723144757,True,True,0.4897360703812317,84.91442088535685,21.30169968117114,22.0,1319.1034457057742
TMTM,51,87,0.24610745838192535,0.17471714104442004,0.0,0.17471714104442004,True,True,0.017467248908296942,29.994611126952996,59.52750613278404,7.387096774193548,442.92476402730546
TMTM,51,83,0.04102225659385172,0.0719071325752962,2.220446049250313e-16,0.3547353724311128,True,True,0.23449612403100775,60.411286954425066,65.33395774568727,4.193548387096774,251.44200577969306
TMTM,52,89,0.4836396291335214,0.05103374662639837,0.0,0.05103374662639837,True,True,0.5675,40.55526676579373,98.5920222618163,7.741935483870968,464.2006260548179
TMTM,52,77,0.5309844732632053,0.0008784632283243887,1.3877787807814457e-16,0.27608677045977204,True,True,0.7663280116110305,85.85854615017513,22.140409358590496,17.258064516129032,1034.7805622471983
TMTM,52,90,0.30030794883601286,,,,False,False,,66.85478257375075,30.817828713429208,0.03225806451612903,1.934169275228408
TMTM,52,91,0.28834567680449286,,,,False,False,,65.4838260590006,30.882344842461464,0.03225806451612903,1.934169275228408
TMTM,52,92,0.2763834047729728,,,,False,False,,64.11286954425046,30.94686097149372,0.03225806451612903,1.934169275228408
TMTM,52,87,0.06610474641380724,0.18000271196811812,0.0,0.35471985301253817,True,True,0.12027310924369748,55.78848495022395,63.72105451988082,61.41935483870967,3682.658300034889
TMTM,53,89,0.13525736643099695,0.6188969955645184,8.881784197001252e-16,0.6699307421909168,True,True,0.004132231404958678,20.242261072245615,4.01137710052598,0.0967741935483871,5.8025078256852245
TMTM,53,93,0.2732742601090925,,,,False,True,,61.12169169388649,93.91460290697759,0.7096774193548387,42.55172405502498
TMTM,53,77,0.515897834317569,0.015086638945636348,1.3877787807814457e-16,0.26100013151413565,True,True,0.794392523364486,89.01589141218264,27.108151294074368,13.709677419354838,822.0219419720735
TMTM,53,94,0.19493197898950249,,,,False,False,,61.37095651475015,37.97911903600985,0.03225806451612903,1.934169275228408
TMTM,53,95,0.18296970695798245,,,,False,False,,60.0,38.043635165042105,0.06451612903225806,3.868338550456816
TMTM,53,96,0.06098162526561014,,,,False,True,,55.88713045574954,63.20492548762276,0.03225806451612903,1.934169275228408
TMTM,53,87,0.02371188177042948,0.08981662818423673,0.0,0.4445364811967749,True,True,0.008403361344537815,66.34067388071945,63.49524806826791,0.5161290322580645,30.94670840365453
TMTM,54,89,0.10461220514067437,0.030645161290322583,0.0,0.6392855809005942,True,True,1.0,20.242261072245615,7.68879645536469,0.0967741935483871,5.8025078256852245
TMTM,54,93,0.21696262602889488,0.4902368861379874,0.0,0.4902368861379874,True,True,0.25287356321839083,61.43398899818691,35.39847387471953,2.8064516129032255,168.2727269448715
TMTM,54,77,0.5624090251047473,0.04651119078717839,2.220446049250313e-16,0.30751132230131406,True,True,0.5694117647058824,93.33916979051502,25.850086777945336,7.806451612903226,468.06896460527474
TMTM,54,97,0.13176042249011413,,,,False,False,,54.24198263804935,38.430731939235656,0.16129032258064516,9.670846376142041
TMTM,54,98,0.23861449400879392,,,,False,False,,65.4838260590006,36.850086777945336,0.06451612903225806,3.868338550456816
TMTM,54,99,0.2263834047729728,,,,False,False,,64.11286954425046,36.94686097149372,0.06451612903225806,3.868338550456816
TMTM,54,87,0.348319451085717,0.3720313328561465,0.0,0.07250514834062845,True,True,0.02903225806451613,32.535623615401235,74.33395774568727,9.774193548387096,586.0532903942077
TMTM,54,100,0.07999211382341637,,,,False,True,,90.25559204965852,80.65653839084855,2.8064516129032255,168.2727269448715
TMTM,55,89,0.025400673233372355,0.07921153190730203,0.0,0.560074048993292,True,True,0.2,21.15623208207905,18.108151294074368,0.4838709677419355,29.01253912842612
TMTM,55,93,0.1314815666296307,0.08548105939926416,0.0,0.40475582673872323,True,True,0.2962962962962963,51.75690703156553,35.97911903600985,5.096774193548387,305.5987454860885
TMTM,55,77,0.5113723713079573,0.05103665379678996,1.3877787807814457e-16,0.2564746685045241,True,True,0.7224334600760456,91.37606165748086,30.011377100525976,6.806451612903226,408.10971707319413
TMTM,55,101,0.41887479824648705,,,,False,True,,22.9399496980443,73.20492548762275,1.0,59.95924753208065
TMTM,55,87,0.25398629309576803,0.09433315798994896,2.220446049250313e-16,0.16683830633057742,True,True,0.19936708860759494,44.46850580000156,74.94686097149372,2.4516129032258065,146.996864917359
TMTM,56,89,0.007610653134790812,0.03301132636816317,0.0,0.5270627226251289,True,True,0.9375,21.356163240480114,22.269441616655012,0.5161290322580645,30.94670840365453
TMTM,56,102,0.07540413011543935,,,,False,True,,43.44696948857225,34.39847387471953,0.8709677419354839,52.22257043116702
TMTM,56,93,0.2060495733775601,0.07456800674792939,2.220446049250313e-16,0.47932383348665264,True,True,0.22151898734177214,60.15668074454287,35.430731939235656,1.129032258064516,67.69592463299428
TMTM,56,77,0.5121520996407712,0.0007797283328139078,0.0,0.25725439683733803,True,True,0.9095022624434389,90.92124196064434,29.462990003751784,6.806451612903226,408.10971707319413
TMTM,56,103,0.24142921329888106,,,,False,False,,39.330194085305415,68.30169968117114,0.4193548387096774,25.144200577969304
TMTM,56,87,0.0744876655383519,0.1794986275574161,1.1102230246251565e-16,0.3463369338879935,True,True,0.16049382716049382,61.395437881085044,70.33395774568727,3.6129032258064515,216.6269588255817
TMTM,57,89,0.049675658698165745,0.05728631183295656,0.0,0.5843490344580855,True,True,0.6875,21.488585176563934,15.527506132784044,0.3548387096774194,21.27586202751249
TMTM,57,93,0.268325138103822,0.06227556472626195,0.0,0.5415993982129146,True,True,0.13145539906103287,68.14587754395237,35.94686097149372,6.64516129032258,398.43887069705204
TMTM,57,77,0.5299981257281198,0.017846026087348518,2.220446049250313e-16,0.27510042292468656,True,True,0.41706161137440756,94.772442510481,31.172667423106624,2.838709677419355,170.2068962200999
TMTM,57,104,0.21507898253395158,,,,False,True,,25.040608873871147,50.850086777945336,0.9032258064516129,54.15673970639543
TMTM,57,87,0.011535461258515175,0.08602312679686706,0.0,0.4323600606848606,True,True,0.12307692307692308,67.3956324515478,66.01137710052598,29.35483870967742,1760.0940404578514
TMTM,58,93,0.23908446457221544,0.02924067353160661,0.0,0.5123587246813079,True,True,0.3300970873786408,72.2176418814499,43.52750613278404,2.193548387096774,131.52351071553176
TMTM,58,105,0.18471655098655054,,,,False,False,,66.85478257375075,44.68879645536469,0.03225806451612903,1.934169275228408
TMTM,58,106,0.014768162146812654,,,,False,False,,50.29968559040156,48.52750613278404,5.548387096774193,332.6771153392862
TMTM,58,107,0.05263045401184764,,,,False,False,,59.81090254968963,53.49524806826791,0.9354838709677419,56.09090898162383
TMTM,58,108,0.12528393518897551,,,,False,True,,56.0740790713973,71.10815129407436,0.7096774193548387,42.55172405502498
TMTM,58,87,0.13618179830318755,0.12464633704467237,0.0,0.5570063977295329,True,True,0.12637362637362637,89.7080316065859,73.3662158102034,3.7096774193548385,222.42946665126692
ST-MTM,0,0,0.20570237012243348,,,,False,True,,18.871304557495463,-5.812979857196552,0.0080590386467847,1.934169275228408
ST-MTM,0,1,0.3644199051512731,,,,False,True,,63.73405261254317,20.00366399439039,0.6124869371556656,146.996864917359
ST-MTM,0,2,0.18504378241277372,,,,False,False,,68.91121734587598,46.705963456343135,0.161180772935694,38.683385504568164
ST-MTM,0,3,0.6806918250894959,,,,False,True,,19.809327436008726,101.49234644674823,0.1531217342889022,36.74921622933975
ST-MTM,0,4,0.07447423259698442,,,,False,True,,65.79549967973882,74.73240759137695,5.423733009286337,1301.6959222287187
ST-MTM,1,5,0.4774387642374407,,,,False,False,,72.33860863275136,15.045956924258476,0.01251689270140588,1.934169275228408
ST-MTM,1,6,0.2630470078755097,,,,False,False,,77.50606011142501,45.940419166363846,0.16271960511825512,25.144200577969304
ST-MTM,1,4,0.0034104057200475307,0.07106382687693688,0.44028487326738847,0.07106382687693688,True,True,0.545201668984701,70.03177084423336,70.44101953063907,5.482399003215079,847.1661425500428
ST-MTM,1,3,0.6830599495863015,0.002368124496805605,0.44028487326748356,0.002368124496805635,True,True,0.171875,23.81654055712994,105.78373450748612,0.700945991278644,108.31347941279085
ST-MTM,2,7,0.29663409932836143,,,,False,False,,66.5120434450632,30.91595152565983,0.49969206226431595,77.36677100913633
ST-MTM,2,8,0.37480270585723857,,,,False,True,,92.10924468756927,47.13291998470064,1.6614761070288466,257.2445136053783
ST-MTM,2,9,0.2367607195011895,,,,False,False,,70.64123390020356,42.22994756006082,0.2623383326887705,40.61755477979657
ST-MTM,2,3,0.5971230094249028,0.08593694016139866,0.0019665689720458346,0.08356881566459305,True,True,0.18143459915611815,31.087506358572707,102.74226748956104,2.7982755486801523,433.2539176511634
ST-MTM,2,4,0.019594232700494985,0.023004638420542515,0.0019665689720460566,0.0940684652974794,True,True,0.1351931330472103,75.83379447255392,73.48248654849452,1.1367994416513056,176.00940404578515
ST-MTM,3,8,0.13668090779932546,0.23812179805791314,1.8204850202470462,0.23812179805791314,True,True,0.05637982195845697,66.43809083103088,50.03638189511182,4.772476532092682,4562.705320263814
ST-MTM,3,3,0.38485813998264323,0.2122648694422596,1.8204850202470364,0.29583368510685265,True,True,0.2857142857142857,53.65582878123269,99.83880557914988,1.5861049602207231,1516.3887117790719
ST-MTM,4,10,0.2633210482298151,,,,False,True,,51.77426091149909,20.175735123921275,0.005844284459847415,1.934169275228408
ST-MTM,4,8,0.16284260807515386,0.02616170027582842,1.0608366093816846,0.21196009778208472,True,False,0.0877490462060195,62.88099557447487,43.33988260545641,1.2097668831883084,400.3730399722805
ST-MTM,4,11,0.24573253423775032,,,,False,False,,92.28276174018806,62.794857631658026,0.24545994731356302,81.23510955959314
ST-MTM,4,12,0.003197823555245923,,,,False,False,,80.01187270784553,80.39561153447504,0.3915670588097271,129.58934144030334
ST-MTM,4,3,0.4316553322255886,0.04679719224294541,1.0608366093816737,0.24903649286390722,True,True,0.8917274939172749,54.73666500173742,106.53530486880805,4.505943318541938,1491.2445112011026
ST-MTM,5,8,0.21385289069723465,0.05101028262208077,0.9353124141872576,0.16094981516000395,True,False,0.3744186046511628,69.01832332359085,43.35597643992269,5.718255955616726,742.7210016877087
ST-MTM,5,13,0.015295348918532051,,,,False,False,,69.59669560325105,71.4321374734749,0.05956516620435082,7.736677100913632
ST-MTM,5,14,0.7126566327739129,,,,False,False,,29.305806919760503,114.82460285263005,0.26804324791953604,34.815046954111345
ST-MTM,5,3,0.5470609883118506,0.11540565608626192,0.9353124141872704,0.13363083677764523,True,True,0.027237354085603113,40.87189243705742,106.51921103447948,0.31271712257279205,40.61755477979657
ST-MTM,6,15,0.17161417781468005,,,,False,True,,20.851575078801236,0.25787374103962984,0.07959281422923581,17.407523477055673
ST-MTM,6,16,0.22727507105805642,,,,False,True,,39.47373440415746,12.200725877190692,0.6367425138338874,139.26018781644538
ST-MTM,6,8,0.31323759421979935,0.0993847035225647,0.5210773444924212,0.06156511163743925,True,True,0.24242424242424243,80.94448772086994,43.35597641449402,4.943598128238094,1081.2006248526802
ST-MTM,6,17,0.5949474927111943,,,,False,True,,22.839862889666954,94.23356201501026,0.16802927448395621,36.74921622933975
ST-MTM,6,18,0.38589297629946556,,,,False,False,,40.78375951825204,87.09091667418791,0.5306187615282454,116.05015651370448
ST-MTM,7,16,0.25416998207114155,0.026894911013085134,0.6724995096664748,0.02689491101308512,True,True,0.23003194888178913,33.90364563935654,3.403247790819554,5.422986395351749,605.3949831464918
ST-MTM,7,8,0.42156902547995073,0.1083314312601514,0.6724995096664959,0.04676631962271216,True,False,0.0017825311942959,95.18788387858721,44.599600820993125,0.05197750538675905,5.8025078256852245
ST-MTM,7,19,0.38394400808732854,,,,False,False,,92.90295635400363,46.82967538352421,0.017325835128914946,1.934169275228408
ST-MTM,7,18,0.4555061242243043,0.06961314792483873,0.6724995096664568,0.06961314792483873,True,False,0.6129032258064516,39.984034884647784,94.6447697915643,0.6930334051567684,77.36677100913633
ST-MTM,7,20,0.397782810282,,,,False,True,,53.55650438067429,101.2904416145143,0.1732583512892063,19.341692752284082
ST-MTM,8,16,0.13268621308648085,0.1214837689846607,0.6850060229762458,0.09458885797157558,True,True,0.1757188498402556,21.164540909441172,5.242195339063471,1.8903890923093876,106.37931013756244
ST-MTM,8,21,0.2054523976077487,,,,False,True,,99.6480624065744,124.30235011950424,0.8592677692315362,48.3542318807102
ST-MTM,8,8,0.07814441558364772,0.4997134410635985,0.685006022976228,0.45294712144088634,True,True,0.046875,97.87267371997288,107.2500035900106,2.1997254892327476,123.78683361461812
ST-MTM,8,22,0.10408247353458625,,,,False,True,,19.899521943558078,32.38941876770843,0.6874142153852318,38.683385504568164
ST-MTM,8,18,0.11915043948521564,0.33635568473908867,0.6850060229762525,0.2667425368142499,True,False,0.1320754716981132,48.82670440478627,63.12475714301215,0.6874142153852318,38.683385504568164
ST-MTM,8,20,0.1150410832980287,0.2827417269839713,0.6850060229759019,0.2827417269839713,True,True,0.1,54.516173940999394,68.32110393676284,0.034370710769252355,1.934169275228408
ST-MTM,9,23,0.2029331617555758,,,,False,True,,62.54030177733117,86.89228118800027,0.32315660798005297,65.76175535776588
ST-MTM,9,16,0.2663741137839748,0.3990603268704556,1.2854282350499038,0.4936491848420312,True,True,0.40441176470588236,22.67167666088376,54.636570314960736,1.2926264319202119,263.0470214310635
ST-MTM,9,21,0.12825789019050557,0.07719450741724311,1.2854282350498982,0.07719450741724311,True,True,0.16233766233766234,95.42231150773279,110.81325833059346,1.4637093420273004,297.86206838517484
ST-MTM,9,8,0.12991157788857646,0.05176716230492874,1.28542823504973,0.5047142837458151,True,True,0.09375,101.12869544250452,116.7180847891337,0.05702763670237232,11.605015651370449
ST-MTM,9,24,0.05428534801288185,,,,False,True,,34.71775967164982,28.203517910104,2.024481102933862,411.9780556236509
ST-MTM,9,18,0.37410495611244876,0.49325539559766446,1.2854282350499056,0.7599979324119144,True,True,0.07352941176470588,62.64398756416109,17.751392830667232,1.1975803707496055,243.7053286787794
ST-MTM,10,16,0.3276273625696248,0.06125324878565008,0.3294005260190787,0.5549024336276813,True,True,0.6323529411764706,21.198742361606204,60.51402586996119,0.5879978584289773,166.3385576696431
ST-MTM,10,23,0.23492152180770412,0.03198836005212833,0.32940052601909403,0.03198836005212833,True,True,0.5151515151515151,60.62316205215915,88.81374466908365,0.4512541704222315,127.65517216507493
ST-MTM,10,21,0.1643746611643363,0.036116770973830724,0.3294005260190748,0.04107773644341239,True,True,0.7182320441988951,93.16492256701315,112.8898819067335,1.073437950852906,303.66457621086005
ST-MTM,10,24,0.04069616715825598,0.09498151517113783,0.32940052601906955,0.09498151517113783,True,True,0.07258064516129033,23.035908309849695,27.919448368840413,0.3623707732178616,102.51097158710563
ST-MTM,10,18,0.4292651920551708,0.055160235942721944,0.32940052601907177,0.8151581683546364,True,True,0.22183098591549297,59.67174280632743,8.159919759706941,3.883520739391405,1098.6081483297357
ST-MTM,11,16,0.43708569917823825,0.10945833660861336,0.32790687376227123,0.6643607702362947,True,True,0.3953488372093023,20.564839075716236,73.01512297710482,0.3226742846845525,65.76175535776588
ST-MTM,11,23,0.21244307703402002,0.022478444773684103,0.3279068737623102,0.009509915278444225,True,True,0.616822429906542,61.370956514750155,86.86412575883256,1.0154749547425865,206.95611244943967
ST-MTM,11,21,0.07918856807535377,0.08518609308898253,0.32790687376230077,0.12626382953239493,True,True,0.7770700636942676,94.36381165660617,103.86643982564863,1.1578312568093168,235.96865157786578
ST-MTM,11,25,0.8937679529423098,,,,False,True,,101.12869544250452,-6.123458910572644,0.03796168055112403,7.736677100913632
ST-MTM,11,26,0.12880900305211762,,,,False,False,,43.77170079051562,28.314620424261502,0.8161761318491827,166.3385576696431
ST-MTM,11,27,0.15293799085863047,,,,False,True,,18.871304557495463,37.22386346053112,0.00949042013778012,1.934169275228408
ST-MTM,11,18,0.5599206817362107,0.13065548968103996,0.3279068737622899,0.9458136580356763,True,True,0.43042071197411,73.82236536706955,6.631883558724268,2.9989727635388537,611.197490972177
ST-MTM,12,23,0.09517271808643107,0.3076157951204511,0.2737799150914835,0.29810587984200687,True,True,0.6484848484848484,61.1383093486107,49.71758317823897,1.1908807543878126,319.13793041268735
ST-MTM,12,21,0.16957205308748763,0.2487606211628414,0.27377989944270853,0.3750244506952363,True,True,0.040983606557377046,89.61266071860325,69.26401434810474,0.03608729615223183,9.670846376142041
ST-MTM,12,25,0.25091522790295145,0.6428527250393583,0.27377991360012444,0.6428527250393583,True,True,0.12121212121212122,99.38384169645892,69.27401434810474,0.23817615123276425,63.827586082537465
ST-MTM,12,28,0.43582134034438813,,,,False,False,,27.90348865467293,-24.39507218665365,0.12269680495109014,32.88087767888294
ST-MTM,12,18,0.5391752502568621,0.020745431479348667,0.2737799132215965,0.9250682265563276,True,True,0.47806354009077157,67.68440830128496,2.9833782704615177,4.770740485589498,1278.4858909259779
ST-MTM,13,21,0.13529890110621684,0.03427315198127078,0.11282936341028504,0.34075129871396553,True,True,0.11363636363636363,93.65075081659461,77.41488268384859,0.3554988381979456,85.10344811004995
ST-MTM,13,23,0.07157942385576661,0.02359329423066446,0.11282937905909773,0.2745125856113424,True,True,0.6363636363636364,63.15972834828127,54.570197485589276,0.8483495002451207,203.08777389898285
ST-MTM,13,29,0.017267037806593066,,,,False,True,,43.785802758243456,41.71375822145229,1.2604049717927381,301.73040693563166
ST-MTM,13,28,0.3364243267800813,0.09939701356430693,0.11282937943760318,0.09939701356430687,True,True,0.11333333333333333,30.871743916608434,-9.499175297001315,1.2119278574930235,290.12539128426124
ST-MTM,13,18,0.8600077268085555,0.32083247655169345,0.11282937718920483,1.245900703108021,True,True,0.4538799414348463,78.2849260461255,-24.916001170901154,2.682400324584556,642.1441993758315
ST-MTM,14,29,0.038133521063450776,0.05540055887004384,0.12000914565503717,0.05540055887004384,True,True,0.43492063492063493,37.43942843463518,42.015450962249275,2.696475819089926,572.5141054676088
ST-MTM,14,23,0.10307278190414178,0.031493358048375164,0.1200091456550261,0.30600594365971756,True,True,0.35333333333333333,69.41483402476376,57.04610019626675,0.8927521292932852,189.54858897238398
ST-MTM,14,21,0.18593372421924587,0.05063482311302903,0.1200091456550536,0.39138612182699456,True,True,0.4489795918367347,94.79151889983282,72.47947199352332,0.8927521292932852,189.54858897238398
ST-MTM,14,18,0.8500100798440331,0.009997646964522449,0.12000914565502907,1.2359030561434987,True,True,0.2698019801980198,75.2926033330417,-26.70860624824227,1.6488585245110627,350.08463881634185
ST-MTM,14,28,0.22634977139844667,0.11007455538163456,0.12000914565502718,0.2094715689459415,True,True,0.04878048780487805,21.61321758699577,-5.548754980817831,0.2004137433107367,42.55172405502498
ST-MTM,14,30,1.2114628379593584,,,,False,True,,99.75773892775437,-45.61780162736862,0.027329146815105787,5.8025078256852245
ST-MTM,15,29,0.2981576582839469,0.2600241372204961,1.176669336560694,0.31542469609053997,True,True,0.7682291666666666,35.9384603338106,71.71737932788423,1.0756787595212245,740.7868324124803
ST-MTM,15,21,0.35348644409127866,0.1675527198720328,1.1766693365615386,0.5589388416990274,True,True,0.02040816326530612,90.84652158187839,48.42814829092495,0.00561712145963611,3.868338550456816
ST-MTM,15,31,0.30073041574334514,,,,False,False,,73.70956514750151,37.62191525830009,0.002808560729818055,1.934169275228408
ST-MTM,15,23,0.28938911145376056,0.18631632954961877,1.1766693365615386,0.49232227320933636,True,False,0.02040816326530612,72.33860863275136,37.611915258300094,0.00561712145963611,3.868338550456816
ST-MTM,15,18,0.6647221203066155,0.18528795953741753,1.176669336560699,1.050615096606081,True,True,0.0964818763326226,66.84162840676491,-12.92502603002895,5.268859929143076,3628.5015603284937
ST-MTM,16,29,0.34259992313842275,0.04444226485447587,0.7420256878541192,0.35986696094501586,True,True,0.6642468239564429,35.15077133657915,76.26276211318988,3.149798253149669,1032.8463929719699
ST-MTM,16,31,0.32278842040588873,0.022058004662543595,0.7420256878549467,0.022058004662543595,True,True,0.018867924528301886,77.02055446614338,38.285944017436734,0.31262042587439964,102.51097158710563
ST-MTM,16,21,0.38016455973624824,0.02667811564496958,0.7420256878548597,0.585616957343997,True,True,0.18181818181818182,89.53788127234417,43.918134103994376,0.0648834846154358,21.27586202751249
ST-MTM,16,32,0.42229750625193785,,,,False,True,,97.24431865071242,46.56861790047987,0.17695495804211703,58.02507825685224
ST-MTM,16,33,0.6075570248489616,,,,False,False,,44.46249283283162,-28.444350149043764,0.14156396643369362,46.420062605481796
ST-MTM,16,18,0.803142933159467,0.13842081285285152,0.7420256878541301,1.1890359094589327,True,True,0.22707889125799574,82.75272901240275,-13.624422966733292,2.5127604041980547,823.9561112473018
ST-MTM,17,29,0.15255674797144342,0.19004317516697936,0.08920639686630732,0.16982378577803647,True,True,0.7052238805970149,33.767829424346424,52.07463918091963,2.4505689321288884,734.9843245867951
ST-MTM,17,31,0.18552399739062628,0.13726442301526245,0.08920639686632348,0.11520641835271886,True,True,0.125,89.9807791460932,67.71789945921805,1.8637221615401245,558.97492054101
ST-MTM,17,34,0.6257974225417701,,,,False,False,,73.86112817928294,-1.2345625257294595,1.2833242565622363,384.89968577045323
ST-MTM,17,18,0.8652025946811069,0.06205966152163998,0.08920639686631104,1.2510955709805727,True,True,0.27699530516431925,84.95605587867226,-18.868255483060583,0.7609661420821325,228.23197447695216
ST-MTM,18,29,0.3548003594105836,0.507357107382027,0.41668399171295506,0.33753332160399047,True,True,0.5926892950391645,31.686767630159846,-10.889275499110179,2.2499596049724317,444.85893330253384
ST-MTM,18,35,0.21814008960236914,,,,False,True,,61.09676521180012,87.27357596408442,0.09782433065097962,19.341692752284082
ST-MTM,18,31,0.08207353513252068,0.10345046225810559,0.41668399171294335,0.21865688061082444,True,True,0.3460207612456747,89.99652854273324,80.14770432683076,0.9782433065097393,193.4169275228408
ST-MTM,18,36,0.21545722770684153,,,,False,True,,23.669652359121,-2.1852149656999833,1.0956325032909229,216.6269588255817
ST-MTM,18,37,0.41823359056183546,,,,False,True,,94.87053283350612,44.682501966085866,1.0565027710305372,208.89028172466809
ST-MTM,18,18,0.48022430486157375,0.38497828981953325,0.41668399171294956,0.8661172811610393,True,True,0.6507936507936508,89.29277086516156,31.665854281772706,0.8804189758587775,174.07523477055673
ST-MTM,19,29,0.5093741994117771,0.1545738400011935,0.22006188477680155,0.49210716160518403,True,True,0.47391304347826085,29.386163698147996,-31.73874023126525,0.8556609662495802,210.82445099989647
ST-MTM,19,31,0.7319544293882373,0.6498808942557166,0.22006188477678756,0.4312240136448922,True,True,0.52,90.92561522696012,3.0910837003716463,0.4082052316053044,100.57680231187722
ST-MTM,19,38,0.5202952231291433,,,,False,False,,75.7659999196268,13.330573144129584,0.5495070425456028,135.39184926598855
ST-MTM,19,39,0.5310366064122046,,,,False,False,,88.2227944588221,24.498401689357536,0.22765291762603823,56.09090898162383
ST-MTM,19,36,0.2832000629510039,0.4986572906578454,0.2200618847768041,0.4986572906578454,True,True,0.28285714285714286,35.63195987135485,69.61596742547532,2.6454839048266763,651.8150457519736
ST-MTM,19,18,0.18238379951072148,0.2978405053508523,0.22006188477680144,0.568276775810187,True,True,0.4225352112676056,79.6568131269811,57.77075718569453,1.672071429460189,411.9780556236509
ST-MTM,20,29,0.5395849745278454,0.030210775116068393,0.025595547188963508,0.5223179367212524,True,True,0.49504950495049505,36.34567256933679,-28.404524374004662,1.47678246452044,373.29467011908275
ST-MTM,20,31,0.7133346154052479,0.018619813982989383,0.025595547188964396,0.41260419966190276,True,True,0.11231101511879049,83.3269879550794,-2.273165893550344,3.5427475703262337,895.5203744307529
ST-MTM,20,40,0.6668338805482409,,,,False,True,,99.58636936341061,19.56630369762171,0.3672826854765887,92.84012521096359
ST-MTM,20,36,0.3590741515902065,0.0758740886392026,0.025595547188940637,0.574531379297048,True,False,0.21068249258160238,35.11038102094443,78.19927921176921,0.5432723056007944,137.32601854121697
ST-MTM,20,41,0.012805358674081013,,,,False,False,,60.38558151977348,61.9222245606632,0.24485512365106388,61.89341680730906
ST-MTM,20,18,0.3235776489774811,0.1411938494667596,0.025595547188937307,0.7094706252769467,True,True,0.11267605633802817,90.04679694827416,51.21747907097643,0.1836413427382979,46.420062605481796
ST-MTM,21,31,0.6861538164579216,0.027180798947326265,0.37822211408860207,0.38542340071457654,True,True,0.853448275862069,84.80153574039191,2.4630777654413176,2.0810856161982,767.865202265678
ST-MTM,21,29,0.5027231884138794,0.036861786113966045,0.3782221140886024,0.48545615060728636,True,True,0.43010752688172044,43.442039763600114,-16.884742846065414,1.0798580275486884,398.43887069705204
ST-MTM,21,36,0.32129885580878825,0.037775295781418215,0.3782221140886123,0.5367560835156299,True,True,0.3163265306122449,34.113115221482474,72.66897791853707,0.9802594716097417,361.68965446771233
ST-MTM,21,41,0.2521324150710259,0.2649377737451069,0.3782221140886288,0.2649377737451069,True,True,0.05568445475638051,81.45239047548755,51.19650066696444,2.2173783769567734,818.1536034216166
ST-MTM,22,31,0.7893493550407711,0.10319553858284948,0.4250286873092023,0.48861893929742595,True,True,0.528395061728395,92.0260382229472,-2.695884381945338,1.7800820823374188,429.3855791007066
ST-MTM,22,36,0.2332548796154101,0.08804397619337816,0.4250286873091875,0.4487121073222517,True,False,0.2331288343558282,50.594447372363234,78.58503292621245,3.3356493074430773,804.6144184950177
ST-MTM,22,41,0.3467132926293043,0.09458087755827839,0.42502868730920296,0.3595186513033853,True,True,0.36,92.04500292219223,50.43940780667571,1.2428501025328842,299.7962376604033
ST-MTM,23,42,0.9222273455273503,,,,False,True,,22.49454677504944,133.16182823833148,0.4855644048675458,81.23510955959314
ST-MTM,23,31,0.7220227697658299,0.06732658527494122,0.3659049434083318,0.4212923540224847,True,True,0.5585585585585585,94.71615690576994,8.073424533870352,1.433571100085202,239.8369901283226
ST-MTM,23,36,5.762604413798537e-06,0.23324911701099632,0.3659049434083341,0.21546299031125532,True,False,0.33088235294117646,65.76424898247218,65.76494049500184,3.5608056356954947,595.7241367703497
ST-MTM,23,43,0.5996180542627656,,,,False,True,,24.151339783222404,96.10550629475428,0.8555182371476064,143.1285263669022
ST-MTM,23,41,0.193965071646301,0.15274822098300328,0.3659049434084305,0.20677043032038203,True,True,0.012903225806451613,75.76599991962675,52.49019132207063,0.023122114517505565,3.868338550456816
ST-MTM,24,31,0.7652698574574521,0.043247087691622235,0.11960287237337042,0.464539441714107,True,True,0.1935483870967742,97.24431865071244,5.411935755818192,0.3127171225727903,46.420062605481796
ST-MTM,24,44,0.2080522130161638,,,,False,False,,70.41926951210112,45.45300395016147,1.3681374112559581,203.08777389898285
ST-MTM,24,45,0.47983420740823796,,,,False,False,,36.69373924924743,94.27384413823599,0.013029880107211511,1.934169275228408
ST-MTM,24,46,0.5062511795531907,,,,False,False,,35.32278273449728,96.07292428088016,0.013029880107211511,1.934169275228408
ST-MTM,24,43,0.6284087165456753,0.028790662282909687,0.11960287237430212,0.02879066228290981,True,False,0.013513513513513514,28.46800016074652,103.87704614622756,0.013029880107211511,1.934169275228408
ST-MTM,24,47,0.6598013178845037,,,,False,False,,27.097043645996372,106.2732017921368,0.013029880107211511,1.934169275228408
ST-MTM,24,36,0.17994353822569722,0.17994930083011104,0.11960287237337133,0.03551368948114429,True,True,0.2462406015037594,82.24811403232567,60.654889445242006,4.625607438055852,686.6300927060848
ST-MTM,25,48,1.0051148056759067,,,,False,True,,42.4268301291117,163.0406068102205,0.141875043439029,21.27586202751249
ST-MTM,25,49,1.027278647923277,,,,False,True,,20.421081487213026,143.69451923800625,0.2966478180998138,44.48589333025338
ST-MTM,25,50,0.3035908982443262,,,,False,False,,55.95356447188283,92.38447226120198,2.9277849873329274,439.05642547684863
ST-MTM,25,43,0.6360817645911071,0.007673048045431793,0.010193768190451369,0.03646371032834151,True,False,0.022222222222222223,29.899888076152248,106.2296998270851,0.5803979049779002,87.03761738527837
ST-MTM,25,36,0.2362869785958844,0.05634344037018716,0.010193768189541319,0.02082975088904287,True,True,0.5267605633802817,86.65667319589059,58.30223576438446,2.4118757384637064,361.68965446771233
ST-MTM,26,49,1.0510223018356686,0.02374365391239177,0.43412418381901935,0.02374365391239183,True,True,0.208955223880597,21.022288054775874,147.1449642750561,0.48462250532742246,112.18181796324767
ST-MTM,26,50,0.08796706855234314,0.2156238296919831,0.434124183818989,0.2156238296919831,True,False,0.24193548387096775,72.33355906916111,82.88960729544229,4.5370693171171865,1050.2539164490256
ST-MTM,26,43,0.7192387187066441,0.08315695411553711,0.4341241838190041,0.11962066444387863,True,True,0.39473684210526316,30.115553165314676,116.42419941011198,0.9525338897815061,220.49529737603854
ST-MTM,26,36,0.3427922703625142,0.10650529176662982,0.4341241838189951,0.1273350426556727,True,True,0.24598930481283424,95.2872285535691,54.15215611006739,0.3843557800872759,88.97178666050677
ST-MTM,27,49,1.0625572021868743,0.011534900351205628,0.7597026270096685,0.035278554263597425,True,True,0.4375,23.681678293460905,151.18854255588582,1.0180874861288203,110.24764868801927
ST-MTM,27,51,0.40161093932453545,,,,False,False,,59.624256362624024,107.81756908156828,2.4112598355682735,261.11285215583507
ST-MTM,27,50,0.06405829366974179,0.15202536222208493,0.7597026270096487,0.36764919191406803,True,True,0.2381786339754816,86.53302425498161,78.8460290146126,2.929234170616269,317.2037611374589
ST-MTM,28,52,1.3520804570603786,,,,False,True,,18.871304557495463,181.1209594047409,0.010991497825955321,3.868338550456816
ST-MTM,28,53,1.2276309802329226,,,,False,True,,20.242261072245615,167.55797870019632,0.11541072717250245,40.61755477979657
ST-MTM,28,50,0.0023865154029228583,0.06644480907266465,1.1786549963416413,0.3012043828414034,True,True,0.16579770594369134,78.55964715723086,78.8460290055816,5.2429444629792386,1845.1974885679012
ST-MTM,28,54,0.7834976259736853,,,,False,True,,23.943843662071025,117.96355877891327,0.21982995651904957,77.36677100913633
ST-MTM,28,55,0.21303844517797674,,,,False,True,,64.98440618577021,90.54901960712742,0.7694048478166735,270.7836985319771
ST-MTM,29,52,1.3269900472254121,0.025090409834966406,0.3765022659463364,0.025090409834966465,True,True,0.11764705882352941,20.564839075716243,179.8036447427657,0.13614091356339486,32.88087767888294
ST-MTM,29,56,0.4480037666775966,,,,False,False,,72.09476261234124,125.85521461365283,2.0260971253844957,489.34482663278726
ST-MTM,29,50,0.020516595291830933,0.018130079888908076,0.37650226594653646,0.2830743029524953,True,True,0.20104166666666667,89.63746194198566,92.09945337700537,1.593649517594912,384.89968577045323
ST-MTM,29,55,0.06722576608636928,0.14581267909160747,0.3765022659465198,0.14581267909160747,True,True,0.4307692307692308,70.54581934423196,78.61291127459627,2.6026939357705885,628.6050144492326
ST-MTM,30,52,1.1830274298246093,0.1439626174008029,0.26198650207550944,0.16905302723576934,True,True,0.40476190476190477,20.993022973180228,162.95631455213334,0.43708743482352475,81.23510955959314
ST-MTM,30,56,0.5359452568521521,0.08794149017455552,0.2619865020755349,0.08794149017455552,True,True,0.29,69.65265301201632,133.96608383427457,4.079482725019375,758.1943558895359
ST-MTM,30,57,0.2830142275453298,,,,False,True,,20.558635652572573,54.52034295801215,0.13528896792156786,25.144200577969304
ST-MTM,30,58,0.1902606630516825,,,,False,False,,52.3015518787107,75.1328314449126,0.13528896792155365,25.144200577969304
ST-MTM,30,50,0.0010878731021316905,0.021604468393962625,0.26198650207553076,0.30467877134645793,True,True,0.004081632653061225,98.29927455036062,98.16872977810482,0.48912165325486967,90.90595593573518
ST-MTM,30,55,0.13943509938730056,0.0722093333009313,0.2619865020755372,0.07360334579067616,True,True,0.29607250755287007,64.5478845922,81.28009651867607,1.082311743372486,201.15360462375443
ST-MTM,31,52,1.203998383946736,0.020970954122126826,0.4307829160924825,0.14808207311364258,True,True,0.9761904761904762,21.044772202831073,165.5245782764394,0.2773423842392049,79.30094028436473
ST-MTM,31,56,0.520372569573599,0.015572687278553115,0.4307829160924548,0.07236880289600241,True,True,0.47058823529411764,74.55825251377536,137.00296086260724,3.267228575305694,934.2037599353212
ST-MTM,31,57,0.6528936613115877,0.36987943376625787,0.43078291609249497,0.36987943376625787,True,True,0.1,25.631174757148123,103.97841411453865,0.8793782914901556,251.44200577969306
ST-MTM,31,55,0.02346250544330779,0.16289760483060836,0.4307829160924552,0.23650095062128454,True,True,0.26013513513513514,73.79620552203963,70.9807048688427,1.8196366185449904,520.2915350364418
ST-MTM,31,50,0.3533437405538855,0.3522558674517538,0.43078291609240016,0.6569346387982118,True,True,0.28,95.80615838523923,53.40490951877297,0.11499562273333197,32.88087767888294
ST-MTM,32,52,1.1579058772729875,0.04609250667374847,0.7173207420320333,0.19417457978739114,True,True,0.6862745098039216,22.5271885968292,161.4758938695877,0.14856498443324995,87.03761738527837
ST-MTM,32,56,0.6194703942214341,0.09909782464783513,0.7173207451576893,0.17146662754383754,True,True,0.5765407554671969,66.38600389451355,140.72245120108565,1.0234476673412018,599.5924753208066
ST-MTM,32,57,0.41550166753312917,0.23739199377845852,0.717320742274179,0.13248743998779938,True,True,0.6477987421383647,23.64888029071569,73.5090803946912,0.43579062089867193,255.31034433014986
ST-MTM,32,55,0.23904282866473955,0.26250533410804733,0.717320707675635,0.026004383486762823,True,True,0.19078014184397163,73.09409318024125,101.77923262000999,4.655036338838684,2727.1786780720554
ST-MTM,32,59,0.4033963331412807,,,,False,True,,25.11152041773753,73.51908039469122,0.09574188080156887,56.09090898162383
ST-MTM,33,52,1.2689965376465748,0.11109066037358716,0.39462072003266724,0.08308391941380387,True,True,0.13333333333333333,19.328290062412183,171.60787458000115,0.029392518454471883,11.605015651370449
ST-MTM,33,56,0.5236731741859455,0.09579722003548868,0.3946207231577216,0.07566940750834886,True,False,0.2472885032537961,69.8398463813388,132.68062728365226,1.298169565071703,512.5548579355282
ST-MTM,33,57,0.3888728663466587,0.026628801186470537,0.39462072027418227,0.10585863880132891,True,True,0.35967302452316074,27.160548443682334,73.82529240528137,1.7978423787973838,709.8401240088258
ST-MTM,33,55,0.12540643094855994,0.11363639771617962,0.3946206856756561,0.08763201422941679,True,True,0.46808510638297873,84.32409210261255,99.37286381643975,3.233177029989861,1276.5517216507494
ST-MTM,34,60,1.0269626135322025,,,,False,True,,46.97591310987356,170.21142673373785,0.03094200239570455,7.736677100913632
ST-MTM,34,56,0.52889660585102,0.005223431665074566,0.45683950220788994,0.08089283917342342,True,False,0.04905660377358491,75.08052166225167,138.54811436437407,0.10056150778598294,25.144200577969304
ST-MTM,34,61,0.3779409721523379,,,,False,False,,86.04817378025288,131.40109043853343,0.21659401676981815,54.15673970639543
ST-MTM,34,57,0.3359556697871142,0.05291719655954443,0.45683950220785763,0.052941442241784445,True,True,0.6108202443280978,31.70552876482376,72.02020913927747,4.300938333000289,1075.398117026995
ST-MTM,34,55,0.0639517382525811,0.06145469269597884,0.4568395022078524,0.14908670692539563,True,True,0.3188622754491018,87.63625010503132,95.31045869534105,1.7095456323616247,427.4514098254782
ST-MTM,35,62,1.1671864971092623,,,,False,True,,37.28129204128321,177.3436716943947,0.11325717670786162,54.15673970639543
ST-MTM,35,56,0.487493954792685,0.04140265105833502,0.6483635779330328,0.03949018811508841,True,True,0.025590551181102362,85.2763360573818,143.775610632504,2.054808777414223,982.5579918160313
ST-MTM,35,63,0.11902454574363297,,,,False,True,,100.11317209824519,114.39611758748114,0.10921227753973994,52.22257043116702
ST-MTM,35,57,0.26301125167414463,0.07294441811296958,0.6483635779329675,0.020002975871185137,True,True,0.6170921198668147,37.503227446635954,69.06457764753331,3.6444541504926065,1742.6865169807957
ST-MTM,35,55,0.00038982746351171234,0.06356191078906939,0.6483635779329779,0.21264861771446503,True,True,0.48868778280542985,92.99181464662625,93.03859394224766,0.43684911015893135,208.89028172466809
ST-MTM,36,62,0.9477181722336162,0.21946832487564613,0.1382118977777591,0.21946832487564596,True,True,0.24778761061946902,39.35072576898444,153.07690643701838,0.39807186073761613,218.56112810081012
ST-MTM,36,56,0.6764062485449623,0.18891229375227733,0.13821189777781376,0.22840248186736573,True,True,0.7556221889055472,82.2971705860497,163.46592041144518,2.3355897669827073,1282.3542294764345
ST-MTM,36,57,0.461890034362029,0.19887878268788436,0.13821189777783027,0.17887580681669923,True,True,0.7227191413237924,44.06212894657286,99.48893307001634,3.610828825274922,1982.5235071091183
ST-MTM,36,55,0.2656797222681629,0.26606954973167457,0.13821189777784282,0.4787181674461396,True,True,0.037037037037037035,99.07226067037931,67.19069399819976,0.014091039318145704,7.736677100913632
ST-MTM,37,62,1.0961947743799205,0.14847660214630434,1.794533396110797,0.07099172272934169,True,True,0.5028248587570622,44.0055073279149,175.54888025350536,3.242876561079811,295.92789910994645
ST-MTM,37,56,0.5263614099987107,0.15004483854625156,1.7945333961108,0.07835764332111417,True,True,0.030165912518853696,97.42711285267912,160.5904820525244,0.4239054328209022,38.683385504568164
ST-MTM,37,64,0.5265049910540208,,,,False,False,,92.90295635400363,156.08355528048614,0.02119527164103374,1.934169275228408
ST-MTM,37,65,0.5282057891781726,,,,False,False,,89.00100319663781,152.38569789801852,0.27553853133355233,25.144200577969304
ST-MTM,37,57,0.34969409452954353,0.11219593983248549,1.7945333961107806,0.06667986698421373,True,False,0.08878048780487804,37.92910665814318,79.8923980016884,1.9287697193350652,176.00940404578515
ST-MTM,37,66,0.3713849966521113,,,,False,True,,21.613217586995766,66.17941718524912,0.10597635820522555,9.670846376142041
ST-MTM,37,67,0.15439035133357587,,,,False,True,,75.24181066398697,93.76865282401607,0.36031961789777256,32.88087767888294
ST-MTM,38,62,1.096964142059019,0.0007693676790985649,0.6505875661411633,0.07022235505024313,True,True,0.24836601307189543,41.81678727805064,173.45248432513293,0.4202192986224418,73.4984324586795
ST-MTM,38,56,0.5563739544652382,0.03001254446652742,0.6505875661411769,0.10837018778764158,True,True,0.042735042735042736,90.06437331384764,156.82924784967622,5.175332414613308,905.191220806895
ST-MTM,38,68,0.4652485409647196,,,,False,False,,49.15156149197706,104.98138640774341,0.254343259692547,44.48589333025338
ST-MTM,38,57,0.47849269752542045,0.12879860299587692,0.6505875661411846,0.19547846998009064,True,False,0.09900990099009901,28.330904509271512,85.75002821232196,0.22116805190654532,38.683385504568164
ST-MTM,38,69,0.430868579886747,,,,False,False,,44.76129104758486,96.4655206339945,0.2875184674785203,50.28840115593861
ST-MTM,39,70,1.3229938738383653,,,,False,True,,19.899521943558078,178.65878680416193,0.14961368217205973,7.736677100913632
ST-MTM,39,62,1.011749915389008,0.08521422667001104,1.2185716037471013,0.1554365817202542,True,True,0.44680851063829785,43.41142617152317,164.82141601820413,1.12210261629059,58.02507825685224
ST-MTM,39,57,0.4539508082031825,0.024541889322237925,1.2185716037471273,0.17093658065785272,True,False,0.03389830508474576,36.79405314057061,91.26815012495251,1.5335402422638253,79.30094028436473
ST-MTM,39,69,0.3591638521676123,0.07170472771913469,1.2185716037470804,0.07170472771913469,True,False,0.06140350877192982,56.478806425273305,99.57846868538678,3.5533249515868874,183.74608114669877
ST-MTM,40,70,1.255746291014827,0.06724758282353856,3.0498304540968366,0.06724758282353846,True,True,0.4444444444444444,19.937604068967804,170.62715899074703,0.015945175099147946,17.407523477055673
ST-MTM,40,69,0.3868069016893592,0.02764304952174689,3.049830454097344,0.0440616781973878,True,True,0.02653631284916201,61.19326829607859,107.6100964988017,6.342636317214243,6924.326005317701
ST-MTM,41,71,0.9863884444172386,,,,False,True,,21.184793676136348,139.55140700620498,0.942012072935313,92.84012521096359
ST-MTM,41,72,0.2743173415232504,,,,False,False,,92.61734041343067,59.69925943064062,0.4710060364676565,46.420062605481796
ST-MTM,41,73,0.20821374767318362,,,,False,False,,62.6572860841453,87.64293580492733,1.5896453730783549,156.66771129350104
ST-MTM,41,74,0.26966501156503375,,,,False,False,,62.7419130295003,95.10171441730435,0.019625251519499898,1.934169275228408
ST-MTM,41,69,0.46287929486794266,0.07607239317858347,2.404885375355283,0.032010714981195676,True,False,0.04748603351955307,52.06458111462264,107.61009649877576,3.336292758312595,328.8087767888294
ST-MTM,42,75,0.09182391378169541,,,,False,False,,40.379297672017316,51.398167325820765,0.5985461795942939,148.93103419258742
ST-MTM,42,72,0.09695041689635873,0.17736692462689163,0.926118820810411,0.17736692462689163,True,False,0.037037037037037035,81.35137831305326,69.71732828549021,5.037115901001329,1253.3416903480083
ST-MTM,42,69,0.33840110410265273,0.12447819076528994,0.9261188208104341,0.09246747578409427,True,False,0.35294117647058826,56.98389566754965,97.59202815986798,0.46639962046307915,116.05015651370448
ST-MTM,42,76,0.8592393696215842,,,,False,True,,20.657702440351724,123.76642679494184,0.2565197912547035,63.827586082537465
ST-MTM,43,77,0.23556498924930158,,,,False,True,,57.17974659822829,28.911947888312103,0.9518834569331389,338.47962316497143
ST-MTM,43,78,0.19510942969907522,,,,False,False,,75.47222352360885,52.05909195971982,0.03807533827732357,13.539184926598857
ST-MTM,43,72,0.08565581623016266,0.011294600666196076,0.35704162486931823,0.18866152529308772,True,True,0.25757575757575757,89.30856920396268,79.02987125634316,2.3443529710753523,833.6269576234439
ST-MTM,43,76,0.6145081124785542,0.24473125714303004,0.3570416248693431,0.24473125714302998,True,True,0.05935251798561151,40.71291032666238,114.45388382408889,3.0242697260275975,1075.398117026995
ST-MTM,44,79,0.25330160497076865,,,,False,True,,40.11605291940154,9.719860322909305,0.5186758316992801,261.11285215583507
ST-MTM,44,77,0.37652455615716984,0.14095956690786826,0.34765232633909193,0.14095956690786826,True,True,0.05409153952843273,82.20012147731312,37.01717473845274,2.247595270696877,1131.4890260086188
ST-MTM,44,72,0.12618166888004023,0.040525852649877576,0.34765232633910537,0.14813567264321012,True,True,0.2891832229580574,94.39039937000705,79.24859910440222,0.5878326092591806,295.92789910994645
ST-MTM,44,76,0.5280713979750601,0.08643671450349419,0.34765232633909937,0.3311679716465242,True,True,0.710997442455243,42.76136136887694,106.12992912588415,3.00447778065805,1512.5203732286152
ST-MTM,45,79,0.33230266064238934,0.07900105567162073,0.1517366774479761,0.07900105567162073,True,True,0.7403314917127072,41.530169176282726,1.6538498991960036,0.8048837332042267,348.15046954111347
ST-MTM,45,80,0.5545392383855828,,,,False,True,,94.27391286875377,27.72920426248383,0.03130103406905249,13.539184926598857
ST-MTM,45,77,0.38535423631995763,0.008829680162787786,0.15173667744798225,0.14978924707065605,True,True,0.21417797888386123,90.95869075126699,44.71618239287207,0.9837467850273924,425.51724055024977
ST-MTM,45,72,0.1771287046186675,0.05094703573862726,0.15173667744795782,0.09718863690458288,True,True,0.026143790849673203,99.07226067037931,77.81681611613921,0.01788630518231571,7.736677100913632
ST-MTM,45,81,0.13329136053387886,,,,False,False,,95.64486938350393,79.64990611943847,0.004471576295571822,1.934169275228408
ST-MTM,45,76,0.510564297708685,0.01750710026637498,0.15173667744797448,0.34867507191289915,True,True,0.7230769230769231,46.66100032628738,107.92871605132959,4.516292058534816,1953.5109679806922
ST-MTM,46,79,0.32276890850783585,0.009533752134553533,1.065414219258514,0.06946730353706722,True,True,0.7946428571428571,40.55958960165104,1.8273205807107422,2.880826716925659,429.3855791007066
ST-MTM,46,80,0.5945512676288768,0.040012029243293945,1.065414219258572,0.04001202924329401,True,True,0.2727272727272727,95.05731659146815,23.71116447600294,0.09083687846162292,13.539184926598857
ST-MTM,46,82,0.5295045334126156,,,,False,False,,95.69056793399564,32.150023924481765,0.38930090769265746,58.02507825685224
ST-MTM,46,77,0.3832893627442568,0.002064873575700806,1.0654142192585119,0.14772437349495524,True,True,0.058394160583941604,97.99508055164696,52.000357022336146,0.9083687846162007,135.39184926598855
ST-MTM,46,83,0.7852726577940984,,,,False,True,,23.32691323043346,117.55963216572526,0.7266950276929549,108.31347941279085
ST-MTM,46,76,0.49434628577880674,0.016218011929878352,1.0654142192585236,0.3648930838427775,True,True,0.10396039603960396,45.16755618327452,104.48911047673133,1.3625531769243082,203.08777389898285
ST-MTM,47,79,0.1833626057096173,0.13940630279821853,0.3972683409039792,0.06993899926115134,True,True,0.036036036036036036,40.63523922915411,18.631726544000035,0.06977867206928323,15.473354201827265
ST-MTM,47,77,0.36892202605954927,0.01436733668470757,0.39726834090398944,0.13335703681024766,True,True,0.09233791748526522,89.61660997605325,45.345966848907345,4.239054328208923,940.0062677610064
ST-MTM,47,84,0.14559652849093938,,,,False,False,,44.23400008037326,26.76241666146053,0.0523340040519642,11.605015651370449
ST-MTM,47,85,0.5323135265270887,,,,False,False,,38.114852709659175,101.99247589290982,0.7152313887101514,158.60188056872946
ST-MTM,47,83,0.7727279956826708,0.012544662111427485,0.39726834090398466,0.012544662111427485,True,True,0.45614035087719296,22.22253159355139,114.9498910754719,0.23550301823382824,52.22257043116702
ST-MTM,47,76,0.3390391029544032,0.1553071828244035,0.3972683409039796,0.520200266667181,True,True,0.36363636363636365,56.2641434973058,96.94883585183419,1.0466800810392556,232.10031302740896
ST-MTM,48,79,0.120988974556535,0.06237363115308228,0.5091781769353978,0.1323126304142336,True,True,0.02962962962962963,35.0028928810556,20.4842159342714,1.415347900185175,522.2257043116701
ST-MTM,48,77,0.37876225899372545,0.009840232934176225,0.5091781769353919,0.1431972697444239,True,True,0.7623574144486692,90.87294591379532,45.42147483454826,2.311734903635781,852.968650375728
ST-MTM,48,83,0.7332115367497791,0.03951645893289178,0.5091781769354058,0.05206112104431924,True,True,0.1956521739130435,26.123465831173803,114.1088502411473,0.723400037872409,266.91535998152034
ST-MTM,48,76,0.29184983438966244,0.047189268564740774,0.5091781769354019,0.5673895352319218,True,True,0.32967032967032966,60.83989918348701,95.86187931024651,1.908098650620019,704.0376161831406
ST-MTM,49,79,0.15332070500372932,0.032331730447194305,0.3462478094560856,0.09998089996703931,True,True,0.3037037037037037,35.70731931790283,17.308834717455312,0.6076965994984818,158.60188056872946
ST-MTM,49,77,0.4172910997762128,0.03852884078248735,0.3462478094560873,0.18172611052691126,True,True,0.911062906724512,90.99919628465715,40.92426431151161,3.260811021699169,851.0344811004995
ST-MTM,49,83,0.6928469939238215,0.04036454282595748,0.3462478094561069,0.09242566387027674,True,True,0.2773109243697479,31.878146711587274,115.01978598244587,2.3566770565916784,615.0658295226337
ST-MTM,49,76,0.41993574055269955,0.12808590616303708,0.3462478094562256,0.4393036290688847,True,True,0.024725274725274724,52.23124641641581,102.62353528273975,0.06669840726203802,17.407523477055673
ST-MTM,49,86,0.17961767523254887,,,,False,True,,70.96765211800123,92.52177314590709,0.06669840726203802,17.407523477055673
ST-MTM,50,77,0.4511406494601637,0.03384954968395088,0.014084739881743136,0.21557566021086214,True,True,0.759090909090909,92.89064237333218,38.75376443811254,2.5103619603223137,646.0125379262882
ST-MTM,50,87,1.0316779009465933,,,,False,True,,19.899521943558078,143.70087005714927,0.03006421509365964,7.736677100913632
ST-MTM,50,88,0.22488832786340632,,,,False,True,,101.12869544250452,74.14209609889576,0.007516053773429121,1.934169275228408
ST-MTM,50,83,0.5716783585422557,0.121168635381566,0.014084739881739639,0.21359429925184265,True,True,0.21145374449339208,48.58888265829274,117.19028568336341,3.8106392631239885,980.6238225408028
ST-MTM,51,89,0.02581778533314155,,,,False,True,,36.463475235142056,39.56160947511904,1.7232290178748428,748.523509513394
ST-MTM,51,77,0.21732129460976862,0.2338193548503951,0.523510783293308,0.018243694639532956,True,True,0.4897360703812317,84.91442088535685,58.83586553218461,3.036801525040431,1319.1034457057742
ST-MTM,51,87,0.8183639277978733,0.21331397314872003,0.5235107832926302,0.21331397314872003,True,True,0.017467248908296942,29.994611126952996,128.1982824626978,1.0196884886132693,442.92476402730546
ST-MTM,51,83,0.43499571198271325,0.13668264655954238,0.523510783293331,0.3502769458113851,True,True,0.23449612403100775,60.411286954425066,112.61077239235065,0.5788624607848192,251.44200577969306
ST-MTM,52,89,0.03985493234117611,0.014037147008034564,0.6302879209420948,0.014037147008034564,True,True,0.5675,40.55526676579373,45.337858646734865,0.5690005809676393,464.2006260548179
ST-MTM,52,77,0.17896239921550017,0.03835889539426844,0.6302879209420971,0.0566025900338014,True,True,0.7663280116110305,85.85854615017513,64.38305824431511,1.268397128407031,1034.7805622471983
ST-MTM,52,90,0.11062478777255755,,,,False,False,,66.85478257375075,80.12975710645766,0.0023708357540215275,1.934169275228408
ST-MTM,52,91,0.13488588624426637,,,,False,False,,65.4838260590006,81.67013240831257,0.0023708357540215275,1.934169275228408
ST-MTM,52,92,0.15929549777003327,,,,False,False,,64.11286954425046,83.22832927665445,0.0023708357540215275,1.934169275228408
ST-MTM,52,87,0.509052962978431,0.3093109648194423,0.6302879209420802,0.5226249379681623,True,True,0.12027310924369748,55.78848495022395,116.87484050763567,4.514071275676628,3682.658300034889
ST-MTM,53,89,0.06076547330754535,0.02091054096636924,1.7415853691376046,0.034947687974403806,True,True,0.004132231404958678,20.242261072245615,27.534117869151057,0.04058669037647178,5.8025078256852245
ST-MTM,53,93,0.0691734458073439,,,,False,True,,61.12169169388649,52.82087819700522,0.29763572942744076,42.55172405502498
ST-MTM,53,77,0.1876792139645719,0.008716814749071726,1.7415853691375225,0.047885775284729676,True,True,0.794392523364486,89.01589141218264,66.49438573643401,5.749781136666371,822.0219419720735
ST-MTM,53,94,0.17346178512837074,,,,False,False,,61.37095651475015,82.18637073015464,0.013528896792166734,1.934169275228408
ST-MTM,53,95,0.20121876470421185,,,,False,False,,60.0,84.14625176450542,0.027057793584305045,3.868338550456816
ST-MTM,53,96,0.6747301443080318,,,,False,True,,55.88713045574954,136.85474777271335,0.013528896792138312,1.934169275228408
ST-MTM,53,87,0.5518881671583542,0.042835204179923224,1.7415853691375127,0.4797897337882391,True,True,0.008403361344537815,66.34067388071945,132.56725393972195,0.2164623486744972,30.94670840365453
ST-MTM,54,89,0.01620580789204542,0.04455966541549993,0.44168072858131974,0.009611977441096127,True,True,1.0,20.242261072245615,22.186958019291065,0.02609541063273113,5.8025078256852245
ST-MTM,54,93,0.07832901135649474,0.009155565549150839,0.44168078924396625,0.009155565549150839,True,True,0.25287356321839083,61.43398899818691,52.03450763540754,0.7567668624416726,168.2727269448715
ST-MTM,54,77,0.1043879615965943,0.0832912523679776,0.44168071011358123,0.13117702765270728,True,True,0.5694117647058824,93.33916979051502,80.8126143989237,2.1050298299152814,468.06896460527474
ST-MTM,54,97,0.06886402074924067,,,,False,False,,54.24198263804935,62.50566512795823,0.04349235112668026,9.670846376142041
ST-MTM,54,98,0.037788480432832,,,,False,False,,65.4838260590006,60.949208407060766,0.01739693915489937,3.868338550456816
ST-MTM,54,99,0.013476703469101873,,,,False,False,,64.11286954425046,62.49566512795823,0.01739694008985282,3.868338550456816
ST-MTM,54,87,0.7653911008713177,0.2135029337129635,0.44168080801527054,0.26628680007527555,True,True,0.02903225806451613,32.535623615401235,124.38255571995936,2.635636264546605,586.0532903942077
ST-MTM,54,100,0.43766322071335456,,,,False,True,,90.25559204965852,142.77517853526106,0.756766894405672,168.2727269448715
ST-MTM,55,89,0.37044639611284447,0.35424058822079907,0.39796929549083804,0.3446286107797029,True,True,0.2,21.15623208207905,65.60979961562039,0.19425401707678702,29.01253912842612
ST-MTM,55,93,0.003529283106833958,0.08185829446332869,0.3979693561535318,0.07270272891417787,True,True,0.2962962962962963,51.75690703156553,52.18042100438561,2.04614231320879,305.5987454860885
ST-MTM,55,77,0.5308319818912426,0.4264440202946483,0.39796927702316365,0.29526699264194095,True,True,0.7224334600760456,91.37606165748086,27.676223830531754,2.7325065068800924,408.10971707319413
ST-MTM,55,101,0.8494185007642716,,,,False,True,,22.9399496980443,124.8701697897569,0.4014583019586837,59.95924753208065
ST-MTM,55,87,0.7456807126968485,0.019710388174469115,0.3979693749248374,0.28599718824974474,True,True,0.19936708860759494,44.46850580000156,133.9501913236234,0.9842203531890164,146.996864917359
ST-MTM,56,89,0.4130503327500789,0.0426039366372344,0.17057815396922055,0.38723254741693736,True,True,0.9375,21.356163240480114,70.92220317048958,0.24574227989617725,30.94670840365453
ST-MTM,56,102,0.12470339878188916,,,,False,True,,43.44696948857225,58.41137734239895,0.41469009732477957,52.22257043116702
ST-MTM,56,93,0.10615280878474748,0.10968209189158144,0.17057815396920062,0.036979362977403576,True,True,0.22151898734177214,60.15668074454287,47.41834369037317,0.5375612372728682,67.69592463299428
ST-MTM,56,77,0.5486801539626094,0.017848172071366828,0.1705781539692069,0.3131151647133078,True,True,0.9095022624434389,90.92124196064434,25.07962348513121,3.24072631613074,408.10971707319413
ST-MTM,56,103,0.7057219310730668,,,,False,False,,39.330194085305415,124.01682581407344,0.19966560241564935,25.144200577969304
ST-MTM,56,87,0.6216752290970496,0.12400548359979897,0.17057815396924247,0.41000267184954364,True,True,0.16049382716049382,61.395437881085044,135.996465372731,1.7201959592732123,216.6269588255817
ST-MTM,57,89,0.0902814342170091,0.3227688985330698,1.099417117685499,0.06446364888386755,True,True,0.6875,21.488585176563934,32.322357282605026,0.05627063267533572,21.27586202751249
ST-MTM,57,93,0.006810822086748895,0.11296363087149637,1.0994171176853818,0.0759842678940928,True,True,0.13145539906103287,68.14587754395237,68.96317619436223,1.0537954846472815,398.43887069705204
ST-MTM,57,77,0.31713501146253564,0.23154514250007371,1.0994171176854057,0.08157002221323409,True,True,0.41706161137440756,94.772442510481,56.71624113497672,0.4501650614027142,170.2068962200999
ST-MTM,57,104,1.037759550843684,,,,False,True,,25.040608873871147,149.57175497511324,0.14323433771903638,54.15673970639543
ST-MTM,57,87,0.45016023842728653,0.17151499066976303,1.099417117685409,0.5815176625193067,True,True,0.12307692307692308,67.3956324515478,121.41486106282218,4.655115975869023,1760.0940404578514
ST-MTM,58,93,0.1655080810298069,0.17231890311655582,1.116469906068106,0.09633463522246301,True,True,0.3300970873786408,72.2176418814499,52.356672157873064,1.0623674237771752,131.52351071553176
ST-MTM,58,105,0.024485037788458838,,,,False,False,,66.85478257375075,63.91657803913569,0.015623050349660161,1.934169275228408
ST-MTM,58,106,0.21304019604914526,,,,False,False,,50.29968559040156,75.86450911629899,2.6871646601422583,332.6771153392862
ST-MTM,58,107,0.3335298331736356,,,,False,False,,59.81090254968963,99.8344825305259,0.45306846014025837,56.09090898162383
ST-MTM,58,108,0.5755088401831656,,,,False,True,,56.0740790713973,125.13513989337717,0.3437071076926088,42.55172405502498
ST-MTM,58,87,0.4026111124388057,0.047549125988480864,1.1164699060681154,0.6290667885077875,True,True,0.12637362637362637,89.7080316065859,138.0213650992426,1.7966507902114017,222.42946665126692
RA-MTM,0,0,0.014333271681151416,,,,False,True,,18.871304557495463,17.151311955757294,0.008059038646785033,1.934169275228408
RA-MTM,0,1,0.014333271681151416,,,,False,True,,63.73405261254317,62.014060010805,0.6124869371556625,146.996864917359
RA-MTM,0,2,0.014333271681151416,,,,False,False,,68.91121734587598,70.63120994761415,0.16118077293570068,38.683385504568164
RA-MTM,0,3,0.013658869638906553,,,,False,True,,19.809327436008726,21.448391792677512,0.15312173428891562,36.74921622933975
RA-MTM,0,4,0.014333271681151416,,,,False,True,,65.79549967973882,67.515492281477,5.423733009286328,1301.6959222287187
RA-MTM,1,5,0.0237138220000111,,,,False,False,,72.33860863275136,69.49294999275003,0.008059038646785033,1.934169275228408
RA-MTM,1,6,0.0237138220000111,,,,False,False,,77.50606011142501,80.35171875142635,0.10476750240820543,25.144200577969304
RA-MTM,1,4,0.0237138220000111,0.009380550318859685,0.0,0.009380550318859685,True,True,0.545201668984701,70.03177084423336,72.8774294842347,3.5298589272918446,847.1661425500428
RA-MTM,1,3,0.0237138220000111,0.037372691638917654,0.0,0.037372691638917654,True,True,0.171875,23.81654055712994,20.970881917128608,0.4513061642199619,108.31347941279085
RA-MTM,2,7,0.04200429282413888,,,,False,False,,66.5120434450632,71.55255858395986,0.32236154587140137,77.36677100913633
RA-MTM,2,8,0.02506624956720079,,,,False,True,,92.10924468756927,95.11719463563337,1.0718521400224095,257.2445136053783
RA-MTM,2,9,0.03697864098164582,,,,False,False,,70.64123390020356,75.07867081800106,0.16923981158248572,40.61755477979657
RA-MTM,2,3,0.02046647587226958,0.00324734612774152,0.0,0.03412534551117614,True,True,0.18143459915611815,31.087506358572707,28.631529253900357,1.8052246568798476,433.2539176511634
RA-MTM,2,4,0.05035701892988721,0.07407084092989831,0.0,0.06469029061103863,True,True,0.1351931330472103,75.83379447255392,69.79095220096745,0.7333725168574381,176.00940404578515
RA-MTM,3,8,0.008333333333333333,0.016732916233867457,0.0,0.016732916233867457,True,True,0.05637982195845697,66.43809083103088,67.43809083103088,19.011272167765892,4562.705320263814
RA-MTM,3,3,0.008333333333333333,0.012133142538936248,0.0,0.021992202972239885,True,True,0.2857142857142857,53.65582878123269,52.65582878123269,6.318286299079466,1516.3887117790719
RA-MTM,4,10,0.013580365219408226,,,,False,True,,51.77426091149909,53.40390473782808,0.008059038646785033,1.934169275228408
RA-MTM,4,8,0.021227117309300603,0.01289378397596727,0.0,0.003839132257900187,True,False,0.0877490462060195,62.88099557447487,65.42824965159095,1.668220999884502,400.3730399722805
RA-MTM,4,11,0.045793740981114085,,,,False,False,,92.28276174018806,86.78751282245437,0.33847962316497143,81.23510955959314
RA-MTM,4,12,0.06246040764778111,,,,False,False,,80.01187270784553,87.50712162557926,0.5399555893345973,129.58934144030334
RA-MTM,4,3,0.06246040764778111,0.05412707431444777,1.1449174941446927e-16,0.07611927728668766,True,True,0.8917274939172749,54.73666500173742,47.24141608400369,6.213518796671261,1491.2445112011026
RA-MTM,5,8,0.01608374595165986,0.005143371357640743,1.1102230246251565e-16,0.00898250361554093,True,False,0.3744186046511628,69.01832332359085,70.94837283779003,3.094670840365453,742.7210016877087
RA-MTM,5,13,0.01608374595165986,,,,False,False,,69.59669560325105,67.66664608905187,0.03223615458714013,7.736677100913632
RA-MTM,5,14,0.01608374595165986,,,,False,False,,29.305806919760503,27.37575740556132,0.1450626956421306,34.815046954111345
RA-MTM,5,3,0.01608374595165986,0.046376661696121244,0.0,0.029742615590566412,True,True,0.027237354085603113,40.87189243705742,38.941842922858235,0.16923981158248572,40.61755477979657
RA-MTM,6,15,0.0804883943487703,,,,False,True,,20.851575078801236,11.1929677569488,0.0725313478210653,17.407523477055673
RA-MTM,6,16,0.0804883943487703,,,,False,True,,39.47373440415746,29.815127082305025,0.5802507825685224,139.26018781644538
RA-MTM,6,8,0.029277698364500063,0.013193952412840205,1.6653345369377348e-16,0.004211448797299274,True,True,0.24242424242424243,80.94448772086994,84.45781152460995,4.5050026035528346,1081.2006248526802
RA-MTM,6,17,0.0804883943487703,,,,False,True,,22.839862889666954,32.49847021151939,0.15312173428891562,36.74921622933975
RA-MTM,6,18,0.07247184228131467,,,,False,False,,40.78375951825204,49.4803805920098,0.48354231880710197,116.05015651370448
RA-MTM,7,16,0.008333333333333333,0.07215506101543696,2.220446049250313e-16,0.07215506101543696,True,True,0.23003194888178913,33.90364563935654,32.90364563935654,2.522479096443716,605.3949831464918
RA-MTM,7,8,0.008333333333333333,0.020944365031166732,0.0,0.016732916233867457,True,False,0.0017825311942959,95.18788387858721,96.18788387858721,0.024177115940355102,5.8025078256852245
RA-MTM,7,19,0.008333333333333333,,,,False,False,,92.90295635400363,93.90295635400363,0.008059038646785033,1.934169275228408
RA-MTM,7,18,0.008333333333333333,0.06413850894798134,0.0,0.06413850894798134,True,False,0.6129032258064516,39.984034884647784,40.984034884647784,0.32236154587140137,77.36677100913633
RA-MTM,7,20,0.008333333333333333,,,,False,True,,53.55650438067429,54.55650438067429,0.08059038646785034,19.341692752284082
RA-MTM,8,16,0.016317191418792967,0.007983858085459634,0.0,0.06417120292997733,True,True,0.1757188498402556,21.164540909441172,19.206477939186016,0.44324712557317686,106.37931013756244
RA-MTM,8,21,0.016317191418792967,,,,False,True,,99.6480624065744,101.60612537682955,0.20147596616962585,48.3542318807102
RA-MTM,8,8,0.016317191418792967,0.007983858085459634,0.0,0.008749058148407821,True,True,0.046875,97.87267371997288,99.83073669022804,0.5157784733942421,123.78683361461812
RA-MTM,8,22,0.01113412176099544,,,,False,True,,19.899521943558078,21.23561655487753,0.16118077293570068,38.683385504568164
RA-MTM,8,18,0.008550781780977937,0.00021744844764460443,0.0,0.06392106050033673,True,False,0.1320754716981132,48.82670440478627,49.85279821850362,0.16118077293570068,38.683385504568164
RA-MTM,8,20,0.006833593691457611,0.0014997396418757229,0.0,0.0014997396418757229,True,True,0.1,54.516173940999394,55.33620518397431,0.008059038646785033,1.934169275228408
RA-MTM,9,23,0.012191863886255483,,,,False,True,,62.54030177733117,64.00332544368183,0.27400731399069117,65.76175535776588
RA-MTM,9,16,0.012191863886255483,0.004125327532537485,0.0,0.06829653046251481,True,True,0.40441176470588236,22.67167666088376,21.208652994533104,1.0960292559627647,263.0470214310635
RA-MTM,9,21,0.012191863886255542,0.004125327532537426,2.220446049250313e-16,0.004125327532537426,True,True,0.16233766233766234,95.42231150773279,96.88533517408345,1.241091951604895,297.86206838517484
RA-MTM,9,8,0.012191863886255542,0.004125327532537426,4.440892098500626e-16,0.012874385680945248,True,True,0.09375,101.12869544250452,102.59171910885519,0.048354231880710204,11.605015651370449
RA-MTM,9,24,0.012191863886255483,,,,False,True,,34.71775967164982,33.254736005299165,1.716575231765212,411.9780556236509
RA-MTM,9,18,0.012191863886255483,0.020742645667233422,0.0,0.08466370616757016,True,True,0.07352941176470588,62.64398756416109,61.18096389781043,1.0154388694949141,243.7053286787794
RA-MTM,10,16,0.011774743248682048,0.0004171206375734352,0.0,0.06871365110008826,True,True,0.6323529411764706,21.198742361606204,19.785773171764358,0.6930773236235129,166.3385576696431
RA-MTM,10,23,0.011774743248682048,0.0004171206375734352,1.1102230246251565e-16,0.0004171206375734352,True,True,0.5151515151515151,60.62316205215915,62.036131242001,0.5318965506878122,127.65517216507493
RA-MTM,10,21,0.011774743248682048,0.0004171206375734945,2.185751579730777e-16,0.00454244817011092,True,True,0.7182320441988951,93.16492256701315,94.577891756855,1.2652690675452503,303.66457621086005
RA-MTM,10,24,0.0043215825735950135,0.007870281312660469,0.0,0.007870281312660469,True,True,0.07258064516129033,23.035908309849695,22.517318401018294,0.4271290482796068,102.51097158710563
RA-MTM,10,18,0.011774743248682048,0.0004171206375734352,0.0,0.08424658552999673,True,True,0.22183098591549297,59.67174280632743,58.258773616485584,4.577533951373899,1098.6081483297357
RA-MTM,11,16,0.05821623950273809,0.04644149625405604,2.220446049250313e-16,0.022272154846032215,True,True,0.3953488372093023,20.564839075716236,13.578890335387666,0.27400731399069117,65.76175535776588
RA-MTM,11,23,0.06342047648832819,0.05164573323964614,0.0,0.051228612602072704,True,True,0.616822429906542,61.370956514750155,68.98141369334954,0.8623171352059986,206.95611244943967
RA-MTM,11,21,0.06187820340755827,0.05010346015887623,0.0,0.045561011988765304,True,True,0.7770700636942676,94.36381165660617,101.78919606551317,0.9832027149077741,235.96865157786578
RA-MTM,11,25,0.000777992453042368,,,,False,True,,101.12869544250452,101.03533634813944,0.03223615458714013,7.736677100913632
RA-MTM,11,26,0.018028297704120413,,,,False,False,,43.77170079051562,41.60830506602117,0.6930773236235129,166.3385576696431
RA-MTM,11,27,5.0656690192596446e-05,,,,False,True,,18.871304557495463,18.865225754672352,0.008059038646785033,1.934169275228408
RA-MTM,11,18,0.05160995842181274,0.0398352151731307,1.1102230246251565e-16,0.12408180070312742,True,True,0.43042071197411,73.82236536706955,67.62917035645202,2.546656212384071,611.197490972177
RA-MTM,12,23,0.04462621013848066,0.018794266349847533,1.1102230246251565e-16,0.032434346252225174,True,True,0.6484848484848484,61.1383093486107,66.49345456522838,1.3297413767195305,319.13793041268735
RA-MTM,12,21,0.04328541918761649,0.018592784219941785,0.0,0.02696822776882352,True,True,0.040983606557377046,89.61266071860325,94.80691102111723,0.04029519323392517,9.670846376142041
RA-MTM,12,25,0.04128429375629281,0.04206228620933518,0.0,0.04206228620933518,True,True,0.12121212121212122,99.38384169645892,104.33795694721405,0.2659482753439061,63.827586082537465
RA-MTM,12,28,0.04462621013848066,,,,False,False,,27.90348865467293,22.54834343805525,0.13700365699534559,32.88087767888294
RA-MTM,12,18,0.04462621013848066,0.006983748283332088,0.0,0.11709805241979533,True,True,0.47806354009077157,67.68440830128496,62.32926308466728,5.327024545524908,1278.4858909259779
RA-MTM,13,21,0.06261493649806482,0.019329517310448335,0.0,0.046297745079271854,True,True,0.11363636363636363,93.65075081659461,101.16454319636239,0.35459770045854144,85.10344811004995
RA-MTM,13,23,0.08412584896471784,0.03949963882623718,0.0,0.07193398507846235,True,True,0.6363636363636364,63.15972834828127,73.25483022404741,0.8461990579124286,203.08777389898285
RA-MTM,13,29,0.14159302501162424,,,,False,True,,43.785802758243456,60.776965759638365,1.2572100288984653,301.73040693563166
RA-MTM,13,28,0.06996297932246737,0.025336769183986706,0.0,0.025336769183986706,True,True,0.11333333333333333,30.871743916608434,22.47618639791235,1.2088557970177551,290.12539128426124
RA-MTM,13,18,0.15825969167829096,0.11363348153981032,2.220446049250313e-16,0.23073153395960563,True,True,0.4538799414348463,78.2849260461255,59.29376304473059,2.6756008307326313,642.1441993758315
RA-MTM,14,29,0.25591968179985997,0.11432665678823574,1.1102230246251565e-16,0.11432665678823574,True,True,0.43492063492063493,37.43942843463518,68.14979025061838,2.38547543944837,572.5141054676088
RA-MTM,14,23,0.11673712487559343,0.032611275910875585,1.249000902703301e-16,0.10454526098933795,True,True,0.35333333333333333,69.41483402476376,83.42328900983497,0.7897857873849332,189.54858897238398
RA-MTM,14,21,0.08471823999514948,0.022103303497084663,0.0,0.06840104857635651,True,True,0.4489795918367347,94.79151889983282,104.95770769925076,0.7897857873849332,189.54858897238398
RA-MTM,14,18,0.13426678860637195,0.023992903071919022,2.220446049250313e-16,0.20673863088768663,True,True,0.2698019801980198,75.2926033330417,59.18058870027706,1.458685995068091,350.08463881634185
RA-MTM,14,28,0.06439270350147776,0.005570275820989605,0.0,0.019766493362997104,True,True,0.04878048780487805,21.61321758699577,13.886093166818439,0.17729885022927072,42.55172405502498
RA-MTM,14,30,0.27258634846652646,,,,False,True,,99.75773892775437,67.0473771117712,0.024177115940355102,5.8025078256852245
RA-MTM,15,29,0.005903714775540022,0.25001596702431994,0.0,0.13568931023608422,True,True,0.7682291666666666,35.9384603338106,36.646906106875406,3.086611801718668,740.7868324124803
RA-MTM,15,21,0.008333333333333333,0.07638490666181615,4.440892098500626e-16,0.007983858085459634,True,True,0.02040816326530612,90.84652158187839,91.84652158187839,0.016118077293570066,3.868338550456816
RA-MTM,15,31,0.008333333333333333,,,,False,False,,73.70956514750151,74.70956514750151,0.008059038646785033,1.934169275228408
RA-MTM,15,23,0.008333333333333333,0.10840379154226008,4.440892098500626e-16,0.0038585305529221497,True,False,0.02040816326530612,72.33860863275136,73.33860863275136,0.016118077293570066,3.868338550456816
RA-MTM,15,18,0.008333333333333333,0.12593345527303862,0.0,0.080805175614648,True,True,0.0964818763326226,66.84162840676491,65.84162840676491,15.118756501368724,3628.5015603284937
RA-MTM,16,29,0.03684395923375116,0.04274767400929118,0.0,0.1784369842453754,True,True,0.6642468239564429,35.15077133657915,30.72949622852901,4.303526637383207,1032.8463929719699
RA-MTM,16,31,0.03832185176754959,0.02998851843421626,0.0,0.02998851843421626,True,True,0.018867924528301886,77.02055446614338,81.61917667824933,0.4271290482796068,102.51097158710563
RA-MTM,16,21,0.03832185176754959,0.02998851843421626,0.0,0.022004660348756627,True,True,0.18181818181818182,89.53788127234417,94.13650348445012,0.08864942511463536,21.27586202751249
RA-MTM,16,32,0.03832185176754959,,,,False,True,,97.24431865071242,101.84294086281837,0.24177115940355098,58.02507825685224
RA-MTM,16,33,0.02930095294090531,,,,False,False,,44.46249283283162,40.946378479922984,0.19341692752284081,46.420062605481796
RA-MTM,16,18,0.03832185176754959,0.02998851843421626,0.0,0.11079369404886427,True,True,0.22707889125799574,82.75272901240275,78.1541068002968,3.433150463530424,823.9561112473018
RA-MTM,17,29,0.008333333333333333,0.028510625900417825,1.1102230246251565e-16,0.14992635834495757,True,True,0.7052238805970149,33.767829424346424,32.767829424346424,3.062434685778313,734.9843245867951
RA-MTM,17,31,0.008333333333333333,0.02998851843421626,0.0,0.0,True,True,0.125,89.9807791460932,90.9807791460932,2.329062168920875,558.97492054101
RA-MTM,17,34,0.008333333333333333,,,,False,False,,73.86112817928294,72.86112817928294,1.6037486907102219,384.89968577045323
RA-MTM,17,18,0.008333333333333333,0.02998851843421626,0.0,0.080805175614648,True,True,0.27699530516431925,84.95605587867226,83.95605587867226,0.950966560320634,228.23197447695216
RA-MTM,18,29,0.08097634728691018,0.07264301395357683,2.220446049250313e-16,0.2225693722985344,True,True,0.5926892950391645,31.686767630159846,21.969605955730625,1.8535788887605575,444.85893330253384
RA-MTM,18,35,0.15757255469360273,,,,False,True,,61.09676521180012,80.00547177503245,0.08059038646785034,19.341692752284082
RA-MTM,18,31,0.08927233608739489,0.09760566942072822,0.0,0.09760566942072822,True,True,0.3460207612456747,89.99652854273324,79.28384821224586,0.8059038646785034,193.4169275228408
RA-MTM,18,36,0.0042583216590854475,,,,False,True,,23.669652359121,23.158653760030745,0.9026123284399238,216.6269588255817
RA-MTM,18,37,0.14090588802693607,,,,False,True,,94.87053283350612,77.96182627027379,0.8703761738527837,208.89028172466809
RA-MTM,18,18,0.1055421257902502,0.09720879245691687,1.6653345369377348e-16,0.17801396807156486,True,True,0.6507936507936508,89.29277086516156,76.62771577033153,0.7253134782106531,174.07523477055673
RA-MTM,19,29,0.029004125798393097,0.05197222148851708,0.0,0.17059715081001733,True,True,0.47391304347826085,29.386163698147996,25.905668602340825,0.8784352124995686,210.82445099989647
RA-MTM,19,31,0.029004125798393097,0.11827646188578798,2.220446049250313e-16,0.020670792465059762,True,True,0.52,90.92561522696012,94.40611032276729,0.4190700096328217,100.57680231187722
RA-MTM,19,38,0.029004125798393097,,,,False,False,,75.7659999196268,79.24649501543396,0.5641327052749523,135.39184926598855
RA-MTM,19,39,0.01628609390096436,,,,False,False,,88.2227944588221,90.17712572693782,0.23371212075676598,56.09090898162383
RA-MTM,19,36,0.0004595048319334438,0.004717826491018891,0.0,0.004717826491018891,True,True,0.28285714285714286,35.63195987135485,35.687100451186865,2.7158960239665566,651.8150457519736
RA-MTM,19,18,0.029004125798393097,0.0765379999918571,2.220446049250313e-16,0.10147596807970777,True,True,0.4225352112676056,79.6568131269811,76.17631803117393,1.716575231765212,411.9780556236509
RA-MTM,20,29,0.08245384831440829,0.05344972251601519,0.0,0.22404687332603251,True,True,0.49504950495049505,36.34567256933679,26.451210771607798,1.5553944588295114,373.29467011908275
RA-MTM,20,31,0.08245384831440829,0.05344972251601519,4.440892098500626e-16,0.07412051498107494,True,True,0.11231101511879049,83.3269879550794,93.2214497528084,3.7313348934614705,895.5203744307529
RA-MTM,20,40,0.06578718164774174,,,,False,True,,99.58636936341061,91.6919075656816,0.38683385504568163,92.84012521096359
RA-MTM,20,36,0.0077722341586487316,0.007312729326715287,2.220446049250313e-16,0.012030555817734179,True,False,0.21068249258160238,35.11038102094443,36.04304911998228,0.5721917439217373,137.32601854121697
RA-MTM,20,41,0.011351673072542567,,,,False,False,,60.38558151977348,59.02338075106837,0.25788923669712105,61.89341680730906
RA-MTM,20,18,0.041510632188891707,0.01250650639049861,0.0,0.11398247447020639,True,True,0.11267605633802817,90.04679694827416,85.06552108560716,0.19341692752284081,46.420062605481796
RA-MTM,21,31,0.05258635453818445,0.029867493776223834,0.0,0.04425302120485111,True,True,0.853448275862069,84.80153574039191,91.11189828497405,3.1994383427736586,767.865202265678
RA-MTM,21,29,0.05258635453818445,0.029867493776223834,0.0,0.19417937954980868,True,True,0.43010752688172044,43.442039763600114,37.13167721901798,1.6601619612377168,398.43887069705204
RA-MTM,21,36,0.03591968787151778,0.028147453712869048,1.1102230246251565e-16,0.04017800953060323,True,True,0.3163265306122449,34.113115221482474,38.42347776606461,1.5070402269488015,361.68965446771233
RA-MTM,21,41,0.017244125996858747,0.005892452924316179,0.0,0.005892452924316179,True,True,0.05568445475638051,81.45239047548755,79.3830953558645,3.408973347590069,818.1536034216166
RA-MTM,22,31,0.013660537882102138,0.03892581665608231,0.0,0.005327204548768805,True,True,0.528395061728395,92.0260382229472,93.66530276879945,1.7891065795862775,429.3855791007066
RA-MTM,22,36,0.013660537882102138,0.049580225753619915,2.220446049250313e-16,0.00940221622301669,True,False,0.2331288343558282,50.594447372363234,48.95518282651098,3.3525600770625736,804.6144184950177
RA-MTM,22,41,0.013660537882102138,0.0035835881147566083,0.0,0.0023088648095595707,True,True,0.36,92.04500292219223,90.40573837633997,1.2491509902516804,299.7962376604033
RA-MTM,23,42,0.008333333333333333,,,,False,True,,22.49454677504944,21.49454677504944,0.33847962316497143,81.23510955959314
RA-MTM,23,31,0.008333333333333333,0.005327204548768805,2.220446049250313e-16,0.0,True,True,0.5585585585585585,94.71615690576994,95.71615690576994,0.9993207922013442,239.8369901283226
RA-MTM,23,36,0.008333333333333333,0.005327204548768805,0.0,0.004075011674247886,True,False,0.33088235294117646,65.76424898247218,64.76424898247218,2.48218390320979,595.7241367703497
RA-MTM,23,43,0.008333333333333333,,,,False,True,,24.151339783222404,25.151339783222404,0.5963688598620925,143.1285263669022
RA-MTM,23,41,0.003994068246188931,0.009666469635913206,0.0,0.007357604826353637,True,True,0.012903225806451613,75.76599991962675,75.28671173008408,0.016118077293570066,3.868338550456816
RA-MTM,24,31,0.06356514151918684,0.0552318081858535,0.0,0.0552318081858535,True,True,0.1935483870967742,97.24431865071244,104.87213563301486,0.19341692752284081,46.420062605481796
RA-MTM,24,44,0.05326922465229463,,,,False,False,,70.41926951210112,76.81157647037648,0.8461990579124286,203.08777389898285
RA-MTM,24,45,0.011873983967264638,,,,False,False,,36.69373924924743,35.26886117317567,0.008059038646785033,1.934169275228408
RA-MTM,24,46,0.013188600165692795,,,,False,False,,35.32278273449728,33.740150714614145,0.008059038646785033,1.934169275228408
RA-MTM,24,43,0.013740982712093223,0.022074316045426555,0.0,0.022074316045426555,True,False,0.013513513513513514,28.46800016074652,26.819082235295333,0.008059038646785033,1.934169275228408
RA-MTM,24,47,0.01925031952805245,,,,False,False,,27.097043645996372,24.787005302630078,0.008059038646785033,1.934169275228408
RA-MTM,24,36,0.05719439171941225,0.04886105838607892,1.942890293094024e-16,0.05293607006032681,True,True,0.2462406015037594,82.24811403232567,75.3847870259962,2.860958719608687,686.6300927060848
RA-MTM,25,48,0.1023927102933181,,,,False,True,,42.4268301291117,30.139704893913528,0.08864942511463536,21.27586202751249
RA-MTM,25,49,0.08572604362665145,,,,False,True,,20.421081487213026,30.7082067224112,0.18535788887605575,44.48589333025338
RA-MTM,25,50,0.047609780121040994,,,,False,False,,55.95356447188283,61.66673808640775,1.8294017728202026,439.05642547684863
RA-MTM,25,43,0.06990047285004944,0.08364145556214267,4.440892098500626e-16,0.06156713951671611,True,False,0.022222222222222223,29.899888076152248,38.28794481815818,0.36265673910532653,87.03761738527837
RA-MTM,25,36,0.04042199204113655,0.0976163837605488,0.0,0.044680313700222,True,True,0.5267605633802817,86.65667319589059,91.50731224082698,1.5070402269488015,361.68965446771233
RA-MTM,26,49,0.008333333333333333,0.0940593769599848,0.0,0.0940593769599848,True,True,0.208955223880597,21.022288054775874,20.022288054775874,0.46742424151353196,112.18181796324767
RA-MTM,26,50,0.007272823218011955,0.04033695690302904,0.0,0.04033695690302904,True,False,0.24193548387096775,72.33355906916111,73.20629785532255,4.376057985204273,1050.2539164490256
RA-MTM,26,43,0.008333333333333333,0.06156713951671611,0.0,0.0,True,True,0.39473684210526316,30.115553165314676,31.115553165314676,0.9187304057334938,220.49529737603854
RA-MTM,26,36,0.008333333333333333,0.03208865870780322,0.0,0.012591654992418782,True,True,0.24598930481283424,95.2872285535691,96.2872285535691,0.3707157777521115,88.97178666050677
RA-MTM,27,49,0.008333333333333333,0.0,1.1449174941446927e-16,0.0940593769599848,True,True,0.4375,23.681678293460905,22.681678293460905,0.4593652028667469,110.24764868801927
RA-MTM,27,51,0.0074522544973701105,,,,False,False,,59.624256362624024,60.51852690230844,1.0879702173159795,261.11285215583507
RA-MTM,27,50,0.008333333333333333,0.001060510115321378,2.220446049250313e-16,0.03927644678770766,True,True,0.2381786339754816,86.53302425498161,87.53302425498161,1.3216823380727454,317.2037611374589
RA-MTM,28,52,0.008333333333333333,,,,False,True,,18.871304557495463,17.871304557495463,0.016118077293570066,3.868338550456816
RA-MTM,28,53,0.008333333333333333,,,,False,True,,20.242261072245615,19.242261072245615,0.16923981158248572,40.61755477979657
RA-MTM,28,50,0.008333333333333333,0.0,0.0,0.03927644678770766,True,True,0.16579770594369134,78.55964715723086,79.55964715723086,7.6883228690329215,1845.1974885679012
RA-MTM,28,54,0.008333333333333333,,,,False,True,,23.943843662071025,24.943843662071025,0.32236154587140137,77.36677100913633
RA-MTM,28,55,0.008333333333333333,,,,False,True,,64.98440618577021,65.98440618577021,1.1282654105499046,270.7836985319771
RA-MTM,29,52,0.02172280980237389,0.013389476469040556,0.0,0.013389476469040556,True,True,0.11764705882352941,20.564839075716243,17.958101899431377,0.13700365699534559,32.88087767888294
RA-MTM,29,56,0.02172280980237389,,,,False,False,,72.09476261234124,69.48802543605638,2.0389367776366134,489.34482663278726
RA-MTM,29,50,0.02172280980237389,0.013389476469040556,0.0,0.025886970318667105,True,True,0.20104166666666667,89.63746194198566,92.24419911827053,1.6037486907102219,384.89968577045323
RA-MTM,29,55,0.02172280980237389,0.013389476469040556,0.0,0.013389476469040556,True,True,0.4307692307692308,70.54581934423196,73.15255652051682,2.6191875602051358,628.6050144492326
RA-MTM,30,52,0.08189486067975323,0.06017205087737934,0.0,0.0735615273464199,True,True,0.40476190476190477,20.993022973180228,11.16563969160984,0.33847962316497143,81.23510955959314
RA-MTM,30,56,0.13346292095762066,0.15518573075999456,0.0,0.15518573075999456,True,True,0.29,69.65265301201632,85.6682035269308,3.159143149539733,758.1943558895359
RA-MTM,30,57,0.008791318239997074,,,,False,True,,20.558635652572573,21.61359384137222,0.10476750240820543,25.144200577969304
RA-MTM,30,58,0.005011362482222855,,,,False,False,,52.3015518787107,51.700188380843954,0.10476750240820543,25.144200577969304
RA-MTM,30,50,0.116796254290954,0.1385190640933279,0.0,0.164406034411995,True,True,0.004081632653061225,98.29927455036062,84.28372403544614,0.3787748163988966,90.90595593573518
RA-MTM,30,55,0.004236454382987868,0.025959264185361756,0.0,0.012569787716321201,True,True,0.29607250755287007,64.5478845922,64.03951006624146,0.8381400192656434,201.15360462375443
RA-MTM,31,52,0.07844309723370343,0.00345176344604979,1.1102230246251565e-16,0.0701097639003701,True,True,0.9761904761904762,21.044772202831073,11.63160053478666,0.33042058451818634,79.30094028436473
RA-MTM,31,56,0.1031470237596333,0.03031589719798736,1.942890293094024e-16,0.12486983356200719,True,True,0.47058823529411764,74.55825251377536,86.93589536493135,3.8925156663971716,934.2037599353212
RA-MTM,31,57,0.00473660939801818,0.0040547088419788935,0.0,0.0040547088419788935,True,True,0.1,25.631174757148123,26.199567884910305,1.0476750240820545,251.44200577969306
RA-MTM,31,55,0.022579059052528314,0.018342604669540446,2.220446049250313e-16,0.030912392385861645,True,True,0.26013513513513514,73.79620552203963,71.08671843573623,2.1678813959851744,520.2915350364418
RA-MTM,31,50,0.08648035709296664,0.03031589719798736,0.0,0.13409013721400764,True,True,0.28,95.80615838523923,85.42851553408323,0.13700365699534559,32.88087767888294
RA-MTM,32,52,0.05280614959935524,0.0256369476343482,0.0,0.04447281626602191,True,True,0.6862745098039216,22.5271885968292,16.19045064490657,0.36265673910532653,87.03761738527837
RA-MTM,32,56,0.05280614959935524,0.05034087416027807,0.0,0.07452895940172913,True,True,0.5765407554671969,66.38600389451355,72.72274184643618,2.498301980503361,599.5924753208066
RA-MTM,32,57,0.004319836999110027,0.00041677239890815324,2.185751579730777e-16,0.004471481240887047,True,True,0.6477987421383647,23.64888029071569,24.167260730608895,1.0637931013756243,255.31034433014986
RA-MTM,32,55,0.03613948293268857,0.013560423880160263,2.220446049250313e-16,0.04447281626602191,True,True,0.19078014184397163,73.09409318024125,68.75735522831862,11.363244491966897,2727.1786780720554
RA-MTM,32,59,0.03566542089213094,,,,False,True,,25.11152041773753,29.391370924793243,0.23371212075676598,56.09090898162383
RA-MTM,33,52,0.008333333333333333,0.04447281626602191,0.0,0.0,True,True,0.13333333333333333,19.328290062412183,18.328290062412183,0.048354231880710204,11.605015651370449
RA-MTM,33,56,0.002727553204836634,0.05553370280419188,1.1102230246251565e-16,0.018995256597537254,True,False,0.2472885032537961,69.8398463813388,69.5125399967584,2.135645241398034,512.5548579355282
RA-MTM,33,57,0.008333333333333333,0.004013496334223306,2.220446049250313e-16,0.00045798490666374054,True,True,0.35967302452316074,27.160548443682334,28.160548443682334,2.9576671833701074,709.8401240088258
RA-MTM,33,55,0.008333333333333333,0.04447281626602191,0.0,0.0,True,True,0.46808510638297873,84.32409210261255,85.32409210261255,5.318965506878122,1276.5517216507494
RA-MTM,34,60,0.0787443739816655,,,,False,True,,46.97591310987356,37.5265882320737,0.03223615458714013,7.736677100913632
RA-MTM,34,56,0.06736768131721374,0.07009523452205038,0.0,0.08909049111958763,True,False,0.04905660377358491,75.08052166225167,83.16464342031732,0.10476750240820543,25.144200577969304
RA-MTM,34,61,0.049957046780820254,,,,False,False,,86.04817378025288,92.04301939395131,0.22565308210998095,54.15673970639543
RA-MTM,34,57,0.06207770731499872,0.053744373981665386,0.0,0.05328638907500164,True,True,0.6108202443280978,31.70552876482376,39.15485364262361,4.480825487612479,1075.398117026995
RA-MTM,34,55,0.045358837046257726,0.05369217037959106,2.220446049250313e-16,0.05369217037959106,True,True,0.3188622754491018,87.63625010503132,82.1931896594804,1.7810475409394926,427.4514098254782
RA-MTM,35,62,0.0767280519161286,,,,False,True,,37.28129204128321,28.073925811347777,0.22565308210998095,54.15673970639543
RA-MTM,35,56,0.0767280519161286,0.00936037059891485,0.0,0.09845086171850248,True,True,0.025590551181102362,85.2763360573818,94.48370228731723,4.093991632566797,982.5579918160313
RA-MTM,35,63,0.06006138524946216,,,,False,True,,100.11317209824519,92.90580586830973,0.2175940434631959,52.22257043116702
RA-MTM,35,57,0.02348832604245826,0.038589381272540454,1.1102230246251565e-16,0.014697007802461186,True,True,0.6170921198668147,37.503227446635954,40.321826571730945,7.2611938207533155,1742.6865169807957
RA-MTM,35,55,0.04063587599898367,0.004722961047274055,0.0,0.048969209332317,True,True,0.48868778280542985,92.99181464662625,88.11550952674821,0.8703761738527837,208.89028172466809
RA-MTM,36,62,0.08552222948563488,0.008794177569506297,0.0,0.008794177569506297,True,True,0.24778761061946902,39.35072576898444,29.088058230708253,0.9106713670867088,218.56112810081012
RA-MTM,36,56,0.08591222824450426,0.009184176328375671,0.0,0.10763503804687816,True,True,0.7556221889055472,82.2971705860497,92.60663797539021,5.343142622818477,1282.3542294764345
RA-MTM,36,57,0.018760768755915376,0.004727557286542883,0.0,0.009969450515918302,True,True,0.7227191413237924,44.06212894657286,46.31342119728271,8.26051461295466,1982.5235071091183
RA-MTM,36,55,0.06924556157783748,0.028609685578853808,0.0,0.07757889491117081,True,True,0.037037037037037035,99.07226067037931,90.76279328103881,0.03223615458714013,7.736677100913632
RA-MTM,37,62,0.10504425736444643,0.019522027878811552,1.6653345369377348e-16,0.02831620544831785,True,True,0.5028248587570622,44.0055073279149,31.400196444181326,1.2330329129581101,295.92789910994645
RA-MTM,37,56,0.06300157394682332,0.02291065429768094,0.0,0.0847243837491972,True,True,0.030165912518853696,97.42711285267912,104.98730172629791,0.16118077293570068,38.683385504568164
RA-MTM,37,64,0.0552593878471022,,,,False,False,,92.90295635400363,99.5340828956559,0.008059038646785033,1.934169275228408
RA-MTM,37,65,0.052462768989155015,,,,False,False,,89.00100319663781,95.29653547533641,0.10476750240820543,25.144200577969304
RA-MTM,37,57,0.00028713004164699165,0.019047898797562367,4.440892098500626e-16,0.009078448281644065,True,False,0.08878048780487804,37.92910665814318,37.894651053145544,0.7333725168574381,176.00940404578515
RA-MTM,37,66,0.08837759069777971,,,,False,True,,21.613217586995766,32.21852847072933,0.04029519323392517,9.670846376142041
RA-MTM,37,67,0.052108755876707845,,,,False,True,,75.24181066398697,68.98875995878203,0.13700365699534559,32.88087767888294
RA-MTM,38,62,0.0670947451214896,0.03794951224295685,0.0,0.009633306794639,True,True,0.24836601307189543,41.81678727805064,33.76541786347189,0.30624346857783125,73.4984324586795
RA-MTM,38,56,0.053141664761848756,0.009859909184974569,0.0,0.07486447456422264,True,True,0.042735042735042736,90.06437331384764,96.44137308526949,3.771630086695396,905.191220806895
RA-MTM,38,68,0.03247163837491183,,,,False,False,,49.15156149197706,53.04815809696648,0.18535788887605575,44.48589333025338
RA-MTM,38,57,0.050428078454822986,0.050715208496469974,0.0,0.04163676021482591,True,False,0.09900990099009901,28.330904509271512,34.38227392385027,0.16118077293570068,38.683385504568164
RA-MTM,38,69,0.030270714407632522,,,,False,False,,44.76129104758486,48.393776776500765,0.20953500481641085,50.28840115593861
RA-MTM,39,70,0.03858508736222082,,,,False,True,,19.899521943558078,15.26931146009158,0.03223615458714013,7.736677100913632
RA-MTM,39,62,0.03858508736222082,0.02850965775926877,0.0,0.03814296455390777,True,True,0.44680851063829785,43.41142617152317,38.78121568805667,0.24177115940355098,58.02507825685224
RA-MTM,39,57,0.03858508736222082,0.011842991092602163,0.0,0.02979376912222375,True,False,0.03389830508474576,36.79405314057061,41.42426362403711,0.33042058451818634,79.30094028436473
RA-MTM,39,69,0.03858508736222082,0.008314372954588301,0.0,0.008314372954588301,True,False,0.06140350877192982,56.478806425273305,61.109016908739804,0.7656086714445782,183.74608114669877
RA-MTM,40,70,0.008333333333333333,0.03025175402888749,0.0,0.03025175402888749,True,True,0.4444444444444444,19.937604068967804,18.937604068967804,0.0725313478210653,17.407523477055673
RA-MTM,40,69,0.008333333333333333,0.03025175402888749,0.0,0.02193738107429919,True,True,0.02653631284916201,61.19326829607859,62.19326829607859,28.85135835549042,6924.326005317701
RA-MTM,41,71,0.010752430612100383,,,,False,True,,21.184793676136348,19.894502002684302,0.38683385504568163,92.84012521096359
RA-MTM,41,72,0.010752430612100383,,,,False,False,,92.61734041343067,93.90763208688271,0.19341692752284081,46.420062605481796
RA-MTM,41,73,0.010752430612100383,,,,False,False,,62.6572860841453,63.947577757597344,0.6527821303895877,156.66771129350104
RA-MTM,41,74,0.005384756966019389,,,,False,False,,62.7419130295003,62.095742193577976,0.008059038646785033,1.934169275228408
RA-MTM,41,69,0.005812654613421723,0.014145987946755057,0.0,0.036083369021054246,True,False,0.04748603351955307,52.06458111462264,51.367062561012034,1.3700365699534558,328.8087767888294
RA-MTM,42,75,0.09351341164355077,,,,False,False,,40.379297672017316,29.157688274791223,0.6205459758024475,148.93103419258742
RA-MTM,42,72,0.01724176053229615,0.006489329920195767,0.0,0.006489329920195767,True,False,0.037037037037037035,81.35137831305326,83.4203895769288,5.222257043116701,1253.3416903480083
RA-MTM,42,69,0.012715376780161887,0.01852803139358361,0.0,0.017555337627470635,True,False,0.35294117647058826,56.98389566754965,58.50974088116908,0.48354231880710197,116.05015651370448
RA-MTM,42,76,0.07684674497688408,,,,False,True,,20.657702440351724,29.879311837577813,0.2659482753439061,63.827586082537465
RA-MTM,43,77,0.08516510660110785,,,,False,True,,57.17974659822829,46.95993380609535,1.4103317631873808,338.47962316497143
RA-MTM,43,78,0.08516510660110785,,,,False,False,,75.47222352360885,85.69203631574179,0.056413270527495236,13.539184926598857
RA-MTM,43,72,0.04165831350036543,0.058900074032661585,0.0,0.05241074411246582,True,True,0.25757575757575757,89.30856920396268,84.30957158391882,3.4734456567643495,833.6269576234439
RA-MTM,43,76,0.06849843993444112,0.008348305042442957,4.440892098500626e-16,0.008348305042442957,True,True,0.05935251798561151,40.71291032666238,48.932723118795316,4.480825487612479,1075.398117026995
RA-MTM,44,79,0.08051036199975045,,,,False,True,,40.11605291940154,30.454809479431486,1.0879702173159795,261.11285215583507
RA-MTM,44,77,0.1714715180335028,0.08630641143239497,0.0,0.08630641143239497,True,True,0.05409153952843273,82.20012147731312,61.62353931329278,4.714537608369245,1131.4890260086188
RA-MTM,44,72,0.047845297913060726,0.08950361141342617,0.0,0.03709286730096035,True,True,0.2891832229580574,94.39039937000705,100.13183511957433,1.2330329129581101,295.92789910994645
RA-MTM,44,76,0.18430295334962193,0.1158045134151808,1.6653345369377348e-16,0.10745620837273785,True,True,0.710997442455243,42.76136136887694,64.87771577083157,6.302168221785896,1512.5203732286152
RA-MTM,45,79,0.04610365034721795,0.0344067116525325,0.0,0.0344067116525325,True,True,0.7403314917127072,41.530169176282726,35.99773113461657,1.4506269564213061,348.15046954111347
RA-MTM,45,80,0.04610365034721795,,,,False,True,,94.27391286875377,99.80635091041992,0.056413270527495236,13.539184926598857
RA-MTM,45,77,0.031087572197996495,0.2025590902314993,1.1102230246251565e-16,0.11625267879910434,True,True,0.21417797888386123,90.95869075126699,94.68919941502656,1.7729885022927074,425.51724055024977
RA-MTM,45,72,0.0444530618297725,0.09229835974283324,0.0,0.05520549244187289,True,True,0.026143790849673203,99.07226067037931,93.73789325080661,0.03223615458714013,7.736677100913632
RA-MTM,45,81,0.04504952090076379,,,,False,False,,95.64486938350393,90.23892687541228,0.008059038646785033,1.934169275228408
RA-MTM,45,76,0.02057898219380192,0.16372397115582,1.6653345369377348e-16,0.05626776278308216,True,True,0.7230769230769231,46.66100032628738,49.13047818954361,8.139629033252884,1953.5109679806922
RA-MTM,46,79,0.08455324815487145,0.038449597807653495,0.0,0.004042886155120998,True,True,0.7946428571428571,40.55958960165104,30.413199823066467,1.7891065795862775,429.3855791007066
RA-MTM,46,80,0.06930026763064667,0.02319661728342872,0.0,0.02319661728342872,True,True,0.2727272727272727,95.05731659146815,103.37334870714575,0.056413270527495236,13.539184926598857
RA-MTM,46,82,0.04342174907277396,,,,False,False,,95.69056793399564,100.90117782272851,0.24177115940355098,58.02507825685224
RA-MTM,46,77,0.011301142582512587,0.04238871478050908,2.220446049250313e-16,0.07386396401859525,True,True,0.058394160583941604,97.99508055164696,96.63894344174545,0.5641327052749523,135.39184926598855
RA-MTM,46,83,0.06788658148820476,,,,False,True,,23.32691323043346,31.47330300901803,0.4513061642199619,108.31347941279085
RA-MTM,46,76,0.0026332685185011567,0.023212250712303078,0.0,0.07948001349538523,True,True,0.10396039603960396,45.16755618327452,44.85156396105438,0.8461990579124286,203.08777389898285
RA-MTM,47,79,0.1024081481485743,0.017854899993702843,0.0,0.02189778614882384,True,True,0.036036036036036036,40.63523922915411,28.346261451325194,0.06447230917428026,15.473354201827265
RA-MTM,47,77,0.039976888134733456,0.05127803071724604,0.0,0.1251419947358413,True,True,0.09233791748526522,89.61660997605325,94.41383655222127,3.9166927823375266,940.0062677610064
RA-MTM,47,84,0.1024081481485743,,,,False,False,,44.23400008037326,31.94502230254434,0.048354231880710204,11.605015651370449
RA-MTM,47,85,0.06005915520468837,,,,False,False,,38.114852709659175,45.32195133422178,0.6608411690363727,158.60188056872946
RA-MTM,47,83,0.08574148148190774,0.017854899993702992,0.0,0.017854899993702992,True,True,0.45614035087719296,22.22253159355139,32.51150937138032,0.2175940434631959,52.22257043116702
RA-MTM,47,76,0.04612511133932078,0.04875837985782194,0.0,0.030721633637563292,True,True,0.36363636363636365,56.2641434973058,61.7991568580243,0.9670846376142039,232.10031302740896
RA-MTM,48,79,0.05083937079939114,0.05156877734918316,0.0,0.029670991200359313,True,True,0.02962962962962963,35.0028928810556,28.902168385128665,2.175940434631959,522.2257043116701
RA-MTM,48,77,0.050839370799391166,0.010862482664657709,1.249000902703301e-16,0.136004477400499,True,True,0.7623574144486692,90.87294591379532,96.97367040972226,3.5540360432322,852.968650375728
RA-MTM,48,83,0.050839370799391166,0.03490211068251658,0.0,0.017047210688813586,True,True,0.1956521739130435,26.123465831173803,32.22419032710074,1.1121473332563347,266.91535998152034
RA-MTM,48,76,0.019365286390594073,0.026759824948726713,0.0,0.05748145858629001,True,True,0.32967032967032966,60.83989918348701,63.1637335503583,2.9334900674297524,704.0376161831406
RA-MTM,49,79,0.029729485295808662,0.021109885503582473,0.0,0.05078087670394179,True,True,0.3037037037037037,35.70731931790283,32.13978108240579,0.6608411690363727,158.60188056872946
RA-MTM,49,77,0.029729485295808662,0.021109885503582504,0.0,0.1148945918969165,True,True,0.911062906724512,90.99919628465715,94.56673452015418,3.545977004585415,851.0344811004995
RA-MTM,49,83,0.028506686219205126,0.02233268458018604,0.0,0.039379895268999626,True,True,0.2773109243697479,31.878146711587274,35.29894905789189,2.5627742896776406,615.0658295226337
RA-MTM,49,76,0.02604096758489446,0.00667568119430039,0.0,0.05080577739198962,True,True,0.024725274725274724,52.23124641641581,55.35616252660314,0.0725313478210653,17.407523477055673
RA-MTM,49,86,0.009163035229801745,,,,False,True,,70.96765211800123,72.06721634557744,0.0725313478210653,17.407523477055673
RA-MTM,50,77,0.047554156482669065,0.017824671186860406,0.0,0.1327192630837769,True,True,0.759090909090909,92.89064237333218,98.59714115125247,2.691718908026201,646.0125379262882
RA-MTM,50,87,0.01897481765413674,,,,False,True,,19.899521943558078,17.62254382506167,0.03223615458714013,7.736677100913632
RA-MTM,50,88,0.047554156482669065,,,,False,True,,101.12869544250452,95.42219666458423,0.008059038646785033,1.934169275228408
RA-MTM,50,83,0.01988328470448805,0.048389970923693175,1.6653345369377348e-16,0.08776986619269281,True,True,0.21145374449339208,48.58888265829274,46.20288849375417,4.0859325939200115,980.6238225408028
RA-MTM,51,89,0.0425414835824748,,,,False,True,,36.463475235142056,31.35849720524508,3.118847956305808,748.523509513394
RA-MTM,51,77,0.04254148358247475,0.005012672900194322,0.0,0.1277065901835826,True,True,0.4897360703812317,84.91442088535685,90.01939891525382,5.496264357107393,1319.1034457057742
RA-MTM,51,87,0.03417640436498903,0.053151222019125775,0.0,0.053151222019125775,True,True,0.017467248908296942,29.994611126952996,34.09577965075168,1.8455198501137726,442.92476402730546
RA-MTM,51,83,0.008973510979924744,0.028856795684412795,2.220446049250313e-16,0.058913070508280006,True,True,0.23449612403100775,60.411286954425066,61.488108272016035,1.0476750240820545,251.44200577969306
RA-MTM,52,89,0.008333333333333333,0.03420815024914147,1.6653345369377348e-16,0.03420815024914147,True,True,0.5675,40.55526676579373,39.55526676579373,1.9341692752284079,464.2006260548179
RA-MTM,52,77,0.008333333333333333,0.03420815024914141,0.0,0.09349843993444118,True,True,0.7663280116110305,85.85854615017513,86.85854615017513,4.311585676029993,1034.7805622471983
RA-MTM,52,90,0.008333333333333333,,,,False,False,,66.85478257375075,67.85478257375075,0.008059038646785033,1.934169275228408
RA-MTM,52,91,0.008333333333333333,,,,False,False,,65.4838260590006,66.4838260590006,0.008059038646785033,1.934169275228408
RA-MTM,52,92,0.008333333333333333,,,,False,False,,64.11286954425046,65.11286954425046,0.008059038646785033,1.934169275228408
RA-MTM,52,87,0.008333333333333333,0.042509737698322364,0.0,0.010641484320803408,True,True,0.12027310924369748,55.78848495022395,54.78848495022395,15.344409583478704,3682.658300034889
RA-MTM,53,89,0.034570911615206396,0.02623757828187306,0.0,0.00797057196726841,True,True,0.004132231404958678,20.242261072245615,16.093751678420848,0.024177115940355102,5.8025078256852245
RA-MTM,53,93,0.034570911615206396,,,,False,True,,61.12169169388649,56.97318230006172,0.17729885022927072,42.55172405502498
RA-MTM,53,77,0.034570911615206396,0.02623757828187306,0.0,0.11973601821631424,True,True,0.794392523364486,89.01589141218264,93.16440080600741,3.4250914248836395,822.0219419720735
RA-MTM,53,94,0.0320952895205784,,,,False,False,,61.37095651475015,57.51952177228074,0.008059038646785033,1.934169275228408
RA-MTM,53,95,0.016420036911756537,,,,False,False,,60.0,58.029595570589215,0.016118077293570066,3.868338550456816
RA-MTM,53,96,0.034570911615206396,,,,False,True,,55.88713045574954,60.03563984957431,0.008059038646785033,1.934169275228408
RA-MTM,53,87,0.034570911615206396,0.04290424494853973,0.0,0.05354572926934313,True,True,0.008403361344537815,66.34067388071945,70.48918327454422,0.12894461834856052,30.94670840365453
RA-MTM,54,89,0.03389116736018349,0.0006797442550229071,0.0,0.008650316222291317,True,True,1.0,20.242261072245615,16.175320989023596,0.024177115940355102,5.8025078256852245
RA-MTM,54,93,0.09052485646331719,0.12509576807852357,0.0,0.12509576807852357,True,True,0.25287356321839083,61.43398899818691,72.29697177378497,0.7011363622702979,168.2727269448715
RA-MTM,54,77,0.04480765929841901,0.010236747683212618,0.0,0.12997276589952686,True,True,0.5694117647058824,93.33916979051502,98.7160889063253,1.9502873525219782,468.06896460527474
RA-MTM,54,97,0.14457903041868836,,,,False,False,,54.24198263804935,71.59146628829195,0.04029519323392517,9.670846376142041
RA-MTM,54,98,0.0696595465258671,,,,False,False,,65.4838260590006,73.84297164210466,0.016118077293570066,3.868338550456816
RA-MTM,54,99,0.07678320017133859,,,,False,False,,64.11286954425046,73.32685356481109,0.016118077293570066,3.868338550456816
RA-MTM,54,87,0.027668642544912282,0.06223955416011868,0.0,0.008693824890775541,True,True,0.02903225806451613,32.535623615401235,29.21538651001176,2.4418887099758653,586.0532903942077
RA-MTM,54,100,0.16124569708535516,,,,False,True,,90.25559204965852,70.9061083994159,0.7011363622702979,168.2727269448715
RA-MTM,55,89,0.10433988849637424,0.13823105585655773,0.0,0.14688137207884905,True,True,0.2,21.15623208207905,33.67701870164396,0.12088557970177549,29.01253912842612
RA-MTM,55,93,0.0776991797333089,0.01282567673000828,0.0,0.1122700913485153,True,True,0.2962962962962963,51.75690703156553,61.0808085995626,1.2733281061920354,305.5987454860885
RA-MTM,55,77,0.04507273587321154,0.0002650765747925258,0.0,0.13023784247431938,True,True,0.7224334600760456,91.37606165748086,96.78478996226625,1.7004571544716423,408.10971707319413
RA-MTM,55,101,0.09328004994289937,,,,False,True,,22.9399496980443,11.746343704896374,0.24983019805033604,59.95924753208065
RA-MTM,55,87,0.10831507019640364,0.08064642765149135,0.0,0.08934025254226689,True,True,0.19936708860759494,44.46850580000156,31.470697376433122,0.6124869371556625,146.996864917359
RA-MTM,56,89,0.1616548494887585,0.05731496099238426,0.0,0.2041963330712333,True,True,0.9375,21.356163240480114,40.754745179131135,0.12894461834856052,30.94670840365453
RA-MTM,56,102,0.09172673894094488,,,,False,True,,43.44696948857225,54.454178161485636,0.2175940434631959,52.22257043116702
RA-MTM,56,93,0.0753746514577261,0.002324528275582812,0.0,0.10994556307293249,True,True,0.22151898734177214,60.15668074454287,69.20163891947,0.28206635263747615,67.69592463299428
RA-MTM,56,77,0.047878737969691325,0.002806002096479787,0.0,0.13304384457079918,True,True,0.9095022624434389,90.92124196064434,96.6666905170073,1.7004571544716423,408.10971707319413
RA-MTM,56,103,0.12486434785533072,,,,False,False,,39.330194085305415,24.346472342665727,0.10476750240820543,25.144200577969304
RA-MTM,56,87,0.1783215161554252,0.07000644595902158,0.0,0.1593466985012885,True,True,0.16049382716049382,61.395437881085044,39.99685594243402,0.9026123284399238,216.6269588255817
RA-MTM,57,89,0.01665927787520201,0.17831412736396052,0.0,0.02588220570727279,True,True,0.6875,21.488585176563934,19.489471831539692,0.08864942511463536,21.27586202751249
RA-MTM,57,93,0.01665927787520201,0.058715373582524086,0.0,0.051230189490408404,True,True,0.13145539906103287,68.14587754395237,70.14499088897661,1.6601619612377168,398.43887069705204
RA-MTM,57,77,0.01665927787520201,0.031219460094489313,1.1102230246251565e-16,0.10182438447630986,True,True,0.41706161137440756,94.772442510481,96.77155585550524,0.7091954009170829,170.2068962200999
RA-MTM,57,104,0.0010666028083577454,,,,False,True,,25.040608873871147,24.912616536868217,0.22565308210998095,54.15673970639543
RA-MTM,57,87,0.01665927787520201,0.16166223828022322,0.0,0.0023155397789347276,True,True,0.12307692307692308,67.3956324515478,65.39651910652356,7.3337251685743805,1760.0940404578514
RA-MTM,58,93,0.07843704658168853,0.09509632445689054,2.220446049250313e-16,0.04386613496648213,True,True,0.3300970873786408,72.2176418814499,62.80519629164727,0.5480146279813823,131.52351071553176
RA-MTM,58,105,0.07843704658168853,,,,False,False,,66.85478257375075,57.44233698394813,0.008059038646785033,1.934169275228408
RA-MTM,58,106,0.05796643764975382,,,,False,False,,50.29968559040156,43.3437130724311,1.3861546472470259,332.6771153392862
RA-MTM,58,107,0.038859098696337094,,,,False,False,,59.81090254968963,64.47399439325008,0.23371212075676598,56.09090898162383
RA-MTM,58,108,0.07843704658168853,,,,False,True,,56.0740790713973,65.48652466119992,0.17729885022927072,42.55172405502498
RA-MTM,58,87,0.052807834697718076,0.06946711257292008,0.0,0.07178265235185481,True,True,0.12637362637362637,89.7080316065859,96.04497177031207,0.9267894443802788,222.42946665126692
