scene,method,t,feature,q,area,x,z,width
translation,TMTM,0,A,27.361425339366516,776.953125,47.787940269916604,47.787940269916604,6.278409090909091
translation,TMTM,0,B,57.67451298701299,541.40625,53.12884936082569,53.14305390628024,4.375
translation,TMTM,0,C,78.10060975609755,720.703125,62.219758451734776,62.219758451734776,5.823863636363636
translation,TMTM,1,A,28.02801724137931,815.625,47.81634936082569,47.83055390628024,6.590909090909091
translation,TMTM,1,B,58.490566037735846,558.984375,53.412940269916604,53.412940269916604,4.517045454545454
translation,TMTM,1,C,78.63636363636364,696.09375,61.99248572446206,62.006690269916604,5.625
translation,TMTM,2,A,28.464506172839506,854.296875,47.67430390628024,47.67430390628024,6.903409090909091
translation,TMTM,2,B,58.94954819277108,583.59375,53.49816754264387,53.51237208809842,4.715909090909091
translation,TMTM,2,C,79.4057881773399,713.671875,62.1913493608257,62.1913493608257,5.767045454545454
translation,TMTM,3,A,29.0625,780.46875,47.787940269916604,47.80214481537114,6.306818181818182
translation,TMTM,3,B,59.46774193548387,544.921875,53.18566754264387,53.18566754264387,4.403409090909091
translation,TMTM,3,C,79.93566176470588,717.1875,62.1913493608257,62.20555390628023,5.795454545454545
translation,TMTM,4,A,29.9025974025974,812.109375,47.87316754264387,47.87316754264387,6.5625
translation,TMTM,4,B,60.16826923076923,548.4375,53.38453117900751,53.39873572446206,4.431818181818182
translation,TMTM,4,C,80.30464824120602,699.609375,62.04930390628023,62.04930390628023,5.653409090909091
translation,TMTM,5,A,30.322745901639344,857.8125,47.64589481537114,47.66009936082569,6.931818181818182
translation,TMTM,5,B,60.752245508982035,587.109375,53.52657663355296,53.52657663355296,4.744318181818182
translation,TMTM,5,C,81.20977722772277,710.15625,62.13453117900751,62.14873572446206,5.738636363636363
translation,TMTM,6,A,30.795200892857142,787.5,47.787940269916604,47.80214481537114,6.363636363636363
translation,TMTM,6,B,61.31009615384615,548.4375,53.21407663355296,53.22828117900751,4.431818181818182
translation,TMTM,6,C,81.74261083743842,713.671875,62.13453117900751,62.13453117900751,5.767045454545454
translation,TMTM,7,A,31.645742358078603,805.078125,47.84475845173478,47.84475845173478,6.505681818181818
translation,TMTM,7,B,61.95859872611465,551.953125,53.35612208809842,53.35612208809842,4.4602272727272725
translation,TMTM,7,C,82.10625,703.125,62.07771299718932,62.09191754264387,5.681818181818182
translation,TMTM,8,A,32.13520408163265,861.328125,47.67430390628024,47.67430390628024,6.9602272727272725
translation,TMTM,8,B,62.627245508982035,587.109375,53.55498572446206,53.55498572446206,4.744318181818182
translation,TMTM,8,C,83.06902985074628,706.640625,62.10612208809842,62.10612208809842,5.7102272727272725
translation,TMTM,9,A,32.50545851528384,805.078125,47.81634936082569,47.81634936082569,6.505681818181818
translation,TMTM,9,B,63.236464968152866,551.953125,53.32771299718933,53.32771299718933,4.4602272727272725
translation,TMTM,9,C,83.55816831683168,710.15625,62.07771299718932,62.09191754264387,5.738636363636363
translation,TMTM,10,A,33.41814159292036,794.53125,47.84475845173478,47.85896299718933,6.420454545454545
translation,TMTM,10,B,63.59172077922078,541.40625,53.27089481537114,53.28509936082569,4.375
translation,TMTM,10,C,83.98125,703.125,62.10612208809842,62.12032663355296,5.681818181818182
translation,TMTM,11,A,33.91203703703704,854.296875,47.70271299718933,47.70271299718933,6.903409090909091
translation,TMTM,11,B,64.50224550898204,587.109375,53.55498572446206,53.55498572446206,4.744318181818182
translation,TMTM,11,C,84.80841708542714,699.609375,62.10612208809842,62.10612208809842,5.653409090909091
translation,TMTM,12,A,34.31573275862069,815.625,47.787940269916604,47.80214481537114,6.590909090909091
translation,TMTM,12,B,64.921875,562.5,53.38453117900751,53.39873572446206,4.545454545454545
translation,TMTM,12,C,85.3125,703.125,62.04930390628023,62.063508451734776,5.681818181818182
translation,TMTM,13,A,35.239955357142854,787.5,47.84475845173478,47.85896299718933,6.363636363636363
translation,TMTM,13,B,65.3921568627451,537.890625,53.24248572446206,53.24248572446206,4.346590909090909
translation,TMTM,13,C,85.70504926108374,713.671875,62.162940269916604,62.162940269916604,5.767045454545454
translation,TMTM,14,A,35.734375,843.75,47.73112208809842,47.74532663355296,6.818181818181818
translation,TMTM,14,B,66.26136363636364,580.078125,53.52657663355296,53.52657663355296,4.6875
translation,TMTM,14,C,86.68341708542714,699.609375,62.07771299718932,62.07771299718932,5.653409090909091
translation,TMTM,15,A,36.09775641025641,822.65625,47.73112208809842,47.74532663355296,6.6477272727272725
translation,TMTM,15,B,66.67824074074075,569.53125,53.38453117900751,53.39873572446206,4.6022727272727275
translation,TMTM,15,C,87.03358208955224,706.640625,62.02089481537115,62.02089481537115,5.7102272727272725
translation,TMTM,16,A,36.93156108597285,776.953125,47.81634936082569,47.81634936082569,6.278409090909091
translation,TMTM,16,B,67.18344155844156,541.40625,53.15725845173478,53.17146299718933,4.375
translation,TMTM,16,C,87.58004926108374,713.671875,62.219758451734776,62.219758451734776,5.767045454545454
translation,TMTM,17,A,37.5,836.71875,47.787940269916604,47.80214481537114,6.761363636363636
translation,TMTM,17,B,67.93981481481481,569.53125,53.49816754264387,53.51237208809842,4.6022727272727275
translation,TMTM,17,C,88.41053299492386,692.578125,62.02089481537115,62.02089481537115,5.596590909090909
translation,TMTM,18,A,37.8860294117647,836.71875,47.70271299718933,47.71691754264387,6.761363636363636
translation,TMTM,18,B,68.4375,576.5625,53.44134936082569,53.45555390628024,4.659090909090909
translation,TMTM,18,C,88.90858208955224,706.640625,62.02089481537115,62.02089481537115,5.7102272727272725
translation,TMTM,19,A,38.735986547085204,783.984375,47.81634936082569,47.81634936082569,6.3352272727272725
translation,TMTM,19,B,69.05844155844156,541.40625,53.18566754264387,53.19987208809842,4.375
translation,TMTM,19,C,89.3841911764706,717.1875,62.219758451734776,62.23396299718932,5.795454545454545
translation,TMTM,20,A,39.311708860759495,833.203125,47.84475845173478,47.84475845173478,6.732954545454545
translation,TMTM,20,B,69.7360248447205,566.015625,53.52657663355296,53.52657663355296,4.573863636363636
translation,TMTM,20,C,90.21045918367346,689.0625,61.96407663355296,61.97828117900751,5.568181818181818
translation,ST-MTM,0,A,27.361425339366516,776.953125,23.756440782422615,23.756440782422615,9.323437499999997
translation,ST-MTM,0,B,57.67451298701299,541.40625,52.95244361209507,52.95244361209507,6.496875000000003
translation,ST-MTM,0,C,78.10060975609755,720.703125,86.4276636879594,86.4276636879594,8.6484375
translation,ST-MTM,1,A,28.02801724137931,815.625,23.74041730751681,23.74041730751681,9.637945670628184
translation,ST-MTM,1,B,58.490566037735846,558.984375,53.03902228205058,53.03902228205058,6.6053162139218955
translation,ST-MTM,1,C,78.63636363636364,696.09375,86.35710849290967,86.35710849290967,8.225488115449906
translation,ST-MTM,2,A,28.464506172839506,854.296875,23.61826670732578,23.61826670732578,9.71553308823529
translation,ST-MTM,2,B,58.94954819277108,583.59375,53.02653343893546,53.02653343893546,6.636948529411768
translation,ST-MTM,2,C,79.4057881773399,713.671875,86.49174793621583,86.49174793621583,8.116268382352928
translation,ST-MTM,3,A,29.0625,780.46875,23.6900805199428,23.6900805199428,9.34950516351119
translation,ST-MTM,3,B,59.46774193548387,544.921875,52.957483795567555,52.957483795567555,6.527807659208264
translation,ST-MTM,3,C,79.93566176470588,717.1875,86.48898376696671,86.48898376696671,8.59143717728054
translation,ST-MTM,4,A,29.9025974025974,812.109375,23.862373329129277,23.862373329129277,9.645531143344712
translation,ST-MTM,4,B,60.16826923076923,548.4375,52.973345426290244,52.973345426290244,6.513865187713307
translation,ST-MTM,4,C,80.30464824120602,699.609375,86.30082932705754,86.30082932705754,8.30935366894198
translation,ST-MTM,5,A,30.322745901639344,857.8125,23.65569036402183,23.65569036402183,9.739600326264274
translation,ST-MTM,5,B,60.752245508982035,587.109375,52.998240503089924,52.998240503089924,6.666037928221854
translation,ST-MTM,5,C,81.20977722772277,710.15625,86.48261721536531,86.48261721536531,8.06311174551388
translation,ST-MTM,6,A,30.795200892857142,787.5,23.6471141384764,23.6471141384764,9.40137221269297
translation,ST-MTM,6,B,61.31009615384615,548.4375,53.01913778133899,53.01913778133899,6.547384219554033
translation,ST-MTM,6,C,81.74261083743842,713.671875,86.47029616266168,86.47029616266168,8.519993567753005
translation,ST-MTM,7,A,31.645742358078603,805.078125,23.82744046953417,23.82744046953417,9.562020051194537
translation,ST-MTM,7,B,61.95859872611465,551.953125,52.99235299018988,52.99235299018988,6.555620733788402
translation,ST-MTM,7,C,82.10625,703.125,86.31675462275301,86.31675462275301,8.351109215017061
translation,ST-MTM,8,A,32.13520408163265,861.328125,23.61619911239639,23.61619911239639,9.779516721044047
translation,ST-MTM,8,B,62.627245508982035,587.109375,53.00296321723834,53.00296321723834,6.666037928221854
translation,ST-MTM,8,C,83.06902985074628,706.640625,86.51738575284234,86.51738575284234,8.023195350734085
translation,ST-MTM,9,A,32.50545851528384,805.078125,23.56137135637474,23.56137135637474,9.52949617346939
translation,ST-MTM,9,B,63.236464968152866,551.953125,53.06768772705332,53.06768772705332,6.533322704081627
translation,ST-MTM,9,C,83.55816831683168,710.15625,86.50748899904903,86.50748899904903,8.405931122448976
translation,ST-MTM,10,A,33.41814159292036,794.53125,23.808725369466277,23.808725369466277,9.534375000000004
translation,ST-MTM,10,B,63.59172077922078,541.40625,52.93678916923523,52.93678916923523,6.496875000000003
translation,ST-MTM,10,C,83.98125,703.125,86.39103354377558,86.39103354377558,8.4375
translation,ST-MTM,11,A,33.91203703703704,854.296875,23.61806935406754,23.61806935406754,9.763392857142854
translation,ST-MTM,11,B,64.50224550898204,587.109375,53.045647210504946,53.045647210504946,6.709821428571431
translation,ST-MTM,11,C,84.80841708542714,699.609375,86.47283151790458,86.47283151790458,7.995535714285722
translation,ST-MTM,12,A,34.31573275862069,815.625,23.56902499690754,23.56902499690754,9.589104729729733
translation,ST-MTM,12,B,64.921875,562.5,52.994162534732425,52.994162534732425,6.613175675675677
translation,ST-MTM,12,C,85.3125,703.125,86.57336055083711,86.57336055083711,8.266469594594582
translation,ST-MTM,13,A,35.239955357142854,787.5,23.82636002717558,23.82636002717558,9.449999999999996
translation,ST-MTM,13,B,65.3921568627451,537.890625,52.93757583192502,52.93757583192502,6.454687500000006
translation,ST-MTM,13,C,85.70504926108374,713.671875,86.37261222337646,86.37261222337646,8.564062500000006
translation,ST-MTM,14,A,35.734375,843.75,23.63917862463613,23.63917862463613,9.722682119205302
translation,ST-MTM,14,B,66.26136363636364,580.078125,53.03655640920133,53.03655640920133,6.68434395695364
translation,ST-MTM,14,C,86.68341708542714,699.609375,86.46081304863961,86.46081304863961,8.061723923841072
translation,ST-MTM,15,A,36.09775641025641,822.65625,23.631049843119968,23.631049843119968,9.590766331658294
translation,ST-MTM,15,B,66.67824074074075,569.53125,53.0539032692926,53.0539032692926,6.639761306532662
translation,ST-MTM,15,C,87.03358208955224,706.640625,86.4515949700645,86.4515949700645,8.23822236180905
translation,ST-MTM,16,A,36.93156108597285,776.953125,23.775945627671156,23.775945627671156,9.355698529411768
translation,ST-MTM,16,B,67.18344155844156,541.40625,52.955601631500336,52.955601631500336,6.519355536332185
translation,ST-MTM,16,C,87.58004926108374,713.671875,86.40500082330558,86.40500082330558,8.593695934256061
translation,ST-MTM,17,A,37.5,836.71875,23.66600851472096,23.66600851472096,9.754711055276381
translation,ST-MTM,17,B,67.93981481481481,569.53125,52.985044221368085,52.985044221368085,6.639761306532662
translation,ST-MTM,17,C,88.41053299492386,692.578125,86.48549534638802,86.48549534638802,8.07427763819095
translation,ST-MTM,18,A,37.8860294117647,836.71875,23.599144247407313,23.599144247407313,9.657649253731343
translation,ST-MTM,18,B,68.4375,576.5625,52.99343309890974,52.99343309890974,6.65485074626865
translation,ST-MTM,18,C,88.90858208955224,706.640625,86.54397073616002,86.54397073616002,8.15625
translation,ST-MTM,19,A,38.735986547085204,783.984375,23.756780802112193,23.756780802112193,9.391620051635108
translation,ST-MTM,19,B,69.05844155844156,541.40625,52.97161847796506,52.97161847796506,6.485692771084331
translation,ST-MTM,19,C,89.3841911764706,717.1875,86.40814880239984,86.40814880239984,8.59143717728054
translation,ST-MTM,20,A,39.311708860759495,833.203125,23.66658671870129,23.66658671870129,9.762784090909093
translation,ST-MTM,20,B,69.7360248447205,566.015625,52.9761860234574,52.9761860234574,6.632102272727266
translation,ST-MTM,20,C,90.21045918367346,689.0625,86.4937753403184,86.4937753403184,8.073863636363626
translation,RA-MTM,0,A,27.361425339366516,776.953125,26.361425339366516,26.361415080520676,9.3234375
translation,RA-MTM,0,B,57.67451298701299,541.40625,56.67451298701299,56.67452013571105,6.496875
translation,RA-MTM,0,C,78.10060975609755,720.703125,79.10060975609755,79.10036846673695,8.6484375
translation,RA-MTM,1,A,28.02801724137931,815.625,27.02801724137931,27.028012350290048,9.7875
translation,RA-MTM,1,B,58.490566037735846,558.984375,57.490566037735846,57.49056938981843,6.7078125
translation,RA-MTM,1,C,78.63636363636364,696.09375,79.63636363636364,79.6361260453236,8.353125
translation,RA-MTM,2,A,28.464506172839506,854.296875,27.464506172839506,27.464497241990237,10.2515625
translation,RA-MTM,2,B,58.94954819277108,583.59375,57.94954819277108,57.94955429368047,7.003125
translation,RA-MTM,2,C,79.4057881773399,713.671875,80.4057881773399,80.40552326530457,8.5640625
translation,RA-MTM,3,A,29.0625,780.46875,28.0625,28.062491093122816,9.365625
translation,RA-MTM,3,B,59.46774193548387,544.921875,58.46774193548387,58.467748154249456,6.5390625
translation,RA-MTM,3,C,79.93566176470588,717.1875,80.93566176470588,80.93543569660675,8.606250000000001
translation,RA-MTM,4,A,29.9025974025974,812.109375,28.9025974025974,28.902591820934564,9.7453125
translation,RA-MTM,4,B,60.16826923076923,548.4375,59.16826923076923,59.168273000203904,6.58125
translation,RA-MTM,4,C,80.30464824120602,699.609375,81.30464824120602,81.30441410459818,8.3953125
translation,RA-MTM,5,A,30.322745901639344,857.8125,29.322745901639344,29.322737725324618,10.293750000000001
translation,RA-MTM,5,B,60.752245508982035,587.109375,59.752245508982035,59.75225110506632,7.0453125000000005
translation,RA-MTM,5,C,81.20977722772277,710.15625,82.20977722772277,82.20951133098366,8.521875
translation,RA-MTM,6,A,30.795200892857142,787.5,29.795200892857142,29.795192561656677,9.450000000000001
translation,RA-MTM,6,B,61.31009615384615,548.4375,60.31009615384615,60.31010195593225,6.58125
translation,RA-MTM,6,C,81.74261083743842,713.671875,82.74261083743842,82.7423800021706,8.5640625
translation,RA-MTM,7,A,31.645742358078603,805.078125,30.645742358078603,30.645736118317295,9.660937500000001
translation,RA-MTM,7,B,61.95859872611465,551.953125,60.95859872611465,60.9586030040294,6.6234375000000005
translation,RA-MTM,7,C,82.10625,703.125,83.10625,83.10601707489317,8.4375
translation,RA-MTM,8,A,32.13520408163265,861.328125,31.13520408163265,31.135196673660282,10.3359375
translation,RA-MTM,8,B,62.627245508982035,587.109375,61.627245508982035,61.627250558498076,7.0453125000000005
translation,RA-MTM,8,C,83.06902985074628,706.640625,84.06902985074628,84.06876460732445,8.4796875
translation,RA-MTM,9,A,32.50545851528384,805.078125,31.50545851528384,31.50545079417165,9.660937500000001
translation,RA-MTM,9,B,63.236464968152866,551.953125,62.236464968152866,62.236470261666206,6.6234375000000005
translation,RA-MTM,9,C,83.55816831683168,710.15625,84.55816831683168,84.5579322859985,8.521875
translation,RA-MTM,10,A,33.41814159292036,794.53125,32.41814159292036,32.41813538856388,9.534375
translation,RA-MTM,10,B,63.59172077922078,541.40625,62.59172077922078,62.59172500696817,6.496875
translation,RA-MTM,10,C,83.98125,703.125,84.98125,84.98102217103035,8.4375
translation,RA-MTM,11,A,33.91203703703704,854.296875,32.91203703703704,32.91203116964411,10.2515625
translation,RA-MTM,11,B,64.50224550898204,587.109375,63.50224550898204,63.50224954130543,7.0453125000000005
translation,RA-MTM,11,C,84.80841708542714,699.609375,85.80841708542714,85.80815535403002,8.3953125
translation,RA-MTM,12,A,34.31573275862069,815.625,33.31573275862069,33.31572649010921,9.7875
translation,RA-MTM,12,B,64.921875,562.5,63.921875,63.92187932311129,6.75
translation,RA-MTM,12,C,85.3125,703.125,86.3125,86.31226220551882,8.4375
translation,RA-MTM,13,A,35.239955357142854,787.5,34.239955357142854,34.2399471456669,9.450000000000001
translation,RA-MTM,13,B,65.3921568627451,537.890625,64.3921568627451,64.39216247147645,6.4546875
translation,RA-MTM,13,C,85.70504926108374,713.671875,86.70504926108374,86.70482477059656,8.5640625
translation,RA-MTM,14,A,35.734375,843.75,34.734375,34.734369124623925,10.125
translation,RA-MTM,14,B,66.26136363636364,580.078125,65.26136363636364,65.26136767568467,6.9609375
translation,RA-MTM,14,C,86.68341708542714,699.609375,87.68341708542714,87.68315782638463,8.3953125
translation,RA-MTM,15,A,36.09775641025641,822.65625,35.09775641025641,35.09774921846911,9.871875000000001
translation,RA-MTM,15,B,66.67824074074075,569.53125,65.67824074074075,65.67824571967031,6.8343750000000005
translation,RA-MTM,15,C,87.03358208955224,706.640625,88.03358208955224,88.03333336607466,8.4796875
translation,RA-MTM,16,A,36.93156108597285,776.953125,35.93156108597285,35.93155292948723,9.3234375
translation,RA-MTM,16,B,67.18344155844156,541.40625,66.18344155844156,66.18344724214658,6.496875
translation,RA-MTM,16,C,87.58004926108374,713.671875,88.58004926108374,88.57982631269826,8.5640625
translation,RA-MTM,17,A,37.5,836.71875,36.5,36.49999566195063,10.040625
translation,RA-MTM,17,B,67.93981481481481,569.53125,66.93981481481481,66.93981776760492,6.8343750000000005
translation,RA-MTM,17,C,88.41053299492386,692.578125,89.41053299492386,89.41028169269057,8.3109375
translation,RA-MTM,18,A,37.8860294117647,836.71875,36.8860294117647,36.88602215516562,10.040625
translation,RA-MTM,18,B,68.4375,576.5625,67.4375,67.43750500034568,6.91875
translation,RA-MTM,18,C,88.90858208955224,706.640625,89.90858208955224,89.90832776191111,8.4796875
translation,RA-MTM,19,A,38.735986547085204,783.984375,37.735986547085204,37.735977636476434,9.4078125
translation,RA-MTM,19,B,69.05844155844156,541.40625,68.05844155844156,68.05844771195584,6.496875
translation,RA-MTM,19,C,89.3841911764706,717.1875,90.3841911764706,90.38396566141446,8.606250000000001
translation,RA-MTM,20,A,39.311708860759495,833.203125,38.311708860759495,38.31170527471347,9.9984375
translation,RA-MTM,20,B,69.7360248447205,566.015625,68.7360248447205,68.73602728081055,6.7921875
translation,RA-MTM,20,C,90.21045918367346,689.0625,91.21045918367346,91.21021142503369,8.26875
growth,TMTM,0,A,27.361425339366516,776.953125,47.787940269916604,47.787940269916604,6.278409090909091
growth,TMTM,0,B,57.67451298701299,541.40625,53.12884936082569,53.14305390628024,4.375
growth,TMTM,0,C,78.10060975609755,720.703125,62.219758451734776,62.219758451734776,5.823863636363636
growth,TMTM,1,A,26.822698744769873,840.234375,47.64589481537114,47.64589481537114,6.789772727272727
growth,TMTM,1,B,57.7265625,562.5,53.32771299718933,53.34191754264387,4.545454545454545
growth,TMTM,1,C,78.26785714285714,738.28125,62.41862208809842,62.43282663355296,5.965909090909091
growth,TMTM,2,A,26.486280487804876,864.84375,47.475440269916604,47.48964481537114,6.988636363636363
growth,TMTM,2,B,57.76997041420118,594.140625,53.412940269916604,53.412940269916604,4.801136363636363
growth,TMTM,2,C,78.8556338028169,748.828125,62.61748572446206,62.61748572446206,6.051136363636363
growth,TMTM,3,A,25.879360465116278,907.03125,47.19134936082569,47.20555390628024,7.329545454545454
growth,TMTM,3,B,57.75423728813559,622.265625,53.412940269916604,53.412940269916604,5.028409090909091
growth,TMTM,3,C,79.01785714285714,787.5,62.98680390628023,63.001008451734776,6.363636363636363
growth,TMTM,4,A,25.50410583941606,963.28125,47.10612208809842,47.12032663355296,7.784090909090909
growth,TMTM,4,B,57.95454545454545,657.421875,53.69703117900751,53.69703117900751,5.3125
growth,TMTM,4,C,79.38631221719457,776.953125,63.1288493608257,63.1288493608257,6.278409090909091
growth,TMTM,5,A,25.079787234042552,991.40625,46.73680390628024,46.75100845173478,8.011363636363637
growth,TMTM,5,B,57.93170103092783,682.03125,53.52657663355296,53.54078117900751,5.511363636363636
growth,TMTM,5,C,79.92384453781513,836.71875,63.66862208809842,63.68282663355296,6.761363636363636
growth,TMTM,6,A,24.649390243902438,1008.984375,46.59475845173478,46.59475845173478,8.15340909090909
growth,TMTM,6,B,57.91454081632653,689.0625,53.46975845173478,53.48396299718933,5.568181818181818
growth,TMTM,6,C,80.16953441295547,868.359375,64.09475845173478,64.09475845173478,7.017045454545454
growth,TMTM,7,A,24.375,1023.046875,46.70839481537114,46.70839481537114,8.267045454545455
growth,TMTM,7,B,57.970360824742265,682.03125,53.61180390628024,53.62600845173478,5.511363636363636
growth,TMTM,7,C,80.50154320987654,854.296875,64.29362208809842,64.29362208809842,6.903409090909091
growth,TMTM,8,A,24.10438144329897,1023.046875,46.50953117900751,46.50953117900751,8.267045454545455
growth,TMTM,8,B,58.125,682.03125,53.412940269916604,53.42714481537114,5.511363636363636
growth,TMTM,8,C,81.0205078125,900.0,64.49248572446206,64.5066902699166,7.2727272727272725
growth,TMTM,9,A,23.475,1054.6875,46.42430390628024,46.43850845173478,8.522727272727272
growth,TMTM,9,B,58.048469387755105,689.0625,53.49816754264387,53.51237208809842,5.568181818181818
growth,TMTM,9,C,81.25482625482626,910.546875,64.74816754264387,64.74816754264387,7.357954545454545
growth,TMTM,10,A,23.25996677740864,1058.203125,46.225440269916604,46.225440269916604,8.551136363636363
growth,TMTM,10,B,58.125,710.15625,53.38453117900751,53.39873572446206,5.738636363636363
growth,TMTM,10,C,81.60083643122677,945.703125,65.23112208809842,65.23112208809842,7.642045454545454
growth,TMTM,11,A,22.763578274760384,1100.390625,45.79930390628024,45.79930390628024,8.892045454545455
growth,TMTM,11,B,58.19444444444444,759.375,53.32771299718933,53.34191754264387,6.136363636363636
growth,TMTM,11,C,81.99646643109541,994.921875,65.57203117900751,65.57203117900751,8.039772727272727
growth,TMTM,12,A,22.161214953271028,1128.515625,45.65725845173478,45.65725845173478,9.119318181818182
growth,TMTM,12,B,58.17613636363637,773.4375,53.35612208809842,53.37032663355296,6.25
growth,TMTM,12,C,82.33780276816609,1016.015625,65.96975845173478,65.96975845173478,8.210227272727272
growth,TMTM,13,A,21.798278443113773,1174.21875,45.45839481537114,45.47259936082569,9.488636363636363
growth,TMTM,13,B,58.125,812.109375,53.52657663355296,53.52657663355296,6.5625
growth,TMTM,13,C,82.5,1030.078125,66.16862208809842,66.16862208809842,8.323863636363637
growth,TMTM,14,A,21.39423076923077,1233.984375,45.34475845173478,45.34475845173478,9.971590909090908
growth,TMTM,14,B,58.23622881355932,829.6875,53.69703117900751,53.71123572446206,6.704545454545454
growth,TMTM,14,C,82.79040404040404,1044.140625,66.2254402699166,66.2254402699166,8.4375
growth,TMTM,15,A,21.082063711911356,1269.140625,44.94703117900751,44.94703117900751,10.255681818181818
growth,TMTM,15,B,58.230421686746986,875.390625,53.64021299718933,53.64021299718933,7.073863636363636
growth,TMTM,15,C,83.35887096774194,1089.84375,66.62316754264387,66.63737208809842,8.806818181818182
growth,TMTM,16,A,20.625,1321.875,44.63453117900751,44.64873572446206,10.681818181818182
growth,TMTM,16,B,58.49856321839081,917.578125,53.725440269916604,53.725440269916604,7.414772727272727
growth,TMTM,16,C,83.6484375,1125.0,66.8504402699166,66.86464481537115,9.09090909090909
growth,TMTM,17,A,20.150130548302872,1346.484375,44.52089481537114,44.52089481537114,10.880681818181818
growth,TMTM,17,B,58.49431818181818,928.125,53.725440269916604,53.73964481537114,7.5
growth,TMTM,17,C,83.9506880733945,1149.609375,67.33339481537115,67.33339481537115,9.289772727272727
growth,TMTM,18,A,19.811046511627907,1360.546875,44.32203117900751,44.32203117900751,10.994318181818182
growth,TMTM,18,B,58.556603773584904,931.640625,53.61180390628024,53.61180390628024,7.528409090909091
growth,TMTM,18,C,84.3141592920354,1191.796875,67.56066754264387,67.56066754264387,9.630681818181818
growth,TMTM,19,A,19.52319587628866,1364.0625,44.26521299718933,44.27941754264387,11.022727272727272
growth,TMTM,19,B,58.59375,928.125,53.55498572446206,53.569190269916604,7.5
growth,TMTM,19,C,84.59978070175438,1202.34375,67.53225845173478,67.54646299718932,9.71590909090909
growth,TMTM,20,A,19.199617346938776,1378.125,44.12316754264387,44.13737208809842,11.136363636363637
growth,TMTM,20,B,58.70518867924528,931.640625,53.49816754264387,53.49816754264387,7.528409090909091
growth,TMTM,20,C,84.93803116147309,1241.015625,68.01521299718932,68.01521299718932,10.02840909090909
growth,ST-MTM,0,A,27.361425339366516,776.953125,23.756440782422615,23.756440782422615,9.323437499999997
growth,ST-MTM,0,B,57.67451298701299,541.40625,52.95244361209507,52.95244361209507,6.496875000000003
growth,ST-MTM,0,C,78.10060975609755,720.703125,86.4276636879594,86.4276636879594,8.6484375
growth,ST-MTM,1,A,26.822698744769873,840.234375,23.2743668009305,23.2743668009305,9.60267857142857
growth,ST-MTM,1,B,57.7265625,562.5,52.98824753740259,52.98824753740259,6.428571428571431
growth,ST-MTM,1,C,78.26785714285714,738.28125,86.87393374414397,86.87393374414397,8.4375
growth,ST-MTM,2,A,26.486280487804876,864.84375,22.79172260430563,22.79172260430563,9.584892515923563
growth,ST-MTM,2,B,57.76997041420118,594.140625,52.898702383716625,52.898702383716625,6.5847432324840725
growth,ST-MTM,2,C,78.8556338028169,748.828125,87.44612309445482,87.44612309445482,8.299114251592357
growth,ST-MTM,3,A,25.879360465116278,907.03125,22.352918374804005,22.352918374804005,9.579571320182097
growth,ST-MTM,3,B,57.75423728813559,622.265625,52.906777380733224,52.906777380733224,6.572031487101668
growth,ST-MTM,3,C,79.01785714285714,787.5,87.87685232693983,87.87685232693983,8.317147192716249
growth,ST-MTM,4,A,25.50410583941606,963.28125,21.82100079586136,21.82100079586136,9.830553519061581
growth,ST-MTM,4,B,57.95454545454545,657.421875,52.966520859010934,52.966520859010934,6.709173387096769
growth,ST-MTM,4,C,79.38631221719457,776.953125,88.34902642760476,88.34902642760476,7.929023093841636
growth,ST-MTM,5,A,25.079787234042552,991.40625,21.299400395358717,21.299400395358717,9.664128151260506
growth,ST-MTM,5,B,57.93170103092783,682.03125,52.935127955240475,52.935127955240475,6.648371848739501
growth,ST-MTM,5,C,79.92384453781513,836.71875,88.90201973187786,88.90201973187786,8.15625
growth,ST-MTM,6,A,24.649390243902438,1008.984375,20.87249018374731,20.87249018374731,9.619905821917811
growth,ST-MTM,6,B,57.91454081632653,689.0625,52.90210042783385,52.90210042783385,6.569691780821913
growth,ST-MTM,6,C,80.16953441295547,868.359375,89.36195747089589,89.36195747089589,8.279152397260276
growth,ST-MTM,7,A,24.375,1023.046875,20.533613468412224,20.533613468412224,9.780777815934066
growth,ST-MTM,7,B,57.970360824742265,682.03125,52.84585894660208,52.84585894660208,6.520518543956044
growth,ST-MTM,7,C,80.50154320987654,854.296875,89.75707566746276,89.75707566746276,8.167453640109898
growth,ST-MTM,8,A,24.10438144329897,1023.046875,20.07118462304923,20.07118462304923,9.609185222672062
growth,ST-MTM,8,B,58.125,682.03125,52.733601821231545,52.733601821231545,6.406123481781378
growth,ST-MTM,8,C,81.0205078125,900.0,90.3317616381963,90.3317616381963,8.453441295546554
growth,ST-MTM,9,A,23.475,1054.6875,19.54432856870359,19.54432856870359,9.7226821192053
growth,ST-MTM,9,B,58.048469387755105,689.0625,52.77515846022398,52.77515846022398,6.352152317880794
growth,ST-MTM,9,C,81.25482625482626,910.546875,90.81706105354951,90.81706105354951,8.393915562913918
growth,ST-MTM,10,A,23.25996677740864,1058.203125,19.188288301165173,19.188288301165173,9.540276878238343
growth,ST-MTM,10,B,58.125,710.15625,52.6492196639268,52.6492196639268,6.4024449481865275
growth,ST-MTM,10,C,81.60083643122677,945.703125,91.29904011738509,91.29904011738509,8.526028173575128
growth,ST-MTM,11,A,22.763578274760384,1100.390625,18.642980973542457,18.642980973542457,9.43191964285714
growth,ST-MTM,11,B,58.19444444444444,759.375,52.727577634543145,52.727577634543145,6.508928571428569
growth,ST-MTM,11,C,81.99646643109541,994.921875,91.76598947439145,91.76598947439145,8.527901785714278
growth,ST-MTM,12,A,22.161214953271028,1128.515625,18.096622734972343,18.096622734972343,9.463215361445783
growth,ST-MTM,12,B,58.17613636363637,773.4375,52.74191909685285,52.74191909685285,6.485692771084331
growth,ST-MTM,12,C,82.33780276816609,1016.015625,92.29800625065184,92.29800625065184,8.519841867469893
growth,ST-MTM,13,A,21.798278443113773,1174.21875,17.736471890116068,17.736471890116068,9.52513111888112
growth,ST-MTM,13,B,58.125,812.109375,52.69232186632857,52.69232186632857,6.587740384615387
growth,ST-MTM,13,C,82.5,1030.078125,92.70775432603239,92.70775432603239,8.355878496503493
growth,ST-MTM,14,A,21.39423076923077,1233.984375,17.318715710690046,17.318715710690046,9.715533088235295
growth,ST-MTM,14,B,58.23622881355932,829.6875,52.73953471189941,52.73953471189941,6.5323812217194615
growth,ST-MTM,14,C,82.79040404040404,1044.140625,93.07829765988758,93.07829765988758,8.220835690045249
growth,ST-MTM,15,A,21.082063711911356,1269.140625,16.858940561390252,16.858940561390252,9.60132472826087
growth,ST-MTM,15,B,58.230421686746986,875.390625,52.62150193306724,52.62150193306724,6.6225203804347785
growth,ST-MTM,15,C,83.35887096774194,1089.84375,93.65610558801953,93.65610558801953,8.244904891304344
growth,ST-MTM,16,A,20.625,1321.875,16.326216357592237,16.326216357592237,9.613636363636362
growth,ST-MTM,16,B,58.49856321839081,917.578125,52.70054720422341,52.70054720422341,6.673295454545453
growth,ST-MTM,16,C,83.6484375,1125.0,94.10978452066138,94.10978452066138,8.181818181818187
growth,ST-MTM,17,A,20.150130548302872,1346.484375,15.836178086649241,15.836178086649241,9.621695328542096
growth,ST-MTM,17,B,58.49431818181818,928.125,52.72024063018509,52.72024063018509,6.632186858316217
growth,ST-MTM,17,C,83.9506880733945,1149.609375,94.5801293656427,94.5801293656427,8.214867813141694
growth,ST-MTM,18,A,19.811046511627907,1360.546875,15.367153744329688,15.367153744329688,9.555404894046418
growth,ST-MTM,18,B,58.556603773584904,931.640625,52.69222532765727,52.69222532765727,6.543106710393545
growth,ST-MTM,18,C,84.3141592920354,1191.796875,95.07716901049008,95.07716901049008,8.370238395560051
growth,ST-MTM,19,A,19.52319587628866,1364.0625,15.0135562489874,15.0135562489874,9.551182092555333
growth,ST-MTM,19,B,58.59375,928.125,52.673639336100955,52.673639336100955,6.498742454728372
growth,ST-MTM,19,C,84.59978070175438,1202.34375,95.44935249738867,95.44935249738867,8.418825452716305
growth,ST-MTM,20,A,19.199617346938776,1378.125,14.602410204512104,14.602410204512104,9.49678217821782
growth,ST-MTM,20,B,58.70518867924528,931.640625,52.66210391944777,52.66210391944777,6.42001856435644
growth,ST-MTM,20,C,84.93803116147309,1241.015625,95.87203395851716,95.87203395851716,8.551949257425747
growth,RA-MTM,0,A,27.361425339366516,776.953125,26.361425339366516,26.361415080520676,9.3234375
growth,RA-MTM,0,B,57.67451298701299,541.40625,56.67451298701299,56.67452013571105,6.496875
growth,RA-MTM,0,C,78.10060975609755,720.703125,79.10060975609755,79.10036846673695,8.6484375
growth,RA-MTM,1,A,26.822698744769873,840.234375,25.822698744769873,25.822685317384668,10.082812500000001
growth,RA-MTM,1,B,57.7265625,562.5,56.7265625,56.7265714890445,6.75
growth,RA-MTM,1,C,78.26785714285714,738.28125,79.26785714285714,79.26761317979337,8.859375
growth,RA-MTM,2,A,26.486280487804876,864.84375,25.486280487804876,25.486264786028737,10.378125
growth,RA-MTM,2,B,57.76997041420118,594.140625,56.76997041420118,56.76998120119357,7.1296875
growth,RA-MTM,2,C,78.8556338028169,748.828125,79.8556338028169,79.85537613994303,8.9859375
growth,RA-MTM,3,A,25.879360465116278,907.03125,24.879360465116278,24.87933590777594,10.884375
growth,RA-MTM,3,B,57.75423728813559,622.265625,56.75423728813559,56.75425413561312,7.4671875000000005
growth,RA-MTM,3,C,79.01785714285714,787.5,80.01785714285714,80.01757548748996,9.450000000000001
growth,RA-MTM,4,A,25.50410583941606,963.28125,24.50410583941606,24.504083185798248,11.559375000000001
growth,RA-MTM,4,B,57.95454545454545,657.421875,56.95454545454545,56.95456091522621,7.8890625000000005
growth,RA-MTM,4,C,79.38631221719457,776.953125,80.38631221719457,80.38601003373931,9.3234375
growth,RA-MTM,5,A,25.079787234042552,991.40625,24.079787234042552,24.079750484639504,11.896875
growth,RA-MTM,5,B,57.93170103092783,682.03125,56.93170103092783,56.93172631243206,8.184375
growth,RA-MTM,5,C,79.92384453781513,836.71875,80.92384453781513,80.923520512268,10.040625
growth,RA-MTM,6,A,24.649390243902438,1008.984375,23.649390243902438,23.649346472025403,12.1078125
growth,RA-MTM,6,B,57.91454081632653,689.0625,56.91454081632653,56.91457070931579,8.26875
growth,RA-MTM,6,C,80.16953441295547,868.359375,81.16953441295547,81.16920626555033,10.4203125
growth,RA-MTM,7,A,24.375,1023.046875,23.375,23.374959735443483,12.2765625
growth,RA-MTM,7,B,57.970360824742265,682.03125,56.970360824742265,56.970387667779896,8.184375
growth,RA-MTM,7,C,80.50154320987654,854.296875,81.50154320987654,81.50121866845996,10.2515625
growth,RA-MTM,8,A,24.10438144329897,1023.046875,23.10438144329897,23.104332536977196,12.2765625
growth,RA-MTM,8,B,58.125,682.03125,57.125,57.12503260421455,8.184375
growth,RA-MTM,8,C,81.0205078125,900.0,82.0205078125,82.02019240939478,10.8
growth,RA-MTM,9,A,23.475,1054.6875,22.475,22.474948088152725,12.65625
growth,RA-MTM,9,B,58.048469387755105,689.0625,57.048469387755105,57.048503303495366,8.26875
growth,RA-MTM,9,C,81.25482625482626,910.546875,82.25482625482626,82.25450037388809,10.926562500000001
growth,RA-MTM,10,A,23.25996677740864,1058.203125,22.25996677740864,22.259908859315363,12.6984375
growth,RA-MTM,10,B,58.125,710.15625,57.125,57.1250388686206,8.521875
growth,RA-MTM,10,C,81.60083643122677,945.703125,82.60083643122677,82.60051314706377,11.348437500000001
growth,RA-MTM,11,A,22.763578274760384,1100.390625,21.763578274760384,21.763507735738248,13.2046875
growth,RA-MTM,11,B,58.19444444444444,759.375,57.19444444444444,57.194493123130684,9.1125
growth,RA-MTM,11,C,81.99646643109541,994.921875,82.99646643109541,82.99611301287393,11.9390625
growth,RA-MTM,12,A,22.161214953271028,1128.515625,21.161214953271028,21.16113938945812,13.5421875
growth,RA-MTM,12,B,58.17613636363637,773.4375,57.17613636363637,57.17618815191938,9.28125
growth,RA-MTM,12,C,82.33780276816609,1016.015625,83.33780276816609,83.33743987536063,12.192187500000001
growth,RA-MTM,13,A,21.798278443113773,1174.21875,20.798278443113773,20.798199105156947,14.090625000000001
growth,RA-MTM,13,B,58.125,812.109375,57.125,57.12505487146169,9.7453125
growth,RA-MTM,13,C,82.5,1030.078125,83.5,83.49961689641856,12.3609375
growth,RA-MTM,14,A,21.39423076923077,1233.984375,20.39423076923077,20.394145622763535,14.8078125
growth,RA-MTM,14,B,58.23622881355932,829.6875,57.23622881355932,57.23628606303583,9.95625
growth,RA-MTM,14,C,82.79040404040404,1044.140625,83.79040404040404,83.78999565465563,12.5296875
growth,RA-MTM,15,A,21.082063711911356,1269.140625,20.082063711911356,20.08196746146528,15.2296875
growth,RA-MTM,15,B,58.230421686746986,875.390625,57.230421686746986,57.230488075558995,10.504687500000001
growth,RA-MTM,15,C,83.35887096774194,1089.84375,84.35887096774194,84.35844108582299,13.078125
growth,RA-MTM,16,A,20.625,1321.875,19.625,19.624894883816964,15.8625
growth,RA-MTM,16,B,58.49856321839081,917.578125,57.49856321839081,57.49863618467723,11.0109375
growth,RA-MTM,16,C,83.6484375,1125.0,84.6484375,84.64798455078626,13.5
growth,RA-MTM,17,A,20.150130548302872,1346.484375,19.150130548302872,19.150019779353144,16.1578125
growth,RA-MTM,17,B,58.49431818181818,928.125,57.49431818181818,57.49439453430578,11.137500000000001
growth,RA-MTM,17,C,83.9506880733945,1149.609375,84.9506880733945,84.95022898108083,13.7953125
growth,RA-MTM,18,A,19.811046511627907,1360.546875,18.811046511627907,18.81092769763159,16.3265625
growth,RA-MTM,18,B,58.556603773584904,931.640625,57.556603773584904,57.55668513200616,11.1796875
growth,RA-MTM,18,C,84.3141592920354,1191.796875,85.3141592920354,85.31370395818075,14.301562500000001
growth,RA-MTM,19,A,19.52319587628866,1364.0625,18.52319587628866,18.52307579786703,16.36875
growth,RA-MTM,19,B,58.59375,928.125,57.59375,57.59383170284392,11.137500000000001
growth,RA-MTM,19,C,84.59978070175438,1202.34375,85.59978070175438,85.59933032559826,14.428125
growth,RA-MTM,20,A,19.199617346938776,1378.125,18.199617346938776,18.199489735733906,16.5375
growth,RA-MTM,20,B,58.70518867924528,931.640625,57.70518867924528,57.705274947023995,11.1796875
growth,RA-MTM,20,C,84.93803116147309,1241.015625,85.93803116147309,85.93758223682734,14.8921875
translation_growth,TMTM,0,A,27.361425339366516,776.953125,47.787940269916604,47.787940269916604,6.278409090909091
translation_growth,TMTM,0,B,57.67451298701299,541.40625,53.12884936082569,53.14305390628024,4.375
translation_growth,TMTM,0,C,78.10060975609755,720.703125,62.219758451734776,62.219758451734776,5.823863636363636
translation_growth,TMTM,1,A,27.62079831932773,836.71875,47.64589481537114,47.66009936082569,6.761363636363636
translation_growth,TMTM,1,B,58.5234375,562.5,53.32771299718933,53.34191754264387,4.545454545454545
translation_growth,TMTM,1,C,79.30889423076923,731.25,62.33339481537115,62.3475993608257,5.909090909090909
translation_growth,TMTM,2,A,27.636186770428015,903.515625,47.30498572446206,47.30498572446206,7.301136363636363
translation_growth,TMTM,2,B,59.0625,611.71875,53.44134936082569,53.45555390628024,4.943181818181818
translation_growth,TMTM,2,C,79.92613636363636,773.4375,62.87316754264387,62.88737208809842,6.25
translation_growth,TMTM,3,A,27.629310344827587,917.578125,47.21975845173478,47.21975845173478,7.414772727272727
translation_growth,TMTM,3,B,59.62923728813559,622.265625,53.46975845173478,53.46975845173478,5.028409090909091
translation_growth,TMTM,3,C,80.89285714285714,787.5,63.01521299718932,63.02941754264387,6.363636363636363
translation_growth,TMTM,4,A,27.921511627906977,907.03125,47.10612208809842,47.12032663355296,7.329545454545454
translation_growth,TMTM,4,B,60.30894886363637,618.75,53.29930390628024,53.31350845173478,5.0
translation_growth,TMTM,4,C,82.16720779220779,812.109375,63.4413493608257,63.4413493608257,6.5625
translation_growth,TMTM,5,A,28.21768060836502,924.609375,47.02089481537114,47.02089481537114,7.471590909090909
translation_growth,TMTM,5,B,60.858050847457626,622.265625,53.29930390628024,53.29930390628024,5.028409090909091
translation_growth,TMTM,5,C,82.76107594936708,833.203125,63.69703117900751,63.69703117900751,6.732954545454545
translation_growth,TMTM,6,A,28.401315789473685,1001.953125,46.67998572446206,46.67998572446206,8.096590909090908
translation_growth,TMTM,6,B,61.54934210526316,667.96875,53.44134936082569,53.45555390628024,5.3977272727272725
translation_growth,TMTM,6,C,83.7399193548387,871.875,64.20839481537115,64.2225993608257,7.045454545454545
translation_growth,TMTM,7,A,28.45218120805369,1047.65625,46.45271299718933,46.46691754264387,8.46590909090909
translation_growth,TMTM,7,B,62.29779411764706,717.1875,53.61180390628024,53.62600845173478,5.795454545454545
translation_growth,TMTM,7,C,84.76058467741936,871.875,64.23680390628023,64.25100845173478,7.045454545454545
translation_growth,TMTM,8,A,28.70291095890411,1026.5625,46.39589481537114,46.41009936082569,8.295454545454545
translation_growth,TMTM,8,B,62.8125,696.09375,53.38453117900751,53.39873572446206,5.625
translation_growth,TMTM,8,C,85.56225868725869,910.546875,64.6913493608257,64.6913493608257,7.357954545454545
translation_growth,TMTM,9,A,28.88651877133106,1030.078125,46.36748572446206,46.36748572446206,8.323863636363637
translation_growth,TMTM,9,B,63.390151515151516,696.09375,53.35612208809842,53.37032663355296,5.625
translation_growth,TMTM,9,C,86.79389312977099,921.09375,64.80498572446206,64.8191902699166,7.443181818181818
translation_growth,TMTM,10,A,29.23076923076923,1096.875,46.05498572446206,46.069190269916604,8.863636363636363
translation_growth,TMTM,10,B,64.28571428571429,738.28125,53.49816754264387,53.51237208809842,5.965909090909091
translation_growth,TMTM,10,C,87.61488970588235,956.25,65.40157663355296,65.41578117900751,7.727272727272727
translation_growth,TMTM,11,A,29.0625,1167.1875,45.71407663355296,45.72828117900751,9.431818181818182
translation_growth,TMTM,11,B,64.88810043668123,805.078125,53.725440269916604,53.725440269916604,6.505681818181818
translation_growth,TMTM,11,C,88.3899456521739,970.3125,65.51521299718932,65.52941754264387,7.840909090909091
translation_growth,TMTM,12,A,29.35030395136778,1156.640625,45.57203117900751,45.57203117900751,9.346590909090908
translation_growth,TMTM,12,B,65.46052631578948,801.5625,53.49816754264387,53.51237208809842,6.477272727272727
translation_growth,TMTM,12,C,89.68641114982579,1008.984375,65.96975845173478,65.96975845173478,8.15340909090909
translation_growth,TMTM,13,A,29.666411042944784,1146.09375,45.600440269916604,45.61464481537114,9.261363636363637
translation_growth,TMTM,13,B,65.97813901345292,783.984375,53.44134936082569,53.44134936082569,6.3352272727272725
translation_growth,TMTM,13,C,90.16810344827586,1019.53125,66.11180390628023,66.12600845173478,8.238636363636363
translation_growth,TMTM,14,A,29.891304347826086,1212.890625,45.37316754264387,45.37316754264387,9.801136363636363
translation_growth,TMTM,14,B,66.73853711790393,805.078125,53.55498572446206,53.55498572446206,6.505681818181818
translation_growth,TMTM,14,C,91.4217715231788,1061.71875,66.62316754264387,66.63737208809842,8.579545454545455
translation_growth,TMTM,15,A,30.125,1265.625,45.00384936082569,45.01805390628024,10.227272727272727
translation_growth,TMTM,15,B,67.394578313253,875.390625,53.69703117900751,53.69703117900751,7.073863636363636
translation_growth,TMTM,15,C,92.22426470588235,1075.78125,66.73680390628023,66.75100845173478,8.693181818181818
translation_growth,TMTM,16,A,30.147357723577237,1297.265625,44.74816754264387,44.74816754264387,10.482954545454545
translation_growth,TMTM,16,B,68.06617647058823,896.484375,53.64021299718933,53.64021299718933,7.244318181818182
translation_growth,TMTM,16,C,93.29296875,1125.0,67.27657663355296,67.29078117900751,9.09090909090909
translation_growth,TMTM,17,A,30.388283378746593,1290.234375,44.71975845173478,44.71975845173478,10.426136363636363
translation_growth,TMTM,17,B,68.5,896.484375,53.58339481537114,53.58339481537114,7.244318181818182
translation_growth,TMTM,17,C,94.306640625,1125.0,67.53225845173478,67.54646299718932,9.09090909090909
translation_growth,TMTM,18,A,30.553523936170212,1321.875,44.49248572446206,44.506690269916604,10.681818181818182
translation_growth,TMTM,18,B,69.20588235294117,896.484375,53.49816754264387,53.49816754264387,7.244318181818182
translation_growth,TMTM,18,C,95.17433234421365,1184.765625,68.04362208809842,68.04362208809842,9.573863636363637
translation_growth,TMTM,19,A,30.9375,1378.125,44.26521299718933,44.27941754264387,11.136363636363637
translation_growth,TMTM,19,B,69.89466292134831,938.671875,53.66862208809842,53.66862208809842,7.5852272727272725
translation_growth,TMTM,19,C,96.03429203539822,1191.796875,68.32771299718932,68.32771299718932,9.630681818181818
translation_growth,TMTM,20,A,31.03102189781022,1444.921875,43.86748572446206,43.86748572446206,11.676136363636363
translation_growth,TMTM,20,B,70.58552631578948,1001.953125,53.78225845173478,53.78225845173478,8.096590909090908
translation_growth,TMTM,20,C,97.05255681818181,1237.5,68.86748572446206,68.8816902699166,10.0
translation_growth,ST-MTM,0,A,27.361425339366516,776.953125,23.756440782422615,23.756440782422615,9.323437499999997
translation_growth,ST-MTM,0,B,57.67451298701299,541.40625,52.95244361209507,52.95244361209507,6.496875000000003
translation_growth,ST-MTM,0,C,78.10060975609755,720.703125,86.4276636879594,86.4276636879594,8.6484375
translation_growth,ST-MTM,1,A,27.62079831932773,836.71875,23.217904177157028,23.217904177157028,9.60983910891089
translation_growth,ST-MTM,1,B,58.5234375,562.5,52.947302547286576,52.947302547286576,6.460396039603964
translation_growth,ST-MTM,1,C,79.30889423076923,731.25,86.97134135803346,86.97134135803346,8.398514851485146
translation_growth,ST-MTM,2,A,27.636186770428015,903.515625,22.77330781399196,22.77330781399196,9.659706221198157
translation_growth,ST-MTM,2,B,59.0625,611.71875,52.95154655202462,52.95154655202462,6.540034562211986
translation_growth,ST-MTM,2,C,79.92613636363636,773.4375,87.41169371646048,87.41169371646048,8.269009216589865
translation_growth,ST-MTM,3,A,27.629310344827587,917.578125,22.280891596259494,22.280891596259494,9.647044939577043
translation_growth,ST-MTM,3,B,59.62923728813559,622.265625,52.95058590787809,52.95058590787809,6.542248867069489
translation_growth,ST-MTM,3,C,80.89285714285714,787.5,87.90507057833948,87.90507057833948,8.279456193353468
translation_growth,ST-MTM,4,A,27.921511627906977,907.03125,21.78674493842893,21.78674493842893,9.493139097744361
translation_growth,ST-MTM,4,B,60.30894886363637,618.75,52.885667700784765,52.885667700784765,6.475939849624055
translation_growth,ST-MTM,4,C,82.16720779220779,812.109375,88.46413544326339,88.46413544326339,8.499671052631584
translation_growth,ST-MTM,5,A,28.21768060836502,924.609375,21.426316884312296,21.426316884312296,9.505585302806502
translation_growth,ST-MTM,5,B,60.858050847457626,622.265625,52.830222437563414,52.830222437563414,6.397295051698677
translation_growth,ST-MTM,5,C,82.76107594936708,833.203125,88.88000876060137,88.88000876060137,8.565869645494843
translation_growth,ST-MTM,6,A,28.401315789473685,1001.953125,20.981321065177077,20.981321065177077,9.645357883817425
translation_growth,ST-MTM,6,B,61.54934210526316,667.96875,52.873925168781874,52.873925168781874,6.430238589211612
translation_growth,ST-MTM,6,C,83.7399193548387,871.875,89.28130184851813,89.28130184851813,8.393153526970963
translation_growth,ST-MTM,7,A,28.45218120805369,1047.65625,20.41438766784716,20.41438766784716,9.722250000000003
translation_growth,ST-MTM,7,B,62.29779411764706,717.1875,52.93929325027132,52.93929325027132,6.6555000000000035
translation_growth,ST-MTM,7,C,84.76058467741936,871.875,89.78286716435858,89.78286716435858,8.091000000000008
translation_growth,ST-MTM,8,A,28.70291095890411,1026.5625,20.03085012424646,20.03085012424646,9.53921895861148
translation_growth,ST-MTM,8,B,62.8125,696.09375,52.83024998765339,52.83024998765339,6.468374499332441
translation_growth,ST-MTM,8,C,85.56225868725869,910.546875,90.2754479705772,90.2754479705772,8.461156542056074
translation_growth,ST-MTM,9,A,28.88651877133106,1030.078125,19.512170976127866,19.512170976127866,9.521040836653384
translation_growth,ST-MTM,9,B,63.390151515151516,696.09375,52.70350434060941,52.70350434060941,6.434013944223111
translation_growth,ST-MTM,9,C,86.79389312977099,921.09375,90.92087276573977,90.92087276573977,8.51369521912352
translation_growth,ST-MTM,10,A,29.23076923076923,1096.875,19.094931106881727,19.094931106881727,9.61492443324937
translation_growth,ST-MTM,10,B,64.28571428571429,738.28125,52.78801827952304,52.78801827952304,6.471583753148607
translation_growth,ST-MTM,10,C,87.61488970588235,956.25,91.25359869607229,91.25359869607229,8.382241813602008
translation_growth,ST-MTM,11,A,29.0625,1167.1875,18.541507174045694,18.541507174045694,9.70564516129032
translation_growth,ST-MTM,11,B,64.88810043668123,805.078125,52.943357291795415,52.943357291795415,6.694556451612897
translation_growth,ST-MTM,11,C,88.3899456521739,970.3125,91.65168361663594,91.65168361663594,8.068548387096769
translation_growth,ST-MTM,12,A,29.35030395136778,1156.640625,18.044699954102565,18.044699954102565,9.538173874407583
translation_growth,ST-MTM,12,B,65.46052631578948,801.5625,52.74639629183225,52.74639629183225,6.610041469194314
translation_growth,ST-MTM,12,C,89.68641114982579,1008.984375,92.34545183654224,92.34545183654224,8.32053465639811
translation_growth,ST-MTM,13,A,29.666411042944784,1146.09375,17.787720215430795,17.787720215430795,9.507523837902262
translation_growth,ST-MTM,13,B,65.97813901345292,783.984375,52.73326480350831,52.73326480350831,6.5036129320619835
translation_growth,ST-MTM,13,C,90.16810344827586,1019.53125,92.61556306353793,92.61556306353793,8.457613230035747
translation_growth,ST-MTM,14,A,29.891304347826086,1212.890625,17.257617186954796,17.257617186954796,9.636665239726028
translation_growth,ST-MTM,14,B,66.73853711790393,805.078125,52.78153218477567,52.78153218477567,6.396511130136986
translation_growth,ST-MTM,14,C,91.4217715231788,1061.71875,93.09739871074659,93.09739871074659,8.435573630136986
translation_growth,ST-MTM,15,A,30.125,1265.625,16.846018439378604,16.846018439378604,9.627049180327871
translation_growth,ST-MTM,15,B,67.394578313253,875.390625,52.71205908180244,52.71205908180244,6.658709016393445
translation_growth,ST-MTM,15,C,92.22426470588235,1075.78125,93.57847056129603,93.57847056129603,8.182991803278696
translation_growth,ST-MTM,16,A,30.147357723577237,1297.265625,16.286477393169854,16.286477393169854,9.564585540254235
translation_growth,ST-MTM,16,B,68.06617647058823,896.484375,52.711505403373145,52.711505403373145,6.609672934322035
translation_growth,ST-MTM,16,C,93.29296875,1125.0,94.13856528593406,94.13856528593406,8.294491525423723
translation_growth,ST-MTM,17,A,30.388283378746593,1290.234375,15.883657462230259,15.883657462230259,9.532941878980889
translation_growth,ST-MTM,17,B,68.5,896.484375,52.58623239496541,52.58623239496541,6.623706210191088
translation_growth,ST-MTM,17,C,94.306640625,1125.0,94.6666582252814,94.6666582252814,8.312101910828034
translation_growth,ST-MTM,18,A,30.553523936170212,1321.875,15.385996596916904,15.385996596916904,9.504390495867767
translation_growth,ST-MTM,18,B,69.20588235294117,896.484375,52.55426025482274,52.55426025482274,6.445796745867767
translation_growth,ST-MTM,18,C,95.17433234421365,1184.765625,95.19629123073743,95.19629123073743,8.518562758264466
translation_growth,ST-MTM,19,A,30.9375,1378.125,15.017433838812071,15.017433838812071,9.610971943887776
translation_growth,ST-MTM,19,B,69.89466292134831,938.671875,52.59454925611513,52.59454925611513,6.546248747494985
translation_growth,ST-MTM,19,C,96.03429203539822,1191.796875,95.52456498754987,95.52456498754987,8.311529308617224
translation_growth,ST-MTM,20,A,31.03102189781022,1444.921875,14.500901822746437,14.500901822746437,9.596046040076335
translation_growth,ST-MTM,20,B,70.58552631578948,1001.953125,52.579626218198634,52.579626218198634,6.654192509541986
translation_growth,ST-MTM,20,C,97.05255681818181,1237.5,96.056020041532,96.056020041532,8.21851145038167
translation_growth,RA-MTM,0,A,27.361425339366516,776.953125,26.361425339366516,26.361415080520676,9.3234375
translation_growth,RA-MTM,0,B,57.67451298701299,541.40625,56.67451298701299,56.67452013571105,6.496875
translation_growth,RA-MTM,0,C,78.10060975609755,720.703125,79.10060975609755,79.10036846673695,8.6484375
translation_growth,RA-MTM,1,A,27.62079831932773,836.71875,26.62079831932773,26.620786276431815,10.040625
translation_growth,RA-MTM,1,B,58.5234375,562.5,57.5234375,57.523445596064505,6.75
translation_growth,RA-MTM,1,C,79.30889423076923,731.25,80.30889423076923,80.30865003874233,8.775
translation_growth,RA-MTM,2,A,27.636186770428015,903.515625,26.636186770428015,26.636165176457713,10.8421875
translation_growth,RA-MTM,2,B,59.0625,611.71875,58.0625,58.062514620041895,7.340625
translation_growth,RA-MTM,2,C,79.92613636363636,773.4375,80.92613636363636,80.92585799556817,9.28125
translation_growth,RA-MTM,3,A,27.629310344827587,917.578125,26.629310344827587,26.629285507680123,11.0109375
translation_growth,RA-MTM,3,B,59.62923728813559,622.265625,58.62923728813559,58.62925413171836,7.4671875000000005
translation_growth,RA-MTM,3,C,80.89285714285714,787.5,81.89285714285714,81.89257107382333,9.450000000000001
translation_growth,RA-MTM,4,A,27.921511627906977,907.03125,26.921511627906977,26.921481797207193,10.884375
translation_growth,RA-MTM,4,B,60.30894886363637,618.75,59.30894886363637,59.30896921326082,7.425
translation_growth,RA-MTM,4,C,82.16720779220779,812.109375,83.16720779220779,83.16692646860108,9.7453125
translation_growth,RA-MTM,5,A,28.21768060836502,924.609375,27.21768060836502,27.217647333892643,11.0953125
translation_growth,RA-MTM,5,B,60.858050847457626,622.265625,59.858050847457626,59.858073241303835,7.4671875000000005
translation_growth,RA-MTM,5,C,82.76107594936708,833.203125,83.76107594936708,83.76080029489684,9.9984375
translation_growth,RA-MTM,6,A,28.401315789473685,1001.953125,27.401315789473685,27.40127132709271,12.0234375
translation_growth,RA-MTM,6,B,61.54934210526316,667.96875,60.54934210526316,60.54937174685057,8.015625
translation_growth,RA-MTM,6,C,83.7399193548387,871.875,84.7399193548387,84.73959900354699,10.4625
translation_growth,RA-MTM,7,A,28.45218120805369,1047.65625,27.45218120805369,27.45213601016961,12.571875
translation_growth,RA-MTM,7,B,62.29779411764706,717.1875,61.29779411764706,61.297825058480754,8.606250000000001
translation_growth,RA-MTM,7,C,84.76058467741936,871.875,85.76058467741936,85.76023856846669,10.4625
translation_growth,RA-MTM,8,A,28.70291095890411,1026.5625,27.70291095890411,27.702859503761378,12.31875
translation_growth,RA-MTM,8,B,62.8125,696.09375,61.8125,61.81253489081615,8.353125
translation_growth,RA-MTM,8,C,85.56225868725869,910.546875,86.56225868725869,86.56193697779496,10.926562500000001
translation_growth,RA-MTM,9,A,28.88651877133106,1030.078125,27.88651877133106,27.886465784086084,12.3609375
translation_growth,RA-MTM,9,B,63.390151515151516,696.09375,62.390151515151516,62.39018732223184,8.353125
translation_growth,RA-MTM,9,C,86.79389312977099,921.09375,87.79389312977099,87.79357545661259,11.053125
translation_growth,RA-MTM,10,A,29.23076923076923,1096.875,28.23076923076923,28.230706680945655,13.1625
translation_growth,RA-MTM,10,B,64.28571428571429,738.28125,63.28571428571429,63.28575638655723,8.859375
translation_growth,RA-MTM,10,C,87.61488970588235,956.25,88.61488970588235,88.61454053187956,11.475
translation_growth,RA-MTM,11,A,29.0625,1167.1875,28.0625,28.062431182353492,14.00625
translation_growth,RA-MTM,11,B,64.88810043668123,805.078125,63.88810043668123,63.88814790427471,9.660937500000001
translation_growth,RA-MTM,11,C,88.3899456521739,970.3125,89.3899456521739,89.38954999885176,11.64375
translation_growth,RA-MTM,12,A,29.35030395136778,1156.640625,28.35030395136778,28.350228566971456,13.879687500000001
translation_growth,RA-MTM,12,B,65.46052631578948,801.5625,64.46052631578948,64.46057855786337,9.61875
translation_growth,RA-MTM,12,C,89.68641114982579,1008.984375,90.68641114982579,90.68602967327689,12.1078125
translation_growth,RA-MTM,13,A,29.666411042944784,1146.09375,28.666411042944784,28.666335859856687,13.753125
translation_growth,RA-MTM,13,B,65.97813901345292,783.984375,64.97813901345292,64.97819044237478,9.4078125
translation_growth,RA-MTM,13,C,90.16810344827586,1019.53125,91.16810344827586,91.16774096077796,12.234375
translation_growth,RA-MTM,14,A,29.891304347826086,1212.890625,28.891304347826086,28.891215296708335,14.5546875
translation_growth,RA-MTM,14,B,66.73853711790393,805.078125,65.73853711790393,65.73859622719695,9.660937500000001
translation_growth,RA-MTM,14,C,91.4217715231788,1061.71875,92.4217715231788,92.42137372630597,12.740625
translation_growth,RA-MTM,15,A,30.125,1265.625,29.125,29.124908498861956,15.1875
translation_growth,RA-MTM,15,B,67.394578313253,875.390625,66.394578313253,66.39464160154027,10.504687500000001
translation_growth,RA-MTM,15,C,92.22426470588235,1075.78125,93.22426470588235,93.22384229186234,12.909375
translation_growth,RA-MTM,16,A,30.147357723577237,1297.265625,29.147357723577237,29.147253849494902,15.567187500000001
translation_growth,RA-MTM,16,B,68.06617647058823,896.484375,67.06617647058823,67.06624825349056,10.7578125
translation_growth,RA-MTM,16,C,93.29296875,1125.0,94.29296875,94.29253074399278,13.5
translation_growth,RA-MTM,17,A,30.388283378746593,1290.234375,29.388283378746593,29.38818130682009,15.4828125
translation_growth,RA-MTM,17,B,68.5,896.484375,67.5,67.50007092191095,10.7578125
translation_growth,RA-MTM,17,C,94.306640625,1125.0,95.306640625,95.30621106034148,13.5
translation_growth,RA-MTM,18,A,30.553523936170212,1321.875,29.553523936170212,29.55340982180682,15.8625
translation_growth,RA-MTM,18,B,69.20588235294117,896.484375,68.20588235294117,68.20595974433168,10.7578125
translation_growth,RA-MTM,18,C,95.17433234421365,1184.765625,96.17433234421365,96.17390426300747,14.2171875
translation_growth,RA-MTM,19,A,30.9375,1378.125,29.9375,29.93738180159809,16.5375
translation_growth,RA-MTM,19,B,69.89466292134831,938.671875,68.89466292134831,68.89474342893323,11.2640625
translation_growth,RA-MTM,19,C,96.03429203539822,1191.796875,97.03429203539822,97.03383478610705,14.301562500000001
translation_growth,RA-MTM,20,A,31.03102189781022,1444.921875,30.03102189781022,30.03089088693302,17.3390625
translation_growth,RA-MTM,20,B,70.58552631578948,1001.953125,69.58552631578948,69.5856171627481,12.0234375
translation_growth,RA-MTM,20,C,97.05255681818181,1237.5,98.05255681818181,98.052062664861,14.85
local_growth,TMTM,0,A,27.361425339366516,776.953125,47.787940269916604,47.787940269916604,6.278409090909091
local_growth,TMTM,0,B,57.67451298701299,541.40625,53.12884936082569,53.14305390628024,4.375
local_growth,TMTM,0,C,78.10060975609755,720.703125,62.219758451734776,62.219758451734776,5.823863636363636
local_growth,TMTM,1,A,27.289772727272727,773.4375,47.81634936082569,47.83055390628024,6.25
local_growth,TMTM,1,B,57.611464968152866,551.953125,53.21407663355296,53.21407663355296,4.4602272727272725
local_growth,TMTM,1,C,78.0410447761194,706.640625,62.219758451734776,62.219758451734776,5.7102272727272725
local_growth,TMTM,2,A,27.289772727272727,773.4375,47.87316754264387,47.88737208809842,6.25
local_growth,TMTM,2,B,57.68518518518518,569.53125,53.32771299718933,53.34191754264387,4.6022727272727275
local_growth,TMTM,2,C,78.02356020942409,671.484375,62.07771299718932,62.07771299718932,5.426136363636363
local_growth,TMTM,3,A,27.289772727272727,773.4375,47.81634936082569,47.83055390628024,6.25
local_growth,TMTM,3,B,57.5735294117647,597.65625,53.38453117900751,53.39873572446206,4.829545454545454
local_growth,TMTM,3,C,78.1815159574468,660.9375,62.10612208809842,62.12032663355296,5.340909090909091
local_growth,TMTM,4,A,27.289772727272727,773.4375,47.73112208809842,47.74532663355296,6.25
local_growth,TMTM,4,B,57.68571428571428,615.234375,53.38453117900751,53.38453117900751,4.971590909090909
local_growth,TMTM,4,C,78.2586898395722,657.421875,62.10612208809842,62.10612208809842,5.3125
local_growth,TMTM,5,A,27.289772727272727,773.4375,47.787940269916604,47.80214481537114,6.25
local_growth,TMTM,5,B,57.76639344262295,643.359375,53.55498572446206,53.55498572446206,5.198863636363636
local_growth,TMTM,5,C,78.17796610169492,622.265625,61.93566754264387,61.93566754264387,5.028409090909091
local_growth,TMTM,6,A,27.289772727272727,773.4375,47.67430390628024,47.68850845173478,6.25
local_growth,TMTM,6,B,57.9296875,675.0,53.55498572446206,53.569190269916604,5.454545454545454
local_growth,TMTM,6,C,78.17142857142858,615.234375,61.850440269916604,61.850440269916604,4.971590909090909
local_growth,TMTM,7,A,27.2838785046729,752.34375,47.67430390628024,47.68850845173478,6.079545454545454
local_growth,TMTM,7,B,57.9296875,675.0,53.46975845173478,53.48396299718933,5.454545454545454
local_growth,TMTM,7,C,78.17142857142858,615.234375,61.93566754264387,61.93566754264387,4.971590909090909
local_growth,TMTM,8,A,27.285714285714285,738.28125,47.70271299718933,47.71691754264387,5.965909090909091
local_growth,TMTM,8,B,57.9296875,675.0,53.44134936082569,53.45555390628024,5.454545454545454
local_growth,TMTM,8,C,78.15390173410404,608.203125,62.04930390628023,62.04930390628023,4.9147727272727275
local_growth,TMTM,9,A,27.1875,731.25,47.787940269916604,47.80214481537114,5.909090909090909
local_growth,TMTM,9,B,57.9296875,675.0,53.49816754264387,53.51237208809842,5.454545454545454
local_growth,TMTM,9,C,78.04266467065868,587.109375,61.99248572446206,61.99248572446206,4.744318181818182
local_growth,TMTM,10,A,27.38051470588235,717.1875,47.81634936082569,47.83055390628024,5.795454545454545
local_growth,TMTM,10,B,57.9296875,675.0,53.46975845173478,53.48396299718933,5.454545454545454
local_growth,TMTM,10,C,78.02710843373494,583.59375,62.04930390628023,62.063508451734776,4.715909090909091
local_growth,TMTM,11,A,27.417091836734695,689.0625,47.90157663355296,47.91578117900751,5.568181818181818
local_growth,TMTM,11,B,57.9296875,675.0,53.44134936082569,53.45555390628024,5.454545454545454
local_growth,TMTM,11,C,78.00707547169812,558.984375,61.99248572446206,61.99248572446206,4.517045454545454
local_growth,TMTM,12,A,27.24206349206349,664.453125,47.95839481537114,47.95839481537114,5.369318181818182
local_growth,TMTM,12,B,57.8529792746114,678.515625,53.412940269916604,53.412940269916604,5.482954545454545
local_growth,TMTM,12,C,78.05600649350649,541.40625,61.8788493608257,61.89305390628023,4.375
local_growth,TMTM,13,A,27.340353260869566,646.875,48.01521299718933,48.02941754264387,5.2272727272727275
local_growth,TMTM,13,B,57.8529792746114,678.515625,53.412940269916604,53.412940269916604,5.482954545454545
local_growth,TMTM,13,C,78.1,527.34375,61.73680390628023,61.751008451734776,4.261363636363636
local_growth,TMTM,14,A,27.28230337078652,625.78125,47.98680390628024,48.00100845173478,5.056818181818182
local_growth,TMTM,14,B,57.81730769230769,685.546875,53.32771299718933,53.32771299718933,5.5397727272727275
local_growth,TMTM,14,C,78.14597315436242,523.828125,61.907258451734776,61.907258451734776,4.232954545454545
local_growth,TMTM,15,A,27.28230337078652,625.78125,47.95839481537114,47.97259936082569,5.056818181818182
local_growth,TMTM,15,B,57.763324873096444,692.578125,53.32771299718933,53.32771299718933,5.596590909090909
local_growth,TMTM,15,C,78.14597315436242,523.828125,61.99248572446206,61.99248572446206,4.232954545454545
local_growth,TMTM,16,A,27.347301136363637,618.75,48.04362208809842,48.05782663355296,5.0
local_growth,TMTM,16,B,57.763324873096444,692.578125,53.38453117900751,53.38453117900751,5.596590909090909
local_growth,TMTM,16,C,78.18618881118881,502.734375,61.96407663355296,61.96407663355296,4.0625
local_growth,TMTM,17,A,27.296511627906977,604.6875,48.07203117900751,48.08623572446206,4.886363636363636
local_growth,TMTM,17,B,57.67723880597015,706.640625,53.412940269916604,53.412940269916604,5.7102272727272725
local_growth,TMTM,17,C,78.24728260869566,485.15625,61.99248572446206,62.006690269916604,3.9204545454545454
local_growth,TMTM,18,A,27.296511627906977,604.6875,47.95839481537114,47.97259936082569,4.886363636363636
local_growth,TMTM,18,B,57.54807692307692,731.25,53.38453117900751,53.39873572446206,5.909090909090909
local_growth,TMTM,18,C,78.24728260869566,485.15625,62.04930390628023,62.063508451734776,3.9204545454545454
local_growth,TMTM,19,A,27.296511627906977,604.6875,47.90157663355296,47.91578117900751,4.886363636363636
local_growth,TMTM,19,B,57.529205607476634,752.34375,53.412940269916604,53.42714481537114,6.079545454545454
local_growth,TMTM,19,C,78.33941605839416,481.640625,62.04930390628023,62.04930390628023,3.8920454545454546
local_growth,TMTM,20,A,27.296511627906977,604.6875,47.87316754264387,47.88737208809842,4.886363636363636
local_growth,TMTM,20,B,57.72260273972603,769.921875,53.46975845173478,53.46975845173478,6.221590909090909
local_growth,TMTM,20,C,78.14832089552239,471.09375,61.907258451734776,61.92146299718932,3.8068181818181817
local_growth,ST-MTM,0,A,27.361425339366516,776.953125,23.756440782422615,23.756440782422615,9.323437499999997
local_growth,ST-MTM,0,B,57.67451298701299,541.40625,52.95244361209507,52.95244361209507,6.496875000000003
local_growth,ST-MTM,0,C,78.10060975609755,720.703125,86.4276636879594,86.4276636879594,8.6484375
local_growth,ST-MTM,1,A,27.289772727272727,773.4375,23.744911523984115,23.744911523984115,9.313365051903112
local_growth,ST-MTM,1,B,57.611464968152866,551.953125,52.94356939226609,52.94356939226609,6.646355968858131
local_growth,ST-MTM,1,C,78.0410447761194,706.640625,86.44806716622686,86.44806716622686,8.509028979238764
local_growth,ST-MTM,2,A,27.289772727272727,773.4375,23.686565532690043,23.686565532690043,9.394633507853406
local_growth,ST-MTM,2,B,57.68518518518518,569.53125,52.92904996147913,52.92904996147913,6.917866492146601
local_growth,ST-MTM,2,C,78.02356020942409,671.484375,86.52093258830791,86.52093258830791,8.15625
local_growth,ST-MTM,3,A,27.289772727272727,773.4375,23.67790814066359,23.67790814066359,9.313365051903112
local_growth,ST-MTM,3,B,57.5735294117647,597.65625,52.822121785216446,52.822121785216446,7.196691176470594
local_growth,ST-MTM,3,C,78.1815159574468,660.9375,86.63651815659703,86.63651815659703,7.958693771626287
local_growth,ST-MTM,4,A,27.289772727272727,773.4375,23.613665519324716,23.613665519324716,9.249355670103093
local_growth,ST-MTM,4,B,57.68571428571428,615.234375,52.907349115232975,52.907349115232975,7.357442010309285
local_growth,ST-MTM,4,C,78.2586898395722,657.421875,86.61553344791936,86.61553344791936,7.86195231958763
local_growth,ST-MTM,5,A,27.289772727272727,773.4375,23.6375785060535,23.6375785060535,9.28125
local_growth,ST-MTM,5,B,57.76639344262295,643.359375,52.98947530679748,52.98947530679748,7.720312500000006
local_growth,ST-MTM,5,C,78.17796610169492,622.265625,86.50949426962606,86.50949426962606,7.467187499999994
local_growth,ST-MTM,6,A,27.289772727272727,773.4375,23.59568469756072,23.59568469756072,9.170570698466783
local_growth,ST-MTM,6,B,57.9296875,675.0,53.073297623189504,53.073297623189504,8.003407155025556
local_growth,ST-MTM,6,C,78.17142857142858,615.234375,86.46756576172682,86.46756576172682,7.294772146507654
local_growth,ST-MTM,7,A,27.2838785046729,752.34375,23.554906044951746,23.554906044951746,9.012586058519794
local_growth,ST-MTM,7,B,57.9296875,675.0,53.094660145111725,53.094660145111725,8.086058519793454
local_growth,ST-MTM,7,C,78.17142857142858,615.234375,86.48698189241355,86.48698189241355,7.370105421686759
local_growth,ST-MTM,8,A,27.285714285714285,738.28125,23.548329370488535,23.548329370488535,8.936413043478261
local_growth,ST-MTM,8,B,57.9296875,675.0,53.09086664348008,53.09086664348008,8.170434782608694
local_growth,ST-MTM,8,C,78.15390173410404,608.203125,86.49735206850842,86.49735206850842,7.361902173913052
local_growth,ST-MTM,9,A,27.1875,731.25,23.500335097883152,23.500335097883152,8.976190476190474
local_growth,ST-MTM,9,B,57.9296875,675.0,53.13884473088845,53.13884473088845,8.285714285714292
local_growth,ST-MTM,9,C,78.04266467065868,587.109375,86.49736825370543,86.49736825370543,7.206845238095241
local_growth,ST-MTM,10,A,27.38051470588235,717.1875,23.650909866016125,23.650909866016125,8.881895017793596
local_growth,ST-MTM,10,B,57.9296875,675.0,53.102920933716646,53.102920933716646,8.359430604982208
local_growth,ST-MTM,10,C,78.02710843373494,583.59375,86.38271728274425,86.38271728274425,7.227424377224196
local_growth,ST-MTM,11,A,27.417091836734695,689.0625,23.724804722064782,23.724804722064782,8.767595978062161
local_growth,ST-MTM,11,B,57.9296875,675.0,53.085408797073214,53.085408797073214,8.588665447897625
local_growth,ST-MTM,11,C,78.00707547169812,558.984375,86.32633456333902,86.32633456333902,7.1124885740402135
local_growth,ST-MTM,12,A,27.24206349206349,664.453125,23.61498624353728,23.61498624353728,8.627973414179102
local_growth,ST-MTM,12,B,57.8529792746114,678.515625,53.13062174401441,53.13062174401441,8.810576026119406
local_growth,ST-MTM,12,C,78.05600649350649,541.40625,86.39094009492534,86.39094009492534,7.030200559701484
local_growth,ST-MTM,13,A,27.340353260869566,646.875,23.648795873609547,23.648795873609547,8.543168880455404
local_growth,ST-MTM,13,B,57.8529792746114,678.515625,53.07986876513379,53.07986876513379,8.961041271347241
local_growth,ST-MTM,13,C,78.1,527.34375,86.4078834437337,86.4078834437337,6.964539848197347
local_growth,ST-MTM,14,A,27.28230337078652,625.78125,23.63339834304773,23.63339834304773,8.34375
local_growth,ST-MTM,14,B,57.81730769230769,685.546875,53.024421756057464,53.024421756057464,9.140625
local_growth,ST-MTM,14,C,78.14597315436242,523.828125,86.47872798337184,86.47872798337184,6.984375
local_growth,ST-MTM,15,A,27.28230337078652,625.78125,23.649277718558082,23.649277718558082,8.311903625954201
local_growth,ST-MTM,15,B,57.763324873096444,692.578125,52.976017373500056,52.976017373500056,9.199129293893122
local_growth,ST-MTM,15,C,78.14597315436242,523.828125,86.51125299041888,86.51125299041888,6.957717080152662
local_growth,ST-MTM,16,A,27.347301136363637,618.75,23.64414589321379,23.64414589321379,8.345930232558139
local_growth,ST-MTM,16,B,57.763324873096444,692.578125,52.92744297605694,52.92744297605694,9.34175145348837
local_growth,ST-MTM,16,C,78.18618881118881,502.734375,86.56495921320631,86.56495921320631,6.781068313953483
local_growth,ST-MTM,17,A,27.296511627906977,604.6875,23.636338159518452,23.636338159518452,8.236056751467714
local_growth,ST-MTM,17,B,57.67723880597015,706.640625,52.90967992573236,52.90967992573236,9.624694227005875
local_growth,ST-MTM,17,C,78.24728260869566,485.15625,86.5905299972262,86.5905299972262,6.60799902152641
local_growth,ST-MTM,18,A,27.296511627906977,604.6875,23.673863217204556,23.673863217204556,8.12475868725869
local_growth,ST-MTM,18,B,57.54807692307692,731.25,52.83634760524858,52.83634760524858,9.825289575289574
local_growth,ST-MTM,18,C,78.24728260869566,485.15625,86.62633726002389,86.62633726002389,6.5187017374517495
local_growth,ST-MTM,19,A,27.296511627906977,604.6875,23.668372869520663,23.668372869520663,8.047084130019122
local_growth,ST-MTM,19,B,57.529205607476634,752.34375,52.77189590840772,52.77189590840772,10.012069789674953
local_growth,ST-MTM,19,C,78.33941605839416,481.640625,86.69627930454865,86.69627930454865,6.409596080305931
local_growth,ST-MTM,20,A,27.296511627906977,604.6875,23.65269448631512,23.65269448631512,8.01642857142857
local_growth,ST-MTM,20,B,57.72260273972603,769.921875,52.91978161744741,52.91978161744741,10.206964285714292
local_growth,ST-MTM,20,C,78.14832089552239,471.09375,86.5640719787145,86.5640719787145,6.245357142857131
local_growth,RA-MTM,0,A,27.361425339366516,776.953125,26.361425339366516,26.361415080520676,9.3234375
local_growth,RA-MTM,0,B,57.67451298701299,541.40625,56.67451298701299,56.67452013571105,6.496875
local_growth,RA-MTM,0,C,78.10060975609755,720.703125,79.10060975609755,79.10036846673695,8.6484375
local_growth,RA-MTM,1,A,27.289772727272727,773.4375,26.289772727272727,26.289766004160363,9.28125
local_growth,RA-MTM,1,B,57.611464968152866,551.953125,56.611464968152866,56.61146976601035,6.6234375000000005
local_growth,RA-MTM,1,C,78.0410447761194,706.640625,79.0410447761194,79.0408218190259,8.4796875
local_growth,RA-MTM,2,A,27.289772727272727,773.4375,26.289772727272727,26.289772708483312,9.28125
local_growth,RA-MTM,2,B,57.68518518518518,569.53125,56.68518518518518,56.68518519902062,6.8343750000000005
local_growth,RA-MTM,2,C,78.02356020942409,671.484375,79.02356020942409,79.02334324145151,8.0578125
local_growth,RA-MTM,3,A,27.289772727272727,773.4375,26.289772727272727,26.289774623937294,9.28125
local_growth,RA-MTM,3,B,57.5735294117647,597.65625,56.5735294117647,56.57352794616031,7.171875
local_growth,RA-MTM,3,C,78.1815159574468,660.9375,79.1815159574468,79.18129180763,7.93125
local_growth,RA-MTM,4,A,27.289772727272727,773.4375,26.289772727272727,26.289775293925562,9.28125
local_growth,RA-MTM,4,B,57.68571428571428,615.234375,56.68571428571428,56.68571224405856,7.3828125
local_growth,RA-MTM,4,C,78.2586898395722,657.421875,79.2586898395722,79.25845826780822,7.8890625000000005
local_growth,RA-MTM,5,A,27.289772727272727,773.4375,26.289772727272727,26.28978163398326,9.28125
local_growth,RA-MTM,5,B,57.76639344262295,643.359375,56.76639344262295,56.76638603385914,7.7203125
local_growth,RA-MTM,5,C,78.17796610169492,622.265625,79.17796610169492,79.17772908222224,7.4671875000000005
local_growth,RA-MTM,6,A,27.289772727272727,773.4375,26.289772727272727,26.289782814320663,9.28125
local_growth,RA-MTM,6,B,57.9296875,675.0,56.9296875,56.92967869675811,8.1
local_growth,RA-MTM,6,C,78.17142857142858,615.234375,79.17142857142858,79.17118396765096,7.3828125
local_growth,RA-MTM,7,A,27.2838785046729,752.34375,26.2838785046729,26.283888245215888,9.028125000000001
local_growth,RA-MTM,7,B,57.9296875,675.0,56.9296875,56.92967876082156,8.1
local_growth,RA-MTM,7,C,78.17142857142858,615.234375,79.17142857142858,79.17119311367435,7.3828125
local_growth,RA-MTM,8,A,27.285714285714285,738.28125,26.285714285714285,26.285724935543158,8.859375
local_growth,RA-MTM,8,B,57.9296875,675.0,56.9296875,56.92967776301371,8.1
local_growth,RA-MTM,8,C,78.15390173410404,608.203125,79.15390173410404,79.15367332799461,7.2984375
local_growth,RA-MTM,9,A,27.1875,731.25,26.1875,26.18751375681293,8.775
local_growth,RA-MTM,9,B,57.9296875,675.0,56.9296875,56.92967480140297,8.1
local_growth,RA-MTM,9,C,78.04266467065868,587.109375,79.04266467065868,79.04244359372123,7.0453125000000005
local_growth,RA-MTM,10,A,27.38051470588235,717.1875,26.38051470588235,26.380528898040733,8.606250000000001
local_growth,RA-MTM,10,B,57.9296875,675.0,56.9296875,56.92967414267465,8.1
local_growth,RA-MTM,10,C,78.02710843373494,583.59375,79.02710843373494,79.02688987365626,7.003125
local_growth,RA-MTM,11,A,27.417091836734695,689.0625,26.417091836734695,26.417109044289866,8.26875
local_growth,RA-MTM,11,B,57.9296875,675.0,56.9296875,56.929670643619374,8.1
local_growth,RA-MTM,11,C,78.00707547169812,558.984375,79.00707547169812,79.00686884336211,6.7078125
local_growth,RA-MTM,12,A,27.24206349206349,664.453125,26.24206349206349,26.242082531596232,7.9734375
local_growth,RA-MTM,12,B,57.8529792746114,678.515625,56.8529792746114,56.85295983212558,8.1421875
local_growth,RA-MTM,12,C,78.05600649350649,541.40625,79.05600649350649,79.0558077748109,6.496875
local_growth,RA-MTM,13,A,27.340353260869566,646.875,26.340353260869566,26.34037348960202,7.7625
local_growth,RA-MTM,13,B,57.8529792746114,678.515625,56.8529792746114,56.85295805643024,8.1421875
local_growth,RA-MTM,13,C,78.1,527.34375,79.1,79.0998092916608,6.328125
local_growth,RA-MTM,14,A,27.28230337078652,625.78125,26.28230337078652,26.28232324408372,7.509375
local_growth,RA-MTM,14,B,57.81730769230769,685.546875,56.81730769230769,56.81728592099886,8.2265625
local_growth,RA-MTM,14,C,78.14597315436242,523.828125,79.14597315436242,79.14578779578643,6.2859375
local_growth,RA-MTM,15,A,27.28230337078652,625.78125,26.28230337078652,26.28232323347317,7.509375
local_growth,RA-MTM,15,B,57.763324873096444,692.578125,56.763324873096444,56.76330289023558,8.3109375
local_growth,RA-MTM,15,C,78.14597315436242,523.828125,79.14597315436242,79.14578580471998,6.2859375
local_growth,RA-MTM,16,A,27.347301136363637,618.75,26.347301136363637,26.347322966991474,7.425
local_growth,RA-MTM,16,B,57.763324873096444,692.578125,56.763324873096444,56.763300437677806,8.3109375
local_growth,RA-MTM,16,C,78.18618881118881,502.734375,79.18618881118881,79.18600840149762,6.0328125
local_growth,RA-MTM,17,A,27.296511627906977,604.6875,26.296511627906977,26.296535234478764,7.2562500000000005
local_growth,RA-MTM,17,B,57.67723880597015,706.640625,56.67723880597015,56.67721121922049,8.4796875
local_growth,RA-MTM,17,C,78.24728260869566,485.15625,79.24728260869566,79.24710134181292,5.821875
local_growth,RA-MTM,18,A,27.296511627906977,604.6875,26.296511627906977,26.296535395581667,7.2562500000000005
local_growth,RA-MTM,18,B,57.54807692307692,731.25,56.54807692307692,56.54804818077287,8.775
local_growth,RA-MTM,18,C,78.24728260869566,485.15625,79.24728260869566,79.24709263883135,5.821875
local_growth,RA-MTM,19,A,27.296511627906977,604.6875,26.296511627906977,26.296535856781734,7.2562500000000005
local_growth,RA-MTM,19,B,57.529205607476634,752.34375,56.529205607476634,56.52917546224874,9.028125000000001
local_growth,RA-MTM,19,C,78.33941605839416,481.640625,79.33941605839416,79.33921937616623,5.7796875000000005
local_growth,RA-MTM,20,A,27.296511627906977,604.6875,26.296511627906977,26.296536982592638,7.2562500000000005
local_growth,RA-MTM,20,B,57.72260273972603,769.921875,56.72260273972603,56.7225704567249,9.239062500000001
local_growth,RA-MTM,20,C,78.14832089552239,471.09375,79.14832089552239,79.14812029397423,5.653125
hierarchy_change,TMTM,0,A,25.261429961089494,1807.03125,50.65143964543573,50.665644190890276,14.602272727272727
hierarchy_change,TMTM,0,B,38.67703045685279,2077.734375,66.39007600907209,66.39007600907209,16.789772727272727
hierarchy_change,TMTM,0,C,78.08219178082192,1796.484375,32.299166918163,32.299166918163,14.517045454545453
hierarchy_change,TMTM,0,D,92.77260638297872,1982.8125,85.45257600907209,85.46678055452665,16.022727272727273
hierarchy_change,TMTM,1,A,25.560897435897434,1645.3125,51.134394190890276,51.14859873634482,13.295454545454545
hierarchy_change,TMTM,1,B,38.836287313432834,1884.375,65.424166918163,65.43837146361756,15.227272727272727
hierarchy_change,TMTM,1,C,78.35170340681363,1754.296875,33.03780328179937,33.03780328179937,14.176136363636363
hierarchy_change,TMTM,1,D,92.9763986013986,2010.9375,85.31053055452665,85.32473509998118,16.25
hierarchy_change,TMTM,2,A,25.700503355704697,1571.484375,82.55484873634481,82.55484873634481,12.698863636363637
hierarchy_change,TMTM,2,B,39.24607072691552,1789.453125,68.94689419089028,68.94689419089028,14.460227272727272
hierarchy_change,TMTM,2,C,78.58272821576763,1694.53125,33.49234873634482,33.50655328179937,13.693181818181818
hierarchy_change,TMTM,2,D,92.99115245009074,1937.109375,48.20825782725392,48.20825782725392,15.65340909090909
hierarchy_change,TMTM,3,A,25.90412621359223,1448.4375,81.9582578272539,81.97246237270846,11.704545454545455
hierarchy_change,TMTM,3,B,39.375,1669.921875,69.34462146361756,69.34462146361756,13.494318181818182
hierarchy_change,TMTM,3,C,78.68885869565217,1617.1875,34.003712372708456,34.017916918163,13.068181818181818
hierarchy_change,TMTM,3,D,93.08085501858736,1891.40625,48.20825782725392,48.222462372708456,15.284090909090908
hierarchy_change,TMTM,4,A,26.12837837837838,1300.78125,81.13439419089028,81.14859873634481,10.511363636363637
hierarchy_change,TMTM,4,B,39.51080607476636,1504.6875,69.7707578272539,69.78496237270846,12.159090909090908
hierarchy_change,TMTM,4,C,78.90066964285714,1575.0,34.571894190890276,34.58609873634482,12.727272727272727
hierarchy_change,TMTM,4,D,93.50841346153847,1828.125,48.35030328179937,48.36450782725391,14.772727272727272
hierarchy_change,TMTM,5,A,26.25,1212.890625,80.22530328179937,80.22530328179937,9.801136363636363
hierarchy_change,TMTM,5,B,39.775763358778626,1381.640625,69.71393964543574,69.71393964543574,11.164772727272727
hierarchy_change,TMTM,5,C,78.93229166666667,1518.75,35.509394190890276,35.52359873634482,12.272727272727272
hierarchy_change,TMTM,5,D,93.70931952662721,1782.421875,48.8900760090721,48.8900760090721,14.40340909090909
hierarchy_change,TMTM,6,A,26.6484375,1125.0,78.69121237270846,78.705416918163,9.09090909090909
hierarchy_change,TMTM,6,B,39.998282967032964,1279.6875,68.94689419089028,68.96109873634481,10.34090909090909
hierarchy_change,TMTM,6,C,79.1636690647482,1466.015625,37.0150760090721,37.0150760090721,11.846590909090908
hierarchy_change,TMTM,6,D,93.86910860655738,1715.625,49.884394190890276,49.89859873634482,13.863636363636363
hierarchy_change,TMTM,7,A,26.581632653061224,1033.59375,77.5832578272539,77.59746237270846,8.352272727272727
hierarchy_change,TMTM,7,B,40.04303892215569,1174.21875,68.63439419089028,68.64859873634481,9.488636363636363
hierarchy_change,TMTM,7,C,79.48877805486285,1409.765625,38.09462146361755,38.09462146361755,11.392045454545455
hierarchy_change,TMTM,7,D,94.14516129032258,1634.765625,50.424166918163,50.424166918163,13.210227272727272
hierarchy_change,TMTM,8,A,26.927281368821294,924.609375,76.049166918163,76.049166918163,7.471590909090909
hierarchy_change,TMTM,8,B,40.25292642140468,1051.171875,68.03780328179937,68.03780328179937,8.494318181818182
hierarchy_change,TMTM,8,C,79.6875,1364.0625,52.441212372708456,52.455416918163,11.022727272727272
hierarchy_change,TMTM,8,D,94.33774834437087,1592.578125,40.39575782725392,40.39575782725392,12.869318181818182
hierarchy_change,TMTM,9,A,27.054655870445345,868.359375,75.25371237270846,75.25371237270846,7.017045454545454
hierarchy_change,TMTM,9,B,40.42883211678832,963.28125,67.81053055452665,67.82473509998118,7.784090909090909
hierarchy_change,TMTM,9,C,79.90463215258856,1290.234375,53.066212372708456,53.066212372708456,10.426136363636363
hierarchy_change,TMTM,9,D,94.51357466063348,1553.90625,40.93553055452664,40.94973509998118,12.556818181818182
hierarchy_change,TMTM,10,A,27.243150684931507,769.921875,74.4582578272539,74.4582578272539,6.221590909090909
hierarchy_change,TMTM,10,B,40.77017716535433,892.96875,67.69689419089028,67.71109873634481,7.215909090909091
hierarchy_change,TMTM,10,C,80.21739130434783,1212.890625,53.74803055452664,53.74803055452664,9.801136363636363
hierarchy_change,TMTM,10,D,94.69842657342657,1508.203125,41.674166918163,41.674166918163,12.1875
hierarchy_change,TMTM,11,A,27.440625,703.125,73.40712146361756,73.42132600907209,5.681818181818182
hierarchy_change,TMTM,11,B,40.95,791.015625,67.35598509998118,67.35598509998118,6.392045454545454
hierarchy_change,TMTM,11,C,80.32386363636364,1160.15625,53.80484873634482,53.81905328179937,9.375
hierarchy_change,TMTM,11,D,94.8328125,1406.25,42.6400760090721,42.65428055452664,11.363636363636363
hierarchy_change,TMTM,12,A,27.726293103448278,611.71875,72.38439419089028,72.39859873634481,4.943181818181818
hierarchy_change,TMTM,12,B,41.181640625,675.0,67.15712146361756,67.17132600907209,5.454545454545454
hierarchy_change,TMTM,12,C,80.48267326732673,1065.234375,54.628712372708456,54.628712372708456,8.607954545454545
hierarchy_change,TMTM,12,D,94.93878865979381,1364.0625,43.43553055452664,43.44973509998118,11.022727272727272
hierarchy_change,TMTM,13,A,27.724056603773583,558.984375,71.92984873634481,71.92984873634481,4.517045454545454
hierarchy_change,TMTM,13,B,41.29261363636363,618.75,67.12871237270846,67.142916918163,5.0
hierarchy_change,TMTM,13,C,80.82770270270271,1040.625,54.99803055452664,55.01223509998118,8.409090909090908
hierarchy_change,TMTM,13,D,95.1896437994723,1332.421875,44.03212146361755,44.03212146361755,10.767045454545455
hierarchy_change,TMTM,14,A,28.125,499.21875,71.27643964543574,71.29064419089028,4.034090909090909
hierarchy_change,TMTM,14,B,41.60828025477707,551.953125,67.01507600907209,67.01507600907209,4.4602272727272725
hierarchy_change,TMTM,14,C,80.95394736842105,1001.953125,55.28212146361755,55.28212146361755,8.096590909090908
hierarchy_change,TMTM,14,D,95.625,1272.65625,44.74234873634482,44.75655328179937,10.284090909090908
hierarchy_change,TMTM,15,A,28.226744186046513,453.515625,70.7082578272539,70.7082578272539,3.664772727272727
hierarchy_change,TMTM,15,B,41.625,492.1875,66.84462146361756,66.85882600907209,3.977272727272727
hierarchy_change,TMTM,15,C,80.9684065934066,959.765625,55.424166918163,55.424166918163,7.755681818181818
hierarchy_change,TMTM,15,D,95.68910256410257,1233.984375,45.39575782725392,45.39575782725392,9.971590909090908
hierarchy_change,TMTM,16,A,28.58108108108108,390.234375,70.111666918163,70.111666918163,3.153409090909091
hierarchy_change,TMTM,16,B,42.03125,421.875,66.78780328179937,66.8020078272539,3.409090909090909
hierarchy_change,TMTM,16,C,81.37089416058394,963.28125,55.36734873634482,55.38155328179937,7.784090909090909
hierarchy_change,TMTM,16,D,96.0493119266055,1149.609375,46.361666918163,46.361666918163,9.289772727272727
hierarchy_change,TMTM,17,A,28.68351063829787,330.46875,69.7707578272539,69.78496237270846,2.6704545454545454
hierarchy_change,TMTM,17,B,42.1875,337.5,67.04348509998118,67.05768964543574,2.727272727272727
hierarchy_change,TMTM,17,C,81.45758122743682,973.828125,55.33893964543573,55.33893964543573,7.869318181818182
hierarchy_change,TMTM,17,D,96.181640625,1125.0,46.816212372708456,46.830416918163,9.09090909090909
hierarchy_change,TMTM,18,A,28.98343373493976,291.796875,69.82757600907209,69.82757600907209,2.3579545454545454
hierarchy_change,TMTM,18,B,42.1875,309.375,67.35598509998118,67.37018964543574,2.5
hierarchy_change,TMTM,18,C,81.66744402985074,942.1875,55.31053055452664,55.32473509998118,7.613636363636363
hierarchy_change,TMTM,18,D,96.32364649681529,1103.90625,47.0150760090721,47.02928055452664,8.920454545454545
hierarchy_change,TMTM,19,A,29.121835443037973,277.734375,69.60030328179937,69.60030328179937,2.2443181818181817
hierarchy_change,TMTM,19,B,42.53048780487805,288.28125,67.2707578272539,67.28496237270846,2.3295454545454546
hierarchy_change,TMTM,19,C,81.91634241245136,903.515625,55.39575782725391,55.39575782725391,7.301136363636363
hierarchy_change,TMTM,19,D,96.50847457627118,1037.109375,47.52643964543573,47.52643964543573,8.380681818181818
hierarchy_change,TMTM,20,A,29.516129032258064,217.96875,69.1457578272539,69.15996237270846,1.7613636363636362
hierarchy_change,TMTM,20,B,42.890625,225.0,67.32757600907209,67.34178055452665,1.8181818181818181
hierarchy_change,TMTM,20,C,81.9825,878.90625,55.59462146361755,55.6088260090721,7.102272727272727
hierarchy_change,TMTM,20,D,96.83552631578948,1001.953125,47.98098509998118,47.98098509998118,8.096590909090908
hierarchy_change,ST-MTM,0,A,25.261429961089494,1807.03125,11.162407219510357,0.321219719510367,21.684375000000003
hierarchy_change,ST-MTM,0,B,38.67703045685279,2077.734375,42.815052787610725,42.81505278761074,24.932812499999997
hierarchy_change,ST-MTM,0,C,78.08219178082192,1796.484375,100.04243383675629,110.76350540521256,21.557812500000004
hierarchy_change,ST-MTM,0,D,92.77260638297872,1982.8125,80.77336473786556,80.77336473786556,23.79375
hierarchy_change,ST-MTM,1,A,25.560897435897434,1645.3125,11.680670711716147,2.0079509590917155,20.742831325301566
hierarchy_change,ST-MTM,1,B,38.836287313432834,1884.375,42.733375172945074,42.73337517294509,23.756746987951182
hierarchy_change,ST-MTM,1,C,78.35170340681363,1754.296875,99.45697184780137,110.51438299237944,22.11682228915614
hierarchy_change,ST-MTM,1,D,92.9763986013986,2010.9375,80.92224084928034,80.92224084928034,25.35234939759113
hierarchy_change,ST-MTM,2,A,25.700503355704697,1571.484375,11.99396157176048,2.463440276487475,20.668693438915653
hierarchy_change,ST-MTM,2,B,39.24607072691552,1789.453125,42.90760642180312,42.90760642180314,23.53549208144483
hierarchy_change,ST-MTM,2,C,78.58272821576763,1694.53125,98.79949135835285,109.94201511400776,22.287047511309833
hierarchy_change,ST-MTM,2,D,92.99115245009074,1937.109375,81.09219922982646,81.09219922982648,25.47751696832968
hierarchy_change,ST-MTM,3,A,25.90412621359223,1448.4375,12.477651241568068,3.5890331262713744,20.10139257294523
hierarchy_change,ST-MTM,3,B,39.375,1669.921875,42.90637990352678,42.90637990352677,23.175149204242018
hierarchy_change,ST-MTM,3,C,78.68885869565217,1617.1875,98.07850947956271,109.29916067319583,22.44330238726623
hierarchy_change,ST-MTM,3,D,93.08085501858736,1891.40625,81.33071795708537,81.33071795708537,26.248905835546537
hierarchy_change,ST-MTM,4,A,26.12837837837838,1300.78125,12.878817387263553,5.0635301750315875,19.268650906066483
hierarchy_change,ST-MTM,4,B,39.51080607476636,1504.6875,42.717930639726134,42.71793063972615,22.289142128934195
hierarchy_change,ST-MTM,4,C,78.90066964285714,1575.0,97.58043122199538,109.2447766352707,23.330690826550615
hierarchy_change,ST-MTM,4,D,93.50841346153847,1828.125,81.61607933275786,81.61607933275786,27.08026613844869
hierarchy_change,ST-MTM,5,A,26.25,1212.890625,13.246547214614694,5.750238472293603,18.92022585025721
hierarchy_change,ST-MTM,5,B,39.775763358778626,1381.640625,42.7027715418283,42.70277154182831,21.552605095982038
hierarchy_change,ST-MTM,5,C,78.93229166666667,1518.75,96.946916404109,108.79162302194011,23.691413235662196
hierarchy_change,ST-MTM,5,D,93.70931952662721,1782.421875,81.89702342119094,81.89702342119094,27.804505818098548
hierarchy_change,ST-MTM,6,A,26.6484375,1125.0,13.804178884635107,6.685726432627007,18.52108370780435
hierarchy_change,ST-MTM,6,B,39.998282967032964,1279.6875,42.60781012116627,42.60781012116627,21.067732484795272
hierarchy_change,ST-MTM,6,C,79.1636690647482,1466.015625,96.2093655638758,108.27600755792038,24.135283988089157
hierarchy_change,ST-MTM,6,D,93.86910860655738,1715.625,82.17190401206575,81.85211473962303,28.244649819311235
hierarchy_change,ST-MTM,7,A,26.581632653061224,1033.59375,13.951293760383436,13.951293760383436,18.09826807228916
hierarchy_change,ST-MTM,7,B,40.04303892215569,1174.21875,42.394115311290236,42.394115311290236,20.56061746987953
hierarchy_change,ST-MTM,7,C,79.48877805486285,1409.765625,75.292783915978,75.292783915978,24.68505271084337
hierarchy_change,ST-MTM,7,D,94.14516129032258,1634.765625,103.15506559409123,103.15506559409123,28.62481174698795
hierarchy_change,ST-MTM,8,A,26.927281368821294,924.609375,14.465226449877719,14.465226449877719,17.240043656450467
hierarchy_change,ST-MTM,8,B,40.25292642140468,1051.171875,42.166674383541306,42.166674383541306,19.59989754098359
hierarchy_change,ST-MTM,8,C,79.6875,1364.0625,72.81319814719971,72.81319814719971,25.433980755523876
hierarchy_change,ST-MTM,8,D,94.33774834437087,1592.578125,105.34815960112417,105.34815960112417,29.69482804704205
hierarchy_change,ST-MTM,9,A,27.054655870445345,868.359375,14.821390104459425,14.821390104459425,17.079910714285717
hierarchy_change,ST-MTM,9,B,40.42883211678832,963.28125,41.9450475689067,41.9450475689067,18.94694548872181
hierarchy_change,ST-MTM,9,C,79.90463215258856,1290.234375,72.46638968024169,72.46638968024169,25.377843045112783
hierarchy_change,ST-MTM,9,D,94.51357466063348,1553.90625,105.56043122813504,105.56043122813504,30.564050751879698
hierarchy_change,ST-MTM,10,A,27.243150684931507,769.921875,15.094144749235213,15.094144749235213,16.151689053728944
hierarchy_change,ST-MTM,10,B,40.77017716535433,892.96875,41.77061436557872,41.77061436557872,18.73300922213312
hierarchy_change,ST-MTM,10,C,80.21739130434783,1212.890625,72.37871833771668,72.37871833771668,25.444441659983966
hierarchy_change,ST-MTM,10,D,94.69842657342657,1508.203125,105.54978112921225,105.54978112921225,31.63961006415397
hierarchy_change,ST-MTM,11,A,27.440625,703.125,15.541427863733148,15.541427863733148,15.925324675324674
hierarchy_change,ST-MTM,11,B,40.95,791.015625,41.48224578245906,41.48224578245906,17.915990259740255
hierarchy_change,ST-MTM,11,C,80.32386363636364,1160.15625,72.28583703511654,72.28583703511654,26.27678571428572
hierarchy_change,ST-MTM,11,D,94.8328125,1406.25,105.4837479004341,105.4837479004341,31.850649350649356
hierarchy_change,ST-MTM,12,A,27.726293103448278,611.71875,15.907810717731039,15.907810717731039,15.139605014191119
hierarchy_change,ST-MTM,12,B,41.181640625,675.0,41.2386786174153,41.2386786174153,16.70577105014192
hierarchy_change,ST-MTM,12,C,80.48267326732673,1065.234375,72.26019951177845,72.26019951177845,26.363794938505208
hierarchy_change,ST-MTM,12,D,94.93878865979381,1364.0625,105.38656973481805,105.38656973481807,33.75957899716178
hierarchy_change,ST-MTM,13,A,27.724056603773583,558.984375,16.28085166607518,16.28085166607518,14.47824876237624
hierarchy_change,ST-MTM,13,B,41.29261363636363,618.75,40.68843643010831,40.68843643010831,16.02623762376237
hierarchy_change,ST-MTM,13,C,80.82770270270271,1040.625,72.35994529426205,72.35994529426205,26.953217821782175
hierarchy_change,ST-MTM,13,D,95.1896437994723,1332.421875,105.46402519129731,105.46402519129731,34.51104579207921
hierarchy_change,ST-MTM,14,A,28.125,499.21875,16.461860172378678,16.461860172378678,13.805034355179714
hierarchy_change,ST-MTM,14,B,41.60828025477707,551.953125,40.42165712049038,40.42165712049038,15.263312632135296
hierarchy_change,ST-MTM,14,C,80.95394736842105,1001.953125,72.33167449718374,72.33167449718374,27.707287262156445
hierarchy_change,ST-MTM,14,D,95.625,1272.65625,105.57806679169003,105.57806679169003,35.19311575052854
hierarchy_change,ST-MTM,15,A,28.226744186046513,453.515625,16.980522068707813,16.980522068707813,13.285519316909301
hierarchy_change,ST-MTM,15,B,41.625,492.1875,39.841991083392415,39.841991083392415,14.418393057110876
hierarchy_change,ST-MTM,15,C,80.9684065934066,959.765625,72.39591114014577,72.39591114014577,28.11586646136618
hierarchy_change,ST-MTM,15,D,95.68910256410257,1233.984375,105.57483428949683,105.57483428949683,36.14897116461366
hierarchy_change,ST-MTM,16,A,28.58108108108108,390.234375,17.269166326579125,12.994108738343357,12.269870350841927
hierarchy_change,ST-MTM,16,B,42.03125,421.875,39.38525478926253,39.38525478926253,13.26472595731991
hierarchy_change,ST-MTM,16,C,81.37089416058394,963.28125,72.53043489424107,72.53043489424107,30.287778904028293
hierarchy_change,ST-MTM,16,D,96.0493119266055,1149.609375,105.60840257166008,123.68058996556502,36.14637478780987
hierarchy_change,ST-MTM,17,A,28.68351063829787,330.46875,17.568912646456567,13.890971872619474,10.98483376913427
hierarchy_change,ST-MTM,17,B,42.1875,337.5,38.89345494559922,38.89345494559922,11.218554610749123
hierarchy_change,ST-MTM,17,C,81.45758122743682,973.828125,72.66338979620795,72.66338979620797,32.37018629169518
hierarchy_change,ST-MTM,17,D,96.181640625,1125.0,105.66750119347907,124.36408885768978,37.395175328421416
hierarchy_change,ST-MTM,18,A,28.98343373493976,291.796875,17.954575124171043,14.510139970265527,10.137337634925387
hierarchy_change,ST-MTM,18,B,42.1875,309.375,38.18279531511456,38.18279531511456,10.748022832154149
hierarchy_change,ST-MTM,18,C,81.66744402985074,942.1875,72.93485343935967,72.93485343935967,32.732541917463195
hierarchy_change,ST-MTM,18,D,96.32364649681529,1103.90625,105.7210347030975,124.89545851082613,38.35084761545726
hierarchy_change,ST-MTM,19,A,29.121835443037973,277.734375,18.207394464216577,14.786317639655337,10.190098550231681
hierarchy_change,ST-MTM,19,B,42.53048780487805,288.28125,37.6371789845727,37.6371789845727,10.577066664168854
hierarchy_change,ST-MTM,19,C,81.91634241245136,903.515625,73.26542752872757,73.26542752872757,33.14999727439194
hierarchy_change,ST-MTM,19,D,96.50847457627118,1037.109375,105.68325760422596,124.70805135982972,38.05158751120753
hierarchy_change,ST-MTM,20,A,29.516129032258064,217.96875,18.480032918941788,15.425673024361899,8.626418213480008
hierarchy_change,ST-MTM,20,B,42.890625,225.0,37.15655223214952,37.15655223214952,8.904689635189769
hierarchy_change,ST-MTM,20,C,81.9825,878.90625,73.42043781225077,73.42043781225075,34.78394522812667
hierarchy_change,ST-MTM,20,D,96.83552631578948,1001.953125,105.73623561840071,125.56208408000248,39.65369692320355
hierarchy_change,RA-MTM,0,A,25.261429961089494,1807.03125,13.509205544187164,13.509205544185981,21.684375
hierarchy_change,RA-MTM,0,B,38.67703045685279,2077.734375,40.18811154711286,40.18811154710359,24.9328125
hierarchy_change,RA-MTM,0,C,78.08219178082192,1796.484375,92.34634439440032,97.73579751940032,21.5578125
hierarchy_change,RA-MTM,0,D,92.77260638297872,1982.8125,80.50845376940032,74.56001626940032,23.79375
hierarchy_change,RA-MTM,1,A,25.560897435897434,1645.3125,14.214348049774996,14.214349911424277,19.743750000000002
hierarchy_change,RA-MTM,1,B,38.836287313432834,1884.375,40.41082133021275,40.410829600131585,22.6125
hierarchy_change,RA-MTM,1,C,78.35170340681363,1754.296875,92.56190256660611,97.8247931916061,21.0515625
hierarchy_change,RA-MTM,1,D,92.9763986013986,2010.9375,80.7661994416061,74.73338694160611,24.13125
hierarchy_change,RA-MTM,2,A,25.700503355704697,1571.484375,24.700503355704697,22.14047454131011,18.8578125
hierarchy_change,RA-MTM,2,B,39.24607072691552,1789.453125,40.24607072691552,42.80609954131011,21.4734375
hierarchy_change,RA-MTM,2,C,78.58272821576763,1694.53125,77.58272821576763,74.64201845792918,20.334375
hierarchy_change,RA-MTM,2,D,92.99115245009074,1937.109375,93.99115245009074,96.9318622079292,23.2453125
hierarchy_change,RA-MTM,3,A,25.90412621359223,1448.4375,24.90412621359223,23.034484981796115,17.38125
hierarchy_change,RA-MTM,3,B,39.375,1669.921875,40.375,42.244641231796116,20.0390625
hierarchy_change,RA-MTM,3,C,78.68885869565217,1617.1875,77.68885869565217,75.10907560711976,19.40625
hierarchy_change,RA-MTM,3,D,93.08085501858736,1891.40625,94.08085501858736,96.66063810711977,22.696875000000002
hierarchy_change,RA-MTM,4,A,26.12837837837838,1300.78125,25.12837837837838,24.15318597657237,15.609375
hierarchy_change,RA-MTM,4,B,39.51080607476636,1504.6875,40.51080607476636,41.48599847657237,18.056250000000002
hierarchy_change,RA-MTM,4,C,78.90066964285714,1575.0,77.90066964285714,75.7451665521978,18.900000000000002
hierarchy_change,RA-MTM,4,D,93.50841346153847,1828.125,94.50841346153847,96.6639165521978,21.9375
hierarchy_change,RA-MTM,5,A,26.25,1212.890625,25.25,24.979287929389308,14.5546875
hierarchy_change,RA-MTM,5,B,39.775763358778626,1381.640625,40.775763358778626,41.046475429389304,16.5796875
hierarchy_change,RA-MTM,5,C,78.93229166666667,1518.75,77.93229166666667,76.16728997164694,18.225
hierarchy_change,RA-MTM,5,D,93.70931952662721,1782.421875,94.70931952662721,96.47432122164693,21.3890625
hierarchy_change,RA-MTM,6,A,26.6484375,1125.0,25.6484375,25.648437500000004,13.5
hierarchy_change,RA-MTM,6,B,39.998282967032964,1279.6875,40.998282967032964,40.998282967032964,15.356250000000001
hierarchy_change,RA-MTM,6,C,79.1636690647482,1466.015625,78.1636690647482,76.72146696065279,17.5921875
hierarchy_change,RA-MTM,6,D,93.86910860655738,1715.625,94.86910860655738,96.31131071065279,20.587500000000002
hierarchy_change,RA-MTM,7,A,26.581632653061224,1033.59375,25.581632653061224,25.58163265306122,12.403125000000001
hierarchy_change,RA-MTM,7,B,40.04303892215569,1174.21875,41.04303892215569,41.04303892215569,14.090625000000001
hierarchy_change,RA-MTM,7,C,79.48877805486285,1409.765625,78.48877805486285,77.43337592259272,16.9171875
hierarchy_change,RA-MTM,7,D,94.14516129032258,1634.765625,95.14516129032258,96.20056342259271,19.6171875
hierarchy_change,RA-MTM,8,A,26.927281368821294,924.609375,25.927281368821294,25.927281368821294,11.0953125
hierarchy_change,RA-MTM,8,B,40.25292642140468,1051.171875,41.25292642140468,41.25292642140468,12.614062500000001
hierarchy_change,RA-MTM,8,C,79.6875,1364.0625,78.6875,77.89270229718544,16.36875
hierarchy_change,RA-MTM,8,D,94.33774834437087,1592.578125,95.33774834437087,96.13254604718543,19.110937500000002
hierarchy_change,RA-MTM,9,A,27.054655870445345,868.359375,26.054655870445345,26.054655870445345,10.4203125
hierarchy_change,RA-MTM,9,B,40.42883211678832,963.28125,41.42883211678832,41.42883211678832,11.559375000000001
hierarchy_change,RA-MTM,9,C,79.90463215258856,1290.234375,78.90463215258856,78.42668153161102,15.4828125
hierarchy_change,RA-MTM,9,D,94.51357466063348,1553.90625,95.51357466063348,95.99152528161103,18.646875
hierarchy_change,RA-MTM,10,A,27.243150684931507,769.921875,26.243150684931507,26.243150684931503,9.239062500000001
hierarchy_change,RA-MTM,10,B,40.77017716535433,892.96875,41.77017716535433,41.77017716535433,10.715625000000001
hierarchy_change,RA-MTM,10,C,80.21739130434783,1212.890625,79.21739130434783,79.04462768888719,14.5546875
hierarchy_change,RA-MTM,10,D,94.69842657342657,1508.203125,95.69842657342657,95.8711901888872,18.0984375
hierarchy_change,RA-MTM,11,A,27.440625,703.125,26.440625,26.440625000000008,8.4375
hierarchy_change,RA-MTM,11,B,40.95,791.015625,41.95,41.95000000000001,9.4921875
hierarchy_change,RA-MTM,11,C,80.32386363636364,1160.15625,79.32386363636364,79.32386363636363,13.921875
hierarchy_change,RA-MTM,11,D,94.8328125,1406.25,95.8328125,95.8328125,16.875
hierarchy_change,RA-MTM,12,A,27.726293103448278,611.71875,26.726293103448278,26.726293103448302,7.340625
hierarchy_change,RA-MTM,12,B,41.181640625,675.0,42.181640625,42.18164062499999,8.1
hierarchy_change,RA-MTM,12,C,80.48267326732673,1065.234375,79.48267326732673,79.48267326732672,12.7828125
hierarchy_change,RA-MTM,12,D,94.93878865979381,1364.0625,95.93878865979381,95.93878865979383,16.36875
hierarchy_change,RA-MTM,13,A,27.724056603773583,558.984375,26.724056603773583,26.724056603773583,6.7078125
hierarchy_change,RA-MTM,13,B,41.29261363636363,618.75,42.29261363636363,42.29261363636363,7.425
hierarchy_change,RA-MTM,13,C,80.82770270270271,1040.625,79.82770270270271,79.82770270270271,12.4875
hierarchy_change,RA-MTM,13,D,95.1896437994723,1332.421875,96.1896437994723,96.1896437994723,15.989062500000001
hierarchy_change,RA-MTM,14,A,28.125,499.21875,27.125,27.124999999999996,5.9906250000000005
hierarchy_change,RA-MTM,14,B,41.60828025477707,551.953125,42.60828025477707,42.60828025477706,6.6234375000000005
hierarchy_change,RA-MTM,14,C,80.95394736842105,1001.953125,79.95394736842105,79.95394736842104,12.0234375
hierarchy_change,RA-MTM,14,D,95.625,1272.65625,96.625,96.625,15.271875
hierarchy_change,RA-MTM,15,A,28.226744186046513,453.515625,27.226744186046513,27.22674418604651,5.4421875
hierarchy_change,RA-MTM,15,B,41.625,492.1875,42.39530972892069,42.39530972892068,5.90625
hierarchy_change,RA-MTM,15,C,80.9684065934066,959.765625,79.9684065934066,79.9684065934066,11.5171875
hierarchy_change,RA-MTM,15,D,95.68910256410257,1233.984375,96.68910256410257,96.68910256410255,14.8078125
hierarchy_change,RA-MTM,16,A,28.58108108108108,390.234375,27.58108108108108,27.581076909294293,4.6828125
hierarchy_change,RA-MTM,16,B,42.03125,421.875,42.41309036019158,42.41309034527425,5.0625
hierarchy_change,RA-MTM,16,C,81.37089416058394,963.28125,80.37089416058394,80.37088386265975,11.559375000000001
hierarchy_change,RA-MTM,16,D,96.0493119266055,1149.609375,97.0493119266055,97.04928781037076,13.7953125
hierarchy_change,RA-MTM,17,A,28.68351063829787,330.46875,27.68351063829787,27.683506043922744,3.965625
hierarchy_change,RA-MTM,17,B,42.1875,337.5,42.10774267390783,42.10774266209904,4.05
hierarchy_change,RA-MTM,17,C,81.45758122743682,973.828125,80.45758122743682,80.45756768869322,11.6859375
hierarchy_change,RA-MTM,17,D,96.181640625,1125.0,97.181640625,97.18160827889754,13.5
hierarchy_change,RA-MTM,18,A,28.98343373493976,291.796875,27.98343373493976,27.98341948508933,3.5015625
hierarchy_change,RA-MTM,18,B,42.1875,309.375,41.60365221129341,41.6036529259459,3.7125
hierarchy_change,RA-MTM,18,C,81.66744402985074,942.1875,80.66744402985074,80.6673980182861,11.30625
hierarchy_change,RA-MTM,18,D,96.32364649681529,1103.90625,97.32364649681529,97.32353618671961,13.246875000000001
hierarchy_change,RA-MTM,19,A,29.121835443037973,277.734375,28.121835443037973,28.121819429523967,3.3328125
hierarchy_change,RA-MTM,19,B,42.53048780487805,288.28125,41.53048780487805,41.53047118325605,3.459375
hierarchy_change,RA-MTM,19,C,81.91634241245136,903.515625,80.91634241245136,80.91629031785504,10.8421875
hierarchy_change,RA-MTM,19,D,96.50847457627118,1037.109375,97.50847457627118,97.50832112420758,12.4453125
hierarchy_change,RA-MTM,20,A,29.516129032258064,217.96875,28.516129032258064,28.516117655230573,2.615625
hierarchy_change,RA-MTM,20,B,42.890625,225.0,41.890625,41.89061325597162,2.7
hierarchy_change,RA-MTM,20,C,81.9825,878.90625,80.9825,80.98245412488932,10.546875
hierarchy_change,RA-MTM,20,D,96.83552631578948,1001.953125,97.83552631578948,97.83538935138965,12.0234375
crowding,TMTM,0,A,48.41875,1054.6875,51.11598590127021,51.130190446724754,8.522727272727272
crowding,TMTM,0,B,59.729651162790695,755.859375,58.473940446724754,58.473940446724754,6.107954545454545
crowding,TMTM,0,C,70.11432926829268,864.84375,68.6728040830884,68.68700862854294,6.988636363636363
crowding,TMTM,1,A,48.75,1037.109375,51.20121317399748,51.20121317399748,8.380681818181818
crowding,TMTM,1,B,60.026408450704224,748.828125,58.44553135581566,58.44553135581566,6.051136363636363
crowding,TMTM,1,C,70.3125,850.78125,68.58757681036111,68.60178135581566,6.875
crowding,TMTM,2,A,49.42550505050505,1044.140625,51.229622264906574,51.229622264906574,8.4375
crowding,TMTM,2,B,60.54724880382775,734.765625,58.44553135581566,58.44553135581566,5.9375
crowding,TMTM,2,C,70.34323770491804,857.8125,68.61598590127021,68.63019044672475,6.931818181818182
crowding,TMTM,3,A,50.02076411960133,1058.203125,51.20121317399748,51.20121317399748,8.551136363636363
crowding,TMTM,3,B,60.666469194312796,741.796875,58.50234953763385,58.50234953763385,5.994318181818182
crowding,TMTM,3,C,70.65306122448979,861.328125,68.6443949921793,68.6443949921793,6.9602272727272725
crowding,TMTM,4,A,50.54237288135593,1037.109375,51.25803135581566,51.25803135581566,8.380681818181818
crowding,TMTM,4,B,61.06370192307692,731.25,58.417122264906574,58.431326810361114,5.909090909090909
crowding,TMTM,4,C,70.75255102040816,861.328125,68.70121317399747,68.70121317399747,6.9602272727272725
crowding,TMTM,5,A,50.935388513513516,1040.625,51.286440446724754,51.3006449921793,8.409090909090908
crowding,TMTM,5,B,61.33413461538461,731.25,58.473940446724754,58.4881449921793,5.909090909090909
crowding,TMTM,5,C,71.0234375,843.75,68.6728040830884,68.68700862854294,6.818181818181818
crowding,TMTM,6,A,51.62207357859532,1051.171875,51.31484953763385,51.31484953763385,8.494318181818182
crowding,TMTM,6,B,61.75892857142857,738.28125,58.55916771945203,58.573372264906574,5.965909090909091
crowding,TMTM,6,C,71.07740585774059,840.234375,68.6443949921793,68.6443949921793,6.789772727272727
crowding,TMTM,7,A,52.23035117056856,1051.171875,51.31484953763385,51.31484953763385,8.494318181818182
crowding,TMTM,7,B,62.28376777251185,741.796875,58.587576810361114,58.587576810361114,5.994318181818182
crowding,TMTM,7,C,71.1867088607595,833.203125,68.53075862854294,68.53075862854294,6.732954545454545
crowding,TMTM,8,A,52.58262711864407,1037.109375,51.42848590127021,51.42848590127021,8.380681818181818
crowding,TMTM,8,B,62.515243902439025,720.703125,58.55916771945203,58.55916771945203,5.823863636363636
crowding,TMTM,8,C,71.32150423728814,829.6875,68.47394044672475,68.4881449921793,6.704545454545454
crowding,TMTM,9,A,53.17550505050505,1044.140625,51.400076810361114,51.400076810361114,8.4375
crowding,TMTM,9,B,62.74390243902439,720.703125,58.55916771945203,58.55916771945203,5.823863636363636
crowding,TMTM,9,C,71.43119747899159,836.71875,68.55916771945202,68.57337226490657,6.761363636363636
crowding,TMTM,10,A,53.81944444444444,1044.140625,51.37166771945203,51.37166771945203,8.4375
crowding,TMTM,10,B,63.17028985507246,727.734375,58.55916771945203,58.55916771945203,5.880681818181818
crowding,TMTM,10,C,71.51785714285714,836.71875,68.58757681036111,68.60178135581566,6.761363636363636
crowding,TMTM,11,A,54.375,1037.109375,51.37166771945203,51.37166771945203,8.380681818181818
crowding,TMTM,11,B,63.292682926829265,720.703125,58.50234953763385,58.50234953763385,5.823863636363636
crowding,TMTM,11,C,71.5873430962343,840.234375,68.6443949921793,68.6443949921793,6.789772727272727
crowding,TMTM,12,A,54.807203389830505,1037.109375,51.37166771945203,51.37166771945203,8.380681818181818
crowding,TMTM,12,B,63.886529126213595,724.21875,58.50234953763385,58.51655408308839,5.8522727272727275
crowding,TMTM,12,C,71.95903361344538,836.71875,68.55916771945202,68.57337226490657,6.761363636363636
crowding,TMTM,13,A,55.53271812080537,1047.65625,51.400076810361114,51.41428135581566,8.46590909090909
crowding,TMTM,13,B,64.3170731707317,720.703125,58.587576810361114,58.587576810361114,5.823863636363636
crowding,TMTM,13,C,72.05243644067797,829.6875,68.50234953763385,68.5165540830884,6.704545454545454
crowding,TMTM,14,A,56.123310810810814,1040.625,51.42848590127021,51.442690446724754,8.409090909090908
crowding,TMTM,14,B,64.43933823529412,717.1875,58.55916771945203,58.573372264906574,5.795454545454545
crowding,TMTM,14,C,72.4599358974359,822.65625,68.44553135581566,68.45973590127021,6.6477272727272725
crowding,TMTM,15,A,56.376689189189186,1040.625,51.4568949921793,51.47109953763385,8.409090909090908
crowding,TMTM,15,B,64.93566176470588,717.1875,58.587576810361114,58.60178135581566,5.795454545454545
crowding,TMTM,15,C,72.65826180257511,819.140625,68.50234953763385,68.50234953763385,6.619318181818182
crowding,TMTM,16,A,57.02759197324415,1051.171875,51.42848590127021,51.42848590127021,8.494318181818182
crowding,TMTM,16,B,65.09708737864078,724.21875,58.61598590127021,58.630190446724754,5.8522727272727275
crowding,TMTM,16,C,72.78191489361703,826.171875,68.55916771945202,68.55916771945202,6.676136363636363
crowding,TMTM,17,A,57.73620401337793,1051.171875,51.42848590127021,51.42848590127021,8.494318181818182
crowding,TMTM,17,B,65.48847087378641,724.21875,58.61598590127021,58.630190446724754,5.8522727272727275
crowding,TMTM,17,C,72.90159574468085,826.171875,68.55916771945202,68.55916771945202,6.676136363636363
crowding,TMTM,18,A,58.18201013513514,1040.625,51.42848590127021,51.442690446724754,8.409090909090908
crowding,TMTM,18,B,66.08231707317073,720.703125,58.587576810361114,58.587576810361114,5.823863636363636
crowding,TMTM,18,C,73.01233905579399,819.140625,68.50234953763385,68.50234953763385,6.619318181818182
crowding,TMTM,19,A,58.6875,1054.6875,51.48530408308839,51.499508628542934,8.522727272727272
crowding,TMTM,19,B,66.26524390243902,720.703125,58.70121317399748,58.70121317399748,5.823863636363636
crowding,TMTM,19,C,73.125,812.109375,68.47394044672475,68.47394044672475,6.5625
crowding,TMTM,20,A,59.30392976588629,1051.171875,51.48530408308839,51.48530408308839,8.494318181818182
crowding,TMTM,20,B,66.6310975609756,720.703125,58.67280408308839,58.67280408308839,5.823863636363636
crowding,TMTM,20,C,73.1737012987013,812.109375,68.47394044672475,68.47394044672475,6.5625
crowding,ST-MTM,0,A,48.41875,1054.6875,23.02604724979436,23.02604724979436,12.65625
crowding,ST-MTM,0,B,59.729651162790695,755.859375,58.6101365009047,58.6101365009047,9.0703125
crowding,ST-MTM,0,C,70.11432926829268,864.84375,96.62654668038428,96.62654668038428,10.378125000000011
crowding,ST-MTM,1,A,48.75,1037.109375,22.97939246189117,22.97939246189117,12.627843750000004
crowding,ST-MTM,1,B,60.026408450704224,748.828125,58.5785078094855,58.5785078094855,9.117731250000006
crowding,ST-MTM,1,C,70.3125,850.78125,96.70483015970667,96.70483015970667,10.359112500000009
crowding,ST-MTM,2,A,49.42550505050505,1044.140625,23.139314500549336,23.139314500549336,12.71345625
crowding,ST-MTM,2,B,60.54724880382775,734.765625,58.57553776577231,58.57553776577231,8.946506249999999
crowding,ST-MTM,2,C,70.34323770491804,857.8125,96.5478781647617,96.5478781647617,10.444725000000005
crowding,ST-MTM,3,A,50.02076411960133,1058.203125,23.1480923192614,23.1480923192614,12.765536245046235
crowding,ST-MTM,3,B,60.666469194312796,741.796875,58.61482188617034,58.61482188617034,8.948598497357992
crowding,ST-MTM,3,C,70.65306122448979,861.328125,96.4998162256516,96.4998162256516,10.39055275759577
crowding,ST-MTM,4,A,50.54237288135593,1037.109375,23.141031543876803,23.141031543876803,12.661608038101605
crowding,ST-MTM,4,B,61.06370192307692,731.25,58.70316224271345,58.70316224271345,8.927506684491973
crowding,ST-MTM,4,C,70.75255102040816,861.328125,96.4185366444931,96.4185366444931,10.515572777406419
crowding,ST-MTM,5,A,50.935388513513516,1040.625,23.234232487051276,23.234232487051276,12.772832661290323
crowding,ST-MTM,5,B,61.33413461538461,731.25,58.63364436468056,58.63364436468056,8.975504032258058
crowding,ST-MTM,5,C,71.0234375,843.75,96.39485357935152,96.39485357935152,10.356350806451616
crowding,ST-MTM,6,A,51.62207357859532,1051.171875,23.326489968873553,23.326489968873553,12.83329085895722
crowding,ST-MTM,6,B,61.75892857142857,738.28125,58.65569951335528,58.65569951335528,9.013348094919778
crowding,ST-MTM,6,C,71.07740585774059,840.234375,96.28054094885451,96.28054094885451,10.258048546123007
crowding,ST-MTM,7,A,52.23035117056856,1051.171875,23.389380209251303,23.389380209251303,12.850470632530119
crowding,ST-MTM,7,B,62.28376777251185,741.796875,58.657277965094444,58.657277965094444,9.068392319277109
crowding,ST-MTM,7,C,71.1867088607595,833.203125,96.2160722567376,96.2160722567376,10.185824548192755
crowding,ST-MTM,8,A,52.58262711864407,1037.109375,23.32034974661143,23.32034974661143,12.86804729959239
crowding,ST-MTM,8,B,62.515243902439025,720.703125,58.71857012453073,58.71857012453073,8.942202360733688
crowding,ST-MTM,8,C,71.32150423728814,829.6875,96.2238105599412,96.2238105599412,10.294437839673918
crowding,ST-MTM,9,A,53.17550505050505,1044.140625,23.4785612564637,23.4785612564637,12.885259712837836
crowding,ST-MTM,9,B,62.74390243902439,720.703125,58.68356253165909,58.68356253165909,8.893866131756752
crowding,ST-MTM,9,C,71.43119747899159,836.71875,96.10060664296056,96.10060664296056,10.325561655405409
crowding,ST-MTM,10,A,53.81944444444444,1044.140625,23.601449759181072,23.601449759181072,12.850528554582212
crowding,ST-MTM,10,B,63.17028985507246,727.734375,58.53078700703725,58.53078700703725,8.956428992587604
crowding,ST-MTM,10,C,71.51785714285714,836.71875,96.13049366486503,96.13049366486503,10.297729952830196
crowding,ST-MTM,11,A,54.375,1037.109375,23.528488208902083,23.528488208902083,12.815808947902568
crowding,ST-MTM,11,B,63.292682926829265,720.703125,58.592086180840646,58.592086180840646,8.905901133288225
crowding,ST-MTM,11,C,71.5873430962343,840.234375,96.14215604134063,96.14215604134063,10.38297741880919
crowding,ST-MTM,12,A,54.807203389830505,1037.109375,23.651452177574665,23.651452177574665,12.815808947902575
crowding,ST-MTM,12,B,63.886529126213595,724.21875,58.64716747940585,58.64716747940585,8.9493445534506
crowding,ST-MTM,12,C,71.95903361344538,836.71875,95.96411077410283,95.96411077410283,10.339533998646829
crowding,ST-MTM,13,A,55.53271812080537,1047.65625,23.769329152873382,23.769329152873382,12.946139208389717
crowding,ST-MTM,13,B,64.3170731707317,720.703125,58.60285732666854,58.60285732666854,8.905901133288225
crowding,ST-MTM,13,C,72.05243644067797,829.6875,95.89054395154142,95.89054395154142,10.252647158322048
crowding,ST-MTM,14,A,56.123310810810814,1040.625,23.63254724785695,23.63254724785695,12.94684945504087
crowding,ST-MTM,14,B,64.43933823529412,717.1875,58.62466895845939,58.62466895845939,8.922828678474119
crowding,ST-MTM,14,C,72.4599358974359,822.65625,96.005514224767,96.005514224767,10.235009366485002
crowding,ST-MTM,15,A,56.376689189189186,1040.625,23.589327647856596,23.589327647856596,12.96451227830832
crowding,ST-MTM,15,B,64.93566176470588,717.1875,58.651875175221384,58.651875175221384,8.935001705320602
crowding,ST-MTM,15,C,72.65826180257511,819.140625,96.02152760800539,96.02152760800539,10.205173516371076
crowding,ST-MTM,16,A,57.02759197324415,1051.171875,23.780074051531397,23.780074051531397,12.972029138513513
crowding,ST-MTM,16,B,65.09708737864078,724.21875,58.520451167535406,58.520451167535406,8.937250844594601
crowding,ST-MTM,16,C,72.78191489361703,826.171875,95.96220521201656,95.96220521201656,10.19540751689189
crowding,ST-MTM,17,A,57.73620401337793,1051.171875,23.802545919598025,23.802545919598025,12.972029138513513
crowding,ST-MTM,17,B,65.48847087378641,724.21875,58.599968761108876,58.599968761108876,8.937250844594601
crowding,ST-MTM,17,C,72.90159574468085,826.171875,95.86021575037645,95.86021575037645,10.19540751689189
crowding,ST-MTM,18,A,58.18201013513514,1040.625,23.809404734303996,23.809404734303996,12.94684945504087
crowding,ST-MTM,18,B,66.08231707317073,720.703125,58.62221908887046,58.62221908887046,8.966568034741144
crowding,ST-MTM,18,C,73.01233905579399,819.140625,95.83110660790888,95.83110660790888,10.191270010217977
crowding,ST-MTM,19,A,58.6875,1054.6875,23.922620174595057,23.922620174595057,13.086149796195649
crowding,ST-MTM,19,B,66.26524390243902,720.703125,58.62608102758142,58.62608102758142,8.942202360733688
crowding,ST-MTM,19,C,73.125,812.109375,95.71402922890687,95.71402922890687,10.076335343070639
crowding,ST-MTM,20,A,59.30392976588629,1051.171875,23.9176881997864,23.9176881997864,13.060274234693878
crowding,ST-MTM,20,B,66.6310975609756,720.703125,58.645655127577456,58.645655127577456,8.954368622448982
crowding,ST-MTM,20,C,73.1737012987013,812.109375,95.69938710371949,95.69938710371949,10.090044642857151
crowding,RA-MTM,0,A,48.41875,1054.6875,47.41875,47.392559956395345,12.65625
crowding,RA-MTM,0,B,59.729651162790695,755.859375,58.729651162790695,58.755841206395345,9.0703125
crowding,RA-MTM,0,C,70.11432926829268,864.84375,71.11432926829268,71.11432926829269,10.378125
crowding,RA-MTM,1,A,48.75,1037.109375,47.75,47.75,12.4453125
crowding,RA-MTM,1,B,60.026408450704224,748.828125,59.026408450704224,59.026408450704224,8.9859375
crowding,RA-MTM,1,C,70.3125,850.78125,71.3125,71.3125,10.209375
crowding,RA-MTM,2,A,49.42550505050505,1044.140625,48.42550505050505,48.39965817716641,12.5296875
crowding,RA-MTM,2,B,60.54724880382775,734.765625,59.54724880382775,59.57309567716641,8.817187500000001
crowding,RA-MTM,2,C,70.34323770491804,857.8125,71.34323770491804,71.34323770491804,10.293750000000001
crowding,RA-MTM,3,A,50.02076411960133,1058.203125,49.02076411960133,48.69361665695707,12.6984375
crowding,RA-MTM,3,B,60.666469194312796,741.796875,59.666469194312796,59.99361665695707,8.9015625
crowding,RA-MTM,3,C,70.65306122448979,861.328125,71.65306122448979,71.65306122448978,10.3359375
crowding,RA-MTM,4,A,50.54237288135593,1037.109375,49.54237288135593,49.26032739827307,12.4453125
crowding,RA-MTM,4,B,61.06370192307692,731.25,60.088459736874725,60.37048364827307,8.775
crowding,RA-MTM,4,C,70.75255102040816,861.328125,71.75255102040816,71.75254279717115,10.3359375
crowding,RA-MTM,5,A,50.935388513513516,1040.625,49.935388513513516,49.56913656444907,12.4875
crowding,RA-MTM,5,B,61.33413461538461,731.25,60.33413461538461,60.70038656444907,8.775
crowding,RA-MTM,5,C,71.0234375,843.75,72.0234375,72.02343750000001,10.125
crowding,RA-MTM,6,A,51.62207357859532,1051.171875,50.62207357859532,50.07214170001195,12.614062500000001
crowding,RA-MTM,6,B,61.75892857142857,738.28125,60.75892857142857,61.30886045001195,8.859375
crowding,RA-MTM,6,C,71.07740585774059,840.234375,72.07740585774059,72.0774058577406,10.082812500000001
crowding,RA-MTM,7,A,52.23035117056856,1051.171875,51.23035117056856,50.6281532215402,12.614062500000001
crowding,RA-MTM,7,B,62.28376777251185,741.796875,61.28376777251185,61.885965721540195,8.9015625
crowding,RA-MTM,7,C,71.1867088607595,833.203125,72.1867088607595,72.18670886075951,9.9984375
crowding,RA-MTM,8,A,52.58262711864407,1037.109375,51.58262711864407,51.02633652954084,12.4453125
crowding,RA-MTM,8,B,62.515243902439025,720.703125,61.515243902439025,62.07321152954084,8.6484375
crowding,RA-MTM,8,C,71.32150423728814,829.6875,72.32150423728814,72.32182355616234,9.95625
crowding,RA-MTM,9,A,53.17550505050505,1044.140625,52.17550505050505,51.415172494764725,12.5296875
crowding,RA-MTM,9,B,62.74390243902439,720.703125,61.74390243902439,62.50423499476473,8.6484375
crowding,RA-MTM,9,C,71.43119747899159,836.71875,72.43119747899159,72.43119747899159,10.040625
crowding,RA-MTM,10,A,53.81944444444444,1044.140625,52.81944444444444,51.78612423079135,12.5296875
crowding,RA-MTM,10,B,63.17028985507246,727.734375,62.17028985507246,62.91737423079135,8.7328125
crowding,RA-MTM,10,C,71.51785714285714,836.71875,72.51785714285714,72.80409298079135,10.040625
crowding,RA-MTM,11,A,54.375,1037.109375,53.375,52.099151199183325,12.4453125
crowding,RA-MTM,11,B,63.292682926829265,720.703125,62.29448550131899,63.146026199183325,8.6484375
crowding,RA-MTM,11,C,71.5873430962343,840.234375,72.5873430962343,73.01165119918332,10.082812500000001
crowding,RA-MTM,12,A,54.807203389830505,1037.109375,53.807203389830505,52.55040120982983,12.4453125
crowding,RA-MTM,12,B,63.886529126213595,724.21875,62.886529126213595,63.618369959829835,8.690625
crowding,RA-MTM,12,C,71.95903361344538,836.71875,72.95903361344538,73.48399495982983,10.040625
crowding,RA-MTM,13,A,55.53271812080537,1047.65625,54.53271812080537,52.959857160738345,12.571875
crowding,RA-MTM,13,B,64.3170731707317,720.703125,63.3170731707317,64.07001341073834,8.6484375
crowding,RA-MTM,13,C,72.05243644067797,829.6875,73.05243644067797,73.87235716073835,9.95625
crowding,RA-MTM,14,A,56.123310810810814,1040.625,55.123310810810814,53.43651244988877,12.4875
crowding,RA-MTM,14,B,64.43933823529412,717.1875,63.55910302612458,64.48338744988877,8.606250000000001
crowding,RA-MTM,14,C,72.4599358974359,822.65625,73.4599358974359,74.22244994988877,9.871875000000001
crowding,RA-MTM,15,A,56.376689189189186,1040.625,55.376689189189186,53.72085493504239,12.4875
crowding,RA-MTM,15,B,64.93566176470588,717.1875,63.93933258318123,64.76772993504238,8.606250000000001
crowding,RA-MTM,15,C,72.65826180257511,819.140625,73.65826180257511,74.48569868504238,9.8296875
crowding,RA-MTM,16,A,57.02759197324415,1051.171875,56.02759197324415,53.93318766516732,12.614062500000001
crowding,RA-MTM,16,B,65.09708737864078,724.21875,64.09708737864078,65.08553141516732,8.690625
crowding,RA-MTM,16,C,72.78191489361703,826.171875,73.78191489361703,74.88787516516732,9.9140625
crowding,RA-MTM,17,A,57.73620401337793,1051.171875,56.65757175402939,54.371349693624296,12.614062500000001
crowding,RA-MTM,17,B,65.48847087378641,724.21875,64.5832805728141,65.5236934436243,8.690625
crowding,RA-MTM,17,C,72.90159574468085,826.171875,73.98022800402939,75.3260371936243,9.9140625
crowding,RA-MTM,18,A,58.18201013513514,1040.625,56.98330740796455,54.77913416934138,12.4875
crowding,RA-MTM,18,B,66.08231707317073,720.703125,65.01805331709498,65.84710291934138,8.6484375
crowding,RA-MTM,18,C,73.01233905579399,819.140625,74.21104178296457,75.58616541934138,9.8296875
crowding,RA-MTM,19,A,58.6875,1054.6875,57.281835937500006,55.02152168480779,12.65625
crowding,RA-MTM,19,B,66.26524390243902,720.703125,65.25362819135358,66.17386543480778,8.6484375
crowding,RA-MTM,19,C,73.125,812.109375,74.5306640625,75.87074043480779,9.7453125
crowding,RA-MTM,20,A,59.30392976588629,1051.171875,57.61967490729379,55.381433258473415,12.614062500000001
crowding,RA-MTM,20,B,66.6310975609756,720.703125,65.62604441443088,66.51268325847342,8.6484375
crowding,RA-MTM,20,C,73.1737012987013,812.109375,74.8579561572938,76.20955825847341,9.7453125
advection_diffusion,TMTM,0,A,25.31437875751503,1754.296875,51.04995571354987,51.04995571354987,14.176136363636363
advection_diffusion,TMTM,0,B,38.74567474048443,2032.03125,66.36245571354988,66.37666025900441,16.420454545454543
advection_diffusion,TMTM,0,C,78.19236526946108,1761.328125,32.92495571354987,32.92495571354987,14.232954545454545
advection_diffusion,TMTM,0,D,92.71444954128441,1916.015625,84.62950116809533,84.62950116809533,15.482954545454545
advection_diffusion,TMTM,1,A,25.825400801603205,1754.296875,51.10677389536805,51.10677389536805,14.176136363636363
advection_diffusion,TMTM,1,B,39.14226398601399,2010.9375,66.33404662264078,66.34825116809533,16.25
advection_diffusion,TMTM,1,C,78.52079158316633,1754.296875,33.067001168095324,33.067001168095324,14.176136363636363
advection_diffusion,TMTM,1,D,93.01510989010988,1919.53125,84.77154662264078,84.78575116809533,15.511363636363637
advection_diffusion,TMTM,2,A,26.118222891566266,1750.78125,51.24881934991351,51.26302389536805,14.147727272727272
advection_diffusion,TMTM,2,B,39.50797872340426,1982.8125,66.36245571354988,66.37666025900441,16.022727272727273
advection_diffusion,TMTM,2,C,79.00398406374502,1764.84375,32.953364804458964,32.96756934991351,14.261363636363637
advection_diffusion,TMTM,2,D,93.28899082568807,1916.015625,84.77154662264078,84.77154662264078,15.482954545454545
advection_diffusion,TMTM,3,A,26.517319277108435,1750.78125,51.334046622640784,51.348251168095324,14.147727272727272
advection_diffusion,TMTM,3,B,39.9239417989418,1993.359375,66.50450116809533,66.50450116809533,16.107954545454543
advection_diffusion,TMTM,3,C,79.13318452380952,1771.875,33.067001168095324,33.08120571354987,14.318181818181818
advection_diffusion,TMTM,3,D,93.8961038961039,1894.921875,84.60109207718624,84.60109207718624,15.3125
advection_diffusion,TMTM,4,A,26.911989795918366,1722.65625,51.53291025900442,51.547114804458964,13.920454545454545
advection_diffusion,TMTM,4,B,40.300760286225405,1965.234375,66.47609207718624,66.47609207718624,15.880681818181818
advection_diffusion,TMTM,4,C,79.64320866141732,1785.9375,33.09541025900442,33.109614804458964,14.431818181818182
advection_diffusion,TMTM,4,D,94.41914498141264,1891.40625,84.43063753173169,84.44484207718624,15.284090909090908
advection_diffusion,TMTM,5,A,27.3605476673428,1733.203125,51.47609207718624,51.47609207718624,14.005681818181818
advection_diffusion,TMTM,5,B,40.71524064171123,1972.265625,66.47609207718624,66.47609207718624,15.9375
advection_diffusion,TMTM,5,C,80.08823529411765,1792.96875,33.29427389536806,33.3084784408226,14.488636363636363
advection_diffusion,TMTM,5,D,94.6753696857671,1901.953125,84.65791025900441,84.65791025900441,15.369318181818182
advection_diffusion,TMTM,6,A,27.79031440162272,1733.203125,51.47609207718624,51.47609207718624,14.005681818181818
advection_diffusion,TMTM,6,B,41.19914104882459,1944.140625,66.36245571354988,66.36245571354988,15.710227272727272
advection_diffusion,TMTM,6,C,80.61008946322067,1768.359375,33.635182986277144,33.635182986277144,14.289772727272727
advection_diffusion,TMTM,6,D,94.88122693726937,1905.46875,84.62950116809533,84.64370571354988,15.397727272727272
advection_diffusion,TMTM,7,A,28.136386639676115,1736.71875,51.41927389536805,51.4334784408226,14.034090909090908
advection_diffusion,TMTM,7,B,41.535618279569896,1961.71875,66.39086480445896,66.4050693499135,15.852272727272727
advection_diffusion,TMTM,7,C,80.7927435387674,1768.359375,33.635182986277144,33.635182986277144,14.289772727272727
advection_diffusion,TMTM,7,D,95.35466728280961,1901.953125,84.60109207718624,84.60109207718624,15.369318181818182
advection_diffusion,TMTM,8,A,28.443181818181817,1740.234375,51.47609207718624,51.47609207718624,14.0625
advection_diffusion,TMTM,8,B,41.99659090909091,1933.59375,66.33404662264078,66.34825116809533,15.625
advection_diffusion,TMTM,8,C,81.28898390342053,1747.265625,33.890864804458964,33.890864804458964,14.119318181818182
advection_diffusion,TMTM,8,D,95.78819444444444,1898.4375,84.31700116809533,84.33120571354988,15.34090909090909
advection_diffusion,TMTM,9,A,28.742424242424242,1740.234375,51.61813753173169,51.61813753173169,14.0625
advection_diffusion,TMTM,9,B,42.2625,1933.59375,66.47609207718624,66.49029662264078,15.625
advection_diffusion,TMTM,9,C,81.59443887775551,1754.296875,33.890864804458964,33.890864804458964,14.176136363636363
advection_diffusion,TMTM,9,D,96.30521616541354,1870.3125,84.34541025900441,84.35961480445896,15.113636363636363
advection_diffusion,TMTM,10,A,29.52,1757.8125,51.504501168095324,51.51870571354987,14.204545454545453
advection_diffusion,TMTM,10,B,42.53970054446461,1937.109375,66.47609207718624,66.47609207718624,15.65340909090909
advection_diffusion,TMTM,10,C,82.16800804828974,1747.265625,34.11813753173169,34.11813753173169,14.119318181818182
advection_diffusion,TMTM,10,D,96.66744402985074,1884.375,84.43063753173169,84.44484207718624,15.227272727272727
advection_diffusion,TMTM,11,A,29.80421686746988,1750.78125,51.390864804458964,51.40506934991351,14.147727272727272
advection_diffusion,TMTM,11,B,43.108228980322004,1965.234375,66.44768298627714,66.44768298627714,15.880681818181818
advection_diffusion,TMTM,11,C,82.51125,1757.8125,33.97609207718624,33.990296622640784,14.204545454545453
advection_diffusion,TMTM,11,D,96.94689239332097,1894.921875,84.54427389536805,84.54427389536805,15.3125
advection_diffusion,TMTM,12,A,30.127755511022045,1754.296875,51.56131934991351,51.56131934991351,14.176136363636363
advection_diffusion,TMTM,12,B,43.595454545454544,1933.59375,66.47609207718624,66.49029662264078,15.625
advection_diffusion,TMTM,12,C,82.8675,1757.8125,34.203364804458964,34.21756934991351,14.204545454545453
advection_diffusion,TMTM,12,D,97.21368715083798,1887.890625,84.4022284408226,84.4022284408226,15.255681818181818
advection_diffusion,TMTM,13,A,30.432981927710845,1750.78125,51.760182986277144,51.77438753173169,14.147727272727272
advection_diffusion,TMTM,13,B,43.888001824817515,1926.5625,66.64654662264078,66.66075116809533,15.568181818181818
advection_diffusion,TMTM,13,C,83.1980198019802,1775.390625,34.06131934991351,34.06131934991351,14.346590909090908
advection_diffusion,TMTM,13,D,97.61385199240986,1852.734375,84.31700116809533,84.31700116809533,14.971590909090908
advection_diffusion,TMTM,14,A,30.946969696969695,1740.234375,51.9022284408226,51.9022284408226,14.0625
advection_diffusion,TMTM,14,B,44.18807339449541,1916.015625,66.70336480445896,66.70336480445896,15.482954545454545
advection_diffusion,TMTM,14,C,83.6621287128713,1775.390625,34.260182986277144,34.260182986277144,14.346590909090908
advection_diffusion,TMTM,14,D,97.95530592734225,1838.671875,84.45904662264078,84.45904662264078,14.857954545454545
advection_diffusion,TMTM,15,A,31.400556680161944,1736.71875,51.87381934991351,51.88802389536805,14.034090909090908
advection_diffusion,TMTM,15,B,44.58526951672862,1891.40625,66.5613193499135,66.57552389536805,15.284090909090908
advection_diffusion,TMTM,15,C,84.05815109343936,1768.359375,34.23177389536806,34.23177389536806,14.289772727272727
advection_diffusion,TMTM,15,D,98.19825141776937,1859.765625,84.48745571354988,84.48745571354988,15.02840909090909
advection_diffusion,TMTM,16,A,31.710459183673468,1722.65625,51.98745571354987,52.00166025900442,13.920454545454545
advection_diffusion,TMTM,16,B,45.11214953271028,1880.859375,66.5897284408226,66.5897284408226,15.198863636363637
advection_diffusion,TMTM,16,C,84.47172619047619,1771.875,34.203364804458964,34.21756934991351,14.318181818181818
advection_diffusion,TMTM,16,D,98.50190839694656,1842.1875,84.43063753173169,84.44484207718624,14.886363636363637
advection_diffusion,TMTM,17,A,32.16082317073171,1729.6875,52.129501168095324,52.14370571354987,13.977272727272727
advection_diffusion,TMTM,17,B,45.474906191369605,1873.828125,66.73177389536805,66.73177389536805,15.142045454545453
advection_diffusion,TMTM,17,C,84.79743083003953,1778.90625,34.23177389536806,34.2459784408226,14.375
advection_diffusion,TMTM,17,D,98.69350961538461,1828.125,84.4022284408226,84.41643298627714,14.772727272727272
advection_diffusion,TMTM,18,A,32.537448347107436,1701.5625,52.328364804458964,52.34256934991351,13.75
advection_diffusion,TMTM,18,B,45.86292613636363,1856.25,66.73177389536805,66.7459784408226,15.0
advection_diffusion,TMTM,18,C,85.24209486166008,1778.90625,34.459046622640784,34.473251168095324,14.375
advection_diffusion,TMTM,18,D,99.11029411764706,1792.96875,84.23177389536805,84.2459784408226,14.488636363636363
advection_diffusion,TMTM,19,A,32.8489263803681,1719.140625,52.2147284408226,52.2147284408226,13.892045454545453
advection_diffusion,TMTM,19,B,46.21573724007561,1859.765625,66.70336480445896,66.70336480445896,15.02840909090909
advection_diffusion,TMTM,19,C,85.75323705179282,1764.84375,34.629501168095324,34.64370571354987,14.261363636363637
advection_diffusion,TMTM,19,D,99.4298245614035,1803.515625,84.28859207718624,84.28859207718624,14.573863636363637
advection_diffusion,TMTM,20,A,33.29183778234086,1712.109375,52.328364804458964,52.328364804458964,13.835227272727272
advection_diffusion,TMTM,20,B,46.77820267686425,1838.671875,66.70336480445896,66.70336480445896,14.857954545454545
advection_diffusion,TMTM,20,C,86.08907185628742,1761.328125,34.79995571354987,34.79995571354987,14.232954545454545
advection_diffusion,TMTM,20,D,99.73091976516633,1796.484375,84.31700116809533,84.31700116809533,14.517045454545453
advection_diffusion,ST-MTM,0,A,25.31437875751503,1754.296875,11.252123493541376,0.7580078612607792,21.051562500000003
advection_diffusion,ST-MTM,0,B,38.74567474048443,2032.03125,42.84942410813602,42.84942410813605,24.384375
advection_diffusion,ST-MTM,0,C,78.19236526946108,1761.328125,100.11947958910264,110.68644833910264,21.135937500000004
advection_diffusion,ST-MTM,0,D,92.71444954128441,1916.015625,80.74584111796494,80.74584111796493,22.9921875
advection_diffusion,ST-MTM,1,A,25.825400801603205,1754.296875,11.340493233319975,0.7808913459144975,21.121203774810965
advection_diffusion,ST-MTM,1,B,39.14226398601399,2010.9375,42.88786215257929,42.88786215257929,24.21107927693763
advection_diffusion,ST-MTM,1,C,78.52079158316633,1754.296875,100.02866553096803,110.5882674183735,21.121203774810958
advection_diffusion,ST-MTM,1,D,93.01510989010988,1919.53125,80.70984739187767,80.70984739187767,23.11057567344046
advection_diffusion,ST-MTM,2,A,26.118222891566266,1750.78125,11.335125924245034,0.8408500726233399,21.148839793741118
advection_diffusion,ST-MTM,2,B,39.50797872340426,1982.8125,42.88694463246176,42.88694463246176,23.95169807965876
advection_diffusion,ST-MTM,2,C,79.00398406374502,1764.84375,100.05588450059179,110.71423949703559,21.318709992887605
advection_diffusion,ST-MTM,2,D,93.28899082568807,1916.015625,80.68891325144637,80.68891325144637,23.144814633712517
advection_diffusion,ST-MTM,3,A,26.517319277108435,1750.78125,11.38603632161798,0.9217075277688878,21.15887245018986
advection_diffusion,ST-MTM,3,B,39.9239417989418,1993.359375,42.85852615015712,42.85852615015712,24.090523452325648
advection_diffusion,ST-MTM,3,C,79.13318452380952,1771.875,100.01251956405503,110.71841887619915,21.413798624288244
advection_diffusion,ST-MTM,3,D,93.8961038961039,1894.921875,80.70978627291483,80.70978627291484,22.90086797319627
advection_diffusion,ST-MTM,4,A,26.911989795918366,1722.65625,11.369136647359824,1.2558310063260194,20.948157816930618
advection_diffusion,ST-MTM,4,B,40.300760286225405,1965.234375,42.79035068219228,42.7903506821923,23.89800044909896
advection_diffusion,ST-MTM,4,C,79.64320866141732,1785.9375,100.04730454132489,110.9051455313515,21.717681980053197
advection_diffusion,ST-MTM,4,D,94.41914498141264,1891.40625,80.76007643786795,80.76007643786795,23.00022225391723
advection_diffusion,ST-MTM,5,A,27.3605476673428,1733.203125,11.403697866540142,1.254881986762598,20.976286372402015
advection_diffusion,ST-MTM,5,B,40.71524064171123,1972.265625,42.84514223602142,42.8451422360214,23.869567252123126
advection_diffusion,ST-MTM,5,C,80.08823529411765,1792.96875,99.96662221721374,110.81542551253574,21.69960659064399
advection_diffusion,ST-MTM,5,D,94.6753696857671,1901.953125,80.75140598896965,80.75140598896967,23.01860228483087
advection_diffusion,ST-MTM,6,A,27.79031440162272,1733.203125,11.461044256857903,1.1069183850877238,21.116730183206244
advection_diffusion,ST-MTM,6,B,41.19914104882459,1944.140625,42.86134482776825,42.86134482776828,23.686717629677887
advection_diffusion,ST-MTM,6,C,80.61008946322067,1768.359375,100.02366720725993,110.79519791908521,21.545061423650544
advection_diffusion,ST-MTM,6,D,94.88122693726937,1905.46875,80.62081201685888,80.62081201685885,23.21555326346534
advection_diffusion,ST-MTM,7,A,28.136386639676115,1736.71875,11.49116712696646,1.1192912471501728,21.109087249568006
advection_diffusion,ST-MTM,7,B,41.535618279569896,1961.71875,42.861738450959166,42.86173845095918,23.8438677840331
advection_diffusion,ST-MTM,7,C,80.7927435387674,1768.359375,99.9601052863392,110.7059381673951,21.493665762111807
advection_diffusion,ST-MTM,7,D,95.35466728280961,1901.953125,80.65385744448012,80.65385744448012,23.117441704287085
advection_diffusion,ST-MTM,8,A,28.443181818181817,1740.234375,11.39861972722619,0.7926775536529789,21.29404944164267
advection_diffusion,ST-MTM,8,B,41.99659090909091,1933.59375,42.896346468234654,42.896346468234654,23.6600549351586
advection_diffusion,ST-MTM,8,C,81.28898390342053,1747.265625,99.97190829236622,110.66095129488784,21.380086005043218
advection_diffusion,ST-MTM,8,D,95.78819444444444,1898.4375,80.69999382091788,80.69999382091788,23.229872118155527
advection_diffusion,ST-MTM,9,A,28.742424242424242,1740.234375,11.305452599013108,0.7053310413265592,21.35559293713908
advection_diffusion,ST-MTM,9,B,42.2625,1933.59375,42.856323262329994,42.856323262329994,23.72843659682438
advection_diffusion,ST-MTM,9,C,81.59443887775551,1754.296875,100.01152381796868,110.77460551052623,21.528163385115082
advection_diffusion,ST-MTM,9,D,96.30521616541354,1870.3125,80.79356862943317,80.79356862943317,22.951869580921464
advection_diffusion,ST-MTM,10,A,29.52,1757.8125,11.423109927131676,0.6798605869205971,21.48849868042217
advection_diffusion,ST-MTM,10,B,42.53970054446461,1937.109375,42.79303169939615,42.79303169939615,23.68032554582613
advection_diffusion,ST-MTM,10,C,82.16800804828974,1747.265625,99.95367143249507,110.57462097968747,21.35956768833981
advection_diffusion,ST-MTM,10,D,96.66744402985074,1884.375,80.79705524972204,80.79705524972204,23.035670585411907
advection_diffusion,ST-MTM,11,A,29.80421686746988,1750.78125,11.416381529083353,0.8137565436362735,21.280011032919845
advection_diffusion,ST-MTM,11,B,43.108228980322004,1965.234375,42.86478927533298,42.86478927533298,23.886598729723296
advection_diffusion,ST-MTM,11,C,82.51125,1757.8125,99.98970470267729,110.67144116498645,21.36547292461832
advection_diffusion,ST-MTM,11,D,96.94689239332097,1894.921875,80.69599280165133,80.69599280165133,23.031979812738548
advection_diffusion,ST-MTM,12,A,30.127755511022045,1754.296875,11.391137098226622,0.6976881101106756,21.42496030081496
advection_diffusion,ST-MTM,12,B,43.595454545454544,1933.59375,42.962964415468434,42.96296441546842,23.614685702301053
advection_diffusion,ST-MTM,12,C,82.8675,1757.8125,99.9699136357573,110.70286168225778,21.46789609300096
advection_diffusion,ST-MTM,12,D,97.21368715083798,1887.890625,80.6428531592926,80.64285315929259,23.05652040388303
advection_diffusion,ST-MTM,13,A,30.432981927710845,1750.78125,11.372933728525084,0.7712406072654829,21.464342216208138
advection_diffusion,ST-MTM,13,B,43.888001824817515,1926.5625,42.945874820069776,42.94587482006979,23.61939665641406
advection_diffusion,ST-MTM,13,C,83.1980198019802,1775.390625,99.97026691458835,110.85229183328215,21.766049837387616
advection_diffusion,ST-MTM,13,D,97.61385199240986,1852.734375,80.67779284556175,80.67779284556174,22.714273789990195
advection_diffusion,ST-MTM,14,A,30.946969696969695,1740.234375,11.467701100114454,0.9349984454508018,21.43820645168205
advection_diffusion,ST-MTM,14,B,44.18807339449541,1916.015625,42.88507137542089,42.88507137542089,23.603681859981037
advection_diffusion,ST-MTM,14,C,83.6621287128713,1775.390625,99.94730416853747,110.88195493164582,21.87130152621671
advection_diffusion,ST-MTM,14,D,97.95530592734225,1838.671875,80.66679166467213,80.66679166467212,22.650872662120214
advection_diffusion,ST-MTM,15,A,31.400556680161944,1736.71875,11.471658316254562,0.9275467119601615,21.43635992835995
advection_diffusion,ST-MTM,15,B,44.58526951672862,1891.40625,42.91982703092201,42.91982703092201,23.34567134680261
advection_diffusion,ST-MTM,15,C,84.05815109343936,1768.359375,99.98041466219738,110.892865102785,21.82690088117525
advection_diffusion,ST-MTM,15,D,98.19825141776937,1859.765625,80.594968299371,80.594968299371,22.955130343662194
advection_diffusion,ST-MTM,16,A,31.710459183673468,1722.65625,11.465351932360377,1.0444145690334494,21.37671244796222
advection_diffusion,ST-MTM,16,B,45.11214953271028,1880.859375,43.00925088884928,43.009250888849266,23.339879926536334
advection_diffusion,ST-MTM,16,C,84.47172619047619,1771.875,99.9299131723465,110.92265098668001,21.987475628667035
advection_diffusion,ST-MTM,16,D,98.50190839694656,1842.1875,80.56235231518878,80.56235231518879,22.85999449683441
advection_diffusion,ST-MTM,17,A,32.16082317073171,1729.6875,11.597325755394195,1.114911675579748,21.48489463378077
advection_diffusion,ST-MTM,17,B,45.474906191369605,1873.828125,43.017243896068734,43.017243896068734,23.275302591988513
advection_diffusion,ST-MTM,17,C,84.79743083003953,1778.90625,99.89878759402595,110.94591422983073,22.09625327160956
advection_diffusion,ST-MTM,17,D,98.69350961538461,1828.125,80.45351106325606,80.45351106325606,22.70761200262117
advection_diffusion,ST-MTM,18,A,32.537448347107436,1701.5625,11.624945227715898,1.3391894778890077,21.375249808347945
advection_diffusion,ST-MTM,18,B,45.86292613636363,1856.25,42.98505568169608,42.98505568169608,23.318454506011392
advection_diffusion,ST-MTM,18,C,85.24209486166008,1778.90625,99.91265776050633,111.08508359528093,22.346851669549206
advection_diffusion,ST-MTM,18,D,99.11029411764706,1792.96875,80.44420963882664,80.4442096388266,22.523506516091476
advection_diffusion,ST-MTM,19,A,32.8489263803681,1719.140625,11.572504025871808,1.041070529166916,21.54295465670606
advection_diffusion,ST-MTM,19,B,46.21573724007561,1859.765625,42.96159038379547,42.96159038379548,23.305159764961928
advection_diffusion,ST-MTM,19,C,85.75323705179282,1764.84375,99.99526919310779,111.05210467504936,22.115670963883176
advection_diffusion,ST-MTM,19,D,99.4298245614035,1803.515625,80.4375047059699,80.4375047059699,22.60027711444886
advection_diffusion,ST-MTM,20,A,33.29183778234086,1712.109375,11.626284713500155,1.0986769254887747,21.57156219037124
advection_diffusion,ST-MTM,20,B,46.77820267686425,1838.671875,43.05976061190201,43.05976061190202,23.166174736274243
advection_diffusion,ST-MTM,20,C,86.08907185628742,1761.328125,99.91329072089725,111.00813517138458,22.191688900974658
advection_diffusion,ST-MTM,20,D,99.73091976516633,1796.484375,80.36753226244555,80.36753226244555,22.634636672379862
advection_diffusion,RA-MTM,0,A,25.31437875751503,1754.296875,13.589412540951576,13.589412010103675,21.0515625
advection_diffusion,RA-MTM,0,B,38.74567474048443,2032.03125,40.232348219773336,40.23234698730755,24.384375000000002
advection_diffusion,RA-MTM,0,C,78.19236526946108,1761.328125,92.21942303037274,97.50340740537274,21.1359375
advection_diffusion,RA-MTM,0,D,92.71444954128441,1916.015625,80.68739178037274,74.93934490537274,22.9921875
advection_diffusion,RA-MTM,1,A,25.825400801603205,1754.296875,14.083390109382307,14.083389083514568,21.0515625
advection_diffusion,RA-MTM,1,B,39.14226398601399,2010.9375,40.64917934598786,40.64918259996556,24.13125
advection_diffusion,RA-MTM,1,C,78.52079158316633,1754.296875,92.52869292413811,97.79158354913811,21.0515625
advection_diffusion,RA-MTM,1,D,93.01510989010988,1919.53125,81.00720854913811,75.24861479913811,23.034375
advection_diffusion,RA-MTM,2,A,26.118222891566266,1750.78125,14.406386083092366,14.406385022275076,21.009375000000002
advection_diffusion,RA-MTM,2,B,39.50797872340426,1982.8125,41.01008635580577,41.01010436091901,23.79375
advection_diffusion,RA-MTM,2,C,79.00398406374502,1764.84375,92.91777650721654,98.21230775721655,21.178125
advection_diffusion,RA-MTM,2,D,93.28899082568807,1916.015625,81.37519838221654,75.62715150721654,22.9921875
advection_diffusion,RA-MTM,3,A,26.517319277108435,1750.78125,14.837698372448774,14.837717440819754,21.009375000000002
advection_diffusion,RA-MTM,3,B,39.9239417989418,1993.359375,41.385801898902706,41.38583882179154,23.9203125
advection_diffusion,RA-MTM,3,C,79.13318452380952,1771.875,93.26483952245671,98.58046452245671,21.2625
advection_diffusion,RA-MTM,3,D,93.8961038961039,1894.921875,81.76444889745672,76.0796832724567,22.7390625
advection_diffusion,RA-MTM,4,A,26.911989795918366,1722.65625,15.260765486074929,15.260765940518848,20.671875
advection_diffusion,RA-MTM,4,B,40.300760286225405,1965.234375,41.763175689526655,41.7631806760704,23.5828125
advection_diffusion,RA-MTM,4,C,79.64320866141732,1785.9375,93.79719244641498,99.15500494641498,21.431250000000002
advection_diffusion,RA-MTM,4,D,94.41914498141264,1891.40625,82.26516119641498,76.59094244641499,22.696875000000002
advection_diffusion,RA-MTM,5,A,27.3605476673428,1733.203125,15.707551029020763,15.70755116355456,20.798437500000002
advection_diffusion,RA-MTM,5,B,40.71524064171123,1972.265625,42.213020252751214,42.213022537601795,23.6671875
advection_diffusion,RA-MTM,5,C,80.08823529411765,1792.96875,94.17418530244237,99.55309155244237,21.515625
advection_diffusion,RA-MTM,5,D,94.6753696857671,1901.953125,82.58941967744236,76.88356030244238,22.8234375
advection_diffusion,RA-MTM,6,A,27.79031440162272,1733.203125,16.16092441846882,16.160923516452524,20.798437500000002
advection_diffusion,RA-MTM,6,B,41.19914104882459,1944.140625,42.659096084306235,42.65909603367857,23.329687500000002
advection_diffusion,RA-MTM,6,C,80.61008946322067,1768.359375,94.50640038774503,99.81147851274503,21.220312500000002
advection_diffusion,RA-MTM,6,D,94.88122693726937,1905.46875,82.98491601274503,77.26850976274503,22.865625
advection_diffusion,RA-MTM,7,A,28.136386639676115,1736.71875,16.52101864992845,16.521020307662752,20.840625
advection_diffusion,RA-MTM,7,B,41.535618279569896,1961.71875,42.99025134998391,42.990254406570834,23.540625000000002
advection_diffusion,RA-MTM,7,C,80.7927435387674,1768.359375,94.82917416078851,100.1342522857885,21.220312500000002
advection_diffusion,RA-MTM,7,D,95.35466728280961,1901.953125,83.31823666078851,77.61237728578851,22.8234375
advection_diffusion,RA-MTM,8,A,28.443181818181817,1740.234375,16.837762808947026,16.83776473198371,20.8828125
advection_diffusion,RA-MTM,8,B,41.99659090909091,1933.59375,43.454108461274785,43.45411266240615,23.203125
advection_diffusion,RA-MTM,8,C,81.28898390342053,1747.265625,95.25714386143248,100.49894073643249,20.9671875
advection_diffusion,RA-MTM,8,D,95.78819444444444,1898.4375,83.82003448643248,78.12472198643248,22.78125
advection_diffusion,RA-MTM,9,A,28.742424242424242,1740.234375,17.107289601636225,17.107313623252985,20.8828125
advection_diffusion,RA-MTM,9,B,42.2625,1933.59375,43.73887892866483,43.73889623737628,23.203125
advection_diffusion,RA-MTM,9,C,81.59443887775551,1754.296875,95.63674158408452,100.89963220908452,21.0515625
advection_diffusion,RA-MTM,9,D,96.30521616541354,1870.3125,84.26291345908452,78.65197595908452,22.44375
advection_diffusion,RA-MTM,10,A,29.52,1757.8125,17.796764325824793,17.796769681674558,21.09375
advection_diffusion,RA-MTM,10,B,42.53970054446461,1937.109375,44.11951235776568,44.11951244066003,23.2453125
advection_diffusion,RA-MTM,10,C,82.16800804828974,1747.265625,96.11518697657023,101.35698385157023,20.9671875
advection_diffusion,RA-MTM,10,D,96.66744402985074,1884.375,84.72026510157022,79.06714010157023,22.6125
advection_diffusion,RA-MTM,11,A,29.80421686746988,1750.78125,18.103427531695118,18.103427477142702,21.009375000000002
advection_diffusion,RA-MTM,11,B,43.108228980322004,1965.234375,44.62249740761431,44.62249818098972,23.5828125
advection_diffusion,RA-MTM,11,C,82.51125,1757.8125,96.45817275916049,101.73161025916049,21.09375
advection_diffusion,RA-MTM,11,D,96.94689239332097,1894.921875,84.9999696341605,79.3152040091605,22.7390625
advection_diffusion,RA-MTM,12,A,30.127755511022045,1754.296875,18.43014683332942,18.430153696562027,21.0515625
advection_diffusion,RA-MTM,12,B,43.595454545454544,1933.59375,45.08017030607786,45.080181429697504,23.203125
advection_diffusion,RA-MTM,12,C,82.8675,1757.8125,96.759148262919,102.032585762919,21.09375
advection_diffusion,RA-MTM,12,D,97.21368715083798,1887.890625,85.32203888791899,79.658367012919,22.6546875
advection_diffusion,RA-MTM,13,A,30.432981927710845,1750.78125,18.743787674716195,18.743787830238652,21.009375000000002
advection_diffusion,RA-MTM,13,B,43.888001824817515,1926.5625,45.376245221578294,45.37624804088171,23.118750000000002
advection_diffusion,RA-MTM,13,C,83.1980198019802,1775.390625,97.09812339719504,102.42429527219504,21.3046875
advection_diffusion,RA-MTM,13,D,97.61385199240986,1852.734375,85.71374839719503,80.15554527219504,22.2328125
advection_diffusion,RA-MTM,14,A,30.946969696969695,1740.234375,19.264776394334586,19.264778109173175,20.8828125
advection_diffusion,RA-MTM,14,B,44.18807339449541,1916.015625,45.70753781951723,45.707542464951935,22.9921875
advection_diffusion,RA-MTM,14,C,83.6621287128713,1775.390625,97.47981107010678,102.80598294510678,21.3046875
advection_diffusion,RA-MTM,14,D,97.95530592734225,1838.671875,86.13762357010677,80.62160794510677,22.064062500000002
advection_diffusion,RA-MTM,15,A,31.400556680161944,1736.71875,19.653585946545203,19.653586263719276,20.840625
advection_diffusion,RA-MTM,15,B,44.58526951672862,1891.40625,46.113573562100264,46.113575620587575,22.696875000000002
advection_diffusion,RA-MTM,15,C,84.05815109343936,1768.359375,97.82038875560437,103.12546688060436,21.220312500000002
advection_diffusion,RA-MTM,15,D,98.19825141776937,1859.765625,86.43601375560436,80.85671688060437,22.3171875
advection_diffusion,RA-MTM,16,A,31.710459183673468,1722.65625,20.003934183730255,20.003934713703625,20.671875
advection_diffusion,RA-MTM,16,B,45.11214953271028,1880.859375,46.617329689132475,46.61733223210188,22.5703125
advection_diffusion,RA-MTM,16,C,84.47172619047619,1771.875,98.15791104371137,103.47353604371136,21.2625
advection_diffusion,RA-MTM,16,D,98.50190839694656,1842.1875,86.81572354371137,81.28916104371136,22.10625
advection_diffusion,RA-MTM,17,A,32.16082317073171,1729.6875,20.479676259867325,20.479676259865265,20.75625
advection_diffusion,RA-MTM,17,B,45.474906191369605,1873.828125,46.956979910612944,46.95697991064465,22.485937500000002
advection_diffusion,RA-MTM,17,C,84.79743083003953,1778.90625,98.40601709771207,103.74273584771207,21.346875
advection_diffusion,RA-MTM,17,D,98.69350961538461,1828.125,87.08492334771206,81.60054834771206,21.9375
advection_diffusion,RA-MTM,18,A,32.537448347107436,1701.5625,20.891751640604266,20.89177447688482,20.41875
advection_diffusion,RA-MTM,18,B,45.86292613636363,1856.25,47.334199034776255,47.33422436925544,22.275000000000002
advection_diffusion,RA-MTM,18,C,85.24209486166008,1778.90625,98.78400698965356,104.12072573965357,21.346875
advection_diffusion,RA-MTM,18,D,99.11029411764706,1792.96875,87.56838198965356,82.18947573965356,21.515625
advection_diffusion,RA-MTM,19,A,32.8489263803681,1719.140625,21.207816996809086,21.207816996809086,20.6296875
advection_diffusion,RA-MTM,19,B,46.21573724007561,1859.765625,47.68523860028007,47.68523860028027,22.3171875
advection_diffusion,RA-MTM,19,C,85.75323705179282,1764.84375,99.19406986909817,104.48860111909818,21.178125
advection_diffusion,RA-MTM,19,D,99.4298245614035,1803.515625,87.98899174409817,82.57844486909818,21.642187500000002
advection_diffusion,RA-MTM,20,A,33.29183778234086,1712.109375,21.673010103789885,21.673014069578066,20.5453125
advection_diffusion,RA-MTM,20,B,46.77820267686425,1838.671875,48.22235145322321,48.22236270047151,22.064062500000002
advection_diffusion,RA-MTM,20,C,86.08907185628742,1761.328125,99.49671456072689,104.78069893572689,21.1359375
advection_diffusion,RA-MTM,20,D,99.73091976516633,1796.484375,88.32327706072688,82.93382393572689,21.5578125
hierarchy_change_seed1,TMTM,0,A,25.3125,1912.5,48.454399810542455,48.44019526508791,15.454545454545453
hierarchy_change_seed1,TMTM,0,B,37.819715808170514,1979.296875,32.68735435599699,32.68735435599699,15.994318181818182
hierarchy_change_seed1,TMTM,0,C,77.70833333333333,1835.15625,84.50553617417881,84.49133162872427,14.829545454545453
hierarchy_change_seed1,TMTM,0,D,93.51682282793867,2063.671875,68.71008162872427,68.71008162872427,16.676136363636363
hierarchy_change_seed1,TMTM,1,A,25.739667338709676,1743.75,48.11349071963336,48.099286174178815,14.09090909090909
hierarchy_change_seed1,TMTM,1,B,37.986918604651166,1814.0625,33.71008162872427,33.69587708326972,14.659090909090908
hierarchy_change_seed1,TMTM,1,C,77.8125,1835.15625,83.937354355997,83.92314981054244,14.829545454545453
hierarchy_change_seed1,TMTM,1,D,93.75,2028.515625,68.28394526508791,68.28394526508791,16.392045454545453
hierarchy_change_seed1,TMTM,2,A,25.59415236051502,1638.28125,47.829399810542455,47.81519526508791,13.238636363636363
hierarchy_change_seed1,TMTM,2,B,38.28059623430963,1680.46875,34.391899810542455,34.37769526508791,13.579545454545453
hierarchy_change_seed1,TMTM,2,C,78.24416835699797,1733.203125,83.22712708326972,83.22712708326972,14.005681818181818
hierarchy_change_seed1,TMTM,2,D,93.98352888086643,1947.65625,68.34076344690608,68.32655890145153,15.738636363636363
hierarchy_change_seed1,TMTM,3,A,25.97832541567696,1480.078125,47.40326344690608,47.40326344690608,11.960227272727272
hierarchy_change_seed1,TMTM,3,B,38.4375,1525.78125,35.244172537815174,35.22996799236063,12.329545454545453
hierarchy_change_seed1,TMTM,3,C,78.04787234042553,1652.34375,82.43167253781517,82.41746799236063,13.352272727272727
hierarchy_change_seed1,TMTM,3,D,94.11576704545455,1856.25,68.22712708326972,68.21292253781517,15.0
hierarchy_change_seed1,TMTM,4,A,26.082506203473944,1416.796875,47.318036174178815,47.318036174178815,11.448863636363637
hierarchy_change_seed1,TMTM,4,B,38.826219512195124,1441.40625,35.755536174178815,35.74133162872427,11.647727272727272
hierarchy_change_seed1,TMTM,4,C,78.40353260869566,1617.1875,81.86349071963335,81.84928617417881,13.068181818181818
hierarchy_change_seed1,TMTM,4,D,94.32160194174757,1810.546875,67.97144526508791,67.97144526508791,14.630681818181818
hierarchy_change_seed1,TMTM,5,A,26.458333333333332,1265.625,46.77826344690608,46.764058901451534,10.227272727272727
hierarchy_change_seed1,TMTM,5,B,38.82294429708223,1325.390625,36.266899810542455,36.266899810542455,10.710227272727272
hierarchy_change_seed1,TMTM,5,C,78.46057046979865,1571.484375,81.66462708326972,81.66462708326972,12.698863636363637
hierarchy_change_seed1,TMTM,5,D,94.44020669291339,1785.9375,68.08508162872427,68.07087708326972,14.431818181818182
hierarchy_change_seed1,TMTM,6,A,26.519461077844312,1174.21875,47.09076344690608,47.076558901451534,9.488636363636363
hierarchy_change_seed1,TMTM,6,B,38.98783185840708,1191.796875,37.48849071963336,37.48849071963336,9.630681818181818
hierarchy_change_seed1,TMTM,6,C,78.82670454545455,1546.875,80.24417253781517,80.22996799236063,12.5
hierarchy_change_seed1,TMTM,6,D,94.6875,1701.5625,67.09076344690608,67.07655890145153,13.75
hierarchy_change_seed1,TMTM,7,A,26.71875,1068.75,47.57371799236063,47.55951344690608,8.636363636363637
hierarchy_change_seed1,TMTM,7,B,39.17067307692308,1096.875,38.795308901451534,38.78110435599699,8.863636363636363
hierarchy_change_seed1,TMTM,7,C,79.00568181818181,1469.53125,79.07939981054244,79.06519526508791,11.875
hierarchy_change_seed1,TMTM,7,D,94.8555615550756,1627.734375,66.52258162872427,66.52258162872427,13.15340909090909
hierarchy_change_seed1,TMTM,8,A,26.772321428571427,984.375,47.97144526508791,47.95724071963336,7.954545454545454
hierarchy_change_seed1,TMTM,8,B,39.41447368421053,1001.953125,39.90326344690608,39.90326344690608,8.096590909090908
hierarchy_change_seed1,TMTM,8,C,79.2046875,1406.25,77.91462708326972,77.90042253781517,11.363636363636363
hierarchy_change_seed1,TMTM,8,D,95.0755033557047,1571.484375,65.84076344690608,65.84076344690608,12.698863636363637
hierarchy_change_seed1,TMTM,9,A,27.1875,864.84375,48.482808901451534,48.46860435599699,6.988636363636363
hierarchy_change_seed1,TMTM,9,B,39.68503937007874,892.96875,41.35212708326972,41.337922537815174,7.215909090909091
hierarchy_change_seed1,TMTM,9,C,79.46859137055837,1385.15625,76.83508162872427,76.82087708326972,11.193181818181818
hierarchy_change_seed1,TMTM,9,D,95.26785714285714,1550.390625,64.93167253781517,64.93167253781517,12.52840909090909
hierarchy_change_seed1,TMTM,10,A,27.391666666666666,791.015625,48.90894526508791,48.90894526508791,6.392045454545454
hierarchy_change_seed1,TMTM,10,B,39.73684210526316,801.5625,42.46008162872427,42.44587708326972,6.477272727272727
hierarchy_change_seed1,TMTM,10,C,79.6875,1342.96875,75.75553617417881,75.74133162872427,10.852272727272727
hierarchy_change_seed1,TMTM,10,D,95.54558823529412,1494.140625,64.249854355997,64.249854355997,12.073863636363637
hierarchy_change_seed1,TMTM,11,A,27.435661764705884,717.1875,48.994172537815174,48.97996799236063,5.795454545454545
hierarchy_change_seed1,TMTM,11,B,40.07584951456311,724.21875,43.141899810542455,43.12769526508791,5.8522727272727275
hierarchy_change_seed1,TMTM,11,C,79.82648247978436,1304.296875,74.874854355997,74.874854355997,10.539772727272727
hierarchy_change_seed1,TMTM,11,D,95.64797794117646,1434.375,63.79530890145154,63.781104355996995,11.59090909090909
hierarchy_change_seed1,TMTM,12,A,27.868852459016395,643.359375,49.56235435599699,49.56235435599699,5.198863636363636
hierarchy_change_seed1,TMTM,12,B,40.266891891891895,650.390625,44.306672537815174,44.306672537815174,5.255681818181818
hierarchy_change_seed1,TMTM,12,C,80.08539244186046,1209.375,62.71576344690608,62.70155890145154,9.772727272727272
hierarchy_change_seed1,TMTM,12,D,96.02154046997389,1346.484375,73.17030890145153,73.17030890145153,10.880681818181818
hierarchy_change_seed1,TMTM,13,A,27.861842105263158,601.171875,49.53394526508791,49.53394526508791,4.857954545454545
hierarchy_change_seed1,TMTM,13,B,40.401785714285715,590.625,44.704399810542455,44.69019526508791,4.7727272727272725
hierarchy_change_seed1,TMTM,13,C,80.23203592814372,1174.21875,62.3464452650879,62.332240719633354,9.488636363636363
hierarchy_change_seed1,TMTM,13,D,96.14721485411141,1325.390625,72.71576344690608,72.71576344690608,10.710227272727272
hierarchy_change_seed1,TMTM,14,A,28.125,502.734375,49.56235435599699,49.56235435599699,4.0625
hierarchy_change_seed1,TMTM,14,B,40.72345890410959,513.28125,45.443036174178815,45.42883162872427,4.1477272727272725
hierarchy_change_seed1,TMTM,14,C,80.36878881987577,1132.03125,61.97712708326972,61.962922537815174,9.147727272727272
hierarchy_change_seed1,TMTM,14,D,96.21926229508196,1286.71875,72.11917253781517,72.10496799236063,10.397727272727272
hierarchy_change_seed1,TMTM,15,A,28.35576923076923,457.03125,49.67599071963336,49.661786174178815,3.693181818181818
hierarchy_change_seed1,TMTM,15,B,40.78846153846154,457.03125,45.954399810542455,45.94019526508791,3.693181818181818
hierarchy_change_seed1,TMTM,15,C,80.68452380952381,1107.421875,61.83508162872427,61.83508162872427,8.948863636363637
hierarchy_change_seed1,TMTM,15,D,96.34698275862068,1223.4375,71.29530890145153,71.281104355997,9.886363636363637
hierarchy_change_seed1,TMTM,16,A,28.63317757009346,376.171875,49.47712708326972,49.47712708326972,3.039772727272727
hierarchy_change_seed1,TMTM,16,B,41.067961165048544,362.109375,46.46576344690608,46.46576344690608,2.9261363636363638
hierarchy_change_seed1,TMTM,16,C,80.76732673267327,1065.234375,61.806672537815174,61.806672537815174,8.607954545454545
hierarchy_change_seed1,TMTM,16,D,96.66729607250755,1163.671875,70.84076344690608,70.84076344690608,9.40340909090909
hierarchy_change_seed1,TMTM,17,A,28.608247422680414,341.015625,49.53394526508791,49.53394526508791,2.755681818181818
hierarchy_change_seed1,TMTM,17,B,41.25,333.984375,46.77826344690608,46.77826344690608,2.6988636363636362
hierarchy_change_seed1,TMTM,17,C,80.90397923875433,1016.015625,61.550990719633354,61.550990719633354,8.210227272727272
hierarchy_change_seed1,TMTM,17,D,96.8203125,1125.0,70.24417253781517,70.22996799236063,9.09090909090909
hierarchy_change_seed1,TMTM,18,A,28.985294117647058,298.828125,49.505536174178815,49.505536174178815,2.414772727272727
hierarchy_change_seed1,TMTM,18,B,41.63403614457831,291.796875,47.09076344690608,47.09076344690608,2.3579545454545454
hierarchy_change_seed1,TMTM,18,C,81.16258741258741,1005.46875,61.32371799236063,61.30951344690608,8.125
hierarchy_change_seed1,TMTM,18,D,96.97619047619048,1107.421875,69.874854355997,69.874854355997,8.948863636363637
hierarchy_change_seed1,TMTM,19,A,29.0625,253.125,49.420308901451534,49.40610435599699,2.0454545454545454
hierarchy_change_seed1,TMTM,19,B,41.53409090909091,232.03125,47.431672537815174,47.41746799236063,1.875
hierarchy_change_seed1,TMTM,19,C,81.5625,949.21875,61.29530890145154,61.281104355996995,7.670454545454545
hierarchy_change_seed1,TMTM,19,D,97.36607142857143,1033.59375,69.33508162872427,69.32087708326972,8.352272727272727
hierarchy_change_seed1,TMTM,20,A,29.625,228.515625,49.53394526508791,49.53394526508791,1.846590909090909
hierarchy_change_seed1,TMTM,20,B,42.0,210.9375,47.744172537815174,47.72996799236063,1.7045454545454546
hierarchy_change_seed1,TMTM,20,C,81.73003802281369,924.609375,61.01121799236063,61.01121799236063,7.471590909090909
hierarchy_change_seed1,TMTM,20,D,97.5,1023.046875,68.90894526508791,68.90894526508791,8.267045454545455
hierarchy_change_seed1,ST-MTM,0,A,25.3125,1912.5,36.97807574991168,36.97807574991168,22.949998541220282
hierarchy_change_seed1,ST-MTM,0,B,37.819715808170514,1979.296875,16.25244607233799,4.659647917845348,23.75157571498204
hierarchy_change_seed1,ST-MTM,0,C,77.70833333333333,1835.15625,74.30782453272656,74.30782453272656,22.021877392209067
hierarchy_change_seed1,ST-MTM,0,D,93.51682282793867,2063.671875,106.81902561446628,119.20004979026059,24.764048351588613
hierarchy_change_seed1,ST-MTM,1,A,25.739667338709676,1743.75,36.62236941521563,36.62236941521563,21.965795029851336
hierarchy_change_seed1,ST-MTM,1,B,37.986918604651166,1814.0625,17.11511675280954,6.440593346667271,22.85151747609099
hierarchy_change_seed1,ST-MTM,1,C,77.8125,1835.15625,73.90012305707018,73.90012305707015,23.11723509405225
hierarchy_change_seed1,ST-MTM,1,D,93.75,2028.515625,106.71976274434718,119.4952389443499,25.55295240000541
hierarchy_change_seed1,ST-MTM,2,A,25.59415236051502,1638.28125,36.01998284740655,36.01998284740654,21.881035774054894
hierarchy_change_seed1,ST-MTM,2,B,38.28059623430963,1680.46875,17.988585054792324,7.732705110936919,22.444522255650924
hierarchy_change_seed1,ST-MTM,2,C,78.24416835699797,1733.203125,73.79084856845341,73.79084856845341,23.148860323409497
hierarchy_change_seed1,ST-MTM,2,D,93.98352888086643,1947.65625,106.55795549879022,119.56349632223257,26.013081646884668
hierarchy_change_seed1,ST-MTM,3,A,25.97832541567696,1480.078125,35.719104877868205,35.719104877868205,21.2402792768776
hierarchy_change_seed1,ST-MTM,3,B,38.4375,1525.78125,18.913188735610305,9.149809197224897,21.896154884022664
hierarchy_change_seed1,ST-MTM,3,C,78.04787234042553,1652.34375,73.34597219545111,73.34597219545111,23.71242579599486
hierarchy_change_seed1,ST-MTM,3,D,94.11576704545455,1856.25,106.3791061605129,119.69742618206534,26.638640043104868
hierarchy_change_seed1,ST-MTM,4,A,26.082506203473944,1416.796875,35.24859630072115,35.24859630072113,21.071287751681865
hierarchy_change_seed1,ST-MTM,4,B,38.826219512195124,1441.40625,19.74490018695839,10.37874826531052,21.437290268462945
hierarchy_change_seed1,ST-MTM,4,C,78.40353260869566,1617.1875,73.1528862594525,73.1528862594525,24.051593959730305
hierarchy_change_seed1,ST-MTM,4,D,94.32160194174757,1810.546875,106.21098922231049,119.67365323237294,26.9273280201249
hierarchy_change_seed1,ST-MTM,5,A,26.458333333333332,1265.625,34.89620410962529,34.8962041096253,19.89095770359576
hierarchy_change_seed1,ST-MTM,5,B,38.82294429708223,1325.390625,20.554340338187515,11.533390946478676,20.830252782965175
hierarchy_change_seed1,ST-MTM,5,C,78.46057046979865,1571.484375,72.90260214467236,72.90260214467233,24.697938517185463
hierarchy_change_seed1,ST-MTM,5,D,94.44020669291339,1785.9375,106.00422537695736,120.03740087508416,28.068350996253585
hierarchy_change_seed1,ST-MTM,6,A,26.519461077844312,1174.21875,34.327574797230895,34.327574797230895,19.55217751164301
hierarchy_change_seed1,ST-MTM,6,B,38.98783185840708,1191.796875,21.23586305078095,12.920030538659432,19.844875991500047
hierarchy_change_seed1,ST-MTM,6,C,78.82670454545455,1546.875,72.7315965319026,72.73159653190258,25.757358285759086
hierarchy_change_seed1,ST-MTM,6,D,94.6875,1701.5625,106.06233758952808,120.22788169507702,28.333088211097845
hierarchy_change_seed1,ST-MTM,7,A,26.71875,1068.75,33.85854982258854,33.95555929464999,18.98477140192945
hierarchy_change_seed1,ST-MTM,7,B,39.17067307692308,1096.875,21.983077231508616,13.638974279095521,19.484368719544307
hierarchy_change_seed1,ST-MTM,7,C,79.00568181818181,1469.53125,72.54381750059505,72.54381750059505,26.104054192835086
hierarchy_change_seed1,ST-MTM,7,D,94.8555615550756,1627.734375,105.97192741475033,120.4280802575959,28.914305685691144
hierarchy_change_seed1,ST-MTM,8,A,26.772321428571427,984.375,33.39468858804081,36.729543600110105,18.538598126168466
hierarchy_change_seed1,ST-MTM,8,B,39.41447368421053,1001.953125,22.63260041277998,15.17340100470355,18.869639503799092
hierarchy_change_seed1,ST-MTM,8,C,79.2046875,1406.25,72.44179410056209,72.4417941005621,26.483714370784465
hierarchy_change_seed1,ST-MTM,8,D,95.0755033557047,1571.484375,105.88828886805966,120.68506286768365,29.595547999247984
hierarchy_change_seed1,ST-MTM,9,A,27.1875,864.84375,32.98346254579337,38.18677035490367,17.226910052870963
hierarchy_change_seed1,ST-MTM,9,B,39.68503937007874,892.96875,23.323015593189623,16.773778074817557,17.787133585112088
hierarchy_change_seed1,ST-MTM,9,C,79.46859137055837,1385.15625,72.25944236439172,72.25944236439173,27.591067804634687
hierarchy_change_seed1,ST-MTM,9,D,95.26785714285714,1550.390625,105.79145146606783,121.23164574475896,30.882388557382257
hierarchy_change_seed1,ST-MTM,10,A,27.391666666666666,791.015625,17.40893484069656,17.40893484069656,16.694196428571416
hierarchy_change_seed1,ST-MTM,10,B,39.73684210526316,801.5625,38.99943812657928,38.99943812657928,16.91678571428571
hierarchy_change_seed1,ST-MTM,10,C,79.6875,1342.96875,72.24736520358869,72.24736520358869,28.343035714285715
hierarchy_change_seed1,ST-MTM,10,D,95.54558823529412,1494.140625,105.70163379857802,105.70163379857802,31.53348214285714
hierarchy_change_seed1,ST-MTM,11,A,27.435661764705884,717.1875,15.917549120229111,15.917549120229111,16.03990748528176
hierarchy_change_seed1,ST-MTM,11,B,40.07584951456311,724.21875,40.57817152369927,40.57817152369927,16.19716148023548
hierarchy_change_seed1,ST-MTM,11,C,79.82648247978436,1304.296875,72.09464617751004,72.09464617751004,29.170616063919255
hierarchy_change_seed1,ST-MTM,11,D,95.64797794117646,1434.375,105.76700514800413,105.76700514800413,32.0798149705635
hierarchy_change_seed1,ST-MTM,12,A,27.868852459016395,643.359375,16.13473448337355,16.13473448337355,15.623938356164388
hierarchy_change_seed1,ST-MTM,12,B,40.266891891891895,650.390625,40.4275768359587,40.4275768359587,15.794691780821921
hierarchy_change_seed1,ST-MTM,12,C,80.08539244186046,1209.375,72.02279633479215,72.02279633479215,29.369589041095892
hierarchy_change_seed1,ST-MTM,12,D,96.02154046997389,1346.484375,105.77226431531817,105.77226431531817,32.69928082191781
hierarchy_change_seed1,ST-MTM,13,A,27.861842105263158,601.171875,16.424906234062462,16.424906234062462,15.225107142857155
hierarchy_change_seed1,ST-MTM,13,B,40.401785714285715,590.625,40.10588357862552,40.10588357862552,14.957999999999998
hierarchy_change_seed1,ST-MTM,13,C,80.23203592814372,1174.21875,72.06867028511928,72.06867028511928,29.73792857142857
hierarchy_change_seed1,ST-MTM,13,D,96.14721485411141,1325.390625,105.75791187163529,105.75791187163529,33.56646428571428
hierarchy_change_seed1,ST-MTM,14,A,28.125,502.734375,16.908390907897086,16.908390907897086,13.683431422722606
hierarchy_change_seed1,ST-MTM,14,B,40.72345890410959,513.28125,39.76977025788875,39.76977025788875,13.97049641760492
hierarchy_change_seed1,ST-MTM,14,C,80.36878881987577,1132.03125,72.01544319821662,72.01544319821662,30.811642784032756
hierarchy_change_seed1,ST-MTM,14,D,96.21926229508196,1286.71875,105.6637676054401,105.6637676054401,35.02192937563971
hierarchy_change_seed1,ST-MTM,15,A,28.35576923076923,457.03125,17.214043367454423,12.890383731375934,13.167257101322377
hierarchy_change_seed1,ST-MTM,15,B,40.78846153846154,457.03125,39.313943250933534,39.313943250933534,13.167259379403887
hierarchy_change_seed1,ST-MTM,15,C,80.68452380952381,1107.421875,72.25398034440892,72.25398034440892,31.905254019055945
hierarchy_change_seed1,ST-MTM,15,D,96.34698275862068,1223.4375,105.57540500664565,123.19826975675454,35.247729500217794
hierarchy_change_seed1,ST-MTM,16,A,28.63317757009346,376.171875,17.625445036925854,13.822636111457712,11.852089046789786
hierarchy_change_seed1,ST-MTM,16,B,41.067961165048544,362.109375,38.80593519114983,38.80593519114984,11.409020719598956
hierarchy_change_seed1,ST-MTM,16,C,80.76732673267327,1065.234375,72.18222593573773,72.18222593573773,33.56245125091543
hierarchy_change_seed1,ST-MTM,16,D,96.66729607250755,1163.671875,105.74376580562912,124.07473529697704,36.66393898269584
hierarchy_change_seed1,ST-MTM,17,A,28.608247422680414,341.015625,17.866163866030305,14.180207677685274,11.32121209094494
hierarchy_change_seed1,ST-MTM,17,B,41.25,333.984375,38.35344494858599,38.353444948586,11.087786972723762
hierarchy_change_seed1,ST-MTM,17,C,80.90397923875433,1016.015625,72.31182132737604,72.31182132737604,33.73018126387795
hierarchy_change_seed1,ST-MTM,17,D,96.8203125,1125.0,105.82594182745018,124.49910166367685,37.34831967245334
hierarchy_change_seed1,ST-MTM,18,A,28.985294117647058,298.828125,18.13495542455064,14.72925571075217,10.333480805240427
hierarchy_change_seed1,ST-MTM,18,B,41.63403614457831,291.796875,37.93415833196303,37.93415833196303,10.090341604152187
hierarchy_change_seed1,ST-MTM,18,C,81.16258741258741,1005.46875,72.51745965722205,72.51745965722205,34.76905631328445
hierarchy_change_seed1,ST-MTM,18,D,96.97619047619048,1107.421875,105.77079855570678,124.91710919436825,38.29462127732293
hierarchy_change_seed1,ST-MTM,19,A,29.0625,253.125,18.46798167022132,15.206046306247615,9.58846472036248
hierarchy_change_seed1,ST-MTM,19,B,41.53409090909091,232.03125,37.03467132609174,37.034671326091754,8.789419243022792
hierarchy_change_seed1,ST-MTM,19,C,81.5625,949.21875,72.95733011253454,72.95733011253455,35.95674121197238
hierarchy_change_seed1,ST-MTM,19,D,97.36607142857143,1033.59375,105.89738886059493,125.4728262729161,39.152874824642325
hierarchy_change_seed1,ST-MTM,20,A,29.625,228.515625,18.941986428754888,15.79107301352225,8.949467080692074
hierarchy_change_seed1,ST-MTM,20,B,42.0,210.9375,36.46253747197966,36.46253747197966,8.261044305929914
hierarchy_change_seed1,ST-MTM,20,C,81.73003802281369,924.609375,73.11691997080942,73.11691997080943,36.21092153712323
hierarchy_change_seed1,ST-MTM,20,D,97.5,1023.046875,105.83592809789855,125.86796163602594,40.06606707625478
hierarchy_change_seed1,RA-MTM,0,A,25.3125,1912.5,24.3125,19.64071710429036,22.95
hierarchy_change_seed1,RA-MTM,0,B,37.819715808170514,1979.296875,38.819715808170514,43.49149835429036,23.751562500000002
hierarchy_change_seed1,RA-MTM,0,C,77.70833333333333,1835.15625,76.70833333333333,73.66609367920769,22.021875
hierarchy_change_seed1,RA-MTM,0,D,93.51682282793867,2063.671875,94.51682282793867,97.5590624292077,24.7640625
hierarchy_change_seed1,RA-MTM,1,A,25.739667338709676,1743.75,24.739667338709676,20.93985547168042,20.925
hierarchy_change_seed1,RA-MTM,1,B,37.986918604651166,1814.0625,38.986918604651166,42.78673047168042,21.76875
hierarchy_change_seed1,RA-MTM,1,C,77.8125,1835.15625,76.8125,73.94023437499999,22.021875
hierarchy_change_seed1,RA-MTM,1,D,93.75,2028.515625,94.75,97.622265625,24.3421875
hierarchy_change_seed1,RA-MTM,2,A,25.59415236051502,1638.28125,24.59415236051502,21.73112429741232,19.659375
hierarchy_change_seed1,RA-MTM,2,B,38.28059623430963,1680.46875,39.28059623430963,42.14362429741232,20.165625000000002
hierarchy_change_seed1,RA-MTM,2,C,78.24416835699797,1733.203125,77.24416835699797,74.8212704939322,20.798437500000002
hierarchy_change_seed1,RA-MTM,2,D,93.98352888086643,1947.65625,94.98352888086643,97.4064267439322,23.371875
hierarchy_change_seed1,RA-MTM,3,A,25.97832541567696,1480.078125,24.97832541567696,22.940334582838478,17.7609375
hierarchy_change_seed1,RA-MTM,3,B,38.4375,1525.78125,39.4375,41.47549083283848,18.309375
hierarchy_change_seed1,RA-MTM,3,C,78.04787234042553,1652.34375,77.04787234042553,75.30603844294004,19.828125
hierarchy_change_seed1,RA-MTM,3,D,94.11576704545455,1856.25,95.11576704545455,96.85760094294004,22.275000000000002
hierarchy_change_seed1,RA-MTM,4,A,26.082506203473944,1416.796875,25.082506203473944,23.62975348283453,17.0015625
hierarchy_change_seed1,RA-MTM,4,B,38.826219512195124,1441.40625,39.826219512195124,41.278972232834526,17.296875
hierarchy_change_seed1,RA-MTM,4,C,78.40353260869566,1617.1875,77.40353260869566,75.82936415022162,19.40625
hierarchy_change_seed1,RA-MTM,4,D,94.32160194174757,1810.546875,95.32160194174757,96.89577040022162,21.7265625
hierarchy_change_seed1,RA-MTM,5,A,26.458333333333332,1265.625,25.458333333333332,24.61759194020778,15.1875
hierarchy_change_seed1,RA-MTM,5,B,38.82294429708223,1325.390625,39.82294429708223,40.66368569020778,15.9046875
hierarchy_change_seed1,RA-MTM,5,C,78.46057046979865,1571.484375,77.46057046979865,76.12812295635604,18.8578125
hierarchy_change_seed1,RA-MTM,5,D,94.44020669291339,1785.9375,95.44020669291339,96.77265420635604,21.431250000000002
hierarchy_change_seed1,RA-MTM,6,A,26.519461077844312,1174.21875,25.519461077844312,25.4055995931257,14.090625000000001
hierarchy_change_seed1,RA-MTM,6,B,38.98783185840708,1191.796875,39.98783185840708,40.1016933431257,14.301562500000001
hierarchy_change_seed1,RA-MTM,6,C,78.82670454545455,1546.875,77.82670454545455,76.76178977272727,18.5625
hierarchy_change_seed1,RA-MTM,6,D,94.6875,1701.5625,95.6875,96.75241477272728,20.41875
hierarchy_change_seed1,RA-MTM,7,A,26.71875,1068.75,25.71875,25.71875,12.825000000000001
hierarchy_change_seed1,RA-MTM,7,B,39.17067307692308,1096.875,40.17067307692308,40.17067307692308,13.1625
hierarchy_change_seed1,RA-MTM,7,C,79.00568181818181,1469.53125,78.00568181818181,77.3888248116287,17.634375000000002
hierarchy_change_seed1,RA-MTM,7,D,94.8555615550756,1627.734375,95.8555615550756,96.4724185616287,19.532812500000002
hierarchy_change_seed1,RA-MTM,8,A,26.772321428571427,984.375,25.772321428571427,25.772321428571427,11.8125
hierarchy_change_seed1,RA-MTM,8,B,39.41447368421053,1001.953125,40.41447368421053,40.41447368421053,12.0234375
hierarchy_change_seed1,RA-MTM,8,C,79.2046875,1406.25,78.2046875,77.95689230285235,16.875
hierarchy_change_seed1,RA-MTM,8,D,95.0755033557047,1571.484375,96.0755033557047,96.32329855285236,18.8578125
hierarchy_change_seed1,RA-MTM,9,A,27.1875,864.84375,26.1875,26.1875,10.378125
hierarchy_change_seed1,RA-MTM,9,B,39.68503937007874,892.96875,40.68503937007874,40.68503937007874,10.715625000000001
hierarchy_change_seed1,RA-MTM,9,C,79.46859137055837,1385.15625,78.46859137055837,78.31158363170775,16.621875
hierarchy_change_seed1,RA-MTM,9,D,95.26785714285714,1550.390625,96.26785714285714,96.42486488170775,18.6046875
hierarchy_change_seed1,RA-MTM,10,A,27.391666666666666,791.015625,26.391666666666666,26.391666666666662,9.4921875
hierarchy_change_seed1,RA-MTM,10,B,39.73684210526316,801.5625,40.73684210526316,40.73684210526317,9.61875
hierarchy_change_seed1,RA-MTM,10,C,79.6875,1342.96875,78.6875,78.68750000000003,16.115625
hierarchy_change_seed1,RA-MTM,10,D,95.54558823529412,1494.140625,96.54558823529412,96.54558823529413,17.9296875
hierarchy_change_seed1,RA-MTM,11,A,27.435661764705884,717.1875,26.435661764705884,26.435661764705888,8.606250000000001
hierarchy_change_seed1,RA-MTM,11,B,40.07584951456311,724.21875,41.07584951456311,41.0758495145631,8.690625
hierarchy_change_seed1,RA-MTM,11,C,79.82648247978436,1304.296875,78.82648247978436,78.82648247978436,15.6515625
hierarchy_change_seed1,RA-MTM,11,D,95.64797794117646,1434.375,96.64797794117646,96.64797794117648,17.212500000000002
hierarchy_change_seed1,RA-MTM,12,A,27.868852459016395,643.359375,26.868852459016395,26.86885245901639,7.7203125
hierarchy_change_seed1,RA-MTM,12,B,40.266891891891895,650.390625,41.266891891891895,41.26689189189189,7.8046875
hierarchy_change_seed1,RA-MTM,12,C,80.08539244186046,1209.375,79.08539244186046,79.08539244186045,14.512500000000001
hierarchy_change_seed1,RA-MTM,12,D,96.02154046997389,1346.484375,97.02154046997389,97.0215404699739,16.1578125
hierarchy_change_seed1,RA-MTM,13,A,27.861842105263158,601.171875,26.861842105263158,26.861842105263158,7.2140625
hierarchy_change_seed1,RA-MTM,13,B,40.401785714285715,590.625,41.401785714285715,41.401785714285715,7.0875
hierarchy_change_seed1,RA-MTM,13,C,80.23203592814372,1174.21875,79.23203592814372,79.2320359281437,14.090625000000001
hierarchy_change_seed1,RA-MTM,13,D,96.14721485411141,1325.390625,97.14721485411141,97.14721485411144,15.9046875
hierarchy_change_seed1,RA-MTM,14,A,28.125,502.734375,27.125,27.125000000000004,6.0328125
hierarchy_change_seed1,RA-MTM,14,B,40.72345890410959,513.28125,41.72345890410959,41.723458904109584,6.159375
hierarchy_change_seed1,RA-MTM,14,C,80.36878881987577,1132.03125,79.36878881987577,79.36878881987577,13.584375
hierarchy_change_seed1,RA-MTM,14,D,96.21926229508196,1286.71875,97.21926229508196,97.21926229508196,15.440625
hierarchy_change_seed1,RA-MTM,15,A,28.35576923076923,457.03125,27.35576923076923,27.355769230769223,5.484375
hierarchy_change_seed1,RA-MTM,15,B,40.78846153846154,457.03125,41.78846153846154,41.78846153846155,5.484375
hierarchy_change_seed1,RA-MTM,15,C,80.68452380952381,1107.421875,79.68452380952381,79.6845238095238,13.2890625
hierarchy_change_seed1,RA-MTM,15,D,96.34698275862068,1223.4375,97.34698275862068,97.34698275862068,14.68125
hierarchy_change_seed1,RA-MTM,16,A,28.63317757009346,376.171875,27.63317757009346,27.63317386628705,4.5140625000000005
hierarchy_change_seed1,RA-MTM,16,B,41.067961165048544,362.109375,41.68249100168926,41.682490981132176,4.3453125
hierarchy_change_seed1,RA-MTM,16,C,80.76732673267327,1065.234375,79.76732673267327,79.76731624432439,12.7828125
hierarchy_change_seed1,RA-MTM,16,D,96.66729607250755,1163.671875,97.66729607250755,97.66727056203071,13.9640625
hierarchy_change_seed1,RA-MTM,17,A,28.608247422680414,341.015625,27.608247422680414,27.608243260160805,4.0921875
hierarchy_change_seed1,RA-MTM,17,B,41.25,333.984375,41.416399855259165,41.41639983855511,4.0078125
hierarchy_change_seed1,RA-MTM,17,C,80.90397923875433,1016.015625,79.90397923875433,79.9039668370207,12.192187500000001
hierarchy_change_seed1,RA-MTM,17,D,96.8203125,1125.0,97.8203125,97.82028163485228,13.5
hierarchy_change_seed1,RA-MTM,18,A,28.985294117647058,298.828125,27.985294117647058,27.985285234371137,3.5859375
hierarchy_change_seed1,RA-MTM,18,B,41.63403614457831,291.796875,41.35144215183553,41.351440335482614,3.5015625
hierarchy_change_seed1,RA-MTM,18,C,81.16258741258741,1005.46875,80.16258741258741,80.16255752297668,12.065625
hierarchy_change_seed1,RA-MTM,18,D,96.97619047619048,1107.421875,97.97619047619048,97.97611723648035,13.2890625
hierarchy_change_seed1,RA-MTM,19,A,29.0625,253.125,28.0625,28.06248861404771,3.0375
hierarchy_change_seed1,RA-MTM,19,B,41.53409090909091,232.03125,40.678552443391425,40.67855223983197,2.7843750000000003
hierarchy_change_seed1,RA-MTM,19,C,81.5625,949.21875,80.5625,80.56245730267902,11.390625
hierarchy_change_seed1,RA-MTM,19,D,97.36607142857143,1033.59375,98.36607142857143,98.36595182423467,12.403125000000001
hierarchy_change_seed1,RA-MTM,20,A,29.625,228.515625,28.625,28.624986293988567,2.7421875
hierarchy_change_seed1,RA-MTM,20,B,42.0,210.9375,41.0,40.99998734829706,2.53125
hierarchy_change_seed1,RA-MTM,20,C,81.73003802281369,924.609375,80.73003802281369,80.72998256618318,11.0953125
hierarchy_change_seed1,RA-MTM,20,D,97.5,1023.046875,98.5,98.49983818717833,12.2765625
hierarchy_change_seed2,TMTM,0,A,24.585889570552148,1719.140625,50.4274511316365,50.4274511316365,13.892045454545453
hierarchy_change_seed2,TMTM,0,B,39.42794850498339,2116.40625,65.93881476800016,65.95301931345469,17.102272727272727
hierarchy_change_seed2,TMTM,0,C,78.36206896551724,1733.203125,33.694496586181955,33.694496586181955,14.005681818181818
hierarchy_change_seed2,TMTM,0,D,91.9475338491296,1817.578125,84.26267840436378,84.26267840436378,14.6875
hierarchy_change_seed2,TMTM,1,A,25.0027352297593,1606.640625,50.91040567709105,50.91040567709105,12.982954545454545
hierarchy_change_seed2,TMTM,1,B,39.56873905429072,2007.421875,65.54108749527288,65.54108749527288,16.22159090909091
hierarchy_change_seed2,TMTM,1,C,78.53350515463917,1705.078125,34.1774511316365,34.1774511316365,13.77840909090909
hierarchy_change_seed2,TMTM,1,D,91.99704142011835,1782.421875,83.83654204072741,83.83654204072741,14.40340909090909
hierarchy_change_seed2,TMTM,2,A,25.093373493975903,1458.984375,80.68313294981832,80.68313294981832,11.789772727272727
hierarchy_change_seed2,TMTM,2,B,39.80408653846154,1828.125,67.35926931345469,67.37347385890922,14.772727272727272
hierarchy_change_seed2,TMTM,2,C,78.75,1610.15625,35.05813294981832,35.07233749527287,13.011363636363637
hierarchy_change_seed2,TMTM,2,D,92.30681818181819,1740.234375,48.637678404363776,48.637678404363776,14.0625
hierarchy_change_seed2,TMTM,3,A,25.3125,1399.21875,80.08654204072741,80.10074658618197,11.306818181818182
hierarchy_change_seed2,TMTM,3,B,39.99359631147541,1715.625,67.47290567709106,67.4871102225456,13.863636363636363
hierarchy_change_seed2,TMTM,3,C,78.91469594594595,1560.9375,35.569496586181955,35.5837011316365,12.613636363636363
hierarchy_change_seed2,TMTM,3,D,92.6234076433121,1655.859375,48.60926931345468,48.60926931345468,13.380681818181818
hierarchy_change_seed2,TMTM,4,A,25.51968232044199,1272.65625,79.63199658618197,79.6462011316365,10.284090909090908
hierarchy_change_seed2,TMTM,4,B,40.26825842696629,1564.453125,68.15472385890922,68.15472385890922,12.642045454545453
hierarchy_change_seed2,TMTM,4,C,79.02097902097903,1508.203125,35.96722385890923,35.96722385890923,12.1875
hierarchy_change_seed2,TMTM,4,D,92.8125,1596.09375,48.52404204072741,48.538246586181955,12.897727272727272
hierarchy_change_seed2,TMTM,5,A,25.686936936936938,1170.703125,78.2399511316365,78.2399511316365,9.460227272727272
hierarchy_change_seed2,TMTM,5,B,40.50654613466334,1409.765625,67.78540567709106,67.78540567709106,11.392045454545455
hierarchy_change_seed2,TMTM,5,C,79.21424278846153,1462.5,36.90472385890923,36.918928404363776,11.818181818181818
hierarchy_change_seed2,TMTM,5,D,92.94345898004434,1585.546875,49.262678404363776,49.262678404363776,12.8125
hierarchy_change_seed2,TMTM,6,A,25.792079207920793,1065.234375,77.18881476800016,77.18881476800016,8.607954545454545
hierarchy_change_seed2,TMTM,6,B,40.66776315789474,1335.9375,67.44449658618197,67.4587011316365,10.795454545454545
hierarchy_change_seed2,TMTM,6,C,79.6875,1427.34375,38.04108749527287,38.05529204072741,11.534090909090908
hierarchy_change_seed2,TMTM,6,D,93.1480946882217,1522.265625,50.001314768000135,50.001314768000135,12.301136363636363
hierarchy_change_seed2,TMTM,7,A,25.973684210526315,1001.953125,75.68313294981832,75.68313294981832,8.096590909090908
hierarchy_change_seed2,TMTM,7,B,40.869565217391305,1212.890625,66.7058602225456,66.7058602225456,9.801136363636363
hierarchy_change_seed2,TMTM,7,C,79.73376623376623,1353.515625,39.66040567709105,39.66040567709105,10.9375
hierarchy_change_seed2,TMTM,7,D,93.34140435835351,1451.953125,51.02404204072741,51.02404204072741,11.732954545454545
hierarchy_change_seed2,TMTM,8,A,26.448529411764707,896.484375,74.46154204072741,74.46154204072741,7.244318181818182
hierarchy_change_seed2,TMTM,8,B,41.076277955271564,1100.390625,66.3649511316365,66.3649511316365,8.892045454545455
hierarchy_change_seed2,TMTM,8,C,80.01050420168067,1255.078125,52.075178404363776,52.075178404363776,10.142045454545455
hierarchy_change_seed2,TMTM,8,D,93.52461636828644,1374.609375,40.96722385890923,40.96722385890923,11.107954545454545
hierarchy_change_seed2,TMTM,9,A,26.64431330472103,819.140625,73.75131476800016,73.75131476800016,6.619318181818182
hierarchy_change_seed2,TMTM,9,B,41.276785714285715,984.375,66.42176931345469,66.43597385890922,7.954545454545454
hierarchy_change_seed2,TMTM,9,C,80.30341569767442,1209.375,52.52972385890923,52.543928404363776,9.772727272727272
hierarchy_change_seed2,TMTM,9,D,93.75,1357.03125,41.506996586181955,41.5212011316365,10.96590909090909
hierarchy_change_seed2,TMTM,10,A,26.59246575342466,769.921875,73.04108749527288,73.04108749527288,6.221590909090909
hierarchy_change_seed2,TMTM,10,B,41.54829545454545,928.125,66.13767840436378,66.15188294981832,7.5
hierarchy_change_seed2,TMTM,10,C,80.24294670846395,1121.484375,53.29676931345468,53.29676931345468,9.0625
hierarchy_change_seed2,TMTM,10,D,94.04265873015873,1328.90625,41.90472385890923,41.918928404363776,10.738636363636363
hierarchy_change_seed2,TMTM,11,A,26.97265625,675.0,71.96154204072741,71.97574658618197,5.454545454545454
hierarchy_change_seed2,TMTM,11,B,41.577127659574465,826.171875,65.88199658618197,65.88199658618197,6.676136363636363
hierarchy_change_seed2,TMTM,11,C,80.56760204081633,1033.59375,53.66608749527286,53.68029204072741,8.352272727272727
hierarchy_change_seed2,TMTM,11,D,94.10090782122904,1258.59375,42.78540567709105,42.799610222545596,10.170454545454545
hierarchy_change_seed2,TMTM,12,A,27.098214285714285,590.625,71.22290567709106,71.2371102225456,4.7727272727272725
hierarchy_change_seed2,TMTM,12,B,41.89623786407767,724.21875,65.88199658618197,65.8962011316365,5.8522727272727275
hierarchy_change_seed2,TMTM,12,C,80.89377133105802,1030.078125,53.92176931345468,53.92176931345468,8.323863636363637
hierarchy_change_seed2,TMTM,12,D,94.39365671641791,1177.734375,43.97858749527287,43.97858749527287,9.517045454545455
hierarchy_change_seed2,TMTM,13,A,27.230960264900663,530.859375,70.54108749527288,70.54108749527288,4.2897727272727275
hierarchy_change_seed2,TMTM,13,B,41.972765363128495,629.296875,65.82517840436378,65.82517840436378,5.0852272727272725
hierarchy_change_seed2,TMTM,13,C,80.99734042553192,991.40625,54.319496586181955,54.3337011316365,8.011363636363637
hierarchy_change_seed2,TMTM,13,D,94.63269230769231,1142.578125,44.46154204072741,44.46154204072741,9.232954545454545
hierarchy_change_seed2,TMTM,14,A,27.816964285714285,492.1875,70.05813294981832,70.07233749527288,3.977272727272727
hierarchy_change_seed2,TMTM,14,B,42.29039634146341,576.5625,65.71154204072741,65.72574658618197,4.659090909090909
hierarchy_change_seed2,TMTM,14,C,81.22444237918215,945.703125,54.54676931345468,54.54676931345468,7.642045454545454
hierarchy_change_seed2,TMTM,14,D,94.74609375,1125.0,44.8024511316365,44.81665567709105,9.09090909090909
hierarchy_change_seed2,TMTM,15,A,27.63081395348837,453.515625,69.8024511316365,69.8024511316365,3.664772727272727
hierarchy_change_seed2,TMTM,15,B,42.520973154362416,523.828125,65.82517840436378,65.82517840436378,4.232954545454545
hierarchy_change_seed2,TMTM,15,C,81.38327205882354,956.25,54.518360222545596,54.532564768000135,7.727272727272727
hierarchy_change_seed2,TMTM,15,D,94.921875,1096.875,45.48426931345468,45.49847385890923,8.863636363636363
hierarchy_change_seed2,TMTM,16,A,27.839285714285715,369.140625,69.12063294981832,69.12063294981832,2.9829545454545454
hierarchy_change_seed2,TMTM,16,B,42.55952380952381,442.96875,65.79676931345469,65.81097385890922,3.5795454545454546
hierarchy_change_seed2,TMTM,16,C,81.5625,949.21875,54.518360222545596,54.532564768000135,7.670454545454545
hierarchy_change_seed2,TMTM,16,D,95.36458333333333,1012.5,46.47858749527287,46.49279204072741,8.181818181818182
hierarchy_change_seed2,TMTM,17,A,28.125,341.015625,68.72290567709106,68.72290567709106,2.755681818181818
hierarchy_change_seed2,TMTM,17,B,42.83152173913044,404.296875,65.68313294981832,65.68313294981832,3.2670454545454546
hierarchy_change_seed2,TMTM,17,C,81.67151162790698,907.03125,54.74563294981832,54.75983749527286,7.329545454545454
hierarchy_change_seed2,TMTM,17,D,95.36196043165468,977.34375,47.10358749527287,47.11779204072741,7.8977272727272725
hierarchy_change_seed2,TMTM,18,A,28.125,312.890625,68.35358749527288,68.35358749527288,2.528409090909091
hierarchy_change_seed2,TMTM,18,B,43.125,341.015625,65.68313294981832,65.68313294981832,2.755681818181818
hierarchy_change_seed2,TMTM,18,C,81.79961089494164,903.515625,55.001314768000135,55.001314768000135,7.301136363636363
hierarchy_change_seed2,TMTM,18,D,95.52813653136532,952.734375,47.47290567709105,47.47290567709105,7.698863636363636
hierarchy_change_seed2,TMTM,19,A,28.258928571428573,246.09375,67.9558602225456,67.97006476800016,1.9886363636363635
hierarchy_change_seed2,TMTM,19,B,43.350903614457835,291.796875,65.7683602225456,65.7683602225456,2.3579545454545454
hierarchy_change_seed2,TMTM,19,C,82.1604938271605,854.296875,55.001314768000135,55.001314768000135,6.903409090909091
hierarchy_change_seed2,TMTM,19,D,95.94242125984252,892.96875,47.89904204072741,47.913246586181955,7.215909090909091
hierarchy_change_seed2,TMTM,20,A,28.483455882352942,239.0625,68.01267840436378,68.02688294981832,1.9318181818181817
hierarchy_change_seed2,TMTM,20,B,43.83116883116883,270.703125,65.93881476800016,65.93881476800016,2.1875
hierarchy_change_seed2,TMTM,20,C,82.33173076923077,822.65625,54.944496586181955,54.9587011316365,6.6477272727272725
hierarchy_change_seed2,TMTM,20,D,95.88627049180327,857.8125,48.126314768000135,48.14051931345468,6.931818181818182
hierarchy_change_seed2,ST-MTM,0,A,24.585889570552148,1719.140625,11.021759784914977,0.7403034486490583,20.629687500000003
hierarchy_change_seed2,ST-MTM,0,B,39.42794850498339,2116.40625,43.377767135271924,43.37776713527194,25.39687500000001
hierarchy_change_seed2,ST-MTM,0,C,78.36206896551724,1733.203125,99.35814967773916,109.75636842773918,20.7984375
hierarchy_change_seed2,ST-MTM,0,D,91.9475338491296,1817.578125,80.56576429225632,80.56576429225632,21.810937499999987
hierarchy_change_seed2,ST-MTM,1,A,25.0027352297593,1606.640625,11.511876774521895,2.070738928082463,20.05278387996688
hierarchy_change_seed2,ST-MTM,1,B,39.56873905429072,2007.421875,43.42215826478018,43.422158264780194,25.055010055786866
hierarchy_change_seed2,ST-MTM,1,C,78.53350515463917,1705.078125,98.66909192521153,109.3087923428926,21.281400835362135
hierarchy_change_seed2,ST-MTM,1,D,91.99704142011835,1782.421875,80.72031392566878,80.72031392566878,22.24674272888412
hierarchy_change_seed2,ST-MTM,2,A,25.093373493975903,1458.984375,11.80429635032037,3.1196645237203313,19.483005329714118
hierarchy_change_seed2,ST-MTM,2,B,39.80408653846154,1828.125,43.46661979696671,43.46661979696674,24.412440413135727
hierarchy_change_seed2,ST-MTM,2,C,78.75,1610.15625,98.00411621729367,108.75397939923214,21.501726363876948
hierarchy_change_seed2,ST-MTM,2,D,92.30681818181819,1740.234375,81.04840852560164,81.04840852560163,23.238765393273212
hierarchy_change_seed2,ST-MTM,3,A,25.3125,1399.21875,12.24829654946653,3.581218080747817,19.58750867573613
hierarchy_change_seed2,ST-MTM,3,B,39.99359631147541,1715.625,43.35802064184659,43.35802064184659,24.016844808440105
hierarchy_change_seed2,ST-MTM,3,C,78.91469594594595,1560.9375,97.42733801915463,108.35203381315768,21.85139158800608
hierarchy_change_seed2,ST-MTM,3,D,92.6234076433121,1655.859375,81.28978567971463,81.28978567971461,23.180192427817676
hierarchy_change_seed2,ST-MTM,4,A,25.51968232044199,1272.65625,12.610240881415962,4.791584949777516,18.9859227071006
hierarchy_change_seed2,ST-MTM,4,B,40.26825842696629,1564.453125,43.37004830527022,43.37004830527023,23.3390486316568
hierarchy_change_seed2,ST-MTM,4,C,79.02097902097903,1508.203125,96.8133522620488,108.06229817551034,22.499891826923076
hierarchy_change_seed2,ST-MTM,4,D,92.8125,1596.09375,81.52979944144741,81.52979944144741,23.811074334319525
hierarchy_change_seed2,ST-MTM,5,A,25.686936936936938,1170.703125,13.040623549843247,5.858601735941335,18.435832097353924
hierarchy_change_seed2,ST-MTM,5,B,40.50654613466334,1409.765625,43.29616838644222,43.29616838644222,22.200506519137946
hierarchy_change_seed2,ST-MTM,5,C,79.21424278846153,1462.5,96.22143203732836,107.73590674040864,23.03094940616058
hierarchy_change_seed2,ST-MTM,5,D,92.94345898004434,1585.546875,81.76521691656856,81.76521691656856,24.968649477347526
hierarchy_change_seed2,ST-MTM,6,A,25.792079207920793,1065.234375,13.31324659958031,7.008160899748319,17.645656414394892
hierarchy_change_seed2,ST-MTM,6,B,40.66776315789474,1335.9375,43.12891837251337,43.12891837251337,22.129866129984563
hierarchy_change_seed2,ST-MTM,6,C,79.6875,1427.34375,95.76010300169122,107.58111043425954,23.644014865136658
hierarchy_change_seed2,ST-MTM,6,D,93.1480946882217,1522.265625,82.12117291639748,82.12117291639748,25.216400090483884
hierarchy_change_seed2,ST-MTM,7,A,25.973684210526315,1001.953125,13.726420275965538,13.726420275965538,17.689945509453793
hierarchy_change_seed2,ST-MTM,7,B,40.869565217391305,1212.890625,43.006403537968055,43.006403537968055,21.414144564075627
hierarchy_change_seed2,ST-MTM,7,C,79.73376623376623,1353.515625,75.49725261984788,75.49725261984788,23.896943933823533
hierarchy_change_seed2,ST-MTM,7,D,93.34140435835351,1451.953125,102.0933644564009,102.0933644564009,25.63490349264706
hierarchy_change_seed2,ST-MTM,8,A,26.448529411764707,896.484375,14.267459770614025,14.267459770614025,17.17489670402736
hierarchy_change_seed2,ST-MTM,8,B,41.076277955271564,1100.390625,42.78160725390744,42.78160725390744,21.081343797492394
hierarchy_change_seed2,ST-MTM,8,C,80.01050420168067,1255.078125,73.13104884515033,73.13104884515033,24.0448553856383
hierarchy_change_seed2,ST-MTM,8,D,93.52461636828644,1374.609375,104.14332502051056,104.14332502051056,26.33484161284194
hierarchy_change_seed2,ST-MTM,9,A,26.64431330472103,819.140625,14.586083838006246,14.586083838006246,16.614781526548683
hierarchy_change_seed2,ST-MTM,9,B,41.276785714285715,984.375,42.52432859047043,42.52432859047043,19.96626106194691
hierarchy_change_seed2,ST-MTM,9,C,80.30341569767442,1209.375,72.78785621311928,72.78785621311928,24.529977876106187
hierarchy_change_seed2,ST-MTM,9,D,93.75,1357.03125,104.42517224858642,104.42517224858642,27.524917035398225
hierarchy_change_seed2,ST-MTM,10,A,26.59246575342466,769.921875,14.92386447979493,14.92386447979493,16.45022907838984
hierarchy_change_seed2,ST-MTM,10,B,41.54829545454545,928.125,42.29407443054848,42.29407443054848,19.830413135593233
hierarchy_change_seed2,ST-MTM,10,C,80.24294670846395,1121.484375,72.56491879588626,72.56491879588626,23.961749205508468
hierarchy_change_seed2,ST-MTM,10,D,94.04265873015873,1328.90625,104.54058318395272,104.54058318395272,28.39354608050847
hierarchy_change_seed2,ST-MTM,11,A,26.97265625,675.0,15.239370751722575,15.239370751722575,15.77210379981463
hierarchy_change_seed2,ST-MTM,11,B,41.577127659574465,826.171875,41.9844382098056,41.9844382098056,19.30439787998148
hierarchy_change_seed2,ST-MTM,11,C,80.56760204081633,1033.59375,72.60228510382748,72.60228510382748,24.151033943466174
hierarchy_change_seed2,ST-MTM,11,D,94.10090782122904,1258.59375,104.4973468248267,104.4973468248267,29.40840187673772
hierarchy_change_seed2,ST-MTM,12,A,27.098214285714285,590.625,15.623662343334829,15.623662343334829,14.861115269461067
hierarchy_change_seed2,ST-MTM,12,B,41.89623786407767,724.21875,41.57635767784623,41.57635767784623,18.22255800898205
hierarchy_change_seed2,ST-MTM,12,C,80.89377133105802,1030.078125,72.63150484902769,72.63150484902769,25.918492702095804
hierarchy_change_seed2,ST-MTM,12,D,94.39365671641791,1177.734375,104.49191601997362,104.49191601997362,29.633771519461078
hierarchy_change_seed2,ST-MTM,13,A,27.230960264900663,530.859375,15.94250812917312,15.94250812917312,14.283913086979709
hierarchy_change_seed2,ST-MTM,13,B,41.972765363128495,629.296875,41.21609181960383,41.21609181960383,16.932585712379932
hierarchy_change_seed2,ST-MTM,13,C,80.99734042553192,991.40625,72.74274539365697,72.74274539365697,26.675917155816435
hierarchy_change_seed2,ST-MTM,13,D,94.63269230769231,1142.578125,104.42209554774846,104.42209554774846,30.743521544823906
hierarchy_change_seed2,ST-MTM,14,A,27.816964285714285,492.1875,16.409798360733248,16.409798360733248,13.895891657334829
hierarchy_change_seed2,ST-MTM,14,B,42.29039634146341,576.5625,40.82328754104688,40.82328754104688,16.278044512877926
hierarchy_change_seed2,ST-MTM,14,C,81.22444237918215,945.703125,72.72945955463553,72.72945955463553,26.699963255879055
hierarchy_change_seed2,ST-MTM,14,D,94.74609375,1125.0,104.36089543376673,104.36089543376673,31.762038073908176
hierarchy_change_seed2,ST-MTM,15,A,27.63081395348837,453.515625,16.558714065745292,16.558714065745292,13.26454285092808
hierarchy_change_seed2,ST-MTM,15,B,42.520973154362416,523.828125,40.380667883565394,40.380667883565394,15.321061122389779
hierarchy_change_seed2,ST-MTM,15,C,81.38327205882354,956.25,72.85323189171035,72.85323189171035,27.96864849187935
hierarchy_change_seed2,ST-MTM,15,D,94.921875,1096.875,104.53082704916135,104.53082704916135,32.08168503480278
hierarchy_change_seed2,ST-MTM,16,A,27.839285714285715,369.140625,16.820714832259952,16.820714832259952,11.795657081749056
hierarchy_change_seed2,ST-MTM,16,B,42.55952380952381,442.96875,39.73683079728406,39.73683079728406,14.154788498098867
hierarchy_change_seed2,ST-MTM,16,C,81.5625,949.21875,72.9996801697,72.9996801697,30.331689638783274
hierarchy_change_seed2,ST-MTM,16,D,95.36458333333333,1012.5,104.76621509093837,104.76621509093837,32.35380228136882
hierarchy_change_seed2,ST-MTM,17,A,28.125,341.015625,17.26328002942371,13.4160668353814,11.494232528420156
hierarchy_change_seed2,ST-MTM,17,B,42.83152173913044,404.296875,39.24964732052713,39.24964732052713,13.627182883318909
hierarchy_change_seed2,ST-MTM,17,C,81.67151162790698,907.03125,73.1928954656461,73.19289546564612,30.572288633100435
hierarchy_change_seed2,ST-MTM,17,D,95.36196043165468,977.34375,104.61761807458542,121.08773480216567,32.9422334551605
hierarchy_change_seed2,ST-MTM,18,A,28.125,312.890625,17.407945800276096,13.912009135669791,11.048461445663534
hierarchy_change_seed2,ST-MTM,18,B,43.125,341.015625,38.8117335752289,38.811733575228914,12.041585337556228
hierarchy_change_seed2,ST-MTM,18,C,81.79961089494164,903.515625,73.40449102246433,73.40449102246433,31.903953872590357
hierarchy_change_seed2,ST-MTM,18,D,95.52813653136532,952.734375,104.69927049221307,121.519238914308,33.64193684418987
hierarchy_change_seed2,ST-MTM,19,A,28.258928571428573,246.09375,17.558501183593762,14.573935891871798,9.545408910801868
hierarchy_change_seed2,ST-MTM,19,B,43.350903614457835,291.796875,38.13350228695113,38.13350228695114,11.318127689720981
hierarchy_change_seed2,ST-MTM,19,C,82.1604938271605,854.296875,73.83336298916424,73.83336298916424,33.13620310492014
hierarchy_change_seed2,ST-MTM,19,D,95.94242125984252,892.96875,104.79807443047325,122.11517332775176,34.63619779455702
hierarchy_change_seed2,ST-MTM,20,A,28.483455882352942,239.0625,17.78943132539294,14.77370400473265,9.674548731063894
hierarchy_change_seed2,ST-MTM,20,B,43.83116883116883,270.703125,37.67227761008576,37.67227761008577,10.955003728756594
hierarchy_change_seed2,ST-MTM,20,C,82.33173076923077,822.65625,74.05547361499524,74.05547361499522,33.29182760102088
hierarchy_change_seed2,ST-MTM,20,D,95.88627049180327,857.8125,104.80625833970846,122.16253705928777,34.714557439158625
hierarchy_change_seed2,RA-MTM,0,A,24.585889570552148,1719.140625,13.294717424261268,13.294717785874653,20.6296875
hierarchy_change_seed2,RA-MTM,0,B,39.42794850498339,2116.40625,40.87419394897251,40.87419771144916,25.396875
hierarchy_change_seed2,RA-MTM,0,C,78.36206896551724,1733.203125,91.73097328232342,96.93058265732341,20.798437500000002
hierarchy_change_seed2,RA-MTM,0,D,91.9475338491296,1817.578125,80.57862953232342,75.12589515732341,21.8109375
hierarchy_change_seed2,RA-MTM,1,A,25.0027352297593,1606.640625,13.987440001724412,13.987440001724414,19.2796875
hierarchy_change_seed2,RA-MTM,1,B,39.56873905429072,2007.421875,41.14661357434673,41.14661357434673,24.0890625
hierarchy_change_seed2,RA-MTM,1,C,78.53350515463917,1705.078125,91.74652328737876,96.86175766237876,20.4609375
hierarchy_change_seed2,RA-MTM,1,D,91.99704142011835,1782.421875,80.78402328737876,75.43675766237877,21.3890625
hierarchy_change_seed2,RA-MTM,2,A,25.093373493975903,1458.984375,24.093373493975903,22.33740189121872,17.5078125
hierarchy_change_seed2,RA-MTM,2,B,39.80408653846154,1828.125,40.80408653846154,42.560058141218725,21.9375
hierarchy_change_seed2,RA-MTM,2,C,78.75,1610.15625,77.75,75.22723721590911,19.321875000000002
hierarchy_change_seed2,RA-MTM,2,D,92.30681818181819,1740.234375,93.30681818181819,95.82958096590912,20.8828125
hierarchy_change_seed2,RA-MTM,3,A,25.3125,1399.21875,24.3125,23.058516905737704,16.790625
hierarchy_change_seed2,RA-MTM,3,B,39.99359631147541,1715.625,40.99359631147541,42.2475794057377,20.587500000000002
hierarchy_change_seed2,RA-MTM,3,C,78.91469594594595,1560.9375,77.91469594594595,75.86866116962904,18.73125
hierarchy_change_seed2,RA-MTM,3,D,92.6234076433121,1655.859375,93.6234076433121,95.66944241962904,19.8703125
hierarchy_change_seed2,RA-MTM,4,A,25.51968232044199,1272.65625,24.51968232044199,24.13264224870414,15.271875
hierarchy_change_seed2,RA-MTM,4,B,40.26825842696629,1564.453125,41.26825842696629,41.65529849870414,18.7734375
hierarchy_change_seed2,RA-MTM,4,C,79.02097902097903,1508.203125,78.02097902097903,76.35384888548951,18.0984375
hierarchy_change_seed2,RA-MTM,4,D,92.8125,1596.09375,93.8125,95.47963013548951,19.153125
hierarchy_change_seed2,RA-MTM,5,A,25.686936936936938,1170.703125,24.686936936936938,24.686936936936934,14.0484375
hierarchy_change_seed2,RA-MTM,5,B,40.50654613466334,1409.765625,41.50654613466334,41.50654613466334,16.9171875
hierarchy_change_seed2,RA-MTM,5,C,79.21424278846153,1462.5,78.21424278846153,76.68471025925292,17.55
hierarchy_change_seed2,RA-MTM,5,D,92.94345898004434,1585.546875,93.94345898004434,95.47299150925294,19.0265625
hierarchy_change_seed2,RA-MTM,6,A,25.792079207920793,1065.234375,24.792079207920793,24.792079207920793,12.7828125
hierarchy_change_seed2,RA-MTM,6,B,40.66776315789474,1335.9375,41.66776315789474,41.66776315789474,16.03125
hierarchy_change_seed2,RA-MTM,6,C,79.6875,1427.34375,78.6875,77.31896921911085,17.128125
hierarchy_change_seed2,RA-MTM,6,D,93.1480946882217,1522.265625,94.1480946882217,95.51662546911086,18.267187500000002
hierarchy_change_seed2,RA-MTM,7,A,25.973684210526315,1001.953125,24.973684210526315,24.973684210526315,12.0234375
hierarchy_change_seed2,RA-MTM,7,B,40.869565217391305,1212.890625,41.869565217391305,41.869565217391305,14.5546875
hierarchy_change_seed2,RA-MTM,7,C,79.73376623376623,1353.515625,78.73376623376623,77.87117904605988,16.2421875
hierarchy_change_seed2,RA-MTM,7,D,93.34140435835351,1451.953125,94.34140435835351,95.20399154605988,17.423437500000002
hierarchy_change_seed2,RA-MTM,8,A,26.448529411764707,896.484375,25.448529411764707,25.448529411764707,10.7578125
hierarchy_change_seed2,RA-MTM,8,B,41.076277955271564,1100.390625,42.076277955271564,42.076277955271564,13.2046875
hierarchy_change_seed2,RA-MTM,8,C,80.01050420168067,1255.078125,79.01050420168067,78.62849778498355,15.0609375
hierarchy_change_seed2,RA-MTM,8,D,93.52461636828644,1374.609375,94.52461636828644,94.90662278498355,16.4953125
hierarchy_change_seed2,RA-MTM,9,A,26.64431330472103,819.140625,25.64431330472103,25.64431330472103,9.8296875
hierarchy_change_seed2,RA-MTM,9,B,41.276785714285715,984.375,42.276785714285715,42.276785714285715,11.8125
hierarchy_change_seed2,RA-MTM,9,C,80.30341569767442,1209.375,79.30341569767442,79.0774890988372,14.512500000000001
hierarchy_change_seed2,RA-MTM,9,D,93.75,1357.03125,94.75,94.9759265988372,16.284375
hierarchy_change_seed2,RA-MTM,10,A,26.59246575342466,769.921875,25.59246575342466,25.592465753424644,9.239062500000001
hierarchy_change_seed2,RA-MTM,10,B,41.54829545454545,928.125,42.54829545454545,42.54829545454546,11.137500000000001
hierarchy_change_seed2,RA-MTM,10,C,80.24294670846395,1121.484375,79.24294670846395,79.24294670846393,13.457812500000001
hierarchy_change_seed2,RA-MTM,10,D,94.04265873015873,1328.90625,95.04265873015873,95.04265873015876,15.946875
hierarchy_change_seed2,RA-MTM,11,A,26.97265625,675.0,25.97265625,25.972656250000014,8.1
hierarchy_change_seed2,RA-MTM,11,B,41.577127659574465,826.171875,42.577127659574465,42.57712765957445,9.9140625
hierarchy_change_seed2,RA-MTM,11,C,80.56760204081633,1033.59375,79.56760204081633,79.56760204081634,12.403125000000001
hierarchy_change_seed2,RA-MTM,11,D,94.10090782122904,1258.59375,95.10090782122904,95.10090782122907,15.103125
hierarchy_change_seed2,RA-MTM,12,A,27.098214285714285,590.625,26.098214285714285,26.098214285714295,7.0875
hierarchy_change_seed2,RA-MTM,12,B,41.89623786407767,724.21875,42.89623786407767,42.89623786407766,8.690625
hierarchy_change_seed2,RA-MTM,12,C,80.89377133105802,1030.078125,79.89377133105802,79.89377133105802,12.3609375
hierarchy_change_seed2,RA-MTM,12,D,94.39365671641791,1177.734375,95.39365671641791,95.39365671641788,14.1328125
hierarchy_change_seed2,RA-MTM,13,A,27.230960264900663,530.859375,26.230960264900663,26.23096026490067,6.3703125
hierarchy_change_seed2,RA-MTM,13,B,41.972765363128495,629.296875,42.972765363128495,42.972765363128495,7.5515625
hierarchy_change_seed2,RA-MTM,13,C,80.99734042553192,991.40625,79.99734042553192,79.99734042553192,11.896875
hierarchy_change_seed2,RA-MTM,13,D,94.63269230769231,1142.578125,95.63269230769231,95.63269230769231,13.7109375
hierarchy_change_seed2,RA-MTM,14,A,27.816964285714285,492.1875,26.816964285714285,26.81696428571429,5.90625
hierarchy_change_seed2,RA-MTM,14,B,42.29039634146341,576.5625,43.29039634146341,43.290396341463406,6.91875
hierarchy_change_seed2,RA-MTM,14,C,81.22444237918215,945.703125,80.22444237918215,80.22444237918214,11.348437500000001
hierarchy_change_seed2,RA-MTM,14,D,94.74609375,1125.0,95.74609375,95.74609375000001,13.5
hierarchy_change_seed2,RA-MTM,15,A,27.63081395348837,453.515625,26.63081395348837,26.63081395348836,5.4421875
hierarchy_change_seed2,RA-MTM,15,B,42.520973154362416,523.828125,43.111632652374425,43.111632652374446,6.2859375
hierarchy_change_seed2,RA-MTM,15,C,81.38327205882354,956.25,80.38327205882354,80.38327205882352,11.475
hierarchy_change_seed2,RA-MTM,15,D,94.921875,1096.875,95.921875,95.92187500000001,13.1625
hierarchy_change_seed2,RA-MTM,16,A,27.839285714285715,369.140625,26.839285714285715,26.83928571428572,4.4296875
hierarchy_change_seed2,RA-MTM,16,B,42.55952380952381,442.96875,42.71814399968948,42.718143999689495,5.315625
hierarchy_change_seed2,RA-MTM,16,C,81.5625,949.21875,80.5625,80.5625,11.390625
hierarchy_change_seed2,RA-MTM,16,D,95.36458333333333,1012.5,96.36458333333333,96.3645833333333,12.15
hierarchy_change_seed2,RA-MTM,17,A,28.125,341.015625,27.125,27.124996023851626,4.0921875
hierarchy_change_seed2,RA-MTM,17,B,42.83152173913044,404.296875,42.49141290811957,42.491412899870944,4.8515625
hierarchy_change_seed2,RA-MTM,17,C,81.67151162790698,907.03125,80.67151162790698,80.67150105217225,10.884375
hierarchy_change_seed2,RA-MTM,17,D,95.36196043165468,977.34375,96.36196043165468,96.36192475681582,11.728125
hierarchy_change_seed2,RA-MTM,18,A,28.125,312.890625,27.125,27.124992497470902,3.7546875
hierarchy_change_seed2,RA-MTM,18,B,43.125,341.015625,42.27303848746538,42.27303848298028,4.0921875
hierarchy_change_seed2,RA-MTM,18,C,81.79961089494164,903.515625,80.79961089494164,80.7995892303352,10.8421875
hierarchy_change_seed2,RA-MTM,18,D,95.52813653136532,952.734375,96.52813653136532,96.5280591404168,11.4328125
hierarchy_change_seed2,RA-MTM,19,A,28.258928571428573,246.09375,27.258928571428573,27.258919992879154,2.953125
hierarchy_change_seed2,RA-MTM,19,B,43.350903614457835,291.796875,42.350903614457835,42.35089344274941,3.5015625
hierarchy_change_seed2,RA-MTM,19,C,82.1604938271605,854.296875,81.1604938271605,81.16046404733936,10.2515625
hierarchy_change_seed2,RA-MTM,19,D,95.94242125984252,892.96875,96.94242125984252,96.94228422045512,10.715625000000001
hierarchy_change_seed2,RA-MTM,20,A,28.483455882352942,239.0625,27.483455882352942,27.4834491842506,2.86875
hierarchy_change_seed2,RA-MTM,20,B,43.83116883116883,270.703125,42.83116883116883,42.831161246552824,3.2484375
hierarchy_change_seed2,RA-MTM,20,C,82.33173076923077,822.65625,81.33173076923077,81.33170771987858,9.871875000000001
hierarchy_change_seed2,RA-MTM,20,D,95.88627049180327,857.8125,96.88627049180327,96.8861499465973,10.293750000000001
hierarchy_change_seed3,TMTM,0,A,24.261363636363637,1972.265625,50.17873508987997,50.17873508987997,15.9375
hierarchy_change_seed3,TMTM,0,B,39.40113240418118,2017.96875,66.3150987262436,66.32930327169817,16.30681818181818
hierarchy_change_seed3,TMTM,0,C,77.02774949083503,1726.171875,32.62191690806179,32.62191690806179,13.948863636363637
hierarchy_change_seed3,TMTM,0,D,92.66674028268551,1989.84375,84.24123508987998,84.25543963533451,16.079545454545453
hierarchy_change_seed3,TMTM,1,A,24.701704545454547,1856.25,52.11055327169815,52.1247578171527,15.0
hierarchy_change_seed3,TMTM,1,B,39.72222222222222,1898.4375,36.91168963533452,36.925894180789065,15.34090909090909
hierarchy_change_seed3,TMTM,1,C,77.39649681528662,1655.859375,69.4685078171527,69.4685078171527,13.380681818181818
hierarchy_change_seed3,TMTM,1,D,92.82415630550622,1979.296875,84.18441690806179,84.18441690806179,15.994318181818182
hierarchy_change_seed3,TMTM,2,A,24.609375,1743.75,51.3435078171527,51.357712362607245,14.09090909090909
hierarchy_change_seed3,TMTM,2,B,39.77012922465209,1768.359375,37.138962362607245,37.138962362607245,14.289772727272727
hierarchy_change_seed3,TMTM,2,C,77.5755939524838,1627.734375,69.69578054442542,69.69578054442542,13.15340909090909
hierarchy_change_seed3,TMTM,2,D,92.89189189189189,1951.171875,84.18441690806179,84.18441690806179,15.767045454545453
hierarchy_change_seed3,TMTM,3,A,25.128239740820735,1627.734375,50.576462362607245,50.576462362607245,13.15340909090909
hierarchy_change_seed3,TMTM,3,B,40.13469827586207,1631.25,37.36623508987997,37.38043963533452,13.181818181818182
hierarchy_change_seed3,TMTM,3,C,77.78371710526316,1603.125,69.80941690806179,69.82362145351632,12.954545454545453
hierarchy_change_seed3,TMTM,3,D,93.2123161764706,1912.5,84.04237145351632,84.05657599897089,15.454545454545453
hierarchy_change_seed3,TMTM,4,A,24.909441805225654,1480.078125,50.15032599897088,50.15032599897088,11.960227272727272
hierarchy_change_seed3,TMTM,4,B,40.058411214953274,1504.6875,38.04805327169815,38.0622578171527,12.159090909090908
hierarchy_change_seed3,TMTM,4,C,77.95558086560365,1543.359375,69.97987145351632,69.97987145351632,12.471590909090908
hierarchy_change_seed3,TMTM,4,D,93.48473837209302,1814.0625,83.55941690806179,83.57362145351632,14.659090909090908
hierarchy_change_seed3,TMTM,5,A,25.3125,1420.3125,49.951462362607245,49.96566690806179,11.477272727272727
hierarchy_change_seed3,TMTM,5,B,40.34944581280788,1427.34375,38.41737145351634,38.43157599897088,11.534090909090908
hierarchy_change_seed3,TMTM,5,C,78.10843373493977,1458.984375,69.86623508987998,69.86623508987998,11.789772727272727
hierarchy_change_seed3,TMTM,5,D,93.70824898785425,1736.71875,82.79237145351632,82.80657599897089,14.034090909090908
hierarchy_change_seed3,TMTM,6,A,25.51968232044199,1272.65625,50.80373508987997,50.81793963533452,10.284090909090908
hierarchy_change_seed3,TMTM,6,B,40.59219613259668,1272.65625,40.49123508987997,40.50543963533452,10.284090909090908
hierarchy_change_seed3,TMTM,6,C,78.42976485148515,1420.3125,68.5025987262436,68.51680327169817,11.477272727272727
hierarchy_change_seed3,TMTM,6,D,93.84278350515464,1705.078125,81.17305327169817,81.17305327169817,13.77840909090909
hierarchy_change_seed3,TMTM,7,A,25.686936936936938,1170.703125,51.457144180789065,51.457144180789065,9.460227272727272
hierarchy_change_seed3,TMTM,7,B,40.87278106508876,1188.28125,41.883280544425425,41.89748508987997,9.602272727272727
hierarchy_change_seed3,TMTM,7,C,78.45542394014963,1409.765625,67.36623508987998,67.36623508987998,11.392045454545455
hierarchy_change_seed3,TMTM,7,D,93.96829521829522,1691.015625,79.92305327169817,79.92305327169817,13.664772727272727
hierarchy_change_seed3,TMTM,8,A,25.675895765472312,1079.296875,51.85487145351633,51.85487145351633,8.721590909090908
hierarchy_change_seed3,TMTM,8,B,40.92338709677419,1089.84375,43.04805327169815,43.0622578171527,8.806818181818182
hierarchy_change_seed3,TMTM,8,C,78.75,1342.96875,66.79805327169817,66.8122578171527,10.852272727272727
hierarchy_change_seed3,TMTM,8,D,94.38455240174673,1610.15625,78.8150987262436,78.82930327169817,13.011363636363637
hierarchy_change_seed3,TMTM,9,A,26.028645833333332,1012.5,52.195780544425425,52.20998508987997,8.181818181818182
hierarchy_change_seed3,TMTM,9,B,41.25,1001.953125,44.04237145351634,44.04237145351634,8.096590909090908
hierarchy_change_seed3,TMTM,9,C,78.88167134831461,1251.5625,66.20146236260723,66.21566690806179,10.113636363636363
hierarchy_change_seed3,TMTM,9,D,94.34187788018433,1525.78125,77.79237145351632,77.80657599897089,12.329545454545453
hierarchy_change_seed3,TMTM,10,A,26.3109756097561,864.84375,52.30941690806179,52.32362145351633,6.988636363636363
hierarchy_change_seed3,TMTM,10,B,41.39940239043825,882.421875,45.23555327169815,45.23555327169815,7.130681818181818
hierarchy_change_seed3,TMTM,10,C,79.13377192982456,1202.34375,65.7185078171527,65.73271236260723,9.71590909090909
hierarchy_change_seed3,TMTM,10,D,94.6875,1434.375,76.9400987262436,76.95430327169817,11.59090909090909
hierarchy_change_seed3,TMTM,11,A,26.65938864628821,805.078125,52.33782599897088,52.33782599897088,6.505681818181818
hierarchy_change_seed3,TMTM,11,B,41.506057268722465,798.046875,45.832144180789065,45.832144180789065,6.448863636363636
hierarchy_change_seed3,TMTM,11,C,79.26950636942675,1103.90625,64.86623508987998,64.88043963533451,8.920454545454545
hierarchy_change_seed3,TMTM,11,D,94.74022004889976,1437.890625,76.57078054442542,76.57078054442542,11.619318181818182
hierarchy_change_seed3,TMTM,12,A,26.820652173913043,727.734375,52.42305327169815,52.42305327169815,5.880681818181818
hierarchy_change_seed3,TMTM,12,B,41.926829268292686,720.703125,46.54237145351634,46.54237145351634,5.823863636363636
hierarchy_change_seed3,TMTM,12,C,79.53488372093024,1058.203125,64.58214418078907,64.58214418078907,8.551136363636363
hierarchy_change_seed3,TMTM,12,D,94.96685606060606,1392.1875,75.77532599897089,75.78953054442542,11.25
hierarchy_change_seed3,TMTM,13,A,26.97265625,675.0,52.65032599897088,52.664530544425425,5.454545454545454
hierarchy_change_seed3,TMTM,13,B,42.17261904761905,664.453125,47.22418963533452,47.22418963533452,5.369318181818182
hierarchy_change_seed3,TMTM,13,C,79.81473214285714,984.375,64.1560078171527,64.17021236260723,7.954545454545454
hierarchy_change_seed3,TMTM,13,D,95.26082677165354,1339.453125,75.23555327169817,75.23555327169817,10.823863636363637
hierarchy_change_seed3,TMTM,14,A,27.098214285714285,590.625,52.877598726243605,52.89180327169815,4.7727272727272725
hierarchy_change_seed3,TMTM,14,B,42.22727272727273,580.078125,48.133280544425425,48.133280544425425,4.6875
hierarchy_change_seed3,TMTM,14,C,79.7294776119403,942.1875,63.871916908061785,63.88612145351633,7.613636363636363
hierarchy_change_seed3,TMTM,14,D,95.49332865168539,1251.5625,74.09918963533451,74.11339418078907,10.113636363636363
hierarchy_change_seed3,TMTM,15,A,27.230960264900663,530.859375,52.877598726243605,52.877598726243605,4.2897727272727275
hierarchy_change_seed3,TMTM,15,B,42.269295302013425,523.828125,48.58782599897088,48.58782599897088,4.232954545454545
hierarchy_change_seed3,TMTM,15,C,80.03591954022988,917.578125,63.70146236260724,63.70146236260724,7.414772727272727
hierarchy_change_seed3,TMTM,15,D,95.625,1219.921875,73.58782599897089,73.58782599897089,9.857954545454545
hierarchy_change_seed3,TMTM,16,A,27.60492700729927,481.640625,52.9060078171527,52.9060078171527,3.8920454545454546
hierarchy_change_seed3,TMTM,16,B,42.95454545454545,464.0625,49.04237145351633,49.05657599897088,3.75
hierarchy_change_seed3,TMTM,16,C,80.37,878.90625,63.27532599897088,63.289530544425425,7.102272727272727
hierarchy_change_seed3,TMTM,16,D,95.86353550295858,1188.28125,72.93441690806179,72.94862145351632,9.602272727272727
hierarchy_change_seed3,TMTM,17,A,27.82051282051282,411.328125,52.84918963533452,52.84918963533452,3.3238636363636362
hierarchy_change_seed3,TMTM,17,B,42.736486486486484,390.234375,49.582144180789065,49.582144180789065,3.153409090909091
hierarchy_change_seed3,TMTM,17,C,80.625,871.875,63.36055327169815,63.3747578171527,7.045454545454545
hierarchy_change_seed3,TMTM,17,D,96.14164086687306,1135.546875,72.47987145351632,72.47987145351632,9.176136363636363
hierarchy_change_seed3,TMTM,18,A,27.815533980582526,362.109375,52.763962362607245,52.763962362607245,2.9261363636363638
hierarchy_change_seed3,TMTM,18,B,42.9375,351.5625,49.83782599897088,49.852030544425425,2.840909090909091
hierarchy_change_seed3,TMTM,18,C,80.82198443579766,903.515625,63.559416908061785,63.559416908061785,7.301136363636363
hierarchy_change_seed3,TMTM,18,D,96.34334415584415,1082.8125,71.82646236260723,71.84066690806179,8.75
hierarchy_change_seed3,TMTM,19,A,28.125,341.015625,52.565098726243605,52.565098726243605,2.755681818181818
hierarchy_change_seed3,TMTM,19,B,43.20652173913044,323.4375,49.83782599897088,49.852030544425425,2.6136363636363638
hierarchy_change_seed3,TMTM,19,C,80.81711065573771,857.8125,63.81509872624361,63.82930327169816,6.931818181818182
hierarchy_change_seed3,TMTM,19,D,96.32404181184668,1008.984375,71.40032599897089,71.40032599897089,8.15340909090909
hierarchy_change_seed3,TMTM,20,A,28.7578125,281.25,52.138962362607245,52.15316690806179,2.2727272727272725
hierarchy_change_seed3,TMTM,20,B,43.35616438356164,256.640625,49.951462362607245,49.951462362607245,2.0738636363636362
hierarchy_change_seed3,TMTM,20,C,81.18447580645162,871.875,63.758280544425425,63.77248508987997,7.045454545454545
hierarchy_change_seed3,TMTM,20,D,96.68901384083046,1016.015625,71.42873508987998,71.42873508987998,8.210227272727272
hierarchy_change_seed3,ST-MTM,0,A,24.261363636363637,1972.265625,10.400932044175903,-1.431661705824098,23.66718750000001
hierarchy_change_seed3,ST-MTM,0,B,39.40113240418118,2017.96875,43.19826695688643,43.198266956886414,24.215625000000003
hierarchy_change_seed3,ST-MTM,0,C,77.02774949083503,1726.171875,99.31704013438997,108.38764638879036,20.714062500000008
hierarchy_change_seed3,ST-MTM,0,D,92.66674028268551,1989.84375,80.44074667861305,80.44074667861305,23.878125000000004
hierarchy_change_seed3,ST-MTM,1,A,24.701704545454547,1856.25,10.819741715610675,-0.7936255536529302,23.228734538527235
hierarchy_change_seed3,ST-MTM,1,B,39.72222222222222,1898.4375,43.2643820328629,43.2643820328629,23.756660323497947
hierarchy_change_seed3,ST-MTM,1,C,77.39649681528662,1655.859375,98.71295533813203,107.9214947103785,20.72108705994839
hierarchy_change_seed3,ST-MTM,1,D,92.82415630550622,1979.296875,80.55990672745975,80.55990672745975,24.768518078026453
hierarchy_change_seed3,ST-MTM,2,A,24.609375,1743.75,11.17114594101966,-0.1981069097076329,22.740505701454595
hierarchy_change_seed3,ST-MTM,2,B,39.77012922465209,1768.359375,43.23663552199564,43.23663552199564,23.06144025764828
hierarchy_change_seed3,ST-MTM,2,C,77.5755939524838,1627.734375,98.17201558115568,108.11023517353185,21.227528507731016
hierarchy_change_seed3,ST-MTM,2,D,92.89189189189189,1951.171875,80.7771887698944,80.7771887698944,25.44552553316613
hierarchy_change_seed3,ST-MTM,3,A,25.128239740820735,1627.734375,11.67528666479852,0.5668094982183476,22.218954333160355
hierarchy_change_seed3,ST-MTM,3,B,40.13469827586207,1631.25,43.26682316408768,43.26682316408768,22.266943435391745
hierarchy_change_seed3,ST-MTM,3,C,77.78371710526316,1603.125,97.42865572624763,108.30253948283648,21.883030617540218
hierarchy_change_seed3,ST-MTM,3,D,93.2123161764706,1912.5,80.98622025893152,80.98622025893152,26.106071613907712
hierarchy_change_seed3,ST-MTM,4,A,24.909441805225654,1480.078125,11.89186491287019,1.3979549334238044,21.58091740576407
hierarchy_change_seed3,ST-MTM,4,B,40.058411214953274,1504.6875,43.12630766952756,43.12630766952755,21.93974501107084
hierarchy_change_seed3,ST-MTM,4,C,77.95558086560365,1543.359375,96.9552749162832,108.20608339743407,22.50361696230173
hierarchy_change_seed3,ST-MTM,4,D,93.48473837209302,1814.0625,81.38353831538441,81.38353831538438,26.45072062086338
hierarchy_change_seed3,ST-MTM,5,A,25.3125,1420.3125,12.362778928678253,1.629298039177172,21.733507853402955
hierarchy_change_seed3,ST-MTM,5,B,40.34944581280788,1427.34375,43.08844143720043,43.088441437200444,21.84109947643804
hierarchy_change_seed3,ST-MTM,5,C,78.10843373493977,1458.984375,96.2721831899321,107.43381407998424,22.325261780104313
hierarchy_change_seed3,ST-MTM,5,D,93.70824898785425,1736.71875,81.63358225825459,81.63358225825459,26.57513089005471
hierarchy_change_seed3,ST-MTM,6,A,25.51968232044199,1272.65625,12.808434017244878,3.174045241695964,20.753843796995113
hierarchy_change_seed3,ST-MTM,6,B,40.59219613259668,1272.65625,42.968865069962234,42.968865069962234,20.753843875514242
hierarchy_change_seed3,ST-MTM,6,C,78.42976485148515,1420.3125,95.70556137599621,107.28543544593745,23.161748139882476
hierarchy_change_seed3,ST-MTM,6,D,93.84278350515464,1705.078125,81.87412535086204,81.74731715264312,27.80556418760816
hierarchy_change_seed3,ST-MTM,7,A,25.686936936936938,1170.703125,13.21104826690133,13.21104826690133,19.82883129426915
hierarchy_change_seed3,ST-MTM,7,B,40.87278106508876,1188.28125,42.935640003948436,42.935640003948436,20.126561493882804
hierarchy_change_seed3,ST-MTM,7,C,78.45542394014963,1409.765625,74.66756019245935,74.66756019245935,23.87796200901481
hierarchy_change_seed3,ST-MTM,7,D,93.96829521829522,1691.015625,102.54273735075623,102.54273735075623,28.641645202833228
hierarchy_change_seed3,ST-MTM,8,A,25.675895765472312,1079.296875,13.401027556008444,13.401027556008444,19.485123541523677
hierarchy_change_seed3,ST-MTM,8,B,40.92338709677419,1089.84375,42.720925863757444,42.720925863757444,19.67553191489361
hierarchy_change_seed3,ST-MTM,8,C,78.75,1342.96875,72.3467522800421,72.3467522800421,24.245332875772135
hierarchy_change_seed3,ST-MTM,8,D,94.38455240174673,1610.15625,104.88828011425736,104.88828011425736,29.06901166781057
hierarchy_change_seed3,ST-MTM,9,A,26.028645833333332,1012.5,13.878814538914682,13.878814538914682,19.53983859134263
hierarchy_change_seed3,ST-MTM,9,B,41.25,1001.953125,42.61128650228092,42.61128650228092,19.33629860601613
hierarchy_change_seed3,ST-MTM,9,C,78.88167134831461,1251.5625,71.86007792468388,71.86007792468388,24.15341159207631
hierarchy_change_seed3,ST-MTM,9,D,94.34187788018433,1525.78125,105.00680684818586,105.00680684818586,29.445451210564933
hierarchy_change_seed3,ST-MTM,10,A,26.3109756097561,864.84375,14.251407708548001,14.251407708548001,18.24286287089015
hierarchy_change_seed3,ST-MTM,10,B,41.39940239043825,882.421875,42.324315829176726,42.324315829176726,18.613652766639945
hierarchy_change_seed3,ST-MTM,10,C,79.13377192982456,1202.34375,71.72330997965955,71.72330997965955,25.36202886928629
hierarchy_change_seed3,ST-MTM,10,D,94.6875,1434.375,105.05795229668108,105.05795229668108,30.256455493183644
hierarchy_change_seed3,ST-MTM,11,A,26.65938864628821,805.078125,14.740977881574395,14.740977881574395,17.961641221374038
hierarchy_change_seed3,ST-MTM,11,B,41.506057268722465,798.046875,42.035796202418354,42.035796202418354,17.80477099236643
hierarchy_change_seed3,ST-MTM,11,C,79.26950636942675,1103.90625,71.62958193415551,71.62958193415551,24.628625954198483
hierarchy_change_seed3,ST-MTM,11,D,94.74022004889976,1437.890625,104.95062979591708,104.95062979591708,32.07996183206107
hierarchy_change_seed3,ST-MTM,12,A,26.820652173913043,727.734375,15.065778954401551,15.065778954401551,17.26088818755636
hierarchy_change_seed3,ST-MTM,12,B,41.926829268292686,720.703125,41.83320076857002,41.83320076857002,17.09411632100992
hierarchy_change_seed3,ST-MTM,12,C,79.53488372093024,1058.203125,71.59719963831193,71.59719963831193,25.099165915238956
hierarchy_change_seed3,ST-MTM,12,D,94.96685606060606,1392.1875,104.86080645278183,104.86080645278183,33.02082957619478
hierarchy_change_seed3,ST-MTM,13,A,26.97265625,675.0,15.38853411640325,15.38853411640325,17.039539347408834
hierarchy_change_seed3,ST-MTM,13,B,42.17261904761905,664.453125,41.47013059260628,41.47013059260628,16.77329654510558
hierarchy_change_seed3,ST-MTM,13,C,79.81473214285714,984.375,71.62408657648486,71.62408657648486,24.84932821497121
hierarchy_change_seed3,ST-MTM,13,D,95.26082677165354,1339.453125,104.87423452857097,104.87423452857097,33.8128358925144
hierarchy_change_seed3,ST-MTM,14,A,27.098214285714285,590.625,15.674946984189305,15.674946984189305,16.233855799373032
hierarchy_change_seed3,ST-MTM,14,B,42.22727272727273,580.078125,41.096708590733826,41.096708590733826,15.943965517241367
hierarchy_change_seed3,ST-MTM,14,C,79.7294776119403,942.1875,71.58009321616655,71.58009321616655,25.896865203761763
hierarchy_change_seed3,ST-MTM,14,D,95.49332865168539,1251.5625,105.00523702297568,105.00523702297568,34.40031347962383
hierarchy_change_seed3,ST-MTM,15,A,27.230960264900663,530.859375,15.998836222435983,15.998836222435983,15.37855176211454
hierarchy_change_seed3,ST-MTM,15,B,42.269295302013425,523.828125,40.56153407001557,40.56153407001557,15.174862334801759
hierarchy_change_seed3,ST-MTM,15,C,80.03591954022988,917.578125,71.76775291128101,71.76775291128101,26.581470264317186
hierarchy_change_seed3,ST-MTM,15,D,95.625,1219.921875,105.02886261033281,105.02886261033281,35.34011563876653
hierarchy_change_seed3,ST-MTM,16,A,27.60492700729927,481.640625,16.30203003522901,16.30203003522901,14.783051341890314
hierarchy_change_seed3,ST-MTM,16,B,42.95454545454545,464.0625,40.262749520201766,40.262749520201766,14.243523920653445
hierarchy_change_seed3,ST-MTM,16,C,80.37,878.90625,71.83074430374342,71.83074430374342,26.976371061843647
hierarchy_change_seed3,ST-MTM,16,D,95.86353550295858,1188.28125,104.96146195489116,104.96146195489116,36.47205367561261
hierarchy_change_seed3,ST-MTM,17,A,27.82051282051282,411.328125,16.642698872388834,11.658542114034447,13.541399009795228
hierarchy_change_seed3,ST-MTM,17,B,42.736486486486484,390.234375,39.56262213160076,39.562622131600776,12.846967796033937
hierarchy_change_seed3,ST-MTM,17,C,80.625,871.875,72.12363793747298,72.12363793747299,28.70314251220581
hierarchy_change_seed3,ST-MTM,17,D,96.14164086687306,1135.546875,105.02802687260275,123.71877221358527,37.383490681965036
hierarchy_change_seed3,ST-MTM,18,A,27.815533980582526,362.109375,16.789342657701,12.52823566320049,12.402246668433008
hierarchy_change_seed3,ST-MTM,18,B,42.9375,351.5625,38.96287385105262,38.96287385105262,12.041016534178425
hierarchy_change_seed3,ST-MTM,18,C,80.82198443579766,903.515625,72.35003824660194,72.35003824660194,30.945407414874065
hierarchy_change_seed3,ST-MTM,18,D,96.34334415584415,1082.8125,105.25473105870981,123.79689574996706,37.08632938251451
hierarchy_change_seed3,ST-MTM,19,A,28.125,341.015625,17.25211679028118,13.033283234936789,12.458445881986634
hierarchy_change_seed3,ST-MTM,19,B,43.20652173913044,323.4375,38.48038530095805,38.48038530095806,11.816261278001704
hierarchy_change_seed3,ST-MTM,19,C,80.81711065573771,857.8125,72.47540055534544,72.47540055534544,31.33872837983992
hierarchy_change_seed3,ST-MTM,19,D,96.32404181184668,1008.984375,105.14908316748068,123.57886539756656,36.86156446017175
hierarchy_change_seed3,ST-MTM,20,A,28.7578125,281.25,17.657164162363173,13.995324332103252,10.72174769561991
hierarchy_change_seed3,ST-MTM,20,B,43.35616438356164,256.640625,37.67406870663879,37.67406870663879,9.783596164845548
hierarchy_change_seed3,ST-MTM,20,C,81.18447580645162,871.875,72.81329520813748,72.81329520813748,33.23737092202616
hierarchy_change_seed3,ST-MTM,20,D,96.68901384083046,1016.015625,105.21245773692593,124.57760034568012,38.73228521750839
hierarchy_change_seed3,RA-MTM,0,A,24.261363636363637,1972.265625,12.66140361309654,12.66140361306189,23.6671875
hierarchy_change_seed3,RA-MTM,0,B,39.40113240418118,2017.96875,40.64303866825674,40.64303866807542,24.215625
hierarchy_change_seed3,RA-MTM,0,C,77.02774949083503,1726.171875,91.67126832426028,96.84978394926028,20.7140625
hierarchy_change_seed3,RA-MTM,0,D,92.66674028268551,1989.84375,80.02322144926028,74.05369019926029,23.878125
hierarchy_change_seed3,RA-MTM,1,A,24.701704545454547,1856.25,23.701704545454547,20.697902601391867,22.275000000000002
hierarchy_change_seed3,RA-MTM,1,B,39.72222222222222,1898.4375,40.72222222222222,43.72602760139187,22.78125
hierarchy_change_seed3,RA-MTM,1,C,77.39649681528662,1655.859375,76.83407650080241,74.17364654265498,19.8703125
hierarchy_change_seed3,RA-MTM,1,D,92.82415630550622,1979.296875,93.82415630550622,96.48458404265497,23.751562500000002
hierarchy_change_seed3,RA-MTM,2,A,24.609375,1743.75,23.609375,21.403423987326043,20.925
hierarchy_change_seed3,RA-MTM,2,B,39.77012922465209,1768.359375,40.77012922465209,42.976080237326045,21.220312500000002
hierarchy_change_seed3,RA-MTM,2,C,77.5755939524838,1627.734375,76.5755939524838,74.24702417218784,19.532812500000002
hierarchy_change_seed3,RA-MTM,2,D,92.89189189189189,1951.171875,93.89189189189189,96.22046167218784,23.4140625
hierarchy_change_seed3,RA-MTM,3,A,25.128239740820735,1627.734375,24.128239740820735,22.6045158833414,19.532812500000002
hierarchy_change_seed3,RA-MTM,3,B,40.13469827586207,1631.25,41.13469827586207,42.658422133341396,19.575
hierarchy_change_seed3,RA-MTM,3,C,77.78371710526316,1603.125,76.78371710526316,74.7011416408669,19.2375
hierarchy_change_seed3,RA-MTM,3,D,93.2123161764706,1912.5,94.2123161764706,96.2948916408669,22.95
hierarchy_change_seed3,RA-MTM,4,A,24.909441805225654,1480.078125,23.909441805225654,23.279629635089464,17.7609375
hierarchy_change_seed3,RA-MTM,4,B,40.058411214953274,1504.6875,41.058411214953274,41.688223385089465,18.056250000000002
hierarchy_change_seed3,RA-MTM,4,C,77.95558086560365,1543.359375,76.95558086560365,75.39789399384833,18.5203125
hierarchy_change_seed3,RA-MTM,4,D,93.48473837209302,1814.0625,94.48473837209302,96.04242524384833,21.76875
hierarchy_change_seed3,RA-MTM,5,A,25.3125,1420.3125,24.3125,24.03800415640394,17.04375
hierarchy_change_seed3,RA-MTM,5,B,40.34944581280788,1427.34375,41.34944581280788,41.62394165640394,17.128125
hierarchy_change_seed3,RA-MTM,5,C,78.10843373493977,1458.984375,77.10843373493977,76.071231986397,17.5078125
hierarchy_change_seed3,RA-MTM,5,D,93.70824898785425,1736.71875,94.70824898785425,95.745450736397,20.840625
hierarchy_change_seed3,RA-MTM,6,A,25.51968232044199,1272.65625,24.51968232044199,24.51968232044199,15.271875
hierarchy_change_seed3,RA-MTM,6,B,40.59219613259668,1272.65625,41.59219613259668,41.592196132596676,15.271875
hierarchy_change_seed3,RA-MTM,6,C,78.42976485148515,1420.3125,77.42976485148515,76.51010230331988,17.04375
hierarchy_change_seed3,RA-MTM,6,D,93.84278350515464,1705.078125,94.84278350515464,95.76244605331989,20.4609375
hierarchy_change_seed3,RA-MTM,7,A,25.686936936936938,1170.703125,24.686936936936938,24.686936936936938,14.0484375
hierarchy_change_seed3,RA-MTM,7,B,40.87278106508876,1188.28125,41.87278106508876,41.87278106508876,14.259375
hierarchy_change_seed3,RA-MTM,7,C,78.45542394014963,1409.765625,77.45542394014963,76.65951582922243,16.9171875
hierarchy_change_seed3,RA-MTM,7,D,93.96829521829522,1691.015625,94.96829521829522,95.76420332922243,20.2921875
hierarchy_change_seed3,RA-MTM,8,A,25.675895765472312,1079.296875,24.675895765472312,24.675895765472312,12.9515625
hierarchy_change_seed3,RA-MTM,8,B,40.92338709677419,1089.84375,41.92338709677419,41.92338709677419,13.078125
hierarchy_change_seed3,RA-MTM,8,C,78.75,1342.96875,77.75,77.45790120087337,16.115625
hierarchy_change_seed3,RA-MTM,8,D,94.38455240174673,1610.15625,95.38455240174673,95.67665120087337,19.321875000000002
hierarchy_change_seed3,RA-MTM,9,A,26.028645833333332,1012.5,25.028645833333332,25.02864583333335,12.15
hierarchy_change_seed3,RA-MTM,9,B,41.25,1001.953125,42.25,42.25,12.0234375
hierarchy_change_seed3,RA-MTM,9,C,78.88167134831461,1251.5625,77.88167134831461,77.8816713483146,15.01875
hierarchy_change_seed3,RA-MTM,9,D,94.34187788018433,1525.78125,95.34187788018433,95.34187788018433,18.309375
hierarchy_change_seed3,RA-MTM,10,A,26.3109756097561,864.84375,25.3109756097561,25.310975609756085,10.378125
hierarchy_change_seed3,RA-MTM,10,B,41.39940239043825,882.421875,42.39940239043825,42.39940239043825,10.5890625
hierarchy_change_seed3,RA-MTM,10,C,79.13377192982456,1202.34375,78.13377192982456,78.13377192982456,14.428125
hierarchy_change_seed3,RA-MTM,10,D,94.6875,1434.375,95.6875,95.6875,17.212500000000002
hierarchy_change_seed3,RA-MTM,11,A,26.65938864628821,805.078125,25.65938864628821,25.659388646288217,9.660937500000001
hierarchy_change_seed3,RA-MTM,11,B,41.506057268722465,798.046875,42.506057268722465,42.506057268722465,9.5765625
hierarchy_change_seed3,RA-MTM,11,C,79.26950636942675,1103.90625,78.26950636942675,78.26950636942674,13.246875000000001
hierarchy_change_seed3,RA-MTM,11,D,94.74022004889976,1437.890625,95.74022004889976,95.74022004889974,17.2546875
hierarchy_change_seed3,RA-MTM,12,A,26.820652173913043,727.734375,25.820652173913043,25.82065217391305,8.7328125
hierarchy_change_seed3,RA-MTM,12,B,41.926829268292686,720.703125,42.926829268292686,42.92682926829267,8.6484375
hierarchy_change_seed3,RA-MTM,12,C,79.53488372093024,1058.203125,78.53488372093024,78.53488372093022,12.6984375
hierarchy_change_seed3,RA-MTM,12,D,94.96685606060606,1392.1875,95.96685606060606,95.96685606060605,16.70625
hierarchy_change_seed3,RA-MTM,13,A,26.97265625,675.0,25.97265625,25.972647989555316,8.1
hierarchy_change_seed3,RA-MTM,13,B,42.17261904761905,664.453125,43.17261904761905,43.17261901401221,7.9734375
hierarchy_change_seed3,RA-MTM,13,C,79.81473214285714,984.375,78.81473214285714,78.81472009637544,11.8125
hierarchy_change_seed3,RA-MTM,13,D,95.26082677165354,1339.453125,96.26082677165354,96.26080065075219,16.0734375
hierarchy_change_seed3,RA-MTM,14,A,27.098214285714285,590.625,26.098214285714285,26.098207351135,7.0875
hierarchy_change_seed3,RA-MTM,14,B,42.22727272727273,580.078125,43.22727272727273,43.22727269870557,6.9609375
hierarchy_change_seed3,RA-MTM,14,C,79.7294776119403,942.1875,78.7294776119403,78.7294665496352,11.30625
hierarchy_change_seed3,RA-MTM,14,D,95.49332865168539,1251.5625,96.49332865168539,96.4933036117197,15.01875
hierarchy_change_seed3,RA-MTM,15,A,27.230960264900663,530.859375,26.230960264900663,26.23095458605436,6.3703125
hierarchy_change_seed3,RA-MTM,15,B,42.269295302013425,523.828125,43.117972845186415,43.11797282451922,6.2859375
hierarchy_change_seed3,RA-MTM,15,C,80.03591954022988,917.578125,79.03591954022988,79.03590972447566,11.0109375
hierarchy_change_seed3,RA-MTM,15,D,95.625,1219.921875,96.625,96.62497808332567,14.6390625
hierarchy_change_seed3,RA-MTM,16,A,27.60492700729927,481.640625,26.60492700729927,26.604920849521775,5.7796875000000005
hierarchy_change_seed3,RA-MTM,16,B,42.95454545454545,464.0625,43.365203415184745,43.365203398364216,5.5687500000000005
hierarchy_change_seed3,RA-MTM,16,C,80.37,878.90625,79.37,79.36998876317972,10.546875
hierarchy_change_seed3,RA-MTM,16,D,95.86353550295858,1188.28125,96.86353550295858,96.86351067853612,14.259375
hierarchy_change_seed3,RA-MTM,17,A,27.82051282051282,411.328125,26.82051282051282,26.820506793200433,4.9359375000000005
hierarchy_change_seed3,RA-MTM,17,B,42.736486486486484,390.234375,42.78012967019378,42.78012965653026,4.6828125
hierarchy_change_seed3,RA-MTM,17,C,80.625,871.875,79.625,79.62498722415826,10.4625
hierarchy_change_seed3,RA-MTM,17,D,96.14164086687306,1135.546875,97.14164086687306,97.14161157024448,13.6265625
hierarchy_change_seed3,RA-MTM,18,A,27.815533980582526,362.109375,26.815533980582526,26.81552660197044,4.3453125
hierarchy_change_seed3,RA-MTM,18,B,42.9375,351.5625,42.44144864933384,42.441448642254606,4.21875
hierarchy_change_seed3,RA-MTM,18,C,80.82198443579766,903.515625,79.82198443579766,79.8219660250861,10.8421875
hierarchy_change_seed3,RA-MTM,18,D,96.34334415584415,1082.8125,97.34334415584415,97.34329734356758,12.99375
hierarchy_change_seed3,RA-MTM,19,A,28.125,341.015625,27.125,27.124980875045285,4.0921875
hierarchy_change_seed3,RA-MTM,19,B,43.20652173913044,323.4375,42.20652173913044,42.20650359999811,3.88125
hierarchy_change_seed3,RA-MTM,19,C,80.81711065573771,857.8125,79.81711065573771,79.81706254760414,10.293750000000001
hierarchy_change_seed3,RA-MTM,19,D,96.32404181184668,1008.984375,97.32404181184668,97.32388339534816,12.1078125
hierarchy_change_seed3,RA-MTM,20,A,28.7578125,281.25,27.7578125,27.75779646019577,3.375
hierarchy_change_seed3,RA-MTM,20,B,43.35616438356164,256.640625,42.35616438356164,42.35614974724011,3.0796875
hierarchy_change_seed3,RA-MTM,20,C,81.18447580645162,871.875,80.18447580645162,80.18442608305827,10.4625
hierarchy_change_seed3,RA-MTM,20,D,96.68901384083046,1016.015625,97.68901384083046,97.68886454693767,12.192187500000001
crowding_seed1,TMTM,0,A,48.42094370860927,1061.71875,50.8210272760002,50.83523182145474,8.579545454545455
crowding_seed1,TMTM,0,B,58.80681818181818,696.09375,57.951709094182014,57.96591363963656,5.625
crowding_seed1,TMTM,0,C,69.38304721030043,819.140625,67.83807273054566,67.83807273054566,6.619318181818182
crowding_seed1,TMTM,1,A,48.88795986622073,1051.171875,50.87784545781838,50.87784545781838,8.494318181818182
crowding_seed1,TMTM,1,B,59.21153846153846,685.546875,57.92330000327293,57.92330000327293,5.5397727272727275
crowding_seed1,TMTM,1,C,69.60836909871244,819.140625,67.89489091236385,67.89489091236385,6.619318181818182
crowding_seed1,TMTM,2,A,49.40190397350993,1061.71875,50.87784545781838,50.89205000327293,8.579545454545455
crowding_seed1,TMTM,2,B,59.58653846153846,685.546875,57.98011818509111,57.98011818509111,5.5397727272727275
crowding_seed1,TMTM,2,C,69.70779220779221,812.109375,67.80966363963657,67.80966363963657,6.5625
crowding_seed1,TMTM,3,A,49.96504934210526,1068.75,50.84943636690929,50.863640912363834,8.636363636363637
crowding_seed1,TMTM,3,B,59.931994818652846,678.515625,57.951709094182014,57.951709094182014,5.482954545454545
crowding_seed1,TMTM,3,C,70.16489361702128,826.171875,67.86648182145476,67.86648182145476,6.676136363636363
crowding_seed1,TMTM,4,A,50.504645270270274,1040.625,50.87784545781838,50.89205000327293,8.409090909090908
crowding_seed1,TMTM,4,B,60.17670157068063,671.484375,57.838072730545655,57.838072730545655,5.426136363636363
crowding_seed1,TMTM,4,C,70.16489361702128,826.171875,67.86648182145476,67.86648182145476,6.676136363636363
crowding_seed1,TMTM,5,A,50.97457627118644,1037.109375,51.019890912363834,51.019890912363834,8.380681818181818
crowding_seed1,TMTM,5,B,60.473684210526315,667.96875,57.92330000327293,57.937504548727475,5.3977272727272725
crowding_seed1,TMTM,5,C,70.60572687224669,798.046875,67.78125454872747,67.78125454872747,6.448863636363636
crowding_seed1,TMTM,6,A,51.5625,1068.75,50.963072730545655,50.9772772760002,8.636363636363637
crowding_seed1,TMTM,6,B,61.014819587628864,682.03125,58.06534545781838,58.07955000327293,5.511363636363636
crowding_seed1,TMTM,6,C,70.79570484581498,798.046875,67.72443636690929,67.72443636690929,6.448863636363636
crowding_seed1,TMTM,7,A,52.232142857142854,1058.203125,50.963072730545655,50.963072730545655,8.551136363636363
crowding_seed1,TMTM,7,B,61.32692307692308,685.546875,58.03693636690929,58.03693636690929,5.5397727272727275
crowding_seed1,TMTM,7,C,70.85526315789474,801.5625,67.80966363963657,67.8238681850911,6.477272727272727
crowding_seed1,TMTM,8,A,52.601694915254235,1037.109375,51.019890912363834,51.019890912363834,8.380681818181818
crowding_seed1,TMTM,8,B,61.75595238095238,664.453125,57.92330000327293,57.92330000327293,5.369318181818182
crowding_seed1,TMTM,8,C,71.11019736842105,801.5625,67.75284545781838,67.76705000327294,6.477272727272727
crowding_seed1,TMTM,9,A,53.17550505050505,1044.140625,50.99148182145474,50.99148182145474,8.4375
crowding_seed1,TMTM,9,B,61.99404761904762,664.453125,57.92330000327293,57.92330000327293,5.369318181818182
crowding_seed1,TMTM,9,C,71.25,815.625,67.72443636690929,67.73864091236385,6.590909090909091
crowding_seed1,TMTM,10,A,53.758389261744966,1047.65625,50.93466363963656,50.94886818509111,8.46590909090909
crowding_seed1,TMTM,10,B,62.27748691099477,671.484375,57.92330000327293,57.92330000327293,5.426136363636363
crowding_seed1,TMTM,10,C,71.25,815.625,67.75284545781838,67.76705000327294,6.590909090909091
crowding_seed1,TMTM,11,A,54.254645270270274,1040.625,51.019890912363834,51.03409545781838,8.409090909090908
crowding_seed1,TMTM,11,B,62.74342105263158,667.96875,57.951709094182014,57.96591363963656,5.3977272727272725
crowding_seed1,TMTM,11,C,71.31607929515418,798.046875,67.78125454872747,67.78125454872747,6.448863636363636
crowding_seed1,TMTM,12,A,54.75127551020408,1033.59375,51.1335272760002,51.14773182145474,8.352272727272727
crowding_seed1,TMTM,12,B,63.070945945945944,650.390625,57.98011818509111,57.98011818509111,5.255681818181818
crowding_seed1,TMTM,12,C,71.45,791.015625,67.80966363963657,67.80966363963657,6.392045454545454
crowding_seed1,TMTM,13,A,55.3125,1033.59375,51.076709094182014,51.09091363963656,8.352272727272727
crowding_seed1,TMTM,13,B,63.57954545454545,657.421875,57.951709094182014,57.951709094182014,5.3125
crowding_seed1,TMTM,13,C,71.575,791.015625,67.75284545781838,67.75284545781838,6.392045454545454
crowding_seed1,TMTM,14,A,55.9522804054054,1040.625,51.076709094182014,51.09091363963656,8.409090909090908
crowding_seed1,TMTM,14,B,63.76002673796791,657.421875,57.98011818509111,57.98011818509111,5.3125
crowding_seed1,TMTM,14,C,71.70630530973452,794.53125,67.75284545781838,67.76705000327294,6.420454545454545
crowding_seed1,TMTM,15,A,56.38392857142857,1033.59375,51.1335272760002,51.14773182145474,8.352272727272727
crowding_seed1,TMTM,15,B,63.971774193548384,653.90625,57.98011818509111,57.994322730545655,5.284090909090909
crowding_seed1,TMTM,15,C,71.84430803571429,787.5,67.78125454872747,67.79545909418204,6.363636363636363
crowding_seed1,TMTM,16,A,56.864442567567565,1040.625,51.10511818509111,51.119322730545655,8.409090909090908
crowding_seed1,TMTM,16,B,64.47745901639344,643.359375,57.951709094182014,57.951709094182014,5.198863636363636
crowding_seed1,TMTM,16,C,72.08881578947368,801.5625,67.78125454872747,67.79545909418204,6.477272727272727
crowding_seed1,TMTM,17,A,57.57203389830509,1037.109375,51.16193636690929,51.16193636690929,8.380681818181818
crowding_seed1,TMTM,17,B,64.90149456521739,646.875,57.98011818509111,57.994322730545655,5.2272727272727275
crowding_seed1,TMTM,17,C,72.53069196428571,787.5,67.78125454872747,67.79545909418204,6.363636363636363
crowding_seed1,TMTM,18,A,58.004645270270274,1040.625,51.10511818509111,51.119322730545655,8.409090909090908
crowding_seed1,TMTM,18,B,65.26209677419355,653.90625,57.98011818509111,57.994322730545655,5.284090909090909
crowding_seed1,TMTM,18,C,72.66869469026548,794.53125,67.83807273054566,67.8522772760002,6.420454545454545
crowding_seed1,TMTM,19,A,58.50127551020408,1033.59375,51.10511818509111,51.119322730545655,8.352272727272727
crowding_seed1,TMTM,19,B,65.625,650.390625,57.951709094182014,57.951709094182014,5.255681818181818
crowding_seed1,TMTM,19,C,72.66869469026548,794.53125,67.75284545781838,67.76705000327294,6.420454545454545
crowding_seed1,TMTM,20,A,59.17729591836735,1033.59375,51.10511818509111,51.119322730545655,8.352272727272727
crowding_seed1,TMTM,20,B,65.75675675675676,650.390625,57.951709094182014,57.951709094182014,5.255681818181818
crowding_seed1,TMTM,20,C,72.925,791.015625,67.78125454872747,67.78125454872747,6.392045454545454
crowding_seed1,ST-MTM,0,A,48.42094370860927,1061.71875,23.13414233754412,23.13414233754412,12.740625000000001
crowding_seed1,ST-MTM,0,B,58.80681818181818,696.09375,58.29721990130676,58.29721990130676,8.353125000000006
crowding_seed1,ST-MTM,0,C,69.38304721030043,819.140625,95.17944686187698,95.17944686187698,9.829687500000006
crowding_seed1,ST-MTM,1,A,48.88795986622073,1051.171875,23.164818207681968,23.164818207681968,12.718167555020635
crowding_seed1,ST-MTM,1,B,59.21153846153846,685.546875,58.33427759785925,58.33427759785925,8.294457101100406
crowding_seed1,ST-MTM,1,C,69.60836909871244,819.140625,95.11171329518666,95.11171329518666,9.910812843878944
crowding_seed1,ST-MTM,2,A,49.40190397350993,1061.71875,23.15546090633758,23.15546090633758,12.828129292582418
crowding_seed1,ST-MTM,2,B,59.58653846153846,685.546875,58.337204549559424,58.337204549559424,8.28306361607143
crowding_seed1,ST-MTM,2,C,69.70779220779221,812.109375,95.11814364483085,95.11814364483085,9.812244591346143
crowding_seed1,ST-MTM,3,A,49.96504934210526,1068.75,23.275066008396855,23.275066008396855,12.842520491803278
crowding_seed1,ST-MTM,3,B,59.931994818652846,678.515625,58.20163843602601,58.20163843602601,8.153310706967218
crowding_seed1,ST-MTM,3,C,70.16489361702128,826.171875,95.134104656305,95.134104656305,9.927606301229503
crowding_seed1,ST-MTM,4,A,50.504645270270274,1040.625,23.458404239315687,23.458404239315687,12.677752770083103
crowding_seed1,ST-MTM,4,B,60.17670157068063,671.484375,58.1407732939332,58.1407732939332,8.180576956371198
crowding_seed1,ST-MTM,4,C,70.16489361702128,826.171875,95.01163156747899,95.01163156747899,10.06510777354572
crowding_seed1,ST-MTM,5,A,50.97457627118644,1037.109375,23.359568452109933,23.359568452109933,12.812379301264045
crowding_seed1,ST-MTM,5,B,60.473684210526315,667.96875,58.24293782491141,58.24293782491141,8.25204090589888
crowding_seed1,ST-MTM,5,C,70.60572687224669,798.046875,95.00830282370653,95.00830282370653,9.85901729283708
crowding_seed1,ST-MTM,6,A,51.5625,1068.75,23.358138131662216,23.358138131662216,12.966517241379307
crowding_seed1,ST-MTM,6,B,61.014819587628864,682.03125,58.34202954221113,58.34202954221113,8.274685344827589
crowding_seed1,ST-MTM,6,C,70.79570484581498,798.046875,94.91064142685453,94.91064142685453,9.68223491379311
crowding_seed1,ST-MTM,7,A,52.232142857142854,1058.203125,23.4337169186904,23.4337169186904,12.856291004834254
crowding_seed1,ST-MTM,7,B,61.32692307692308,685.546875,58.288912603673715,58.288912603673715,8.328826398480658
crowding_seed1,ST-MTM,7,C,70.85526315789474,801.5625,94.88817957836375,94.88817957836375,9.738320096685072
crowding_seed1,ST-MTM,8,A,52.601694915254235,1037.109375,23.54044905512267,23.54044905512267,12.812379301264045
crowding_seed1,ST-MTM,8,B,61.75595238095238,664.453125,58.2317661689932,58.2317661689932,8.20860911165731
crowding_seed1,ST-MTM,8,C,71.11019736842105,801.5625,94.83859387661198,94.83859387661198,9.90244908707865
crowding_seed1,ST-MTM,9,A,53.17550505050505,1044.140625,23.583141005751234,23.583141005751234,12.79144977367688
crowding_seed1,ST-MTM,9,B,61.99404761904762,664.453125,58.201037450946956,58.201037450946956,8.140013492339833
crowding_seed1,ST-MTM,9,C,71.25,815.625,94.82663064402968,94.82663064402968,9.991974233983285
crowding_seed1,ST-MTM,10,A,53.758389261744966,1047.65625,23.640685435329843,23.640685435329843,12.781115638002774
crowding_seed1,ST-MTM,10,B,62.27748691099477,671.484375,58.20385124931367,58.20385124931367,8.19192311026353
crowding_seed1,ST-MTM,10,C,71.25,815.625,94.76627241608436,94.76627241608436,9.950398751733701
crowding_seed1,ST-MTM,11,A,54.254645270270274,1040.625,23.73970128870615,23.73970128870615,12.837780504908835
crowding_seed1,ST-MTM,11,B,62.74342105263158,667.96875,58.255591280321276,58.255591280321276,8.240467215988772
crowding_seed1,ST-MTM,11,C,71.31607929515418,798.046875,94.61551653170044,94.61551653170044,9.845189779102384
crowding_seed1,ST-MTM,12,A,54.75127551020408,1033.59375,23.72742507605666,23.72742507605666,12.914049183238639
crowding_seed1,ST-MTM,12,B,63.070945945945944,650.390625,58.27651113446387,58.27651113446387,8.126187411221593
crowding_seed1,ST-MTM,12,C,71.45,791.015625,94.60687289020733,94.60687289020733,9.88320090553978
crowding_seed1,ST-MTM,13,A,55.3125,1033.59375,23.695247250105194,23.695247250105194,12.877465474504248
crowding_seed1,ST-MTM,13,B,63.57954545454545,657.421875,58.34457096583789,58.34457096583789,8.190768856232296
crowding_seed1,ST-MTM,13,C,71.575,791.015625,94.57099088478479,94.57099088478479,9.855203169263461
crowding_seed1,ST-MTM,14,A,55.9522804054054,1040.625,23.783154176775422,23.783154176775422,12.910208039492247
crowding_seed1,ST-MTM,14,B,63.76002673796791,657.421875,58.27312796413893,58.27312796413893,8.15611116008462
crowding_seed1,ST-MTM,14,C,71.70630530973452,794.53125,94.55452695981351,94.55452695981351,9.857118300423139
crowding_seed1,ST-MTM,15,A,56.38392857142857,1033.59375,23.813578916561525,23.813578916561525,12.914049183238639
crowding_seed1,ST-MTM,15,B,63.971774193548384,653.90625,58.322225549310694,58.322225549310694,8.170112748579541
crowding_seed1,ST-MTM,15,C,71.84430803571429,787.5,94.47500463485565,94.47500463485565,9.839275568181819
crowding_seed1,ST-MTM,16,A,56.864442567567565,1040.625,23.851636711318573,23.851636711318573,12.946729137199434
crowding_seed1,ST-MTM,16,B,64.47745901639344,643.359375,58.237482013835034,58.237482013835034,8.004227811173976
crowding_seed1,ST-MTM,16,C,72.08881578947368,801.5625,94.52169037557425,94.52169037557425,9.972480551626603
crowding_seed1,ST-MTM,17,A,57.57203389830509,1037.109375,23.94257442733132,23.94257442733132,12.976406916785209
crowding_seed1,ST-MTM,17,B,64.90149456521739,646.875,58.18830603534536,58.18830603534536,8.093758890469417
crowding_seed1,ST-MTM,17,C,72.53069196428571,787.5,94.47992863805119,94.47992863805119,9.85327169274538
crowding_seed1,ST-MTM,18,A,58.004645270270274,1040.625,23.969905266376635,23.969905266376635,12.92844279661017
crowding_seed1,ST-MTM,18,B,65.26209677419355,653.90625,58.281952655818486,58.281952655818486,8.123953919491527
crowding_seed1,ST-MTM,18,C,72.66869469026548,794.53125,94.35895117853275,94.35895117853275,9.871040783898309
crowding_seed1,ST-MTM,19,A,58.50127551020408,1033.59375,23.930081922866492,23.930081922866492,12.895731382978724
crowding_seed1,ST-MTM,19,B,65.625,650.390625,58.35602523430399,58.35602523430399,8.114660904255317
crowding_seed1,ST-MTM,19,C,72.66869469026548,794.53125,94.32470194355737,94.32470194355737,9.913045212765951
crowding_seed1,ST-MTM,20,A,59.17729591836735,1033.59375,23.947493479755032,23.947493479755032,12.914049183238639
crowding_seed1,ST-MTM,20,B,65.75675675675676,650.390625,58.407996556753154,58.407996556753154,8.126187411221593
crowding_seed1,ST-MTM,20,C,72.925,791.015625,94.25531906421968,94.25531906421968,9.88320090553978
crowding_seed1,RA-MTM,0,A,48.42094370860927,1061.71875,47.42094370860927,47.337042655837536,12.740625
crowding_seed1,RA-MTM,0,B,58.80681818181818,696.09375,58.30001660306582,58.383917655837536,8.353125
crowding_seed1,RA-MTM,0,C,69.38304721030043,819.140625,70.38304721030043,70.38304721030042,9.8296875
crowding_seed1,RA-MTM,1,A,48.88795986622073,1051.171875,47.88795986622073,47.837514109490904,12.614062500000001
crowding_seed1,RA-MTM,1,B,59.21153846153846,685.546875,58.70738085276109,58.757826609490905,8.2265625
crowding_seed1,RA-MTM,1,C,69.60836909871244,819.140625,70.60836909871244,70.60836909871244,9.8296875
crowding_seed1,RA-MTM,2,A,49.40190397350993,1061.71875,48.40190397350993,48.23154496797992,12.740625
crowding_seed1,RA-MTM,2,B,59.58653846153846,685.546875,59.044779712449916,59.21513871797992,8.2265625
crowding_seed1,RA-MTM,2,C,69.70779220779221,812.109375,70.70779220779221,70.70779220779222,9.7453125
crowding_seed1,RA-MTM,3,A,49.96504934210526,1068.75,48.96504934210526,48.664081474609,12.825000000000001
crowding_seed1,RA-MTM,3,B,59.931994818652846,678.515625,59.34670735711274,59.647675224608996,8.1421875
crowding_seed1,RA-MTM,3,C,70.16489361702128,826.171875,71.16489361702128,71.16489361702126,9.9140625
crowding_seed1,RA-MTM,4,A,50.504645270270274,1040.625,49.504645270270274,49.145838284583206,12.4875
crowding_seed1,RA-MTM,4,B,60.17670157068063,671.484375,59.55968754889612,59.91849453458321,8.0578125
crowding_seed1,RA-MTM,4,C,70.16489361702128,826.171875,71.16489361702128,71.16489361702129,9.9140625
crowding_seed1,RA-MTM,5,A,50.97457627118644,1037.109375,49.97457627118644,49.64834409001367,12.4453125
crowding_seed1,RA-MTM,5,B,60.473684210526315,667.96875,60.05258065884088,60.37881284001367,8.015625
crowding_seed1,RA-MTM,5,C,70.60572687224669,798.046875,71.60572687224669,71.60572687224672,9.5765625
crowding_seed1,RA-MTM,6,A,51.5625,1068.75,50.5625,50.09060585717901,12.825000000000001
crowding_seed1,RA-MTM,6,B,61.014819587628864,682.03125,60.623399214358,61.095293357179,8.184375
crowding_seed1,RA-MTM,6,C,70.79570484581498,798.046875,71.79570484581498,71.79570484581501,9.5765625
crowding_seed1,RA-MTM,7,A,52.232142857142854,1058.203125,51.232142857142854,50.58850915077826,12.6984375
crowding_seed1,RA-MTM,7,B,61.32692307692308,685.546875,60.907375444413674,61.551009150778256,8.2265625
crowding_seed1,RA-MTM,7,C,70.85526315789474,801.5625,71.85526315789474,71.85526315789475,9.61875
crowding_seed1,RA-MTM,8,A,52.601694915254235,1037.109375,51.601694915254235,51.05285245389801,12.4453125
crowding_seed1,RA-MTM,8,B,61.75595238095238,664.453125,61.2133849925418,61.762227453898014,7.9734375
crowding_seed1,RA-MTM,8,C,71.11019736842105,801.5625,72.11019736842105,72.11019736842104,9.61875
crowding_seed1,RA-MTM,9,A,53.17550505050505,1044.140625,52.17550505050505,51.45402550841961,12.5296875
crowding_seed1,RA-MTM,9,B,61.99404761904762,664.453125,61.48410846633417,62.20558800841961,7.9734375
crowding_seed1,RA-MTM,9,C,71.25,815.625,72.25,72.24999999999997,9.7875
crowding_seed1,RA-MTM,10,A,53.758389261744966,1047.65625,52.758389261744966,51.86668506435406,12.571875
crowding_seed1,RA-MTM,10,B,62.27748691099477,671.484375,61.78887662250925,62.68152881435406,8.0578125
crowding_seed1,RA-MTM,10,C,71.25,815.625,72.25,72.25031614886045,9.7875
crowding_seed1,RA-MTM,11,A,54.254645270270274,1040.625,53.254645270270274,52.32485634966327,12.4875
crowding_seed1,RA-MTM,11,B,62.74342105263158,667.96875,62.203063233565324,63.07641884966327,8.015625
crowding_seed1,RA-MTM,11,C,71.31607929515418,798.046875,72.31607929515418,72.37251259966327,9.5765625
crowding_seed1,RA-MTM,12,A,54.75127551020408,1033.59375,53.75127551020408,52.7915123561738,12.403125000000001
crowding_seed1,RA-MTM,12,B,63.070945945945944,650.390625,62.52951155831731,63.3954186061738,7.8046875
crowding_seed1,RA-MTM,12,C,71.45,791.015625,72.45,72.5438561061738,9.4921875
crowding_seed1,RA-MTM,13,A,55.3125,1033.59375,54.3125,53.136870941633326,12.403125000000001
crowding_seed1,RA-MTM,13,B,63.57954545454545,657.421875,63.0059253249,63.782964691633325,7.8890625000000005
crowding_seed1,RA-MTM,13,C,71.575,791.015625,72.575,72.97358969163332,9.4921875
crowding_seed1,RA-MTM,14,A,55.9522804054054,1040.625,54.9522804054054,53.430522733421704,12.4875
crowding_seed1,RA-MTM,14,B,63.76002673796791,657.421875,63.2212637351252,64.1188039834217,7.8890625000000005
crowding_seed1,RA-MTM,14,C,71.70630530973452,794.53125,72.70630530973452,73.3305227334217,9.534375
crowding_seed1,RA-MTM,15,A,56.38392857142857,1033.59375,55.38392857142857,53.78941210391294,12.403125000000001
crowding_seed1,RA-MTM,15,B,63.971774193548384,653.90625,63.53843720728746,64.41441210391294,7.846875
crowding_seed1,RA-MTM,15,C,71.84430803571429,787.5,72.84430803571429,73.56284960391294,9.450000000000001
crowding_seed1,RA-MTM,16,A,56.864442567567565,1040.625,55.864442567567565,54.1538054790678,12.4875
crowding_seed1,RA-MTM,16,B,64.47745901639344,643.359375,63.88550298850896,64.7577117290678,7.7203125
crowding_seed1,RA-MTM,16,C,72.08881578947368,801.5625,73.08881578947368,73.9272429790678,9.61875
crowding_seed1,RA-MTM,17,A,57.57203389830509,1037.109375,56.57203389830509,54.7091672376509,12.4453125
crowding_seed1,RA-MTM,17,B,64.90149456521739,646.875,64.33883835036198,65.31307348765091,7.7625
crowding_seed1,RA-MTM,17,C,72.53069196428571,787.5,73.53069196428571,74.4193234876509,9.450000000000001
crowding_seed1,RA-MTM,18,A,58.004645270270274,1040.625,57.004645270270274,54.96895063544779,12.4875
crowding_seed1,RA-MTM,18,B,65.26209677419355,653.90625,64.75851194580758,65.6361381354478,7.846875
crowding_seed1,RA-MTM,18,C,72.66869469026548,794.53125,73.66869469026548,74.82676313544779,9.534375
crowding_seed1,RA-MTM,19,A,58.50127551020408,1033.59375,57.44045385023479,55.305030516298494,12.403125000000001
crowding_seed1,RA-MTM,19,B,65.625,650.390625,65.12246509842592,65.9089367662985,7.8046875
crowding_seed1,RA-MTM,19,C,72.66869469026548,794.53125,73.72951635023477,75.0784680162985,9.534375
crowding_seed1,RA-MTM,20,A,59.17729591836735,1033.59375,57.91189014668366,55.74499866958823,12.403125000000001
crowding_seed1,RA-MTM,20,B,65.75675675675676,650.390625,65.48895009039735,66.34890491958822,7.8046875
crowding_seed1,RA-MTM,20,C,72.925,791.015625,74.19040577168369,75.49734241958822,9.4921875
crowding_seed2,TMTM,0,A,47.73125,1054.6875,51.02949989375961,51.04370443921416,8.522727272727272
crowding_seed2,TMTM,0,B,60.564320388349515,724.21875,58.24540898466871,58.25961353012325,5.8522727272727275
crowding_seed2,TMTM,0,C,70.36111111111111,949.21875,69.38177262103234,69.39597716648689,7.670454545454545
crowding_seed2,TMTM,1,A,48.50431034482759,1019.53125,51.05790898466871,51.07211353012325,8.238636363636363
crowding_seed2,TMTM,1,B,60.76829268292683,720.703125,58.13177262103234,58.13177262103234,5.823863636363636
crowding_seed2,TMTM,1,C,70.41974169741698,952.734375,69.4954089846687,69.4954089846687,7.698863636363636
crowding_seed2,TMTM,2,A,48.75,1030.078125,51.05790898466871,51.05790898466871,8.323863636363637
crowding_seed2,TMTM,2,B,61.130514705882355,717.1875,58.13177262103234,58.14597716648689,5.795454545454545
crowding_seed2,TMTM,2,C,70.4779411764706,956.25,69.4954089846687,69.50961353012325,7.727272727272727
crowding_seed2,TMTM,3,A,49.4125,1054.6875,51.08631807557779,51.10052262103234,8.522727272727272
crowding_seed2,TMTM,3,B,61.39705882352941,717.1875,58.27381807557779,58.28802262103234,5.795454545454545
crowding_seed2,TMTM,3,C,70.66666666666667,949.21875,69.41018171194143,69.42438625739598,7.670454545454545
crowding_seed2,TMTM,4,A,50.05546075085324,1030.078125,51.17154534830507,51.17154534830507,8.323863636363637
crowding_seed2,TMTM,4,B,61.69597989949749,699.609375,58.18859080285052,58.18859080285052,5.653409090909091
crowding_seed2,TMTM,4,C,70.87919776119404,942.1875,69.35336353012325,69.3675680755778,7.613636363636363
crowding_seed2,TMTM,5,A,50.605736301369866,1026.5625,51.19995443921416,51.21415898466871,8.295454545454545
crowding_seed2,TMTM,5,B,62.09390862944162,692.578125,58.18859080285052,58.18859080285052,5.596590909090909
crowding_seed2,TMTM,5,C,71.03230337078652,938.671875,69.26813625739598,69.26813625739598,7.5852272727272725
crowding_seed2,TMTM,6,A,50.89939024390244,1008.984375,51.28518171194143,51.28518171194143,8.15340909090909
crowding_seed2,TMTM,6,B,62.41206030150754,699.609375,58.21699989375961,58.21699989375961,5.653409090909091
crowding_seed2,TMTM,6,C,71.29293893129771,921.09375,69.23972716648689,69.25393171194143,7.443181818181818
crowding_seed2,TMTM,7,A,51.74744897959184,1033.59375,51.14313625739598,51.15734080285052,8.352272727272727
crowding_seed2,TMTM,7,B,62.771341463414636,720.703125,58.27381807557779,58.27381807557779,5.823863636363636
crowding_seed2,TMTM,7,C,71.49239543726236,924.609375,69.2113180755778,69.2113180755778,7.471590909090909
crowding_seed2,TMTM,8,A,52.422680412371136,1023.046875,51.25677262103234,51.25677262103234,8.267045454545455
crowding_seed2,TMTM,8,B,63.234375,703.125,58.24540898466871,58.25961353012325,5.681818181818182
crowding_seed2,TMTM,8,C,71.73479087452472,924.609375,69.23972716648689,69.23972716648689,7.471590909090909
crowding_seed2,TMTM,9,A,52.70252613240418,1008.984375,51.31359080285052,51.31359080285052,8.15340909090909
crowding_seed2,TMTM,9,B,63.59455958549223,678.515625,58.16018171194143,58.16018171194143,5.482954545454545
crowding_seed2,TMTM,9,C,71.87971698113208,931.640625,69.35336353012325,69.35336353012325,7.528409090909091
crowding_seed2,TMTM,10,A,53.2673487544484,987.890625,51.34199989375961,51.34199989375961,7.982954545454545
crowding_seed2,TMTM,10,B,63.76943005181347,678.515625,58.10336353012325,58.10336353012325,5.482954545454545
crowding_seed2,TMTM,10,C,72.04134980988593,924.609375,69.32495443921415,69.32495443921415,7.471590909090909
crowding_seed2,TMTM,11,A,54.10060975609756,1008.984375,51.25677262103234,51.25677262103234,8.15340909090909
crowding_seed2,TMTM,11,B,64.0576923076923,685.546875,58.13177262103234,58.13177262103234,5.5397727272727275
crowding_seed2,TMTM,11,C,72.1875,935.15625,69.23972716648689,69.25393171194143,7.556818181818182
crowding_seed2,TMTM,12,A,54.43318965517241,1019.53125,51.22836353012325,51.24256807557779,8.238636363636363
crowding_seed2,TMTM,12,B,64.30203045685279,692.578125,58.18859080285052,58.18859080285052,5.596590909090909
crowding_seed2,TMTM,12,C,72.1875,935.15625,69.1544998937596,69.16870443921415,7.556818181818182
crowding_seed2,TMTM,13,A,54.89732142857143,984.375,51.39881807557779,51.41302262103234,7.954545454545454
crowding_seed2,TMTM,13,B,64.6875,667.96875,58.10336353012325,58.11756807557779,5.3977272727272725
crowding_seed2,TMTM,13,C,72.33477011494253,917.578125,69.09768171194143,69.09768171194143,7.414772727272727
crowding_seed2,TMTM,14,A,55.72767857142857,984.375,51.42722716648689,51.44143171194143,7.954545454545454
crowding_seed2,TMTM,14,B,65.2734375,675.0,58.16018171194143,58.17438625739598,5.454545454545454
crowding_seed2,TMTM,14,C,72.49273255813954,907.03125,69.06927262103234,69.08347716648689,7.329545454545454
crowding_seed2,TMTM,15,A,56.106770833333336,1012.5,51.42722716648689,51.44143171194143,8.181818181818182
crowding_seed2,TMTM,15,B,65.48828125,675.0,58.27381807557779,58.28802262103234,5.454545454545454
crowding_seed2,TMTM,15,C,72.5537109375,900.0,69.1544998937596,69.16870443921415,7.2727272727272725
crowding_seed2,TMTM,16,A,56.53947368421053,1001.953125,51.45563625739598,51.45563625739598,8.096590909090908
crowding_seed2,TMTM,16,B,65.76171875,675.0,58.24540898466871,58.25961353012325,5.454545454545454
crowding_seed2,TMTM,16,C,72.61429961089495,903.515625,69.2113180755778,69.2113180755778,7.301136363636363
crowding_seed2,TMTM,17,A,57.24545454545454,966.796875,51.48404534830507,51.48404534830507,7.8125
crowding_seed2,TMTM,17,B,65.99598930481284,657.421875,58.07495443921416,58.07495443921416,5.3125
crowding_seed2,TMTM,17,C,72.90057915057915,910.546875,69.1829089846687,69.1829089846687,7.357954545454545
crowding_seed2,TMTM,18,A,57.84673144876325,994.921875,51.51245443921416,51.51245443921416,8.039772727272727
crowding_seed2,TMTM,18,B,66.43145161290323,653.90625,58.18859080285052,58.20279534830507,5.284090909090909
crowding_seed2,TMTM,18,C,73.125,907.03125,69.09768171194143,69.11188625739598,7.329545454545454
crowding_seed2,TMTM,19,A,58.38068181818182,1005.46875,51.56927262103234,51.58347716648689,8.125
crowding_seed2,TMTM,19,B,66.78427419354838,653.90625,58.30222716648689,58.31643171194143,5.284090909090909
crowding_seed2,TMTM,19,C,73.41403162055336,889.453125,69.06927262103234,69.06927262103234,7.1875
crowding_seed2,TMTM,20,A,58.98777173913044,970.3125,51.51245443921416,51.52665898466871,7.840909090909091
crowding_seed2,TMTM,20,B,67.30263157894737,667.96875,58.16018171194143,58.17438625739598,5.3977272727272725
crowding_seed2,TMTM,20,C,73.5251976284585,889.453125,69.06927262103234,69.06927262103234,7.1875
crowding_seed2,ST-MTM,0,A,47.73125,1054.6875,22.78921065282728,22.78921065282728,12.65625
crowding_seed2,ST-MTM,0,B,60.564320388349515,724.21875,58.228342098600365,58.228342098600365,8.690624999999997
crowding_seed2,ST-MTM,0,C,70.36111111111111,949.21875,97.63912874803299,97.63912874803299,11.390625
crowding_seed2,ST-MTM,1,A,48.50431034482759,1019.53125,22.9372523383789,22.9372523383789,12.394092689295043
crowding_seed2,ST-MTM,1,B,60.76829268292683,720.703125,58.187157568878185,58.187157568878185,8.76134138381201
crowding_seed2,ST-MTM,1,C,70.41974169741698,952.734375,97.53227159220357,97.53227159220357,11.582065926892938
crowding_seed2,ST-MTM,2,A,48.75,1030.078125,22.999116485853843,22.999116485853843,12.473455786736018
crowding_seed2,ST-MTM,2,B,61.130514705882355,717.1875,58.2128492188644,58.2128492188644,8.684590377113139
crowding_seed2,ST-MTM,2,C,70.4779411764706,956.25,97.44471579474242,97.44471579474242,11.579453836150833
crowding_seed2,ST-MTM,3,A,49.4125,1054.6875,23.041199885829894,23.041199885829894,12.688953488372093
crowding_seed2,ST-MTM,3,B,61.39705882352941,717.1875,58.22749827337668,58.22749827337668,8.628488372093017
crowding_seed2,ST-MTM,3,C,70.66666666666667,949.21875,97.3879833402541,97.3879833402541,11.420058139534888
crowding_seed2,ST-MTM,4,A,50.05546075085324,1030.078125,23.061876655077068,23.061876655077068,12.621167763157892
crowding_seed2,ST-MTM,4,B,61.69597989949749,699.609375,58.16206840433446,58.16206840433446,8.572055921052637
crowding_seed2,ST-MTM,4,C,70.87919776119404,942.1875,97.43273644004913,97.43273644004913,11.54427631578946
crowding_seed2,ST-MTM,5,A,50.605736301369866,1026.5625,23.24846445714818,23.24846445714818,12.644642857142856
crowding_seed2,ST-MTM,5,B,62.09390862944162,692.578125,58.10586654364372,58.10586654364372,8.530803571428564
crowding_seed2,ST-MTM,5,C,71.03230337078652,938.671875,97.30235049866877,97.30235049866877,11.562053571428578
crowding_seed2,ST-MTM,6,A,50.89939024390244,1008.984375,23.228016365206997,23.228016365206997,12.561046122994654
crowding_seed2,ST-MTM,6,B,62.41206030150754,699.609375,58.23089897475773,58.23089897475773,8.709575534759352
crowding_seed2,ST-MTM,6,C,71.29293893129771,921.09375,97.19776615949596,97.19776615949596,11.466878342245991
crowding_seed2,ST-MTM,7,A,51.74744897959184,1033.59375,23.219318701271494,23.219318701271494,12.631003937007868
crowding_seed2,ST-MTM,7,B,62.771341463414636,720.703125,58.23860931463243,58.23860931463243,8.807332677165348
crowding_seed2,ST-MTM,7,C,71.49239543726236,924.609375,97.19875348355677,97.19875348355677,11.299163385826773
crowding_seed2,ST-MTM,8,A,52.422680412371136,1023.046875,23.373082637093933,23.373082637093933,12.634764588859419
crowding_seed2,ST-MTM,8,B,63.234375,703.125,58.125665552626536,58.125665552626536,8.683687002652519
crowding_seed2,ST-MTM,8,C,71.73479087452472,924.609375,97.15793330974022,97.15793330974022,11.419048408488067
crowding_seed2,ST-MTM,9,A,52.70252613240418,1008.984375,23.328690733811243,23.328690733811243,12.611627516778519
crowding_seed2,ST-MTM,9,B,63.59455958549223,678.515625,58.122703247114885,58.122703247114885,8.480989932885905
crowding_seed2,ST-MTM,9,C,71.87971698113208,931.640625,97.20528751853455,97.20528751853455,11.64488255033558
crowding_seed2,ST-MTM,10,A,53.2673487544484,987.890625,23.481318317205016,23.481318317205016,12.482004748982362
crowding_seed2,ST-MTM,10,B,63.76943005181347,678.515625,58.11782362171729,58.11782362171729,8.573049525101766
crowding_seed2,ST-MTM,10,C,72.04134980988593,924.609375,97.05753956053836,97.05753956053836,11.68244572591587
crowding_seed2,ST-MTM,11,A,54.10060975609756,1008.984375,23.584802643286906,23.584802643286906,12.561046122994654
crowding_seed2,ST-MTM,11,B,64.0576923076923,685.546875,58.05658237572129,58.05658237572129,8.53450868983957
crowding_seed2,ST-MTM,11,C,72.1875,935.15625,97.01529648045246,97.01529648045246,11.641945187165788
crowding_seed2,ST-MTM,12,A,54.43318965517241,1019.53125,23.585372123547916,23.585372123547916,12.608067729083665
crowding_seed2,ST-MTM,12,B,64.30203045685279,692.578125,58.12451282794315,58.12451282794315,8.564790836653387
crowding_seed2,ST-MTM,12,C,72.1875,935.15625,96.9467965479696,96.9467965479696,11.564641434262938
crowding_seed2,ST-MTM,13,A,54.89732142857143,984.375,23.66547858015789,23.66547858015789,12.53967168262654
crowding_seed2,ST-MTM,13,B,64.6875,667.96875,58.139428671036406,58.139428671036406,8.509062927496572
crowding_seed2,ST-MTM,13,C,72.33477011494253,917.578125,96.85177424826635,96.85177424826635,11.688765389876892
crowding_seed2,ST-MTM,14,A,55.72767857142857,984.375,23.73294539761146,23.73294539761146,12.55684931506849
crowding_seed2,ST-MTM,14,B,65.2734375,675.0,58.16028065159373,58.16028065159373,8.610410958904112
crowding_seed2,ST-MTM,14,C,72.49273255813954,907.03125,96.76345545025546,96.76345545025546,11.57023972602741
crowding_seed2,ST-MTM,15,A,56.106770833333336,1012.5,23.727222050607427,23.727222050607427,12.810326086956522
crowding_seed2,ST-MTM,15,B,65.48828125,675.0,58.17891465611715,58.17891465611715,8.540217391304353
crowding_seed2,ST-MTM,15,C,72.5537109375,900.0,96.7505447927361,96.7505447927361,11.386956521739137
crowding_seed2,ST-MTM,16,A,56.53947368421053,1001.953125,23.82715277696731,23.82715277696731,12.711427111716617
crowding_seed2,ST-MTM,16,B,65.76171875,675.0,58.15975337712413,58.15975337712413,8.56348773841961
crowding_seed2,ST-MTM,16,C,72.61429961089495,903.515625,96.66977534536923,96.66977534536923,11.46258514986377
crowding_seed2,ST-MTM,17,A,57.24545454545454,966.796875,23.842447713623088,23.842447713623088,12.486563800277395
crowding_seed2,ST-MTM,17,B,65.99598930481284,657.421875,58.083581484603194,58.083581484603194,8.490863384188629
crowding_seed2,ST-MTM,17,C,72.90057915057915,910.546875,96.73065230123439,96.73065230123439,11.760072815533988
crowding_seed2,ST-MTM,18,A,57.84673144876325,994.921875,23.871264426292903,23.871264426292903,12.743758596973862
crowding_seed2,ST-MTM,18,B,66.43145161290323,653.90625,58.095654035292846,58.095654035292846,8.375756533700141
crowding_seed2,ST-MTM,18,C,73.125,907.03125,96.6897630378749,96.6897630378749,11.617984869325994
crowding_seed2,ST-MTM,19,A,58.38068181818182,1005.46875,23.921696405218693,23.921696405218693,12.914379310344827
crowding_seed2,ST-MTM,19,B,66.78427419354838,653.90625,58.07915217284364,58.07915217284364,8.398862068965514
crowding_seed2,ST-MTM,19,C,73.41403162055336,889.453125,96.65583292139833,96.65583292139833,11.424258620689642
crowding_seed2,ST-MTM,20,A,58.98777173913044,970.3125,24.011873604417307,24.011873604417307,12.566828929068151
crowding_seed2,ST-MTM,20,B,67.30263157894737,667.96875,58.075373120380554,58.075373120380554,8.651077885952716
crowding_seed2,ST-MTM,20,C,73.5251976284585,889.453125,96.5694347746628,96.5694347746628,11.51959318497913
crowding_seed2,RA-MTM,0,A,47.73125,1054.6875,46.73125,46.731249999999996,12.65625
crowding_seed2,RA-MTM,0,B,60.564320388349515,724.21875,59.564320388349515,59.564320388349515,8.690625
crowding_seed2,RA-MTM,0,C,70.36111111111111,949.21875,71.36111111111111,71.36111111111111,11.390625
crowding_seed2,RA-MTM,1,A,48.50431034482759,1019.53125,47.50431034482759,47.50431034482758,12.234375
crowding_seed2,RA-MTM,1,B,60.76829268292683,720.703125,59.76829268292683,59.76829268292683,8.6484375
crowding_seed2,RA-MTM,1,C,70.41974169741698,952.734375,71.41974169741698,71.41974169741698,11.4328125
crowding_seed2,RA-MTM,2,A,48.75,1030.078125,47.75,47.74999999999999,12.3609375
crowding_seed2,RA-MTM,2,B,61.130514705882355,717.1875,60.130514705882355,60.130514705882355,8.606250000000001
crowding_seed2,RA-MTM,2,C,70.4779411764706,956.25,71.4779411764706,71.47794117647061,11.475
crowding_seed2,RA-MTM,3,A,49.4125,1054.6875,48.4125,48.412499999999994,12.65625
crowding_seed2,RA-MTM,3,B,61.39705882352941,717.1875,60.39705882352941,60.39705882352941,8.606250000000001
crowding_seed2,RA-MTM,3,C,70.66666666666667,949.21875,71.66666666666667,71.66666666666667,11.390625
crowding_seed2,RA-MTM,4,A,50.05546075085324,1030.078125,49.05546075085324,49.05546075085326,12.3609375
crowding_seed2,RA-MTM,4,B,61.69597989949749,699.609375,60.69597989949749,60.695979899497495,8.3953125
crowding_seed2,RA-MTM,4,C,70.87919776119404,942.1875,71.87919776119404,71.87919776119404,11.30625
crowding_seed2,RA-MTM,5,A,50.605736301369866,1026.5625,49.605736301369866,49.605736301369866,12.31875
crowding_seed2,RA-MTM,5,B,62.09390862944162,692.578125,61.09390862944162,61.09390862944162,8.3109375
crowding_seed2,RA-MTM,5,C,71.03230337078652,938.671875,72.03230337078652,72.03230337078652,11.2640625
crowding_seed2,RA-MTM,6,A,50.89939024390244,1008.984375,49.89939024390244,49.899390243902445,12.1078125
crowding_seed2,RA-MTM,6,B,62.41206030150754,699.609375,61.41206030150754,61.41206030150754,8.3953125
crowding_seed2,RA-MTM,6,C,71.29293893129771,921.09375,72.29293893129771,72.2929389312977,11.053125
crowding_seed2,RA-MTM,7,A,51.74744897959184,1033.59375,50.74744897959184,50.74650459650323,12.403125000000001
crowding_seed2,RA-MTM,7,B,62.771341463414636,720.703125,61.771341463414636,61.77228584650323,8.6484375
crowding_seed2,RA-MTM,7,C,71.49239543726236,924.609375,72.49239543726236,72.49239543726236,11.0953125
crowding_seed2,RA-MTM,8,A,52.422680412371136,1023.046875,51.422680412371136,51.40001208118558,12.2765625
crowding_seed2,RA-MTM,8,B,63.234375,703.125,62.234375,62.25704333118558,8.4375
crowding_seed2,RA-MTM,8,C,71.73479087452472,924.609375,72.73479087452472,72.73479087452473,11.0953125
crowding_seed2,RA-MTM,9,A,52.70252613240418,1008.984375,51.70252613240418,51.70252613240418,12.1078125
crowding_seed2,RA-MTM,9,B,63.59455958549223,678.515625,62.59455958549223,62.59455958549222,8.1421875
crowding_seed2,RA-MTM,9,C,71.87971698113208,931.640625,72.87971698113208,72.87971698113208,11.1796875
crowding_seed2,RA-MTM,10,A,53.2673487544484,987.890625,52.2673487544484,52.267348754448406,11.8546875
crowding_seed2,RA-MTM,10,B,63.76943005181347,678.515625,62.76943005181347,62.76943005181348,8.1421875
crowding_seed2,RA-MTM,10,C,72.04134980988593,924.609375,73.04134980988593,73.04134980988593,11.0953125
crowding_seed2,RA-MTM,11,A,54.10060975609756,1008.984375,53.10060975609756,52.595736104596625,12.1078125
crowding_seed2,RA-MTM,11,B,64.0576923076923,685.546875,63.05769230769231,63.26292360459663,8.2265625
crowding_seed2,RA-MTM,11,C,72.1875,935.15625,73.1875,73.48714235459663,11.221875
crowding_seed2,RA-MTM,12,A,54.43318965517241,1019.53125,53.43318965517241,52.703667120675064,12.234375
crowding_seed2,RA-MTM,12,B,64.30203045685279,692.578125,63.30203045685279,63.47632337067507,8.3109375
crowding_seed2,RA-MTM,12,C,72.1875,935.15625,73.1875,73.74272962067506,11.221875
crowding_seed2,RA-MTM,13,A,54.89732142857143,984.375,53.89732142857143,53.35939509783799,11.8125
crowding_seed2,RA-MTM,13,B,64.6875,667.96875,63.6875,63.77345759783799,8.015625
crowding_seed2,RA-MTM,13,C,72.33477011494253,917.578125,73.33477011494253,73.78673884783798,11.0109375
crowding_seed2,RA-MTM,14,A,55.72767857142857,984.375,54.72767857142857,53.86305370985603,11.8125
crowding_seed2,RA-MTM,14,B,65.2734375,675.0,64.2734375,64.31930370985603,8.1
crowding_seed2,RA-MTM,14,C,72.49273255813954,907.03125,73.49273255813954,74.31149120985603,10.884375
crowding_seed2,RA-MTM,15,A,56.106770833333336,1012.5,55.106770833333336,53.98292100694445,12.15
crowding_seed2,RA-MTM,15,B,65.48828125,675.0,64.48828125,64.60792100694445,8.1
crowding_seed2,RA-MTM,15,C,72.5537109375,900.0,73.5537109375,74.55792100694445,10.8
crowding_seed2,RA-MTM,16,A,56.53947368421053,1001.953125,55.53947368421053,54.27365359836848,12.0234375
crowding_seed2,RA-MTM,16,B,65.76171875,675.0,64.76171875,64.83537234836848,8.1
crowding_seed2,RA-MTM,16,C,72.61429961089495,903.515625,73.61429961089495,74.80646609836849,10.8421875
crowding_seed2,RA-MTM,17,A,57.24545454545454,966.796875,56.24545454545454,54.91452850028217,11.6015625
crowding_seed2,RA-MTM,17,B,65.99598930481284,657.421875,64.99598930481284,65.15984100028217,7.8890625000000005
crowding_seed2,RA-MTM,17,C,72.90057915057915,910.546875,73.90057915057915,75.06765350028216,10.926562500000001
crowding_seed2,RA-MTM,18,A,57.84673144876325,994.921875,56.84673144876325,55.250540187222164,11.9390625
crowding_seed2,RA-MTM,18,B,66.43145161290323,653.90625,65.43145161290323,65.64350893722217,7.846875
crowding_seed2,RA-MTM,18,C,73.125,907.03125,74.125,75.50913393722216,10.884375
crowding_seed2,RA-MTM,19,A,58.38068181818182,1005.46875,57.38068181818182,55.63544379409453,12.065625
crowding_seed2,RA-MTM,19,B,66.78427419354838,653.90625,65.78427419354838,66.09169379409452,7.846875
crowding_seed2,RA-MTM,19,C,73.41403162055336,889.453125,74.41403162055336,75.85185004409452,10.6734375
crowding_seed2,RA-MTM,20,A,58.98777173913044,970.3125,57.95902374629446,56.094315567900104,11.64375
crowding_seed2,RA-MTM,20,B,67.30263157894737,667.96875,66.2738835861114,66.4240030679001,8.015625
crowding_seed2,RA-MTM,20,C,73.5251976284585,889.453125,74.55394562129447,76.2685343179001,10.6734375
crowding_seed3,TMTM,0,A,47.215401785714285,1181.25,50.398287235837635,50.41249178129218,9.545454545454545
crowding_seed3,TMTM,0,B,60.391666666666666,791.015625,58.409650872201276,58.409650872201276,6.392045454545454
crowding_seed3,TMTM,0,C,69.04233870967742,871.875,67.84146905401946,67.85567359947399,7.045454545454545
crowding_seed3,TMTM,1,A,47.85,1142.578125,50.54033269038309,50.54033269038309,9.232954545454545
crowding_seed3,TMTM,1,B,60.75688073394495,766.40625,58.26760541765582,58.28180996311036,6.193181818181818
crowding_seed3,TMTM,1,C,69.27591463414635,864.84375,67.84146905401946,67.85567359947399,6.988636363636363
crowding_seed3,TMTM,2,A,48.41169724770642,1149.609375,50.54033269038309,50.54033269038309,9.289772727272727
crowding_seed3,TMTM,2,B,61.070205479452056,769.921875,58.324423599474,58.324423599474,6.221590909090909
crowding_seed3,TMTM,2,C,69.4672131147541,857.8125,67.69942359947399,67.71362814492855,6.931818181818182
crowding_seed3,TMTM,3,A,48.98016467065868,1174.21875,50.511923599474,50.52612814492855,9.488636363636363
crowding_seed3,TMTM,3,B,61.36824324324324,780.46875,58.43805996311036,58.45226450856491,6.306818181818182
crowding_seed3,TMTM,3,C,69.64506172839506,854.296875,67.67101450856492,67.67101450856492,6.903409090909091
crowding_seed3,TMTM,4,A,49.607469512195124,1153.125,50.511923599474,50.52612814492855,9.318181818181818
crowding_seed3,TMTM,4,B,61.73011363636363,773.4375,58.324423599474,58.33862814492855,6.25
crowding_seed3,TMTM,4,C,69.84948979591837,861.328125,67.69942359947399,67.69942359947399,6.9602272727272725
crowding_seed3,TMTM,5,A,49.969040247678016,1135.546875,50.54033269038309,50.54033269038309,9.176136363636363
crowding_seed3,TMTM,5,B,62.05813953488372,755.859375,58.210787235837635,58.210787235837635,6.107954545454545
crowding_seed3,TMTM,5,C,70.01764112903226,871.875,67.69942359947399,67.71362814492855,7.045454545454545
crowding_seed3,TMTM,6,A,50.625,1156.640625,50.48351450856491,50.48351450856491,9.346590909090908
crowding_seed3,TMTM,6,B,62.505760368663594,762.890625,58.26760541765582,58.26760541765582,6.164772727272727
crowding_seed3,TMTM,6,C,70.16683266932272,882.421875,67.75624178129218,67.75624178129218,7.130681818181818
crowding_seed3,TMTM,7,A,51.29954268292683,1153.125,50.511923599474,50.52612814492855,9.318181818181818
crowding_seed3,TMTM,7,B,62.708333333333336,759.375,58.26760541765582,58.28180996311036,6.136363636363636
crowding_seed3,TMTM,7,C,70.3125,878.90625,67.81305996311036,67.82726450856492,7.102272727272727
crowding_seed3,TMTM,8,A,51.71389751552795,1132.03125,50.511923599474,50.52612814492855,9.147727272727272
crowding_seed3,TMTM,8,B,62.916666666666664,759.375,58.18237814492855,58.19658269038309,6.136363636363636
crowding_seed3,TMTM,8,C,70.515,878.90625,67.75624178129218,67.77044632674674,7.102272727272727
crowding_seed3,TMTM,9,A,52.27360681114551,1135.546875,50.62555996311036,50.62555996311036,9.176136363636363
crowding_seed3,TMTM,9,B,63.316627358490564,745.3125,58.23919632674673,58.253400872201276,6.0227272727272725
crowding_seed3,TMTM,9,C,70.77551020408163,861.328125,67.61419632674674,67.61419632674674,6.9602272727272725
crowding_seed3,TMTM,10,A,52.994953416149066,1132.03125,50.597150872201276,50.61135541765582,9.147727272727272
crowding_seed3,TMTM,10,B,63.645348837209305,755.859375,58.26760541765582,58.26760541765582,6.107954545454545
crowding_seed3,TMTM,10,C,70.9104938271605,854.296875,67.61419632674674,67.61419632674674,6.903409090909091
crowding_seed3,TMTM,11,A,53.4375,1146.09375,50.653969054019456,50.668173599474,9.261363636363637
crowding_seed3,TMTM,11,B,63.984375,759.375,58.38124178129218,58.39544632674673,6.136363636363636
crowding_seed3,TMTM,11,C,71.0625,843.75,67.58578723583764,67.59999178129218,6.818181818181818
crowding_seed3,TMTM,12,A,53.880046583850934,1132.03125,50.76760541765582,50.78180996311036,9.147727272727272
crowding_seed3,TMTM,12,B,64.39285714285714,738.28125,58.35283269038309,58.367037235837635,5.965909090909091
crowding_seed3,TMTM,12,C,71.12394957983193,836.71875,67.58578723583764,67.59999178129218,6.761363636363636
crowding_seed3,TMTM,13,A,54.76851851851852,1139.0625,50.710787235837635,50.72499178129218,9.204545454545455
crowding_seed3,TMTM,13,B,64.6875,745.3125,58.35283269038309,58.367037235837635,6.0227272727272725
crowding_seed3,TMTM,13,C,71.328125,843.75,67.61419632674674,67.62840087220127,6.818181818181818
crowding_seed3,TMTM,14,A,55.2161214953271,1128.515625,50.710787235837635,50.710787235837635,9.119318181818182
crowding_seed3,TMTM,14,B,64.92629716981132,745.3125,58.29601450856491,58.310219054019456,6.0227272727272725
crowding_seed3,TMTM,14,C,71.4375,843.75,67.72783269038308,67.74203723583764,6.818181818181818
crowding_seed3,TMTM,15,A,55.545419254658384,1132.03125,50.68237814492855,50.69658269038309,9.147727272727272
crowding_seed3,TMTM,15,B,65.24107142857143,738.28125,58.26760541765582,58.28180996311036,5.965909090909091
crowding_seed3,TMTM,15,C,71.5895061728395,854.296875,67.67101450856492,67.67101450856492,6.903409090909091
crowding_seed3,TMTM,16,A,56.25,1139.0625,50.653969054019456,50.668173599474,9.204545454545455
crowding_seed3,TMTM,16,B,65.55390995260663,741.796875,58.29601450856491,58.29601450856491,5.994318181818182
crowding_seed3,TMTM,16,C,71.74180327868852,857.8125,67.52896905401946,67.54317359947399,6.931818181818182
crowding_seed3,TMTM,17,A,56.954580745341616,1132.03125,50.68237814492855,50.69658269038309,9.147727272727272
crowding_seed3,TMTM,17,B,65.93601895734596,741.796875,58.29601450856491,58.29601450856491,5.994318181818182
crowding_seed3,TMTM,17,C,71.8698347107438,850.78125,67.55737814492855,67.57158269038308,6.875
crowding_seed3,TMTM,18,A,57.33889751552795,1132.03125,50.73919632674673,50.753400872201276,9.147727272727272
crowding_seed3,TMTM,18,B,66.26785714285714,738.28125,58.324423599474,58.33862814492855,5.965909090909091
crowding_seed3,TMTM,18,C,72.1875,843.75,67.58578723583764,67.59999178129218,6.818181818181818
crowding_seed3,TMTM,19,A,57.79038461538462,1142.578125,50.710787235837635,50.710787235837635,9.232954545454545
crowding_seed3,TMTM,19,B,66.5625,745.3125,58.35283269038309,58.367037235837635,6.0227272727272725
crowding_seed3,TMTM,19,C,72.3125,843.75,67.50055996311036,67.51476450856492,6.818181818181818
crowding_seed3,TMTM,20,A,58.577786377708975,1135.546875,50.73919632674673,50.73919632674673,9.176136363636363
crowding_seed3,TMTM,20,B,66.85714285714286,738.28125,58.324423599474,58.33862814492855,5.965909090909091
crowding_seed3,TMTM,20,C,72.484375,843.75,67.52896905401946,67.54317359947399,6.818181818181818
crowding_seed3,ST-MTM,0,A,47.215401785714285,1181.25,22.003561530584953,22.003561530584953,14.174999999999999
crowding_seed3,ST-MTM,0,B,60.391666666666666,791.015625,58.70992528582513,58.70992528582513,9.4921875
crowding_seed3,ST-MTM,0,C,69.04233870967742,871.875,95.93592034564827,95.93592034564827,10.462500000000006
crowding_seed3,ST-MTM,1,A,47.85,1142.578125,21.892967769766436,21.892967769766436,14.058489781368822
crowding_seed3,ST-MTM,1,B,60.75688073394495,766.40625,58.802687796463346,58.802687796463346,9.430002376425861
crowding_seed3,ST-MTM,1,C,69.27591463414635,864.84375,95.95375159582858,95.95375159582858,10.641195342205322
crowding_seed3,ST-MTM,2,A,48.41169724770642,1149.609375,22.038303509341237,22.038303509341237,14.127098496835444
crowding_seed3,ST-MTM,2,B,61.070205479452056,769.921875,58.762496178396034,58.762496178396034,9.46126780063291
crowding_seed3,ST-MTM,2,C,69.4672131147541,857.8125,95.8486074743211,95.8486074743211,10.541321202531634
crowding_seed3,ST-MTM,3,A,48.98016467065868,1174.21875,22.146520979308235,22.146520979308235,14.266978254067588
crowding_seed3,ST-MTM,3,B,61.36824324324324,780.46875,58.70017103105523,58.70017103105523,9.482841833541926
crowding_seed3,ST-MTM,3,C,69.64506172839506,854.296875,95.8027151516949,95.8027151516949,10.379867412390496
crowding_seed3,ST-MTM,4,A,49.607469512195124,1153.125,22.13446612225654,22.13446612225654,14.116692938209333
crowding_seed3,ST-MTM,4,B,61.73011363636363,773.4375,58.661210623759196,58.661210623759196,9.468513556116022
crowding_seed3,ST-MTM,4,C,69.84948979591837,861.328125,95.85373041604262,95.85373041604262,10.54448100567464
crowding_seed3,ST-MTM,5,A,49.969040247678016,1135.546875,22.119654508113307,22.119654508113307,14.025304150763361
crowding_seed3,ST-MTM,5,B,62.05813953488372,755.859375,58.65366358217632,58.65366358217632,9.335728769083971
crowding_seed3,ST-MTM,5,C,70.01764112903226,871.875,95.87608907176875,95.87608907176875,10.768654580152685
crowding_seed3,ST-MTM,6,A,50.625,1156.640625,22.19819560755688,22.19819560755688,14.088666483688833
crowding_seed3,ST-MTM,6,B,62.505760368663594,762.890625,58.78141021349466,58.78141021349466,9.292524702007526
crowding_seed3,ST-MTM,6,C,70.16683266932272,882.421875,95.66980134100683,95.66980134100683,10.748496314303651
crowding_seed3,ST-MTM,7,A,51.29954268292683,1153.125,22.264615450443348,22.264615450443348,14.098913727959697
crowding_seed3,ST-MTM,7,B,62.708333333333336,759.375,58.7228154354263,58.7228154354263,9.284650503778337
crowding_seed3,ST-MTM,7,C,70.3125,878.90625,95.66197627618872,95.66197627618872,10.746123268261954
crowding_seed3,ST-MTM,8,A,51.71389751552795,1132.03125,22.257919889808285,22.257919889808285,13.946395145939086
crowding_seed3,ST-MTM,8,B,62.916666666666664,759.375,58.73385684179616,58.73385684179616,9.355345812182748
crowding_seed3,ST-MTM,8,C,70.515,878.90625,95.65763043045392,95.65763043045392,10.827946541878163
crowding_seed3,ST-MTM,9,A,52.27360681114551,1135.546875,22.354209883419315,22.354209883419315,14.13319110576923
crowding_seed3,ST-MTM,9,B,63.316627358490564,745.3125,58.68700133783973,58.68700133783973,9.276274038461537
crowding_seed3,ST-MTM,9,C,70.77551020408163,861.328125,95.60819594079932,95.60819594079932,10.720222355769238
crowding_seed3,ST-MTM,10,A,52.994953416149066,1132.03125,22.434191939578685,22.434191939578685,14.08943509615385
crowding_seed3,ST-MTM,10,B,63.645348837209305,755.859375,58.630399967255364,58.630399967255364,9.407542067307688
crowding_seed3,ST-MTM,10,C,70.9104938271605,854.296875,95.5848152552243,95.5848152552243,10.632710336538452
crowding_seed3,ST-MTM,11,A,53.4375,1146.09375,22.463946704842133,22.463946704842133,14.227977141943732
crowding_seed3,ST-MTM,11,B,63.984375,759.375,58.5924581827239,58.5924581827239,9.42712595907929
crowding_seed3,ST-MTM,11,C,71.0625,843.75,95.59300227449233,95.59300227449233,10.474584398976987
crowding_seed3,ST-MTM,12,A,53.880046583850934,1132.03125,22.449642539877267,22.449642539877267,14.272414772727274
crowding_seed3,ST-MTM,12,B,64.39285714285714,738.28125,58.69406679812539,58.69406679812539,9.308096590909088
crowding_seed3,ST-MTM,12,C,71.12394957983193,836.71875,95.50569782405572,95.50569782405572,10.549176136363627
crowding_seed3,ST-MTM,13,A,54.76851851851852,1139.0625,22.509285792169862,22.509285792169862,14.250024162371133
crowding_seed3,ST-MTM,13,B,64.6875,745.3125,58.799750851835576,58.799750851835576,9.324089884020623
crowding_seed3,ST-MTM,13,C,71.328125,843.75,95.34037051805291,95.34037051805291,10.555573453608247
crowding_seed3,ST-MTM,14,A,55.2161214953271,1128.515625,22.606137809780147,22.606137809780147,14.172871523285899
crowding_seed3,ST-MTM,14,B,64.92629716981132,745.3125,58.655439770566396,58.655439770566396,9.360276520051741
crowding_seed3,ST-MTM,14,C,71.4375,843.75,95.3878295817118,95.3878295817118,10.596539456662356
crowding_seed3,ST-MTM,15,A,55.545419254658384,1132.03125,22.65767627723866,22.65767627723866,14.180334677419358
crowding_seed3,ST-MTM,15,B,65.24107142857143,738.28125,58.645285338333636,58.645285338333636,9.248044354838711
crowding_seed3,ST-MTM,15,C,71.5895061728395,854.296875,95.34644554648605,95.34644554648605,10.701308467741939
crowding_seed3,ST-MTM,16,A,56.25,1139.0625,22.8367158784553,22.8367158784553,14.195146020539156
crowding_seed3,ST-MTM,16,B,65.55390995260663,741.796875,58.61383018703355,58.61383018703355,9.244369784980748
crowding_seed3,ST-MTM,16,C,71.74180327868852,857.8125,95.19886109656952,95.19886109656952,10.690171694480114
crowding_seed3,ST-MTM,17,A,56.954580745341616,1132.03125,22.828993529225304,22.828993529225304,14.180334677419358
crowding_seed3,ST-MTM,17,B,65.93601895734596,741.796875,58.62835707058331,58.62835707058331,9.292082661290323
crowding_seed3,ST-MTM,17,C,71.8698347107438,850.78125,95.19205656224973,95.19205656224973,10.657270161290313
crowding_seed3,ST-MTM,18,A,57.33889751552795,1132.03125,22.80562804805147,22.80562804805147,14.235439604922284
crowding_seed3,ST-MTM,18,B,66.26785714285714,738.28125,58.65818886351902,58.65818886351902,9.283982351036272
crowding_seed3,ST-MTM,18,C,72.1875,843.75,95.18559025048786,95.18559025048786,10.610265544041454
crowding_seed3,ST-MTM,19,A,57.79038461538462,1142.578125,22.78017169344687,22.78017169344687,14.275609314671819
crowding_seed3,ST-MTM,19,B,66.5625,745.3125,58.76766958087496,58.76766958087496,9.312089768339774
crowding_seed3,ST-MTM,19,C,72.3125,843.75,95.10156588773654,95.10156588773654,10.541988416988431
crowding_seed3,ST-MTM,20,A,58.577786377708975,1135.546875,22.891797807540108,22.891797807540108,14.261176018758086
crowding_seed3,ST-MTM,20,B,66.85714285714286,738.28125,58.596454595063854,58.596454595063854,9.271972024579568
crowding_seed3,ST-MTM,20,C,72.484375,843.75,95.1611547594544,95.1611547594544,10.596539456662356
crowding_seed3,RA-MTM,0,A,47.215401785714285,1181.25,46.215401785714285,46.21540178571428,14.175
crowding_seed3,RA-MTM,0,B,60.391666666666666,791.015625,59.391666666666666,59.391666666666666,9.4921875
crowding_seed3,RA-MTM,0,C,69.04233870967742,871.875,70.04233870967742,70.04233870967742,10.4625
crowding_seed3,RA-MTM,1,A,47.85,1142.578125,46.85,46.85,13.7109375
crowding_seed3,RA-MTM,1,B,60.75688073394495,766.40625,59.75688073394495,59.756880733944946,9.196875
crowding_seed3,RA-MTM,1,C,69.27591463414635,864.84375,70.27591463414635,70.27591463414635,10.378125
crowding_seed3,RA-MTM,2,A,48.41169724770642,1149.609375,47.41169724770642,47.411697247706414,13.7953125
crowding_seed3,RA-MTM,2,B,61.070205479452056,769.921875,60.070205479452056,60.07020547945205,9.239062500000001
crowding_seed3,RA-MTM,2,C,69.4672131147541,857.8125,70.4672131147541,70.4672131147541,10.293750000000001
crowding_seed3,RA-MTM,3,A,48.98016467065868,1174.21875,47.98016467065868,47.980164670658674,14.090625000000001
crowding_seed3,RA-MTM,3,B,61.36824324324324,780.46875,60.36824324324324,60.352355610819146,9.365625
crowding_seed3,RA-MTM,3,C,69.64506172839506,854.296875,70.64506172839506,70.66094936081915,10.2515625
crowding_seed3,RA-MTM,4,A,49.607469512195124,1153.125,48.607469512195124,48.58657639815904,13.8375
crowding_seed3,RA-MTM,4,B,61.73011363636363,773.4375,60.73011363636363,60.64595139815904,9.28125
crowding_seed3,RA-MTM,4,C,69.84948979591837,861.328125,70.84948979591837,70.95454514815904,10.3359375
crowding_seed3,RA-MTM,5,A,49.969040247678016,1135.546875,48.969040247678016,48.96904024767802,13.6265625
crowding_seed3,RA-MTM,5,B,62.05813953488372,755.859375,61.05813953488372,60.90468720695798,9.0703125
crowding_seed3,RA-MTM,5,C,70.01764112903226,871.875,71.01764112903226,71.17109345695798,10.4625
crowding_seed3,RA-MTM,6,A,50.625,1156.640625,49.625,49.29711434599544,13.879687500000001
crowding_seed3,RA-MTM,6,B,62.505760368663594,762.890625,61.505760368663594,61.31430184599544,9.1546875
crowding_seed3,RA-MTM,6,C,70.16683266932272,882.421875,71.16683266932272,71.68617684599543,10.5890625
crowding_seed3,RA-MTM,7,A,51.29954268292683,1153.125,50.29954268292683,49.68022950542006,13.8375
crowding_seed3,RA-MTM,7,B,62.708333333333336,759.375,61.708333333333336,61.65522950542006,9.1125
crowding_seed3,RA-MTM,7,C,70.3125,878.90625,71.3125,71.98491700542006,10.546875
crowding_seed3,RA-MTM,8,A,51.71389751552795,1132.03125,50.71389751552795,50.0396672273982,13.584375
crowding_seed3,RA-MTM,8,B,62.916666666666664,759.375,61.916666666666664,61.8881047273982,9.1125
crowding_seed3,RA-MTM,8,C,70.515,878.90625,71.515,72.2177922273982,10.546875
crowding_seed3,RA-MTM,9,A,52.27360681114551,1135.546875,51.27360681114551,50.5518627079059,13.6265625
crowding_seed3,RA-MTM,9,B,63.316627358490564,745.3125,62.316627358490564,62.3370189579059,8.94375
crowding_seed3,RA-MTM,9,C,70.77551020408163,861.328125,71.77551020408163,72.4768627079059,10.3359375
crowding_seed3,RA-MTM,10,A,52.994953416149066,1132.03125,51.994953416149066,50.91172369350628,13.584375
crowding_seed3,RA-MTM,10,B,63.645348837209305,755.859375,62.645348837209305,62.739067443506286,9.0703125
crowding_seed3,RA-MTM,10,C,70.9104938271605,854.296875,71.9104938271605,72.90000494350629,10.2515625
crowding_seed3,RA-MTM,11,A,53.4375,1146.09375,52.4375,51.16666666666667,13.753125
crowding_seed3,RA-MTM,11,B,63.984375,759.375,62.984375,63.099479166666676,9.1125
crowding_seed3,RA-MTM,11,C,71.0625,843.75,72.0625,73.21822916666667,10.125
crowding_seed3,RA-MTM,12,A,53.880046583850934,1132.03125,52.880046583850934,51.66770110218001,13.584375
crowding_seed3,RA-MTM,12,B,64.39285714285714,738.28125,63.39285714285714,63.38957610218001,8.859375
crowding_seed3,RA-MTM,12,C,71.12394957983193,836.71875,72.12394957983193,73.33957610218,10.040625
crowding_seed3,RA-MTM,13,A,54.76851851851852,1139.0625,53.76851851851852,52.045756172839496,13.668750000000001
crowding_seed3,RA-MTM,13,B,64.6875,745.3125,63.6875,63.852006172839495,8.94375
crowding_seed3,RA-MTM,13,C,71.328125,843.75,72.328125,73.88638117283949,10.125
crowding_seed3,RA-MTM,14,A,55.2161214953271,1128.515625,54.2161214953271,52.35320205504614,13.5421875
crowding_seed3,RA-MTM,14,B,64.92629716981132,745.3125,63.92629716981132,64.09617080504614,8.94375
crowding_seed3,RA-MTM,14,C,71.4375,843.75,72.4375,74.13054580504614,10.125
crowding_seed3,RA-MTM,15,A,55.545419254658384,1132.03125,54.545419254658384,52.62559270202312,13.584375
crowding_seed3,RA-MTM,15,B,65.24107142857143,738.28125,64.24107142857143,64.34746770202312,8.859375
crowding_seed3,RA-MTM,15,C,71.5895061728395,854.296875,72.5895061728395,74.40293645202311,10.2515625
crowding_seed3,RA-MTM,16,A,56.25,1139.0625,55.04980788934425,52.8925174568798,13.668750000000001
crowding_seed3,RA-MTM,16,B,65.55390995260663,741.796875,64.35371784195088,64.6776737068798,8.9015625
crowding_seed3,RA-MTM,16,C,71.74180327868852,857.8125,72.94199538934427,74.7753299568798,10.293750000000001
crowding_seed3,RA-MTM,17,A,56.954580745341616,1132.03125,55.487207728042705,53.323776298426516,13.584375
crowding_seed3,RA-MTM,17,B,65.93601895734596,741.796875,64.68831519677826,65.06674504842651,8.9015625
crowding_seed3,RA-MTM,17,C,71.8698347107438,850.78125,73.33720772804271,75.12221379842651,10.209375
crowding_seed3,RA-MTM,18,A,57.33889751552795,1132.03125,55.86983938276397,53.71422899607301,13.584375
crowding_seed3,RA-MTM,18,B,66.26785714285714,738.28125,65.052226715345,65.43610399607302,8.859375
crowding_seed3,RA-MTM,18,C,72.1875,843.75,73.65655813276398,75.42829149607302,10.125
crowding_seed3,RA-MTM,19,A,57.79038461538462,1142.578125,56.10007512019231,53.955107974883894,13.7109375
crowding_seed3,RA-MTM,19,B,66.5625,745.3125,65.45150180926704,65.7824517248839,8.94375
crowding_seed3,RA-MTM,19,C,72.3125,843.75,74.00280949519231,75.8168267248839,10.125
crowding_seed3,RA-MTM,20,A,58.577786377708975,1135.546875,56.63244787635449,54.422762012433324,13.6265625
crowding_seed3,RA-MTM,20,B,66.85714285714286,738.28125,65.68424965959106,66.16573076243333,8.859375
crowding_seed3,RA-MTM,20,C,72.484375,843.75,74.42971350135448,76.15791826243333,10.125
advection_diffusion_seed1,TMTM,0,A,25.3125,1849.21875,34.234196679626216,34.24840122508076,14.943181818181818
advection_diffusion_seed1,TMTM,0,B,37.84557481751825,1926.5625,49.51828758871713,49.53249213417167,15.568181818181818
advection_diffusion_seed1,TMTM,0,C,77.72165697674419,1814.0625,67.55806031598985,67.5722648614444,14.659090909090908
advection_diffusion_seed1,TMTM,0,D,93.52864583333333,2025.0,83.09783304326258,83.11203758871713,16.363636363636363
advection_diffusion_seed1,TMTM,1,A,25.64770554493308,1838.671875,34.433060315989856,34.433060315989856,14.857954545454545
advection_diffusion_seed1,TMTM,1,B,38.35980662983425,1908.984375,49.603514861444395,49.603514861444395,15.426136363636363
advection_diffusion_seed1,TMTM,1,C,77.98328488372093,1814.0625,67.30237849780804,67.31658304326258,14.659090909090908
advection_diffusion_seed1,TMTM,1,D,93.83152173913044,2021.484375,82.84215122508076,82.84215122508076,16.335227272727273
advection_diffusion_seed1,TMTM,2,A,26.268098455598455,1821.09375,34.57510577053531,34.589310315989856,14.71590909090909
advection_diffusion_seed1,TMTM,2,B,38.46527777777778,1898.4375,49.63192395235349,49.646128497808036,15.34090909090909
advection_diffusion_seed1,TMTM,2,C,78.321533203125,1800.0,66.93306031598985,66.9472648614444,14.545454545454545
advection_diffusion_seed1,TMTM,2,D,94.06141868512111,2032.03125,82.7285148614444,82.74271940689894,16.420454545454543
advection_diffusion_seed1,TMTM,3,A,26.526162790697676,1814.0625,34.68874213417167,34.702946679626216,14.659090909090908
advection_diffusion_seed1,TMTM,3,B,38.98247663551402,1880.859375,49.66033304326258,49.66033304326258,15.198863636363637
advection_diffusion_seed1,TMTM,3,C,78.80116959064327,1803.515625,67.1035148614444,67.1035148614444,14.573863636363637
advection_diffusion_seed1,TMTM,3,D,94.62543554006969,2017.96875,82.84215122508076,82.8563557705353,16.30681818181818
advection_diffusion_seed1,TMTM,4,A,26.977557915057915,1821.09375,34.68874213417167,34.702946679626216,14.71590909090909
advection_diffusion_seed1,TMTM,4,B,39.446157495256166,1852.734375,49.57510577053531,49.57510577053531,14.971590909090908
advection_diffusion_seed1,TMTM,4,C,79.26005747126437,1835.15625,67.24556031598985,67.2597648614444,14.829545454545453
advection_diffusion_seed1,TMTM,4,D,95.13002622377623,2010.9375,82.95578758871713,82.96999213417168,16.25
advection_diffusion_seed1,TMTM,5,A,27.276353965183752,1817.578125,34.68874213417167,34.68874213417167,14.6875
advection_diffusion_seed1,TMTM,5,B,39.857041587901705,1859.765625,49.57510577053531,49.57510577053531,15.02840909090909
advection_diffusion_seed1,TMTM,5,C,79.66770633397313,1831.640625,67.27396940689894,67.27396940689894,14.801136363636363
advection_diffusion_seed1,TMTM,5,D,95.45994718309859,1996.875,82.75692395235349,82.77112849780804,16.136363636363637
advection_diffusion_seed1,TMTM,6,A,27.83625730994152,1803.515625,34.77396940689894,34.77396940689894,14.573863636363637
advection_diffusion_seed1,TMTM,6,B,40.175521821631875,1852.734375,49.57510577053531,49.57510577053531,14.971590909090908
advection_diffusion_seed1,TMTM,6,C,79.98922413793103,1835.15625,67.13192395235349,67.14612849780804,14.829545454545453
advection_diffusion_seed1,TMTM,6,D,95.77354753521126,1996.875,82.67169667962622,82.68590122508076,16.136363636363637
advection_diffusion_seed1,TMTM,7,A,28.157958984375,1800.0,35.058060315989856,35.0722648614444,14.545454545454545
advection_diffusion_seed1,TMTM,7,B,40.559398854961835,1842.1875,49.802378497808036,49.81658304326258,14.886363636363637
advection_diffusion_seed1,TMTM,7,C,80.41666666666667,1803.515625,67.04669667962622,67.04669667962622,14.573863636363637
advection_diffusion_seed1,TMTM,7,D,96.21639784946237,1961.71875,82.50124213417168,82.51544667962622,15.852272727272727
advection_diffusion_seed1,TMTM,8,A,28.347519455252918,1807.03125,35.08646940689894,35.10067395235349,14.602272727272727
advection_diffusion_seed1,TMTM,8,B,41.020114942528735,1835.15625,49.83078758871713,49.84499213417167,14.829545454545453
advection_diffusion_seed1,TMTM,8,C,80.81395348837209,1814.0625,67.1035148614444,67.11771940689894,14.659090909090908
advection_diffusion_seed1,TMTM,8,D,96.66554054054055,1951.171875,82.4160148614444,82.4160148614444,15.767045454545453
advection_diffusion_seed1,TMTM,9,A,28.795166015625,1800.0,35.058060315989856,35.0722648614444,14.545454545454545
advection_diffusion_seed1,TMTM,9,B,41.31877413127413,1821.09375,49.71715122508076,49.73135577053531,14.71590909090909
advection_diffusion_seed1,TMTM,9,C,81.10009671179884,1817.578125,67.18874213417168,67.18874213417168,14.6875
advection_diffusion_seed1,TMTM,9,D,96.99141048824593,1944.140625,82.4160148614444,82.4160148614444,15.710227272727272
advection_diffusion_seed1,TMTM,10,A,29.43093385214008,1807.03125,35.08646940689894,35.10067395235349,14.602272727272727
advection_diffusion_seed1,TMTM,10,B,41.9683908045977,1835.15625,49.83078758871713,49.84499213417167,14.829545454545453
advection_diffusion_seed1,TMTM,10,C,81.69331395348837,1814.0625,67.24556031598985,67.2597648614444,14.659090909090908
advection_diffusion_seed1,TMTM,10,D,97.25751366120218,1930.078125,82.4160148614444,82.4160148614444,15.596590909090908
advection_diffusion_seed1,TMTM,11,A,29.814320388349515,1810.546875,35.25692395235349,35.25692395235349,14.630681818181818
advection_diffusion_seed1,TMTM,11,B,42.27764423076923,1828.125,49.97283304326258,49.98703758871713,14.772727272727272
advection_diffusion_seed1,TMTM,11,C,82.01848249027238,1807.03125,67.0751057705353,67.08931031598985,14.602272727272727
advection_diffusion_seed1,TMTM,11,D,97.4077868852459,1930.078125,82.44442395235349,82.44442395235349,15.596590909090908
advection_diffusion_seed1,TMTM,12,A,30.10578793774319,1807.03125,35.51260577053531,35.526810315989856,14.602272727272727
advection_diffusion_seed1,TMTM,12,B,42.59134615384615,1828.125,50.228514861444395,50.24271940689894,14.772727272727272
advection_diffusion_seed1,TMTM,12,C,82.51120517928287,1764.84375,66.96146940689894,66.97567395235349,14.261363636363637
advection_diffusion_seed1,TMTM,12,D,97.9289667896679,1905.46875,82.16033304326258,82.17453758871713,15.397727272727272
advection_diffusion_seed1,TMTM,13,A,30.55381274131274,1821.09375,35.39896940689894,35.41317395235349,14.71590909090909
advection_diffusion_seed1,TMTM,13,B,43.01724137931034,1835.15625,50.20010577053531,50.214310315989856,14.829545454545453
advection_diffusion_seed1,TMTM,13,C,82.70750988142292,1778.90625,66.98987849780804,67.00408304326258,14.375
advection_diffusion_seed1,TMTM,13,D,98.24448529411765,1912.5,82.24556031598985,82.2597648614444,15.454545454545453
advection_diffusion_seed1,TMTM,14,A,30.953883495145632,1810.546875,35.370560315989856,35.370560315989856,14.630681818181818
advection_diffusion_seed1,TMTM,14,B,43.4835086042065,1838.671875,50.14328758871713,50.14328758871713,14.857954545454545
advection_diffusion_seed1,TMTM,14,C,83.27912621359224,1810.546875,67.21715122508076,67.21715122508076,14.630681818181818
advection_diffusion_seed1,TMTM,14,D,98.49696828358209,1884.375,82.24556031598985,82.2597648614444,15.227272727272727
advection_diffusion_seed1,TMTM,15,A,31.281553398058254,1810.546875,35.370560315989856,35.370560315989856,14.630681818181818
advection_diffusion_seed1,TMTM,15,B,43.790553435114504,1842.1875,50.14328758871713,50.15749213417167,14.886363636363637
advection_diffusion_seed1,TMTM,15,C,83.51045719844358,1807.03125,67.1035148614444,67.11771940689894,14.602272727272727
advection_diffusion_seed1,TMTM,15,D,98.68145910780669,1891.40625,82.4160148614444,82.43021940689894,15.284090909090908
advection_diffusion_seed1,TMTM,16,A,31.77573529411765,1792.96875,35.59783304326258,35.61203758871713,14.488636363636363
advection_diffusion_seed1,TMTM,16,B,44.234913793103445,1835.15625,50.28533304326258,50.29953758871713,14.829545454545453
advection_diffusion_seed1,TMTM,16,C,83.94059405940594,1775.390625,67.13192395235349,67.13192395235349,14.346590909090908
advection_diffusion_seed1,TMTM,16,D,99.08898305084746,1866.796875,82.30237849780804,82.30237849780804,15.085227272727272
advection_diffusion_seed1,TMTM,17,A,32.14390962671906,1789.453125,35.82510577053531,35.82510577053531,14.460227272727272
advection_diffusion_seed1,TMTM,17,B,44.76017441860465,1814.0625,50.39896940689894,50.41317395235349,14.659090909090908
advection_diffusion_seed1,TMTM,17,C,84.34493987975952,1754.296875,67.0751057705353,67.0751057705353,14.176136363636363
advection_diffusion_seed1,TMTM,17,D,99.35724431818181,1856.25,82.44442395235349,82.45862849780804,15.0
advection_diffusion_seed1,TMTM,18,A,32.592455621301774,1782.421875,35.88192395235349,35.88192395235349,14.40340909090909
advection_diffusion_seed1,TMTM,18,B,44.974365234375,1800.0,50.370560315989856,50.384764861444395,14.545454545454545
advection_diffusion_seed1,TMTM,18,C,84.75149105367794,1768.359375,67.16033304326258,67.16033304326258,14.289772727272727
advection_diffusion_seed1,TMTM,18,D,99.50406309751435,1838.671875,82.44442395235349,82.44442395235349,14.857954545454545
advection_diffusion_seed1,TMTM,19,A,32.9889705882353,1792.96875,35.88192395235349,35.896128497808036,14.488636363636363
advection_diffusion_seed1,TMTM,19,B,45.33455882352941,1792.96875,50.39896940689894,50.41317395235349,14.488636363636363
advection_diffusion_seed1,TMTM,19,C,85.14554794520548,1796.484375,67.30237849780804,67.30237849780804,14.517045454545453
advection_diffusion_seed1,TMTM,19,D,99.72747093023256,1814.0625,82.27396940689894,82.28817395235349,14.659090909090908
advection_diffusion_seed1,TMTM,20,A,33.41317365269461,1761.328125,36.13760577053531,36.13760577053531,14.232954545454545
advection_diffusion_seed1,TMTM,20,B,45.78712871287129,1775.390625,50.45578758871713,50.45578758871713,14.346590909090908
advection_diffusion_seed1,TMTM,20,C,85.56919642857143,1771.875,67.33078758871713,67.34499213417168,14.318181818181818
advection_diffusion_seed1,TMTM,20,D,100.28676470588235,1792.96875,82.30237849780804,82.31658304326258,14.488636363636363
advection_diffusion_seed1,ST-MTM,0,A,25.3125,1849.21875,36.94846301174155,36.94846301174154,22.190638050844182
advection_diffusion_seed1,ST-MTM,0,B,37.84557481751825,1926.5625,16.359701274101056,5.137125576144298,23.11875868727672
advection_diffusion_seed1,ST-MTM,0,C,77.72165697674419,1814.0625,74.3068637955413,74.30686379554129,21.768738275378254
advection_diffusion_seed1,ST-MTM,0,D,93.52864583333333,2025.0,106.79334954621186,118.94234453946227,24.299989986500833
advection_diffusion_seed1,ST-MTM,1,A,25.64770554493308,1838.671875,36.99962022251971,36.99962022251971,22.15612457538796
advection_diffusion_seed1,ST-MTM,1,B,38.35980662983425,1908.984375,16.3958229428048,5.283861373194159,23.003395060596134
advection_diffusion_seed1,ST-MTM,1,C,77.98328488372093,1814.0625,74.26383750580266,74.26383750580263,21.859578741382464
advection_diffusion_seed1,ST-MTM,1,D,93.83152173913044,2021.484375,106.7490969564686,118.92761026778531,24.359026622633422
advection_diffusion_seed1,ST-MTM,2,A,26.268098455598455,1821.09375,37.102792665314055,37.102792665314055,22.036251811379813
advection_diffusion_seed1,ST-MTM,2,B,38.46527777777778,1898.4375,16.381854557083944,5.344984558939984,22.972154408304164
advection_diffusion_seed1,ST-MTM,2,C,78.321533203125,1800.0,74.2350254536064,74.2350254536064,21.78100553314551
advection_diffusion_seed1,ST-MTM,2,D,94.06141868512111,2032.03125,106.68870495159138,118.98206157517663,24.588713247170517
advection_diffusion_seed1,ST-MTM,3,A,26.526162790697676,1814.0625,37.028332568543156,37.028332568543156,22.053841206758737
advection_diffusion_seed1,ST-MTM,3,B,38.98247663551402,1880.859375,16.3908502231393,5.432704363656827,22.86590125122422
advection_diffusion_seed1,ST-MTM,3,C,78.80116959064327,1803.515625,74.28726008000434,74.28726008000433,21.92562119970397
advection_diffusion_seed1,ST-MTM,3,D,94.62543554006969,2017.96875,106.70193475590898,118.96731542706551,24.53276134231308
advection_diffusion_seed1,ST-MTM,4,A,26.977557915057915,1821.09375,36.96300961648811,36.96300961648811,22.12897089760195
advection_diffusion_seed1,ST-MTM,4,B,39.446157495256166,1852.734375,16.447178252391993,5.772439158285494,22.51345108700523
advection_diffusion_seed1,ST-MTM,4,C,79.26005747126437,1835.15625,74.24704532099578,74.24704532099577,22.29985098178966
advection_diffusion_seed1,ST-MTM,4,D,95.13002622377623,2010.9375,106.75114443771992,118.9680704545215,24.43585203360317
advection_diffusion_seed1,ST-MTM,5,A,27.276353965183752,1817.578125,36.96218805982786,36.96218805982786,22.127630269264035
advection_diffusion_seed1,ST-MTM,5,B,39.857041587901705,1859.765625,16.387928096916298,5.5749256452738685,22.64123097206167
advection_diffusion_seed1,ST-MTM,5,C,79.66770633397313,1831.640625,74.28430462095771,74.28430462095773,22.298830503595276
advection_diffusion_seed1,ST-MTM,5,D,95.45994718309859,1996.875,106.77395684989393,118.92817347743343,24.31043325507902
advection_diffusion_seed1,ST-MTM,6,A,27.83625730994152,1803.515625,37.01976706766351,37.019767067663516,22.00797080405619
advection_diffusion_seed1,ST-MTM,6,B,40.175521821631875,1852.734375,16.455805937231087,5.682443683642912,22.60857852230977
advection_diffusion_seed1,ST-MTM,6,C,79.98922413793103,1835.15625,74.22337797479923,74.22337797479923,22.394075884298864
advection_diffusion_seed1,ST-MTM,6,D,95.77354753521126,1996.875,106.70942664790198,118.89217654256956,24.36749978933517
advection_diffusion_seed1,ST-MTM,7,A,28.157958984375,1800.0,36.99223018904956,36.99223018904955,22.204841006169865
advection_diffusion_seed1,ST-MTM,7,B,40.559398854961835,1842.1875,16.437439566579116,5.526836549997209,22.725266967253077
advection_diffusion_seed1,ST-MTM,7,C,80.41666666666667,1803.515625,74.25462097304171,74.25462097304171,22.24820983626026
advection_diffusion_seed1,ST-MTM,7,D,96.21639784946237,1961.71875,106.72408689892542,118.82299049408383,24.199807190316804
advection_diffusion_seed1,ST-MTM,8,A,28.347519455252918,1807.03125,36.894201523600834,36.89420152360083,22.2915786663502
advection_diffusion_seed1,ST-MTM,8,B,41.020114942528735,1835.15625,16.466377652068275,5.599909312674555,22.63852930707202
advection_diffusion_seed1,ST-MTM,8,C,80.81395348837209,1814.0625,74.2788997317546,74.27889973175459,22.378316326530722
advection_diffusion_seed1,ST-MTM,8,D,96.66554054054055,1951.171875,106.76889872017209,118.8027490701956,24.06970070004705
advection_diffusion_seed1,ST-MTM,9,A,28.795166015625,1800.0,36.94640802975817,36.94640802975816,22.278857142446288
advection_diffusion_seed1,ST-MTM,9,B,41.31877413127413,1821.09375,16.435609246684255,5.653422218099461,22.539937500890396
advection_diffusion_seed1,ST-MTM,9,C,81.10009671179884,1817.578125,74.24541700167126,74.24541700167127,22.496424107686572
advection_diffusion_seed1,ST-MTM,9,D,96.99141048824593,1944.140625,106.78094334948213,118.8113964739705,24.06290624897676
advection_diffusion_seed1,ST-MTM,10,A,29.43093385214008,1807.03125,37.01094496519283,37.010944965192834,22.355238576867883
advection_diffusion_seed1,ST-MTM,10,B,41.9683908045977,1835.15625,16.5643283549762,5.592795807293244,22.703180033318727
advection_diffusion_seed1,ST-MTM,10,C,81.69331395348837,1814.0625,74.23611642378005,74.23611642378006,22.442223940980895
advection_diffusion_seed1,ST-MTM,10,D,97.25751366120218,1930.078125,106.59698788364672,118.53472910806298,23.87748244883251
advection_diffusion_seed1,ST-MTM,11,A,29.814320388349515,1810.546875,37.082337984774526,37.08233798477453,22.430759949952336
advection_diffusion_seed1,ST-MTM,11,B,42.27764423076923,1828.125,16.573205429617857,5.6582734542167366,22.648534318398475
advection_diffusion_seed1,ST-MTM,11,C,82.01848249027238,1807.03125,74.24092795730236,74.24092795730235,22.387205076263108
advection_diffusion_seed1,ST-MTM,11,D,97.4077868852459,1930.078125,106.51190625590104,118.46671908359407,23.911625655386075
advection_diffusion_seed1,ST-MTM,12,A,30.10578793774319,1807.03125,37.00925058517622,37.00925058517621,22.602685497898317
advection_diffusion_seed1,ST-MTM,12,B,42.59134615384615,1828.125,16.515390433376364,5.388715942136016,22.866524378784767
advection_diffusion_seed1,ST-MTM,12,C,82.51120517928287,1764.84375,74.32106298736043,74.32106298736043,22.0749743215938
advection_diffusion_seed1,ST-MTM,12,D,97.9289667896679,1905.46875,106.56267362168278,118.47864402254433,23.833940801723102
advection_diffusion_seed1,ST-MTM,13,A,30.55381274131274,1821.09375,37.07822609964184,37.07822609964184,22.647790256783093
advection_diffusion_seed1,ST-MTM,13,B,43.01724137931034,1835.15625,16.5606013902185,5.458214856468037,22.822673630696038
advection_diffusion_seed1,ST-MTM,13,C,82.70750988142292,1778.90625,74.22792556858974,74.22792556858973,22.12311936333922
advection_diffusion_seed1,ST-MTM,13,D,98.24448529411765,1912.5,106.54162456914571,118.43289544373653,23.784541749181642
advection_diffusion_seed1,ST-MTM,14,A,30.953883495145632,1810.546875,37.085272918450606,37.085272918450606,22.52739797750119
advection_diffusion_seed1,ST-MTM,14,B,43.4835086042065,1838.671875,16.621961070761646,5.376366918052832,22.8773381402585
advection_diffusion_seed1,ST-MTM,14,C,83.27912621359224,1810.546875,74.3179203578781,74.3179203578781,22.527397977501202
advection_diffusion_seed1,ST-MTM,14,D,98.49696828358209,1884.375,106.38322328050545,118.10521873287499,23.445990904739105
advection_diffusion_seed1,ST-MTM,15,A,31.281553398058254,1810.546875,37.12503885354817,37.12503885354816,22.505850968436214
advection_diffusion_seed1,ST-MTM,15,B,43.790553435114504,1842.1875,16.710747192192017,5.466215554417494,22.899157101865363
advection_diffusion_seed1,ST-MTM,15,C,83.51045719844358,1807.03125,74.30542102109172,74.30542102109172,22.462150286944002
advection_diffusion_seed1,ST-MTM,15,D,98.68145910780669,1891.40625,106.26717056076389,118.0216538821411,23.51096664275441
advection_diffusion_seed1,ST-MTM,16,A,31.77573529411765,1792.96875,37.122148040555544,37.122148040555544,22.53524085179245
advection_diffusion_seed1,ST-MTM,16,B,44.234913793103445,1835.15625,16.716701116651038,5.3154204040680355,23.065473653517863
advection_diffusion_seed1,ST-MTM,16,C,83.94059405940594,1775.390625,74.22958354234095,74.22958354234093,22.314274675930655
advection_diffusion_seed1,ST-MTM,16,D,99.08898305084746,1866.796875,106.33994492804827,118.07051283742777,23.463135818759028
advection_diffusion_seed1,ST-MTM,17,A,32.14390962671906,1789.453125,37.17727647508136,37.177276475081364,22.666406215384598
advection_diffusion_seed1,ST-MTM,17,B,44.76017441860465,1814.0625,16.69767432747283,5.384331763981219,22.978125111140685
advection_diffusion_seed1,ST-MTM,17,C,84.34493987975952,1754.296875,74.24179475893696,74.24179475893695,22.22109378855093
advection_diffusion_seed1,ST-MTM,17,D,99.35724431818181,1856.25,106.29163206610465,118.04688200856654,23.512499884923784
advection_diffusion_seed1,ST-MTM,18,A,32.592455621301774,1782.421875,37.227074962631434,37.227074962631434,22.65462581248207
advection_diffusion_seed1,ST-MTM,18,B,44.974365234375,1800.0,16.705123308289608,5.434770667689569,22.878044178332445
advection_diffusion_seed1,ST-MTM,18,C,84.75149105367794,1768.359375,74.2718913362957,74.2718913362957,22.47589070141938
advection_diffusion_seed1,ST-MTM,18,D,99.50406309751435,1838.671875,106.20428802037905,117.88807017426211,23.36956430776611
advection_diffusion_seed1,ST-MTM,19,A,32.9889705882353,1792.96875,37.26854558723234,37.268545587232346,22.76641121151648
advection_diffusion_seed1,ST-MTM,19,B,45.33455882352941,1792.96875,16.721210111278094,5.436469174056089,22.766411211556424
advection_diffusion_seed1,ST-MTM,19,C,85.14554794520548,1796.484375,74.29593607700903,74.29593607700903,22.811051233525767
advection_diffusion_seed1,ST-MTM,19,D,99.72747093023256,1814.0625,106.12268585207633,117.638811523777,23.034251343401337
advection_diffusion_seed1,ST-MTM,20,A,33.41317365269461,1761.328125,37.222977807256235,37.22297780725624,22.663583799479387
advection_diffusion_seed1,ST-MTM,20,B,45.78712871287129,1775.390625,16.744861747814532,5.404573880131878,22.84453164216194
advection_diffusion_seed1,ST-MTM,20,C,85.56919642857143,1771.875,74.26111990489845,74.26111990489844,22.799295237890362
advection_diffusion_seed1,ST-MTM,20,D,100.28676470588235,1792.96875,106.17941816762658,117.71377532786073,23.070714320468312
advection_diffusion_seed1,RA-MTM,0,A,25.3125,1849.21875,24.3125,20.001693374544622,22.190625
advection_diffusion_seed1,RA-MTM,0,B,37.84557481751825,1926.5625,38.84557481751825,43.156380874544624,23.118750000000002
advection_diffusion_seed1,RA-MTM,0,C,77.72165697674419,1814.0625,76.72165697674419,73.8579638571893,21.76875
advection_diffusion_seed1,RA-MTM,0,D,93.52864583333333,2025.0,94.52864583333333,97.3923388571893,24.3
advection_diffusion_seed1,RA-MTM,1,A,25.64770554493308,1838.671875,24.64770554493308,20.510787083295728,22.064062500000002
advection_diffusion_seed1,RA-MTM,1,B,38.35980662983425,1908.984375,39.35980662983425,43.49672458329573,22.907812500000002
advection_diffusion_seed1,RA-MTM,1,C,77.98328488372093,1814.0625,76.98328488372093,74.15076264782539,21.76875
advection_diffusion_seed1,RA-MTM,1,D,93.83152173913044,2021.484375,94.83152173913044,97.6640438978254,24.2578125
advection_diffusion_seed1,RA-MTM,2,A,26.268098455598455,1821.09375,25.268098455598455,20.95809436668812,21.853125000000002
advection_diffusion_seed1,RA-MTM,2,B,38.46527777777778,1898.4375,39.46527777777778,43.77528186668812,22.78125
advection_diffusion_seed1,RA-MTM,2,C,78.321533203125,1800.0,77.321533203125,74.44538219412307,21.6
advection_diffusion_seed1,RA-MTM,2,D,94.06141868512111,2032.03125,95.06141868512111,97.93756969412307,24.384375000000002
advection_diffusion_seed1,RA-MTM,3,A,26.526162790697676,1814.0625,25.526162790697676,21.419554088105848,21.76875
advection_diffusion_seed1,RA-MTM,3,B,38.98247663551402,1880.859375,39.98247663551402,44.089085338105846,22.5703125
advection_diffusion_seed1,RA-MTM,3,C,78.80116959064327,1803.515625,77.80116959064327,74.99884944035648,21.642187500000002
advection_diffusion_seed1,RA-MTM,3,D,94.62543554006969,2017.96875,95.62543554006969,98.42775569035648,24.215625
advection_diffusion_seed1,RA-MTM,4,A,26.977557915057915,1821.09375,25.977557915057915,21.94037333015704,21.853125000000002
advection_diffusion_seed1,RA-MTM,4,B,39.446157495256166,1852.734375,40.446157495256166,44.483342080157044,22.2328125
advection_diffusion_seed1,RA-MTM,4,C,79.26005747126437,1835.15625,78.26005747126437,75.4067605975203,22.021875
advection_diffusion_seed1,RA-MTM,4,D,95.13002622377623,2010.9375,96.13002622377623,98.98332309752031,24.13125
advection_diffusion_seed1,RA-MTM,5,A,27.276353965183752,1817.578125,26.276353965183752,22.284666526542726,21.8109375
advection_diffusion_seed1,RA-MTM,5,B,39.857041587901705,1859.765625,40.857041587901705,44.84872902654273,22.3171875
advection_diffusion_seed1,RA-MTM,5,C,79.66770633397313,1831.640625,78.66770633397313,75.82827988353586,21.9796875
advection_diffusion_seed1,RA-MTM,5,D,95.45994718309859,1996.875,96.45994718309859,99.29937363353585,23.962500000000002
advection_diffusion_seed1,RA-MTM,6,A,27.83625730994152,1803.515625,26.83625730994152,22.787139565786696,21.642187500000002
advection_diffusion_seed1,RA-MTM,6,B,40.175521821631875,1852.734375,41.175521821631875,45.224639565786696,22.2328125
advection_diffusion_seed1,RA-MTM,6,C,79.98922413793103,1835.15625,78.98922413793103,76.13529208657114,22.021875
advection_diffusion_seed1,RA-MTM,6,D,95.77354753521126,1996.875,96.77354753521126,99.62747958657114,23.962500000000002
advection_diffusion_seed1,RA-MTM,7,A,28.157958984375,1800.0,27.157958984375,23.182116419668418,21.6
advection_diffusion_seed1,RA-MTM,7,B,40.559398854961835,1842.1875,41.559398854961835,45.53524141966842,22.10625
advection_diffusion_seed1,RA-MTM,7,C,80.41666666666667,1803.515625,79.41666666666667,76.77082913306451,21.642187500000002
advection_diffusion_seed1,RA-MTM,7,D,96.21639784946237,1961.71875,97.21639784946237,99.86223538306452,23.540625000000002
advection_diffusion_seed1,RA-MTM,8,A,28.347519455252918,1807.03125,27.347519455252918,23.507254698890833,21.684375
advection_diffusion_seed1,RA-MTM,8,B,41.020114942528735,1835.15625,42.020114942528735,45.860379698890824,22.021875
advection_diffusion_seed1,RA-MTM,8,C,80.81395348837209,1814.0625,79.81395348837209,77.19404388945632,21.76875
advection_diffusion_seed1,RA-MTM,8,D,96.66554054054055,1951.171875,97.66554054054055,100.28545013945632,23.4140625
advection_diffusion_seed1,RA-MTM,9,A,28.795166015625,1800.0,27.795166015625,23.943688823449566,21.6
advection_diffusion_seed1,RA-MTM,9,B,41.31877413127413,1821.09375,42.31877413127413,46.17025132344956,21.853125000000002
advection_diffusion_seed1,RA-MTM,9,C,81.10009671179884,1817.578125,80.10009671179884,77.51059735002238,21.8109375
advection_diffusion_seed1,RA-MTM,9,D,96.99141048824593,1944.140625,97.99141048824593,100.58090985002238,23.329687500000002
advection_diffusion_seed1,RA-MTM,10,A,29.43093385214008,1807.03125,28.43093385214008,24.523099828368892,21.684375
advection_diffusion_seed1,RA-MTM,10,B,41.9683908045977,1835.15625,42.9683908045977,46.8762248283689,22.021875
advection_diffusion_seed1,RA-MTM,10,C,81.69331395348837,1814.0625,80.69331395348837,77.99299193234528,21.76875
advection_diffusion_seed1,RA-MTM,10,D,97.25751366120218,1930.078125,98.25751366120218,100.95783568234528,23.1609375
advection_diffusion_seed1,RA-MTM,11,A,29.814320388349515,1810.546875,28.814320388349515,24.87996668455937,21.7265625
advection_diffusion_seed1,RA-MTM,11,B,42.27764423076923,1828.125,43.27764423076923,47.21199793455937,21.9375
advection_diffusion_seed1,RA-MTM,11,C,82.01848249027238,1807.03125,81.01848249027238,78.25180656275914,21.684375
advection_diffusion_seed1,RA-MTM,11,D,97.4077868852459,1930.078125,98.4077868852459,101.17446281275913,23.1609375
advection_diffusion_seed1,RA-MTM,12,A,30.10578793774319,1807.03125,29.10578793774319,25.193098295794677,21.684375
advection_diffusion_seed1,RA-MTM,12,B,42.59134615384615,1828.125,43.59134615384615,47.50403579579468,21.9375
advection_diffusion_seed1,RA-MTM,12,C,82.51120517928287,1764.84375,81.51120517928287,78.95914848447538,21.178125
advection_diffusion_seed1,RA-MTM,12,D,97.9289667896679,1905.46875,98.9289667896679,101.48102348447539,22.865625
advection_diffusion_seed1,RA-MTM,13,A,30.55381274131274,1821.09375,29.55381274131274,25.566777060311537,21.853125000000002
advection_diffusion_seed1,RA-MTM,13,B,43.01724137931034,1835.15625,44.01724137931034,48.00427706031154,22.021875
advection_diffusion_seed1,RA-MTM,13,C,82.70750988142292,1778.90625,81.70750988142292,79.15177883777028,21.346875
advection_diffusion_seed1,RA-MTM,13,D,98.24448529411765,1912.5,99.24448529411765,101.80021633777028,22.95
advection_diffusion_seed1,RA-MTM,14,A,30.953883495145632,1810.546875,29.953883495145632,26.02103979967606,21.7265625
advection_diffusion_seed1,RA-MTM,14,B,43.4835086042065,1838.671875,44.4835086042065,48.41635229967606,22.064062500000002
advection_diffusion_seed1,RA-MTM,14,C,83.27912621359224,1810.546875,82.27912621359224,79.55328162358717,21.7265625
advection_diffusion_seed1,RA-MTM,14,D,98.49696828358209,1884.375,99.49696828358209,102.22281287358716,22.6125
advection_diffusion_seed1,RA-MTM,15,A,31.281553398058254,1810.546875,30.281553398058254,26.32785029158638,21.7265625
advection_diffusion_seed1,RA-MTM,15,B,43.790553435114504,1842.1875,44.790553435114504,48.74425654158638,22.10625
advection_diffusion_seed1,RA-MTM,15,C,83.51045719844358,1807.03125,82.51045719844358,79.75064565312513,21.684375
advection_diffusion_seed1,RA-MTM,15,D,98.68145910780669,1891.40625,99.68145910780669,102.44127065312513,22.696875000000002
advection_diffusion_seed1,RA-MTM,16,A,31.77573529411765,1792.96875,30.77573529411765,26.870949543610546,21.515625
advection_diffusion_seed1,RA-MTM,16,B,44.234913793103445,1835.15625,45.234913793103445,49.13969954361055,22.021875
advection_diffusion_seed1,RA-MTM,16,C,83.94059405940594,1775.390625,82.94059405940594,80.3382260551267,21.3046875
advection_diffusion_seed1,RA-MTM,16,D,99.08898305084746,1866.796875,100.08898305084746,102.6913510551267,22.4015625
advection_diffusion_seed1,RA-MTM,17,A,32.14390962671906,1789.453125,31.143909626719058,27.391495147661857,21.4734375
advection_diffusion_seed1,RA-MTM,17,B,44.76017441860465,1814.0625,45.76017441860465,49.51258889766186,21.76875
advection_diffusion_seed1,RA-MTM,17,C,84.34493987975952,1754.296875,83.34493987975952,80.76945147397066,21.0515625
advection_diffusion_seed1,RA-MTM,17,D,99.35724431818181,1856.25,100.35724431818181,102.93273272397067,22.275000000000002
advection_diffusion_seed1,RA-MTM,18,A,32.592455621301774,1782.421875,31.592455621301774,27.78614480283839,21.3890625
advection_diffusion_seed1,RA-MTM,18,B,44.974365234375,1800.0,45.974365234375,49.78067605283839,21.6
advection_diffusion_seed1,RA-MTM,18,C,84.75149105367794,1768.359375,83.75149105367794,81.05668332559614,21.220312500000002
advection_diffusion_seed1,RA-MTM,18,D,99.50406309751435,1838.671875,100.50406309751435,103.19887082559615,22.064062500000002
advection_diffusion_seed1,RA-MTM,19,A,32.9889705882353,1792.96875,31.988970588235297,28.153952205882355,21.515625
advection_diffusion_seed1,RA-MTM,19,B,45.33455882352941,1792.96875,46.33455882352941,50.169577205882355,21.515625
advection_diffusion_seed1,RA-MTM,19,C,85.14554794520548,1796.484375,84.14554794520548,81.35486881271902,21.5578125
advection_diffusion_seed1,RA-MTM,19,D,99.72747093023256,1814.0625,100.72747093023256,103.51815006271902,21.76875
advection_diffusion_seed1,RA-MTM,20,A,33.41317365269461,1761.328125,32.41317365269461,28.739994932782956,21.1359375
advection_diffusion_seed1,RA-MTM,20,B,45.78712871287129,1775.390625,46.78712871287129,50.46030743278295,21.3046875
advection_diffusion_seed1,RA-MTM,20,C,85.56919642857143,1771.875,84.56919642857143,81.98344931722689,21.2625
advection_diffusion_seed1,RA-MTM,20,D,100.28676470588235,1792.96875,101.28676470588235,103.8725118172269,21.515625
advection_diffusion_seed2,TMTM,0,A,24.761029411764707,1673.4375,50.968903925637655,50.9831084710922,13.522727272727272
advection_diffusion_seed2,TMTM,0,B,39.44551282051282,2056.640625,66.08254028927402,66.08254028927402,16.61931818181818
advection_diffusion_seed2,TMTM,0,C,78.2919254658385,1698.046875,34.093903925637655,34.093903925637655,13.721590909090908
advection_diffusion_seed2,TMTM,0,D,91.91692073170732,1729.6875,83.27004028927402,83.28424483472855,13.977272727272727
advection_diffusion_seed2,TMTM,1,A,25.172275641025642,1645.3125,51.1393584710922,51.15356301654675,13.295454545454545
advection_diffusion_seed2,TMTM,1,B,39.70474137931034,2039.0625,66.05413119836493,66.06833574381946,16.477272727272727
advection_diffusion_seed2,TMTM,1,C,78.70389344262296,1715.625,33.86663119836493,33.880835743819475,13.863636363636363
advection_diffusion_seed2,TMTM,1,D,92.14011270491804,1715.625,83.18481301654674,83.1990175620013,13.863636363636363
advection_diffusion_seed2,TMTM,2,A,25.52061310782241,1662.890625,51.338222107455834,51.338222107455834,13.4375
advection_diffusion_seed2,TMTM,2,B,40.16243545611015,2042.578125,66.33822210745583,66.33822210745583,16.505681818181817
advection_diffusion_seed2,TMTM,2,C,79.16111680327869,1715.625,34.037085743819475,34.05129028927402,13.863636363636363
advection_diffusion_seed2,TMTM,2,D,92.67069327731092,1673.4375,83.0427675620013,83.05697210745583,13.522727272727272
advection_diffusion_seed2,TMTM,3,A,25.912341101694917,1659.375,51.281403925637655,51.2956084710922,13.409090909090908
advection_diffusion_seed2,TMTM,3,B,40.73478260869565,2021.484375,66.1961766529104,66.1961766529104,16.335227272727273
advection_diffusion_seed2,TMTM,3,C,79.59317248459959,1712.109375,34.12231301654675,34.12231301654675,13.835227272727272
advection_diffusion_seed2,TMTM,3,D,93.1638198757764,1698.046875,83.09958574381946,83.09958574381946,13.721590909090908
advection_diffusion_seed2,TMTM,4,A,26.312893081761008,1676.953125,51.11094938018311,51.11094938018311,13.551136363636363
advection_diffusion_seed2,TMTM,4,B,41.204896907216494,2046.09375,66.1677675620013,66.18197210745583,16.53409090909091
advection_diffusion_seed2,TMTM,4,C,79.96255165289256,1701.5625,34.32117665291038,34.33538119836493,13.75
advection_diffusion_seed2,TMTM,4,D,93.60369609856262,1712.109375,83.0711766529104,83.0711766529104,13.835227272727272
advection_diffusion_seed2,TMTM,5,A,26.82236842105263,1669.921875,51.08254028927402,51.08254028927402,13.494318181818182
advection_diffusion_seed2,TMTM,5,B,41.370025951557096,2032.03125,66.05413119836493,66.06833574381946,16.420454545454543
advection_diffusion_seed2,TMTM,5,C,80.25933609958506,1694.53125,34.63367665291038,34.64788119836493,13.693181818181818
advection_diffusion_seed2,TMTM,5,D,93.80357142857143,1722.65625,83.12799483472855,83.14219938018311,13.920454545454545
advection_diffusion_seed2,TMTM,6,A,27.14453125,1687.5,51.05413119836493,51.068335743819475,13.636363636363637
advection_diffusion_seed2,TMTM,6,B,41.65985370051635,2042.578125,66.1677675620013,66.1677675620013,16.505681818181817
advection_diffusion_seed2,TMTM,6,C,80.7332474226804,1705.078125,34.775722107455834,34.775722107455834,13.77840909090909
advection_diffusion_seed2,TMTM,6,D,94.15561224489795,1722.65625,83.0427675620013,83.05697210745583,13.920454545454545
advection_diffusion_seed2,TMTM,7,A,27.549582463465555,1683.984375,51.224585743819475,51.224585743819475,13.607954545454545
advection_diffusion_seed2,TMTM,7,B,42.32049036777583,2007.421875,66.1677675620013,66.1677675620013,16.22159090909091
advection_diffusion_seed2,TMTM,7,C,81.12995824634656,1683.984375,34.917767562001295,34.917767562001295,13.607954545454545
advection_diffusion_seed2,TMTM,7,D,94.5419254658385,1698.046875,82.81549483472855,82.81549483472855,13.721590909090908
advection_diffusion_seed2,TMTM,8,A,27.90047268907563,1673.4375,51.25299483472856,51.26719938018311,13.522727272727272
advection_diffusion_seed2,TMTM,8,B,42.70942408376963,2014.453125,66.1961766529104,66.1961766529104,16.27840909090909
advection_diffusion_seed2,TMTM,8,C,81.59375,1687.5,34.94617665291038,34.96038119836493,13.636363636363637
advection_diffusion_seed2,TMTM,8,D,95.0714656964657,1691.015625,82.81549483472855,82.81549483472855,13.664772727272727
advection_diffusion_seed2,TMTM,9,A,28.419811320754718,1676.953125,51.167767562001295,51.167767562001295,13.551136363636363
advection_diffusion_seed2,TMTM,9,B,43.08545694200352,2000.390625,66.05413119836493,66.05413119836493,16.164772727272727
advection_diffusion_seed2,TMTM,9,C,81.87631578947368,1669.921875,35.088222107455834,35.088222107455834,13.494318181818182
advection_diffusion_seed2,TMTM,9,D,95.52083333333333,1708.59375,82.84390392563765,82.85810847109221,13.806818181818182
advection_diffusion_seed2,TMTM,10,A,28.835526315789473,1669.921875,51.39504028927402,51.39504028927402,13.494318181818182
advection_diffusion_seed2,TMTM,10,B,43.38476909413854,1979.296875,66.1677675620013,66.1677675620013,15.994318181818182
advection_diffusion_seed2,TMTM,10,C,82.40721649484536,1705.078125,35.230267562001295,35.230267562001295,13.77840909090909
advection_diffusion_seed2,TMTM,10,D,95.98379629629629,1708.59375,83.09958574381946,83.11379028927402,13.806818181818182
advection_diffusion_seed2,TMTM,11,A,29.18238993710692,1676.953125,51.50867665291038,51.50867665291038,13.551136363636363
advection_diffusion_seed2,TMTM,11,B,43.95684257602862,1965.234375,66.25299483472855,66.25299483472855,15.880681818181818
advection_diffusion_seed2,TMTM,11,C,82.64363354037268,1698.046875,35.287085743819475,35.287085743819475,13.721590909090908
advection_diffusion_seed2,TMTM,11,D,96.06159043659044,1691.015625,82.95754028927402,82.95754028927402,13.664772727272727
advection_diffusion_seed2,TMTM,12,A,29.401427061310784,1662.890625,51.537085743819475,51.537085743819475,13.4375
advection_diffusion_seed2,TMTM,12,B,44.12994604316547,1954.6875,66.1677675620013,66.18197210745583,15.795454545454545
advection_diffusion_seed2,TMTM,12,C,83.25471698113208,1676.953125,35.25867665291038,35.25867665291038,13.551136363636363
advection_diffusion_seed2,TMTM,12,D,96.68067226890756,1673.4375,82.70185847109221,82.71606301654674,13.522727272727272
advection_diffusion_seed2,TMTM,13,A,29.988305613305613,1691.015625,51.480267562001295,51.480267562001295,13.664772727272727
advection_diffusion_seed2,TMTM,13,B,44.744165170556556,1958.203125,66.25299483472855,66.25299483472855,15.823863636363637
advection_diffusion_seed2,TMTM,13,C,83.51808176100629,1676.953125,35.17344938018311,35.17344938018311,13.551136363636363
advection_diffusion_seed2,TMTM,13,D,97.06761006289308,1676.953125,82.7586766529104,82.7586766529104,13.551136363636363
advection_diffusion_seed2,TMTM,14,A,30.37735849056604,1676.953125,51.56549483472856,51.56549483472856,13.551136363636363
advection_diffusion_seed2,TMTM,14,B,45.02717391304348,1940.625,66.1961766529104,66.21038119836493,15.681818181818182
advection_diffusion_seed2,TMTM,14,C,83.95703125,1687.5,35.17344938018311,35.187653925637655,13.636363636363637
advection_diffusion_seed2,TMTM,14,D,97.50390625,1687.5,82.87231301654674,82.8865175620013,13.636363636363637
advection_diffusion_seed2,TMTM,15,A,30.85010593220339,1659.375,51.537085743819475,51.55129028927402,13.409090909090908
advection_diffusion_seed2,TMTM,15,B,45.54106170598911,1937.109375,66.11094938018311,66.11094938018311,15.65340909090909
advection_diffusion_seed2,TMTM,15,C,84.35170807453416,1698.046875,35.2018584710922,35.2018584710922,13.721590909090908
advection_diffusion_seed2,TMTM,15,D,97.82928719008264,1701.5625,82.81549483472855,82.82969938018311,13.75
advection_diffusion_seed2,TMTM,16,A,31.05270127118644,1659.375,51.62231301654675,51.636517562001295,13.409090909090908
advection_diffusion_seed2,TMTM,16,B,45.86065573770492,1930.078125,66.1677675620013,66.1677675620013,15.596590909090908
advection_diffusion_seed2,TMTM,16,C,84.82531055900621,1698.046875,35.25867665291038,35.25867665291038,13.721590909090908
advection_diffusion_seed2,TMTM,16,D,98.16268191268192,1691.015625,82.78708574381946,82.78708574381946,13.664772727272727
advection_diffusion_seed2,TMTM,17,A,31.52122641509434,1676.953125,51.73594938018311,51.73594938018311,13.551136363636363
advection_diffusion_seed2,TMTM,17,B,46.14963503649635,1926.5625,66.30981301654674,66.3240175620013,15.568181818181818
advection_diffusion_seed2,TMTM,17,C,85.18305439330544,1680.46875,35.287085743819475,35.30129028927402,13.579545454545453
advection_diffusion_seed2,TMTM,17,D,98.5884533898305,1659.375,82.55981301654674,82.5740175620013,13.409090909090908
advection_diffusion_seed2,TMTM,18,A,31.9609375,1687.5,51.50867665291038,51.52288119836493,13.636363636363637
advection_diffusion_seed2,TMTM,18,B,46.55570652173913,1940.625,66.1961766529104,66.21038119836493,15.681818181818182
advection_diffusion_seed2,TMTM,18,C,85.57247899159664,1673.4375,35.5143584710922,35.52856301654675,13.522727272727272
advection_diffusion_seed2,TMTM,18,D,98.92875782881002,1683.984375,82.67344938018311,82.67344938018311,13.607954545454545
advection_diffusion_seed2,TMTM,19,A,32.41352201257862,1676.953125,51.537085743819475,51.537085743819475,13.551136363636363
advection_diffusion_seed2,TMTM,19,B,47.17840909090909,1933.59375,66.13935847109221,66.15356301654674,15.625
advection_diffusion_seed2,TMTM,19,C,86.05657894736842,1669.921875,35.77004028927402,35.77004028927402,13.494318181818182
advection_diffusion_seed2,TMTM,19,D,99.03444676409185,1683.984375,82.7302675620013,82.7302675620013,13.607954545454545
advection_diffusion_seed2,TMTM,20,A,32.810534591194966,1676.953125,51.650722107455834,51.650722107455834,13.551136363636363
advection_diffusion_seed2,TMTM,20,B,47.56957116788321,1926.5625,66.22458574381946,66.23879028927402,15.568181818181818
advection_diffusion_seed2,TMTM,20,C,86.4208156779661,1659.375,35.8268584710922,35.84106301654675,13.409090909090908
advection_diffusion_seed2,TMTM,20,D,99.47054140127389,1655.859375,82.64504028927402,82.64504028927402,13.380681818181818
advection_diffusion_seed2,ST-MTM,0,A,24.761029411764707,1673.4375,11.169169176986458,1.1876107014526838,20.081249971186324
advection_diffusion_seed2,ST-MTM,0,B,39.44551282051282,2056.640625,43.43418375315518,43.434183753155196,24.679687905168002
advection_diffusion_seed2,ST-MTM,0,C,78.2919254658385,1698.046875,99.24814563440476,109.43542685476534,20.376562440721155
advection_diffusion_seed2,ST-MTM,0,D,91.91692073170732,1729.6875,80.56388986527695,80.56388986527695,20.756249682924526
advection_diffusion_seed2,ST-MTM,1,A,25.172275641025642,1645.3125,11.205578343890863,1.586078376532015,19.860808737276926
advection_diffusion_seed2,ST-MTM,1,B,39.70474137931034,2039.0625,43.36912240444765,43.369122404447666,24.613826734874763
advection_diffusion_seed2,ST-MTM,1,C,78.70389344262296,1715.625,99.36404403375215,109.7178230856361,20.709558103767872
advection_diffusion_seed2,ST-MTM,1,D,92.14011270491804,1715.625,80.47664364773269,80.47664364773269,20.70955642408044
advection_diffusion_seed2,ST-MTM,2,A,25.52061310782241,1662.890625,11.198115468950888,1.2928487464671434,20.132692346180534
advection_diffusion_seed2,ST-MTM,2,B,40.16243545611015,2042.578125,43.36339439003035,43.36339439003032,24.729544349877827
advection_diffusion_seed2,ST-MTM,2,C,79.16111680327869,1715.625,99.30849288874495,109.69305560769062,20.77112543789134
advection_diffusion_seed2,ST-MTM,2,D,92.67069327731092,1673.4375,80.54538568209716,80.54538568209713,20.260387866050305
advection_diffusion_seed2,ST-MTM,3,A,25.912341101694917,1659.375,11.162903683587245,1.3104423240513654,20.10008699777056
advection_diffusion_seed2,ST-MTM,3,B,40.73478260869565,2021.484375,43.421671478727845,43.42167147872783,24.486318456009528
advection_diffusion_seed2,ST-MTM,3,C,79.59317248459959,1712.109375,99.26774988853185,109.63616721993391,20.738834662804102
advection_diffusion_seed2,ST-MTM,3,D,93.1638198757764,1698.046875,80.56306337897638,80.56306337897638,20.56850988341581
advection_diffusion_seed2,ST-MTM,4,A,26.312893081761008,1676.953125,11.109768998607137,1.0781265749567552,20.182914675062904
advection_diffusion_seed2,ST-MTM,4,B,41.204896907216494,2046.09375,43.4856825265434,43.485682526543414,24.62570978147898
advection_diffusion_seed2,ST-MTM,4,C,79.96255165289256,1701.5625,99.23542035199395,109.47396974958266,20.479098795177425
advection_diffusion_seed2,ST-MTM,4,D,93.60369609856262,1712.109375,80.58451655267886,80.58451655267885,20.6060267482807
advection_diffusion_seed2,ST-MTM,5,A,26.82236842105263,1669.921875,11.259292119089793,1.2447798613380883,20.147916460280086
advection_diffusion_seed2,ST-MTM,5,B,41.370025951557096,2032.03125,43.42235143157198,43.422351431572,24.51683663786453
advection_diffusion_seed2,ST-MTM,5,C,80.25933609958506,1694.53125,99.20379916485336,109.4252155867588,20.444832843810858
advection_diffusion_seed2,ST-MTM,5,D,93.80357142857143,1722.65625,80.52994571430821,80.5299457143082,20.784164058044517
advection_diffusion_seed2,ST-MTM,6,A,27.14453125,1687.5,11.173469254695505,1.0912353620352349,20.249999851078897
advection_diffusion_seed2,ST-MTM,6,B,41.65985370051635,2042.578125,43.402681307330624,43.402681307330624,24.510939450514314
advection_diffusion_seed2,ST-MTM,6,C,80.7332474226804,1705.078125,99.27513375752972,109.50460237012952,20.460937225199583
advection_diffusion_seed2,ST-MTM,6,D,94.15561224489795,1722.65625,80.5641041102675,80.5641041102675,20.671873473207203
advection_diffusion_seed2,ST-MTM,7,A,27.549582463465555,1683.984375,11.139869091482666,0.9164391278295625,20.448859927306202
advection_diffusion_seed2,ST-MTM,7,B,42.32049036777583,2007.421875,43.50426018697368,43.50426018697367,24.376407215996245
advection_diffusion_seed2,ST-MTM,7,C,81.12995824634656,1683.984375,99.28759502329501,109.51102498694812,20.44885992730621
advection_diffusion_seed2,ST-MTM,7,D,94.5419254658385,1698.046875,80.48366412807198,80.48366412807198,20.619622929391337
advection_diffusion_seed2,ST-MTM,8,A,27.90047268907563,1673.4375,11.109859979411212,0.9744415800489605,20.341004872848103
advection_diffusion_seed2,ST-MTM,8,B,42.70942408376963,2014.453125,43.46969304491691,43.46969304491691,24.486164277561045
advection_diffusion_seed2,ST-MTM,8,C,81.59375,1687.5,99.29791585927121,109.55288331894621,20.511934919350008
advection_diffusion_seed2,ST-MTM,8,D,95.0714656964657,1691.015625,80.537919546224,80.537919546224,20.554645930240856
advection_diffusion_seed2,ST-MTM,9,A,28.419811320754718,1676.953125,11.211390264887271,1.0052854443060255,20.414209641162515
advection_diffusion_seed2,ST-MTM,9,B,43.08545694200352,2000.390625,43.441561997883525,43.441561997883525,24.35154148063532
advection_diffusion_seed2,ST-MTM,9,C,81.87631578947368,1669.921875,99.22880978493406,109.37527177173587,20.328615470780296
advection_diffusion_seed2,ST-MTM,9,D,95.52083333333333,1708.59375,80.53362638211848,80.53362638211848,20.799383407421875
advection_diffusion_seed2,ST-MTM,10,A,28.835526315789473,1669.921875,11.187719970645261,1.1579789380788554,20.3083860568712
advection_diffusion_seed2,ST-MTM,10,B,43.38476909413854,1979.296875,43.373206348935824,43.373206348935824,24.07075866901142
advection_diffusion_seed2,ST-MTM,10,C,82.40721649484536,1705.078125,99.25950040978029,109.62645886063585,20.735916901711143
advection_diffusion_seed2,ST-MTM,10,D,95.98379629629629,1708.59375,80.59496170046197,80.59496170046195,20.778688372406236
advection_diffusion_seed2,ST-MTM,11,A,29.18238993710692,1676.953125,11.2363520970016,1.0451888737325703,20.485659375002015
advection_diffusion_seed2,ST-MTM,11,B,43.95684257602862,1965.234375,43.52881274057472,43.52881274057472,24.007303124998195
advection_diffusion_seed2,ST-MTM,11,C,82.64363354037268,1698.046875,99.21102732803064,109.58169764053162,20.743340625001963
advection_diffusion_seed2,ST-MTM,11,D,96.06159043659044,1691.015625,80.43919626421638,80.43919626421636,20.657446874997824
advection_diffusion_seed2,ST-MTM,12,A,29.401427061310784,1662.890625,11.104377158821677,0.8904376929793898,20.498357088802564
advection_diffusion_seed2,ST-MTM,12,B,44.12994604316547,1954.6875,43.38306677148434,43.38306677148435,24.095320383448026
advection_diffusion_seed2,ST-MTM,12,C,83.25471698113208,1676.953125,99.32675450784826,109.66160686657847,20.671704717460422
advection_diffusion_seed2,ST-MTM,12,D,96.68067226890756,1673.4375,80.60118999166906,80.60118999166905,20.62836781028897
advection_diffusion_seed2,ST-MTM,13,A,29.988305613305613,1691.015625,11.24008652658354,0.8708822720636391,20.74040850903981
advection_diffusion_seed2,ST-MTM,13,B,44.744165170556556,1958.203125,43.46071624260324,43.46071624260324,24.017479292165326
advection_diffusion_seed2,ST-MTM,13,C,83.51808176100629,1676.953125,99.1834233995623,109.43230612933748,20.567931099401328
advection_diffusion_seed2,ST-MTM,13,D,97.06761006289308,1676.953125,80.53116226107424,80.53116226107423,20.567931099393537
advection_diffusion_seed2,ST-MTM,14,A,30.37735849056604,1676.953125,11.246069836887258,0.9729850601152066,20.59895361991012
advection_diffusion_seed2,ST-MTM,14,B,45.02717391304348,1940.625,43.40576331828106,43.40576331828106,23.837782805429313
advection_diffusion_seed2,ST-MTM,14,C,83.95703125,1687.5,99.19558074723437,109.55883414089982,20.728506787330915
advection_diffusion_seed2,ST-MTM,14,D,97.50390625,1687.5,80.56797452742065,80.56797452742063,20.728506787329668
advection_diffusion_seed2,ST-MTM,15,A,30.85010593220339,1659.375,11.277497628639622,1.2492498414032696,20.37278894472378
advection_diffusion_seed2,ST-MTM,15,B,45.54106170598911,1937.109375,43.43669414279185,43.436694142791865,23.78264133165814
advection_diffusion_seed2,ST-MTM,15,C,84.35170807453416,1698.046875,99.23027337406768,109.65306263286173,20.847578517588097
advection_diffusion_seed2,ST-MTM,15,D,97.82928719008264,1701.5625,80.47092328432419,80.47092328432417,20.89074120602998
advection_diffusion_seed2,ST-MTM,16,A,31.05270127118644,1659.375,11.142100575537086,1.0831871073980324,20.424105793451133
advection_diffusion_seed2,ST-MTM,16,B,45.86065573770492,1930.078125,43.45538304539265,43.45538304539265,23.756004408060228
advection_diffusion_seed2,ST-MTM,16,C,84.82531055900621,1698.046875,99.29829333900965,109.7473389939216,20.900091309823924
advection_diffusion_seed2,ST-MTM,16,D,98.16268191268192,1691.015625,80.51961146988394,80.51961146988394,20.81354848866472
advection_diffusion_seed2,ST-MTM,17,A,31.52122641509434,1676.953125,11.194915677460386,0.8320089595421507,20.744971518989715
advection_diffusion_seed2,ST-MTM,17,B,46.14963503649635,1926.5625,43.407634026282224,43.40763402628224,23.83279746835229
advection_diffusion_seed2,ST-MTM,17,C,85.18305439330544,1680.46875,99.25739809170607,109.65062910436546,20.788462025318807
advection_diffusion_seed2,ST-MTM,17,D,98.5884533898305,1659.375,80.55544063437466,80.55544063437466,20.527518987339192
advection_diffusion_seed2,ST-MTM,18,A,31.9609375,1687.5,11.221221723961932,0.8475362685010595,20.749370910921755
advection_diffusion_seed2,ST-MTM,18,B,46.55570652173913,1940.625,43.42412218884155,43.42412218884155,23.86177654755842
advection_diffusion_seed2,ST-MTM,18,C,85.57247899159664,1673.4375,99.2337930512148,109.48712030024694,20.5764594866641
advection_diffusion_seed2,ST-MTM,18,D,98.92875782881002,1683.984375,80.53625146580504,80.53625146580504,20.706143054855715
advection_diffusion_seed2,ST-MTM,19,A,32.41352201257862,1676.953125,11.269085263054961,0.9290154119694307,20.682139702171085
advection_diffusion_seed2,ST-MTM,19,B,47.17840909090909,1933.59375,43.56450424378572,43.56450424378572,23.847330893487715
advection_diffusion_seed2,ST-MTM,19,C,86.05657894736842,1669.921875,99.20984732312374,109.48956713695023,20.59542213528568
advection_diffusion_seed2,ST-MTM,19,D,99.03444676409185,1683.984375,80.37195159985893,80.37195159985892,20.768857269055527
advection_diffusion_seed2,ST-MTM,20,A,32.810534591194966,1676.953125,11.300050822588105,0.8916710588672458,20.818759527441713
advection_diffusion_seed2,ST-MTM,20,B,47.56957116788321,1926.5625,43.56029667215398,43.56029667215398,23.917568597558507
advection_diffusion_seed2,ST-MTM,20,C,86.4208156779661,1659.375,99.19641550026884,109.45269059839612,20.60053353658813
advection_diffusion_seed2,ST-MTM,20,D,99.47054140127389,1655.859375,80.35862543481241,80.35862543481241,20.556888338411643
advection_diffusion_seed2,RA-MTM,0,A,24.761029411764707,1673.4375,13.452000619689722,13.45200136463991,20.08125
advection_diffusion_seed2,RA-MTM,0,B,39.44551282051282,2056.640625,40.92232586794464,40.92233382066339,24.6796875
advection_diffusion_seed2,RA-MTM,0,C,78.2919254658385,1698.046875,91.49602466127291,96.5901652862729,20.376562500000002
advection_diffusion_seed2,RA-MTM,0,D,91.91692073170732,1729.6875,80.71282153627291,75.5237590362729,20.75625
advection_diffusion_seed2,RA-MTM,1,A,25.172275641025642,1645.3125,13.82765277866904,13.827653927040897,19.743750000000002
advection_diffusion_seed2,RA-MTM,1,B,39.70474137931034,2039.0625,41.17019184848132,41.17020130840188,24.46875
advection_diffusion_seed2,RA-MTM,1,C,78.70389344262296,1715.625,91.81887807377049,96.96575307377049,20.587500000000002
advection_diffusion_seed2,RA-MTM,1,D,92.14011270491804,1715.625,81.02512807377049,75.8782530737705,20.587500000000002
advection_diffusion_seed2,RA-MTM,2,A,25.52061310782241,1662.890625,14.238175665556328,14.238175665518375,19.954687500000002
advection_diffusion_seed2,RA-MTM,2,B,40.16243545611015,2042.578125,41.63235780970234,41.63235780909136,24.5109375
advection_diffusion_seed2,RA-MTM,2,C,79.16111680327869,1715.625,92.24949879029481,97.3963737902948,20.587500000000002
advection_diffusion_seed2,RA-MTM,2,D,92.67069327731092,1673.4375,81.58231129029481,76.56199879029481,20.08125
advection_diffusion_seed2,RA-MTM,3,A,25.912341101694917,1659.375,14.667295243805162,14.66729524380516,19.9125
advection_diffusion_seed2,RA-MTM,3,B,40.73478260869565,2021.484375,42.1867478606433,42.1867478606433,24.2578125
advection_diffusion_seed2,RA-MTM,3,C,79.59317248459959,1712.109375,92.743730555188,97.880058680188,20.5453125
advection_diffusion_seed2,RA-MTM,3,D,93.1638198757764,1698.046875,82.013261805188,76.919121180188,20.376562500000002
advection_diffusion_seed2,RA-MTM,4,A,26.312893081761008,1676.953125,15.046661656697083,15.046661656697083,20.1234375
advection_diffusion_seed2,RA-MTM,4,B,41.204896907216494,2046.09375,42.66138068354441,42.66138068354441,24.553125
advection_diffusion_seed2,RA-MTM,4,C,79.96255165289256,1701.5625,93.15363168822759,98.25831918822759,20.41875
advection_diffusion_seed2,RA-MTM,4,D,93.60369609856262,1712.109375,82.41261606322759,77.2762879382276,20.5453125
advection_diffusion_seed2,RA-MTM,5,A,26.82236842105263,1669.921875,15.52736858403602,15.52736840183518,20.0390625
advection_diffusion_seed2,RA-MTM,5,B,41.370025951557096,2032.03125,42.85858081570633,42.858582270088746,24.384375000000002
advection_diffusion_seed2,RA-MTM,5,C,80.25933609958506,1694.53125,93.40723501407824,98.49082876407824,20.334375
advection_diffusion_seed2,RA-MTM,5,D,93.80357142857143,1722.65625,82.65567251407823,77.48770376407823,20.671875
advection_diffusion_seed2,RA-MTM,6,A,27.14453125,1687.5,15.79292064070375,15.792920487499732,20.25
advection_diffusion_seed2,RA-MTM,6,B,41.65985370051635,2042.578125,43.18445126693273,43.184452258779665,24.5109375
advection_diffusion_seed2,RA-MTM,6,C,80.7332474226804,1705.078125,93.83603139628917,98.95126577128917,20.4609375
advection_diffusion_seed2,RA-MTM,6,D,94.15561224489795,1722.65625,83.05282827128917,77.88485952128917,20.671875
advection_diffusion_seed2,RA-MTM,7,A,27.549582463465555,1683.984375,16.202052725052905,16.202051538834684,20.2078125
advection_diffusion_seed2,RA-MTM,7,B,42.32049036777583,2007.421875,43.788748606955636,43.788753743342106,24.0890625
advection_diffusion_seed2,RA-MTM,7,C,81.12995824634656,1683.984375,94.15898873109253,99.21094185609253,20.2078125
advection_diffusion_seed2,RA-MTM,7,D,94.5419254658385,1698.046875,83.51289498109253,78.41875435609253,20.376562500000002
advection_diffusion_seed2,RA-MTM,8,A,27.90047268907563,1673.4375,16.592641336057337,16.592648415624158,20.08125
advection_diffusion_seed2,RA-MTM,8,B,42.70942408376963,2014.453125,44.17168655400467,44.17168263227443,24.173437500000002
advection_diffusion_seed2,RA-MTM,8,C,81.59375,1687.5,94.65038128573283,99.71288128573283,20.25
advection_diffusion_seed2,RA-MTM,8,D,95.0714656964657,1691.015625,84.01483441073283,78.94178753573283,20.2921875
advection_diffusion_seed2,RA-MTM,9,A,28.419811320754718,1676.953125,17.122534804741633,17.1225455353281,20.1234375
advection_diffusion_seed2,RA-MTM,9,B,43.08545694200352,2000.390625,44.55151613595659,44.55152699334918,24.0046875
advection_diffusion_seed2,RA-MTM,9,C,81.87631578947368,1669.921875,95.0163479989035,100.0261136239035,20.0390625
advection_diffusion_seed2,RA-MTM,9,D,95.52083333333333,1708.59375,84.3808011239035,79.2550198739035,20.503125
advection_diffusion_seed2,RA-MTM,10,A,28.835526315789473,1669.921875,17.52614351318116,17.526151973009625,20.0390625
advection_diffusion_seed2,RA-MTM,10,B,43.38476909413854,1979.296875,44.890606141222776,44.89060429252824,23.751562500000002
advection_diffusion_seed2,RA-MTM,10,C,82.40721649484536,1705.078125,95.56601420807081,100.68124858307081,20.4609375
advection_diffusion_seed2,RA-MTM,10,D,95.98379629629629,1708.59375,84.82499858307081,79.6992173330708,20.503125
advection_diffusion_seed2,RA-MTM,11,A,29.18238993710692,1676.953125,17.87535452302423,17.87535781144423,20.1234375
advection_diffusion_seed2,RA-MTM,11,B,43.95684257602862,1965.234375,45.407722465419624,45.40774594212989,23.5828125
advection_diffusion_seed2,RA-MTM,11,C,82.64363354037268,1698.046875,95.68620573848156,100.78034636348156,20.376562500000002
advection_diffusion_seed2,RA-MTM,11,D,96.06159043659044,1691.015625,85.01901823848156,79.94597136348156,20.2921875
advection_diffusion_seed2,RA-MTM,12,A,29.401427061310784,1662.890625,18.125865804134296,18.12587354728206,19.954687500000002
advection_diffusion_seed2,RA-MTM,12,B,44.12994604316547,1954.6875,45.6163452073528,45.616357734718235,23.45625
advection_diffusion_seed2,RA-MTM,12,C,83.25471698113208,1676.953125,96.24328056251981,101.27413993751982,20.1234375
advection_diffusion_seed2,RA-MTM,12,D,96.68067226890756,1673.4375,85.6921086875198,80.67179618751982,20.08125
advection_diffusion_seed2,RA-MTM,13,A,29.988305613305613,1691.015625,18.747207669397174,18.74722823013457,20.2921875
advection_diffusion_seed2,RA-MTM,13,B,44.744165170556556,1958.203125,46.20730900927667,46.20728415678029,23.4984375
advection_diffusion_seed2,RA-MTM,13,C,83.51808176100629,1676.953125,96.57370528694969,101.6045646619497,20.1234375
advection_diffusion_seed2,RA-MTM,13,D,97.06761006289308,1676.953125,86.01198653694969,80.98112716194969,20.1234375
advection_diffusion_seed2,RA-MTM,14,A,30.37735849056604,1676.953125,19.135723138988048,19.13572479935947,20.1234375
advection_diffusion_seed2,RA-MTM,14,B,45.02717391304348,1940.625,46.5114949236841,46.511496561699175,23.2875
advection_diffusion_seed2,RA-MTM,14,C,83.95703125,1687.5,97.04296875,102.10546875,20.25
advection_diffusion_seed2,RA-MTM,14,D,97.50390625,1687.5,86.41796875,81.35546875,20.25
advection_diffusion_seed2,RA-MTM,15,A,30.85010593220339,1659.375,19.593065766385255,19.593071071613526,19.9125
advection_diffusion_seed2,RA-MTM,15,B,45.54106170598911,1937.109375,46.990769952528915,46.99077458898096,23.2453125
advection_diffusion_seed2,RA-MTM,15,C,84.35170807453416,1698.046875,97.4399116948084,102.5340523198084,20.376562500000002
advection_diffusion_seed2,RA-MTM,15,D,97.82928719008264,1701.5625,86.7410835698084,81.6363960698084,20.41875
advection_diffusion_seed2,RA-MTM,16,A,31.05270127118644,1659.375,19.775906634399067,19.77590858041651,19.9125
advection_diffusion_seed2,RA-MTM,16,B,45.86065573770492,1930.078125,47.32440866042312,47.324404931654946,23.1609375
advection_diffusion_seed2,RA-MTM,16,C,84.82531055900621,1698.046875,97.82758998584407,102.92173061084407,20.376562500000002
advection_diffusion_seed2,RA-MTM,16,D,98.16268191268192,1691.015625,87.16040248584407,82.08735561084407,20.2921875
advection_diffusion_seed2,RA-MTM,17,A,31.52122641509434,1676.953125,20.242480282047687,20.242482404375608,20.1234375
advection_diffusion_seed2,RA-MTM,17,B,46.14963503649635,1926.5625,47.64566781170346,47.645671617337925,23.118750000000002
advection_diffusion_seed2,RA-MTM,17,C,85.18305439330544,1680.46875,98.14551951656797,103.18692576656797,20.165625000000002
advection_diffusion_seed2,RA-MTM,17,D,98.5884533898305,1659.375,87.62598826656797,82.64786326656797,19.9125
advection_diffusion_seed2,RA-MTM,18,A,31.9609375,1687.5,20.666611592342093,20.66661159233827,20.25
advection_diffusion_seed2,RA-MTM,18,B,46.55570652173913,1940.625,48.06277277663421,48.06277277585293,23.2875
advection_diffusion_seed2,RA-MTM,18,C,85.57247899159664,1673.4375,98.53675122270333,103.55706372270333,20.08125
advection_diffusion_seed2,RA-MTM,18,D,98.92875782881002,1683.984375,87.96448559770333,82.91253247270333,20.2078125
advection_diffusion_seed2,RA-MTM,19,A,32.41352201257862,1676.953125,21.120843820584742,21.12084382058431,20.1234375
advection_diffusion_seed2,RA-MTM,19,B,47.17840909090909,1933.59375,48.6488398572475,48.64883985721026,23.203125
advection_diffusion_seed2,RA-MTM,19,C,86.05657894736842,1669.921875,98.82637223073014,103.83613785573014,20.0390625
advection_diffusion_seed2,RA-MTM,19,D,99.03444676409185,1683.984375,88.26465348073015,83.21270035573014,20.2078125
advection_diffusion_seed2,RA-MTM,20,A,32.810534591194966,1676.953125,21.537510268582565,21.537510268582228,20.1234375
advection_diffusion_seed2,RA-MTM,20,B,47.56957116788321,1926.5625,49.02608000443578,49.02608000440692,23.118750000000002
advection_diffusion_seed2,RA-MTM,20,C,86.4208156779661,1659.375,99.16853010211999,104.14665510212,19.9125
advection_diffusion_seed2,RA-MTM,20,D,99.47054140127389,1655.859375,88.72282697711998,83.75524885211999,19.8703125
advection_diffusion_seed3,TMTM,0,A,24.375,1944.140625,50.53129959089547,50.53129959089547,15.710227272727272
advection_diffusion_seed3,TMTM,0,B,39.50797872340426,1982.8125,66.41198140907728,66.42618595453183,16.022727272727273
advection_diffusion_seed3,TMTM,0,C,77.02130390143738,1712.109375,32.9460723181682,32.9460723181682,13.835227272727272
advection_diffusion_seed3,TMTM,0,D,92.5845521023766,1923.046875,83.59948140907728,83.59948140907728,15.539772727272727
advection_diffusion_seed3,TMTM,1,A,24.66113105924596,1958.203125,50.30402686362274,50.30402686362274,15.823863636363637
advection_diffusion_seed3,TMTM,1,B,39.85940246045694,2000.390625,66.32675413635002,66.32675413635002,16.164772727272727
advection_diffusion_seed3,TMTM,1,C,77.48321280991736,1701.5625,32.974481409077285,32.98868595453183,13.75
advection_diffusion_seed3,TMTM,1,D,92.9358108108108,1951.171875,83.74152686362274,83.74152686362274,15.767045454545453
advection_diffusion_seed3,TMTM,2,A,25.111363636363638,1933.59375,50.38925413635001,50.40345868180456,15.625
advection_diffusion_seed3,TMTM,2,B,40.25066844919786,1972.265625,66.21311777271364,66.21311777271364,15.9375
advection_diffusion_seed3,TMTM,2,C,77.89630977130977,1691.015625,33.20175413635001,33.20175413635001,13.664772727272727
advection_diffusion_seed3,TMTM,2,D,93.57368896925858,1944.140625,83.88357231816819,83.88357231816819,15.710227272727272
advection_diffusion_seed3,TMTM,3,A,25.46875,1940.625,50.474481409077285,50.48868595453183,15.681818181818182
advection_diffusion_seed3,TMTM,3,B,40.608377659574465,1982.8125,66.3551632272591,66.36936777271364,16.022727272727273
advection_diffusion_seed3,TMTM,3,C,78.43814168377824,1712.109375,33.173345045440925,33.173345045440925,13.835227272727272
advection_diffusion_seed3,TMTM,3,D,93.75,1937.109375,83.82675413635002,83.82675413635002,15.65340909090909
advection_diffusion_seed3,TMTM,4,A,25.846994535519126,1930.078125,50.70175413635001,50.70175413635001,15.596590909090908
advection_diffusion_seed3,TMTM,4,B,41.029804270462634,1975.78125,66.49720868180457,66.5114132272591,15.96590909090909
advection_diffusion_seed3,TMTM,4,C,78.71932515337423,1719.140625,33.2585723181682,33.2585723181682,13.892045454545453
advection_diffusion_seed3,TMTM,4,D,94.15004638218925,1894.921875,83.51425413635002,83.51425413635002,15.3125
advection_diffusion_seed3,TMTM,5,A,26.29431818181818,1933.59375,50.64493595453183,50.65914049998638,15.625
advection_diffusion_seed3,TMTM,5,B,41.43382352941177,1972.265625,66.46879959089547,66.46879959089547,15.9375
advection_diffusion_seed3,TMTM,5,C,79.02876782077394,1726.171875,33.20175413635001,33.20175413635001,13.948863636363637
advection_diffusion_seed3,TMTM,5,D,94.64449541284404,1916.015625,83.68470868180457,83.68470868180457,15.482954545454545
advection_diffusion_seed3,TMTM,6,A,26.862522686025407,1937.109375,50.70175413635001,50.70175413635001,15.65340909090909
advection_diffusion_seed3,TMTM,6,B,41.9367145421903,1958.203125,66.46879959089547,66.46879959089547,15.823863636363637
advection_diffusion_seed3,TMTM,6,C,79.4286809815951,1719.140625,33.40061777271365,33.40061777271365,13.892045454545453
advection_diffusion_seed3,TMTM,6,D,94.91628440366972,1916.015625,83.8551632272591,83.8551632272591,15.482954545454545
advection_diffusion_seed3,TMTM,7,A,27.14318181818182,1933.59375,50.81539049998638,50.829595045440925,15.625
advection_diffusion_seed3,TMTM,7,B,42.23488267148014,1947.65625,66.52561777271364,66.53982231816819,15.738636363636363
advection_diffusion_seed3,TMTM,7,C,79.73484848484848,1740.234375,33.230163227259105,33.230163227259105,14.0625
advection_diffusion_seed3,TMTM,7,D,95.31135110294117,1912.5,83.91198140907728,83.92618595453183,15.454545454545453
advection_diffusion_seed3,TMTM,8,A,27.427007299270073,1926.5625,50.7585723181682,50.77277686362274,15.568181818181818
advection_diffusion_seed3,TMTM,8,B,42.65625,1968.75,66.52561777271364,66.53982231816819,15.909090909090908
advection_diffusion_seed3,TMTM,8,C,80.37069838056681,1736.71875,33.34379959089547,33.35800413635001,14.034090909090908
advection_diffusion_seed3,TMTM,8,D,95.82564575645756,1905.46875,83.74152686362274,83.75573140907728,15.397727272727272
advection_diffusion_seed3,TMTM,9,A,27.872077338129497,1954.6875,50.84379959089547,50.85800413635001,15.795454545454545
advection_diffusion_seed3,TMTM,9,B,43.008436944937834,1979.296875,66.78129959089547,66.78129959089547,15.994318181818182
advection_diffusion_seed3,TMTM,9,C,80.80339068825911,1736.71875,33.542663227259105,33.55686777271365,14.034090909090908
advection_diffusion_seed3,TMTM,9,D,96.37640449438203,1877.34375,83.51425413635002,83.52845868180457,15.170454545454545
advection_diffusion_seed3,TMTM,10,A,28.391411870503596,1954.6875,50.70175413635001,50.71595868180456,15.795454545454545
advection_diffusion_seed3,TMTM,10,B,43.43694096601073,1965.234375,66.58243595453183,66.58243595453183,15.880681818181818
advection_diffusion_seed3,TMTM,10,C,81.06776180698152,1712.109375,33.65629959089547,33.65629959089547,13.835227272727272
advection_diffusion_seed3,TMTM,10,D,96.5625,1898.4375,83.59948140907728,83.61368595453183,15.34090909090909
advection_diffusion_seed3,TMTM,11,A,28.8736388384755,1937.109375,50.87220868180456,50.87220868180456,15.65340909090909
advection_diffusion_seed3,TMTM,11,B,43.845628415300546,1930.078125,66.52561777271364,66.52561777271364,15.596590909090908
advection_diffusion_seed3,TMTM,11,C,81.40178571428571,1722.65625,33.96879959089547,33.98300413635001,13.920454545454545
advection_diffusion_seed3,TMTM,11,D,96.87268946395564,1901.953125,83.76993595453183,83.76993595453183,15.369318181818182
advection_diffusion_seed3,TMTM,12,A,29.130930656934307,1926.5625,50.90061777271365,50.9148223181682,15.568181818181818
advection_diffusion_seed3,TMTM,12,B,44.129341864716636,1923.046875,66.49720868180457,66.49720868180457,15.539772727272727
advection_diffusion_seed3,TMTM,12,C,81.9390368852459,1715.625,34.08243595453183,34.09664049998638,13.863636363636363
advection_diffusion_seed3,TMTM,12,D,97.17936802973978,1891.40625,83.65629959089547,83.67050413635002,15.284090909090908
advection_diffusion_seed3,TMTM,13,A,29.45893829401089,1937.109375,51.01425413635001,51.01425413635001,15.65340909090909
advection_diffusion_seed3,TMTM,13,B,44.597727272727276,1933.59375,66.6676632272591,66.68186777271364,15.625
advection_diffusion_seed3,TMTM,13,C,82.32433808553971,1726.171875,34.1960723181682,34.1960723181682,13.948863636363637
advection_diffusion_seed3,TMTM,13,D,97.53537735849056,1863.28125,83.40061777271364,83.41482231816819,15.056818181818182
advection_diffusion_seed3,TMTM,14,A,29.948583180987203,1923.046875,51.15629959089547,51.15629959089547,15.539772727272727
advection_diffusion_seed3,TMTM,14,B,45.05514705882353,1912.5,66.6676632272591,66.68186777271364,15.454545454545453
advection_diffusion_seed3,TMTM,14,C,82.62269938650307,1719.140625,34.30970868180456,34.30970868180456,13.892045454545453
advection_diffusion_seed3,TMTM,14,D,97.86498091603053,1842.1875,83.40061777271364,83.41482231816819,14.886363636363637
advection_diffusion_seed3,TMTM,15,A,30.44280442804428,1905.46875,51.15629959089547,51.17050413635001,15.397727272727272
advection_diffusion_seed3,TMTM,15,B,45.51640480591497,1901.953125,66.58243595453183,66.58243595453183,15.369318181818182
advection_diffusion_seed3,TMTM,15,C,83.03406762295081,1715.625,34.45175413635001,34.46595868180456,13.863636363636363
advection_diffusion_seed3,TMTM,15,D,98.20223384030419,1849.21875,83.57107231816819,83.58527686362274,14.943181818181818
advection_diffusion_seed3,TMTM,16,A,30.74861367837338,1901.953125,51.21311777271365,51.21311777271365,15.369318181818182
advection_diffusion_seed3,TMTM,16,B,45.817486085343226,1894.921875,66.58243595453183,66.58243595453183,15.3125
advection_diffusion_seed3,TMTM,16,C,83.43365778688525,1715.625,34.28129959089547,34.29550413635001,13.863636363636363
advection_diffusion_seed3,TMTM,16,D,98.45532319391636,1849.21875,83.5426632272591,83.55686777271364,14.943181818181818
advection_diffusion_seed3,TMTM,17,A,31.202369888475836,1891.40625,51.3835723181682,51.39777686362274,15.284090909090908
advection_diffusion_seed3,TMTM,17,B,46.21159217877095,1887.890625,66.69607231816819,66.69607231816819,15.255681818181818
advection_diffusion_seed3,TMTM,17,C,83.97925204918033,1715.625,34.45175413635001,34.46595868180456,13.863636363636363
advection_diffusion_seed3,TMTM,17,D,98.72330097087378,1810.546875,83.45743595453183,83.45743595453183,14.630681818181818
advection_diffusion_seed3,TMTM,18,A,31.4567843866171,1891.40625,51.411981409077285,51.42618595453183,15.284090909090908
advection_diffusion_seed3,TMTM,18,B,46.49722735674676,1901.953125,66.78129959089547,66.78129959089547,15.369318181818182
advection_diffusion_seed3,TMTM,18,C,84.41334355828221,1719.140625,34.536981409077285,34.536981409077285,13.892045454545453
advection_diffusion_seed3,TMTM,18,D,99.13139763779527,1785.9375,83.28698140907728,83.30118595453183,14.431818181818182
advection_diffusion_seed3,TMTM,19,A,31.96561338289963,1891.40625,51.49720868180456,51.511413227259105,15.284090909090908
advection_diffusion_seed3,TMTM,19,B,47.20957249070632,1891.40625,66.80970868180457,66.8239132272591,15.284090909090908
advection_diffusion_seed3,TMTM,19,C,84.5398773006135,1719.140625,34.59379959089547,34.59379959089547,13.892045454545453
advection_diffusion_seed3,TMTM,19,D,99.43440594059406,1775.390625,83.37220868180457,83.37220868180457,14.346590909090908
advection_diffusion_seed3,TMTM,20,A,32.44656133828996,1891.40625,51.44039049998638,51.454595045440925,15.284090909090908
advection_diffusion_seed3,TMTM,20,B,47.43055555555556,1898.4375,66.78129959089547,66.79550413635002,15.34090909090909
advection_diffusion_seed3,TMTM,20,C,85.00127291242363,1726.171875,34.56539049998638,34.56539049998638,13.948863636363637
advection_diffusion_seed3,TMTM,20,D,99.57391944990177,1789.453125,83.51425413635002,83.51425413635002,14.460227272727272
advection_diffusion_seed3,ST-MTM,0,A,24.375,1944.140625,10.551998582198777,-1.1118451677832866,23.32968749996415
advection_diffusion_seed3,ST-MTM,0,B,39.50797872340426,1982.8125,43.267015959378,43.267015959378,23.79375000002117
advection_diffusion_seed3,ST-MTM,0,C,77.02130390143738,1712.109375,99.29412638667297,108.39735638645575,20.545312500026156
advection_diffusion_seed3,ST-MTM,0,D,92.5845521023766,1923.046875,80.37569379896851,80.37569379896851,23.076562499988533
advection_diffusion_seed3,ST-MTM,1,A,24.66113105924596,1958.203125,10.47783136805657,-1.1944109096565683,23.346484555426287
advection_diffusion_seed3,ST-MTM,1,B,39.85940246045694,2000.390625,43.25494639205914,43.25494639205915,23.849460883372274
advection_diffusion_seed3,ST-MTM,1,C,77.48321280991736,1701.5625,99.36857333499913,108.2001092549319,20.28671189376513
advection_diffusion_seed3,ST-MTM,1,D,92.9358108108108,1951.171875,80.38748363210343,80.38748363210341,23.262655167436318
advection_diffusion_seed3,ST-MTM,2,A,25.111363636363638,1933.59375,10.488135285822324,-1.1448791372545912,23.26802884615384
advection_diffusion_seed3,ST-MTM,2,B,40.25066844919786,1972.265625,43.174370631244344,43.17437063124436,23.73338942307693
advection_diffusion_seed3,ST-MTM,2,C,77.89630977130977,1691.015625,99.37305700209558,108.28661138717098,20.348948863636366
advection_diffusion_seed3,ST-MTM,2,D,93.57368896925858,1944.140625,80.453271808056,80.453271808056,23.394945367132866
advection_diffusion_seed3,ST-MTM,3,A,25.46875,1940.625,10.501364466999433,-1.1251686109938532,23.255066155986583
advection_diffusion_seed3,ST-MTM,3,B,40.608377659574465,1982.8125,43.169359811359854,43.169359811359854,23.760611072424496
advection_diffusion_seed3,ST-MTM,3,C,78.43814168377824,1712.109375,99.41076427903808,108.50211182989868,20.516697858636793
advection_diffusion_seed3,ST-MTM,3,D,93.75,1937.109375,80.40734616982087,80.40734616982087,23.212937412952154
advection_diffusion_seed3,ST-MTM,4,A,25.846994535519126,1930.078125,10.516775477747004,-1.1276608381427877,23.290872631779607
advection_diffusion_seed3,ST-MTM,4,B,41.029804270462634,1975.78125,43.1652773118105,43.16527731181051,23.842386922678358
advection_diffusion_seed3,ST-MTM,4,C,78.71932515337423,1719.140625,99.45377046003321,108.77416197363323,20.745422073295607
advection_diffusion_seed3,ST-MTM,4,D,94.15004638218925,1894.921875,80.35301147762753,80.35301147762755,22.86663087224642
advection_diffusion_seed3,ST-MTM,5,A,26.29431818181818,1933.59375,10.486299552148168,-1.135877409851389,23.246353923999138
advection_diffusion_seed3,ST-MTM,5,B,41.43382352941177,1972.265625,43.18596703543594,43.18596703543595,23.711281002611827
advection_diffusion_seed3,ST-MTM,5,C,79.02876782077394,1726.171875,99.43663157625193,108.77204472817414,20.75265413955798
advection_diffusion_seed3,ST-MTM,5,D,94.64449541284404,1916.015625,80.37993656338222,80.37993656338222,23.03502343383107
advection_diffusion_seed3,ST-MTM,6,A,26.862522686025407,1937.109375,10.571934213135819,-1.0985567269871837,23.342981880246015
advection_diffusion_seed3,ST-MTM,6,B,41.9367145421903,1958.203125,43.28365164383153,43.28365164383153,23.597170430675213
advection_diffusion_seed3,ST-MTM,6,C,79.4286809815951,1719.140625,99.30331710529731,108.57481064404719,20.71636685924828
advection_diffusion_seed3,ST-MTM,6,D,94.91628440366972,1916.015625,80.32993176495359,80.32993176495357,23.0887933298305
advection_diffusion_seed3,ST-MTM,7,A,27.14318181818182,1933.59375,10.562730620257156,-1.0811414924319536,23.28974422537823
advection_diffusion_seed3,ST-MTM,7,B,42.23488267148014,1947.65625,43.26584808787122,43.265848087871234,23.459124183390912
advection_diffusion_seed3,ST-MTM,7,C,79.73484848484848,1740.234375,99.30650265371379,108.83678702069221,20.960769802851758
advection_diffusion_seed3,ST-MTM,7,D,95.31135110294117,1912.5,80.35375336537606,80.35375336537606,23.035674288379113
advection_diffusion_seed3,ST-MTM,8,A,27.427007299270073,1926.5625,10.444156781547804,-1.151958714895244,23.194230992886105
advection_diffusion_seed3,ST-MTM,8,B,42.65625,1968.75,43.20862589181978,43.20862589181978,23.702133862374033
advection_diffusion_seed3,ST-MTM,8,C,80.37069838056681,1736.71875,99.42314411085276,108.93109912466846,20.908668085800045
advection_diffusion_seed3,ST-MTM,8,D,95.82564575645756,1905.46875,80.41290794299788,80.41290794299788,22.940279558939803
advection_diffusion_seed3,ST-MTM,9,A,27.872077338129497,1954.6875,10.3846235578429,-1.3643516862164944,23.4999504881188
advection_diffusion_seed3,ST-MTM,9,B,43.008436944937834,1979.296875,43.19588727122387,43.19588727122385,23.79581322441208
advection_diffusion_seed3,ST-MTM,9,C,80.80339068825911,1736.71875,99.37784544990414,108.78413795415912,20.87945245064034
advection_diffusion_seed3,ST-MTM,9,D,96.37640449438203,1877.34375,80.53047844824732,80.53047844824732,22.57009633682878
advection_diffusion_seed3,ST-MTM,10,A,28.391411870503596,1954.6875,10.521684959502252,-1.2547178764952207,23.55480567199497
advection_diffusion_seed3,ST-MTM,10,B,43.43694096601073,1965.234375,43.24864437305182,43.24864437305183,23.681899947660312
advection_diffusion_seed3,ST-MTM,10,C,81.06776180698152,1712.109375,99.2944934986294,108.43169704353512,20.63163734263375
advection_diffusion_seed3,ST-MTM,10,D,96.5625,1898.4375,80.42401189603476,80.42401189603476,22.876969537710984
advection_diffusion_seed3,ST-MTM,11,A,28.8736388384755,1937.109375,10.59799137710985,-1.1327465833544466,23.4634759209286
advection_diffusion_seed3,ST-MTM,11,B,43.845628415300546,1930.078125,43.30217679727416,43.30217679727417,23.378309039183684
advection_diffusion_seed3,ST-MTM,11,C,81.40178571428571,1722.65625,99.20496649963971,108.5946752550166,20.86588602768694
advection_diffusion_seed3,ST-MTM,11,D,96.87268946395564,1901.953125,80.38370005319452,80.38370005319453,23.037641512200768
advection_diffusion_seed3,ST-MTM,12,A,29.130930656934307,1926.5625,10.548661308441012,-1.1732126307376944,23.445747878357423
advection_diffusion_seed3,ST-MTM,12,B,44.129341864716636,1923.046875,43.238185924200934,43.23818592420095,23.40296366690316
advection_diffusion_seed3,ST-MTM,12,C,81.9390368852459,1715.625,99.32740251948483,108.73463559426152,20.878695190949067
advection_diffusion_seed3,ST-MTM,12,D,97.17936802973978,1891.40625,80.37458497509147,80.37458497509145,23.017905763790335
advection_diffusion_seed3,ST-MTM,13,A,29.45893829401089,1937.109375,10.54911333232208,-1.2313822325359638,23.56299112971611
advection_diffusion_seed3,ST-MTM,13,B,44.597727272727276,1933.59375,43.28000960040457,43.28000960040457,23.52022708925322
advection_diffusion_seed3,ST-MTM,13,C,82.32433808553971,1726.171875,99.2883266208938,108.78902812796413,20.997148183354792
advection_diffusion_seed3,ST-MTM,13,D,97.53537735849056,1863.28125,80.37138517359777,80.37138517359777,22.664946097675873
advection_diffusion_seed3,ST-MTM,14,A,29.948583180987203,1923.046875,10.656860374789986,-1.1381676472728088,23.592056044125613
advection_diffusion_seed3,ST-MTM,14,B,45.05514705882353,1912.5,43.32067529678743,43.32067529678744,23.4626663582782
advection_diffusion_seed3,ST-MTM,14,C,82.62269938650307,1719.140625,99.20196402488618,108.7874590424614,21.090521781302993
advection_diffusion_seed3,ST-MTM,14,D,97.86498091603053,1842.1875,80.30933503075464,80.30933503075464,22.60006831629321
advection_diffusion_seed3,ST-MTM,15,A,30.44280442804428,1905.46875,10.672875451870183,-1.053344236438022,23.454439376616406
advection_diffusion_seed3,ST-MTM,15,B,45.51640480591497,1901.953125,43.369944083459885,43.369944083459885,23.411165505034347
advection_diffusion_seed3,ST-MTM,15,C,83.03406762295081,1715.625,99.19318303809892,108.83698543252528,21.117650215413505
advection_diffusion_seed3,ST-MTM,15,D,98.20223384030419,1849.21875,80.25283215378924,80.25283215378924,22.76205740293574
advection_diffusion_seed3,ST-MTM,16,A,30.74861367837338,1901.953125,10.736463154444237,-0.9848897733620419,23.44470585561257
advection_diffusion_seed3,ST-MTM,16,B,45.817486085343226,1894.921875,43.32911383368321,43.32911383368324,23.358034115583727
advection_diffusion_seed3,ST-MTM,16,C,83.43365778688525,1715.625,99.21643805004754,108.89152125935423,21.1479047281089
advection_diffusion_seed3,ST-MTM,16,D,98.45532319391636,1849.21875,80.20681968904326,80.20681968904326,22.7946678006948
advection_diffusion_seed3,ST-MTM,17,A,31.202369888475836,1891.40625,10.770585033687723,-0.9755222758516737,23.494214619078804
advection_diffusion_seed3,ST-MTM,17,B,46.21159217877095,1887.890625,43.31940602240884,43.319406022408856,23.450545222101958
advection_diffusion_seed3,ST-MTM,17,C,83.97925204918033,1715.625,99.24539880963364,109.07140828499331,21.310737540904853
advection_diffusion_seed3,ST-MTM,17,D,98.72330097087378,1810.546875,80.15344486148803,80.15344486148804,22.48981511791438
advection_diffusion_seed3,ST-MTM,18,A,31.4567843866171,1891.40625,10.631976202525848,-1.1254477412551296,23.51684788756198
advection_diffusion_seed3,ST-MTM,18,B,46.49722735674676,1901.953125,43.28675990786718,43.28675990786718,23.647985131233355
advection_diffusion_seed3,ST-MTM,18,C,84.41334355828221,1719.140625,99.375341165724,109.2677288028757,21.37498030436987
advection_diffusion_seed3,ST-MTM,18,D,99.13139763779527,1785.9375,80.19475745110122,80.19475745110122,22.205499176834802
advection_diffusion_seed3,ST-MTM,19,A,31.96561338289963,1891.40625,10.779605849812867,-1.0119001453173126,23.58501199026037
advection_diffusion_seed3,ST-MTM,19,B,47.20957249070632,1891.40625,43.443421056608656,43.443421056608685,23.58501621858209
advection_diffusion_seed3,ST-MTM,19,C,84.5398773006135,1719.140625,99.21642985476748,109.15100402290528,21.43693722033588
advection_diffusion_seed3,ST-MTM,19,D,99.43440594059406,1775.390625,80.04937796602925,80.04937796602925,22.138347070821666
advection_diffusion_seed3,ST-MTM,20,A,32.44656133828996,1891.40625,10.869274298704866,-0.876832568409867,23.49421373422946
advection_diffusion_seed3,ST-MTM,20,B,47.43055555555556,1898.4375,43.45852457681086,43.45852457681087,23.58155529709685
advection_diffusion_seed3,ST-MTM,20,C,85.00127291242363,1726.171875,99.15121347582442,109.11136144959872,21.441746784595722
advection_diffusion_seed3,ST-MTM,20,D,99.57391944990177,1789.453125,80.00982237587812,80.00982237587812,22.227796684077983
advection_diffusion_seed3,RA-MTM,0,A,24.375,1944.140625,12.802122079029916,12.802130926050117,23.329687500000002
advection_diffusion_seed3,RA-MTM,0,B,39.50797872340426,1982.8125,40.72203881266546,40.72203897366964,23.79375
advection_diffusion_seed3,RA-MTM,0,C,77.02130390143738,1712.109375,91.505662376907,96.641990501907,20.5453125
advection_diffusion_seed3,RA-MTM,0,D,92.5845521023766,1923.046875,80.100193626907,74.331053001907,23.0765625
advection_diffusion_seed3,RA-MTM,1,A,24.66113105924596,1958.203125,13.082457757580649,13.082466222604962,23.4984375
advection_diffusion_seed3,RA-MTM,1,B,39.85940246045694,2000.390625,41.07058959595915,41.070590355243134,24.0046875
advection_diffusion_seed3,RA-MTM,1,C,77.48321280991736,1701.5625,91.9386133728641,97.0433008728641,20.41875
advection_diffusion_seed3,RA-MTM,1,D,92.9358108108108,1951.171875,80.4804102478641,74.6268946228641,23.4140625
advection_diffusion_seed3,RA-MTM,2,A,25.111363636363638,1933.59375,13.565241214396952,13.565252008389797,23.203125
advection_diffusion_seed3,RA-MTM,2,B,40.25066844919786,1972.265625,41.46209463237868,41.46208979730665,23.6671875
advection_diffusion_seed3,RA-MTM,2,C,77.89630977130977,1691.015625,92.43773374528419,97.5107806202842,20.2921875
advection_diffusion_seed3,RA-MTM,2,D,93.57368896925858,1944.140625,81.0322649952842,75.19984312028419,23.329687500000002
advection_diffusion_seed3,RA-MTM,3,A,25.46875,1940.625,13.939695591758683,13.939697886385153,23.2875
advection_diffusion_seed3,RA-MTM,3,B,40.608377659574465,1982.8125,41.826924396168,41.82692549899292,23.79375
advection_diffusion_seed3,RA-MTM,3,C,78.43814168377824,1712.109375,92.81789896688912,97.95422709188912,20.5453125
advection_diffusion_seed3,RA-MTM,3,D,93.75,1937.109375,81.37024271688911,75.55891459188912,23.2453125
advection_diffusion_seed3,RA-MTM,4,A,25.846994535519126,1930.078125,14.318422665885603,14.3184243677155,23.1609375
advection_diffusion_seed3,RA-MTM,4,B,41.029804270462634,1975.78125,42.20742777781156,42.20744270887722,23.709375
advection_diffusion_seed3,RA-MTM,4,C,78.71932515337423,1719.140625,93.10577951778173,98.26320139278172,20.6296875
advection_diffusion_seed3,RA-MTM,4,D,94.15004638218925,1894.921875,81.76359201778173,76.07882639278172,22.7390625
advection_diffusion_seed3,RA-MTM,5,A,26.29431818181818,1933.59375,14.714593761076568,14.714597259083737,23.203125
advection_diffusion_seed3,RA-MTM,5,B,41.43382352941177,1972.265625,42.62143895836684,42.62146853360239,23.6671875
advection_diffusion_seed3,RA-MTM,5,C,79.02876782077394,1726.171875,93.54991286680898,98.72842849180898,20.7140625
advection_diffusion_seed3,RA-MTM,5,D,94.64449541284404,1916.015625,82.12335036680898,76.37530349180898,22.9921875
advection_diffusion_seed3,RA-MTM,6,A,26.862522686025407,1937.109375,15.255957817641574,15.255957738744456,23.2453125
advection_diffusion_seed3,RA-MTM,6,B,41.9367145421903,1958.203125,43.15121117755584,43.15122548301842,23.4984375
advection_diffusion_seed3,RA-MTM,6,C,79.4286809815951,1719.140625,93.8752170676324,99.0326389426324,20.6296875
advection_diffusion_seed3,RA-MTM,6,D,94.91628440366972,1916.015625,82.46974831763241,76.72170144263241,22.9921875
advection_diffusion_seed3,RA-MTM,7,A,27.14318181818182,1933.59375,15.546298641433111,15.546304145212725,23.203125
advection_diffusion_seed3,RA-MTM,7,B,42.23488267148014,1947.65625,43.44714506939343,43.447172751366686,23.371875
advection_diffusion_seed3,RA-MTM,7,C,79.73484848484848,1740.234375,94.25220135639483,99.47290448139483,20.8828125
advection_diffusion_seed3,RA-MTM,7,D,95.31135110294117,1912.5,82.79399823139484,77.05649823139484,22.95
advection_diffusion_seed3,RA-MTM,8,A,27.427007299270073,1926.5625,15.866293074575657,15.86629392342981,23.118750000000002
advection_diffusion_seed3,RA-MTM,8,B,42.65625,1968.75,43.86008655895254,43.86008996692478,23.625
advection_diffusion_seed3,RA-MTM,8,C,80.37069838056681,1736.71875,94.81145331851218,100.02160956851218,20.840625
advection_diffusion_seed3,RA-MTM,8,D,95.82564575645756,1905.46875,83.38489081851218,77.66848456851218,22.865625
advection_diffusion_seed3,RA-MTM,9,A,27.872077338129497,1954.6875,16.28826172771575,16.288263549151015,23.45625
advection_diffusion_seed3,RA-MTM,9,B,43.008436944937834,1979.296875,44.27205008641804,44.272055072962246,23.751562500000002
advection_diffusion_seed3,RA-MTM,9,C,80.80339068825911,1736.71875,95.26099134132058,100.47114759132057,20.840625
advection_diffusion_seed3,RA-MTM,9,D,96.37640449438203,1877.34375,83.91880384132058,78.28677259132057,22.528125
advection_diffusion_seed3,RA-MTM,10,A,28.391411870503596,1954.6875,16.796729913144393,16.79673233291271,23.45625
advection_diffusion_seed3,RA-MTM,10,B,43.43694096601073,1965.234375,44.69332196597867,44.69333061139312,23.5828125
advection_diffusion_seed3,RA-MTM,10,C,81.06776180698152,1712.109375,95.48095121599077,100.61727934099078,20.5453125
advection_diffusion_seed3,RA-MTM,10,D,96.5625,1898.4375,84.14931059099077,78.45399809099077,22.78125
advection_diffusion_seed3,RA-MTM,11,A,28.8736388384755,1937.109375,17.257961164823374,17.257961794677506,23.2453125
advection_diffusion_seed3,RA-MTM,11,B,43.845628415300546,1930.078125,45.118862081324394,45.11886935685538,23.1609375
advection_diffusion_seed3,RA-MTM,11,C,81.40178571428571,1722.65625,95.82415165162067,100.99212040162067,20.671875
advection_diffusion_seed3,RA-MTM,11,D,96.87268946395564,1901.953125,84.45032352662066,78.74446415162066,22.8234375
advection_diffusion_seed3,RA-MTM,12,A,29.130930656934307,1926.5625,17.52908307652896,17.529097839886276,23.118750000000002
advection_diffusion_seed3,RA-MTM,12,B,44.129341864716636,1923.046875,45.395304579030444,45.395336333359914,23.0765625
advection_diffusion_seed3,RA-MTM,12,C,81.9390368852459,1715.625,96.21974933249282,101.36662433249282,20.587500000000002
advection_diffusion_seed3,RA-MTM,12,D,97.17936802973978,1891.40625,84.89865558249282,79.22443683249283,22.696875000000002
advection_diffusion_seed3,RA-MTM,13,A,29.45893829401089,1937.109375,17.904463109128343,17.904467049963344,23.2453125
advection_diffusion_seed3,RA-MTM,13,B,44.597727272727276,1933.59375,45.849648236535906,45.84966054721169,23.203125
advection_diffusion_seed3,RA-MTM,13,C,82.32433808553971,1726.171875,96.56403740951512,101.74255303451513,20.7140625
advection_diffusion_seed3,RA-MTM,13,D,97.53537735849056,1863.28125,85.29567803451512,79.70583428451512,22.359375
advection_diffusion_seed3,RA-MTM,14,A,29.948583180987203,1923.046875,18.417231100064814,18.417256271291695,23.0765625
advection_diffusion_seed3,RA-MTM,14,B,45.05514705882353,1912.5,46.29183335693641,46.291847684096766,22.95
advection_diffusion_seed3,RA-MTM,14,C,82.62269938650307,1719.140625,96.83583233876679,101.99325421376679,20.6296875
advection_diffusion_seed3,RA-MTM,14,D,97.86498091603053,1842.1875,85.6518479637668,80.12528546376679,22.10625
advection_diffusion_seed3,RA-MTM,15,A,30.44280442804428,1905.46875,18.86640405683599,18.866403817659783,22.865625
advection_diffusion_seed3,RA-MTM,15,B,45.51640480591497,1901.953125,46.753849215246426,46.75385393242063,22.8234375
advection_diffusion_seed3,RA-MTM,15,C,83.03406762295081,1715.625,97.21541635662751,102.36229135662751,20.587500000000002
advection_diffusion_seed3,RA-MTM,15,D,98.20223384030419,1849.21875,86.02088510662752,80.47322885662751,22.190625
advection_diffusion_seed3,RA-MTM,16,A,30.74861367837338,1901.953125,19.221940090264006,19.221953252892288,22.8234375
advection_diffusion_seed3,RA-MTM,16,B,45.817486085343226,1894.921875,47.03534747980235,47.03534673773833,22.7390625
advection_diffusion_seed3,RA-MTM,16,C,83.43365778688525,1715.625,97.5417561154008,102.6886311154008,20.587500000000002
advection_diffusion_seed3,RA-MTM,16,D,98.45532319391636,1849.21875,86.3472248654008,80.7995686154008,22.190625
advection_diffusion_seed3,RA-MTM,17,A,31.202369888475836,1891.40625,19.678552871800456,19.678552871801678,22.696875000000002
advection_diffusion_seed3,RA-MTM,17,B,46.21159217877095,1887.890625,47.43895615175492,47.43895615175385,22.6546875
advection_diffusion_seed3,RA-MTM,17,C,83.97925204918033,1715.625,97.89053432252705,103.03740932252704,20.587500000000002
advection_diffusion_seed3,RA-MTM,17,D,98.72330097087378,1810.546875,86.81201869752704,81.38037807252704,21.7265625
advection_diffusion_seed3,RA-MTM,18,A,31.4567843866171,1891.40625,19.88274071448806,19.882740743896754,22.696875000000002
advection_diffusion_seed3,RA-MTM,18,B,46.49722735674676,1901.953125,47.734978261335954,47.73498016347315,22.8234375
advection_diffusion_seed3,RA-MTM,18,C,84.41334355828221,1719.140625,98.27998778553875,103.43740966053875,20.6296875
advection_diffusion_seed3,RA-MTM,18,D,99.13139763779527,1785.9375,87.26475341053875,81.90694091053875,21.431250000000002
advection_diffusion_seed3,RA-MTM,19,A,31.96561338289963,1891.40625,20.435432156058464,20.435436764032122,22.696875000000002
advection_diffusion_seed3,RA-MTM,19,B,47.20957249070632,1891.40625,48.36623769370785,48.36624605915067,22.696875000000002
advection_diffusion_seed3,RA-MTM,19,C,84.5398773006135,1719.140625,98.47893849560378,103.63636037060378,20.6296875
advection_diffusion_seed3,RA-MTM,19,D,99.43440594059406,1775.390625,87.49534474560379,82.16917287060379,21.3046875
advection_diffusion_seed3,RA-MTM,20,A,32.44656133828996,1891.40625,20.878406732852273,20.878410918095273,22.696875000000002
advection_diffusion_seed3,RA-MTM,20,B,47.43055555555556,1898.4375,48.646221789878204,48.64622929770984,22.78125
advection_diffusion_seed3,RA-MTM,20,C,85.00127291242363,1726.171875,98.8110336811627,103.9895493061627,20.7140625
advection_diffusion_seed3,RA-MTM,20,D,99.57391944990177,1789.453125,87.7641586811627,82.3957993061627,21.4734375
translation_growth_grid49,TMTM,0,A,27.15447154471545,768.75,48.12128038868598,48.12128038868598,6.15
translation_growth_grid49,TMTM,0,B,58.01204819277108,518.75,53.32128038868598,53.32128038868598,4.15
translation_growth_grid49,TMTM,0,C,78.14732142857143,700.0,61.871280388685975,61.89628038868598,5.6000000000000005
translation_growth_grid49,TMTM,1,A,27.5,831.25,47.97128038868598,47.97128038868598,6.65
translation_growth_grid49,TMTM,1,B,58.48314606741573,556.25,53.57128038868598,53.57128038868598,4.45
translation_growth_grid49,TMTM,1,C,78.99122807017544,712.5,62.171280388685986,62.19628038868598,5.7
translation_growth_grid49,TMTM,2,A,27.692307692307693,893.75,47.62128038868598,47.62128038868598,7.15
translation_growth_grid49,TMTM,2,B,59.166666666666664,618.75,53.72128038868598,53.72128038868598,4.95
translation_growth_grid49,TMTM,2,C,80.0,725.0,62.52128038868598,62.546280388685986,5.800000000000001
translation_growth_grid49,TMTM,3,A,27.8,937.5,47.52128038868598,47.54628038868598,7.5
translation_growth_grid49,TMTM,3,B,59.801980198019805,631.25,53.87128038868598,53.87128038868598,5.050000000000001
translation_growth_grid49,TMTM,3,C,81.03813559322033,737.5,62.921280388685986,62.94628038868598,5.9
translation_growth_grid49,TMTM,4,A,27.913793103448278,906.25,47.52128038868598,47.52128038868598,7.25
translation_growth_grid49,TMTM,4,B,60.12626262626262,618.75,53.67128038868598,53.67128038868598,4.95
translation_growth_grid49,TMTM,4,C,81.65289256198348,756.25,62.921280388685986,62.921280388685986,6.050000000000001
translation_growth_grid49,TMTM,5,A,28.080985915492956,887.5,47.27128038868598,47.29628038868598,7.1000000000000005
translation_growth_grid49,TMTM,5,B,60.572916666666664,600.0,53.27128038868598,53.29628038868598,4.800000000000001
translation_growth_grid49,TMTM,5,C,82.83834586466165,831.25,63.671280388685986,63.671280388685986,6.65
translation_growth_grid49,TMTM,6,A,28.366666666666667,937.5,47.27128038868598,47.29628038868598,7.5
translation_growth_grid49,TMTM,6,B,61.86868686868687,618.75,53.57128038868598,53.57128038868598,4.95
translation_growth_grid49,TMTM,6,C,83.75,812.5,63.621280388685975,63.64628038868598,6.5
translation_growth_grid49,TMTM,7,A,28.640625,1000.0,46.92128038868598,46.94628038868598,8.0
translation_growth_grid49,TMTM,7,B,62.40654205607477,668.75,53.67128038868598,53.67128038868598,5.3500000000000005
translation_growth_grid49,TMTM,7,C,84.70370370370371,843.75,63.97128038868598,63.97128038868598,6.75
translation_growth_grid49,TMTM,8,A,28.75,1062.5,46.47128038868598,46.49628038868598,8.5
translation_growth_grid49,TMTM,8,B,63.220338983050844,737.5,53.72128038868598,53.74628038868598,5.9
translation_growth_grid49,TMTM,8,C,85.63380281690141,887.5,64.47128038868598,64.49628038868597,7.1000000000000005
translation_growth_grid49,TMTM,9,A,28.949704142011836,1056.25,46.52128038868598,46.52128038868598,8.450000000000001
translation_growth_grid49,TMTM,9,B,63.516949152542374,737.5,53.72128038868598,53.74628038868598,5.9
translation_growth_grid49,TMTM,9,C,86.7605633802817,887.5,64.47128038868598,64.49628038868597,7.1000000000000005
translation_growth_grid49,TMTM,10,A,29.032738095238095,1050.0,46.37128038868598,46.39628038868598,8.4
translation_growth_grid49,TMTM,10,B,64.09482758620689,725.0,53.52128038868598,53.54628038868598,5.800000000000001
translation_growth_grid49,TMTM,10,C,87.70134228187919,931.25,65.02128038868598,65.02128038868598,7.45
translation_growth_grid49,TMTM,11,A,29.327485380116958,1068.75,46.32128038868598,46.32128038868598,8.55
translation_growth_grid49,TMTM,11,B,64.53947368421052,712.5,53.47128038868598,53.49628038868598,5.7
translation_growth_grid49,TMTM,11,C,88.48387096774194,968.75,65.37128038868597,65.37128038868597,7.75
translation_growth_grid49,TMTM,12,A,29.505649717514125,1106.25,46.22128038868598,46.22128038868598,8.85
translation_growth_grid49,TMTM,12,B,65.75630252100841,743.75,53.67128038868598,53.67128038868598,5.95
translation_growth_grid49,TMTM,12,C,89.47712418300654,956.25,65.42128038868599,65.42128038868599,7.65
translation_growth_grid49,TMTM,13,A,29.855263157894736,1187.5,45.72128038868598,45.74628038868598,9.5
translation_growth_grid49,TMTM,13,B,66.14173228346456,793.75,53.72128038868598,53.72128038868598,6.3500000000000005
translation_growth_grid49,TMTM,13,C,90.88957055214723,1018.75,66.02128038868598,66.02128038868598,8.15
translation_growth_grid49,TMTM,14,A,29.8,1250.0,45.47128038868598,45.49628038868598,10.0
translation_growth_grid49,TMTM,14,B,66.8840579710145,862.5,53.97128038868598,53.99628038868598,6.9
translation_growth_grid49,TMTM,14,C,91.34969325153374,1018.75,66.22128038868598,66.22128038868598,8.15
translation_growth_grid49,TMTM,15,A,30.0,1225.0,45.27128038868598,45.29628038868598,9.8
translation_growth_grid49,TMTM,15,B,67.22826086956522,862.5,53.67128038868598,53.69628038868598,6.9
translation_growth_grid49,TMTM,15,C,92.30994152046783,1068.75,66.67128038868599,66.67128038868599,8.55
translation_growth_grid49,TMTM,16,A,30.191326530612244,1225.0,45.22128038868598,45.24628038868598,9.8
translation_growth_grid49,TMTM,16,B,67.98148148148148,843.75,53.57128038868598,53.57128038868598,6.75
translation_growth_grid49,TMTM,16,C,93.1638418079096,1106.25,67.27128038868598,67.27128038868598,8.85
translation_growth_grid49,TMTM,17,A,30.527638190954775,1243.75,45.47128038868598,45.47128038868598,9.950000000000001
translation_growth_grid49,TMTM,17,B,68.50378787878788,825.0,53.77128038868598,53.79628038868598,6.6000000000000005
translation_growth_grid49,TMTM,17,C,94.26470588235294,1062.5,67.17128038868599,67.19628038868598,8.5
translation_growth_grid49,TMTM,18,A,30.79268292682927,1281.25,45.02128038868598,45.02128038868598,10.25
translation_growth_grid49,TMTM,18,B,69.58928571428571,875.0,53.67128038868598,53.69628038868598,7.0
translation_growth_grid49,TMTM,18,C,95.20833333333333,1125.0,67.42128038868599,67.44628038868598,9.0
translation_growth_grid49,TMTM,19,A,30.758928571428573,1400.0,44.67128038868598,44.69628038868598,11.200000000000001
translation_growth_grid49,TMTM,19,B,70.0,906.25,53.97128038868598,53.97128038868598,7.25
translation_growth_grid49,TMTM,19,C,96.005291005291,1181.25,68.12128038868597,68.12128038868597,9.450000000000001
translation_growth_grid49,TMTM,20,A,30.891304347826086,1437.5,44.22128038868598,44.24628038868598,11.5
translation_growth_grid49,TMTM,20,B,71.00308641975309,1012.5,54.07128038868598,54.09628038868598,8.1
translation_growth_grid49,TMTM,20,C,97.01058201058201,1181.25,68.47128038868598,68.47128038868598,9.450000000000001
translation_growth_grid49,ST-MTM,0,A,27.15447154471545,768.75,23.495047114977037,23.495047114977037,9.225000000000001
translation_growth_grid49,ST-MTM,0,B,58.01204819277108,518.75,53.134259412083125,53.134259412083125,6.224999999999994
translation_growth_grid49,ST-MTM,0,C,78.14732142857143,700.0,86.6845346389978,86.6845346389978,8.400000000000006
translation_growth_grid49,ST-MTM,1,A,27.5,831.25,23.314150520687175,23.314150520687175,9.440625000000004
translation_growth_grid49,ST-MTM,1,B,58.48314606741573,556.25,53.07152382610587,53.07152382610587,6.317410714285714
translation_growth_grid49,ST-MTM,1,C,78.99122807017544,712.5,86.92816681926493,86.92816681926493,8.091964285714283
translation_growth_grid49,ST-MTM,2,A,27.692307692307693,893.75,22.861253824575783,22.861253824575783,9.526675977653632
translation_growth_grid49,ST-MTM,2,B,59.166666666666664,618.75,53.09923839384878,53.09923839384878,6.595391061452517
translation_growth_grid49,ST-MTM,2,C,80.0,725.0,87.35334894763339,87.35334894763339,7.727932960893867
translation_growth_grid49,ST-MTM,3,A,27.8,937.5,22.32601689982017,22.32601689982017,9.695121951219512
translation_growth_grid49,ST-MTM,3,B,59.801980198019805,631.25,53.16061378054801,53.16061378054801,6.528048780487808
translation_growth_grid49,ST-MTM,3,C,81.03813559322033,737.5,87.82721048568976,87.82721048568976,7.626829268292681
translation_growth_grid49,ST-MTM,4,A,27.913793103448278,906.25,22.007320968467518,22.007320968467518,9.474657534246575
translation_growth_grid49,ST-MTM,4,B,60.12626262626262,618.75,53.095734054563664,53.095734054563664,6.468904109589047
translation_growth_grid49,ST-MTM,4,C,81.65289256198348,756.25,88.21078614302677,88.21078614302677,7.9064383561643865
translation_growth_grid49,ST-MTM,5,A,28.080985915492956,887.5,21.477392192946027,21.477392192946027,9.128571428571433
translation_growth_grid49,ST-MTM,5,B,60.572916666666664,600.0,52.89892920366819,52.89892920366819,6.171428571428578
translation_growth_grid49,ST-MTM,5,C,82.83834586466165,831.25,88.93751976944374,88.93751976944374,8.550000000000011
translation_growth_grid49,ST-MTM,6,A,28.366666666666667,937.5,20.92859400625333,20.92859400625333,9.43931398416887
translation_growth_grid49,ST-MTM,6,B,61.86868686868687,618.75,53.19131262727968,53.19131262727968,6.229947229551456
translation_growth_grid49,ST-MTM,6,C,83.75,812.5,89.19393453252493,89.19393453252493,8.180738786279676
translation_growth_grid49,ST-MTM,7,A,28.640625,1000.0,20.543467565364296,20.543467565364296,9.492537313432834
translation_growth_grid49,ST-MTM,7,B,62.40654205607477,668.75,53.06142901965552,53.06142901965552,6.3481343283582135
translation_growth_grid49,ST-MTM,7,C,84.70370370370371,843.75,89.70894458103812,89.70894458103812,8.009328358208961
translation_growth_grid49,ST-MTM,8,A,28.75,1062.5,20.065585542857708,20.065585542857708,9.42906976744186
translation_growth_grid49,ST-MTM,8,B,63.220338983050844,737.5,53.056553163749555,53.056553163749555,6.54488372093023
translation_growth_grid49,ST-MTM,8,C,85.63380281690141,887.5,90.1917024594507,90.1917024594507,7.876046511627919
translation_growth_grid49,ST-MTM,9,A,28.949704142011836,1056.25,19.58463944297202,19.58463944297202,9.395454545454548
translation_growth_grid49,ST-MTM,9,B,63.516949152542374,737.5,52.86628317897557,52.86628317897557,6.560139860139856
translation_growth_grid49,ST-MTM,9,C,86.7605633802817,887.5,90.86291854411036,90.86291854411036,7.894405594405583
translation_growth_grid49,ST-MTM,10,A,29.032738095238095,1050.0,19.087866117394032,19.087866117394032,9.253579676674363
translation_growth_grid49,ST-MTM,10,B,64.09482758620689,725.0,52.86817430361904,52.86817430361904,6.389376443418016
translation_growth_grid49,ST-MTM,10,C,87.70134228187919,931.25,91.35780074504488,91.35780074504488,8.207043879907616
translation_growth_grid49,ST-MTM,11,A,29.327485380116958,1068.75,18.786540409173927,18.786540409173927,9.268977272727275
translation_growth_grid49,ST-MTM,11,B,64.53947368421052,712.5,52.783468045074585,52.783468045074585,6.179318181818189
translation_growth_grid49,ST-MTM,11,C,88.48387096774194,968.75,91.74383271180946,91.74383271180946,8.40170454545455
translation_growth_grid49,ST-MTM,12,A,29.505649717514125,1106.25,18.170952637785753,18.170952637785753,9.401893095768372
translation_growth_grid49,ST-MTM,12,B,65.75630252100841,743.75,52.997766078888255,52.997766078888255,6.321046770601342
translation_growth_grid49,ST-MTM,12,C,89.47712418300654,956.25,92.14512244938396,92.14512244938396,8.127060133630295
translation_growth_grid49,ST-MTM,13,A,29.855263157894736,1187.5,17.731664985636318,17.731664985636318,9.440625000000002
translation_growth_grid49,ST-MTM,13,B,66.14173228346456,793.75,52.63878326580299,52.63878326580299,6.310312499999995
translation_growth_grid49,ST-MTM,13,C,90.88957055214723,1018.75,92.94339291461864,92.94339291461864,8.099062500000002
translation_growth_grid49,ST-MTM,14,A,29.8,1250.0,17.246918702709355,17.246918702709355,9.520958083832333
translation_growth_grid49,ST-MTM,14,B,66.8840579710145,862.5,52.82892722729468,52.82892722729468,6.569461077844309
translation_growth_grid49,ST-MTM,14,C,91.34969325153374,1018.75,93.23799523605392,93.23799523605392,7.759580838323359
translation_growth_grid49,ST-MTM,15,A,30.0,1225.0,16.89359745898905,16.89359745898905,9.256633663366337
translation_growth_grid49,ST-MTM,15,B,67.22826086956522,862.5,52.704555991948446,52.704555991948446,6.517425742574261
translation_growth_grid49,ST-MTM,15,C,92.30994152046783,1068.75,93.71568771512045,93.71568771512045,8.075940594059404
translation_growth_grid49,ST-MTM,16,A,30.191326530612244,1225.0,16.463391031688463,16.463391031688463,9.20196850393701
translation_growth_grid49,ST-MTM,16,B,67.98148148148148,843.75,52.76875399410675,52.76875399410675,6.3380905511810965
translation_growth_grid49,ST-MTM,16,C,93.1638418079096,1106.25,94.08169614026274,94.08169614026274,8.309940944881902
translation_growth_grid49,ST-MTM,17,A,30.527638190954775,1243.75,16.050592224233327,16.050592224233327,9.473353293413176
translation_growth_grid49,ST-MTM,17,B,68.50378787878788,825.0,52.57444558790257,52.57444558790257,6.283832335329336
translation_growth_grid49,ST-MTM,17,C,94.26470588235294,1062.5,94.68880335392207,94.68880335392207,8.092814371257475
translation_growth_grid49,ST-MTM,18,A,30.79268292682927,1281.25,15.493556896133295,15.493556896133295,9.31285714285714
translation_growth_grid49,ST-MTM,18,B,69.58928571428571,875.0,52.63183398985429,52.63183398985429,6.359999999999999
translation_growth_grid49,ST-MTM,18,C,95.20833333333333,1125.0,95.18845028007036,95.18845028007036,8.177142857142854
translation_growth_grid49,ST-MTM,19,A,30.758928571428573,1400.0,14.946014486154999,14.946014486154999,9.574193548387097
translation_growth_grid49,ST-MTM,19,B,70.0,906.25,52.6180330443088,52.6180330443088,6.197580645161295
translation_growth_grid49,ST-MTM,19,C,96.005291005291,1181.25,95.74979363559414,95.74979363559414,8.078225806451627
translation_growth_grid49,ST-MTM,20,A,30.891304347826086,1437.5,14.301403607171851,14.30140360717185,9.441480206540446
translation_growth_grid49,ST-MTM,20,B,71.00308641975309,1012.5,52.80527622574406,52.80527622574406,6.65008605851979
translation_growth_grid49,ST-MTM,20,C,97.01058201058201,1181.25,96.20716133314203,96.20716133314203,7.758433734939757
translation_growth_grid49,RA-MTM,0,A,27.15447154471545,768.75,26.15447154471545,26.154465996466953,9.225
translation_growth_grid49,RA-MTM,0,B,58.01204819277108,518.75,57.01204819277108,57.01205193671104,6.2250000000000005
translation_growth_grid49,RA-MTM,0,C,78.14732142857143,700.0,79.14732142857143,79.14710349299096,8.4
translation_growth_grid49,RA-MTM,1,A,27.5,831.25,26.5,26.49999187405332,9.975
translation_growth_grid49,RA-MTM,1,B,58.48314606741573,556.25,57.48314606741573,57.483151505079086,6.675
translation_growth_grid49,RA-MTM,1,C,78.99122807017544,712.5,79.99122807017544,79.99099049758567,8.55
translation_growth_grid49,RA-MTM,2,A,27.692307692307693,893.75,26.692307692307693,26.692296446486612,10.725
translation_growth_grid49,RA-MTM,2,B,59.166666666666664,618.75,58.166666666666664,58.16667445223506,7.425
translation_growth_grid49,RA-MTM,2,C,80.0,725.0,81.0,80.99972320910979,8.700000000000001
translation_growth_grid49,RA-MTM,3,A,27.8,937.5,26.8,26.79998551719619,11.25
translation_growth_grid49,RA-MTM,3,B,59.801980198019805,631.25,58.801980198019805,58.801989949774466,7.575
translation_growth_grid49,RA-MTM,3,C,81.03813559322033,737.5,82.03813559322033,82.03783770208771,8.85
translation_growth_grid49,RA-MTM,4,A,27.913793103448278,906.25,26.913793103448278,26.91377533470729,10.875
translation_growth_grid49,RA-MTM,4,B,60.12626262626262,618.75,59.12626262626262,59.12627475802393,7.425
translation_growth_grid49,RA-MTM,4,C,81.65289256198348,756.25,82.65289256198348,82.65261493772816,9.075000000000001
translation_growth_grid49,RA-MTM,5,A,28.080985915492956,887.5,27.080985915492956,27.080953284903288,10.65
translation_growth_grid49,RA-MTM,5,B,60.572916666666664,600.0,59.572916666666664,59.57293872678367,7.2
translation_growth_grid49,RA-MTM,5,C,82.83834586466165,831.25,83.83834586466165,83.8380823691481,9.975
translation_growth_grid49,RA-MTM,6,A,28.366666666666667,937.5,27.366666666666667,27.366637257607955,11.25
translation_growth_grid49,RA-MTM,6,B,61.86868686868687,618.75,60.86868686868687,60.86870627866588,7.425
translation_growth_grid49,RA-MTM,6,C,83.75,812.5,84.75,84.74972015466284,9.75
translation_growth_grid49,RA-MTM,7,A,28.640625,1000.0,27.640625,27.64058802184878,12.0
translation_growth_grid49,RA-MTM,7,B,62.40654205607477,668.75,61.40654205607477,61.40656678521316,8.025
translation_growth_grid49,RA-MTM,7,C,84.70370370370371,843.75,85.70370370370371,85.70339398695376,10.125
translation_growth_grid49,RA-MTM,8,A,28.75,1062.5,27.75,27.74995212235419,12.75
translation_growth_grid49,RA-MTM,8,B,63.220338983050844,737.5,62.220338983050844,62.22037221576962,8.85
translation_growth_grid49,RA-MTM,8,C,85.63380281690141,887.5,86.63380281690141,86.6334548518058,10.65
translation_growth_grid49,RA-MTM,9,A,28.949704142011836,1056.25,27.949704142011836,27.949657582060865,12.675
translation_growth_grid49,RA-MTM,9,B,63.516949152542374,737.5,62.516949152542374,62.5169816618575,8.85
translation_growth_grid49,RA-MTM,9,C,86.7605633802817,887.5,87.7605633802817,87.76022575715521,10.65
translation_growth_grid49,RA-MTM,10,A,29.032738095238095,1050.0,28.032738095238095,28.032682302857697,12.6
translation_growth_grid49,RA-MTM,10,B,64.09482758620689,725.0,63.09482758620689,63.094866109517305,8.700000000000001
translation_growth_grid49,RA-MTM,10,C,87.70134228187919,931.25,88.70134228187919,88.70101012252248,11.175
translation_growth_grid49,RA-MTM,11,A,29.327485380116958,1068.75,28.327485380116958,28.32742096315652,12.825000000000001
translation_growth_grid49,RA-MTM,11,B,64.53947368421052,712.5,63.53947368421052,63.539516628851274,8.55
translation_growth_grid49,RA-MTM,11,C,88.48387096774194,968.75,89.48387096774194,89.48353725690697,11.625
translation_growth_grid49,RA-MTM,12,A,29.505649717514125,1106.25,28.505649717514125,28.50558885593706,13.275
translation_growth_grid49,RA-MTM,12,B,65.75630252100841,743.75,64.75630252100841,64.75634343924405,8.925
translation_growth_grid49,RA-MTM,12,C,89.47712418300654,956.25,90.47712418300654,90.47678185704031,11.475
translation_growth_grid49,RA-MTM,13,A,29.855263157894736,1187.5,28.855263157894736,28.85518572651942,14.25
translation_growth_grid49,RA-MTM,13,B,66.14173228346456,793.75,65.14173228346456,65.14178404022577,9.525
translation_growth_grid49,RA-MTM,13,C,90.88957055214723,1018.75,91.88957055214723,91.88918845561868,12.225
translation_growth_grid49,RA-MTM,14,A,29.8,1250.0,28.8,28.799921213325753,15.0
translation_growth_grid49,RA-MTM,14,B,66.8840579710145,862.5,65.8840579710145,65.88411233381954,10.35
translation_growth_grid49,RA-MTM,14,C,91.34969325153374,1018.75,92.34969325153374,92.34927578741195,12.225
translation_growth_grid49,RA-MTM,15,A,30.0,1225.0,29.0,28.99991148137363,14.700000000000001
translation_growth_grid49,RA-MTM,15,B,67.22826086956522,862.5,66.22826086956522,66.22832319390466,10.35
translation_growth_grid49,RA-MTM,15,C,92.30994152046783,1068.75,93.30994152046783,93.3095342571654,12.825000000000001
translation_growth_grid49,RA-MTM,16,A,30.191326530612244,1225.0,29.191326530612244,29.191230523267876,14.700000000000001
translation_growth_grid49,RA-MTM,16,B,67.98148148148148,843.75,66.98148148148148,66.98154760898908,10.125
translation_growth_grid49,RA-MTM,16,C,93.1638418079096,1106.25,94.1638418079096,94.16344388950567,13.275
translation_growth_grid49,RA-MTM,17,A,30.527638190954775,1243.75,29.527638190954775,29.52755424514086,14.925
translation_growth_grid49,RA-MTM,17,B,68.50378787878788,825.0,67.50378787878788,67.50384356143853,9.9
translation_growth_grid49,RA-MTM,17,C,94.26470588235294,1062.5,95.26470588235294,95.26432243568865,12.75
translation_growth_grid49,RA-MTM,18,A,30.79268292682927,1281.25,29.79268292682927,29.792587397359597,15.375
translation_growth_grid49,RA-MTM,18,B,69.58928571428571,875.0,68.58928571428571,68.58935095392343,10.5
translation_growth_grid49,RA-MTM,18,C,95.20833333333333,1125.0,96.20833333333333,96.20793860986046,13.5
translation_growth_grid49,RA-MTM,19,A,30.758928571428573,1400.0,29.758928571428573,29.758814998686432,16.8
translation_growth_grid49,RA-MTM,19,B,70.0,906.25,69.0,69.00007351807012,10.875
translation_growth_grid49,RA-MTM,19,C,96.005291005291,1181.25,97.005291005291,97.00484948757655,14.175
translation_growth_grid49,RA-MTM,20,A,30.891304347826086,1437.5,29.891304347826086,29.891191534671847,17.25
translation_growth_grid49,RA-MTM,20,B,71.00308641975309,1012.5,70.00308641975309,70.00316587945305,12.15
translation_growth_grid49,RA-MTM,20,C,97.01058201058201,1181.25,98.01058201058201,98.01010729173053,14.175
translation_growth_grid81,TMTM,0,A,27.178861788617887,830.25,47.51778841898511,47.51778841898511,6.75
translation_growth_grid81,TMTM,0,B,57.624,562.5,53.18852012630218,53.19766646776559,4.573170731707317
translation_growth_grid81,TMTM,0,C,78.1651376146789,735.75,62.2616908580095,62.2616908580095,5.9817073170731705
translation_growth_grid81,TMTM,1,A,27.489304812834224,841.5,47.53608110191194,47.54522744337535,6.841463414634146
translation_growth_grid81,TMTM,1,B,58.296,562.5,53.2616908580095,53.270837199472915,4.573170731707317
translation_growth_grid81,TMTM,1,C,78.98307692307692,731.25,62.37144695557048,62.37144695557048,5.9451219512195115
translation_growth_grid81,TMTM,2,A,27.68625,900.0,47.115349394594865,47.12449573605828,7.317073170731707
translation_growth_grid81,TMTM,2,B,59.142857142857146,614.25,53.298276223863155,53.298276223863155,4.99390243902439
translation_growth_grid81,TMTM,2,C,79.88904899135447,780.75,62.95681280922901,62.95681280922901,6.347560975609755
translation_growth_grid81,TMTM,3,A,27.75,918.0,46.98730061410706,46.99644695557048,7.463414634146341
translation_growth_grid81,TMTM,3,B,59.639575971731446,636.75,53.334861589716816,53.334861589716816,5.176829268292683
translation_growth_grid81,TMTM,3,C,81.0,794.25,63.17632500435096,63.17632500435096,6.4573170731707314
translation_growth_grid81,TMTM,4,A,28.055555555555557,911.25,46.9507152482534,46.9507152482534,7.408536585365853
translation_growth_grid81,TMTM,4,B,60.39247311827957,627.75,53.22510549215584,53.22510549215584,5.103658536585366
translation_growth_grid81,TMTM,4,C,81.93074792243767,812.25,63.30437378483877,63.30437378483877,6.603658536585366
translation_growth_grid81,TMTM,5,A,28.245882352941177,956.25,46.676325004350964,46.676325004350964,7.774390243902438
translation_growth_grid81,TMTM,5,B,60.925862068965515,652.5,53.22510549215584,53.234251833619254,5.304878048780488
translation_growth_grid81,TMTM,5,C,82.88582677165354,857.25,63.8897396384973,63.8897396384973,6.9695121951219505
translation_growth_grid81,TMTM,6,A,28.31045751633987,1032.75,46.42022744337535,46.42022744337535,8.396341463414634
translation_growth_grid81,TMTM,6,B,61.548231511254016,699.75,53.48120305313145,53.48120305313145,5.689024390243902
translation_growth_grid81,TMTM,6,C,83.73255813953489,870.75,64.10925183361925,64.10925183361925,7.079268292682927
translation_growth_grid81,TMTM,7,A,28.603563474387528,1010.25,46.34705671166804,46.34705671166804,8.213414634146341
translation_growth_grid81,TMTM,7,B,62.20388349514563,695.25,53.298276223863155,53.298276223863155,5.652439024390244
translation_growth_grid81,TMTM,7,C,84.75,891.0,64.36534939459486,64.37449573605828,7.24390243902439
translation_growth_grid81,TMTM,8,A,28.816304347826087,1035.0,46.16412988239974,46.173276223863155,8.414634146341463
translation_growth_grid81,TMTM,8,B,62.78913738019169,704.25,53.2616908580095,53.2616908580095,5.725609756097561
translation_growth_grid81,TMTM,8,C,85.72572815533981,927.0,64.73120305313145,64.74034939459486,7.536585365853658
translation_growth_grid81,TMTM,9,A,28.937755102040818,1102.5,45.90803232142413,45.91717866288755,8.963414634146341
translation_growth_grid81,TMTM,9,B,63.75,747.0,53.44461768727779,53.453764028741205,6.073170731707317
translation_growth_grid81,TMTM,9,C,86.66943127962085,949.5,65.0787640287412,65.08791037020463,7.7195121951219505
translation_growth_grid81,TMTM,10,A,29.01006036217304,1118.25,45.68852012630218,45.68852012630218,9.091463414634147
translation_growth_grid81,TMTM,10,B,64.07205882352942,765.0,53.35315427264364,53.36230061410706,6.2195121951219505
translation_growth_grid81,TMTM,10,C,87.63553530751709,987.75,65.48120305313145,65.48120305313145,8.030487804878048
translation_growth_grid81,TMTM,11,A,29.3125,1134.0,45.63364207752169,45.64278841898511,9.21951219512195
translation_growth_grid81,TMTM,11,B,64.75953079178886,767.25,53.3897396384973,53.3897396384973,6.23780487804878
translation_growth_grid81,TMTM,11,C,88.56108597285068,994.5,65.62754451654608,65.6366908580095,8.085365853658535
translation_growth_grid81,TMTM,12,A,29.441860465116278,1161.0,45.359251833619254,45.36839817508267,9.439024390243901
translation_growth_grid81,TMTM,12,B,65.51709401709402,789.75,53.31656890678999,53.31656890678999,6.420731707317072
translation_growth_grid81,TMTM,12,C,89.37527114967462,1037.25,66.17632500435096,66.17632500435096,8.432926829268292
translation_growth_grid81,TMTM,13,A,29.587912087912088,1228.5,45.10315427264364,45.11230061410706,9.98780487804878
translation_growth_grid81,TMTM,13,B,66.03638814016172,834.75,53.517788418985106,53.517788418985106,6.786585365853658
translation_growth_grid81,TMTM,13,C,90.47452229299363,1059.75,66.46900793118023,66.46900793118023,8.615853658536585
translation_growth_grid81,TMTM,14,A,29.784530386740332,1221.75,45.048276223863155,45.048276223863155,9.932926829268292
translation_growth_grid81,TMTM,14,B,66.65853658536585,830.25,53.40803232142413,53.40803232142413,6.75
translation_growth_grid81,TMTM,14,C,91.43110647181628,1077.75,66.68852012630218,66.68852012630218,8.762195121951219
translation_growth_grid81,TMTM,15,A,30.124548736462096,1246.5,44.828764028741205,44.837910370204625,10.134146341463413
translation_growth_grid81,TMTM,15,B,67.35120643431635,839.25,53.334861589716816,53.334861589716816,6.823170731707316
translation_growth_grid81,TMTM,15,C,92.25,1120.5,67.31047134581438,67.31961768727778,9.109756097560975
translation_growth_grid81,TMTM,16,A,30.23156089193825,1311.75,44.462910370204625,44.462910370204625,10.664634146341463
translation_growth_grid81,TMTM,16,B,68.07089552238806,904.5,53.48120305313145,53.490349394594865,7.353658536585366
translation_growth_grid81,TMTM,16,C,93.15557729941291,1149.75,67.54827622386316,67.54827622386316,9.347560975609756
translation_growth_grid81,TMTM,17,A,30.333050847457628,1327.5,44.3897396384973,44.39888597996072,10.792682926829267
translation_growth_grid81,TMTM,17,B,68.55555555555556,911.25,53.517788418985106,53.517788418985106,7.408536585365853
translation_growth_grid81,TMTM,17,C,94.22912621359224,1158.75,67.80437378483877,67.80437378483877,9.420731707317072
translation_growth_grid81,TMTM,18,A,30.613752122241088,1325.25,44.18852012630218,44.18852012630218,10.774390243902438
translation_growth_grid81,TMTM,18,B,69.23762376237623,909.0,53.27998354093633,53.28912988239974,7.390243902439024
translation_growth_grid81,TMTM,18,C,95.10335195530726,1208.25,68.40803232142413,68.40803232142413,9.823170731707316
translation_growth_grid81,TMTM,19,A,30.81048387096774,1395.0,43.9507152482534,43.959861589716816,11.341463414634145
translation_growth_grid81,TMTM,19,B,69.9063981042654,949.5,53.49949573605828,53.50864207752169,7.7195121951219505
translation_growth_grid81,TMTM,19,C,96.08256880733946,1226.25,68.68242256532658,68.68242256532658,9.96951219512195
translation_growth_grid81,TMTM,20,A,30.962790697674418,1451.25,43.676325004350964,43.676325004350964,11.798780487804878
translation_growth_grid81,TMTM,20,B,70.5,999.0,53.645837199472915,53.65498354093633,8.121951219512194
translation_growth_grid81,TMTM,20,C,97.0370036101083,1246.5,68.97510549215583,68.98425183361925,10.134146341463413
translation_growth_grid81,ST-MTM,0,A,27.178861788617887,830.25,23.51709659635409,23.51709659635409,9.963000000000001
translation_growth_grid81,ST-MTM,0,B,57.624,562.5,52.92834386905585,52.92834386905585,6.75
translation_growth_grid81,ST-MTM,0,C,78.1651376146789,735.75,86.52255893788686,86.52255893788686,8.829000000000008
translation_growth_grid81,ST-MTM,1,A,27.489304812834224,841.5,23.22274422662484,23.22274422662484,10.066077976817702
translation_growth_grid81,ST-MTM,1,B,58.296,562.5,52.914315706349406,52.914315706349406,6.728661749209692
translation_growth_grid81,ST-MTM,1,C,78.98307692307692,731.25,86.83093947032255,86.83093947032255,8.747260273972614
translation_growth_grid81,ST-MTM,2,A,27.68625,900.0,22.743668720272634,22.743668720272634,10.016470588235293
translation_growth_grid81,ST-MTM,2,B,59.142857142857146,614.25,52.937688986317326,52.937688986317326,6.836241176470594
translation_growth_grid81,ST-MTM,2,C,79.88904899135447,780.75,87.28664169670684,87.28664169670684,8.689288235294129
translation_growth_grid81,ST-MTM,3,A,27.75,918.0,22.21124745980621,22.21124745980621,9.981931034482756
translation_growth_grid81,ST-MTM,3,B,59.639575971731446,636.75,52.899621111803775,52.899621111803775,6.923741379310343
translation_growth_grid81,ST-MTM,3,C,81.0,794.25,87.85713083168683,87.85713083168683,8.636327586206903
translation_growth_grid81,ST-MTM,4,A,28.055555555555557,911.25,21.810691949017205,21.810691949017205,9.899052631578947
translation_growth_grid81,ST-MTM,4,B,60.39247311827957,627.75,52.913023340634446,52.913023340634446,6.819347368421049
translation_growth_grid81,ST-MTM,4,C,81.93074792243767,812.25,88.24428411364516,88.24428411364516,8.823599999999999
translation_growth_grid81,ST-MTM,5,A,28.245882352941177,956.25,21.371546548544966,21.371546548544966,9.904516423357663
translation_growth_grid81,ST-MTM,5,B,60.925862068965515,652.5,52.81030023080211,52.81030023080211,6.758375912408752
translation_growth_grid81,ST-MTM,5,C,82.88582677165354,857.25,88.78615262394972,88.78615262394972,8.879107664233572
translation_growth_grid81,ST-MTM,6,A,28.31045751633987,1032.75,20.864628796025116,20.864628796025116,10.132910976663787
translation_growth_grid81,ST-MTM,6,B,61.548231511254016,699.75,52.79495507143843,52.79495507143843,6.865654278305968
translation_growth_grid81,ST-MTM,6,C,83.73255813953489,870.75,89.30841553583326,89.30841553583326,8.543434745030254
translation_growth_grid81,ST-MTM,7,A,28.603563474387528,1010.25,20.446439366487027,20.446439366487027,9.937918544194106
translation_growth_grid81,ST-MTM,7,B,62.20388349514563,695.25,52.790797080781225,52.790797080781225,6.839235701906418
translation_growth_grid81,ST-MTM,7,C,84.75,891.0,89.73076295602853,89.73076295602853,8.764845753899493
translation_growth_grid81,ST-MTM,8,A,28.816304347826087,1035.0,20.02670471541095,20.02670471541095,9.915037974683544
translation_growth_grid81,ST-MTM,8,B,62.78913738019169,704.25,52.728693396573995,52.728693396573995,6.746536708860759
translation_growth_grid81,ST-MTM,8,C,85.72572815533981,927.0,90.21260129131184,90.21260129131184,8.8804253164557
translation_growth_grid81,ST-MTM,9,A,28.937755102040818,1102.5,19.437358354740233,19.437358354740233,10.060755627009648
translation_growth_grid81,ST-MTM,9,B,63.75,747.0,52.862986995349544,52.862986995349544,6.816675241157554
translation_growth_grid81,ST-MTM,9,C,86.66943127962085,949.5,90.66765405320702,90.66765405320702,8.664569131832792
translation_growth_grid81,ST-MTM,10,A,29.01006036217304,1118.25,18.961901193746648,18.961901193746648,9.948568965517241
translation_growth_grid81,ST-MTM,10,B,64.07205882352942,765.0,52.74050998631395,52.74050998631395,6.805862068965524
translation_growth_grid81,ST-MTM,10,C,87.63553530751709,987.75,91.26558822323621,91.26558822323621,8.787568965517238
translation_growth_grid81,ST-MTM,11,A,29.3125,1134.0,18.572630532261993,18.572630532261993,10.002461538461539
translation_growth_grid81,ST-MTM,11,B,64.75953079178886,767.25,52.66381791087351,52.66381791087351,6.767538461538464
translation_growth_grid81,ST-MTM,11,C,88.56108597285068,994.5,91.73155096016127,91.73155096016127,8.771999999999991
translation_growth_grid81,ST-MTM,12,A,29.441860465116278,1161.0,18.11611329925066,18.11611329925066,9.924451807228914
translation_growth_grid81,ST-MTM,12,B,65.51709401709402,789.75,52.71756876968578,52.71756876968578,6.750935240963855
translation_growth_grid81,ST-MTM,12,C,89.37527114967462,1037.25,92.13431733436033,92.13431733436033,8.866612951807241
translation_growth_grid81,ST-MTM,13,A,29.587912087912088,1228.5,17.59691373530128,17.59691373530128,10.04750144092219
translation_growth_grid81,ST-MTM,13,B,66.03638814016172,834.75,52.68401578200649,52.68401578200649,6.8271484149855866
translation_growth_grid81,ST-MTM,13,C,90.47452229299363,1059.75,92.68706988598902,92.68706988598902,8.667350144092211
translation_growth_grid81,ST-MTM,14,A,29.784530386740332,1221.75,17.165407925191726,17.165407925191726,9.970744787922357
translation_growth_grid81,ST-MTM,14,B,66.65853658536585,830.25,52.62278328752462,52.62278328752462,6.775699496764915
translation_growth_grid81,ST-MTM,14,C,91.43110647181628,1077.75,93.17980819058046,93.17980819058046,8.79555571531273
translation_growth_grid81,ST-MTM,15,A,30.124548736462096,1246.5,16.778601707816048,16.778601707816048,9.930012631578947
translation_growth_grid81,ST-MTM,15,B,67.35120643431635,839.25,52.597019070756566,52.597019070756566,6.685730526315794
translation_growth_grid81,ST-MTM,15,C,92.25,1120.5,93.59237862472419,93.59237862472419,8.92625684210526
translation_growth_grid81,ST-MTM,16,A,30.23156089193825,1311.75,16.27070076412368,16.27070076412368,9.953867647058821
translation_growth_grid81,ST-MTM,16,B,68.07089552238806,904.5,52.66944052231797,52.66944052231797,6.8635588235294165
translation_growth_grid81,ST-MTM,16,C,93.15557729941291,1149.75,94.02785811685514,94.02785811685514,8.72457352941177
translation_growth_grid81,ST-MTM,17,A,30.333050847457628,1327.5,15.765284379496306,15.765284379496308,9.97998675496689
translation_growth_grid81,ST-MTM,17,B,68.55555555555556,911.25,52.601075463097686,52.601075463097686,6.850668874172186
translation_growth_grid81,ST-MTM,17,C,94.22912621359224,1158.75,94.60163956070281,94.60163956070281,8.711344370860928
translation_growth_grid81,ST-MTM,18,A,30.613752122241088,1325.25,15.380460004779781,15.380460004779781,9.83283529411765
translation_growth_grid81,ST-MTM,18,B,69.23762376237623,909.0,52.523354514498585,52.523354514498585,6.744423529411762
translation_growth_grid81,ST-MTM,18,C,95.10335195530726,1208.25,95.06418488401843,95.06418488401843,8.964741176470596
translation_growth_grid81,ST-MTM,19,A,30.81048387096774,1395.0,14.888170491430593,14.888170491430593,9.978601134215502
translation_growth_grid81,ST-MTM,19,B,69.9063981042654,949.5,52.533862758254365,52.533862758254365,6.791886578449905
translation_growth_grid81,ST-MTM,19,C,96.08256880733946,1226.25,95.54596615361184,95.54596615361184,8.771512287334588
translation_growth_grid81,ST-MTM,20,A,30.962790697674418,1451.25,14.460064413812347,14.460064413812347,10.027139379184419
translation_growth_grid81,ST-MTM,20,B,70.5,999.0,52.502164087407245,52.502164087407245,6.902402921485091
translation_growth_grid81,ST-MTM,20,C,97.0370036101083,1246.5,96.0057709020772,96.0057709020772,8.612457699330491
translation_growth_grid81,RA-MTM,0,A,27.178861788617887,830.25,26.178861788617887,26.178847485654185,9.963000000000001
translation_growth_grid81,RA-MTM,0,B,57.624,562.5,56.624,56.62400969035437,6.75
translation_growth_grid81,RA-MTM,0,C,78.1651376146789,735.75,79.1651376146789,79.16486752806372,8.829
translation_growth_grid81,RA-MTM,1,A,27.489304812834224,841.5,26.489304812834224,26.489292639436684,10.098
translation_growth_grid81,RA-MTM,1,B,58.296,562.5,57.296,57.2960081372979,6.75
translation_growth_grid81,RA-MTM,1,C,78.98307692307692,731.25,79.98307692307692,79.98282949829296,8.775
translation_growth_grid81,RA-MTM,2,A,27.68625,900.0,26.68625,26.68622687920766,10.8
translation_growth_grid81,RA-MTM,2,B,59.142857142857146,614.25,58.142857142857146,58.14287292279768,7.371
translation_growth_grid81,RA-MTM,2,C,79.88904899135447,780.75,80.88904899135447,80.88877051627396,9.369
translation_growth_grid81,RA-MTM,3,A,27.75,918.0,26.75,26.74997361772134,11.016
translation_growth_grid81,RA-MTM,3,B,59.639575971731446,636.75,58.639575971731446,58.639594271204,7.641
translation_growth_grid81,RA-MTM,3,C,81.0,794.25,82.0,81.99970849235831,9.531
translation_growth_grid81,RA-MTM,4,A,28.055555555555557,911.25,27.055555555555557,27.05552581586281,10.935
translation_growth_grid81,RA-MTM,4,B,60.39247311827957,627.75,59.39247311827957,59.392493605623606,7.533
translation_growth_grid81,RA-MTM,4,C,81.93074792243767,812.25,82.93074792243767,82.9304647025571,9.747
translation_growth_grid81,RA-MTM,5,A,28.245882352941177,956.25,27.245882352941177,27.245842138401215,11.475
translation_growth_grid81,RA-MTM,5,B,60.925862068965515,652.5,59.925862068965515,59.925889509475255,7.83
translation_growth_grid81,RA-MTM,5,C,82.88582677165354,857.25,83.88582677165354,83.88552406718514,10.287
translation_growth_grid81,RA-MTM,6,A,28.31045751633987,1032.75,27.31045751633987,27.310412886204134,12.393
translation_growth_grid81,RA-MTM,6,B,61.548231511254016,699.75,60.548231511254016,60.548261750844894,8.397
translation_growth_grid81,RA-MTM,6,C,83.73255813953489,870.75,84.73255813953489,84.73222151897635,10.449
translation_growth_grid81,RA-MTM,7,A,28.603563474387528,1010.25,27.603563474387528,27.603515372937725,12.123000000000001
translation_growth_grid81,RA-MTM,7,B,62.20388349514563,695.25,61.20388349514563,61.20391659837062,8.343
translation_growth_grid81,RA-MTM,7,C,84.75,891.0,85.75,85.74967458069356,10.692
translation_growth_grid81,RA-MTM,8,A,28.816304347826087,1035.0,27.816304347826087,27.81624776315716,12.42
translation_growth_grid81,RA-MTM,8,B,62.78913738019169,704.25,61.78913738019169,61.789175882368575,8.451
translation_growth_grid81,RA-MTM,8,C,85.72572815533981,927.0,86.72572815533981,86.72539360594882,11.124
translation_growth_grid81,RA-MTM,9,A,28.937755102040818,1102.5,27.937755102040818,27.937692057987775,13.23
translation_growth_grid81,RA-MTM,9,B,63.75,747.0,62.75,62.7500427155625,8.964
translation_growth_grid81,RA-MTM,9,C,86.66943127962085,949.5,87.66943127962085,87.6690673908095,11.394
translation_growth_grid81,RA-MTM,10,A,29.01006036217304,1118.25,28.01006036217304,28.00998867046602,13.419
translation_growth_grid81,RA-MTM,10,B,64.07205882352942,765.0,63.07205882352942,63.0721078681575,9.18
translation_growth_grid81,RA-MTM,10,C,87.63553530751709,987.75,88.63553530751709,88.63516404834928,11.853
translation_growth_grid81,RA-MTM,11,A,29.3125,1134.0,28.3125,28.312427932876997,13.608
translation_growth_grid81,RA-MTM,11,B,64.75953079178886,767.25,63.75953079178886,63.75957955148954,9.207
translation_growth_grid81,RA-MTM,11,C,88.56108597285068,994.5,89.56108597285068,89.5607180579055,11.934000000000001
translation_growth_grid81,RA-MTM,12,A,29.441860465116278,1161.0,28.441860465116278,28.44177875969833,13.932
translation_growth_grid81,RA-MTM,12,B,65.51709401709402,789.75,64.51709401709402,64.51714959577983,9.477
translation_growth_grid81,RA-MTM,12,C,89.37527114967462,1037.25,90.37527114967462,90.37489268948696,12.447000000000001
translation_growth_grid81,RA-MTM,13,A,29.587912087912088,1228.5,28.587912087912088,28.587821932229815,14.742
translation_growth_grid81,RA-MTM,13,B,66.03638814016172,834.75,65.03638814016172,65.03644939979235,10.017
translation_growth_grid81,RA-MTM,13,C,90.47452229299363,1059.75,91.47452229299363,91.4741062939009,12.717
translation_growth_grid81,RA-MTM,14,A,29.784530386740332,1221.75,28.784530386740332,28.78443818619041,14.661
translation_growth_grid81,RA-MTM,14,B,66.65853658536585,830.25,65.65853658536585,65.65859924098832,9.963000000000001
translation_growth_grid81,RA-MTM,14,C,91.43110647181628,1077.75,92.43110647181628,92.43070209467324,12.933
translation_growth_grid81,RA-MTM,15,A,30.124548736462096,1246.5,29.124548736462096,29.124447983369123,14.958
translation_growth_grid81,RA-MTM,15,B,67.35120643431635,839.25,66.35120643431635,66.35127426988275,10.071
translation_growth_grid81,RA-MTM,15,C,92.25,1120.5,93.25,93.24959443275615,13.446
translation_growth_grid81,RA-MTM,16,A,30.23156089193825,1311.75,29.23156089193825,29.231450822168295,15.741
translation_growth_grid81,RA-MTM,16,B,68.07089552238806,904.5,67.07089552238806,67.07097141955352,10.854000000000001
translation_growth_grid81,RA-MTM,16,C,93.15557729941291,1149.75,94.15557729941291,94.15513287055649,13.797
translation_growth_grid81,RA-MTM,17,A,30.333050847457628,1327.5,29.333050847457628,29.332938937886784,15.93
translation_growth_grid81,RA-MTM,17,B,68.55555555555556,911.25,67.55555555555556,67.55563237483719,10.935
translation_growth_grid81,RA-MTM,17,C,94.22912621359224,1158.75,95.22912621359224,95.22867868078323,13.905000000000001
translation_growth_grid81,RA-MTM,18,A,30.613752122241088,1325.25,29.613752122241088,29.61363205668445,15.903
translation_growth_grid81,RA-MTM,18,B,69.23762376237623,909.0,68.23762376237623,68.23770611634045,10.908
translation_growth_grid81,RA-MTM,18,C,95.10335195530726,1208.25,96.10335195530726,96.10291700020353,14.499
translation_growth_grid81,RA-MTM,19,A,30.81048387096774,1395.0,29.81048387096774,29.810356740077204,16.740000000000002
translation_growth_grid81,RA-MTM,19,B,69.9063981042654,949.5,68.9063981042654,68.9064846352905,11.394
translation_growth_grid81,RA-MTM,19,C,96.08256880733946,1226.25,97.08256880733946,97.08210205260043,14.715
translation_growth_grid81,RA-MTM,20,A,30.962790697674418,1451.25,29.962790697674418,29.962655872011098,17.415
translation_growth_grid81,RA-MTM,20,B,70.5,999.0,69.5,69.50009281022395,11.988
translation_growth_grid81,RA-MTM,20,C,97.0370036101083,1246.5,98.0370036101083,98.03650318029878,14.958
