method,t,track,reference,motion,growth,trajectory,eligible,boundary,iou,q,x,width,area
TMTM,0,0,0.016111671007896376,,,,False,True,,17.848231814067276,15.914831293119711,0.05,2.9975193140878416
TMTM,0,1,0.19847801711395366,,,,False,True,,21.397469239445275,45.214831293119715,2.4000000000000004,143.88092707621638
TMTM,0,2,0.0001300320613922897,,,,False,False,,53.99922744575264,54.01483129311971,0.6000000000000001,35.970231769054095
TMTM,0,3,0.00043990875815123806,,,,False,True,,92.66762034409787,92.61483129311972,0.75,44.962789711317626
TMTM,0,4,0.18205646940929843,,,,False,True,,87.01160762223552,65.1648312931197,21.6,1294.9283436859475
TMTM,1,5,0.17021491910848152,,,,False,False,,22.239041000101928,42.66483129311971,0.1,5.995038628175683
TMTM,1,6,0.1357081758915261,,,,False,False,,26.62985018613658,42.91483129311971,0.05,2.9975193140878416
TMTM,1,7,0.0010814695453231474,,,,False,False,,57.58505494768094,57.714831293119715,0.4,23.980154512702732
TMTM,1,4,0.15992819010191775,0.022128279307380674,0.0,0.022128279307380674,True,True,0.5572354211663066,84.40621410534985,65.21483129311972,14.450000000000001,866.2830817713863
TMTM,1,8,0.39056147061883756,,,,False,False,,82.83220776738023,35.964831293119715,0.05,2.9975193140878416
TMTM,1,3,0.4386646523391582,0.438224743581007,2.220446049250313e-16,0.438224743581007,True,True,0.21052631578947367,87.7045895738187,35.06483129311971,1.55,92.92309873672309
TMTM,2,9,0.05881958854443129,,,,False,False,,54.856480667787956,61.91483129311971,1.4000000000000001,83.93054079445956
TMTM,2,10,0.03821122594989266,,,,False,True,,62.50017840710683,57.91483129311971,4.25,254.78914169746653
TMTM,2,11,0.07413153703915701,,,,False,False,,69.26061573781855,60.364831293119714,0.55,32.972712454966256
TMTM,2,3,0.03866249160667756,0.47732714394583575,0.0,0.0391024003648288,True,True,0.17218543046357615,95.47533230031841,100.11483129311972,7.300000000000001,437.6378198568249
TMTM,2,4,0.07027957508638849,0.08964861501552927,0.0,0.11177689432290995,True,True,0.12418300653594772,99.94838030348633,91.51483129311971,2.75,164.86356227483128
TMTM,3,10,0.04089997077278511,0.07911119672267777,0.0,0.07911119672267777,True,True,0.055994729907773384,46.5568348003855,51.464831293119715,75.9,4550.234318785344
TMTM,3,3,0.07276789831419338,0.03410540670751582,0.0,0.07320780707234462,True,True,0.2908366533864542,93.2826834954165,102.01483129311971,25.1,1504.7546956720964
TMTM,4,10,0.1146231671660186,0.07372319639323349,2.220446049250313e-16,0.15283439311591127,True,True,0.29314888010540185,36.11005123319748,49.864831293119714,22.25,1333.8960947690896
TMTM,4,12,0.09662345953844564,,,,False,False,,50.070016148506234,61.66483129311971,1.3,77.93550216628388
TMTM,4,13,0.011192415174280157,,,,False,False,,71.45792111403333,70.1148312931197,2.1,125.89581119168935
TMTM,4,3,0.02639019545131293,0.09915809376550631,1.1102230246251565e-16,0.02595028669316169,True,True,0.8992395437262357,93.63165474727727,90.46483129311972,24.85,1489.7670991016573
TMTM,5,10,0.052454413677915035,0.06216875348810357,0.0,0.09066563962780769,True,False,0.41140529531568226,43.520301651769906,49.81483129311971,12.4,743.3847898937847
TMTM,5,14,0.15368401480504226,,,,False,False,,75.80691306972479,57.364831293119714,0.05,2.9975193140878416
TMTM,5,15,0.2100970182929796,,,,False,False,,95.12647348827727,69.91483129311972,0.55,32.972712454966256
TMTM,5,3,0.2589048659414111,0.23251467049009816,0.0,0.25846495718325985,True,True,0.030181086519114688,101.68341520608904,70.6148312931197,0.75,44.962789711317626
TMTM,6,16,0.008073681214601525,,,,False,True,,18.43367303887189,17.46483129311971,0.30000000000000004,17.985115884527048
TMTM,6,17,0.014883705685385617,,,,False,True,,20.650875975365985,18.86483129311971,2.35,140.88340776212854
TMTM,6,10,0.030577807140751645,0.02187660653716339,0.0,0.0687890330906443,True,True,0.23469387755102042,46.495494436229514,50.16483129311971,17.85,1070.1143951293595
TMTM,6,18,0.11839358289259441,,,,False,True,,89.27206124023104,75.06483129311971,0.45,26.977673826790575
TMTM,6,19,0.15729184284678877,,,,False,False,,95.28985243473437,76.41483129311972,2.15,128.8933305057772
TMTM,7,17,0.04382738132770827,0.028943675642322652,0.0,0.028943675642322652,True,True,0.2315270935960591,26.474117052444704,21.214831293119712,10.15,608.4964207598318
TMTM,7,20,0.03383228341020702,,,,False,False,,52.97470530234455,48.91483129311971,0.05,2.9975193140878416
TMTM,7,10,0.04763498069698914,0.07821278783774079,8.881784197001252e-16,0.009423754747096483,True,False,0.0028011204481792717,54.73102897675841,49.01483129311971,0.05,2.9975193140878416
TMTM,7,19,0.07785894227929688,0.07943290056749189,2.220446049250313e-16,0.07943290056749189,True,False,0.5333333333333333,93.70790436663535,84.36483129311972,1.3,77.93550216628388
TMTM,7,21,0.13445188955529694,,,,False,True,,101.39905803975535,85.26483129311971,0.35000000000000003,20.98263519861489
TMTM,8,17,0.28799189441234047,0.3318192757400487,0.0,0.30287560009772607,True,True,0.18226600985221675,25.205803963638857,59.76483129311971,1.85,110.90821462125014
TMTM,8,22,0.023167262320782516,,,,False,True,,34.89490277161361,32.11483129311971,0.8500000000000001,50.957828339493304
TMTM,8,10,0.16613975926290828,0.11850477856591914,0.0,0.12792853331301562,True,True,0.025,53.5016024046687,33.56483129311971,2.0,119.90077256351367
TMTM,8,23,0.01456576567406079,,,,False,True,,71.01693941223242,72.76483129311971,0.55,32.972712454966256
TMTM,8,19,0.108549209978048,0.03069026769875111,4.440892098500626e-16,0.04874263286874078,True,True,0.0912280701754386,93.24073649048547,80.21483129311972,14.25,854.2930045150348
TMTM,9,24,0.13858006151503943,,,,False,True,,19.28522391131498,35.91483129311971,1.1,65.94542490993251
TMTM,9,17,0.14219315412308065,0.14579874028925982,0.0,0.15707685980846625,True,True,0.43023255813953487,30.101652798350035,47.16483129311971,4.3,257.7866610115544
TMTM,9,22,0.009899531929698923,0.03306679425048144,2.220446049250313e-16,0.03306679425048144,True,True,0.16666666666666666,27.57688746155584,28.764831293119713,5.1000000000000005,305.74697003695985
TMTM,9,10,0.16419625279009142,0.0019435064728168547,0.0,0.12598502684019877,True,True,0.125,51.21838162793068,31.514831293119713,0.25,14.987596570439209
TMTM,9,25,0.10762347856316173,,,,False,True,,82.72964872069912,69.81483129311971,6.8500000000000005,410.6601460300343
TMTM,9,19,0.19606639887913768,0.08751718890108968,2.220446049250313e-16,0.0387745560323489,True,True,0.2807017543859649,98.79279915861623,75.26483129311971,4.0,239.80154512702734
TMTM,10,17,0.0975383338580993,0.04465482026498133,1.6653345369377348e-16,0.11242203954348493,True,True,0.6511627906976745,29.860231230147793,41.56483129311971,2.8000000000000003,167.86108158891912
TMTM,10,24,0.6541856756095009,0.5156056140944615,0.0,0.5156056140944615,True,True,0.5,20.5625502199796,99.06483129311971,2.2,131.89084981986502
TMTM,10,22,0.0016957383139691196,0.008203793615729805,2.255140518769849e-16,0.024863000634751633,True,True,0.7264957264957265,24.961342695443417,25.16483129311971,5.0,299.7519314087842
TMTM,10,25,0.14835123468501982,0.04072775612185809,0.0,0.04072775612185809,True,True,0.05660377358490566,75.46697945532209,57.66483129311971,1.55,92.92309873672309
TMTM,10,19,0.20951791263706657,0.01345151375792888,2.220446049250313e-16,0.05222606979027778,True,True,0.21739130434782608,92.80698080956769,67.6648312931197,18.400000000000002,1103.0871075843256
TMTM,11,17,0.541828888488366,0.4442905546302666,1.1102230246251565e-16,0.5567125941737515,True,True,0.42857142857142855,23.9953646745158,89.01483129311971,1.2000000000000002,71.94046353810819
TMTM,11,24,0.6443754161484162,0.009810259461084669,0.0,0.5057953546333768,True,True,0.6027397260273972,22.53978135530977,99.86483129311972,3.6500000000000004,218.81890992841244
TMTM,11,22,0.031234035766253825,0.03292977408022294,1.3877787807814457e-16,0.008066773445471308,True,True,0.78,24.06291558507017,20.31483129311971,3.9000000000000004,233.80650649885163
TMTM,11,26,0.26875569329382915,,,,False,True,,57.365514488379205,25.11483129311971,0.2,11.990077256351366
TMTM,11,27,0.1132263796140228,,,,False,False,,82.30199684680245,68.71483129311972,2.6500000000000004,158.8685236466556
TMTM,11,19,0.2937462520424953,0.0842283394054288,2.220446049250313e-16,0.1364544091957066,True,True,0.43107769423558895,97.51438153821915,62.26483129311971,10.15,608.4964207598318
TMTM,12,24,0.07109002886893011,0.5732853872794863,1.6653345369377348e-16,0.06749003264610932,True,True,0.6636363636363637,24.634027828848097,33.16483129311971,5.5,329.72712454966256
TMTM,12,22,0.7393049956587703,0.7705390314250241,4.440892098500626e-16,0.7624722579795529,True,True,0.05128205128205128,17.848231814067276,106.56483129311971,0.2,11.990077256351366
TMTM,12,26,0.48132002463713713,0.7500757179309664,0.0,0.7500757179309664,True,True,0.19047619047619047,57.15642833666326,114.91483129311972,1.05,62.947905595844674
TMTM,12,28,0.30043862116773906,,,,False,False,,91.4674658332484,55.41483129311971,0.6000000000000001,35.970231769054095
TMTM,12,19,0.2170814926635322,0.07666475937896315,0.0,0.05978964981674342,True,True,0.47540983606557374,92.51461041274358,66.46483129311972,21.35,1279.9407471155084
TMTM,13,22,0.23457668510327143,0.5047283105554989,0.0,0.25774394742405393,True,True,0.13333333333333333,20.365629080727143,48.51483129311971,1.5,89.92557942263525
TMTM,13,24,0.09205949121599956,0.020969462347069444,0.0,0.04652057029903987,True,True,0.6090909090909091,23.667692347199768,34.714831293119715,3.35,200.83379404388538
TMTM,13,29,0.09453157115212084,,,,False,True,,27.621042754865208,38.96483129311971,5.050000000000001,302.749450722872
TMTM,13,28,0.0009296891907210873,0.29950893197701794,4.440892098500626e-16,0.29950893197701794,True,True,0.12631578947368421,88.52639399600625,88.41483129311972,4.75,284.76433483834495
TMTM,13,19,0.1350118304487174,0.08206966221481479,1.1102230246251565e-16,0.022280012398071373,True,True,0.454337899543379,96.9162509469658,80.71483129311972,10.5,629.4790559584467
TMTM,14,29,0.09851857579921658,0.003987004647095738,1.1102230246251565e-16,0.003987004647095738,True,True,0.4427860696517413,25.542602197213725,37.364831293119714,9.450000000000001,566.531150362602
TMTM,14,24,0.06906602171400499,0.022993469501994566,0.0,0.06951403980103445,True,True,0.3684210526315789,22.726908687439114,31.014831293119713,3.1500000000000004,188.84371678753402
TMTM,14,22,0.02896630214175889,0.20561038296151252,2.220446049250313e-16,0.0521335644625414,True,True,0.4838709677419355,23.088875036108643,26.56483129311971,3.1,185.84619747344618
TMTM,14,19,0.09662999237982497,0.03838183806889243,2.220446049250313e-16,0.060661850466963804,True,True,0.2713178294573643,95.26043037869871,83.66483129311972,5.9,353.70727906236533
TMTM,14,28,0.19942308509811066,0.19849339590738957,2.220446049250313e-16,0.10101553606962839,True,True,0.05825242718446602,93.49560150489299,69.56483129311971,0.7000000000000001,41.96527039722978
TMTM,14,30,0.17947447410677514,,,,False,True,,102.15176818593272,80.6148312931197,0.1,5.995038628175683
TMTM,15,29,0.004182826928837447,0.09433574887037913,1.6653345369377348e-16,0.09034874422328339,True,True,0.7673469387755102,27.21289206165922,27.714831293119712,12.200000000000001,731.3947126374334
TMTM,15,22,0.15722166232543694,0.12825536018367806,0.0,0.18038892464621945,True,True,0.03225806451612903,17.848231814067276,36.71483129311971,0.1,5.995038628175683
TMTM,15,24,0.13873023713175717,0.06966421541775218,0.0,0.00015017561671773667,True,False,0.015873015873015872,23.117202837308852,39.76483129311971,0.05,2.9975193140878416
TMTM,15,31,0.12492753984497487,,,,False,False,,24.87352651172273,39.864831293119714,0.05,2.9975193140878416
TMTM,15,19,0.031248323647277705,0.06538166873254726,0.0,0.12604351919951107,True,True,0.097119341563786,79.26463013079304,75.51483129311971,60.75,3641.9859666167276
TMTM,16,29,0.10927489401673114,0.11345772094556858,0.0,0.20380646516885198,True,True,0.6619318181818182,32.37781857512745,19.264831293119713,17.05,1022.154086103954
TMTM,16,24,0.15047645049793681,0.011746213366179632,0.0,0.01189638898289737,True,True,0.030303030303030304,21.307657233367298,39.364831293119714,1.6500000000000001,98.91813736489877
TMTM,16,22,0.1817824111072923,0.024560748781855355,0.0,0.2049496734280748,True,True,0.2857142857142857,18.600941960244636,40.41483129311971,0.35000000000000003,20.98263519861489
TMTM,16,32,0.003735864961522613,,,,False,True,,36.816527497737,37.26483129311971,0.25,14.987596570439209
TMTM,16,33,0.18717520126466394,,,,False,False,,90.3258554448794,67.86483129311972,0.75,44.962789711317626
TMTM,16,19,0.1491031131260063,0.1178547894787286,0.0,0.008188729720782462,True,True,0.22633744855967078,93.05720486824048,75.16483129311972,13.75,824.3178113741565
TMTM,17,29,0.049101535453117594,0.06017335856361354,0.0,0.14363310660523843,True,True,0.7084548104956269,30.20701554749382,24.31483129311971,12.25,734.3922319515211
TMTM,17,24,0.7034508221447824,0.5529743716468455,0.0,0.564870760629743,True,True,0.12307692307692308,27.800732635745835,112.21483129311972,9.3,557.5385924203385
TMTM,17,34,0.16141249164367727,,,,False,False,,82.98433029036099,63.614831293119714,6.3500000000000005,380.68495288915585
TMTM,17,19,0.2565895213058014,0.10748640817979513,0.0,0.09929767845901268,True,True,0.2727272727272727,99.50557384981589,68.71483129311972,3.75,224.81394855658812
TMTM,18,29,0.0306451782719621,0.018456357181155496,0.0,0.12517674942408294,True,True,0.6032388663967612,25.292252685755162,21.61483129311971,7.550000000000001,452.6254164272641
TMTM,18,35,0.01259635298462077,,,,False,True,,18.7263936512742,17.21483129311971,0.2,11.990077256351366
TMTM,18,24,0.06048441477446861,0.6429664073703137,2.220446049250313e-16,0.07809564674057083,True,True,0.3548387096774194,23.356701520183478,30.61483129311971,3.3000000000000003,197.83627472979754
TMTM,18,36,0.2711506120757889,,,,False,True,,82.30290474221438,49.76483129311971,3.6500000000000004,218.81890992841244
TMTM,18,37,0.1013565088939823,,,,False,True,,85.02761236039758,72.8648312931197,3.6,215.8213906143246
TMTM,18,19,0.25283599223774555,0.0037535290680558832,1.6653345369377348e-16,0.09554414939095679,True,True,0.6538461538461539,100.00515036164919,69.66483129311972,2.7,161.86604296074344
TMTM,19,29,0.010336693668958723,0.020308484603003378,1.1102230246251565e-16,0.10486826482107955,True,True,0.48344370860927155,21.505234533394756,20.26483129311971,3.6500000000000004,218.81890992841244
TMTM,19,24,0.10000131604646999,0.03951690127200139,2.220446049250313e-16,0.03857874546856944,True,True,0.5303030303030303,22.414673367543312,34.41483129311971,1.75,104.91317599307446
TMTM,19,38,0.3800548293802508,,,,False,False,,42.30825176748962,87.91483129311972,2.0500000000000003,122.89829187760151
TMTM,19,39,0.2890316859696775,,,,False,False,,54.73102897675842,89.41483129311972,0.8500000000000001,50.957828339493304
TMTM,19,36,0.22258939150211604,0.04856122057367287,0.0,0.04856122057367287,True,True,0.2857142857142857,86.47555827337364,59.76483129311971,10.75,644.4666525288859
TMTM,19,19,0.24706768975038843,0.005768302487357128,0.0,0.08977584690359966,True,True,0.39705882352941174,98.21295406316632,68.56483129311971,6.800000000000001,407.66262671594643
TMTM,20,29,0.016582608626562193,0.006245914957603471,0.0,0.11111417977868303,True,True,0.48120300751879697,22.904744328307174,20.91483129311971,6.2,371.69239494689236
TMTM,20,24,0.5583709415990429,0.4583696255525729,0.0,0.4197908800840035,True,True,0.11784511784511785,29.060318301234563,96.06483129311971,14.850000000000001,890.263236284089
TMTM,20,40,0.2473017825588723,,,,False,True,,56.838617386055034,86.51483129311971,1.5,89.92557942263525
TMTM,20,36,0.2405056375195701,0.017916246017454066,2.220446049250313e-16,0.030644974556218802,True,False,0.22325581395348837,87.62550779546812,58.76483129311971,2.4000000000000004,143.88092707621638
TMTM,20,41,0.23436845987366073,,,,False,False,,88.589046477959,60.464831293119715,0.9,53.95534765358115
TMTM,20,19,0.42592856489391034,0.17886087514352192,0.0,0.2686367220471216,True,True,0.09558823529411764,101.47625908038896,50.364831293119714,0.65,38.96775108314194
TMTM,21,24,0.6294187900968403,0.07104784849779736,1.3877787807814457e-16,0.4908387285818009,True,True,0.8552188552188552,28.434576481498887,103.96483129311972,12.700000000000001,761.3699057783117
TMTM,21,29,0.0882287684589099,0.0716461598323477,2.0816681711721685e-16,0.18276033961103075,True,True,0.4301675977653631,28.652283508188898,18.06483129311971,6.6000000000000005,395.6725494595951
TMTM,21,36,0.24042777803901547,7.785948055462436e-05,3.3306690738754696e-16,0.03072283403677343,True,True,0.26717557251908397,82.96616465780157,54.114831293119714,5.9,353.70727906236533
TMTM,21,41,0.2362306529320403,0.0018621930583795651,0.0,0.0018621930583795651,True,True,0.050359712230215826,92.31250964496455,63.964831293119715,13.700000000000001,821.3202920600686
TMTM,22,24,0.6552235231997617,0.025804733102921477,0.0,0.5166434616847223,True,True,0.5287356321839081,27.938008509148304,106.56483129311971,7.25,434.640300542737
TMTM,22,36,0.20880703685000046,0.03162074118901502,0.0,0.06234357522578845,True,False,0.23397435897435898,82.87167571511976,57.81483129311971,13.350000000000001,800.3376568614538
TMTM,22,41,0.23948178736347667,0.0032511344314363794,0.0,0.005113327489815944,True,True,0.3695652173913043,95.85264577673692,67.11483129311972,5.2,311.74200866513553
TMTM,23,42,0.10946543141551769,,,,False,True,,21.100683062981833,7.96483129311971,1.35,80.93302148037172
TMTM,23,24,0.7065385954651526,0.05131507226539093,0.0,0.5679585339501132,True,True,0.5655172413793104,25.8801998373014,110.66483129311972,4.1000000000000005,245.79658375520302
TMTM,23,36,0.18205861727009295,0.026748419579907493,1.6653345369377348e-16,0.08909199480569593,True,False,0.32193732193732194,85.71186536553087,63.864831293119714,9.850000000000001,590.5113048753047
TMTM,23,43,0.2771179974114386,,,,False,True,,84.36899098249235,51.114831293119714,2.4000000000000004,143.88092707621638
TMTM,23,41,0.2773911407734418,0.037909353409965145,0.0,0.04302268089978109,True,True,0.009615384615384616,102.15176818593272,68.8648312931197,0.05,2.9975193140878416
TMTM,24,24,0.7698413759640498,0.06330278049889713,2.220446049250313e-16,0.6312613144490103,True,True,0.1951219512195122,19.933866177433735,112.31483129311971,0.8,47.960309025405465
TMTM,24,44,0.13418065816016025,,,,False,False,,52.26651027233894,36.16483129311971,3.1,185.84619747344618
TMTM,24,45,0.06505333485431172,,,,False,False,,78.52123147563712,70.71483129311972,0.55,32.972712454966256
TMTM,24,43,0.10942482946893388,0.16769316794250475,0.0,0.16769316794250475,True,False,0.10204081632653061,84.29581082939178,71.16483129311972,0.30000000000000004,17.985115884527048
TMTM,24,36,0.29677753515857896,0.11471891788848598,0.0,0.02562692308279004,True,True,0.24633431085043989,93.57813551214919,57.964831293119715,11.4,683.4344036120278
TMTM,25,46,0.09152833767456305,,,,False,True,,17.848231814067276,6.86483129311971,0.25,14.987596570439209
TMTM,25,47,0.19407711012699255,,,,False,True,,40.30408450835882,17.014831293119713,0.7000000000000001,41.96527039722978
TMTM,25,48,0.11914355550330917,,,,False,False,,49.46205795351681,35.16483129311971,0.05,2.9975193140878416
TMTM,25,49,0.08086353699962447,,,,False,False,,76.61845573307464,66.9148312931197,7.25,434.640300542737
TMTM,25,43,0.1311046107737816,0.021679781304847743,2.220446049250313e-16,0.146013386637657,True,False,0.125,87.0473845859735,71.31483129311971,1.5,89.92557942263525
TMTM,25,36,0.39316178001296825,0.09638424485438932,2.220446049250313e-16,0.12201116793717937,True,True,0.5350877192982456,97.4442448946759,50.26483129311971,6.1000000000000005,365.6973563187167
TMTM,26,47,0.2320216510969568,0.03794454096996424,0.0,0.03794454096996424,True,True,0.20930232558139536,48.907429424754525,21.06483129311971,1.9000000000000001,113.90573393533798
TMTM,26,49,0.1570738979937421,0.07621036099411764,2.220446049250313e-16,0.07621036099411764,True,False,0.2367758186397985,81.26369905236876,62.41483129311971,17.3,1037.1416826743932
TMTM,26,43,0.11290365351670531,0.018200957257076312,1.1102230246251565e-16,0.16421434389473333,True,True,0.410958904109589,86.51326971512435,72.96483129311972,3.6500000000000004,218.81890992841244
TMTM,26,36,0.19038425113168517,0.2027775288812831,2.220446049250313e-16,0.08076636094410374,True,True,0.23770491803278687,99.91094142892193,77.06483129311971,1.4500000000000002,86.9280601085474
TMTM,27,47,0.1525183033031233,0.07950334779383349,0.0,0.041558806823869254,True,True,0.44,49.617027689494506,31.31483129311971,1.7000000000000002,101.91565667898661
TMTM,27,50,0.11309716173581634,,,,False,False,,75.78649070141768,62.214831293119715,4.3,257.7866610115544
TMTM,27,49,0.17664797357234635,0.019574075578604244,0.0,0.09578443657272188,True,True,0.24043715846994534,88.31258812180128,67.11483129311972,5.4,323.7320859214869
TMTM,28,51,0.05801301965128743,,,,False,True,,18.7263936512742,11.764831293119709,0.1,5.995038628175683
TMTM,28,52,0.1692829876465304,,,,False,True,,33.27878981070336,12.96483129311971,0.7000000000000001,41.96527039722978
TMTM,28,49,0.08890604226623762,0.08774193130610873,0.0,0.008042505266613157,True,True,0.17073170731707318,72.13355636506823,61.464831293119715,30.6,1834.481820221759
TMTM,28,53,0.01992420386216812,,,,False,True,,99.97392682965955,102.36483129311972,1.25,74.93798285219604
TMTM,28,54,0.16370213625988866,,,,False,True,,98.80908764430636,79.16483129311972,4.65,278.7692962101693
TMTM,29,51,0.03390601300925547,0.02410700664203196,0.0,0.02410700664203196,True,True,0.18181818181818182,20.08355285423037,16.014831293119713,0.55,32.972712454966256
TMTM,29,55,0.04327283813140266,,,,False,False,,48.0220907173514,53.214831293119715,8.05,482.6006095681425
TMTM,29,49,0.136555273432802,0.04764923116656436,2.220446049250313e-16,0.05569173643317751,True,True,0.2016260162601626,79.65146410505595,63.26483129311971,6.3500000000000005,380.68495288915585
TMTM,29,54,0.21713474720765155,0.05343261094776288,2.220446049250313e-16,0.05343261094776288,True,True,0.45365853658536587,97.6710009580379,71.6148312931197,10.25,614.4914593880076
TMTM,30,51,0.04285649023853487,0.008950477229279396,2.220446049250313e-16,0.015156529412752561,True,True,0.4230769230769231,23.657610121743897,18.514831293119713,1.3,77.93550216628388
TMTM,30,55,0.04387832498015219,0.0006054868487495331,1.6653345369377348e-16,0.0006054868487495331,True,True,0.29375,34.09943229550145,39.364831293119714,12.65,758.372386464224
TMTM,30,56,0.15617175856046941,,,,False,True,,73.85544232037604,55.114831293119714,0.45,26.977673826790575
TMTM,30,57,0.14770975748352602,,,,False,False,,86.54000219114283,68.81483129311971,0.45,26.977673826790575
TMTM,30,58,0.17292703234644716,,,,False,True,,97.16607517469338,76.41483129311972,1.55,92.92309873672309
TMTM,30,54,0.22494088147708916,0.007806134269437592,2.220446049250313e-16,0.06123874521720048,True,True,0.2904761904761905,97.70773707037041,70.71483129311972,3.3000000000000003,197.83627472979754
TMTM,31,51,0.0761115277674614,0.033255037528926536,1.1796119636642288e-16,0.018098508116173972,True,True,0.9615384615384616,23.39821462521508,14.26483129311971,1.25,74.93798285219604
TMTM,31,55,0.040434026296863684,0.003444298683288505,1.942890293094024e-16,0.0028388118345389715,True,True,0.46335078534031415,26.962748137496067,31.81483129311971,15.3,917.2409101108796
TMTM,31,56,0.13441785270850215,0.021753905851967244,0.0,0.021753905851967244,True,True,0.10465116279069768,71.84497361813997,55.714831293119715,4.3,257.7866610115544
TMTM,31,54,0.15398803247373608,0.07095284900335308,0.0,0.009714103786152607,True,True,0.2631578947368421,92.64339518996805,74.16483129311972,8.700000000000001,521.5683606512845
TMTM,31,58,0.18801189822724365,0.01508486588079651,0.0,0.01508486588079651,True,True,0.3333333333333333,101.47625908038896,78.91483129311972,0.65,38.96775108314194
TMTM,32,51,0.10080039891479409,0.024688871147332685,1.942890293094024e-16,0.042787379263506654,True,True,0.65625,21.360879162895,9.264831293119709,1.4000000000000001,83.93054079445956
TMTM,32,55,0.05600743220495549,0.015573405908091805,1.6653345369377348e-16,0.012734594073552834,True,True,0.584375,28.193939428525052,34.91483129311971,10.05,602.5013821316561
TMTM,32,56,0.26595455488170716,0.13153670217320498,0.0,0.10978279632123773,True,True,0.6571428571428571,74.62937787892457,42.714831293119715,4.4,263.78169963973005
TMTM,32,54,0.06756927032853012,0.08641876214520595,0.0,0.09613286593135856,True,True,0.19141914191419143,79.67314373254332,71.56483129311971,45.45,2724.745056505848
TMTM,32,59,0.05553120659653163,,,,False,True,,101.42857608470351,94.76483129311971,0.8500000000000001,50.957828339493304
TMTM,33,51,0.112088693972983,0.011288295058188912,2.220446049250313e-16,0.05407567432169557,True,True,0.14285714285714285,19.16547456987767,5.71483129311971,0.2,11.990077256351366
TMTM,33,55,0.03492682999285173,0.02108060221210376,1.3877787807814457e-16,0.008346008138550924,True,False,0.24172185430463577,43.173611693977506,47.364831293119714,8.700000000000001,521.5683606512845
TMTM,33,56,0.00015682838405647697,0.2661113832657636,0.0,0.15632858694452587,True,True,0.3651452282157676,84.24601188703294,84.26483129311971,12.05,722.4021546951698
TMTM,33,54,0.1940075338749498,0.12643826354641968,0.0,0.030305397615061125,True,True,0.47084708470847086,85.74573535811369,62.464831293119715,21.400000000000002,1282.9382664295963
TMTM,34,60,0.008611671007896386,,,,False,True,,17.848231814067276,16.81483129311971,0.1,5.995038628175683
TMTM,34,55,0.004582551667095144,0.03034427832575659,0.0,0.03869028646430751,True,False,0.034482758620689655,43.3149250930683,43.864831293119714,0.30000000000000004,17.985115884527048
TMTM,34,61,0.0343393450154118,,,,False,False,,48.63555269496913,44.51483129311971,0.8500000000000001,50.957828339493304
TMTM,34,56,0.04668786960742371,0.04684469799148019,0.0,0.10948388895304569,True,True,0.6314363143631436,83.36737564601056,77.76483129311971,18.05,1082.1044723857108
TMTM,34,54,0.25951320582480253,0.06550567194985273,2.220446049250313e-16,0.09581106956491385,True,True,0.3187066974595843,96.25641599209602,65.11483129311972,7.15,428.64526191456133
TMTM,35,62,0.012251793971616347,,,,False,True,,19.294616016525747,20.76483129311971,0.8500000000000001,50.957828339493304
TMTM,35,61,0.03882722356608266,0.07316656858149445,4.440892098500626e-16,0.07316656858149445,True,True,0.02373887240356083,32.75556446518979,37.41483129311971,16.400000000000002,983.1863350208121
TMTM,35,63,0.15777794054618272,,,,False,True,,69.29818415866164,50.364831293119714,0.8500000000000001,50.957828339493304
TMTM,35,56,0.06320233837479136,0.016514468767367656,0.0,0.09296942018567804,True,True,0.6224137931034482,82.49911189809468,74.91483129311972,29.0,1738.561202170948
TMTM,35,54,0.3257023776989703,0.06618917187416778,1.1102230246251565e-16,0.16200024143908162,True,True,0.4965034965034965,97.69911661699615,58.614831293119714,3.5500000000000003,212.82387130023676
TMTM,36,62,0.17376493645746158,0.16151314248584522,2.220446049250313e-16,0.16151314248584522,True,True,0.2328767123287671,23.863038918224326,44.714831293119715,3.6500000000000004,218.81890992841244
TMTM,36,64,0.05638832899210362,,,,False,True,,17.848231814067276,24.61483129311971,0.05,2.9975193140878416
TMTM,36,61,0.030441077405698694,0.06926830097178135,0.0,0.003898267609713102,True,False,0.21646341463414634,30.117760581803555,26.464831293119712,3.5500000000000003,212.82387130023676
TMTM,36,56,0.07803158406247708,0.014829245687685717,1.942890293094024e-16,0.07814017449799232,True,True,0.7168508287292817,85.87862138061696,76.51483129311971,33.15,1987.355305240239
TMTM,36,54,0.07447447410677507,0.2512279035921952,4.440892098500626e-16,0.0892276621531136,True,True,0.04225352112676056,102.15176818593272,93.21483129311972,0.15000000000000002,8.992557942263524
TMTM,37,62,0.695100733999385,0.5213357975419234,0.0,0.6828489400277686,True,True,0.5132743362831859,25.052743213193523,108.46483129311972,4.9,293.7568927806085
TMTM,37,64,0.06233732872380075,0.005948999731697135,0.0,0.005948999731697135,True,True,0.07692307692307693,19.33435184626362,26.81483129311971,0.65,38.96775108314194
TMTM,37,61,0.011420186098231196,0.041861263503929894,0.0,0.04575953111364299,True,False,0.1267605633802817,26.044408961331968,27.41483129311971,0.45,26.977673826790575
TMTM,37,65,0.13840951144565825,,,,False,True,,85.1739726665987,68.56483129311971,0.30000000000000004,17.985115884527048
TMTM,37,56,0.12684650452682492,0.04881492046434784,4.440892098500626e-16,0.029325254033644478,True,False,0.08748114630467571,85.4364118363387,70.21483129311972,2.9000000000000004,173.8561202170948
TMTM,37,66,0.1925661627255316,,,,False,True,,101.6727708201835,78.56483129311971,0.55,32.972712454966256
TMTM,38,62,0.06646495768998947,0.7615656916893745,0.0,0.07871675166160583,True,True,0.25510204081632654,21.290626215918447,13.31483129311971,1.25,74.93798285219604
TMTM,38,64,0.06261097738001586,0.12494830610381662,0.0,0.11899930637211949,True,True,0.04377104377104377,35.228148578721616,27.714831293119712,14.850000000000001,890.263236284089
TMTM,38,67,0.07757295913629428,,,,False,False,,82.17358638947502,72.8648312931197,0.8,47.960309025405465
TMTM,38,56,0.1371515471691263,0.010305042642301388,0.0,0.01902021139134309,True,False,0.07936507936507936,87.22301695341487,70.76483129311971,0.5,29.975193140878417
TMTM,38,68,0.16160307109744104,,,,False,False,,91.40719982481264,72.01483129311971,0.8500000000000001,50.957828339493304
TMTM,39,69,0.10861167100789638,,,,False,True,,17.848231814067276,4.81483129311971,0.1,5.995038628175683
TMTM,39,62,0.09287147600355462,0.02640651831356514,0.0,0.10512326997517096,True,True,0.3870967741935484,19.409408413546263,8.264831293119709,0.9,53.95534765358115
TMTM,39,70,0.22544692407417818,,,,False,False,,91.0184621820211,63.964831293119715,2.95,176.85363953118267
TMTM,39,68,0.20956441759539218,0.04796134649795114,1.6653345369377348e-16,0.04796134649795114,True,False,0.13513513513513514,91.26256140456678,66.11483129311972,1.25,74.93798285219604
TMTM,40,69,0.10782049550398876,0.00079117550390763,0.0,0.00079117550390763,True,True,0.4,19.25329075359836,6.31483129311971,0.25,14.987596570439209
TMTM,40,70,0.02323736318147862,0.2486842872556568,4.440892098500626e-16,0.2486842872556568,True,True,0.02554112554112554,61.42634771134228,64.21483129311972,115.5,6924.269615542914
TMTM,41,71,0.302634980696989,,,,False,True,,54.731028976758395,18.41483129311971,1.5,89.92557942263525
TMTM,41,72,0.06535115893982528,,,,False,False,,57.30697036589875,49.464831293119715,0.75,44.962789711317626
TMTM,41,73,0.02716235754141607,,,,False,False,,65.72431419808964,62.464831293119715,2.7,161.86604296074344
TMTM,41,70,0.19503168153539577,0.2182690447168744,4.440892098500626e-16,0.030415242538782413,True,False,0.047186147186147186,90.01863307736721,66.61483129311972,5.45,326.72960523557475
TMTM,42,74,0.19302017223202156,,,,False,False,,48.1272519609623,24.964831293119712,2.5,149.8759657043921
TMTM,42,72,0.00039116650964009144,0.06495999243018519,0.0,0.06495999243018519,True,False,0.03546099290780142,63.761771274276526,63.714831293119715,21.150000000000002,1267.950669859157
TMTM,42,70,0.11484815213401495,0.08018352940138082,1.1102230246251565e-16,0.11059877194016324,True,False,0.3853211009174312,89.1466095492015,75.3648312931197,2.1,125.89581119168935
TMTM,42,75,0.07321116210994631,,,,False,True,,92.45017074631328,83.66483129311972,1.05,62.947905595844674
TMTM,43,76,0.07341849505523847,,,,False,True,,24.9046118864911,33.714831293119715,5.65,338.7196824919261
TMTM,43,77,0.03704581994138264,,,,False,False,,45.510329686085626,41.06483129311971,0.2,11.990077256351366
TMTM,43,72,0.16403014804812663,0.16363898153848655,1.6653345369377348e-16,0.09867898910830135,True,True,0.259927797833935,77.7484490588949,58.06483129311971,13.75,824.3178113741565
TMTM,43,70,0.15296991451018585,0.0381217623761709,0.0,0.07247700956399233,True,True,0.0582010582010582,92.27122103434202,73.91483129311972,17.900000000000002,1073.1119144434472
TMTM,44,78,0.009617176026430101,,,,False,True,,22.1107701699481,23.264831293119713,4.45,266.7792189538179
TMTM,44,76,0.023420690377052602,0.049997804678185855,0.0,0.049997804678185855,True,True,0.05161290322580645,32.1043484478734,34.91483129311971,18.8,1127.0672620970283
TMTM,44,72,0.0593725743111276,0.22340272235925424,0.0,0.12472373325095289,True,True,0.2896551724137931,84.8901223757844,92.01483129311971,4.95,296.7544120946963
TMTM,44,70,0.10214112696076837,0.05082878754941748,0.0,0.1233057971134098,True,True,0.7131474103585658,89.17176652841192,76.91483129311972,25.1,1504.7546956720964
TMTM,45,78,0.044231584517339356,0.053848760543769456,2.220446049250313e-16,0.053848760543769456,True,True,0.7606837606837606,23.672621435200433,18.36483129311971,5.8500000000000005,350.70975974827746
TMTM,45,79,0.11563158577514825,,,,False,True,,22.239041000101924,36.114831293119714,0.30000000000000004,17.985115884527048
TMTM,45,76,0.03128164894390052,0.05470233932095313,1.1102230246251565e-16,0.10470014399913899,True,True,0.21779859484777517,43.668629166387774,39.91483129311971,7.2,431.6427812286492
TMTM,45,72,0.10215194174201869,0.04277936743089109,0.0,0.16750310068184399,True,True,0.5098039215686274,84.55659828407747,96.81483129311971,2.75,164.86356227483128
TMTM,45,70,0.06907685083817346,0.0330642761225949,0.0,0.15637007323600471,True,True,0.7219730941704036,87.40405339370052,79.1148312931197,32.5,1948.387554157097
TMTM,46,78,0.06383561249698728,0.019604027979647932,1.942890293094024e-16,0.07345278852341738,True,True,0.8111888111888111,24.725104792758184,17.06483129311971,7.1000000000000005,425.6477426004735
TMTM,46,79,0.19884617116267794,0.0832145853875297,2.498001805406602e-16,0.0832145853875297,True,True,0.2222222222222222,19.25329075359836,43.114831293119714,0.25,14.987596570439209
TMTM,46,80,0.10628285125499438,,,,False,False,,30.910889142520386,43.66483129311971,0.8,47.960309025405465
TMTM,46,76,0.08251709114479369,0.05123544220089317,0.0,0.15593558620003214,True,True,0.055865921787709494,58.51688223049496,48.614831293119714,2.25,134.88836913395286
TMTM,46,81,0.1267034594890382,,,,False,True,,93.1192464318043,77.91483129311972,1.75,104.91317599307446
TMTM,46,70,0.14557454074461043,0.07649768990643697,0.0,0.07987238332956774,True,True,0.10307692307692308,97.98377618247297,80.51483129311971,3.35,200.83379404388538
TMTM,47,78,0.01761725007739079,0.08145286257437807,0.0,0.008000074050960688,True,True,0.035211267605633804,18.550761283832816,20.66483129311971,0.25,14.987596570439209
TMTM,47,76,0.05604260803623724,0.13855969918103092,0.0,0.01737588701900122,True,True,0.09146341463414634,34.33971832877124,41.06483129311971,15.65,938.2235453094944
TMTM,47,82,0.03842687240307132,,,,False,False,,25.57605598148827,20.964831293119712,0.25,14.987596570439209
TMTM,47,83,0.10982865308913822,,,,False,False,,86.4442696638163,73.26483129311971,2.6500000000000004,158.8685236466556
TMTM,47,81,0.13375119748396264,0.007047737994924456,1.1102230246251565e-16,0.007047737994924456,True,True,0.45714285714285713,91.06497499119523,75.01483129311971,0.8,47.960309025405465
TMTM,47,70,0.17803966218696607,0.03246512144235562,0.0,0.047407261887212115,True,True,0.38461538461538464,99.77959075555565,78.41483129311972,3.85,230.8089871847638
TMTM,48,78,0.06867325887483497,0.08629050895222576,0.0,0.07829043490126507,True,True,0.02857142857142857,25.455622358099905,17.21483129311971,8.75,524.5658799653722
TMTM,48,76,0.04346674454429138,0.01257586349194586,0.0,0.02995175051094708,True,True,0.7685459940652819,34.54882194780475,39.76483129311971,14.15,848.2979658868592
TMTM,48,81,0.1382657167166625,0.004514519232699854,0.0,0.01156225722762431,True,True,0.1797752808988764,86.2067172991192,69.6148312931197,4.45,266.7792189538179
TMTM,48,70,0.14963640506070136,0.02840325712626471,0.0,0.07581051901347682,True,True,0.32489451476793246,95.77119990040387,77.81483129311971,11.850000000000001,710.4120774388184
TMTM,49,78,0.06721650279848408,0.0014567560763508957,2.220446049250313e-16,0.07683367882491418,True,True,0.2857142857142857,22.7308116289378,14.664831293119711,2.5,149.8759657043921
TMTM,49,76,0.01553216789857359,0.05899891244286497,2.203098814490545e-16,0.08895066295381206,True,True,0.8996655518394648,35.078691440948546,33.214831293119715,14.25,854.2930045150348
TMTM,49,81,0.07925644232428937,0.05900927439237312,0.0,0.04744701716474881,True,True,0.2782608695652174,81.67560437203444,72.16483129311972,10.25,614.4914593880076
TMTM,49,84,0.20572447410677508,,,,False,True,,102.15176818593272,77.46483129311972,0.25,14.987596570439209
TMTM,49,70,0.19739114077344175,0.04775473571274039,0.0,0.028055783300736437,True,True,0.029535864978902954,102.15176818593272,78.46483129311972,0.35000000000000003,20.98263519861489
TMTM,50,76,0.02376435768209806,0.008232189783524468,0.0,0.09718285273733653,True,True,0.7578947368421053,33.86655421497148,31.014831293119713,10.8,647.4641718429738
TMTM,50,85,0.08738622914585091,,,,False,True,,88.10117879062182,77.6148312931197,0.15000000000000002,8.992557942263524
TMTM,50,86,0.02577225976596651,,,,False,True,,89.8575024650357,86.76483129311971,0.05,2.9975193140878416
TMTM,50,81,0.17973780058689084,0.10048135826260148,1.6653345369377348e-16,0.05303434109785267,True,True,0.20361990950226244,90.88336736354661,69.31483129311971,16.35,980.1888157067242
TMTM,51,87,0.6554521717150298,,,,False,True,,29.210570687316146,107.86483129311972,12.25,734.3922319515211
TMTM,51,76,0.06209064217774577,0.03832628449564771,0.0,0.13550913723298424,True,True,0.4954128440366973,36.0157083544492,28.56483129311971,21.8,1306.918420942299
TMTM,51,85,0.17085243297241515,0.08346620382656424,4.440892098500626e-16,0.08346620382656424,True,True,0.020134228187919462,87.21712324980953,66.71483129311972,7.45,446.63037779908836
TMTM,51,81,0.22186254880360348,0.042124748216712624,0.0,0.09515908931456529,True,True,0.23723723723723725,99.23833714955212,72.6148312931197,4.25,254.78914169746653
TMTM,52,87,0.6703358439641545,0.014883672249124628,0.0,0.014883672249124657,True,True,0.5669291338582677,25.42453001742119,105.86483129311972,7.65,458.6204550554398
TMTM,52,76,0.023004781645084904,0.03908586053266087,0.0,0.09642327670032337,True,True,0.7607223476297968,31.9754050905299,29.214831293119712,17.2,1031.1466440462175
TMTM,52,88,0.059636812286353744,,,,False,False,,45.07124876748216,37.91483129311971,0.1,5.995038628175683
TMTM,52,85,0.0755501415554105,0.09530229141700465,4.440892098500626e-16,0.011836087590440414,True,True,0.12064777327935222,79.98084827976898,70.91483129311972,61.75,3701.9363528984845
TMTM,53,89,0.05569500434122971,,,,False,True,,17.848231814067276,11.164831293119711,0.1,5.995038628175683
TMTM,53,90,0.6880324111072923,,,,False,True,,18.600941960244644,101.16483129311972,0.7000000000000001,41.96527039722978
TMTM,53,76,0.023401957644657963,0.046406739289742864,1.3877787807814457e-16,0.0500165374105805,True,True,0.7906976744186046,31.55659637576075,34.36483129311971,13.600000000000001,815.3252534318929
TMTM,53,91,0.007371494263078126,,,,False,False,,45.949410604689085,45.06483129311971,0.05,2.9975193140878416
TMTM,53,92,0.020757524883193667,,,,False,False,,47.705734279102955,45.214831293119715,0.05,2.9975193140878416
TMTM,53,85,0.11404091119733432,0.03849076964192382,0.0,0.02665468205148341,True,True,0.8159806295399515,84.34974063679984,70.66483129311972,50.75,3042.482103799159
TMTM,54,89,0.02569500434122971,0.029999999999999995,0.0,0.029999999999999995,True,True,1.0,17.848231814067276,14.76483129311971,0.1,5.995038628175683
TMTM,54,90,0.16991262817758843,0.5181197829297038,0.0,0.5181197829297038,True,True,0.23728813559322035,22.075315911809103,42.464831293119715,2.95,176.85363953118267
TMTM,54,76,0.030530326709568723,0.007128369064910759,0.0,0.04288816834566974,True,True,0.5661764705882353,29.401192087971463,33.06483129311971,7.7,461.6179743695276
TMTM,54,93,0.10656540205445507,,,,False,False,,32.7769830465851,45.56483129311971,0.2,11.990077256351366
TMTM,54,94,0.07901270476767283,,,,False,False,,34.53330672099897,44.01483129311971,0.1,5.995038628175683
TMTM,54,95,0.05830865883749947,,,,False,False,,37.167792232619774,44.16483129311971,0.05,2.9975193140878416
TMTM,54,85,0.10173043930828325,0.012310471889051064,0.0,0.014344210162432347,True,True,0.19310344827586207,93.5224840101137,81.31483129311971,9.8,587.513785561217
TMTM,54,96,0.100279555012582,,,,False,True,,99.74837789462956,87.71483129311972,2.85,170.85860090300696
TMTM,55,89,0.05083808295423602,0.07653308729546573,0.0,0.10653308729546573,True,True,0.2222222222222222,19.214261338611387,25.31483129311971,0.45,26.977673826790575
TMTM,55,90,0.1752149191084816,0.005302290930893161,1.1102230246251565e-16,0.5128174919988108,True,True,0.29838709677419356,22.23904100010192,43.26483129311971,5.1000000000000005,305.74697003695985
TMTM,55,76,0.09482111829517584,0.0642907915856071,0.0,0.02140262323993737,True,True,0.7321428571428571,25.886297097698613,37.26483129311971,6.8500000000000005,410.6601460300343
TMTM,55,97,0.09364009191708789,,,,False,True,,91.70164232317026,80.46483129311972,1.0,59.950386281756835
TMTM,55,85,0.1399650602153719,0.03823462090708863,0.0,0.05257883106952098,True,True,0.20588235294117646,99.06063851896434,82.26483129311971,2.5,149.8759657043921
TMTM,56,89,0.08655977422468947,0.03572169127045344,0.0,0.14225477856591917,True,True,0.9,19.077658386156976,29.464831293119712,0.5,29.975193140878417
TMTM,56,98,0.18086374575001377,,,,False,True,,19.81118180311806,41.51483129311971,0.8500000000000001,50.957828339493304
TMTM,56,90,0.19451737749230308,0.019302458383821483,0.0,0.4935150336149892,True,True,0.22549019607843138,19.22274599404334,42.56483129311971,1.1500000000000001,68.94294422402035
TMTM,56,76,0.09255712595135138,0.002263992343824454,1.1188966420050406e-16,0.019138630896112917,True,True,0.9090909090909091,25.557976178957546,36.66483129311971,6.800000000000001,407.66262671594643
TMTM,56,99,0.1354082903860822,,,,False,False,,91.61382613944957,75.3648312931197,0.5,29.975193140878417
TMTM,56,85,0.1826520340144505,0.042686973799078605,1.6653345369377348e-16,0.09526580486859958,True,True,0.16037735849056603,99.43307537485377,77.51483129311971,3.6500000000000004,218.81890992841244
TMTM,57,89,0.03386574444062562,0.05269402978406384,1.6653345369377348e-16,0.08956074878185533,True,True,0.7,18.600941960244636,22.66483129311971,0.35000000000000003,20.98263519861489
TMTM,57,90,0.13991905475257843,0.05459832273972465,2.220446049250313e-16,0.5481133563547139,True,True,0.1417910447761194,26.2245447228103,43.01483129311971,6.5,389.6775108314194
TMTM,57,76,0.1317823531388152,0.03922522718746381,1.1102230246251565e-16,0.058363858083576726,True,True,0.41911764705882354,22.500948916461887,38.31483129311971,2.85,170.85860090300696
TMTM,57,100,0.36094787326319827,,,,False,True,,101.42857608470351,58.114831293119714,0.8500000000000001,50.957828339493304
TMTM,57,85,0.12163759080097473,0.06101444321347576,0.0,0.03425136165512382,True,True,0.125,87.76134218923669,73.16483129311972,29.200000000000003,1750.5512794272995
TMTM,58,90,0.21442684357118963,0.07450778881861118,0.0,0.4736055675361027,True,True,0.3384615384615385,24.833610064576956,50.56483129311971,2.2,131.89084981986502
TMTM,58,101,0.12164199217083281,,,,False,False,,37.167792232619774,51.76483129311971,0.05,2.9975193140878416
TMTM,58,102,0.07935846721817376,,,,False,False,,46.09181522693886,55.614831293119714,5.550000000000001,332.72464386375043
TMTM,58,103,0.09708001277904839,,,,False,False,,72.21443282660552,60.56483129311971,1.1,65.94542490993251
TMTM,58,104,0.1971715151643695,,,,False,True,,101.77541311284405,78.1148312931197,0.7000000000000001,41.96527039722978
TMTM,58,85,0.1544613723731376,0.032823781572162855,0.0,0.06707514322728668,True,True,0.1267123287671233,98.90019597789622,80.3648312931197,3.7,221.81642924250028
ST-MTM,0,0,0.13486490193164957,,,,False,True,,17.848231814067276,1.6644435822693282,0.012489663808699536,2.9975193140878416
ST-MTM,0,1,0.04794377713914395,,,,False,True,,21.397469239445275,27.15072249614255,0.5995038628175706,143.88092707621638
ST-MTM,0,2,0.003861665281914739,,,,False,False,,53.99922744575264,54.46262727958241,0.1498759657043962,35.970231769054095
ST-MTM,0,3,0.12575207315345693,,,,False,True,,92.66762034409787,107.7578691225127,0.1873449571304775,44.962789711317626
ST-MTM,0,4,0.04269261364286609,,,,False,True,,87.01160762223552,81.88849398509159,5.395534765358121,1294.9283436859475
ST-MTM,1,5,0.00929747189224619,,,,False,False,,22.239041000101928,23.35473762717147,0.03822138081216764,5.995038628175683
ST-MTM,1,6,0.0052833391096336335,,,,False,False,,26.62985018613658,27.263850879292615,0.019110690406080266,2.9975193140878416
ST-MTM,1,7,0.03144020395734852,,,,False,False,,57.58505494768094,53.812230472799115,0.15288552324865634,23.980154512702732
ST-MTM,1,4,0.05956293580423792,0.016870322161371833,0.4253464786619927,0.016870322161371833,True,True,0.5572354211663066,84.40621410534985,77.2586618088413,5.522989527357737,866.2830817713863
ST-MTM,1,8,0.15554925809804948,,,,False,False,,82.83220776738023,101.49811873914616,0.019110690406080266,2.9975193140878416
ST-MTM,1,3,0.20569259770786913,0.07994052455441221,0.42534647866205966,0.07994052455441221,True,True,0.21052631578947367,87.7045895738187,112.38770129876299,0.5924314025885451,92.92309873672309
ST-MTM,2,9,0.14267221254214443,,,,False,False,,54.856480667787956,37.735815162730624,0.5466245477382756,83.93054079445956
ST-MTM,2,10,0.07119725355606482,,,,False,True,,62.50017840710683,53.95650798037905,1.6593959484911949,254.78914169746653
ST-MTM,2,11,0.1714978108519383,,,,False,False,,69.26061573781855,48.68087843558596,0.2147453580400338,32.972712454966256
ST-MTM,2,3,0.11534976539185694,0.0903428323160122,0.021309786586755086,0.01040230776159999,True,True,0.17218543046357615,95.47533230031841,109.31730414734125,2.850256570349586,437.6378198568249
ST-MTM,2,4,0.1634943445281863,0.10393140872394836,0.021309786586763746,0.12080173088532019,True,True,0.12418300653594772,99.94838030348633,80.32905896010398,1.0737267902001975,164.86356227483128
ST-MTM,3,10,0.0845784764454909,0.15577573000155573,1.8270276080655157,0.15577573000155573,True,True,0.055994729907773384,46.5568348003855,56.70625197384441,4.767984805987936,4550.234318785344
ST-MTM,3,3,0.11070730548716151,0.004642459904695429,1.8270276080655243,0.015044767666295419,True,True,0.2908366533864542,93.2826834954165,106.56756015387589,1.576764408831309,1504.7546956720964
ST-MTM,4,10,0.09736341000773135,0.012784933562240456,0.6931471805599467,0.16856066356379618,True,True,0.29314888010540185,36.11005123319748,47.79366043412524,2.7954588124698745,1333.8960947690896
ST-MTM,4,12,0.1386937015011492,,,,False,False,,50.070016148506234,66.71326032864414,0.16333017780723935,77.93550216628388
ST-MTM,4,13,0.12839697670551994,,,,False,False,,71.45792111403333,86.86555831869572,0.26384105645783507,125.89581119168935
ST-MTM,4,3,0.18207080785573418,0.07136350236857265,0.6931471805599559,0.05631873470227724,True,True,0.8992395437262357,93.63165474727727,115.48015168996537,3.122119168084339,1489.7670991016573
ST-MTM,5,10,0.05368115965743421,0.043682250350297144,1.3009345121687343,0.12487841321349903,True,False,0.41140529531568226,43.520301651769906,49.96204081066201,5.72181020100065,743.3847898937847
ST-MTM,5,14,0.016086127194797583,,,,False,False,,75.80691306972479,77.7372483331005,0.02307181532660252,2.9975193140878416
ST-MTM,5,15,0.22149317097858454,,,,False,False,,95.12647348827727,121.70565400570742,0.2537899685927698,32.972712454966256
ST-MTM,5,3,0.09690296757121265,0.08516784028452153,1.3009345121687432,0.028849105582244287,True,True,0.030181086519114688,101.68341520608904,113.31177131463456,0.3460772298992367,44.962789711317626
ST-MTM,6,16,0.09456604254867713,,,,False,True,,18.43367303887189,7.085747933030636,0.08239934045219854,17.985115884527048
ST-MTM,6,17,0.013864783444381423,,,,False,True,,20.650875975365985,18.987101962040214,0.6454615002088886,140.88340776212854
ST-MTM,6,10,0.028887884668533738,0.024793274988900472,0.5187937934151692,0.10008513822459857,True,True,0.23469387755102042,46.495494436229514,49.96204059645356,4.902760756905792,1070.1143951293595
ST-MTM,6,18,0.09586052110490423,,,,False,True,,89.27206124023104,100.77532377281955,0.12359901067830492,26.977673826790575
ST-MTM,6,19,0.013082536654225289,,,,False,False,,95.28985243473437,93.71994803622734,0.5905286065740825,128.8933305057772
ST-MTM,7,17,0.1419001092015242,0.12803532575714277,0.6632942174102601,0.12803532575714277,True,True,0.2315270935960591,26.474117052444704,9.446103948261802,5.4116978596987835,608.4964207598318
ST-MTM,7,20,0.020440833898882717,,,,False,False,,52.97470530234455,50.52180523447863,0.02665861014629911,2.9975193140878416
ST-MTM,7,10,0.021993965048313177,0.050881849716846915,0.663294217410253,0.04920328850775165,True,False,0.0028011204481792717,54.73102897675841,52.09175317096083,0.02665861014629911,2.9975193140878416
ST-MTM,7,19,0.06186107759783018,0.07494361425205547,0.6632942174102606,0.07494361425205547,True,False,0.5333333333333333,93.70790436663535,101.13123367837497,0.6931238638037769,77.93550216628388
ST-MTM,7,21,0.05662365566499119,,,,False,True,,101.39905803975535,108.19389671955429,0.186610271024108,20.98263519861489
ST-MTM,8,17,0.1614732257294634,0.019573116527939218,0.4938760654522163,0.14760844228508196,True,True,0.18226600985221675,25.205803963638857,5.829016876103249,0.6019377460213153,110.90821462125014
ST-MTM,8,22,0.6597293687495108,,,,False,True,,34.89490277161361,114.06242702155491,0.2765659914151968,50.957828339493304
ST-MTM,8,10,0.37296275375404875,0.39495671880236194,0.4938760654522252,0.44416000731011357,True,True,0.025,53.5016024046687,98.25713285515455,0.6507435092122194,119.90077256351367
ST-MTM,8,23,0.3422452558275342,,,,False,True,,71.01693941223242,29.947508712928318,0.17895446503336387,32.972712454966256
ST-MTM,8,19,0.28881496129172646,0.3506760388895566,0.49387606545220586,0.27573242463750114,True,True,0.0912280701754386,93.24073649048547,58.5829411354783,4.636547503137152,854.2930045150348
ST-MTM,9,24,0.5141875282261387,,,,False,True,,19.28522391131498,80.98772729845162,0.3231122285324659,65.94542490993251
ST-MTM,9,17,0.16150779039452556,0.32298101612398894,0.10227884912041973,0.17537257383890698,True,True,0.43023255813953487,30.101652798350035,49.4825876456931,1.2630750751723525,257.7866610115544
ST-MTM,9,22,0.6410836074775708,0.01864576127194007,0.10227884912042007,0.018645761271940012,True,True,0.16666666666666666,27.57688746155584,104.50692035886433,1.4980657868323135,305.74697003695985
ST-MTM,9,10,0.4949013033609442,0.12193854960689544,0.10227884912038832,0.5660985569170089,True,True,0.125,51.21838162793068,110.60653803124399,0.07343459739374225,14.987596570439209
ST-MTM,9,25,0.5034217905565476,,,,False,True,,82.72964872069912,22.319033853913414,2.0121079685885164,410.6601460300343
ST-MTM,9,19,0.7221443906513194,0.433329429359593,0.1022788491204194,0.7090618539970941,True,True,0.2807017543859649,98.79279915861623,12.135472280457897,1.1749535582998618,239.80154512702734
ST-MTM,10,17,0.20735343095249564,0.04584564055797007,0.3268360098713481,0.22121821439687706,True,True,0.6511627906976745,29.860231230147793,54.74264294444727,0.5931652020532141,167.86108158891912
ST-MTM,10,24,0.5195605360678334,0.005373007841694684,0.32683600987134426,0.005373007841694684,True,True,0.5,20.5625502199796,82.9098145481196,0.4660583730418182,131.89084981986502
ST-MTM,10,22,0.6850043144124723,0.0439207069349016,0.3268360098713204,0.025274945662961557,True,True,0.7264957264957265,24.961342695443417,107.1618604249401,1.0592235750950465,299.7519314087842
ST-MTM,10,25,0.44317131368592083,0.06025047687062672,0.3268360098713434,0.060250476870626755,True,True,0.05660377358490566,75.46697945532209,22.286421813011593,0.3283593082794596,92.92309873672309
ST-MTM,10,19,0.7539664925225491,0.03182210187122959,0.32683600987133743,0.7408839558683238,True,True,0.21739130434782608,92.80698080956769,2.331001706861804,3.897942756349731,1103.0871075843256
ST-MTM,11,17,0.34675288399357646,0.1393994530410808,0.31991556702677504,0.36061766743795787,True,True,0.42857142857142855,23.9953646745158,65.60571075374497,0.3500551290934766,71.94046353810819
ST-MTM,11,24,0.4700364515780208,0.0495240844898125,0.3199155670267543,0.044151076648117814,True,True,0.6027397260273972,22.53978135530977,78.94415554467227,1.0647510176593187,218.81890992841244
ST-MTM,11,22,0.5953542567011442,0.08965005771132818,0.3199155670267487,0.06437511204836663,True,True,0.78,24.06291558507017,95.50542638920747,1.1376791695537918,233.80650649885163
ST-MTM,11,26,0.49400311957295684,,,,False,True,,57.365514488379205,-1.9148598603756108,0.05834252151557928,11.990077256351366
ST-MTM,11,27,0.4537356248383713,,,,False,False,,82.30199684680245,27.853721866197894,0.7730384100814263,158.8685236466556
ST-MTM,11,19,0.7535362885191591,0.00043020400338997786,0.31991556702676527,0.7404537518649338,True,True,0.43107769423558895,97.51438153821915,7.090026915920066,2.9608829669156567,608.4964207598318
ST-MTM,12,24,0.18084964105818802,0.2891868105198328,0.2772833652308809,0.33333788716795065,True,True,0.6636363636363637,24.634027828848097,46.33598475583066,1.2158927066726761,329.72712454966256
ST-MTM,12,22,0.40123665106838236,0.19411760563276184,0.2772833652309039,0.2584927176811284,True,True,0.05128205128205128,17.848231814067276,65.99662994227316,0.044214280242641735,11.990077256351366
ST-MTM,12,26,0.08212377772681219,0.5761268972997691,0.2772833652309379,0.5761268972997691,True,True,0.19047619047619047,57.15642833666326,67.01128166388072,0.232124971273862,62.947905595844674
ST-MTM,12,28,0.986516904662732,,,,False,False,,91.4674658332484,-26.914562726279442,0.1326428407279323,35.970231769054095
ST-MTM,12,19,0.7686146471377842,0.015078358618625061,0.27728336523088254,0.7555321104835588,True,True,0.47540983606557374,92.51461041274358,0.2808527562094829,4.719874415902135,1279.9407471155084
ST-MTM,13,22,0.4489576314572647,0.04772098038888239,0.13203922621987374,0.21077173729224608,True,True,0.13333333333333333,20.365629080727143,74.24054485559891,0.3784144660926074,89.92557942263525
ST-MTM,13,24,0.23417424543885398,0.053324604380665976,0.13203922621983027,0.28001328278728466,True,True,0.6090909090909091,23.667692347199768,51.768601799862246,0.8451256409401395,200.83379404388538
ST-MTM,13,29,0.09324874471347175,,,,False,True,,27.621042754865208,38.81089212048182,1.2739953691784223,302.749450722872
ST-MTM,13,28,0.840546831793238,0.1459700728694941,0.13203922621980224,0.14597007286949407,True,True,0.12631578947368421,88.52639399600625,-12.3392258191823,1.1983124759599022,284.76433483834495
ST-MTM,13,19,1.0407272251069637,0.2721125779691796,0.13203922621982767,1.0276446884527384,True,True,0.454337899543379,96.9162509469658,-27.97101606586984,2.6489012626482022,629.4790559584467
ST-MTM,14,29,0.11211739478398813,0.01886865007051638,0.11579693768475541,0.01886865007051638,True,True,0.4427860696517413,25.542602197213725,38.9966895712923,2.6766910750018837,566.531150362602
ST-MTM,14,24,0.2612394856591562,0.027065240220302243,0.1157969376847576,0.25294804256698245,True,True,0.3684210526315789,22.726908687439114,54.07564696653786,0.8922303583339612,188.84371678753402
ST-MTM,14,22,0.3862697348099862,0.06268789664727853,0.11579693768472021,0.2734596339395246,True,True,0.4838709677419355,23.088875036108643,69.44124321330699,0.8780679716937243,185.84619747344618
ST-MTM,14,19,1.0403245753764032,0.00040264973056058174,0.11579693768475502,1.027242038722178,True,True,0.2713178294573643,95.26043037869871,-29.57851866646966,1.6711616235461477,353.70727906236533
ST-MTM,14,28,0.8493405474889137,0.008793715695675781,0.11579693768474542,0.1371763571738183,True,True,0.05825242718446602,93.49560150489299,-8.425264193776654,0.19827341296310053,41.96527039722978
ST-MTM,14,30,1.2563469856134775,,,,False,True,,102.15176818593272,-48.60987008768459,0.02832477328044547,5.995038628175683
ST-MTM,15,29,0.34263890412947023,0.23052150934548213,1.183451168605138,0.2493901594159985,True,True,0.7673469387755102,27.21289206165922,68.32956055719565,1.0581810037019181,731.3947126374334
ST-MTM,15,22,0.2283456591619083,0.15792407564807792,1.1834511686051208,0.43138370958760247,True,True,0.03225806451612903,17.848231814067276,45.24971091349627,0.008673614784441952,5.995038628175683
ST-MTM,15,24,0.10171328222569193,0.1595262034334643,1.1834511686051377,0.41247424600044674,True,False,0.015873015873015872,23.117202837308852,35.322796704391884,0.004336807392220976,2.9975193140878416
ST-MTM,15,31,0.05954763385447072,,,,False,False,,24.87352651172273,32.019242574259216,0.004336807392220976,2.9975193140878416
ST-MTM,15,19,0.7935969768069816,0.2467275985694215,1.18345116860514,0.7805144401527564,True,True,0.097119341563786,79.26463013079304,-15.967007086044754,5.269220981548468,3641.9859666167276
ST-MTM,16,29,0.3471723644111549,0.004533460281684635,0.772051324977158,0.2539236196976831,True,True,0.6619318181818182,32.37781857512745,74.03850230446604,3.20053177848132,1022.154086103954
ST-MTM,16,24,0.11279712719917123,0.011083844973479303,0.7720513249771614,0.40139040102696744,True,True,0.030303030303030304,21.307657233367298,34.843312497267846,0.30972888178851576,98.91813736489877
ST-MTM,16,22,0.18318004141881947,0.045165617743088846,0.7720513249770886,0.4765493273306914,True,True,0.2857142857142857,18.600941960244636,40.58254693050297,0.06570006583392285,20.98263519861489
ST-MTM,16,32,0.0613701985836799,,,,False,True,,36.816527497737,44.18095132777859,0.046928618452810156,14.987596570439209
ST-MTM,16,33,1.0158371865427176,,,,False,False,,90.3258554448794,-31.574606940246728,0.14078585535841626,44.962789711317626
ST-MTM,16,19,0.9132208792726203,0.11962390246563878,0.77205132497716,0.900138342618395,True,True,0.22633744855967078,93.05720486824048,-16.52930064447397,2.581074014904287,824.3178113741565
ST-MTM,17,29,0.15909920750764325,0.18807315690351165,0.06572265389878784,0.06585046279417149,True,True,0.7084548104956269,30.20701554749382,49.29892044841101,2.4557086218494817,734.3922319515211
ST-MTM,17,24,0.3084229933073039,0.1956258661081326,0.06572265389878185,0.20576453491883478,True,True,0.12307692307692308,27.800732635745835,64.8114918326223,1.8643338925061315,557.5385924203385
ST-MTM,17,34,0.7230534173889154,,,,False,False,,82.98433029036099,-3.7820797963088655,1.2729591631627906,380.68495288915585
ST-MTM,17,19,1.0105289331406366,0.09730805386801616,0.06572265389878407,0.9974463964864113,True,True,0.2727272727272727,99.50557384981589,-21.757898127060496,0.751747537300858,224.81394855658812
ST-MTM,18,29,0.32445962381268784,0.48355883132033106,0.41021571086676034,0.4177083685261596,True,True,0.6032388663967612,25.292252685755162,-13.642902171767377,2.2810884081850205,452.6254164272641
ST-MTM,18,35,0.5487100419942889,,,,False,True,,18.7263936512742,84.57159869058886,0.060426182998270406,11.990077256351366
ST-MTM,18,24,0.44917626417606926,0.14075327086876543,0.4102157108667548,0.06501126405006936,True,True,0.3548387096774194,23.356701520183478,77.25785322131179,0.9970320194715896,197.83627472979754
ST-MTM,18,36,0.7286900538782821,,,,False,True,,82.30290474221438,-5.139901723179472,1.102777839718586,218.81890992841244
ST-MTM,18,37,0.359249646064184,,,,False,True,,85.02761236039758,41.9176548326955,1.0876712939690236,215.8213906143246
ST-MTM,18,19,0.5938965759507703,0.4166323571898663,0.4102157108667678,0.580814039296545,True,True,0.6538461538461539,100.00515036164919,28.73756124755676,0.8157534704767642,161.86604296074344
ST-MTM,19,29,0.46816692801195997,0.14370730419927216,0.2077881632310219,0.5614156727254317,True,True,0.48344370860927155,21.505234533394756,-34.67479682804044,0.8958736802355958,218.81890992841244
ST-MTM,19,24,0.18537182990545448,0.6345480940815238,0.20778816323100624,0.6995593581315931,True,True,0.5303030303030303,22.414673367543312,0.17005377888877538,0.4295284768252887,104.91317599307446
ST-MTM,19,38,0.26667824514212085,,,,False,False,,42.30825176748962,10.306862350435116,0.5031619299953398,122.89829187760151
ST-MTM,19,39,0.27366034290355495,,,,False,False,,54.73102897675842,21.891787828331825,0.2086281173151434,50.957828339493304
ST-MTM,19,36,0.163770273210989,0.5649197806672931,0.20778816323101912,0.5649197806672931,True,True,0.2857142857142857,86.47555827337364,66.82312548805496,2.638532071926761,644.4666525288859
ST-MTM,19,19,0.36098939935046953,0.23290717660030066,0.20778816323101879,0.34790686269624427,True,True,0.39705882352941174,98.21295406316632,54.894226141109975,1.6690249385211189,407.66262671594643
ST-MTM,20,29,0.4513945620542075,0.016772365957752406,0.02483413203772955,0.5446433067676792,True,True,0.48120300751879697,22.904744328307174,-31.262603118197735,1.484431891769038,371.69239494689236
ST-MTM,20,24,0.2857238026356939,0.10035197273023941,0.02483413203773832,0.7999113308618325,True,True,0.11784511784511785,29.060318301234563,-5.226538015048704,3.5554538052855116,890.263236284089
ST-MTM,20,40,0.3345248039003537,,,,False,True,,56.838617386055034,16.69564091801259,0.3591367480086376,89.92557942263525
ST-MTM,20,36,0.10161308582301523,0.06215718738797378,0.02483413203775342,0.6270769680552669,True,False,0.22325581395348837,87.62550779546812,75.4319374967063,0.5746187968138088,143.88092707621638
ST-MTM,20,41,0.2436825159926332,,,,False,False,,88.589046477959,59.34714455884302,0.2154820488051854,53.95534765358115
ST-MTM,20,19,0.4433870571080415,0.08239765775757195,0.02483413203777962,0.43030452045381623,True,True,0.09558823529411764,101.47625908038896,48.26981222742398,0.15562592413706966,38.96775108314194
ST-MTM,21,24,0.2401673117548437,0.04555649088085017,0.38384951763222375,0.7543548399809823,True,True,0.8552188552188552,28.434576481498887,-0.3855009290823596,2.071421980159503,761.3699057783117
ST-MTM,21,29,0.4009001170595198,0.050494444994687804,0.38384951763222663,0.49414886177299155,True,True,0.4301675977653631,28.652283508188898,-19.455730538953475,1.0764870133112368,395.6725494595951
ST-MTM,21,36,0.11006556745352801,0.008452481630512784,0.3838495176321901,0.6186244864247541,True,True,0.26717557251908397,82.96616465780157,69.75829656337821,0.9623141482630899,353.70727906236533
ST-MTM,21,41,0.36616361515003365,0.12248109915740049,0.3838495176322372,0.12248109915740049,True,True,0.050359712230215826,92.31250964496455,48.37287582696051,2.2345260730854477,821.3202920600686
ST-MTM,22,24,0.27888245769285275,0.038715145938009,0.41061975869682854,0.7930699859189915,True,True,0.5287356321839081,27.938008509148304,-5.527886413994024,1.7829237134666531,434.640300542737
ST-MTM,22,36,0.060113280968417254,0.049952286485110756,0.41061975869681755,0.668576772909865,True,False,0.23397435897435898,82.87167571511976,75.6580819989097,3.2830388379006763,800.3376568614538
ST-MTM,22,41,0.40197641583663535,0.035812800686601656,0.41061975869682443,0.15829389984400213,True,True,0.3695652173913043,95.85264577673692,47.61547587634068,1.278786663451939,311.74200866513553
ST-MTM,23,42,0.9096826253831608,,,,False,True,,21.100683062981833,130.26259810896113,0.48255839098624165,80.93302148037172
ST-MTM,23,24,0.17172282375053716,0.10715963394231556,0.37398897600614733,0.6859103519766757,True,True,0.5655172413793104,25.8801998373014,5.273460987236941,1.4655477059582527,245.79658375520302
ST-MTM,23,36,0.19154730404797854,0.13143402307956129,0.3739889760061428,0.5371427498303036,True,False,0.32193732193732194,85.71186536553087,62.726188879773446,3.5208890008997002,590.5113048753047
ST-MTM,23,43,0.07352858887078248,,,,False,True,,84.36899098249235,93.19242164698625,0.8578815839755691,143.88092707621638
ST-MTM,23,41,0.436714554930723,0.03473813909408765,0.37398897600612546,0.1930320389380898,True,True,0.009615384615384616,102.15176818593272,49.74602159424597,0.01787253299949043,2.9975193140878416
ST-MTM,24,24,0.16770103555266488,0.004021788197872282,0.09446546625275909,0.6818885637788036,True,True,0.1951219512195122,19.933866177433735,-0.19025808888605011,0.31429098277742484,47.960309025405465
ST-MTM,24,44,0.1104414490366534,,,,False,False,,52.26651027233894,39.01353638794053,1.217877558262515,185.84619747344618
ST-MTM,24,45,0.11394474008700375,,,,False,False,,78.52123147563712,92.19460028607757,0.21607505065946953,32.972712454966256
ST-MTM,24,43,0.13012997795512363,0.05660138908434113,0.09446546625272667,0.05660138908434113,True,False,0.10204081632653061,84.29581082939178,99.91140818400662,0.11785911854153142,17.985115884527048
ST-MTM,24,36,0.26756011569634996,0.07601281164837144,0.09446546625276125,0.46112993818193215,True,True,0.24633431085043989,93.57813551214919,61.47092162858719,4.4786465045783075,683.4344036120278
ST-MTM,25,46,1.0763714364846382,,,,False,True,,17.848231814067276,147.01280419222385,0.1000749087510826,14.987596570439209
ST-MTM,25,47,0.7666481954602953,,,,False,True,,40.30408450835882,132.30186796359425,0.280209744503054,41.96527039722978
ST-MTM,25,48,0.05245669053869205,,,,False,False,,49.46205795351681,55.75686081815986,0.020014981750222205,2.9975193140878416
ST-MTM,25,49,0.07708004472153362,,,,False,False,,76.61845573307464,85.86806109965868,2.9021723537816797,434.640300542737
ST-MTM,25,43,0.1212141182351265,0.008915859719997124,0.018750549345396328,0.04768552936434401,True,False,0.125,87.0473845859735,101.59307877418868,0.6004494525065525,89.92557942263525
ST-MTM,25,36,0.3137916118116222,0.046231496115272226,0.0187505493453739,0.41489844206665993,True,True,0.5350877192982456,97.4442448946759,59.78925147728124,2.4418277735266543,365.6973563187167
ST-MTM,26,47,0.7684704692884528,0.0018222738281575464,0.427306850023236,0.0018222738281574872,True,True,0.20930232558139536,48.907429424754525,141.12388573936886,0.4960915023932557,113.90573393533798
ST-MTM,26,49,0.030784549928841425,0.10786459465037505,0.4273068500232131,0.10786459465037505,True,False,0.2367758186397985,81.26369905236876,77.5695530609078,4.5170436796861395,1037.1416826743932
ST-MTM,26,43,0.2067329914572337,0.0855188732221072,0.42730685002321167,0.13320440258645122,True,True,0.410958904109589,86.51326971512435,111.3212286899924,0.9530178861765535,218.81890992841244
ST-MTM,26,36,0.4197779133705677,0.1059863015589455,0.42730685002323066,0.30891214050771443,True,True,0.23770491803278687,99.91094142892193,49.537591824453806,0.37859614656328233,86.9280601085474
ST-MTM,27,47,0.7998299742735746,0.03135950498512183,0.7568629949461199,0.033181778813279314,True,True,0.44,49.617027689494506,145.59662460232346,0.9461468127362309,101.91565667898661
ST-MTM,27,50,0.21740457875893499,,,,False,False,,75.78649070141768,101.87504015248987,2.3931948792739206,257.7866610115544
ST-MTM,27,49,0.12679811603206753,0.09601356610322612,0.7568629949460528,0.20387816075360116,True,True,0.24043715846994534,88.31258812180128,73.09681419795318,3.005407522809122,323.7320859214869
ST-MTM,28,51,1.3033693389635521,,,,False,True,,18.7263936512742,175.13071432690046,0.01701005151426216,5.995038628175683
ST-MTM,28,52,1.0706157281671589,,,,False,True,,33.27878981070336,161.75267719076243,0.11907036059983511,41.96527039722978
ST-MTM,28,49,0.008027148553223996,0.13482526458529154,1.185379971249319,0.06905289616830963,True,True,0.17073170731707318,72.13355636506823,73.09681419145511,5.205075763363794,1834.481820221759
ST-MTM,28,53,0.10312581806447944,,,,False,True,,99.97392682965955,112.34902499739708,0.21262564392824856,74.93798285219604
ST-MTM,28,54,0.1153661592709561,,,,False,True,,98.80908764430636,84.96514853179163,0.7909673954131335,278.7692962101693
ST-MTM,29,51,1.2822268275590312,0.021142511404521138,0.39214933213243786,0.02114251140452102,True,True,0.18181818181818182,20.08355285423037,173.9507721613141,0.13847666937107306,32.972712454966256
ST-MTM,29,55,0.6010520164115133,,,,False,False,,48.0220907173514,120.148332686733,2.0267948880672577,482.6006095681425
ST-MTM,29,49,0.056388940499679664,0.048361791946455665,0.39214933213238745,0.02069110422185396,True,True,0.2016260162601626,79.65146410505595,86.41813696501751,1.5987760918294498,380.68495288915585
ST-MTM,29,54,0.20706026717641327,0.09169410790545716,0.39214933213238434,0.09169410790545716,True,True,0.45365853658536587,97.6710009580379,72.8237688968683,2.580701565551493,614.4914593880076
ST-MTM,30,51,1.1290552555565259,0.15317157200250528,0.24622535877328777,0.17431408340702628,True,True,0.4230769230769231,23.657610121743897,159.144240788527,0.41868903448045103,77.93550216628388
ST-MTM,30,55,0.8004672421753561,0.19941522576384282,0.24622535877343238,0.19941522576384282,True,True,0.29375,34.09943229550145,130.1555013565442,4.074166373982905,758.372386464224
ST-MTM,30,56,0.19207213720243133,,,,False,True,,73.85544232037604,50.80678585608428,0.14493081962784515,26.977673826790575
ST-MTM,30,57,0.12530550671263233,,,,False,False,,86.54000219114283,71.50334138562695,0.14493081962785936,26.977673826790575
ST-MTM,30,58,0.017878954686268145,,,,False,True,,97.16607517469338,95.0206006123412,0.49920615649594424,92.92309873672309
ST-MTM,30,54,0.1673717121673504,0.03968855500906289,0.2462253587734441,0.052005552896394275,True,True,0.2904761904761905,97.70773707037041,77.62313161028837,1.0628260106042546,197.83627472979754
ST-MTM,31,51,1.1542615246382275,0.025206269081701826,0.42722328863682857,0.1491078143253245,True,True,0.9615384615384616,23.39821462521508,161.9095975818024,0.2626137920041174,74.93798285219604
ST-MTM,31,55,0.8866840941636841,0.08621685198832792,0.4272232886368745,0.2856320777521708,True,True,0.46335078534031415,26.962748137496067,133.36483943713816,3.214392814130292,917.2409101108796
ST-MTM,31,56,0.23748822141820713,0.42956035862063846,0.42722328863683967,0.42956035862063846,True,True,0.10465116279069768,71.84497361813997,100.34356018832483,0.9033914444941331,257.7866610115544
ST-MTM,31,54,0.21168038057482655,0.044308668407476166,0.4272232886368863,0.09631422130387043,True,True,0.2631578947368421,92.64339518996805,67.24174952098886,1.8277919923486081,521.5683606512845
ST-MTM,31,58,0.4298812132071512,0.41200225852088307,0.4272232886369015,0.41200225852088307,True,True,0.3333333333333333,101.47625908038896,49.89051349553081,0.13655917184213706,38.96775108314194
ST-MTM,32,51,1.1384610218544335,0.015800502783793923,0.7217089030551163,0.1649083171091185,True,True,0.65625,21.360879162895,157.97620178542704,0.1429227484561011,83.93054079445956
ST-MTM,32,55,0.9069935041715086,0.020309410007824564,0.7217089000018091,0.30594148775999536,True,True,0.584375,28.193939428525052,137.0331599291061,1.0259811616924708,602.5013821316561
ST-MTM,32,56,0.03983261352560454,0.27732083494381166,0.7217089085959273,0.15223952367682678,True,True,0.6571428571428571,74.62937787892457,69.84946425585203,0.4491857783731632,263.78169963973005
ST-MTM,32,54,0.152731494408575,0.36441187498340155,0.721708890346466,0.2680976536795311,True,True,0.19141914191419143,79.67314373254332,98.00092306157232,4.639884999916404,2724.745056505848
ST-MTM,32,59,0.2630759319070954,,,,False,True,,101.42857608470351,69.85946425585206,0.08677452638112015,50.957828339493304
ST-MTM,33,51,1.240747476030033,0.1022864541755992,0.3835824063369848,0.06262186293351917,True,True,0.14285714285714285,19.16547456987767,168.0551716934816,0.02996339652804636,11.990077256351366
ST-MTM,33,55,0.7135989916608068,0.19339451251070186,0.38358240328458226,0.11254697524929351,True,False,0.24172185430463577,43.173611693977506,128.80549069327432,1.3034077489711535,521.5683606512845
ST-MTM,33,56,0.1169166580804923,0.07708404455488775,0.3835824118786957,0.07515547912193904,True,True,0.3651452282157676,84.24601188703294,70.21601291737386,1.8052946408163564,722.4021546951698
ST-MTM,33,54,0.08364448641428315,0.06908700799429184,0.38358239362922125,0.19901064568523927,True,True,0.47084708470847086,85.74573535811369,95.78307372782767,3.2060834285037174,1282.9382664295963
ST-MTM,34,60,1.2376177233139096,,,,False,True,,17.848231814067276,166.36235861173643,0.023987709696882575,5.995038628175683
ST-MTM,34,55,0.7612918238682511,0.04769283220744427,0.4707122627939251,0.16023980745673777,True,False,0.034482758620689655,43.3149250930683,134.66994395725843,0.07196312909059088,17.985115884527048
ST-MTM,34,61,0.6616789181580702,,,,False,False,,48.63555269496913,128.03702287393756,0.20389553242330294,50.957828339493304
ST-MTM,34,56,0.12415060023027209,0.007233942149779793,0.47071226279374984,0.06792153697215925,True,True,0.6314363143631436,83.36737564601056,68.46930361837791,4.329781600283098,1082.1044723857108
ST-MTM,34,54,0.038259062706072676,0.12190354912035582,0.47071226279374956,0.07710709656488343,True,True,0.3187066974595843,96.25641599209602,91.6653284673673,1.7151212433254273,428.64526191456133
ST-MTM,35,62,1.2716989878071456,,,,False,True,,19.294616016525747,171.89849455338322,0.10647654161095943,50.957828339493304
ST-MTM,35,61,0.8722483289696357,0.21056941081156536,0.649683072390375,0.2105694108115654,True,True,0.02373887240356083,32.75556446518979,137.42536394154607,2.054370920494307,983.1863350208121
ST-MTM,35,63,0.32503531261771135,,,,False,True,,69.29818415866164,108.302421672787,0.10647654161098785,50.957828339493304
ST-MTM,35,56,0.15928175860522475,0.035131158374952655,0.6496830723903881,0.032790378597206585,True,True,0.6224137931034482,82.49911189809468,63.38530086546771,3.6327290667277055,1738.561202170948
ST-MTM,35,54,0.08615105024108173,0.04789198753500905,0.6496830723903879,0.02921510902987438,True,True,0.4965034965034965,97.69911661699615,87.36099058806634,0.4446961443752855,212.82387130023676
ST-MTM,36,62,0.9777120425376788,0.29398694526946667,0.22240345013353413,0.2939869452694668,True,True,0.2328767123287671,23.863038918224326,141.1884840227458,0.5711056629862128,218.81890992841244
ST-MTM,36,64,1.312044199962552,,,,False,True,,17.848231814067276,175.2935358095735,0.007823365246395042,2.9975193140878416
ST-MTM,36,61,1.0854393094626589,0.21319098049302346,0.22240345013325924,0.42376039130458876,True,False,0.21646341463414634,30.117760581803555,160.37047771732264,0.5554589324934227,212.82387130023676
ST-MTM,36,56,0.05103599176199118,0.21031775036721592,0.22240345013327045,0.24310812896442252,True,True,0.7168508287292817,85.87862138061696,92.0029403920559,5.186891158354086,1987.355305240239
ST-MTM,36,54,0.2970293364712305,0.21087828623014873,0.22240345013318885,0.18166317720027436,True,True,0.04225352112676056,102.15176818593272,66.50824780938507,0.023470095739156704,8.992557942263524
ST-MTM,37,62,1.2166813974649533,0.23896935492727428,1.425268495551642,0.055017590342192335,True,True,0.5132743362831859,25.052743213193523,171.0545109089879,3.188643195139946,293.7568927806085
ST-MTM,37,64,1.18876777301073,0.12327642695182209,1.425268495550609,0.12327642695182206,True,True,0.07692307692307693,19.33435184626362,161.9864846075512,0.4229832809879781,38.96775108314194
ST-MTM,37,61,1.0715433706695927,0.013895938793066371,1.4252684955516748,0.4098644525115226,True,False,0.1267605633802817,26.044408961331968,154.6296134416831,0.2928345791455058,26.977673826790575
ST-MTM,37,65,0.14722488591277952,,,,False,True,,85.1739726665987,67.50698635706516,0.19522305276368002,17.985115884527048
ST-MTM,37,56,0.03542985376585494,0.08646584552784613,1.425268495551671,0.1566422834365764,True,False,0.08748114630467571,85.4364118363387,81.18482938443611,1.8871561767154788,173.8561202170948
ST-MTM,37,66,0.032648628199272875,,,,False,True,,101.6727708201835,97.75493543627076,0.35790893006671354,32.972712454966256
ST-MTM,38,62,1.2605392821473693,0.0438578846824161,0.626897795018726,0.011159705659776383,True,True,0.25510204081632654,21.290626215918447,172.55534007360276,0.43457186402872594,74.93798285219604
ST-MTM,38,64,1.0097096069045677,0.17905816610616213,0.626897795018805,0.3023345930579842,True,True,0.04377104377104377,35.228148578721616,156.39330140726975,5.1627137446611755,890.263236284089
ST-MTM,38,67,0.18550963486233746,,,,False,False,,82.17358638947502,104.43474257295551,0.27812599297837437,47.960309025405465
ST-MTM,38,56,0.016215276409984488,0.01921457735587045,0.6268977950188246,0.17585686079244683,True,False,0.07936507936507936,87.22301695341487,85.27718378421673,0.17382874561147332,29.975193140878417
ST-MTM,38,68,0.034632246856116565,,,,False,False,,91.40719982481264,95.56306944754662,0.29550886753952454,50.957828339493304
ST-MTM,39,69,1.3521167560180236,,,,False,True,,17.848231814067276,180.1022425362301,0.12201440797730356,5.995038628175683
ST-MTM,39,62,1.2212027392838478,0.03933654286352143,1.2555064544410763,0.05049624852329775,True,True,0.3870967741935484,19.409408413546263,165.953737127608,1.0981296717956184,53.95534765358115
ST-MTM,39,70,0.0012520498394074763,,,,False,False,,91.0184621820211,91.16870816275,3.599425035330171,176.85363953118267
ST-MTM,39,68,0.09085093034429216,0.056218683488175596,1.2555064544411358,0.056218683488175596,True,False,0.13513513513513514,91.26256140456678,102.16467304588184,1.5251800997161808,74.93798285219604
ST-MTM,40,69,1.241112892289761,0.11100386372826264,3.102774067380234,0.11100386372826256,True,True,0.4,19.25329075359836,168.18683782836968,0.013703562019031779,14.987596570439209
ST-MTM,40,70,0.34714804299390095,0.3458959931544935,3.1027740673789648,0.3458959931544935,True,True,0.02554112554112554,61.42634771134228,103.0841128706104,6.3310456528002135,6924.269615542914
ST-MTM,41,71,0.6731719488209733,,,,False,True,,54.731028976758395,135.5116628352752,0.9151080598297199,89.92557942263525
ST-MTM,41,72,0.006741529081056837,,,,False,False,,57.30697036589875,56.49798687617193,0.45755402991484573,44.962789711317626
ST-MTM,41,73,0.1644048900178106,,,,False,False,,65.72431419808964,85.45290100022692,1.647194507693456,161.86604296074344
ST-MTM,41,70,0.10887899827589381,0.23826904471800717,2.409626886819013,0.10762694843648633,True,False,0.047186147186147186,90.01863307736721,103.08411287047447,3.324892617381238,326.72960523557475
ST-MTM,42,74,0.00555093427544134,,,,False,False,,48.1272519609623,47.46113984790934,0.591860934218218,149.8759657043921
ST-MTM,42,72,0.01828897577757651,0.025030504858633347,0.9465960813694716,0.025030504858633347,True,False,0.03546099290780142,63.761771274276526,65.95644836758571,5.007143503486105,1267.950669859157
ST-MTM,42,70,0.037325352820194745,0.07155364545569907,0.9465960813694811,0.036073302980787265,True,False,0.3853211009174312,89.1466095492015,93.62565188762487,0.49716318474330023,125.89581119168935
ST-MTM,42,75,0.2257907213432464,,,,False,True,,92.45017074631328,119.54505730750284,0.24858159237166433,62.947905595844674
ST-MTM,43,76,0.10658186822269795,,,,False,True,,24.9046118864911,12.114787699767346,0.9559422150327705,338.7196824919261
ST-MTM,43,77,0.08570767673593901,,,,False,False,,45.510329686085626,35.225408477772945,0.03383866247904166,11.990077256351366
ST-MTM,43,72,0.11840693405373776,0.13669590983131427,0.3359390454595586,0.11166540497268092,True,True,0.259927797833935,77.7484490588949,63.539616972446375,2.3264080454337233,824.3178113741565
ST-MTM,43,70,0.031427185403518125,0.005898167416676614,0.3359390454595528,0.030175135564110653,True,True,0.0582010582010582,92.27122103434202,96.0424832827642,3.028560291873731,1073.1119144434472
ST-MTM,44,78,0.24447512212156344,,,,False,True,,22.1107701699481,-7.226244484639514,0.5297210882916641,266.7792189538179
ST-MTM,44,76,0.100292796860505,0.006289071362192944,0.3515953981954353,0.006289071362192944,True,True,0.05161290322580645,32.1043484478734,20.069212824612798,2.2379227999737736,1127.0672620970283
ST-MTM,44,72,0.18600310376927495,0.0675961697155372,0.3515953981954332,0.17926157468821813,True,True,0.2896551724137931,84.8901223757844,62.569749923471406,0.589240311695221,296.7544120946963
ST-MTM,44,70,0.0009486776794820647,0.032375863083000195,0.351595398195431,0.002200727518889541,True,True,0.7131474103585658,89.17176652841192,89.05792520687407,2.987865014858613,1504.7546956720964
ST-MTM,45,78,0.31182250598237216,0.0673473838608087,0.09231280026535305,0.06734738386080874,True,True,0.7606837606837606,23.672621435200433,-13.746079282684224,0.7637198128949123,350.70975974827746
ST-MTM,45,79,0.07606081008046366,,,,False,True,,22.239041000101924,13.111743790446285,0.03916511860999705,17.985115884527048
ST-MTM,45,76,0.1224286789654489,0.02213588210494389,0.09231280026535382,0.015846810742750947,True,True,0.21779859484777517,43.668629166387774,28.977187690533906,0.9399628466398937,431.6427812286492
ST-MTM,45,72,0.1813268592364258,0.004676244532849161,0.0923128002653461,0.17458533015536895,True,True,0.5098039215686274,84.55659828407747,62.79737517570637,0.35901358725828914,164.86356227483128
ST-MTM,45,70,0.008015779389626469,0.007067101710144404,0.09231280026534816,0.009267829229033945,True,True,0.7219730941704036,87.40405339370052,86.44215986694535,4.242887849416178,1948.387554157097
ST-MTM,46,78,0.330415142625618,0.01859263664324581,1.1427835069812464,0.08594002050405454,True,True,0.8111888111888111,24.725104792758184,-14.92471232231597,2.906304479046245,425.6477426004735
ST-MTM,46,79,0.10296495639098266,0.026904146310519,1.1427835069812071,0.026904146310519,True,True,0.2222222222222222,19.25329075359836,6.8974959866804415,0.10233466475514952,14.987596570439209
ST-MTM,46,80,0.13147744949080217,,,,False,False,,30.910889142520386,15.133595203624123,0.32747092721647775,47.960309025405465
ST-MTM,46,76,0.1917589430967774,0.06933026413132852,1.1427835069812433,0.08517707487407947,True,True,0.055865921787709494,58.51688223049496,35.50580905888167,0.9210119827963439,134.88836913395286
ST-MTM,46,81,0.06271766977769827,,,,False,True,,93.1192464318043,100.64536680512809,0.7163426532860342,104.91317599307446
ST-MTM,46,70,0.08897797374054808,0.08096219435092161,1.1427835069812422,0.09023002357995556,True,True,0.10307692307692308,97.98377618247297,87.3064193336072,1.3712845077189968,200.83379404388538
ST-MTM,47,78,0.1406973490774855,0.18971779354813248,0.4140304709670857,0.10377777304407794,True,True,0.035211267605633804,18.550761283832816,1.6670793945345572,0.067641249624939,14.987596570439209
ST-MTM,47,76,0.04873605599897113,0.14302288709780628,0.41403047096708656,0.057845812223726825,True,True,0.09146341463414634,34.33971832877124,28.491391608894705,4.234342226521171,938.2235453094944
ST-MTM,47,82,0.12940834565741485,,,,False,False,,25.57605598148827,10.047054502598488,0.06764124962493767,14.987596570439209
ST-MTM,47,83,0.008965373166709393,,,,False,False,,86.4442696638163,85.36842488381117,0.7169972460243628,158.8685236466556
ST-MTM,47,81,0.059433661822414406,0.003284007955283859,0.4140304709670358,0.003284007955283859,True,True,0.45714285714285713,91.06497499119523,98.19701440988496,0.21645199879981192,47.960309025405465
ST-MTM,47,70,0.163351608068218,0.07437363432766991,0.41403047096708934,0.16460365790762546,True,True,0.38461538461538464,99.77959075555565,80.17739778736949,1.0416752442240522,230.8089871847638
ST-MTM,48,78,0.18155560408467716,0.040858255007191674,0.5138062519041307,0.06291951803688628,True,True,0.02857142857142857,25.455622358099905,3.6689498679386454,1.4162386640221571,524.5658799653722
ST-MTM,48,76,0.0498632275587075,0.0011271715597363692,0.5138062519041273,0.056718640663990454,True,True,0.7685459940652819,34.54882194780475,28.565234640759847,2.2902602395329765,848.2979658868592
ST-MTM,48,81,0.09069466371760863,0.03126100189519422,0.5138062519041657,0.027976993939910363,True,True,0.1797752808988764,86.2067172991192,97.09007694523224,0.7202585205598382,266.7792189538179
ST-MTM,48,70,0.13802148461375754,0.025330123454460462,0.5138062519041231,0.139273534453165,True,True,0.32489451476793246,95.77119990040387,79.20862174675297,1.917991790704292,710.4120774388184
ST-MTM,49,78,0.16672822911028815,0.014827374974389011,0.35086097407331285,0.07774689301127528,True,True,0.2857142857142857,22.7308116289378,2.723424135703222,0.5747055448205858,149.8759657043921
ST-MTM,49,76,0.07030176940607348,0.020438541847365984,0.35086097407331235,0.036280098816624466,True,True,0.8996655518394648,35.078691440948546,26.64247911221973,3.27582160547734,854.2930045150348
ST-MTM,49,81,0.16038681154848505,0.06969214783087642,0.35086097407331707,0.09766914177078677,True,True,0.2782608695652174,81.67560437203444,100.92202175785265,2.3562927337644055,614.4914593880076
ST-MTM,49,84,0.10956019608122639,,,,False,True,,102.15176818593272,89.00454465618556,0.05747055448205174,14.987596570439209
ST-MTM,49,70,0.19922341633507076,0.06120193172131323,0.3508609740734774,0.20047546617447823,True,True,0.029535864978902954,102.15176818593272,78.24495822572423,0.08045877627489517,20.98263519861489
ST-MTM,50,76,0.07705551321570112,0.006753743809627633,0.009099243855114014,0.029526355006996838,True,True,0.7578947368421053,33.86655421497148,24.619892629087346,2.5054219934204056,647.4641718429738
ST-MTM,50,85,0.33933967204835674,,,,False,True,,88.10117879062182,128.82193943642463,0.03479752768640765,8.992557942263524
ST-MTM,50,86,0.2474474525658909,,,,False,True,,89.8575024650357,60.163808157128784,0.011599175895469216,2.9975193140878416
ST-MTM,50,81,0.10051033931229761,0.05987647223618744,0.009099243855115291,0.03779266953459934,True,True,0.20361990950226244,90.88336736354661,102.94460808102232,3.7929305178170125,980.1888157067242
ST-MTM,51,87,0.03533287578293181,,,,False,True,,29.210570687316146,24.97062559336433,1.6988672760991435,734.3922319515211
ST-MTM,51,76,0.07010962969774054,0.14716514291344165,0.5144752628535423,0.1766914979204385,True,True,0.4954128440366973,36.0157083544492,44.42886391817807,3.023290336241743,1306.918420942299
ST-MTM,51,85,0.22164730369712302,0.11769236835123374,0.5144752628539218,0.11769236835123374,True,True,0.020134228187919462,87.21712324980953,113.8147996934643,1.0331886699541712,446.63037779908836
ST-MTM,51,81,0.009129670622076346,0.10964000993437395,0.5144752628535423,0.07184734039977461,True,True,0.23723723723723725,99.23833714955212,98.14277667490296,0.5894029325241945,254.78914169746653
ST-MTM,52,87,0.02850183806803397,0.06383471385096579,0.639262092064963,0.06383471385096579,True,True,0.5669291338582677,25.42453001742119,28.844750585585267,0.5598308130722884,458.6204550554398
ST-MTM,52,76,0.1735834440255704,0.10347381432782989,0.6392620920649599,0.28016531224826835,True,True,0.7607223476297968,31.9754050905299,52.80541837359835,1.2587045731821433,1031.1466440462175
ST-MTM,52,88,0.18816238352792106,,,,False,False,,45.07124876748216,67.65073479083269,0.007318049844087682,5.995038628175683
ST-MTM,52,85,0.1798606016408749,0.04178670205624814,0.6392620920649643,0.15947907040748188,True,True,0.12064777327935222,79.98084827976898,101.56412047667396,4.518895778720747,3701.9363528984845
ST-MTM,53,89,0.08499147394731384,,,,False,True,,17.848231814067276,7.649254940389616,0.009723753585930694,5.995038628175683
ST-MTM,53,90,0.15450079034038594,,,,False,True,,18.600941960244644,37.141036801090955,0.06806627510151486,41.96527039722978
ST-MTM,53,76,0.17101912035916972,0.0025643236664006845,0.284227837583684,0.27760098858186766,True,True,0.7906976744186046,31.55659637576075,52.07889081886112,1.3224304876864608,815.3252534318929
ST-MTM,53,91,0.17695913853606335,,,,False,False,,45.949410604689085,67.18450722901669,0.004861876792972453,2.9975193140878416
ST-MTM,53,92,0.17680536418350148,,,,False,False,,47.705734279102955,68.92237798112313,0.004861876792972453,2.9975193140878416
ST-MTM,53,85,0.1495075617361972,0.030353039904677696,0.28422783758369424,0.18983211031215957,True,True,0.8159806295399515,84.34974063679984,102.2906480451435,4.9348049448594224,3042.482103799159
ST-MTM,54,89,0.13129682404420365,0.04630535009688982,1.0106436191379768,0.04630535009688982,True,True,1.0,17.848231814067276,2.0926129287628386,0.026714736298809605,5.995038628175683
ST-MTM,54,90,0.0847749393249102,0.06972585101547572,1.0106434999033764,0.06972585101547572,True,True,0.23728813559322035,22.075315911809103,32.24830863079833,0.7880846268479225,176.85363953118267
ST-MTM,54,76,0.26620555965497467,0.09518643929580493,1.0106435387817676,0.3727874278776726,True,True,0.5661764705882353,29.401192087971463,61.34585924656842,2.0570345297126593,461.6179743695276
ST-MTM,54,93,0.08084595126534655,,,,False,False,,32.7769830465851,42.47849719842669,0.05342946669406956,11.990077256351366
ST-MTM,54,94,0.05446153222612947,,,,False,False,,34.53330672099897,41.06869058813451,0.02671473159595905,5.995038628175683
ST-MTM,54,95,0.044172541381724294,,,,False,False,,37.167792232619774,42.46849719842669,0.013357367238363338,2.9975193140878416
ST-MTM,54,85,0.08292137666618776,0.06658618507000942,1.0106434967795188,0.25641829538216904,True,True,0.19310344827586207,93.5224840101137,103.47304921005623,2.6180438369433006,587.513785561217
ST-MTM,54,96,0.19047975650563356,,,,False,True,,99.74837789462956,122.60594867530558,0.7613699194881605,170.85860090300696
ST-MTM,55,89,0.22043845250609795,0.35173527655030157,0.4012633178385592,0.30542992645341177,True,True,0.2222222222222222,19.214261338611387,45.66687563934314,0.1795683740043188,26.977673826790575
ST-MTM,55,90,0.08215229653625784,0.0026226427886523553,0.4012634370731588,0.07234849380412808,True,True,0.29838709677419356,22.23904100010192,32.09731658445286,2.035108238715612,305.74697003695985
ST-MTM,55,76,0.1527054452389359,0.41891100489391053,0.40126339819485396,0.046123577016237934,True,True,0.7321428571428571,25.886297097698613,7.5616436690263065,2.733429693176852,410.6601460300343
ST-MTM,55,97,0.10920878123479269,,,,False,True,,91.70164232317026,104.80669607134539,0.39904083112071476,59.950386281756835
ST-MTM,55,85,0.12311129695270502,0.04018992028651726,0.4012634401970864,0.21622837509565176,True,True,0.20588235294117646,99.06063851896434,113.83399415328894,0.9976020778017585,149.8759657043921
ST-MTM,56,89,0.2655911075763455,0.045152655070247565,0.16734000317833714,0.35058258152365934,True,True,0.9,19.077658386156976,50.94859129531844,0.23586428307878293,29.975193140878417
ST-MTM,56,98,0.15537200817723693,,,,False,True,,19.81118180311806,38.45582278438649,0.4009692812339267,50.957828339493304
ST-MTM,56,90,0.06783275971688604,0.014319536819371799,0.16734000317833253,0.08666803062349988,True,True,0.22549019607843138,19.22274599404334,27.362677160069666,0.5424878510811979,68.94294422402035
ST-MTM,56,76,0.1710975080924471,0.018392062853511183,0.16734000317833797,0.06451563986974912,True,True,0.9090909090909091,25.557976178957546,5.026275207863898,3.2077542498714493,407.66262671594643
ST-MTM,56,99,0.10391964921015161,,,,False,False,,91.61382613944957,104.08418404466777,0.23586428307879714,29.975193140878417
ST-MTM,56,85,0.13657675840117445,0.013465461448469421,0.16734000317834413,0.20276291364718232,True,True,0.16037735849056603,99.43307537485377,115.8222863829947,1.7218092664751055,218.81890992841244
ST-MTM,57,89,0.054184040136020635,0.3197751477123661,1.083630735052512,0.030807433811293198,True,True,0.7,18.600941960244636,12.09885714392216,0.055865716356898076,20.98263519861489
ST-MTM,57,90,0.18866830344655963,0.12083554372967358,1.0836307350524932,0.0341675131061737,True,True,0.1417910447761194,26.2245447228103,48.864741136397456,1.0375061609138356,389.6775108314194
ST-MTM,57,76,0.11887551817578441,0.2899730262682315,1.0836307350524967,0.2254573863984824,True,True,0.41911764705882354,22.500948916461887,36.76601109755602,0.4549065474776057,170.85860090300696
ST-MTM,57,100,0.2329870995072826,,,,False,True,,101.42857608470351,129.38702802557742,0.1356738825810453,50.957828339493304
ST-MTM,57,85,0.11390732046535122,0.02266943793582321,1.0836307350524876,0.22543235158300554,True,True,0.125,87.76134218923669,101.43022064507883,4.660796907489868,1750.5512794272995
ST-MTM,58,90,0.06298805333104592,0.1256802501155137,1.0948458058726391,0.09151273700934001,True,True,0.3384615384615385,24.833610064576956,32.392176464302466,1.0495073889174726,131.89084981986502
ST-MTM,58,101,0.05313956331932855,,,,False,False,,37.167792232619774,43.5445398309392,0.023852440657208263,2.9975193140878416
ST-MTM,58,102,0.07902746315864514,,,,False,False,,46.09181522693886,55.57511080597628,2.6476209129508987,332.72464386375043
ST-MTM,58,103,0.059787835986130015,,,,False,False,,72.21443282660552,79.38897314494112,0.5247536944587239,65.94542490993251
ST-MTM,58,104,0.026795114004786194,,,,False,True,,101.77541311284405,104.99082679341839,0.33393416920100094,41.96527039722978
ST-MTM,58,85,0.1583549111662548,0.04444759070090356,1.0948458058726303,0.18098476088210197,True,True,0.1267123287671233,98.90019597789622,117.90278531784679,1.765080608633923,221.81642924250028
RA-MTM,0,0,0.008333333333333333,,,,False,True,,17.848231814067276,16.848231814067276,0.01248966380869934,2.9975193140878416
RA-MTM,0,1,0.008333333333333333,,,,False,True,,21.397469239445275,22.397469239445275,0.5995038628175683,143.88092707621638
RA-MTM,0,2,0.001609030210194303,,,,False,False,,53.99922744575264,54.192311070975954,0.14987596570439207,35.970231769054095
RA-MTM,0,3,0.008333333333333333,,,,False,True,,92.66762034409787,93.66762034409787,0.1873449571304901,44.962789711317626
RA-MTM,0,4,0.008333333333333333,,,,False,True,,87.01160762223552,86.01160762223552,5.395534765358114,1294.9283436859475
RA-MTM,1,5,0.016467136410622512,,,,False,False,,22.239041000101928,20.262984630827226,0.02497932761739868,5.995038628175683
RA-MTM,1,6,0.017972453638810126,,,,False,False,,26.62985018613658,24.473155749479364,0.01248966380869934,2.9975193140878416
RA-MTM,1,7,0.020747945683751347,,,,False,False,,57.58505494768094,55.095301465630776,0.09991731046959472,23.980154512702732
RA-MTM,1,4,0.020747945683751347,0.012414612350418016,1.6653345369377348e-16,0.012414612350418016,True,True,0.5572354211663066,84.40621410534985,81.91646062329968,3.6095128407141095,866.2830817713863
RA-MTM,1,8,0.020747945683751347,,,,False,False,,82.83220776738023,85.32196124943039,0.01248966380869934,2.9975193140878416
RA-MTM,1,3,0.020747945683751347,0.012414612350418016,2.220446049250313e-16,0.012414612350418016,True,True,0.21052631578947367,87.7045895738187,90.19434305586886,0.38717957806967956,92.92309873672309
RA-MTM,2,9,0.02630785871133187,,,,False,False,,54.856480667787956,51.69953762242813,0.3497105866435815,83.93054079445956
RA-MTM,2,10,0.028754982664244248,,,,False,True,,62.50017840710683,59.04958048739752,1.061621423739444,254.78914169746653
RA-MTM,2,11,0.0074568900693448605,,,,False,False,,69.26061573781855,68.36578892949717,0.13738630189569273,32.972712454966256
RA-MTM,2,3,0.03166939003981272,0.010921444356061372,2.220446049250313e-16,0.023336056706479386,True,True,0.17218543046357615,95.47533230031841,99.27565910509594,1.8234909160701036,437.6378198568249
RA-MTM,2,4,0.03130251015384218,0.010554564470090828,2.220446049250313e-16,0.022969176820508846,True,True,0.12418300653594772,99.94838030348633,96.19207908502527,0.6869315094784637,164.86356227483128
RA-MTM,3,10,0.005067418445246356,0.02368756421899789,0.0,0.02368756421899789,True,True,0.055994729907773384,46.5568348003855,45.94874458695594,18.959309661605598,4550.234318785344
RA-MTM,3,3,0.0053912298277672,0.026278160212045522,0.0,0.002942103505566133,True,True,0.2908366533864542,93.2826834954165,93.92963107474857,6.2698112319670685,1504.7546956720964
RA-MTM,4,10,0.008333333333333333,0.0032659148880869776,0.0,0.020421649330910913,True,True,0.29314888010540185,36.11005123319748,35.11005123319748,5.557900394871207,1333.8960947690896
RA-MTM,4,12,0.0005164010539943457,,,,False,False,,50.070016148506234,50.131984274985555,0.32473125902618283,77.93550216628388
RA-MTM,4,13,0.0036022836745876435,,,,False,False,,71.45792111403333,71.02564707308281,0.5245658799653723,125.89581119168935
RA-MTM,4,3,0.008333333333333333,0.002942103505566133,1.1102230246251565e-16,0.0,True,True,0.8992395437262357,93.63165474727727,94.63165474727727,6.207362912923572,1489.7670991016573
RA-MTM,5,10,0.008333333333333333,0.0,0.0,0.020421649330910913,True,False,0.41140529531568226,43.520301651769906,42.520301651769906,3.0974366245574365,743.3847898937847
RA-MTM,5,14,0.008333333333333333,,,,False,False,,75.80691306972479,74.80691306972479,0.01248966380869934,2.9975193140878416
RA-MTM,5,15,0.008333333333333333,,,,False,False,,95.12647348827727,96.12647348827727,0.13738630189569273,32.972712454966256
RA-MTM,5,3,0.008333333333333333,0.0,0.0,0.0,True,True,0.030181086519114688,101.68341520608904,102.68341520608904,0.1873449571304901,44.962789711317626
RA-MTM,6,16,0.008333333333333333,,,,False,True,,18.43367303887189,17.43367303887189,0.07493798285219604,17.985115884527048
RA-MTM,6,17,0.0048471096403037706,,,,False,True,,20.650875975365985,20.069222818529532,0.5870141990088689,140.88340776212854
RA-MTM,6,10,0.00606023510963342,0.014393568442966753,1.1102230246251565e-16,0.034815217773877666,True,True,0.23469387755102042,46.495494436229514,47.222722649385524,4.458809979705665,1070.1143951293595
RA-MTM,6,18,0.008333333333333333,,,,False,True,,89.27206124023104,90.27206124023104,0.11240697427829406,26.977673826790575
RA-MTM,6,19,0.008333333333333333,,,,False,False,,95.28985243473437,96.28985243473437,0.5370555437740716,128.8933305057772
RA-MTM,7,17,0.008333333333333333,0.0034862236930295627,2.220446049250313e-16,0.0034862236930295627,True,True,0.2315270935960591,26.474117052444704,25.474117052444704,2.535401753165966,608.4964207598318
RA-MTM,7,20,0.00245252234934951,,,,False,False,,52.97470530234455,52.68040262042261,0.01248966380869934,2.9975193140878416
RA-MTM,7,10,0.0014096081177449686,0.007469843227378388,8.881784197001252e-16,0.02734537454649928,True,False,0.0028011204481792717,54.73102897675841,54.56187600262901,0.01248966380869934,2.9975193140878416
RA-MTM,7,19,0.008333333333333333,0.0,0.0,0.0,True,False,0.5333333333333333,93.70790436663535,94.70790436663535,0.32473125902618283,77.93550216628388
RA-MTM,7,21,0.008333333333333333,,,,False,True,,101.39905803975535,102.39905803975535,0.08742764666089538,20.98263519861489
RA-MTM,8,17,0.11898722393316578,0.12732055726649913,0.0,0.12383433357346955,True,True,0.18226600985221675,25.205803963638857,39.48427083561875,0.46211756092187556,110.90821462125014
RA-MTM,8,22,0.10325925442046484,,,,False,True,,34.89490277161361,22.50379224115783,0.21232428474788875,50.957828339493304
RA-MTM,8,10,0.12298131331139507,0.1215717051936501,0.0,0.09422633064715083,True,True,0.025,53.5016024046687,38.74384480730129,0.4995865523479736,119.90077256351367
RA-MTM,8,23,0.0642243453817514,,,,False,True,,71.01693941223242,78.72386085804258,0.13738630189569273,32.972712454966256
RA-MTM,8,19,0.03605581488278394,0.027722481549450607,4.440892098500626e-16,0.027722481549450607,True,True,0.0912280701754386,93.24073649048547,97.56743427641955,3.559554185479312,854.2930045150348
RA-MTM,9,24,0.1271560956138518,,,,False,True,,19.28522391131498,34.543955384977195,0.27477260379138546,65.94542490993251
RA-MTM,9,17,0.1057743869432806,0.01321283698988518,2.220446049250313e-16,0.11062149658358437,True,True,0.43023255813953487,30.101652798350035,42.79457923154371,1.0741110875481432,257.7866610115544
RA-MTM,9,22,0.07466698121408229,0.028592273206382548,0.0,0.028592273206382548,True,True,0.16666666666666666,27.57688746155584,18.616849715865968,1.2739457084873327,305.74697003695985
RA-MTM,9,10,0.1438227622805184,0.020841448969123336,0.0,0.11506777961627417,True,True,0.125,51.21838162793068,33.95965015426847,0.0624483190434967,14.987596570439209
RA-MTM,9,25,0.03601774283468882,,,,False,True,,82.72964872069912,87.05177786086178,1.7110839417918096,410.6601460300343
RA-MTM,9,19,0.030402249432592753,0.005653565450191186,0.0,0.02206891609925942,True,True,0.2807017543859649,98.79279915861623,102.44106909052736,0.9991731046959472,239.80154512702734
RA-MTM,10,17,0.030618418219070846,0.07515596872420977,1.6653345369377348e-16,0.03546552785937462,True,True,0.6511627906976745,29.860231230147793,33.534441416436295,0.699421173287163,167.86108158891912
RA-MTM,10,24,0.013951751552404119,0.11320434406144768,0.0,0.11320434406144768,True,True,0.5,20.5625502199796,22.236760406268093,0.5495452075827709,131.89084981986502
RA-MTM,10,22,0.030618418219070815,0.04404856299501147,0.0,0.07264083620139401,True,True,0.7264957264957265,24.961342695443417,21.28713250915492,1.248966380869934,299.7519314087842
RA-MTM,10,25,0.021801074064233816,0.014216668770455005,0.0,0.014216668770455005,True,True,0.05660377358490566,75.46697945532209,78.08310834303015,0.38717957806967956,92.92309873672309
RA-MTM,10,19,0.030618418219070874,0.00021616878647812143,2.220446049250313e-16,0.022285084885737542,True,True,0.21739130434782608,92.80698080956769,96.4811909958562,4.596196281601356,1103.0871075843256
RA-MTM,11,17,0.1382186944822159,0.10760027626314507,0.0,0.14306580412251968,True,True,0.42857142857142855,23.9953646745158,40.58160801238171,0.29975193140878414,71.94046353810819
RA-MTM,11,24,0.13985899650577877,0.12590724495337466,0.0,0.012702900891926975,True,True,0.6027397260273972,22.53978135530977,39.322860936003224,0.9117454580350518,218.81890992841244
RA-MTM,11,22,0.05694993963072636,0.026331521411655543,0.0,0.04630931478973847,True,True,0.78,24.06291558507017,17.228922829383006,0.9741937770785485,233.80650649885163
RA-MTM,11,26,0.15652566317244537,,,,False,True,,57.365514488379205,38.58243490768576,0.04995865523479736,11.990077256351366
RA-MTM,11,27,0.03142574150313718,,,,False,False,,82.30199684680245,86.07308582717891,0.661952181861065,158.8685236466556
RA-MTM,11,19,0.0327155711164765,0.002097152897405626,0.0,0.02438223778314317,True,True,0.43107769423558895,97.51438153821915,101.44025007219633,2.535401753165966,608.4964207598318
RA-MTM,12,24,0.11689954548837787,0.022959451017400902,0.0,0.01025655012547393,True,True,0.6636363636363637,24.634027828848097,38.66197328745344,1.3738630189569274,329.72712454966256
RA-MTM,12,22,0.1661067227268403,0.22305666235756666,4.440892098500626e-16,0.2693659771473051,True,True,0.05128205128205128,17.848231814067276,37.78103854128811,0.04995865523479736,11.990077256351366
RA-MTM,12,26,0.16627875161816263,0.009753088445717258,0.0,0.009753088445717258,True,True,0.19047619047619047,57.15642833666326,37.202978142483744,0.26228293998268615,62.947905595844674
RA-MTM,12,28,0.08887261992611441,,,,False,False,,91.4674658332484,102.13218022438213,0.14987596570439207,35.970231769054095
RA-MTM,12,19,0.0033569647696368794,0.029358606346839622,2.220446049250313e-16,0.004976368563696454,True,True,0.47540983606557374,92.51461041274358,92.9174461851,5.333086446314619,1279.9407471155084
RA-MTM,13,22,0.008333333333333333,0.17444005606017363,0.0,0.0949259210871315,True,True,0.13333333333333333,20.365629080727143,19.365629080727143,0.3746899142609802,89.92557942263525
RA-MTM,13,24,0.008333333333333333,0.10856621215504454,1.6653345369377348e-16,0.11882276228051847,True,True,0.6090909090909091,23.667692347199768,24.667692347199768,0.8368074751828557,200.83379404388538
RA-MTM,13,29,0.008333333333333333,,,,False,True,,27.621042754865208,28.621042754865208,1.2614560446786331,302.749450722872
RA-MTM,13,28,0.005480728751311877,0.08339189117480253,4.440892098500626e-16,0.08339189117480253,True,True,0.12631578947368421,88.52639399600625,89.18408144616367,1.1865180618264373,284.76433483834495
RA-MTM,13,19,0.008333333333333333,0.004976368563696454,0.0,0.0,True,True,0.454337899543379,96.9162509469658,97.9162509469658,2.6228293998268613,629.4790559584467
RA-MTM,14,29,0.013551118094547418,0.005217784761214084,0.0,0.005217784761214084,True,True,0.4427860696517413,25.542602197213725,27.168736368559415,2.360546459844175,566.531150362602
RA-MTM,14,24,0.00311554857211922,0.011448881905452553,1.1796119636642288e-16,0.130271644185971,True,True,0.3684210526315789,22.726908687439114,22.353042858784807,0.7868488199480584,188.84371678753402
RA-MTM,14,22,0.013551118094547418,0.005217784761214084,2.220446049250313e-16,0.08970813632591741,True,True,0.4838709677419355,23.088875036108643,21.462740864762953,0.7743591561393591,185.84619747344618
RA-MTM,14,19,0.013551118094547359,0.005217784761214025,2.220446049250313e-16,0.005217784761214025,True,True,0.2713178294573643,95.26043037869871,96.8865645500444,1.4737803294265222,353.70727906236533
RA-MTM,14,28,0.013551118094547359,0.019031846845859235,2.220446049250313e-16,0.10242373802066176,True,True,0.05825242718446602,93.49560150489299,91.8694673335473,0.17485529332179076,41.96527039722978
RA-MTM,14,30,0.013551118094547359,,,,False,True,,102.15176818593272,103.7779023572784,0.02497932761739868,5.995038628175683
RA-MTM,15,29,0.052636560715945656,0.06618767881049308,0.0,0.06096989404927899,True,True,0.7673469387755102,27.21289206165922,20.89650477574574,3.047477969322639,731.3947126374334
RA-MTM,15,22,0.03596989404927893,0.04952101214382634,0.0,0.13922914846974377,True,True,0.03225806451612903,17.848231814067276,22.164619099980747,0.02497932761739868,5.995038628175683
RA-MTM,15,24,0.03677735356664966,0.03989290213876888,0.0,0.09037874204720214,True,False,0.015873015873015872,23.117202837308852,27.53048526530681,0.01248966380869934,2.9975193140878416
RA-MTM,15,31,0.03956175720058743,,,,False,False,,24.87352651172273,29.620937375793222,0.01248966380869934,2.9975193140878416
RA-MTM,15,19,0.014572499487918477,0.0010213813933711198,0.0,0.006239166154585144,True,True,0.097119341563786,79.26463013079304,81.01333006934325,15.174941527569699,3641.9859666167276
RA-MTM,16,29,0.08647106053716026,0.0338344998212146,0.0,0.0948043938704936,True,True,0.6619318181818182,32.37781857512745,22.00129131066822,4.258975358766475,1022.154086103954
RA-MTM,16,24,0.0629775546227928,0.026200201056143128,0.0,0.064178540991059,True,True,0.030303030303030304,21.307657233367298,28.864963788102433,0.4121589056870782,98.91813736489877
RA-MTM,16,22,0.07996176138700296,0.04399186733772404,0.0,0.1832210158074678,True,True,0.2857142857142857,18.600941960244636,28.196353326684992,0.08742764666089538,20.98263519861489
RA-MTM,16,32,0.07631369302065089,,,,False,True,,36.816527497737,27.658884335258893,0.0624483190434967,14.987596570439209
RA-MTM,16,33,0.006016393664308831,,,,False,False,,90.3258554448794,91.04782268459645,0.1873449571304901,44.962789711317626
RA-MTM,16,19,0.027858366175929086,0.013285866688010609,0.0,0.019525032842595755,True,True,0.22633744855967078,93.05720486824048,96.40020880935197,3.4346575473923187,824.3178113741565
RA-MTM,17,29,0.008333333333333333,0.0948043938704936,0.0,0.0,True,True,0.7084548104956269,30.20701554749382,31.20701554749382,3.059967633131338,734.3922319515211
RA-MTM,17,24,0.008333333333333333,0.07131088795612613,0.0,0.13548942894718513,True,True,0.12307692307692308,27.800732635745835,26.800732635745835,2.3230774684180773,557.5385924203385
RA-MTM,17,34,0.008333333333333333,,,,False,False,,82.98433029036099,83.98433029036099,1.586187303704816,380.68495288915585
RA-MTM,17,19,0.008333333333333333,0.019525032842595755,0.0,0.0,True,True,0.2727272727272727,99.50557384981589,100.50557384981589,0.9367247856524504,224.81394855658812
RA-MTM,18,29,0.02130464761330675,0.029637980946640084,0.0,0.029637980946640084,True,True,0.6032388663967612,25.292252685755162,22.735694972158353,1.8859392351136004,452.6254164272641
RA-MTM,18,35,0.02130464761330675,,,,False,True,,18.7263936512742,16.16983593767739,0.04995865523479736,11.990077256351366
RA-MTM,18,24,0.02130464761330675,0.029637980946640084,0.0,0.10585144800054505,True,True,0.3548387096774194,23.356701520183478,25.913259233780288,0.8243178113741564,197.83627472979754
RA-MTM,18,36,0.02130464761330669,,,,False,True,,82.30290474221438,79.74634702861758,0.9117454580350518,218.81890992841244
RA-MTM,18,37,0.02130464761330669,,,,False,True,,85.02761236039758,87.58417007399439,0.8992557942263525,215.8213906143246
RA-MTM,18,19,0.021304647613306808,0.012971314279973474,0.0,0.012971314279973474,True,True,0.6538461538461539,100.00515036164919,102.561708075246,0.6744418456697643,161.86604296074344
RA-MTM,19,29,0.008333333333333333,0.012971314279973415,0.0,0.016666666666666666,True,True,0.48344370860927155,21.505234533394756,20.505234533394756,0.9117454580350518,218.81890992841244
RA-MTM,19,24,0.008333333333333333,0.012971314279973415,0.0,0.11882276228051847,True,True,0.5303030303030303,22.414673367543312,23.414673367543312,0.43713823330447693,104.91317599307446
RA-MTM,19,38,0.008333333333333333,,,,False,False,,42.30825176748962,43.30825176748962,0.512076216156673,122.89829187760151
RA-MTM,19,39,0.006778330071279489,,,,False,False,,54.73102897675842,55.544428585311955,0.21232428474788875,50.957828339493304
RA-MTM,19,36,0.008333333333333333,0.02963798094664002,0.0,0.02963798094664002,True,True,0.2857142857142857,86.47555827337364,87.47555827337364,2.685277718870358,644.4666525288859
RA-MTM,19,19,0.008333333333333333,0.012971314279973474,0.0,0.0,True,True,0.39705882352941174,98.21295406316632,99.21295406316632,1.69859427798311,407.66262671594643
RA-MTM,20,29,0.008333333333333333,0.0,1.1102230246251565e-16,0.016666666666666666,True,True,0.48120300751879697,22.904744328307174,21.904744328307174,1.5487183122787183,371.69239494689236
RA-MTM,20,24,0.008027710969764417,0.0003056223635689174,0.0,0.11912838464408738,True,True,0.11784511784511785,29.060318301234563,30.023643617606293,3.709430151183704,890.263236284089
RA-MTM,20,40,0.008333333333333333,,,,False,True,,56.838617386055034,55.838617386055034,0.3746899142609802,89.92557942263525
RA-MTM,20,36,0.0036546043395757027,0.011987937672909036,0.0,0.017650043273730986,True,False,0.22325581395348837,87.62550779546812,87.18695527471904,0.5995038628175683,143.88092707621638
RA-MTM,20,41,0.008333333333333333,,,,False,False,,88.589046477959,89.589046477959,0.22481394855658812,53.95534765358115
RA-MTM,20,19,0.008333333333333333,0.0,0.0,0.0,True,True,0.09558823529411764,101.47625908038896,102.47625908038896,0.16236562951309141,38.96775108314194
RA-MTM,21,24,0.016345664934289565,0.008317953964525148,0.0,0.11081043067956224,True,True,0.8552188552188552,28.434576481498887,30.396056273613635,3.172374607409632,761.3699057783117
RA-MTM,21,29,0.016345664934289565,0.008012331600956232,0.0,0.024678998267622897,True,True,0.4301675977653631,28.652283508188898,26.69080371607415,1.6486356227483128,395.6725494595951
RA-MTM,21,36,0.0139163577716842,0.010261753432108497,2.220446049250313e-16,0.00738828984162249,True,True,0.26717557251908397,82.96616465780157,81.29620172519947,1.4737803294265222,353.70727906236533
RA-MTM,21,41,0.016345664934289534,0.008012331600956202,0.0,0.008012331600956202,True,True,0.050359712230215826,92.31250964496455,94.2739894370793,3.422167883583619,821.3202920600686
RA-MTM,22,24,0.008333333333333333,0.024678998267622897,0.0,0.13548942894718513,True,True,0.5287356321839081,27.938008509148304,26.938008509148304,1.811001252261404,434.640300542737
RA-MTM,22,36,0.008333333333333333,0.005583024438350866,2.220446049250313e-16,0.012971314279973356,True,False,0.23397435897435898,82.87167571511976,81.87167571511976,3.3347402369227237,800.3376568614538
RA-MTM,22,41,0.008333333333333333,0.008012331600956202,0.0,0.0,True,True,0.3695652173913043,95.85264577673692,96.85264577673692,1.2989250361047313,311.74200866513553
RA-MTM,23,42,0.008333333333333333,,,,False,True,,21.100683062981833,20.100683062981833,0.33722092283488214,80.93302148037172
RA-MTM,23,24,0.008333333333333333,0.016666666666666666,2.220446049250313e-16,0.11882276228051847,True,True,0.5655172413793104,25.8801998373014,26.8801998373014,1.024152432313346,245.79658375520302
RA-MTM,23,36,0.008333333333333333,0.016666666666666666,1.6653345369377348e-16,0.02963798094664002,True,False,0.32193732193732194,85.71186536553087,86.71186536553087,2.46046377031377,590.5113048753047
RA-MTM,23,43,0.008333333333333333,,,,False,True,,84.36899098249235,83.36899098249235,0.5995038628175683,143.88092707621638
RA-MTM,23,41,0.008333333333333333,0.0,0.0,0.0,True,True,0.009615384615384616,102.15176818593272,103.15176818593272,0.01248966380869934,2.9975193140878416
RA-MTM,24,24,0.008333333333333333,0.016666666666666666,2.220446049250313e-16,0.13548942894718513,True,True,0.1951219512195122,19.933866177433735,18.933866177433735,0.19983462093918944,47.960309025405465
RA-MTM,24,44,0.008333333333333333,,,,False,False,,52.26651027233894,51.26651027233894,0.7743591561393591,185.84619747344618
RA-MTM,24,45,0.003960930884782362,,,,False,False,,78.52123147563712,78.996543181811,0.13738630189569273,32.972712454966256
RA-MTM,24,43,0.0037508341147634164,0.01208416744809675,0.0,0.01208416744809675,True,False,0.10204081632653061,84.29581082939178,84.7459109231634,0.07493798285219604,17.985115884527048
RA-MTM,24,36,0.008333333333333333,0.0,0.0,0.02963798094664002,True,True,0.24633431085043989,93.57813551214919,94.57813551214919,2.8476433483834493,683.4344036120278
RA-MTM,25,46,0.008333333333333333,,,,False,True,,17.848231814067276,16.848231814067276,0.0624483190434967,14.987596570439209
RA-MTM,25,47,0.008333333333333333,,,,False,True,,40.30408450835882,39.30408450835882,0.17485529332179076,41.96527039722978
RA-MTM,25,48,0.008333333333333333,,,,False,False,,49.46205795351681,50.46205795351681,0.01248966380869934,2.9975193140878416
RA-MTM,25,49,0.006144003885437736,,,,False,False,,76.61845573307464,75.88117526682211,1.811001252261404,434.640300542737
RA-MTM,25,43,0.001733102952917894,0.005483937067681311,2.220446049250313e-16,0.006600230380415439,True,False,0.125,87.0473845859735,86.83941223162336,0.3746899142609802,89.92557942263525
RA-MTM,25,36,0.008333333333333333,0.0,2.220446049250313e-16,0.02963798094664002,True,True,0.5350877192982456,97.4442448946759,98.4442448946759,1.5237389846613194,365.6973563187167
RA-MTM,26,47,0.008333333333333333,0.0,2.220446049250313e-16,0.0,True,True,0.20930232558139536,48.907429424754525,47.907429424754525,0.4746072247305749,113.90573393533798
RA-MTM,26,49,0.008333333333333333,0.0021893294478955976,0.0,0.0021893294478955976,True,False,0.2367758186397985,81.26369905236876,80.26369905236876,4.321423677809972,1037.1416826743932
RA-MTM,26,43,0.008333333333333333,0.006600230380415439,0.0,0.0,True,True,0.410958904109589,86.51326971512435,85.51326971512435,0.9117454580350518,218.81890992841244
RA-MTM,26,36,0.008333333333333333,0.0,0.0,0.02963798094664002,True,True,0.23770491803278687,99.91094142892193,100.91094142892193,0.3622002504522808,86.9280601085474
RA-MTM,27,47,0.008333333333333333,0.0,0.0,0.0,True,True,0.44,49.617027689494506,48.617027689494506,0.4246485694957775,101.91565667898661
RA-MTM,27,50,0.0018055455325812393,,,,False,False,,75.78649070141768,76.00315616532743,1.0741110875481432,257.7866610115544
RA-MTM,27,49,0.008333333333333333,0.016666666666666666,2.220446049250313e-16,0.014477337218771069,True,True,0.24043715846994534,88.31258812180128,89.31258812180128,1.3488836913395286,323.7320859214869
RA-MTM,28,51,0.008333333333333333,,,,False,True,,18.7263936512742,17.7263936512742,0.02497932761739868,5.995038628175683
RA-MTM,28,52,0.008333333333333333,,,,False,True,,33.27878981070336,32.27878981070336,0.17485529332179076,41.96527039722978
RA-MTM,28,49,0.008333333333333333,0.0,0.0,0.014477337218771069,True,True,0.17073170731707318,72.13355636506823,73.13355636506823,7.643674250923996,1834.481820221759
RA-MTM,28,53,0.008333333333333333,,,,False,True,,99.97392682965955,100.97392682965955,0.3122415952174835,74.93798285219604
RA-MTM,28,54,0.007399752578460787,,,,False,True,,98.80908764430636,97.92111733489106,1.1615387342090386,278.7692962101693
RA-MTM,29,51,0.008333333333333333,0.0,0.0,0.0,True,True,0.18181818181818182,20.08355285423037,19.08355285423037,0.13738630189569273,32.972712454966256
RA-MTM,29,55,0.008333333333333333,,,,False,False,,48.0220907173514,49.0220907173514,2.0108358732005938,482.6006095681425
RA-MTM,29,49,0.008333333333333333,0.0,0.0,0.014477337218771069,True,True,0.2016260162601626,79.65146410505595,80.65146410505595,1.586187303704816,380.68495288915585
RA-MTM,29,54,0.008333333333333333,0.01573308591179412,0.0,0.01573308591179412,True,True,0.45365853658536587,97.6710009580379,98.6710009580379,2.560381080783365,614.4914593880076
RA-MTM,30,51,0.01393556767932497,0.0056022343459916375,0.0,0.0056022343459916375,True,True,0.4230769230769231,23.657610121743897,21.9853420002249,0.32473125902618283,77.93550216628388
RA-MTM,30,55,0.003403048789406604,0.004930284543926729,0.0,0.004930284543926729,True,True,0.29375,34.09943229550145,34.50779815023024,3.1598849436009333,758.372386464224
RA-MTM,30,56,0.01393556767932497,,,,False,True,,73.85544232037604,72.18317419885705,0.11240697427829406,26.977673826790575
RA-MTM,30,57,0.006298151114787131,,,,False,False,,86.54000219114283,85.78422405736838,0.11240697427829406,26.977673826790575
RA-MTM,30,58,0.01393556767932497,,,,False,True,,97.16607517469338,98.83834329621237,0.38717957806967956,92.92309873672309
RA-MTM,30,54,0.0027310989873416958,0.0056022343459916375,0.0,0.010130851565802483,True,True,0.2904761904761905,97.70773707037041,98.03546894885142,0.8243178113741564,197.83627472979754
RA-MTM,31,51,0.008333333333333333,0.0056022343459916375,0.0,0.0,True,True,0.9615384615384616,23.39821462521508,22.39821462521508,0.3122415952174835,74.93798285219604
RA-MTM,31,55,0.008333333333333333,0.004930284543926729,0.0,0.0,True,True,0.46335078534031415,26.962748137496067,27.962748137496067,3.821837125461998,917.2409101108796
RA-MTM,31,56,0.008333333333333333,0.0056022343459916375,0.0,0.0056022343459916375,True,True,0.10465116279069768,71.84497361813997,70.84497361813997,1.0741110875481432,257.7866610115544
RA-MTM,31,54,0.008333333333333333,0.0056022343459916375,2.220446049250313e-16,0.01573308591179412,True,True,0.2631578947368421,92.64339518996805,93.64339518996805,2.1732015027136855,521.5683606512845
RA-MTM,31,58,0.008333333333333333,0.0056022343459916375,2.220446049250313e-16,0.0056022343459916375,True,True,0.3333333333333333,101.47625908038896,102.47625908038896,0.16236562951309141,38.96775108314194
RA-MTM,32,51,0.008333333333333333,0.0,0.0,0.0,True,True,0.65625,21.360879162895,20.360879162895,0.3497105866435815,83.93054079445956
RA-MTM,32,55,0.007097783116604954,0.0012355502167283798,1.6653345369377348e-16,0.0012355502167283798,True,True,0.584375,28.193939428525052,29.045673402517647,2.510422425548567,602.5013821316561
RA-MTM,32,56,0.008333333333333333,0.0,0.0,0.0056022343459916375,True,True,0.6571428571428571,74.62937787892457,73.62937787892457,1.0990904151655418,263.78169963973005
RA-MTM,32,54,0.008333333333333333,0.0,0.0,0.01573308591179412,True,True,0.19141914191419143,79.67314373254332,80.67314373254332,11.3531044021077,2724.745056505848
RA-MTM,32,59,0.008333333333333333,,,,False,True,,101.42857608470351,102.42857608470351,0.21232428474788875,50.957828339493304
RA-MTM,33,51,0.02536924892952387,0.01703591559619054,2.220446049250313e-16,0.01703591559619054,True,True,0.14285714285714285,19.16547456987767,16.121164698334805,0.04995865523479736,11.990077256351366
RA-MTM,33,55,0.007811929953286286,0.0007141468366813323,0.0,0.0005214033800470475,True,False,0.24172185430463577,43.173611693977506,44.11104328837186,2.1732015027136855,521.5683606512845
RA-MTM,33,56,0.02536924892952387,0.0337025822628572,0.0,0.039304816608848846,True,True,0.3651452282157676,84.24601188703294,87.2903217585758,3.0100089778965406,722.4021546951698
RA-MTM,33,54,0.02405708124470003,0.032390414578033364,0.0,0.016657328666239243,True,True,0.47084708470847086,85.74573535811369,82.85888560874969,5.345576110123318,1282.9382664295963
RA-MTM,34,60,0.008333333333333333,,,,False,True,,17.848231814067276,16.848231814067276,0.02497932761739868,5.995038628175683
RA-MTM,34,55,0.007534401916378108,0.015346331869664394,0.0,0.015867735249711443,True,False,0.034482758620689655,43.3149250930683,42.410796863102924,0.07493798285219604,17.985115884527048
RA-MTM,34,61,0.0034162130211832084,,,,False,False,,48.63555269496913,48.22560713242714,0.21232428474788875,50.957828339493304
RA-MTM,34,56,0.006010154732983371,0.019359094196540503,1.6653345369377348e-16,0.019945722412308343,True,True,0.6314363143631436,83.36737564601056,84.08859421396856,4.508768634940462,1082.1044723857108
RA-MTM,34,54,0.008333333333333333,0.032390414578033364,0.0,0.01573308591179412,True,True,0.3187066974595843,96.25641599209602,97.25641599209602,1.7860219246440054,428.64526191456133
RA-MTM,35,62,0.008333333333333333,,,,False,True,,19.294616016525747,18.294616016525747,0.21232428474788875,50.957828339493304
RA-MTM,35,61,0.008315308576141689,0.011731521597324898,0.0,0.011731521597324898,True,True,0.02373887240356083,32.75556446518979,33.753401494326795,4.096609729253384,983.1863350208121
RA-MTM,35,63,0.008333333333333333,,,,False,True,,69.29818415866164,68.29818415866164,0.21232428474788875,50.957828339493304
RA-MTM,35,56,0.008333333333333333,0.002323178600349962,1.1102230246251565e-16,0.022268901012658306,True,True,0.6224137931034482,82.49911189809468,83.49911189809468,7.244005009045616,1738.561202170948
RA-MTM,35,54,0.008333333333333333,0.0,0.0,0.01573308591179412,True,True,0.4965034965034965,97.69911661699615,98.69911661699615,0.8867661304176532,212.82387130023676
RA-MTM,36,62,0.03835145650288503,0.04668478983621836,0.0,0.04668478983621836,True,True,0.2328767123287671,23.863038918224326,28.46521369857053,0.9117454580350518,218.81890992841244
RA-MTM,36,64,0.03835145650288503,,,,False,True,,17.848231814067276,13.246057033721073,0.01248966380869934,2.9975193140878416
RA-MTM,36,61,0.03835145650288503,0.046666765079026715,0.0,0.03493524348170182,True,False,0.21646341463414634,30.117760581803555,25.515585801457352,0.8867661304176532,212.82387130023676
RA-MTM,36,56,0.004676369926734362,0.013009703260067696,1.942890293094024e-16,0.009259197752590608,True,True,0.7168508287292817,85.87862138061696,85.31745698940884,8.280647105167663,1987.355305240239
RA-MTM,36,54,0.03675223828438258,0.028418904951049248,0.0,0.04415199086284337,True,True,0.04225352112676056,102.15176818593272,106.56203678005863,0.03746899142609802,8.992557942263524
RA-MTM,37,62,0.0356874147400888,0.07403887124297383,0.0,0.02735408140675547,True,True,0.5132743362831859,25.052743213193523,20.770253444382867,1.2239870532525354,293.7568927806085
RA-MTM,37,64,0.019020748073422133,0.057372204576307165,0.0,0.057372204576307165,True,True,0.07692307692307693,19.33435184626362,21.616841615074275,0.16236562951309141,38.96775108314194
RA-MTM,37,61,0.00349425490952416,0.03485720159336087,0.0,7.804188834095171e-05,True,False,0.1267605633802817,26.044408961331968,25.62509837218907,0.11240697427829406,26.977673826790575
RA-MTM,37,65,0.027582772778772836,,,,False,True,,85.1739726665987,88.48390540005144,0.07493798285219604,17.985115884527048
RA-MTM,37,56,0.0025205787664331087,0.007196948693167471,0.0,0.01645614644575808,True,False,0.08748114630467571,85.4364118363387,85.73888128831068,0.7244005009045617,173.8561202170948
RA-MTM,37,66,0.03568741474008874,,,,False,True,,101.6727708201835,105.95526058899415,0.13738630189569273,32.972712454966256
RA-MTM,38,62,0.027758486880140036,0.007928927859948764,0.0,0.0194251535468067,True,True,0.25510204081632654,21.290626215918447,17.959607790301643,0.3122415952174835,74.93798285219604
RA-MTM,38,64,0.013206659659638713,0.03222740773306085,0.0,0.025144796843246317,True,True,0.04377104377104377,35.228148578721616,33.64334941956497,3.709430151183704,890.263236284089
RA-MTM,38,67,0.003063364063459891,,,,False,False,,82.17358638947502,81.80598270185983,0.19983462093918944,47.960309025405465
RA-MTM,38,56,0.028202033758777036,0.025681454992343925,0.0,0.042137601438102,True,False,0.07936507936507936,87.22301695341487,90.60726100446811,0.1248966380869934,29.975193140878417
RA-MTM,38,68,0.011535367092110367,,,,False,False,,91.40719982481264,90.02295577375939,0.21232428474788875,50.957828339493304
RA-MTM,39,69,0.01049243215598743,,,,False,True,,17.848231814067276,16.589139955348784,0.02497932761739868,5.995038628175683
RA-MTM,39,62,0.01049243215598743,0.03825091903612746,0.0,0.018825765489320762,True,True,0.3870967741935484,19.409408413546263,20.668500272264755,0.22481394855658812,53.95534765358115
RA-MTM,39,70,0.01049243215598743,,,,False,False,,91.0184621820211,92.27755404073959,0.7368901647132611,176.85363953118267
RA-MTM,39,68,0.01049243215598743,0.0010429349361229375,1.6653345369377348e-16,0.0010429349361229375,True,False,0.13513513513513514,91.26256140456678,90.00346954584829,0.3122415952174835,74.93798285219604
RA-MTM,40,69,0.008333333333333333,0.0021590988226540967,0.0,0.0021590988226540967,True,True,0.4,19.25329075359836,18.25329075359836,0.0624483190434967,14.987596570439209
RA-MTM,40,70,0.008333333333333333,0.0021590988226540967,4.440892098500626e-16,0.0021590988226540967,True,True,0.02554112554112554,61.42634771134228,62.42634771134228,28.851123398095474,6924.269615542914
RA-MTM,41,71,0.008333333333333333,,,,False,True,,54.731028976758395,53.731028976758395,0.3746899142609802,89.92557942263525
RA-MTM,41,72,0.008333333333333333,,,,False,False,,57.30697036589875,58.30697036589875,0.1873449571304901,44.962789711317626
RA-MTM,41,73,0.008333333333333333,,,,False,False,,65.72431419808964,66.72431419808964,0.6744418456697643,161.86604296074344
RA-MTM,41,70,0.008333333333333333,0.0,0.0,0.0021590988226540967,True,False,0.047186147186147186,90.01863307736721,91.01863307736721,1.361373355148228,326.72960523557475
RA-MTM,42,74,0.008333333333333333,,,,False,False,,48.1272519609623,47.1272519609623,0.624483190434967,149.8759657043921
RA-MTM,42,72,0.008333333333333333,0.016666666666666666,0.0,0.016666666666666666,True,False,0.03546099290780142,63.761771274276526,62.761771274276526,5.283127791079821,1267.950669859157
RA-MTM,42,70,0.008333333333333333,0.016666666666666666,1.1102230246251565e-16,0.018825765489320762,True,False,0.3853211009174312,89.1466095492015,88.1466095492015,0.5245658799653723,125.89581119168935
RA-MTM,42,75,0.008333333333333333,,,,False,True,,92.45017074631328,93.45017074631328,0.26228293998268615,62.947905595844674
RA-MTM,43,76,0.008333333333333333,,,,False,True,,24.9046118864911,23.9046118864911,1.4113320103830254,338.7196824919261
RA-MTM,43,77,0.007988305199743806,,,,False,False,,45.510329686085626,44.55173306211637,0.04995865523479736,11.990077256351366
RA-MTM,43,72,0.008333333333333333,0.0,0.0,0.016666666666666666,True,True,0.259927797833935,77.7484490588949,76.7484490588949,3.4346575473923187,824.3178113741565
RA-MTM,43,70,0.008333333333333333,0.016666666666666666,0.0,0.0021590988226540967,True,True,0.0582010582010582,92.27122103434202,93.27122103434202,4.471299643514363,1073.1119144434472
RA-MTM,44,78,0.008333333333333333,,,,False,True,,22.1107701699481,21.1107701699481,1.1115800789742414,266.7792189538179
RA-MTM,44,76,0.008333333333333333,0.016666666666666666,0.0,0.016666666666666666,True,True,0.05161290322580645,32.1043484478734,33.1043484478734,4.696113592070951,1127.0672620970283
RA-MTM,44,72,0.008333333333333333,0.0,2.220446049250313e-16,0.016666666666666666,True,True,0.2896551724137931,84.8901223757844,83.8901223757844,1.2364767170612345,296.7544120946963
RA-MTM,44,70,0.008333333333333333,0.0,1.6653345369377348e-16,0.0021590988226540967,True,True,0.7131474103585658,89.17176652841192,90.17176652841192,6.2698112319670685,1504.7546956720964
RA-MTM,45,78,0.01799015665506672,0.009656823321733388,0.0,0.009656823321733388,True,True,0.7606837606837606,23.672621435200433,21.513802636592427,1.4612906656178228,350.70975974827746
RA-MTM,45,79,0.01799015665506672,,,,False,True,,22.239041000101924,24.39785979870993,0.07493798285219604,17.985115884527048
RA-MTM,45,76,0.01047906068218231,0.0021457273488489767,0.0,0.018812394015515644,True,True,0.21779859484777517,43.668629166387774,44.92611644824965,1.798511588452705,431.6427812286492
RA-MTM,45,72,0.01418706978424827,0.005853736450914937,0.0,0.022520403117581602,True,True,0.5098039215686274,84.55659828407747,82.85414990996767,0.6869315094784637,164.86356227483128
RA-MTM,45,70,0.01799015665506675,0.009656823321733418,1.6653345369377348e-16,0.00749772449907932,True,True,0.7219730941704036,87.40405339370052,89.56287219230853,8.11828147565457,1948.387554157097
RA-MTM,46,78,0.03512837160053971,0.017138214945472983,1.942890293094024e-16,0.026795038267206372,True,True,0.8111888111888111,24.725104792758184,20.50970020069342,1.7735322608353064,425.6477426004735
RA-MTM,46,79,0.01846170493387301,0.00047154827880628857,1.3877787807814457e-16,0.00047154827880628857,True,True,0.2222222222222222,19.25329075359836,21.46869534566312,0.0624483190434967,14.987596570439209
RA-MTM,46,80,0.002126133791801177,,,,False,False,,30.910889142520386,31.166025197536527,0.19983462093918944,47.960309025405465
RA-MTM,46,76,0.015710216905824657,0.02618927758800697,2.220446049250313e-16,0.007376883572491325,True,True,0.055865921787709494,58.51688223049496,56.631656201796,0.5620348713914702,134.88836913395286
RA-MTM,46,81,0.03512837160053976,,,,False,True,,93.1192464318043,97.33465102386907,0.43713823330447693,104.91317599307446
RA-MTM,46,70,0.035128371600539644,0.017138214945472897,0.0,0.024635939444552217,True,True,0.10307692307692308,97.98377618247297,102.19918077453772,0.8368074751828557,200.83379404388538
RA-MTM,47,78,0.008333333333333333,0.026795038267206372,0.0,0.0,True,True,0.035211267605633804,18.550761283832816,17.550761283832816,0.0624483190434967,14.987596570439209
RA-MTM,47,76,0.004802977982218337,0.020513194888042995,0.0,0.013136311315551671,True,True,0.09146341463414634,34.33971832877124,34.91607568663744,3.9092647721228935,938.2235453094944
RA-MTM,47,82,0.008333333333333333,,,,False,False,,25.57605598148827,24.57605598148827,0.0624483190434967,14.987596570439209
RA-MTM,47,83,0.0004248614238891927,,,,False,False,,86.4442696638163,86.495253034683,0.661952181861065,158.8685236466556
RA-MTM,47,81,0.008333333333333333,0.02679503826720643,0.0,0.02679503826720643,True,True,0.45714285714285713,91.06497499119523,92.06497499119523,0.19983462093918944,47.960309025405465
RA-MTM,47,70,0.008333333333333333,0.026795038267206313,1.942890293094024e-16,0.0021590988226540967,True,True,0.38461538461538464,99.77959075555565,100.77959075555565,0.9617041132698492,230.8089871847638
RA-MTM,48,78,0.008333333333333333,0.0,0.0,0.0,True,True,0.02857142857142857,25.455622358099905,24.455622358099905,2.185691166522384,524.5658799653722
RA-MTM,48,76,0.008333333333333333,0.0035303553511149962,0.0,0.016666666666666666,True,True,0.7685459940652819,34.54882194780475,35.54882194780475,3.534574857861913,848.2979658868592
RA-MTM,48,81,0.006384569579742442,0.0019487637535908911,2.220446049250313e-16,0.028743802020797325,True,True,0.1797752808988764,86.2067172991192,86.9728656486883,1.1115800789742414,266.7792189538179
RA-MTM,48,70,0.008333333333333333,0.0,0.0,0.0021590988226540967,True,True,0.32489451476793246,95.77119990040387,96.77119990040387,2.9600503226617434,710.4120774388184
RA-MTM,49,78,0.010572787464275398,0.0022394541309420646,0.0,0.0022394541309420646,True,True,0.2857142857142857,22.7308116289378,21.462077133224753,0.624483190434967,149.8759657043921
RA-MTM,49,76,0.0026944213873489886,0.005638911945984345,2.203098814490545e-16,0.011027754720682322,True,True,0.8996655518394648,35.078691440948546,35.402022007430425,3.559554185479312,854.2930045150348
RA-MTM,49,81,0.0021596016022087383,0.008544171181951181,0.0,0.0372879732027485,True,True,0.2782608695652174,81.67560437203444,81.4164521797694,2.560381080783365,614.4914593880076
RA-MTM,49,84,0.001537864221877546,,,,False,True,,102.15176818593272,102.33631189255803,0.0624483190434967,14.987596570439209
RA-MTM,49,70,0.010572787464275398,0.0022394541309420646,0.0,8.035530828796785e-05,True,True,0.029535864978902954,102.15176818593272,103.42050268164577,0.08742764666089538,20.98263519861489
RA-MTM,50,76,0.017786722242594047,0.020481143629943036,1.1102230246251565e-16,0.009453388909260714,True,True,0.7578947368421053,33.86655421497148,31.732147545860194,2.697767382679057,647.4641718429738
RA-MTM,50,85,0.017786722242594047,,,,False,True,,88.10117879062182,90.2355854597331,0.03746899142609802,8.992557942263524
RA-MTM,50,86,0.017786722242594047,,,,False,True,,89.8575024650357,87.72309579592441,0.01248966380869934,2.9975193140878416
RA-MTM,50,81,0.017786722242594047,0.019946323844802785,1.1102230246251565e-16,0.01734164935794572,True,True,0.20361990950226244,90.88336736354661,93.0177740326579,4.084120065444684,980.1888157067242
RA-MTM,51,87,0.008333333333333333,,,,False,True,,29.210570687316146,28.210570687316146,3.059967633131338,734.3922319515211
RA-MTM,51,76,0.008333333333333333,0.026120055575927382,0.0,0.016666666666666666,True,True,0.4954128440366973,36.0157083544492,37.0157083544492,5.445493420592912,1306.918420942299
RA-MTM,51,85,0.005282581063801572,0.012504141178792475,4.440892098500626e-16,0.012504141178792475,True,True,0.020134228187919462,87.21712324980953,87.85103297746572,1.8609599074962015,446.63037779908836
RA-MTM,51,81,0.008333333333333333,0.009453388909260714,2.220446049250313e-16,0.02679503826720643,True,True,0.23723723723723725,99.23833714955212,100.23833714955212,1.061621423739444,254.78914169746653
RA-MTM,52,87,0.008333333333333333,0.0,0.0,0.0,True,True,0.5669291338582677,25.42453001742119,24.42453001742119,1.910918562730999,458.6204550554398
RA-MTM,52,76,0.008333333333333363,2.960594732333751e-17,0.0,0.016666666666666698,True,True,0.7607223476297968,31.9754050905299,32.975405090529904,4.296444350192573,1031.1466440462175
RA-MTM,52,88,0.008333333333333333,,,,False,False,,45.07124876748216,46.07124876748216,0.02497932761739868,5.995038628175683
RA-MTM,52,85,0.008333333333333333,0.003050752269531761,0.0,0.009453388909260714,True,True,0.12064777327935222,79.98084827976898,80.98084827976898,15.424734803743686,3701.9363528984845
RA-MTM,53,89,0.008333333333333333,,,,False,True,,17.848231814067276,16.848231814067276,0.02497932761739868,5.995038628175683
RA-MTM,53,90,0.008333333333333333,,,,False,True,,18.600941960244644,19.600941960244644,0.17485529332179076,41.96527039722978
RA-MTM,53,76,0.008333333333333304,5.921189464667501e-17,0.0,0.01666666666666664,True,True,0.7906976744186046,31.55659637576075,32.55659637576075,3.39718855596622,815.3252534318929
RA-MTM,53,91,0.008333333333333333,,,,False,False,,45.949410604689085,46.949410604689085,0.01248966380869934,2.9975193140878416
RA-MTM,53,92,0.008333333333333333,,,,False,False,,47.705734279102955,48.705734279102955,0.01248966380869934,2.9975193140878416
RA-MTM,53,85,0.008333333333333333,0.0,0.0,0.009453388909260714,True,True,0.8159806295399515,84.34974063679984,85.34974063679984,12.67700876582983,3042.482103799159
RA-MTM,54,89,0.043712294891564994,0.035378961558231656,0.0,0.035378961558231656,True,True,1.0,17.848231814067276,12.602756427079477,0.02497932761739868,5.995038628175683
RA-MTM,54,90,0.03535737335115634,0.027024040017823006,0.0,0.027024040017823006,True,True,0.23728813559322035,22.075315911809103,26.318200713947864,0.7368901647132611,176.85363953118267
RA-MTM,54,76,0.03540054976530701,0.04373388309864031,2.220446049250313e-16,0.027067216431973674,True,True,0.5661764705882353,29.401192087971463,25.153126116134622,1.9234082265396983,461.6179743695276
RA-MTM,54,93,0.04193201748249672,,,,False,False,,32.7769830465851,37.80882514448471,0.04995865523479736,11.990077256351366
RA-MTM,54,94,0.013634017214833349,,,,False,False,,34.53330672099897,36.169388786778974,0.02497932761739868,5.995038628175683
RA-MTM,54,95,0.001045173600867185,,,,False,False,,37.167792232619774,37.29321306472384,0.01248966380869934,2.9975193140878416
RA-MTM,54,85,0.003226855222777066,0.0051064781105562675,0.0,0.014559867019816982,True,True,0.19310344827586207,93.5224840101137,93.90970663684695,2.447974106505071,587.513785561217
RA-MTM,54,96,0.041302652987144604,,,,False,True,,99.74837789462956,104.70469625308691,0.7119108370958623,170.85860090300696
RA-MTM,55,89,0.008333333333333333,0.035378961558231656,0.0,0.0,True,True,0.2222222222222222,19.214261338611387,18.214261338611387,0.11240697427829406,26.977673826790575
RA-MTM,55,90,0.004514077445531109,0.03987145079668745,1.1102230246251565e-16,0.012847410778864444,True,True,0.29838709677419356,22.23904100010192,21.697351706638187,1.2739457084873327,305.74697003695985
RA-MTM,55,76,0.008333333333333333,0.04373388309864034,0.0,0.016666666666666666,True,True,0.7321428571428571,25.886297097698613,26.886297097698613,1.7110839417918096,410.6601460300343
RA-MTM,55,97,0.008333333333333333,,,,False,True,,91.70164232317026,92.70164232317026,0.2497932761739868,59.950386281756835
RA-MTM,55,85,0.008333333333333333,0.0051064781105562675,0.0,0.009453388909260714,True,True,0.20588235294117646,99.06063851896434,100.06063851896434,0.624483190434967,149.8759657043921
RA-MTM,56,89,0.010991850338948842,0.002658517005615509,0.0,0.002658517005615509,True,True,0.9,19.077658386156976,17.758636345483115,0.1248966380869934,29.975193140878417
RA-MTM,56,98,0.010991850338948842,,,,False,True,,19.81118180311806,18.4921597624442,0.21232428474788875,50.957828339493304
RA-MTM,56,90,0.010991850338948842,0.015505927784479952,0.0,0.002658517005615509,True,True,0.22549019607843138,19.22274599404334,20.5417680347172,0.2872622676000848,68.94294422402035
RA-MTM,56,76,0.010991850338948842,0.002658517005615509,0.0,0.019325183672282177,True,True,0.9090909090909091,25.557976178957546,26.876998219631407,1.69859427798311,407.66262671594643
RA-MTM,56,99,0.005087668526108402,,,,False,False,,91.61382613944957,92.22434636258258,0.1248966380869934,29.975193140878417
RA-MTM,56,85,0.010991850338948813,0.0026585170056154794,0.0,0.006794871903645235,True,True,0.16037735849056603,99.43307537485377,100.75209741552763,0.9117454580350518,218.81890992841244
RA-MTM,57,89,0.008333333333333333,0.002658517005615509,0.0,0.0,True,True,0.7,18.600941960244636,17.600941960244636,0.08742764666089538,20.98263519861489
RA-MTM,57,90,0.008333333333333333,0.002658517005615509,0.0,0.0,True,True,0.1417910447761194,26.2245447228103,27.2245447228103,1.6236562951309141,389.6775108314194
RA-MTM,57,76,0.008333333333333333,0.002658517005615509,0.0,0.016666666666666666,True,True,0.41911764705882354,22.500948916461887,23.500948916461887,0.7119108370958623,170.85860090300696
RA-MTM,57,100,0.008333333333333333,,,,False,True,,101.42857608470351,102.42857608470351,0.21232428474788875,50.957828339493304
RA-MTM,57,85,0.0045492818535410135,0.015541132192489825,0.0,0.02233600409613506,True,True,0.125,87.76134218923669,87.21542836681176,7.293963664280414,1750.5512794272995
RA-MTM,58,90,0.00555348809084378,0.013886821424177112,2.220446049250313e-16,0.013886821424177112,True,True,0.3384615384615385,24.833610064576956,24.167191493675702,0.5495452075827709,131.89084981986502
RA-MTM,58,101,0.008211668597971074,,,,False,False,,37.167792232619774,36.182392000863246,0.01248966380869934,2.9975193140878416
RA-MTM,58,102,0.001496294889203694,,,,False,False,,46.09181522693886,46.271370613643306,1.3863526827656267,332.72464386375043
RA-MTM,58,103,0.005718561334306334,,,,False,False,,72.21443282660552,71.52820546648876,0.27477260379138546,65.94542490993251
RA-MTM,58,104,0.008333333333333333,,,,False,True,,101.77541311284405,102.77541311284405,0.17485529332179076,41.96527039722978
RA-MTM,58,85,0.0004769938366286179,0.004072288016912395,0.0,0.018263716079222666,True,True,0.1267123287671233,98.90019597789622,98.84295671750078,0.9242351218437511,221.81642924250028
